ts_utc,league,event_id,event_slug,event_title,event_start,market_id,market_slug,market_question,condition_id,clob_token_ids_raw,token_ids_parsed,token_id,outcome,book_found,best_bid,best_bid_size,best_ask,best_ask_size,mid,spread,book_hash,tick_size,min_order_size,last_trade_price,liquidity,volume
2026-03-20T00:40:01Z,EPL,251246,epl-bou-mun-2026-03-20,AFC Bournemouth vs. Manchester United FC,2026-03-07T05:13:23.64899Z,1520597,epl-bou-mun-2026-03-20-bou,Will AFC Bournemouth win on 2026-03-20?,0x8bbd423936e6514cd1a66cf53e2379bf8d53b974a121557a672ca7adf0e82869,"[""58206139529666709446170935349036911353681231083630030802859175769000049741130"", ""47608094560025294630137639414293236946437904989875890424548332790785085274909""]",58206139529666709446170935349036911353681231083630030802859175769000049741130|47608094560025294630137639414293236946437904989875890424548332790785085274909,58206139529666709446170935349036911353681231083630030802859175769000049741130,Yes,True,0.28,38772.38,0.29,391.01,0.28500000000000003,0.009999999999999953,084424a4bad1f82e9812f615396f75d550c97421,0.01,5,0.710,245686.7056,14970.764498000002
2026-03-20T00:40:01Z,EPL,251246,epl-bou-mun-2026-03-20,AFC Bournemouth vs. Manchester United FC,2026-03-07T05:13:23.64899Z,1520597,epl-bou-mun-2026-03-20-bou,Will AFC Bournemouth win on 2026-03-20?,0x8bbd423936e6514cd1a66cf53e2379bf8d53b974a121557a672ca7adf0e82869,"[""58206139529666709446170935349036911353681231083630030802859175769000049741130"", ""47608094560025294630137639414293236946437904989875890424548332790785085274909""]",58206139529666709446170935349036911353681231083630030802859175769000049741130|47608094560025294630137639414293236946437904989875890424548332790785085274909,47608094560025294630137639414293236946437904989875890424548332790785085274909,No,True,0.71,391.01,0.72,38772.38,0.715,0.010000000000000009,f48c8904e28d57810d84b402efe24fee889b0072,0.01,5,0.710,245686.7056,14970.764498000002
2026-03-20T00:40:01Z,EPL,251246,epl-bou-mun-2026-03-20,AFC Bournemouth vs. Manchester United FC,2026-03-07T05:13:23.64899Z,1520604,epl-bou-mun-2026-03-20-draw,Will AFC Bournemouth vs. Manchester United FC end in a draw?,0xc415a380af8cbb7c8d24067cf6c4fd2bbf8bef770f671574bc3a04b40d16f9ab,"[""55188213476520233230864899737260496833336309617008847802520304676111086492676"", ""27632745735048026739435779140247331216073598388453182713087416915901393181083""]",55188213476520233230864899737260496833336309617008847802520304676111086492676|27632745735048026739435779140247331216073598388453182713087416915901393181083,55188213476520233230864899737260496833336309617008847802520304676111086492676,Yes,True,0.25,3175.75,0.26,69411.56,0.255,0.010000000000000009,042b0b446f98bf2bb47c5d45b2c49c2dde9fa50e,0.01,5,0.250,224506.6952,8686.796706
2026-03-20T00:40:01Z,EPL,251246,epl-bou-mun-2026-03-20,AFC Bournemouth vs. Manchester United FC,2026-03-07T05:13:23.64899Z,1520604,epl-bou-mun-2026-03-20-draw,Will AFC Bournemouth vs. Manchester United FC end in a draw?,0xc415a380af8cbb7c8d24067cf6c4fd2bbf8bef770f671574bc3a04b40d16f9ab,"[""55188213476520233230864899737260496833336309617008847802520304676111086492676"", ""27632745735048026739435779140247331216073598388453182713087416915901393181083""]",55188213476520233230864899737260496833336309617008847802520304676111086492676|27632745735048026739435779140247331216073598388453182713087416915901393181083,27632745735048026739435779140247331216073598388453182713087416915901393181083,No,True,0.74,69411.56,0.75,3175.75,0.745,0.010000000000000009,6028d651c821ccbe1570a715e4b8882dd4ebeee2,0.01,5,0.250,224506.6952,8686.796706
2026-03-20T00:40:01Z,EPL,251246,epl-bou-mun-2026-03-20,AFC Bournemouth vs. Manchester United FC,2026-03-07T05:13:23.64899Z,1520611,epl-bou-mun-2026-03-20-mun,Will Manchester United FC win on 2026-03-20?,0x0629d2ccc609b22b09f2a559967040379d2bb708663e181bc499eda9bec7c7bf,"[""46176690668105177227089990838594026351799238651232950832331852562296667074978"", ""17302722489436708270196331160675858429400195634505670995989224419752199965007""]",46176690668105177227089990838594026351799238651232950832331852562296667074978|17302722489436708270196331160675858429400195634505670995989224419752199965007,46176690668105177227089990838594026351799238651232950832331852562296667074978,Yes,True,0.46,19673.57,0.47,83112.46,0.46499999999999997,0.009999999999999953,0cc50eb3c6a90e34cb976f458e8fb4ef13c5a663,0.01,5,0.530,295352.4633,265254.9578349997
2026-03-20T00:40:01Z,EPL,251246,epl-bou-mun-2026-03-20,AFC Bournemouth vs. Manchester United FC,2026-03-07T05:13:23.64899Z,1520611,epl-bou-mun-2026-03-20-mun,Will Manchester United FC win on 2026-03-20?,0x0629d2ccc609b22b09f2a559967040379d2bb708663e181bc499eda9bec7c7bf,"[""46176690668105177227089990838594026351799238651232950832331852562296667074978"", ""17302722489436708270196331160675858429400195634505670995989224419752199965007""]",46176690668105177227089990838594026351799238651232950832331852562296667074978|17302722489436708270196331160675858429400195634505670995989224419752199965007,17302722489436708270196331160675858429400195634505670995989224419752199965007,No,True,0.53,83112.46,0.54,19673.57,0.535,0.010000000000000009,2165737f1f5f35a160b18dc26cd3965fb0949a19,0.01,5,0.530,295352.4633,265254.9578349997
2026-03-20T00:40:01Z,EPL,251344,epl-bou-mun-2026-03-20-more-markets,AFC Bournemouth vs. Manchester United FC - More Markets,2026-03-07T06:07:17.683147Z,1521073,epl-bou-mun-2026-03-20-spread-home-1pt5,Spread: AFC Bournemouth (-1.5),0xb8e3d0fc602db1139d1f70d7b2c3e1745f402b5976ad0652b26a6b29f0f4dbc3,"[""34564590839721476505295191523710761896200103384643841963412410131258849042127"", ""103617621886049258226150277959264221984363627922080016903899511295206569729311""]",34564590839721476505295191523710761896200103384643841963412410131258849042127|103617621886049258226150277959264221984363627922080016903899511295206569729311,34564590839721476505295191523710761896200103384643841963412410131258849042127,AFC Bournemouth,True,0.12,159.0,0.14,352.0,0.13,0.020000000000000018,1e18cd8769420d29521c0dc2c50e2d4844733412,0.01,5,0.870,4629.0036,1527.2190490000003
2026-03-20T00:40:01Z,EPL,251344,epl-bou-mun-2026-03-20-more-markets,AFC Bournemouth vs. Manchester United FC - More Markets,2026-03-07T06:07:17.683147Z,1521073,epl-bou-mun-2026-03-20-spread-home-1pt5,Spread: AFC Bournemouth (-1.5),0xb8e3d0fc602db1139d1f70d7b2c3e1745f402b5976ad0652b26a6b29f0f4dbc3,"[""34564590839721476505295191523710761896200103384643841963412410131258849042127"", ""103617621886049258226150277959264221984363627922080016903899511295206569729311""]",34564590839721476505295191523710761896200103384643841963412410131258849042127|103617621886049258226150277959264221984363627922080016903899511295206569729311,103617621886049258226150277959264221984363627922080016903899511295206569729311,Manchester United FC,True,0.86,352.0,0.88,159.0,0.87,0.020000000000000018,2c6a917d1590dd4930c6c118ea7d12e9fcc53e7b,0.01,5,0.870,4629.0036,1527.2190490000003
2026-03-20T00:40:01Z,EPL,251344,epl-bou-mun-2026-03-20-more-markets,AFC Bournemouth vs. Manchester United FC - More Markets,2026-03-07T06:07:17.683147Z,1521075,epl-bou-mun-2026-03-20-spread-away-1pt5,Spread: Manchester United FC (-1.5),0xb2039aba7a32112ede665e4318cd3a58f2d6a514a7780801c948b968a48793bf,"[""61915106945511277325633906033562190235727405137914813880878891892499891505835"", ""61084048609330996523361629312776505804714546134806142879106798226550336057854""]",61915106945511277325633906033562190235727405137914813880878891892499891505835|61084048609330996523361629312776505804714546134806142879106798226550336057854,61915106945511277325633906033562190235727405137914813880878891892499891505835,Manchester United FC,True,0.24,1267.98,0.25,10.0,0.245,0.010000000000000009,fbbcda670ce1576bc96345efa3bfedf18c9c8712,0.01,5,0.740,5524.0958,2440.6292759999997
2026-03-20T00:40:01Z,EPL,251344,epl-bou-mun-2026-03-20-more-markets,AFC Bournemouth vs. Manchester United FC - More Markets,2026-03-07T06:07:17.683147Z,1521075,epl-bou-mun-2026-03-20-spread-away-1pt5,Spread: Manchester United FC (-1.5),0xb2039aba7a32112ede665e4318cd3a58f2d6a514a7780801c948b968a48793bf,"[""61915106945511277325633906033562190235727405137914813880878891892499891505835"", ""61084048609330996523361629312776505804714546134806142879106798226550336057854""]",61915106945511277325633906033562190235727405137914813880878891892499891505835|61084048609330996523361629312776505804714546134806142879106798226550336057854,61084048609330996523361629312776505804714546134806142879106798226550336057854,AFC Bournemouth,True,0.75,10.0,0.76,1267.98,0.755,0.010000000000000009,bc1a43cbef35b9306653033b9c43ff7559471567,0.01,5,0.740,5524.0958,2440.6292759999997
2026-03-20T00:40:01Z,EPL,251344,epl-bou-mun-2026-03-20-more-markets,AFC Bournemouth vs. Manchester United FC - More Markets,2026-03-07T06:07:17.683147Z,1521093,epl-bou-mun-2026-03-20-btts,AFC Bournemouth vs. Manchester United FC: Both Teams to Score,0x81a3d849b4c777bf532333b209de85605f27b80d8581b6b1260187a57b758c02,"[""79022137376896835055135852256488469040137881974170706221246880630606261866734"", ""50300277916397437285887189269472633907365101782157172995531032243038291302399""]",79022137376896835055135852256488469040137881974170706221246880630606261866734|50300277916397437285887189269472633907365101782157172995531032243038291302399,79022137376896835055135852256488469040137881974170706221246880630606261866734,Yes,True,0.63,2008.99,0.65,1017.63,0.64,0.020000000000000018,96d2c32b9ba87d7825ea1f984644225920cb4da3,0.01,5,0.640,11932.8109,1422.0736420000003
2026-03-20T00:40:01Z,EPL,251344,epl-bou-mun-2026-03-20-more-markets,AFC Bournemouth vs. Manchester United FC - More Markets,2026-03-07T06:07:17.683147Z,1521093,epl-bou-mun-2026-03-20-btts,AFC Bournemouth vs. Manchester United FC: Both Teams to Score,0x81a3d849b4c777bf532333b209de85605f27b80d8581b6b1260187a57b758c02,"[""79022137376896835055135852256488469040137881974170706221246880630606261866734"", ""50300277916397437285887189269472633907365101782157172995531032243038291302399""]",79022137376896835055135852256488469040137881974170706221246880630606261866734|50300277916397437285887189269472633907365101782157172995531032243038291302399,50300277916397437285887189269472633907365101782157172995531032243038291302399,No,True,0.35,1017.63,0.37,2008.99,0.36,0.020000000000000018,95c0dc91adc0a954c60f5accfee011cdecaebfd2,0.01,5,0.640,11932.8109,1422.0736420000003
2026-03-20T00:40:01Z,EPL,251344,epl-bou-mun-2026-03-20-more-markets,AFC Bournemouth vs. Manchester United FC - More Markets,2026-03-07T06:07:17.683147Z,1521077,epl-bou-mun-2026-03-20-spread-home-2pt5,Spread: AFC Bournemouth (-2.5),0xbf329a46a40067b56dd14f51dda41e5ed7c6a1516ae5523f04863397be0fb5ca,"[""103219380022162040094134787720217951339536079765379859735395207047057920816436"", ""91576168655810204823845880585785224395689252645022508528472374997733926977916""]",103219380022162040094134787720217951339536079765379859735395207047057920816436|91576168655810204823845880585785224395689252645022508528472374997733926977916,103219380022162040094134787720217951339536079765379859735395207047057920816436,AFC Bournemouth,True,0.03,95.0,0.05,183.45,0.04,0.020000000000000004,a7a7594582019f92ad202e020a7ada50cff931f3,0.001,5,0.099,900.47244,235.389279
2026-03-20T00:40:01Z,EPL,251344,epl-bou-mun-2026-03-20-more-markets,AFC Bournemouth vs. Manchester United FC - More Markets,2026-03-07T06:07:17.683147Z,1521077,epl-bou-mun-2026-03-20-spread-home-2pt5,Spread: AFC Bournemouth (-2.5),0xbf329a46a40067b56dd14f51dda41e5ed7c6a1516ae5523f04863397be0fb5ca,"[""103219380022162040094134787720217951339536079765379859735395207047057920816436"", ""91576168655810204823845880585785224395689252645022508528472374997733926977916""]",103219380022162040094134787720217951339536079765379859735395207047057920816436|91576168655810204823845880585785224395689252645022508528472374997733926977916,91576168655810204823845880585785224395689252645022508528472374997733926977916,Manchester United FC,True,0.95,183.45,0.97,95.0,0.96,0.020000000000000018,14f1a7a6247b79729e5dcd654fe020a8b88f91a4,0.001,5,0.099,900.47244,235.389279
2026-03-20T00:40:01Z,EPL,251344,epl-bou-mun-2026-03-20-more-markets,AFC Bournemouth vs. Manchester United FC - More Markets,2026-03-07T06:07:17.683147Z,1521079,epl-bou-mun-2026-03-20-spread-away-2pt5,Spread: Manchester United FC (-2.5),0x3f1524f03aa4082be16206cb20cb277d67cd4d2483c2e3e9a3a7a1016d04ccd5,"[""13634955794864163027170544301412374073897503436356294482543514436730333739396"", ""25850731932699226878388032989180048834449536366380288968486866621048838779138""]",13634955794864163027170544301412374073897503436356294482543514436730333739396|25850731932699226878388032989180048834449536366380288968486866621048838779138,13634955794864163027170544301412374073897503436356294482543514436730333739396,Manchester United FC,True,0.1,509.7,0.14,692.0,0.12000000000000001,0.04000000000000001,7b7697f5838363a39721e3a31dcf3c5cb3914d61,0.01,5,0.870,3654.4813,1653.0824610000002
2026-03-20T00:40:01Z,EPL,251344,epl-bou-mun-2026-03-20-more-markets,AFC Bournemouth vs. Manchester United FC - More Markets,2026-03-07T06:07:17.683147Z,1521079,epl-bou-mun-2026-03-20-spread-away-2pt5,Spread: Manchester United FC (-2.5),0x3f1524f03aa4082be16206cb20cb277d67cd4d2483c2e3e9a3a7a1016d04ccd5,"[""13634955794864163027170544301412374073897503436356294482543514436730333739396"", ""25850731932699226878388032989180048834449536366380288968486866621048838779138""]",13634955794864163027170544301412374073897503436356294482543514436730333739396|25850731932699226878388032989180048834449536366380288968486866621048838779138,25850731932699226878388032989180048834449536366380288968486866621048838779138,AFC Bournemouth,True,0.86,692.0,0.9,509.7,0.88,0.040000000000000036,095c4241056954789dc592fe0bc682e690cfbe1a,0.01,5,0.870,3654.4813,1653.0824610000002
2026-03-20T00:40:01Z,EPL,251344,epl-bou-mun-2026-03-20-more-markets,AFC Bournemouth vs. Manchester United FC - More Markets,2026-03-07T06:07:17.683147Z,1521081,epl-bou-mun-2026-03-20-total-1pt5,AFC Bournemouth vs. Manchester United FC: O/U 1.5,0x29d148f60deb87f412b78b9dc3db6b1b3bae638018a29c6610bfb700a136d3fa,"[""80498611058306768875251719342674767159134753561611564676725035283332246382643"", ""8666688782663242992402693828140624141328695774314779177285895104030627589908""]",80498611058306768875251719342674767159134753561611564676725035283332246382643|8666688782663242992402693828140624141328695774314779177285895104030627589908,80498611058306768875251719342674767159134753561611564676725035283332246382643,Over,True,0.83,1605.0,0.85,82.73,0.84,0.020000000000000018,b010345d921a48390213891987418111d55c35e8,0.01,5,0.160,6074.0685,1387.9187460000005
2026-03-20T00:40:01Z,EPL,251344,epl-bou-mun-2026-03-20-more-markets,AFC Bournemouth vs. Manchester United FC - More Markets,2026-03-07T06:07:17.683147Z,1521081,epl-bou-mun-2026-03-20-total-1pt5,AFC Bournemouth vs. Manchester United FC: O/U 1.5,0x29d148f60deb87f412b78b9dc3db6b1b3bae638018a29c6610bfb700a136d3fa,"[""80498611058306768875251719342674767159134753561611564676725035283332246382643"", ""8666688782663242992402693828140624141328695774314779177285895104030627589908""]",80498611058306768875251719342674767159134753561611564676725035283332246382643|8666688782663242992402693828140624141328695774314779177285895104030627589908,8666688782663242992402693828140624141328695774314779177285895104030627589908,Under,True,0.15,82.73,0.17,1605.0,0.16,0.020000000000000018,4b1365222c5032cda07dee44b93b5bb9766d8aae,0.01,5,0.160,6074.0685,1387.9187460000005
2026-03-20T00:40:01Z,EPL,251344,epl-bou-mun-2026-03-20-more-markets,AFC Bournemouth vs. Manchester United FC - More Markets,2026-03-07T06:07:17.683147Z,1521084,epl-bou-mun-2026-03-20-total-2pt5,AFC Bournemouth vs. Manchester United FC: O/U 2.5,0x3ccfbf41f6fc3f63eab4f3a07f11083d7d96661e1740d9378608bd33365a1b63,"[""33089048025903105105548000013712859875617017397703751367355099993316621345985"", ""21264916783272231097011572327323805466142716788671731459555125779637245713385""]",33089048025903105105548000013712859875617017397703751367355099993316621345985|21264916783272231097011572327323805466142716788671731459555125779637245713385,33089048025903105105548000013712859875617017397703751367355099993316621345985,Over,True,0.61,9155.42,0.62,10.0,0.615,0.010000000000000009,25e530aa9312b9138d4069323721ec75f89c8493,0.01,5,0.390,118384.2969,5883.297723000002
2026-03-20T00:40:01Z,EPL,251344,epl-bou-mun-2026-03-20-more-markets,AFC Bournemouth vs. Manchester United FC - More Markets,2026-03-07T06:07:17.683147Z,1521084,epl-bou-mun-2026-03-20-total-2pt5,AFC Bournemouth vs. Manchester United FC: O/U 2.5,0x3ccfbf41f6fc3f63eab4f3a07f11083d7d96661e1740d9378608bd33365a1b63,"[""33089048025903105105548000013712859875617017397703751367355099993316621345985"", ""21264916783272231097011572327323805466142716788671731459555125779637245713385""]",33089048025903105105548000013712859875617017397703751367355099993316621345985|21264916783272231097011572327323805466142716788671731459555125779637245713385,21264916783272231097011572327323805466142716788671731459555125779637245713385,Under,True,0.38,10.0,0.39,9155.42,0.385,0.010000000000000009,14c316493cfe68cc8c36a48c49b01a9c251276bc,0.01,5,0.390,118384.2969,5883.297723000002
2026-03-20T00:40:01Z,EPL,251344,epl-bou-mun-2026-03-20-more-markets,AFC Bournemouth vs. Manchester United FC - More Markets,2026-03-07T06:07:17.683147Z,1521087,epl-bou-mun-2026-03-20-total-3pt5,AFC Bournemouth vs. Manchester United FC: O/U 3.5,0xf12b53d431752eff9143cdf6580480f4b0f7a397ab9f086c3ee16c223624b957,"[""108768872959206000018617091860438147141866276680765075143105436117970648634082"", ""74497879265337696996863094293317792556498821258548554096827589509569357350711""]",108768872959206000018617091860438147141866276680765075143105436117970648634082|74497879265337696996863094293317792556498821258548554096827589509569357350711,108768872959206000018617091860438147141866276680765075143105436117970648634082,Over,True,0.4,1167.47,0.41,893.41,0.405,0.009999999999999953,49b4ec0bebad745bf22d9244074981066db9dcea,0.01,5,0.400,111474.9447,10129.698921000003
2026-03-20T00:40:01Z,EPL,251344,epl-bou-mun-2026-03-20-more-markets,AFC Bournemouth vs. Manchester United FC - More Markets,2026-03-07T06:07:17.683147Z,1521087,epl-bou-mun-2026-03-20-total-3pt5,AFC Bournemouth vs. Manchester United FC: O/U 3.5,0xf12b53d431752eff9143cdf6580480f4b0f7a397ab9f086c3ee16c223624b957,"[""108768872959206000018617091860438147141866276680765075143105436117970648634082"", ""74497879265337696996863094293317792556498821258548554096827589509569357350711""]",108768872959206000018617091860438147141866276680765075143105436117970648634082|74497879265337696996863094293317792556498821258548554096827589509569357350711,74497879265337696996863094293317792556498821258548554096827589509569357350711,Under,True,0.59,893.41,0.6,1167.47,0.595,0.010000000000000009,fab4e2f1066c64ebc68e0ebd08d78fcb2b23410b,0.01,5,0.400,111474.9447,10129.698921000003
2026-03-20T00:40:01Z,EPL,251344,epl-bou-mun-2026-03-20-more-markets,AFC Bournemouth vs. Manchester United FC - More Markets,2026-03-07T06:07:17.683147Z,1521090,epl-bou-mun-2026-03-20-total-4pt5,AFC Bournemouth vs. Manchester United FC: O/U 4.5,0xe0df07e426e08ad0bee8b52cc271b9db230159bfc9d31ea5aaab633c6e91f959,"[""14697753842519516496127525204904110855202120626197032482792242522253471700655"", ""26868734409410670263742290000574230851507882108663956576169839242206219950024""]",14697753842519516496127525204904110855202120626197032482792242522253471700655|26868734409410670263742290000574230851507882108663956576169839242206219950024,14697753842519516496127525204904110855202120626197032482792242522253471700655,Over,True,0.2,1506.32,0.22,50.0,0.21000000000000002,0.01999999999999999,af30af6bc923718e4fcb32dea4f00aea14ae4548,0.01,5,0.800,3676.0209,1179.384178
2026-03-20T00:40:01Z,EPL,251344,epl-bou-mun-2026-03-20-more-markets,AFC Bournemouth vs. Manchester United FC - More Markets,2026-03-07T06:07:17.683147Z,1521090,epl-bou-mun-2026-03-20-total-4pt5,AFC Bournemouth vs. Manchester United FC: O/U 4.5,0xe0df07e426e08ad0bee8b52cc271b9db230159bfc9d31ea5aaab633c6e91f959,"[""14697753842519516496127525204904110855202120626197032482792242522253471700655"", ""26868734409410670263742290000574230851507882108663956576169839242206219950024""]",14697753842519516496127525204904110855202120626197032482792242522253471700655|26868734409410670263742290000574230851507882108663956576169839242206219950024,26868734409410670263742290000574230851507882108663956576169839242206219950024,Under,True,0.78,50.0,0.8,1506.32,0.79,0.020000000000000018,14dcd4954f5fda816b945f16ed011a78d335af27,0.01,5,0.800,3676.0209,1179.384178
2026-03-20T00:40:01Z,EPL,253450,epl-bri-liv-2026-03-21,Brighton & Hove Albion FC vs. Liverpool FC,2026-03-08T05:09:36.051771Z,1530201,epl-bri-liv-2026-03-21-bri,Will Brighton & Hove Albion FC win on 2026-03-21?,0x91cbcee41d06c22fb87422743c61d22cbb45da91133981ab4e2bf6343e44525d,"[""100464054121002033210929966097122721185902091676775506635237858654025169363262"", ""91595611711857061266848005839241280172428276017567711020306849111847225224506""]",100464054121002033210929966097122721185902091676775506635237858654025169363262|91595611711857061266848005839241280172428276017567711020306849111847225224506,100464054121002033210929966097122721185902091676775506635237858654025169363262,Yes,True,0.3,8684.18,0.31,8748.62,0.305,0.010000000000000009,b7fa1a9cfacdb0143a154a415686986ef9966754,0.01,5,0.700,212221.0559,9338.096231
2026-03-20T00:40:01Z,EPL,253450,epl-bri-liv-2026-03-21,Brighton & Hove Albion FC vs. Liverpool FC,2026-03-08T05:09:36.051771Z,1530201,epl-bri-liv-2026-03-21-bri,Will Brighton & Hove Albion FC win on 2026-03-21?,0x91cbcee41d06c22fb87422743c61d22cbb45da91133981ab4e2bf6343e44525d,"[""100464054121002033210929966097122721185902091676775506635237858654025169363262"", ""91595611711857061266848005839241280172428276017567711020306849111847225224506""]",100464054121002033210929966097122721185902091676775506635237858654025169363262|91595611711857061266848005839241280172428276017567711020306849111847225224506,91595611711857061266848005839241280172428276017567711020306849111847225224506,No,True,0.69,8748.62,0.7,8684.18,0.695,0.010000000000000009,a49045fa1e6cbea12379b5f96ddce6e3eddf7fce,0.01,5,0.700,212221.0559,9338.096231
2026-03-20T00:40:01Z,EPL,253450,epl-bri-liv-2026-03-21,Brighton & Hove Albion FC vs. Liverpool FC,2026-03-08T05:09:36.051771Z,1530206,epl-bri-liv-2026-03-21-draw,Will Brighton & Hove Albion FC vs. Liverpool FC end in a draw?,0x9ba6aff9687646c20a18117b44134742bc94e9bcd4475fb99060f70a09aa262e,"[""71054960507984884736173544280423585166770697935206743085530811742358937918796"", ""35311937680826141555591390091964692528220546828175313483953391590030395120953""]",71054960507984884736173544280423585166770697935206743085530811742358937918796|35311937680826141555591390091964692528220546828175313483953391590030395120953,71054960507984884736173544280423585166770697935206743085530811742358937918796,Yes,True,0.26,5905.78,0.27,4443.59,0.265,0.010000000000000009,d4fd5ad0d2bb26c5690fe34deb00540b0aa13a3c,0.01,5,0.260,194953.4626,2182.945465
2026-03-20T00:40:01Z,EPL,253450,epl-bri-liv-2026-03-21,Brighton & Hove Albion FC vs. Liverpool FC,2026-03-08T05:09:36.051771Z,1530206,epl-bri-liv-2026-03-21-draw,Will Brighton & Hove Albion FC vs. Liverpool FC end in a draw?,0x9ba6aff9687646c20a18117b44134742bc94e9bcd4475fb99060f70a09aa262e,"[""71054960507984884736173544280423585166770697935206743085530811742358937918796"", ""35311937680826141555591390091964692528220546828175313483953391590030395120953""]",71054960507984884736173544280423585166770697935206743085530811742358937918796|35311937680826141555591390091964692528220546828175313483953391590030395120953,35311937680826141555591390091964692528220546828175313483953391590030395120953,No,True,0.73,4443.59,0.74,5905.78,0.735,0.010000000000000009,daba93436325666e6cb525c0ff8ad22174464850,0.01,5,0.260,194953.4626,2182.945465
2026-03-20T00:40:01Z,EPL,253450,epl-bri-liv-2026-03-21,Brighton & Hove Albion FC vs. Liverpool FC,2026-03-08T05:09:36.051771Z,1530209,epl-bri-liv-2026-03-21-liv,Will Liverpool FC win on 2026-03-21?,0xeff5cd3520341cfaa6fe7943599f92bf33b6e2f21438aa4d5de4bb136b1d49b4,"[""35083807819338446925002466154655205330091854330432756866206371119620373615428"", ""66220644564490923653458867899515751048168076315998022555713235042944085941855""]",35083807819338446925002466154655205330091854330432756866206371119620373615428|66220644564490923653458867899515751048168076315998022555713235042944085941855,35083807819338446925002466154655205330091854330432756866206371119620373615428,Yes,True,0.43,21128.98,0.44,57732.41,0.435,0.010000000000000009,539946069ad9c063d19f86e04332da2760f062c1,0.01,5,0.560,240192.2602,102767.01880100007
2026-03-20T00:40:01Z,EPL,253450,epl-bri-liv-2026-03-21,Brighton & Hove Albion FC vs. Liverpool FC,2026-03-08T05:09:36.051771Z,1530209,epl-bri-liv-2026-03-21-liv,Will Liverpool FC win on 2026-03-21?,0xeff5cd3520341cfaa6fe7943599f92bf33b6e2f21438aa4d5de4bb136b1d49b4,"[""35083807819338446925002466154655205330091854330432756866206371119620373615428"", ""66220644564490923653458867899515751048168076315998022555713235042944085941855""]",35083807819338446925002466154655205330091854330432756866206371119620373615428|66220644564490923653458867899515751048168076315998022555713235042944085941855,66220644564490923653458867899515751048168076315998022555713235042944085941855,No,True,0.56,57732.41,0.57,21128.98,0.565,0.009999999999999898,63a6d7e50285c7af88d476f2f8cc3602ed65a7cf,0.01,5,0.560,240192.2602,102767.01880100007
2026-03-20T00:40:01Z,EPL,253455,epl-mac-cry-2026-03-21,Manchester City FC vs. Crystal Palace FC,2026-03-08T05:09:35.924563Z,1530214,epl-mac-cry-2026-03-21-mac,Will Manchester City FC win on 2026-03-21?,0x6ff0aea2be61472090f3fb1a452ee0a284ce7f47fb63f69e0051317bb29a5ef5,"[""59926179825727217606167341176846116057970189763068493202217393131144123674309"", ""47219759754952929511555041724310925705098914006324582575339010376090041798290""]",59926179825727217606167341176846116057970189763068493202217393131144123674309|47219759754952929511555041724310925705098914006324582575339010376090041798290,59926179825727217606167341176846116057970189763068493202217393131144123674309,Yes,True,0.72,89.06,0.73,17.26,0.725,0.010000000000000009,5b98efaf87693dc714558b54a758e3098db6be8e,0.01,5,0.270,3846.6756,15791.982441999997
2026-03-20T00:40:01Z,EPL,253455,epl-mac-cry-2026-03-21,Manchester City FC vs. Crystal Palace FC,2026-03-08T05:09:35.924563Z,1530214,epl-mac-cry-2026-03-21-mac,Will Manchester City FC win on 2026-03-21?,0x6ff0aea2be61472090f3fb1a452ee0a284ce7f47fb63f69e0051317bb29a5ef5,"[""59926179825727217606167341176846116057970189763068493202217393131144123674309"", ""47219759754952929511555041724310925705098914006324582575339010376090041798290""]",59926179825727217606167341176846116057970189763068493202217393131144123674309|47219759754952929511555041724310925705098914006324582575339010376090041798290,47219759754952929511555041724310925705098914006324582575339010376090041798290,No,True,0.27,17.26,0.28,89.06,0.275,0.010000000000000009,acdaf2d5241be4606174b946e8e45994012f45cf,0.01,5,0.270,3846.6756,15791.982441999997
2026-03-20T00:40:01Z,EPL,253455,epl-mac-cry-2026-03-21,Manchester City FC vs. Crystal Palace FC,2026-03-08T05:09:35.924563Z,1530219,epl-mac-cry-2026-03-21-draw,Will Manchester City FC vs. Crystal Palace FC end in a draw?,0x095cf4c348228fdcdab9d0e86ebbbfb1e7c9b83d8fc1357b4113a76bcd560c97,"[""32246936252145176064268879083356302397903981456046560618741718375991557154603"", ""75338707066165156757244001081122408919578505995569549171004710891865691984299""]",32246936252145176064268879083356302397903981456046560618741718375991557154603|75338707066165156757244001081122408919578505995569549171004710891865691984299,32246936252145176064268879083356302397903981456046560618741718375991557154603,Yes,True,0.18,11.0,0.22,18.01,0.2,0.04000000000000001,3956990b72c77fd4ab183b30da5da3e4d2fd0573,0.01,5,0.180,283.7526,1934.76268
2026-03-20T00:40:01Z,EPL,253455,epl-mac-cry-2026-03-21,Manchester City FC vs. Crystal Palace FC,2026-03-08T05:09:35.924563Z,1530219,epl-mac-cry-2026-03-21-draw,Will Manchester City FC vs. Crystal Palace FC end in a draw?,0x095cf4c348228fdcdab9d0e86ebbbfb1e7c9b83d8fc1357b4113a76bcd560c97,"[""32246936252145176064268879083356302397903981456046560618741718375991557154603"", ""75338707066165156757244001081122408919578505995569549171004710891865691984299""]",32246936252145176064268879083356302397903981456046560618741718375991557154603|75338707066165156757244001081122408919578505995569549171004710891865691984299,75338707066165156757244001081122408919578505995569549171004710891865691984299,No,True,0.78,18.01,0.82,11.0,0.8,0.039999999999999925,d3baa9683ebe82206ad5238824ab990704d2ee20,0.01,5,0.180,283.7526,1934.76268
2026-03-20T00:40:01Z,EPL,253455,epl-mac-cry-2026-03-21,Manchester City FC vs. Crystal Palace FC,2026-03-08T05:09:35.924563Z,1530224,epl-mac-cry-2026-03-21-cry,Will Crystal Palace FC win on 2026-03-21?,0xc682efb20c063e20dc967b3f882346ad07f4da0be452ccf62b64f6bf90db523c,"[""47798652524102667635886769882234495418506879283040748965001754646341968655128"", ""88639627857834836327482563640281140981699901058586211983731514629963735119188""]",47798652524102667635886769882234495418506879283040748965001754646341968655128|88639627857834836327482563640281140981699901058586211983731514629963735119188,47798652524102667635886769882234495418506879283040748965001754646341968655128,Yes,True,0.05,41.0,0.13,43.0,0.09,0.08,172f4fe90f50ba3e5b6f14c9c267216c4dd4f38c,0.01,5,0.890,765.1139,2565.8548729999993
2026-03-20T00:40:01Z,EPL,253455,epl-mac-cry-2026-03-21,Manchester City FC vs. Crystal Palace FC,2026-03-08T05:09:35.924563Z,1530224,epl-mac-cry-2026-03-21-cry,Will Crystal Palace FC win on 2026-03-21?,0xc682efb20c063e20dc967b3f882346ad07f4da0be452ccf62b64f6bf90db523c,"[""47798652524102667635886769882234495418506879283040748965001754646341968655128"", ""88639627857834836327482563640281140981699901058586211983731514629963735119188""]",47798652524102667635886769882234495418506879283040748965001754646341968655128|88639627857834836327482563640281140981699901058586211983731514629963735119188,88639627857834836327482563640281140981699901058586211983731514629963735119188,No,True,0.87,43.0,0.95,41.0,0.9099999999999999,0.07999999999999996,114627701ab9af46dbe49a91298861bc0eeff346,0.01,5,0.890,765.1139,2565.8548729999993
2026-03-20T00:40:01Z,EPL,253464,epl-ful-bur-2026-03-21,Fulham FC vs. Burnley FC,2026-03-08T05:09:35.989673Z,1530238,epl-ful-bur-2026-03-21-ful,Will Fulham FC win on 2026-03-21?,0xae68634cb01137acbe26e65790f7268a523ee1519601f2576bd7b067c7c9f9da,"[""100424505911492726143069668369640898890012859227903329249368753635028896002613"", ""23394403698797536060174865791232285383368031974218761200893891132375654805462""]",100424505911492726143069668369640898890012859227903329249368753635028896002613|23394403698797536060174865791232285383368031974218761200893891132375654805462,100424505911492726143069668369640898890012859227903329249368753635028896002613,Yes,True,0.61,23415.5,0.62,8776.76,0.615,0.010000000000000009,cc733d43666acffd605a7e99ba93842dd0a2d54f,0.01,5,0.380,202572.1079,17913.280724000007
2026-03-20T00:40:01Z,EPL,253464,epl-ful-bur-2026-03-21,Fulham FC vs. Burnley FC,2026-03-08T05:09:35.989673Z,1530238,epl-ful-bur-2026-03-21-ful,Will Fulham FC win on 2026-03-21?,0xae68634cb01137acbe26e65790f7268a523ee1519601f2576bd7b067c7c9f9da,"[""100424505911492726143069668369640898890012859227903329249368753635028896002613"", ""23394403698797536060174865791232285383368031974218761200893891132375654805462""]",100424505911492726143069668369640898890012859227903329249368753635028896002613|23394403698797536060174865791232285383368031974218761200893891132375654805462,23394403698797536060174865791232285383368031974218761200893891132375654805462,No,True,0.38,8776.76,0.39,23415.5,0.385,0.010000000000000009,f8454186338c742a87b0d53a5e1282c9ff648683,0.01,5,0.380,202572.1079,17913.280724000007
2026-03-20T00:40:01Z,EPL,253464,epl-ful-bur-2026-03-21,Fulham FC vs. Burnley FC,2026-03-08T05:09:35.989673Z,1530243,epl-ful-bur-2026-03-21-draw,Will Fulham FC vs. Burnley FC end in a draw?,0x8c04d6b9933d259116d15eca531523cc9114d83aa5998189578d761aa70eb042,"[""55533957137464933290196211705835266422229072883604545139508878784729659453667"", ""60931977336265995112725298387860786608443380841131230738721547737597441231440""]",55533957137464933290196211705835266422229072883604545139508878784729659453667|60931977336265995112725298387860786608443380841131230738721547737597441231440,55533957137464933290196211705835266422229072883604545139508878784729659453667,Yes,True,0.23,655.7,0.24,54855.99,0.235,0.009999999999999981,39bb7e09dfea423daef5f4333bdb0f9b57c113ec,0.01,5,0.230,195907.2864,618.6281789999999
2026-03-20T00:40:01Z,EPL,253464,epl-ful-bur-2026-03-21,Fulham FC vs. Burnley FC,2026-03-08T05:09:35.989673Z,1530243,epl-ful-bur-2026-03-21-draw,Will Fulham FC vs. Burnley FC end in a draw?,0x8c04d6b9933d259116d15eca531523cc9114d83aa5998189578d761aa70eb042,"[""55533957137464933290196211705835266422229072883604545139508878784729659453667"", ""60931977336265995112725298387860786608443380841131230738721547737597441231440""]",55533957137464933290196211705835266422229072883604545139508878784729659453667|60931977336265995112725298387860786608443380841131230738721547737597441231440,60931977336265995112725298387860786608443380841131230738721547737597441231440,No,True,0.76,54855.99,0.77,655.7,0.765,0.010000000000000009,a45e33576faa19b20f0afa7afa89ae3caa039b19,0.01,5,0.230,195907.2864,618.6281789999999
2026-03-20T00:40:01Z,EPL,253464,epl-ful-bur-2026-03-21,Fulham FC vs. Burnley FC,2026-03-08T05:09:35.989673Z,1530248,epl-ful-bur-2026-03-21-bur,Will Burnley FC win on 2026-03-21?,0x8ab646a168a5d64bf6f7078d3bf3fcffcf43fa6573f214ef34b736fbd0b1b8d5,"[""111387501328662145897103162600496351393235879641274336060199507793806731099077"", ""96244402410252787635355732169781815954820818766324059913435591149410346442816""]",111387501328662145897103162600496351393235879641274336060199507793806731099077|96244402410252787635355732169781815954820818766324059913435591149410346442816,111387501328662145897103162600496351393235879641274336060199507793806731099077,Yes,True,0.14,25724.28,0.15,290.0,0.14500000000000002,0.009999999999999981,c3dde57523554ec9c1b6a4f48863edd877143fc0,0.01,5,0.850,192668.7358,1847.468511
2026-03-20T00:40:01Z,EPL,253464,epl-ful-bur-2026-03-21,Fulham FC vs. Burnley FC,2026-03-08T05:09:35.989673Z,1530248,epl-ful-bur-2026-03-21-bur,Will Burnley FC win on 2026-03-21?,0x8ab646a168a5d64bf6f7078d3bf3fcffcf43fa6573f214ef34b736fbd0b1b8d5,"[""111387501328662145897103162600496351393235879641274336060199507793806731099077"", ""96244402410252787635355732169781815954820818766324059913435591149410346442816""]",111387501328662145897103162600496351393235879641274336060199507793806731099077|96244402410252787635355732169781815954820818766324059913435591149410346442816,96244402410252787635355732169781815954820818766324059913435591149410346442816,No,True,0.85,290.0,0.86,25724.28,0.855,0.010000000000000009,1ec7c3a67f6717ffba1dee2ba7d1dab8ca466b3f,0.01,5,0.850,192668.7358,1847.468511
2026-03-20T00:40:01Z,EPL,253477,epl-eve-che-2026-03-21,Everton FC vs. Chelsea FC,2026-03-08T05:07:22.349835Z,1530267,epl-eve-che-2026-03-21-eve,Will Everton FC win on 2026-03-21?,0xa126c1c55d4c849ad2f6fae0499e729240761e66fe522816a5f01831fdbe6851,"[""16201391243045422507023801607586153372791417104258215636932788686821300331314"", ""16638936249748428449889221049543499208157855125505060877762074367510721909118""]",16201391243045422507023801607586153372791417104258215636932788686821300331314|16638936249748428449889221049543499208157855125505060877762074367510721909118,16201391243045422507023801607586153372791417104258215636932788686821300331314,Yes,True,0.27,2642.06,0.28,24971.36,0.275,0.010000000000000009,6138dc83590a273f8f1c2e7067e4d36d3505aea1,0.01,5,0.720,213342.4117,3680.8948979999996
2026-03-20T00:40:01Z,EPL,253477,epl-eve-che-2026-03-21,Everton FC vs. Chelsea FC,2026-03-08T05:07:22.349835Z,1530267,epl-eve-che-2026-03-21-eve,Will Everton FC win on 2026-03-21?,0xa126c1c55d4c849ad2f6fae0499e729240761e66fe522816a5f01831fdbe6851,"[""16201391243045422507023801607586153372791417104258215636932788686821300331314"", ""16638936249748428449889221049543499208157855125505060877762074367510721909118""]",16201391243045422507023801607586153372791417104258215636932788686821300331314|16638936249748428449889221049543499208157855125505060877762074367510721909118,16638936249748428449889221049543499208157855125505060877762074367510721909118,No,True,0.72,24971.36,0.73,2642.06,0.725,0.010000000000000009,bcdd29e8acbf660f3146b14c753353177b9231f3,0.01,5,0.720,213342.4117,3680.8948979999996
2026-03-20T00:40:01Z,EPL,253477,epl-eve-che-2026-03-21,Everton FC vs. Chelsea FC,2026-03-08T05:07:22.349835Z,1530272,epl-eve-che-2026-03-21-draw,Will Everton FC vs. Chelsea FC end in a draw?,0x5403c25fbeab54a8d5e0b855b35103945df7988860839d9c81a73f571f6da393,"[""110154448465390789765186990789966466139676974469858957198699484013667053960864"", ""75080610522848814377166650659733800953397960166935703865452473731389572530880""]",110154448465390789765186990789966466139676974469858957198699484013667053960864|75080610522848814377166650659733800953397960166935703865452473731389572530880,110154448465390789765186990789966466139676974469858957198699484013667053960864,Yes,True,0.26,12448.78,0.27,376.56,0.265,0.010000000000000009,9a0c3bb1eec1d748b5712ad4bcf5e4fe94ee940f,0.01,5,0.260,192939.462,5468.001349999999
2026-03-20T00:40:01Z,EPL,253477,epl-eve-che-2026-03-21,Everton FC vs. Chelsea FC,2026-03-08T05:07:22.349835Z,1530272,epl-eve-che-2026-03-21-draw,Will Everton FC vs. Chelsea FC end in a draw?,0x5403c25fbeab54a8d5e0b855b35103945df7988860839d9c81a73f571f6da393,"[""110154448465390789765186990789966466139676974469858957198699484013667053960864"", ""75080610522848814377166650659733800953397960166935703865452473731389572530880""]",110154448465390789765186990789966466139676974469858957198699484013667053960864|75080610522848814377166650659733800953397960166935703865452473731389572530880,75080610522848814377166650659733800953397960166935703865452473731389572530880,No,True,0.73,376.56,0.74,12448.78,0.735,0.010000000000000009,36ba5489680d5626bb74b379784189a4be01a029,0.01,5,0.260,192939.462,5468.001349999999
2026-03-20T00:40:01Z,EPL,253477,epl-eve-che-2026-03-21,Everton FC vs. Chelsea FC,2026-03-08T05:07:22.349835Z,1530276,epl-eve-che-2026-03-21-che,Will Chelsea FC win on 2026-03-21?,0xacb2ee285eceaf798ca2c2ffc9c667d7e30dd51d9137de2343dbda2e4e895670,"[""77019523621478946963865271857336353830849712350406503519645871793341730636267"", ""17186294033953851531927098426184751976883095933071481472682858800055274137331""]",77019523621478946963865271857336353830849712350406503519645871793341730636267|17186294033953851531927098426184751976883095933071481472682858800055274137331,77019523621478946963865271857336353830849712350406503519645871793341730636267,Yes,True,0.45,11965.35,0.46,20816.62,0.455,0.010000000000000009,1ac6a7fcc9cbbf66a188250fed2c4d76870d4af4,0.01,5,0.540,222362.8402,10188.27251800001
2026-03-20T00:40:01Z,EPL,253477,epl-eve-che-2026-03-21,Everton FC vs. Chelsea FC,2026-03-08T05:07:22.349835Z,1530276,epl-eve-che-2026-03-21-che,Will Chelsea FC win on 2026-03-21?,0xacb2ee285eceaf798ca2c2ffc9c667d7e30dd51d9137de2343dbda2e4e895670,"[""77019523621478946963865271857336353830849712350406503519645871793341730636267"", ""17186294033953851531927098426184751976883095933071481472682858800055274137331""]",77019523621478946963865271857336353830849712350406503519645871793341730636267|17186294033953851531927098426184751976883095933071481472682858800055274137331,17186294033953851531927098426184751976883095933071481472682858800055274137331,No,True,0.54,20816.62,0.55,11965.35,0.545,0.010000000000000009,d5ebc46ce1cb5a5b4ee87722265788f1f250eabe,0.01,5,0.540,222362.8402,10188.27251800001
2026-03-20T00:40:01Z,EPL,253482,epl-lee-bre-2026-03-21,Leeds United FC vs. Brentford FC,2026-03-08T05:07:22.323721Z,1530288,epl-lee-bre-2026-03-21-draw,Will Leeds United FC vs. Brentford FC end in a draw?,0xf04ea99d935e8e35efc703670b6c3d4bcce394bce528f1d6998ad83a78e93c18,"[""8466416768531689382508808513639943959475223309060412896396358038502407467500"", ""3734934152559542902083114094062056693579647944548407941633680833168018476441""]",8466416768531689382508808513639943959475223309060412896396358038502407467500|3734934152559542902083114094062056693579647944548407941633680833168018476441,8466416768531689382508808513639943959475223309060412896396358038502407467500,Yes,True,0.27,19154.72,0.28,403.28,0.275,0.010000000000000009,5638a1019178854e1e2d974569b518b852e11d93,0.01,5,0.270,193777.6903,1020.0029680000001
2026-03-20T00:40:01Z,EPL,253482,epl-lee-bre-2026-03-21,Leeds United FC vs. Brentford FC,2026-03-08T05:07:22.323721Z,1530288,epl-lee-bre-2026-03-21-draw,Will Leeds United FC vs. Brentford FC end in a draw?,0xf04ea99d935e8e35efc703670b6c3d4bcce394bce528f1d6998ad83a78e93c18,"[""8466416768531689382508808513639943959475223309060412896396358038502407467500"", ""3734934152559542902083114094062056693579647944548407941633680833168018476441""]",8466416768531689382508808513639943959475223309060412896396358038502407467500|3734934152559542902083114094062056693579647944548407941633680833168018476441,3734934152559542902083114094062056693579647944548407941633680833168018476441,No,True,0.72,403.28,0.73,19154.72,0.725,0.010000000000000009,3f053b9fa73b49af224c5c5ca0615bf3db413f8f,0.01,5,0.270,193777.6903,1020.0029680000001
2026-03-20T00:40:01Z,EPL,253482,epl-lee-bre-2026-03-21,Leeds United FC vs. Brentford FC,2026-03-08T05:07:22.323721Z,1530290,epl-lee-bre-2026-03-21-bre,Will Brentford FC win on 2026-03-21?,0xa284fceb04fbff30346ae8747e21378c6828b68aaee2cfc9fe13c718297846c0,"[""25666419921296394159751233259946485552020074285656528843009715659948160932435"", ""27780015530816841645092394280407093968589144659260920816803085707643035137289""]",25666419921296394159751233259946485552020074285656528843009715659948160932435|27780015530816841645092394280407093968589144659260920816803085707643035137289,25666419921296394159751233259946485552020074285656528843009715659948160932435,Yes,True,0.33,6725.17,0.34,6824.99,0.335,0.010000000000000009,42e9cbf86bfa1d10350163bcff630fe10d995da6,0.01,5,0.330,185183.0922,1221.027613
2026-03-20T00:40:01Z,EPL,253482,epl-lee-bre-2026-03-21,Leeds United FC vs. Brentford FC,2026-03-08T05:07:22.323721Z,1530290,epl-lee-bre-2026-03-21-bre,Will Brentford FC win on 2026-03-21?,0xa284fceb04fbff30346ae8747e21378c6828b68aaee2cfc9fe13c718297846c0,"[""25666419921296394159751233259946485552020074285656528843009715659948160932435"", ""27780015530816841645092394280407093968589144659260920816803085707643035137289""]",25666419921296394159751233259946485552020074285656528843009715659948160932435|27780015530816841645092394280407093968589144659260920816803085707643035137289,27780015530816841645092394280407093968589144659260920816803085707643035137289,No,True,0.66,6824.99,0.67,6725.17,0.665,0.010000000000000009,a2ebd606801eec31ac83d4429ea0b417095e9dc6,0.01,5,0.330,185183.0922,1221.027613
2026-03-20T00:40:01Z,EPL,253482,epl-lee-bre-2026-03-21,Leeds United FC vs. Brentford FC,2026-03-08T05:07:22.323721Z,1530285,epl-lee-bre-2026-03-21-lee,Will Leeds United FC win on 2026-03-21?,0xccc196db110e1daf3115b2f8c936f192e488dbb74be72dc115edf6feecd5fa92,"[""33550256521588566181818107761102086100116148175456742347678976997881043151893"", ""10709931129416825802184642875304469601730733220322512833997070990616634952726""]",33550256521588566181818107761102086100116148175456742347678976997881043151893|10709931129416825802184642875304469601730733220322512833997070990616634952726,33550256521588566181818107761102086100116148175456742347678976997881043151893,Yes,True,0.38,10810.52,0.39,20.0,0.385,0.010000000000000009,cea13d5e2409b098a6010e2ce413de3604cc5ae8,0.01,5,0.600,189211.2759,1767.4642910000005
2026-03-20T00:40:01Z,EPL,253482,epl-lee-bre-2026-03-21,Leeds United FC vs. Brentford FC,2026-03-08T05:07:22.323721Z,1530285,epl-lee-bre-2026-03-21-lee,Will Leeds United FC win on 2026-03-21?,0xccc196db110e1daf3115b2f8c936f192e488dbb74be72dc115edf6feecd5fa92,"[""33550256521588566181818107761102086100116148175456742347678976997881043151893"", ""10709931129416825802184642875304469601730733220322512833997070990616634952726""]",33550256521588566181818107761102086100116148175456742347678976997881043151893|10709931129416825802184642875304469601730733220322512833997070990616634952726,10709931129416825802184642875304469601730733220322512833997070990616634952726,No,True,0.61,20.0,0.62,10810.52,0.615,0.010000000000000009,735741a8094f511ab09acb724cea26fa19f5b666,0.01,5,0.600,189211.2759,1767.4642910000005
2026-03-20T00:40:01Z,EPL,253573,epl-lee-bre-2026-03-21-more-markets,Leeds United FC vs. Brentford FC - More Markets,2026-03-08T06:13:25.151087Z,1530574,epl-lee-bre-2026-03-21-spread-home-1pt5,Spread: Leeds United FC (-1.5),0x5fd6a76ec8f10f470b58fa01db7c1fe4dba08b219d01dfdf8b3bf3c3bf41b643,"[""27140264100143522929295883349747855075545849367756990872124549151630949135305"", ""32421738286348474010826490280711642004849026072633779212412275250919304590618""]",27140264100143522929295883349747855075545849367756990872124549151630949135305|32421738286348474010826490280711642004849026072633779212412275250919304590618,27140264100143522929295883349747855075545849367756990872124549151630949135305,Leeds United FC,True,0.17,310.0,0.19,296.0,0.18,0.01999999999999999,a945178a928b3bec6ddefda475c22068d8322156,0.01,5,,2415.1392,
2026-03-20T00:40:01Z,EPL,253573,epl-lee-bre-2026-03-21-more-markets,Leeds United FC vs. Brentford FC - More Markets,2026-03-08T06:13:25.151087Z,1530574,epl-lee-bre-2026-03-21-spread-home-1pt5,Spread: Leeds United FC (-1.5),0x5fd6a76ec8f10f470b58fa01db7c1fe4dba08b219d01dfdf8b3bf3c3bf41b643,"[""27140264100143522929295883349747855075545849367756990872124549151630949135305"", ""32421738286348474010826490280711642004849026072633779212412275250919304590618""]",27140264100143522929295883349747855075545849367756990872124549151630949135305|32421738286348474010826490280711642004849026072633779212412275250919304590618,32421738286348474010826490280711642004849026072633779212412275250919304590618,Brentford FC,True,0.81,296.0,0.83,310.0,0.8200000000000001,0.019999999999999907,16d2e07a13e6a4986a3ada38e422443e4adeccfd,0.01,5,,2415.1392,
2026-03-20T00:40:01Z,EPL,253573,epl-lee-bre-2026-03-21-more-markets,Leeds United FC vs. Brentford FC - More Markets,2026-03-08T06:13:25.151087Z,1530578,epl-lee-bre-2026-03-21-spread-away-1pt5,Spread: Brentford FC (-1.5),0x3f16e70d147e04b1ed84a330e15cf7abd03aa50ec56040105643564eee8ab1e8,"[""53679587603782023540552420658858042997008758473295430592723637221387928986259"", ""77228971774971757421829372200913942878346440425609636742900445781047489452982""]",53679587603782023540552420658858042997008758473295430592723637221387928986259|77228971774971757421829372200913942878346440425609636742900445781047489452982,53679587603782023540552420658858042997008758473295430592723637221387928986259,Brentford FC,True,0.13,103.0,0.16,113.0,0.14500000000000002,0.03,2ba28dd0799e970f8d833431da19bd1cdd263c21,0.01,5,,2283.7076,
2026-03-20T00:40:01Z,EPL,253573,epl-lee-bre-2026-03-21-more-markets,Leeds United FC vs. Brentford FC - More Markets,2026-03-08T06:13:25.151087Z,1530578,epl-lee-bre-2026-03-21-spread-away-1pt5,Spread: Brentford FC (-1.5),0x3f16e70d147e04b1ed84a330e15cf7abd03aa50ec56040105643564eee8ab1e8,"[""53679587603782023540552420658858042997008758473295430592723637221387928986259"", ""77228971774971757421829372200913942878346440425609636742900445781047489452982""]",53679587603782023540552420658858042997008758473295430592723637221387928986259|77228971774971757421829372200913942878346440425609636742900445781047489452982,77228971774971757421829372200913942878346440425609636742900445781047489452982,Leeds United FC,True,0.84,113.0,0.87,103.0,0.855,0.030000000000000027,d2fc3c830c0ffc9095a5385cc66fd7479d53c36b,0.01,5,,2283.7076,
2026-03-20T00:40:01Z,EPL,253573,epl-lee-bre-2026-03-21-more-markets,Leeds United FC vs. Brentford FC - More Markets,2026-03-08T06:13:25.151087Z,1530582,epl-lee-bre-2026-03-21-spread-home-2pt5,Spread: Leeds United FC (-2.5),0xd211b023d97c3b3ba220e6ed8d9d5a285f95f507ef7a12d9e888fe211d9e3a98,"[""50074196625594770595786388519656286428004202770110713869025483500551022216807"", ""99312743047478710169813294105805364296454968288579163144976130425618295248883""]",50074196625594770595786388519656286428004202770110713869025483500551022216807|99312743047478710169813294105805364296454968288579163144976130425618295248883,50074196625594770595786388519656286428004202770110713869025483500551022216807,Leeds United FC,True,0.05,85.0,0.07,291.1,0.060000000000000005,0.020000000000000004,bb0dafb30722816326c629896d63c86579d5c3a2,0.01,5,0.060,1000.627,441.82058799999993
2026-03-20T00:40:01Z,EPL,253573,epl-lee-bre-2026-03-21-more-markets,Leeds United FC vs. Brentford FC - More Markets,2026-03-08T06:13:25.151087Z,1530582,epl-lee-bre-2026-03-21-spread-home-2pt5,Spread: Leeds United FC (-2.5),0xd211b023d97c3b3ba220e6ed8d9d5a285f95f507ef7a12d9e888fe211d9e3a98,"[""50074196625594770595786388519656286428004202770110713869025483500551022216807"", ""99312743047478710169813294105805364296454968288579163144976130425618295248883""]",50074196625594770595786388519656286428004202770110713869025483500551022216807|99312743047478710169813294105805364296454968288579163144976130425618295248883,99312743047478710169813294105805364296454968288579163144976130425618295248883,Brentford FC,True,0.93,291.1,0.95,85.0,0.94,0.019999999999999907,dc1567f8f98b8893814e6871e98465ac2164bd68,0.01,5,0.060,1000.627,441.82058799999993
2026-03-20T00:40:01Z,EPL,253573,epl-lee-bre-2026-03-21-more-markets,Leeds United FC vs. Brentford FC - More Markets,2026-03-08T06:13:25.151087Z,1530586,epl-lee-bre-2026-03-21-spread-away-2pt5,Spread: Brentford FC (-2.5),0x1aadb7732dde4bd53e56ac8f2d5e8cad06d7743cc564cc38504a7c33beb32422,"[""113101315344751751736296168212511752870397439867846639945715058397725827512838"", ""63497116551413162869677979938432482940553522318168625822370765555893635957562""]",113101315344751751736296168212511752870397439867846639945715058397725827512838|63497116551413162869677979938432482940553522318168625822370765555893635957562,113101315344751751736296168212511752870397439867846639945715058397725827512838,Brentford FC,True,0.04,107.0,0.079,18.1,0.0595,0.039,57b19e12e996316486e74871da3a56a312d3786f,0.001,5,0.050,588.20384,
2026-03-20T00:40:01Z,EPL,253573,epl-lee-bre-2026-03-21-more-markets,Leeds United FC vs. Brentford FC - More Markets,2026-03-08T06:13:25.151087Z,1530586,epl-lee-bre-2026-03-21-spread-away-2pt5,Spread: Brentford FC (-2.5),0x1aadb7732dde4bd53e56ac8f2d5e8cad06d7743cc564cc38504a7c33beb32422,"[""113101315344751751736296168212511752870397439867846639945715058397725827512838"", ""63497116551413162869677979938432482940553522318168625822370765555893635957562""]",113101315344751751736296168212511752870397439867846639945715058397725827512838|63497116551413162869677979938432482940553522318168625822370765555893635957562,63497116551413162869677979938432482940553522318168625822370765555893635957562,Leeds United FC,True,0.921,18.1,0.96,107.0,0.9405,0.038999999999999924,c37260a9cac10755a8d4d94b0d75b65febdd638a,0.001,5,0.050,588.20384,
2026-03-20T00:40:01Z,EPL,253573,epl-lee-bre-2026-03-21-more-markets,Leeds United FC vs. Brentford FC - More Markets,2026-03-08T06:13:25.151087Z,1530591,epl-lee-bre-2026-03-21-total-1pt5,Leeds United FC vs. Brentford FC: O/U 1.5,0x65d4a9a84489fbce7aec242df1c069b4af9f912196e99f7c046d607f8a983711,"[""112461594925315243219640975914927012860273843569376000289707231077965972977947"", ""50960888226939550046513843897928042324778789974840123352806767446627110206259""]",112461594925315243219640975914927012860273843569376000289707231077965972977947|50960888226939550046513843897928042324778789974840123352806767446627110206259,112461594925315243219640975914927012860273843569376000289707231077965972977947,Over,True,0.75,42.33,0.77,566.0,0.76,0.020000000000000018,87cf4e122297dc0fc1fb8e5ccae51aa49429086a,0.01,5,0.750,103799.9311,42.328829999999996
2026-03-20T00:40:01Z,EPL,253573,epl-lee-bre-2026-03-21-more-markets,Leeds United FC vs. Brentford FC - More Markets,2026-03-08T06:13:25.151087Z,1530591,epl-lee-bre-2026-03-21-total-1pt5,Leeds United FC vs. Brentford FC: O/U 1.5,0x65d4a9a84489fbce7aec242df1c069b4af9f912196e99f7c046d607f8a983711,"[""112461594925315243219640975914927012860273843569376000289707231077965972977947"", ""50960888226939550046513843897928042324778789974840123352806767446627110206259""]",112461594925315243219640975914927012860273843569376000289707231077965972977947|50960888226939550046513843897928042324778789974840123352806767446627110206259,50960888226939550046513843897928042324778789974840123352806767446627110206259,Under,True,0.23,566.0,0.25,42.33,0.24,0.01999999999999999,ea070980ea94a59f810e4198e6aaed19768d424f,0.01,5,0.750,103799.9311,42.328829999999996
2026-03-20T00:40:01Z,EPL,253573,epl-lee-bre-2026-03-21-more-markets,Leeds United FC vs. Brentford FC - More Markets,2026-03-08T06:13:25.151087Z,1530596,epl-lee-bre-2026-03-21-total-2pt5,Leeds United FC vs. Brentford FC: O/U 2.5,0x56ebb4e4ffdf6ce04bc845e4cd27ae479359bc55b2b5a0c6073639c7a137912c,"[""51901472757731214050693722422383732518498664731370967970566074380491910477269"", ""47571491404982934163378154396644887577737314993278215946872107495346386959353""]",51901472757731214050693722422383732518498664731370967970566074380491910477269|47571491404982934163378154396644887577737314993278215946872107495346386959353,51901472757731214050693722422383732518498664731370967970566074380491910477269,Over,True,0.51,669.91,0.52,13.07,0.515,0.010000000000000009,59a2654de19c51ead9bd048bc0055b4974c368f7,0.01,5,0.480,111648.5343,657.2508499999999
2026-03-20T00:40:01Z,EPL,253573,epl-lee-bre-2026-03-21-more-markets,Leeds United FC vs. Brentford FC - More Markets,2026-03-08T06:13:25.151087Z,1530596,epl-lee-bre-2026-03-21-total-2pt5,Leeds United FC vs. Brentford FC: O/U 2.5,0x56ebb4e4ffdf6ce04bc845e4cd27ae479359bc55b2b5a0c6073639c7a137912c,"[""51901472757731214050693722422383732518498664731370967970566074380491910477269"", ""47571491404982934163378154396644887577737314993278215946872107495346386959353""]",51901472757731214050693722422383732518498664731370967970566074380491910477269|47571491404982934163378154396644887577737314993278215946872107495346386959353,47571491404982934163378154396644887577737314993278215946872107495346386959353,Under,True,0.48,13.07,0.49,669.91,0.485,0.010000000000000009,f1c60b49f9d98298c28a3e55b24d4a6e1d6a119f,0.01,5,0.480,111648.5343,657.2508499999999
2026-03-20T00:40:01Z,EPL,253573,epl-lee-bre-2026-03-21-more-markets,Leeds United FC vs. Brentford FC - More Markets,2026-03-08T06:13:25.151087Z,1530601,epl-lee-bre-2026-03-21-total-3pt5,Leeds United FC vs. Brentford FC: O/U 3.5,0x970d3b98f26d898a028b0c9d56a0c2a8725d68f10d55a355ac11c5f65fb1a246,"[""1552351047962952015196179000052728418451613670663299967885433559667291725357"", ""50463004031424427640176414190649861306839819672480058062287840364855853675502""]",1552351047962952015196179000052728418451613670663299967885433559667291725357|50463004031424427640176414190649861306839819672480058062287840364855853675502,1552351047962952015196179000052728418451613670663299967885433559667291725357,Over,True,0.28,309.99,0.3,303.15,0.29000000000000004,0.019999999999999962,b6b1c7fe64fb8b3eb9fdd93b5e3c445a836a3940,0.01,5,,105110.926,
2026-03-20T00:40:01Z,EPL,253573,epl-lee-bre-2026-03-21-more-markets,Leeds United FC vs. Brentford FC - More Markets,2026-03-08T06:13:25.151087Z,1530601,epl-lee-bre-2026-03-21-total-3pt5,Leeds United FC vs. Brentford FC: O/U 3.5,0x970d3b98f26d898a028b0c9d56a0c2a8725d68f10d55a355ac11c5f65fb1a246,"[""1552351047962952015196179000052728418451613670663299967885433559667291725357"", ""50463004031424427640176414190649861306839819672480058062287840364855853675502""]",1552351047962952015196179000052728418451613670663299967885433559667291725357|50463004031424427640176414190649861306839819672480058062287840364855853675502,50463004031424427640176414190649861306839819672480058062287840364855853675502,Under,True,0.7,303.15,0.72,309.99,0.71,0.020000000000000018,67ca994467e41a18903ea6b183c00e073fb79a2a,0.01,5,,105110.926,
2026-03-20T00:40:01Z,EPL,253573,epl-lee-bre-2026-03-21-more-markets,Leeds United FC vs. Brentford FC - More Markets,2026-03-08T06:13:25.151087Z,1530605,epl-lee-bre-2026-03-21-total-4pt5,Leeds United FC vs. Brentford FC: O/U 4.5,0x96cae250f22c5925df8ae7ef5d72933d6f1cc0132ff474d7788a5cb3f25ca333,"[""94474844577106725329275497261613834649718197541171144711406183649476793927582"", ""65660563272140824446753454449671140068165760526986112856229267729098343618150""]",94474844577106725329275497261613834649718197541171144711406183649476793927582|65660563272140824446753454449671140068165760526986112856229267729098343618150,94474844577106725329275497261613834649718197541171144711406183649476793927582,Over,True,0.11,15.0,0.16,12.0,0.135,0.05,ed3465472b0348c5fbfd30463fe553185f5632ed,0.01,5,,2661.459,
2026-03-20T00:40:01Z,EPL,253573,epl-lee-bre-2026-03-21-more-markets,Leeds United FC vs. Brentford FC - More Markets,2026-03-08T06:13:25.151087Z,1530605,epl-lee-bre-2026-03-21-total-4pt5,Leeds United FC vs. Brentford FC: O/U 4.5,0x96cae250f22c5925df8ae7ef5d72933d6f1cc0132ff474d7788a5cb3f25ca333,"[""94474844577106725329275497261613834649718197541171144711406183649476793927582"", ""65660563272140824446753454449671140068165760526986112856229267729098343618150""]",94474844577106725329275497261613834649718197541171144711406183649476793927582|65660563272140824446753454449671140068165760526986112856229267729098343618150,65660563272140824446753454449671140068165760526986112856229267729098343618150,Under,True,0.84,12.0,0.89,15.0,0.865,0.050000000000000044,b48de262c5668a92815b8d15cc088c5ef1dc4349,0.01,5,,2661.459,
2026-03-20T00:40:01Z,EPL,253573,epl-lee-bre-2026-03-21-more-markets,Leeds United FC vs. Brentford FC - More Markets,2026-03-08T06:13:25.151087Z,1530609,epl-lee-bre-2026-03-21-btts,Leeds United FC vs. Brentford FC: Both Teams to Score,0x0d56ea5b7b3cbfddc22133b2ba4bbcb3b51e77d544fd8d8a4f40333c5edf56f2,"[""32257632389457300423541501163736508088040399787609315155825993078728984721997"", ""16027200403371031169252740293181735125938290892170315936619165030496467126324""]",32257632389457300423541501163736508088040399787609315155825993078728984721997|16027200403371031169252740293181735125938290892170315936619165030496467126324,32257632389457300423541501163736508088040399787609315155825993078728984721997,Yes,True,0.55,1000.4,0.59,1730.0,0.5700000000000001,0.039999999999999925,1e378f773ff26b3006f9f97f8af9301169174449,0.01,5,0.560,6296.7287,107.518155
2026-03-20T00:40:01Z,EPL,253573,epl-lee-bre-2026-03-21-more-markets,Leeds United FC vs. Brentford FC - More Markets,2026-03-08T06:13:25.151087Z,1530609,epl-lee-bre-2026-03-21-btts,Leeds United FC vs. Brentford FC: Both Teams to Score,0x0d56ea5b7b3cbfddc22133b2ba4bbcb3b51e77d544fd8d8a4f40333c5edf56f2,"[""32257632389457300423541501163736508088040399787609315155825993078728984721997"", ""16027200403371031169252740293181735125938290892170315936619165030496467126324""]",32257632389457300423541501163736508088040399787609315155825993078728984721997|16027200403371031169252740293181735125938290892170315936619165030496467126324,16027200403371031169252740293181735125938290892170315936619165030496467126324,No,True,0.41,1730.0,0.45,1000.4,0.43,0.040000000000000036,eccc23fe7991f5655b17fd17d0b9466b0ed01483,0.01,5,0.560,6296.7287,107.518155
2026-03-20T00:40:01Z,EPL,253577,epl-eve-che-2026-03-21-more-markets,Everton FC vs. Chelsea FC - More Markets,2026-03-08T06:13:25.394559Z,1530615,epl-eve-che-2026-03-21-spread-home-1pt5,Spread: Everton FC (-1.5),0xb2f74a769dfddeb2b8fb6f208877f434934c6c3c72c3b0e7e4820b04c3c91c29,"[""40245477835147989463955107454730237080849208572784654580982111127446986897811"", ""8367755834899876518859866144399409354793799626127532174973495600851053574510""]",40245477835147989463955107454730237080849208572784654580982111127446986897811|8367755834899876518859866144399409354793799626127532174973495600851053574510,40245477835147989463955107454730237080849208572784654580982111127446986897811,Everton FC,True,0.1,294.0,0.12,462.0,0.11,0.01999999999999999,32f919c867261a38627e95120b7e17c4fea1978b,0.01,5,0.100,3032.9171,740.3365980000001
2026-03-20T00:40:01Z,EPL,253577,epl-eve-che-2026-03-21-more-markets,Everton FC vs. Chelsea FC - More Markets,2026-03-08T06:13:25.394559Z,1530615,epl-eve-che-2026-03-21-spread-home-1pt5,Spread: Everton FC (-1.5),0xb2f74a769dfddeb2b8fb6f208877f434934c6c3c72c3b0e7e4820b04c3c91c29,"[""40245477835147989463955107454730237080849208572784654580982111127446986897811"", ""8367755834899876518859866144399409354793799626127532174973495600851053574510""]",40245477835147989463955107454730237080849208572784654580982111127446986897811|8367755834899876518859866144399409354793799626127532174973495600851053574510,8367755834899876518859866144399409354793799626127532174973495600851053574510,Chelsea FC,True,0.88,462.0,0.9,294.0,0.89,0.020000000000000018,df2545b74fdba9355b9cf900260d26b1ee2ad514,0.01,5,0.100,3032.9171,740.3365980000001
2026-03-20T00:40:01Z,EPL,253577,epl-eve-che-2026-03-21-more-markets,Everton FC vs. Chelsea FC - More Markets,2026-03-08T06:13:25.394559Z,1530620,epl-eve-che-2026-03-21-spread-away-1pt5,Spread: Chelsea FC (-1.5),0x9d0004e020a14c1cc6c465c6f2a0ba27056c838ead060d8e2730a5e2dc322e0c,"[""37397734999672452773292483452290293598637481907354480054652068234471164339095"", ""30306697018763002430514444988475453905836037421399241533506513195325643264786""]",37397734999672452773292483452290293598637481907354480054652068234471164339095|30306697018763002430514444988475453905836037421399241533506513195325643264786,37397734999672452773292483452290293598637481907354480054652068234471164339095,Chelsea FC,True,0.22,202.0,0.24,220.22,0.22999999999999998,0.01999999999999999,c0f3d26354be273c3b38070a0e88225bb7527a1e,0.01,5,,2346.7064,
2026-03-20T00:40:01Z,EPL,253577,epl-eve-che-2026-03-21-more-markets,Everton FC vs. Chelsea FC - More Markets,2026-03-08T06:13:25.394559Z,1530620,epl-eve-che-2026-03-21-spread-away-1pt5,Spread: Chelsea FC (-1.5),0x9d0004e020a14c1cc6c465c6f2a0ba27056c838ead060d8e2730a5e2dc322e0c,"[""37397734999672452773292483452290293598637481907354480054652068234471164339095"", ""30306697018763002430514444988475453905836037421399241533506513195325643264786""]",37397734999672452773292483452290293598637481907354480054652068234471164339095|30306697018763002430514444988475453905836037421399241533506513195325643264786,30306697018763002430514444988475453905836037421399241533506513195325643264786,Everton FC,True,0.76,220.22,0.78,202.0,0.77,0.020000000000000018,aa4da27ab23e1a9a6f8a275e02ac897b1a6764e4,0.01,5,,2346.7064,
2026-03-20T00:40:01Z,EPL,253577,epl-eve-che-2026-03-21-more-markets,Everton FC vs. Chelsea FC - More Markets,2026-03-08T06:13:25.394559Z,1530624,epl-eve-che-2026-03-21-spread-home-2pt5,Spread: Everton FC (-2.5),0xe37980242f9aa071112f3ebacc735bc73a472a6fa2bb01d2e4608faf102d3eab,"[""99366530981339085837476476878158764364745016960970529797210043610885781237881"", ""42032076691368922704153108631449109312238820700185275362330027320202187207848""]",99366530981339085837476476878158764364745016960970529797210043610885781237881|42032076691368922704153108631449109312238820700185275362330027320202187207848,99366530981339085837476476878158764364745016960970529797210043610885781237881,Everton FC,True,0.021,50.0,0.08,15.0,0.0505,0.059,1fe7de50a1f0e7f3299c31e2e459eda57e7a3db7,0.001,5,0.040,599.57453,110.53999999999999
2026-03-20T00:40:01Z,EPL,253577,epl-eve-che-2026-03-21-more-markets,Everton FC vs. Chelsea FC - More Markets,2026-03-08T06:13:25.394559Z,1530624,epl-eve-che-2026-03-21-spread-home-2pt5,Spread: Everton FC (-2.5),0xe37980242f9aa071112f3ebacc735bc73a472a6fa2bb01d2e4608faf102d3eab,"[""99366530981339085837476476878158764364745016960970529797210043610885781237881"", ""42032076691368922704153108631449109312238820700185275362330027320202187207848""]",99366530981339085837476476878158764364745016960970529797210043610885781237881|42032076691368922704153108631449109312238820700185275362330027320202187207848,42032076691368922704153108631449109312238820700185275362330027320202187207848,Chelsea FC,True,0.92,15.0,0.979,50.0,0.9495,0.05899999999999994,8a742b82dd9d12963803110ae7c92fffd02d6b75,0.001,5,0.040,599.57453,110.53999999999999
2026-03-20T00:40:01Z,EPL,253577,epl-eve-che-2026-03-21-more-markets,Everton FC vs. Chelsea FC - More Markets,2026-03-08T06:13:25.394559Z,1530633,epl-eve-che-2026-03-21-total-1pt5,Everton FC vs. Chelsea FC: O/U 1.5,0xe15ceaed40766f1985403b51eb805c643ffdc79104db65c21f6987b30f89a7f5,"[""106738616310522278190300450768607057896005666547032349738768703483214742823953"", ""48863891172956576570494624949651945209224444218958138234877102219356574231295""]",106738616310522278190300450768607057896005666547032349738768703483214742823953|48863891172956576570494624949651945209224444218958138234877102219356574231295,106738616310522278190300450768607057896005666547032349738768703483214742823953,Over,True,0.75,37554.61,0.78,578.0,0.765,0.030000000000000027,cac0d78203e04fc740998e8a51952d8542fbe37a,0.01,5,0.760,104195.0591,401.29966700000006
2026-03-20T00:40:01Z,EPL,253577,epl-eve-che-2026-03-21-more-markets,Everton FC vs. Chelsea FC - More Markets,2026-03-08T06:13:25.394559Z,1530633,epl-eve-che-2026-03-21-total-1pt5,Everton FC vs. Chelsea FC: O/U 1.5,0xe15ceaed40766f1985403b51eb805c643ffdc79104db65c21f6987b30f89a7f5,"[""106738616310522278190300450768607057896005666547032349738768703483214742823953"", ""48863891172956576570494624949651945209224444218958138234877102219356574231295""]",106738616310522278190300450768607057896005666547032349738768703483214742823953|48863891172956576570494624949651945209224444218958138234877102219356574231295,48863891172956576570494624949651945209224444218958138234877102219356574231295,Under,True,0.22,578.0,0.25,37554.61,0.235,0.03,fc0ab51f7204d011293303d945b947c4f47cce21,0.01,5,0.760,104195.0591,401.29966700000006
2026-03-20T00:40:01Z,EPL,253577,epl-eve-che-2026-03-21-more-markets,Everton FC vs. Chelsea FC - More Markets,2026-03-08T06:13:25.394559Z,1530639,epl-eve-che-2026-03-21-total-2pt5,Everton FC vs. Chelsea FC: O/U 2.5,0xa2000030e002673980b8db801b9eb43b9a4b42d0197371a76c5abbb09f08e9b3,"[""39632185957744136894491622860766746567869613500321207759158874224379938725854"", ""71254535095604742059008071505233388866175292843380738185052622063930046261494""]",39632185957744136894491622860766746567869613500321207759158874224379938725854|71254535095604742059008071505233388866175292843380738185052622063930046261494,39632185957744136894491622860766746567869613500321207759158874224379938725854,Over,True,0.52,575.64,0.54,43015.0,0.53,0.020000000000000018,4d541d59827b48108cd05771fa306671edbcfe44,0.01,5,0.470,117122.4669,918.0321980000001
2026-03-20T00:40:01Z,EPL,253577,epl-eve-che-2026-03-21-more-markets,Everton FC vs. Chelsea FC - More Markets,2026-03-08T06:13:25.394559Z,1530639,epl-eve-che-2026-03-21-total-2pt5,Everton FC vs. Chelsea FC: O/U 2.5,0xa2000030e002673980b8db801b9eb43b9a4b42d0197371a76c5abbb09f08e9b3,"[""39632185957744136894491622860766746567869613500321207759158874224379938725854"", ""71254535095604742059008071505233388866175292843380738185052622063930046261494""]",39632185957744136894491622860766746567869613500321207759158874224379938725854|71254535095604742059008071505233388866175292843380738185052622063930046261494,71254535095604742059008071505233388866175292843380738185052622063930046261494,Under,True,0.46,43015.0,0.48,575.64,0.47,0.019999999999999962,0d7580571d85662e20b17c815c2e1b077489392a,0.01,5,0.470,117122.4669,918.0321980000001
2026-03-20T00:40:01Z,EPL,253577,epl-eve-che-2026-03-21-more-markets,Everton FC vs. Chelsea FC - More Markets,2026-03-08T06:13:25.394559Z,1530645,epl-eve-che-2026-03-21-total-3pt5,Everton FC vs. Chelsea FC: O/U 3.5,0x10cc69172a3d3360e359fc9f74c79d200e4646bbd2907ce025e323fe44ddb0f5,"[""96835288641242064684581800888614381219898191371494735872942999432693174091957"", ""104873841388721431613510878168478790898964956677785365794006210696824617836862""]",96835288641242064684581800888614381219898191371494735872942999432693174091957|104873841388721431613510878168478790898964956677785365794006210696824617836862,96835288641242064684581800888614381219898191371494735872942999432693174091957,Over,True,0.3,500.0,0.32,265.9,0.31,0.020000000000000018,d51c616873792bad95802ec76ed7975908567825,0.01,5,,107550.4213,
2026-03-20T00:40:01Z,EPL,253577,epl-eve-che-2026-03-21-more-markets,Everton FC vs. Chelsea FC - More Markets,2026-03-08T06:13:25.394559Z,1530645,epl-eve-che-2026-03-21-total-3pt5,Everton FC vs. Chelsea FC: O/U 3.5,0x10cc69172a3d3360e359fc9f74c79d200e4646bbd2907ce025e323fe44ddb0f5,"[""96835288641242064684581800888614381219898191371494735872942999432693174091957"", ""104873841388721431613510878168478790898964956677785365794006210696824617836862""]",96835288641242064684581800888614381219898191371494735872942999432693174091957|104873841388721431613510878168478790898964956677785365794006210696824617836862,104873841388721431613510878168478790898964956677785365794006210696824617836862,Under,True,0.68,265.9,0.7,500.0,0.69,0.019999999999999907,8cf9fc280556472062d653f4666a35fd0c1dc073,0.01,5,,107550.4213,
2026-03-20T00:40:01Z,EPL,253577,epl-eve-che-2026-03-21-more-markets,Everton FC vs. Chelsea FC - More Markets,2026-03-08T06:13:25.394559Z,1530648,epl-eve-che-2026-03-21-total-4pt5,Everton FC vs. Chelsea FC: O/U 4.5,0x8f83d493e0918c8ba29be5134921c434ba869a872a12eb0c95e411fde1165d4f,"[""10122061825355351527882204281703835573065411421432012093109128622530461832455"", ""46932123505479992520325950945235440339115875495319649785712305318436557095065""]",10122061825355351527882204281703835573065411421432012093109128622530461832455|46932123505479992520325950945235440339115875495319649785712305318436557095065,10122061825355351527882204281703835573065411421432012093109128622530461832455,Over,True,0.13,14.2,0.17,15.0,0.15000000000000002,0.04000000000000001,997dc98145a10b6ac09df2df0a9cfc0aa4db39a6,0.01,5,0.140,5189.6739,
2026-03-20T00:40:01Z,EPL,253577,epl-eve-che-2026-03-21-more-markets,Everton FC vs. Chelsea FC - More Markets,2026-03-08T06:13:25.394559Z,1530648,epl-eve-che-2026-03-21-total-4pt5,Everton FC vs. Chelsea FC: O/U 4.5,0x8f83d493e0918c8ba29be5134921c434ba869a872a12eb0c95e411fde1165d4f,"[""10122061825355351527882204281703835573065411421432012093109128622530461832455"", ""46932123505479992520325950945235440339115875495319649785712305318436557095065""]",10122061825355351527882204281703835573065411421432012093109128622530461832455|46932123505479992520325950945235440339115875495319649785712305318436557095065,46932123505479992520325950945235440339115875495319649785712305318436557095065,Under,True,0.83,15.0,0.87,14.2,0.85,0.040000000000000036,545fc841222aa7e8296b2c5252af7be6d893f3a6,0.01,5,0.140,5189.6739,
2026-03-20T00:40:01Z,EPL,253577,epl-eve-che-2026-03-21-more-markets,Everton FC vs. Chelsea FC - More Markets,2026-03-08T06:13:25.394559Z,1530630,epl-eve-che-2026-03-21-spread-away-2pt5,Spread: Chelsea FC (-2.5),0x14bcebc76135dd729f9344d90c80c3ce32d951125ffd6a36d169f7e4f97e19bf,"[""106465145672552296308139980160148657990303151494037134990512655119911793414027"", ""23090004626562235432046117315340873160582576130081638135830991655799940450235""]",106465145672552296308139980160148657990303151494037134990512655119911793414027|23090004626562235432046117315340873160582576130081638135830991655799940450235,106465145672552296308139980160148657990303151494037134990512655119911793414027,Chelsea FC,True,0.08,74.5,0.1,106.0,0.09,0.020000000000000004,ee7186180634ec1c9eb0fff9f473aba8597ac3da,0.01,5,0.090,2486.1287,
2026-03-20T00:40:01Z,EPL,253577,epl-eve-che-2026-03-21-more-markets,Everton FC vs. Chelsea FC - More Markets,2026-03-08T06:13:25.394559Z,1530630,epl-eve-che-2026-03-21-spread-away-2pt5,Spread: Chelsea FC (-2.5),0x14bcebc76135dd729f9344d90c80c3ce32d951125ffd6a36d169f7e4f97e19bf,"[""106465145672552296308139980160148657990303151494037134990512655119911793414027"", ""23090004626562235432046117315340873160582576130081638135830991655799940450235""]",106465145672552296308139980160148657990303151494037134990512655119911793414027|23090004626562235432046117315340873160582576130081638135830991655799940450235,23090004626562235432046117315340873160582576130081638135830991655799940450235,Everton FC,True,0.9,106.0,0.92,74.5,0.91,0.020000000000000018,e16cef1c2e661fbee23bc9a50c03901e6f67acf1,0.01,5,0.090,2486.1287,
2026-03-20T00:40:01Z,EPL,253577,epl-eve-che-2026-03-21-more-markets,Everton FC vs. Chelsea FC - More Markets,2026-03-08T06:13:25.394559Z,1530651,epl-eve-che-2026-03-21-btts,Everton FC vs. Chelsea FC: Both Teams to Score,0xb21f3059342cf025395d291fb4871e6582b4b73113b6e63f2bf5904f9ba6d0b1,"[""80978047525452096350835223949906195494218820261067248206202253158062571693849"", ""69966272282473881669011755283251536728917546412034878992511969537074813904246""]",80978047525452096350835223949906195494218820261067248206202253158062571693849|69966272282473881669011755283251536728917546412034878992511969537074813904246,80978047525452096350835223949906195494218820261067248206202253158062571693849,Yes,True,0.56,1383.71,0.58,182.5,0.5700000000000001,0.019999999999999907,04c8825f74d27232f4b762e94d0db7abf61ae82d,0.01,5,0.560,9388.8852,130.683761
2026-03-20T00:40:01Z,EPL,253577,epl-eve-che-2026-03-21-more-markets,Everton FC vs. Chelsea FC - More Markets,2026-03-08T06:13:25.394559Z,1530651,epl-eve-che-2026-03-21-btts,Everton FC vs. Chelsea FC: Both Teams to Score,0xb21f3059342cf025395d291fb4871e6582b4b73113b6e63f2bf5904f9ba6d0b1,"[""80978047525452096350835223949906195494218820261067248206202253158062571693849"", ""69966272282473881669011755283251536728917546412034878992511969537074813904246""]",80978047525452096350835223949906195494218820261067248206202253158062571693849|69966272282473881669011755283251536728917546412034878992511969537074813904246,69966272282473881669011755283251536728917546412034878992511969537074813904246,No,True,0.42,182.5,0.44,1383.71,0.43,0.020000000000000018,40731f3e6fd25761d846f949b83076ade055514d,0.01,5,0.560,9388.8852,130.683761
2026-03-20T00:40:01Z,EPL,253584,epl-ful-bur-2026-03-21-more-markets,Fulham FC vs. Burnley FC - More Markets,2026-03-08T06:13:25.164744Z,1530661,epl-ful-bur-2026-03-21-spread-home-1pt5,Spread: Fulham FC (-1.5),0x50b2f4bc8652e139bb9a1986776fe3234c79eb99e3e632d308b699c00a5ef869,"[""96287575640868789177379177823609946898194124635306667536174762573524687125771"", ""105793385764049254921684573857629812822522812844496829719710316110049496825115""]",96287575640868789177379177823609946898194124635306667536174762573524687125771|105793385764049254921684573857629812822522812844496829719710316110049496825115,96287575640868789177379177823609946898194124635306667536174762573524687125771,Fulham FC,True,0.37,37705.41,0.38,48.0,0.375,0.010000000000000009,ba0f54cf90d308473e72d40633a922122b311cbd,0.01,5,0.620,38715.2893,157.104907
2026-03-20T00:40:01Z,EPL,253584,epl-ful-bur-2026-03-21-more-markets,Fulham FC vs. Burnley FC - More Markets,2026-03-08T06:13:25.164744Z,1530661,epl-ful-bur-2026-03-21-spread-home-1pt5,Spread: Fulham FC (-1.5),0x50b2f4bc8652e139bb9a1986776fe3234c79eb99e3e632d308b699c00a5ef869,"[""96287575640868789177379177823609946898194124635306667536174762573524687125771"", ""105793385764049254921684573857629812822522812844496829719710316110049496825115""]",96287575640868789177379177823609946898194124635306667536174762573524687125771|105793385764049254921684573857629812822522812844496829719710316110049496825115,105793385764049254921684573857629812822522812844496829719710316110049496825115,Burnley FC,True,0.62,48.0,0.63,37705.41,0.625,0.010000000000000009,f1b73a910f1e7060b2b77c5775a78c0154079f4d,0.01,5,0.620,38715.2893,157.104907
2026-03-20T00:40:01Z,EPL,253584,epl-ful-bur-2026-03-21-more-markets,Fulham FC vs. Burnley FC - More Markets,2026-03-08T06:13:25.164744Z,1530665,epl-ful-bur-2026-03-21-spread-away-1pt5,Spread: Burnley FC (-1.5),0x8e24936eee89b4912681d0eb41b2cd97b6ae38abf01874018fcd771a61245516,"[""83157370358638821619929572307345337913914194456756254058585927318129156467502"", ""30448671881334215052185002830466495633977240251241843510207772406051038688370""]",83157370358638821619929572307345337913914194456756254058585927318129156467502|30448671881334215052185002830466495633977240251241843510207772406051038688370,83157370358638821619929572307345337913914194456756254058585927318129156467502,Burnley FC,True,0.02,102.0,0.059,6.17,0.0395,0.03899999999999999,4c41e736d45e2a62d1cee42e74aa7ecfbc460c7c,0.001,5,,567.27638,
2026-03-20T00:40:01Z,EPL,253584,epl-ful-bur-2026-03-21-more-markets,Fulham FC vs. Burnley FC - More Markets,2026-03-08T06:13:25.164744Z,1530665,epl-ful-bur-2026-03-21-spread-away-1pt5,Spread: Burnley FC (-1.5),0x8e24936eee89b4912681d0eb41b2cd97b6ae38abf01874018fcd771a61245516,"[""83157370358638821619929572307345337913914194456756254058585927318129156467502"", ""30448671881334215052185002830466495633977240251241843510207772406051038688370""]",83157370358638821619929572307345337913914194456756254058585927318129156467502|30448671881334215052185002830466495633977240251241843510207772406051038688370,30448671881334215052185002830466495633977240251241843510207772406051038688370,Fulham FC,True,0.941,6.17,0.98,102.0,0.9604999999999999,0.039000000000000035,c97bc8e08b3d092bb96872d1387e86eb0ac36bea,0.001,5,,567.27638,
2026-03-20T00:40:01Z,EPL,253584,epl-ful-bur-2026-03-21-more-markets,Fulham FC vs. Burnley FC - More Markets,2026-03-08T06:13:25.164744Z,1530669,epl-ful-bur-2026-03-21-spread-home-2pt5,Spread: Fulham FC (-2.5),0x0994337b54fd2ad1a7f662ea731c587d60f32863fe534afb290b550ec7375fc8,"[""8866128922597147196765048758417662446608175540861738043682732707412687644979"", ""71303315920920526860352800152213345276081133062662689082531897002223334833896""]",8866128922597147196765048758417662446608175540861738043682732707412687644979|71303315920920526860352800152213345276081133062662689082531897002223334833896,8866128922597147196765048758417662446608175540861738043682732707412687644979,Fulham FC,True,0.18,298.66,0.19,10.0,0.185,0.010000000000000009,a8e19e51c12dc38fee8007e57a070abda4864b28,0.01,5,0.820,2764.2676,1801.0921150000001
2026-03-20T00:40:01Z,EPL,253584,epl-ful-bur-2026-03-21-more-markets,Fulham FC vs. Burnley FC - More Markets,2026-03-08T06:13:25.164744Z,1530669,epl-ful-bur-2026-03-21-spread-home-2pt5,Spread: Fulham FC (-2.5),0x0994337b54fd2ad1a7f662ea731c587d60f32863fe534afb290b550ec7375fc8,"[""8866128922597147196765048758417662446608175540861738043682732707412687644979"", ""71303315920920526860352800152213345276081133062662689082531897002223334833896""]",8866128922597147196765048758417662446608175540861738043682732707412687644979|71303315920920526860352800152213345276081133062662689082531897002223334833896,71303315920920526860352800152213345276081133062662689082531897002223334833896,Burnley FC,True,0.81,10.0,0.82,298.66,0.815,0.009999999999999898,f47a5dcb51cfe7cf0b9b0824c3d47ee23a9c6d83,0.01,5,0.820,2764.2676,1801.0921150000001
2026-03-20T00:40:01Z,EPL,253584,epl-ful-bur-2026-03-21-more-markets,Fulham FC vs. Burnley FC - More Markets,2026-03-08T06:13:25.164744Z,1530673,epl-ful-bur-2026-03-21-spread-away-2pt5,Spread: Burnley FC (-2.5),0x7be94f65b8bb173212f3a0ca226b099ef45fa2665b30fa30dfecbef47eb38be9,"[""17575150486280981842362461857166825302108379559534929943524383458930643910786"", ""107154706986053607159973685616934330111669182426922043162483579359230487919072""]",17575150486280981842362461857166825302108379559534929943524383458930643910786|107154706986053607159973685616934330111669182426922043162483579359230487919072,17575150486280981842362461857166825302108379559534929943524383458930643910786,Burnley FC,True,0.003,100.0,0.018,12.0,0.010499999999999999,0.015,44cbce1f7a4418e8c691babbd199d9a4912f41d1,0.001,5,0.003,624.92776,
2026-03-20T00:40:01Z,EPL,253584,epl-ful-bur-2026-03-21-more-markets,Fulham FC vs. Burnley FC - More Markets,2026-03-08T06:13:25.164744Z,1530673,epl-ful-bur-2026-03-21-spread-away-2pt5,Spread: Burnley FC (-2.5),0x7be94f65b8bb173212f3a0ca226b099ef45fa2665b30fa30dfecbef47eb38be9,"[""17575150486280981842362461857166825302108379559534929943524383458930643910786"", ""107154706986053607159973685616934330111669182426922043162483579359230487919072""]",17575150486280981842362461857166825302108379559534929943524383458930643910786|107154706986053607159973685616934330111669182426922043162483579359230487919072,107154706986053607159973685616934330111669182426922043162483579359230487919072,Fulham FC,True,0.982,12.0,0.997,100.0,0.9895,0.015000000000000013,337867cfab4c2b7019267de9124ac3e1e655a098,0.001,5,0.003,624.92776,
2026-03-20T00:40:01Z,EPL,253584,epl-ful-bur-2026-03-21-more-markets,Fulham FC vs. Burnley FC - More Markets,2026-03-08T06:13:25.164744Z,1530677,epl-ful-bur-2026-03-21-total-1pt5,Fulham FC vs. Burnley FC: O/U 1.5,0x970f01dded96d14d23e729c1c77d05efc2a32ee63a4b6a8523015e0fc6fc1e3a,"[""17324138403773264782065491072828397370852575564967787743903824537196778719667"", ""42630802632489941329409950158479049344524849171871486369272059293294391130126""]",17324138403773264782065491072828397370852575564967787743903824537196778719667|42630802632489941329409950158479049344524849171871486369272059293294391130126,17324138403773264782065491072828397370852575564967787743903824537196778719667,Over,True,0.77,42.61,0.79,356.13,0.78,0.020000000000000018,7e84ad4b1e6bc3b98d616a8775158cd846572f5a,0.01,5,0.770,3068.2371,1079.8432970000001
2026-03-20T00:40:01Z,EPL,253584,epl-ful-bur-2026-03-21-more-markets,Fulham FC vs. Burnley FC - More Markets,2026-03-08T06:13:25.164744Z,1530677,epl-ful-bur-2026-03-21-total-1pt5,Fulham FC vs. Burnley FC: O/U 1.5,0x970f01dded96d14d23e729c1c77d05efc2a32ee63a4b6a8523015e0fc6fc1e3a,"[""17324138403773264782065491072828397370852575564967787743903824537196778719667"", ""42630802632489941329409950158479049344524849171871486369272059293294391130126""]",17324138403773264782065491072828397370852575564967787743903824537196778719667|42630802632489941329409950158479049344524849171871486369272059293294391130126,42630802632489941329409950158479049344524849171871486369272059293294391130126,Under,True,0.21,356.13,0.23,42.61,0.22,0.020000000000000018,1f5982febfa9ab85fa3e66c16b4bc54caa1684dd,0.01,5,0.770,3068.2371,1079.8432970000001
2026-03-20T00:40:01Z,EPL,253584,epl-ful-bur-2026-03-21-more-markets,Fulham FC vs. Burnley FC - More Markets,2026-03-08T06:13:25.164744Z,1530681,epl-ful-bur-2026-03-21-total-2pt5,Fulham FC vs. Burnley FC: O/U 2.5,0xaaa339c82d7155ec61269746d3323b50b49a8be8585cab884217326e5e1005b8,"[""113425481192321584201254477364229413596964703372988030301907604076663172404230"", ""65535588500398021312779400090579334071533936318870600374500965550446713374826""]",113425481192321584201254477364229413596964703372988030301907604076663172404230|65535588500398021312779400090579334071533936318870600374500965550446713374826,113425481192321584201254477364229413596964703372988030301907604076663172404230,Over,True,0.52,4650.17,0.54,10.0,0.53,0.020000000000000018,cfe10d15f440f4c71cffb68055f087407a970280,0.01,5,0.530,112038.1351,3205.759884
2026-03-20T00:40:01Z,EPL,253584,epl-ful-bur-2026-03-21-more-markets,Fulham FC vs. Burnley FC - More Markets,2026-03-08T06:13:25.164744Z,1530681,epl-ful-bur-2026-03-21-total-2pt5,Fulham FC vs. Burnley FC: O/U 2.5,0xaaa339c82d7155ec61269746d3323b50b49a8be8585cab884217326e5e1005b8,"[""113425481192321584201254477364229413596964703372988030301907604076663172404230"", ""65535588500398021312779400090579334071533936318870600374500965550446713374826""]",113425481192321584201254477364229413596964703372988030301907604076663172404230|65535588500398021312779400090579334071533936318870600374500965550446713374826,65535588500398021312779400090579334071533936318870600374500965550446713374826,Under,True,0.46,10.0,0.48,4650.17,0.47,0.019999999999999962,46585a86ecbaa8a4959fcd8151627eb2782facae,0.01,5,0.530,112038.1351,3205.759884
2026-03-20T00:40:01Z,EPL,253584,epl-ful-bur-2026-03-21-more-markets,Fulham FC vs. Burnley FC - More Markets,2026-03-08T06:13:25.164744Z,1530685,epl-ful-bur-2026-03-21-total-3pt5,Fulham FC vs. Burnley FC: O/U 3.5,0x7651d426dec280e1d84f5ec7aadb0183d87b8b93bfff361b6cecb023595350f7,"[""74286989291629774020460732668461530444883569502561130509843221699917058744923"", ""33042541610227854268729070019911213166680193964215829373227036196790594122153""]",74286989291629774020460732668461530444883569502561130509843221699917058744923|33042541610227854268729070019911213166680193964215829373227036196790594122153,74286989291629774020460732668461530444883569502561130509843221699917058744923,Over,True,0.31,280.55,0.32,100.0,0.315,0.010000000000000009,e5bb489e9556325b50c5fec4d1c7bfd3d04ef6c0,0.01,5,0.310,104452.2935,336.335655
2026-03-20T00:40:01Z,EPL,253584,epl-ful-bur-2026-03-21-more-markets,Fulham FC vs. Burnley FC - More Markets,2026-03-08T06:13:25.164744Z,1530685,epl-ful-bur-2026-03-21-total-3pt5,Fulham FC vs. Burnley FC: O/U 3.5,0x7651d426dec280e1d84f5ec7aadb0183d87b8b93bfff361b6cecb023595350f7,"[""74286989291629774020460732668461530444883569502561130509843221699917058744923"", ""33042541610227854268729070019911213166680193964215829373227036196790594122153""]",74286989291629774020460732668461530444883569502561130509843221699917058744923|33042541610227854268729070019911213166680193964215829373227036196790594122153,33042541610227854268729070019911213166680193964215829373227036196790594122153,Under,True,0.68,100.0,0.69,280.55,0.685,0.009999999999999898,f29e59669aee87cdf1c06bac0903001a7fba20ca,0.01,5,0.310,104452.2935,336.335655
2026-03-20T00:40:01Z,EPL,253584,epl-ful-bur-2026-03-21-more-markets,Fulham FC vs. Burnley FC - More Markets,2026-03-08T06:13:25.164744Z,1530688,epl-ful-bur-2026-03-21-total-4pt5,Fulham FC vs. Burnley FC: O/U 4.5,0xb825d77212b09e548f4e0b32ae11c6044b843b8169ab4d4be623f1a60439c93c,"[""34092663402774112898140786886403573346334744592309309686130484293534648171996"", ""59212725779990173957507246091340784839623242975140155047883046599384531175441""]",34092663402774112898140786886403573346334744592309309686130484293534648171996|59212725779990173957507246091340784839623242975140155047883046599384531175441,34092663402774112898140786886403573346334744592309309686130484293534648171996,Over,True,0.12,15.0,0.17,13.0,0.14500000000000002,0.05000000000000002,72636130c6028eba9e96cefa749bce8ca0d48944,0.01,5,,2662.7359,
2026-03-20T00:40:01Z,EPL,253584,epl-ful-bur-2026-03-21-more-markets,Fulham FC vs. Burnley FC - More Markets,2026-03-08T06:13:25.164744Z,1530688,epl-ful-bur-2026-03-21-total-4pt5,Fulham FC vs. Burnley FC: O/U 4.5,0xb825d77212b09e548f4e0b32ae11c6044b843b8169ab4d4be623f1a60439c93c,"[""34092663402774112898140786886403573346334744592309309686130484293534648171996"", ""59212725779990173957507246091340784839623242975140155047883046599384531175441""]",34092663402774112898140786886403573346334744592309309686130484293534648171996|59212725779990173957507246091340784839623242975140155047883046599384531175441,59212725779990173957507246091340784839623242975140155047883046599384531175441,Under,True,0.83,13.0,0.88,15.0,0.855,0.050000000000000044,37ccdf5538fa1e8acf0b338e5350a1c576c69337,0.01,5,,2662.7359,
2026-03-20T00:40:01Z,EPL,253584,epl-ful-bur-2026-03-21-more-markets,Fulham FC vs. Burnley FC - More Markets,2026-03-08T06:13:25.164744Z,1530692,epl-ful-bur-2026-03-21-btts,Fulham FC vs. Burnley FC: Both Teams to Score,0x432bc49df0704a41a8aba8ea1208db763061c13b42861f466be55bb4c2a6022e,"[""115405459198434174018886116822621827505239014539155595901592333198418936012173"", ""53135897833496706080668974591750784880625562615469259162282733566628435082651""]",115405459198434174018886116822621827505239014539155595901592333198418936012173|53135897833496706080668974591750784880625562615469259162282733566628435082651,115405459198434174018886116822621827505239014539155595901592333198418936012173,Yes,True,0.5,540.86,0.51,445.0,0.505,0.010000000000000009,3e5307325a1b7d6e2a42b8f3e722c9abfb0923cc,0.01,5,0.490,6586.3822,115.74509200000001
2026-03-20T00:40:01Z,EPL,253584,epl-ful-bur-2026-03-21-more-markets,Fulham FC vs. Burnley FC - More Markets,2026-03-08T06:13:25.164744Z,1530692,epl-ful-bur-2026-03-21-btts,Fulham FC vs. Burnley FC: Both Teams to Score,0x432bc49df0704a41a8aba8ea1208db763061c13b42861f466be55bb4c2a6022e,"[""115405459198434174018886116822621827505239014539155595901592333198418936012173"", ""53135897833496706080668974591750784880625562615469259162282733566628435082651""]",115405459198434174018886116822621827505239014539155595901592333198418936012173|53135897833496706080668974591750784880625562615469259162282733566628435082651,53135897833496706080668974591750784880625562615469259162282733566628435082651,No,True,0.49,445.0,0.5,540.86,0.495,0.010000000000000009,754f96a2db2bf39b5a51fb300fac27693561abc4,0.01,5,0.490,6586.3822,115.74509200000001
2026-03-20T00:40:01Z,EPL,253588,epl-mac-cry-2026-03-21-more-markets,Manchester City FC vs. Crystal Palace FC - More Markets,2026-03-08T06:09:18.793534Z,1530702,epl-mac-cry-2026-03-21-spread-home-1pt5,Spread: Manchester City FC (-1.5),0xacc68564c909bd72553a23bcb4bf2782837c1f825f45257e68039a673453b458,"[""27750799040566560175338756819272219400268871114181020593682294512572137482686"", ""60592759070518388889566058981098714501212088295154546352352476893613435769519""]",27750799040566560175338756819272219400268871114181020593682294512572137482686|60592759070518388889566058981098714501212088295154546352352476893613435769519,27750799040566560175338756819272219400268871114181020593682294512572137482686,Manchester City FC,True,0.12,5.0,0.82,10.0,0.47,0.7,93e95fda2913ce53d4b308c93ddc4f47af517283,0.01,5,,33.8447,
2026-03-20T00:40:01Z,EPL,253588,epl-mac-cry-2026-03-21-more-markets,Manchester City FC vs. Crystal Palace FC - More Markets,2026-03-08T06:09:18.793534Z,1530702,epl-mac-cry-2026-03-21-spread-home-1pt5,Spread: Manchester City FC (-1.5),0xacc68564c909bd72553a23bcb4bf2782837c1f825f45257e68039a673453b458,"[""27750799040566560175338756819272219400268871114181020593682294512572137482686"", ""60592759070518388889566058981098714501212088295154546352352476893613435769519""]",27750799040566560175338756819272219400268871114181020593682294512572137482686|60592759070518388889566058981098714501212088295154546352352476893613435769519,60592759070518388889566058981098714501212088295154546352352476893613435769519,Crystal Palace FC,True,0.18,10.0,0.88,5.0,0.53,0.7,21f2ef728ae7dd960c84cf47a13a761600afef87,0.01,5,,33.8447,
2026-03-20T00:40:01Z,EPL,253588,epl-mac-cry-2026-03-21-more-markets,Manchester City FC vs. Crystal Palace FC - More Markets,2026-03-08T06:09:18.793534Z,1530709,epl-mac-cry-2026-03-21-spread-away-1pt5,Spread: Crystal Palace FC (-1.5),0x806ddb16223517c174cfbd288ee1de17fa56b61e5839b442898b3238de675676,"[""105544697878880509667570746703764546316508373884554265118659315918055591151143"", ""37923476108819877467217178735927345942082990660932270316470373125699893304381""]",105544697878880509667570746703764546316508373884554265118659315918055591151143|37923476108819877467217178735927345942082990660932270316470373125699893304381,105544697878880509667570746703764546316508373884554265118659315918055591151143,Crystal Palace FC,True,0.08,9.5,0.93,7.56,0.505,0.8500000000000001,8c13a357787c003bdb4899cc69b8f0bf3d3750ae,0.01,5,0.850,30.4425,25
2026-03-20T00:40:01Z,EPL,253588,epl-mac-cry-2026-03-21-more-markets,Manchester City FC vs. Crystal Palace FC - More Markets,2026-03-08T06:09:18.793534Z,1530709,epl-mac-cry-2026-03-21-spread-away-1pt5,Spread: Crystal Palace FC (-1.5),0x806ddb16223517c174cfbd288ee1de17fa56b61e5839b442898b3238de675676,"[""105544697878880509667570746703764546316508373884554265118659315918055591151143"", ""37923476108819877467217178735927345942082990660932270316470373125699893304381""]",105544697878880509667570746703764546316508373884554265118659315918055591151143|37923476108819877467217178735927345942082990660932270316470373125699893304381,37923476108819877467217178735927345942082990660932270316470373125699893304381,Manchester City FC,True,0.07,7.56,0.92,9.5,0.495,0.8500000000000001,f9b3283e0fc7dde5d16de1c9150c74ae5f1a9cba,0.01,5,0.850,30.4425,25
2026-03-20T00:40:01Z,EPL,253588,epl-mac-cry-2026-03-21-more-markets,Manchester City FC vs. Crystal Palace FC - More Markets,2026-03-08T06:09:18.793534Z,1530714,epl-mac-cry-2026-03-21-spread-home-2pt5,Spread: Manchester City FC (-2.5),0x09d274b15e572ad37e5a48e6ea1b1740db1b2bb9220e5120ad81952212c7317f,"[""11803611772736155325273579827828274427991661444897069165816319159935102593342"", ""56178085419604483346840508419841828856493781060783607613243151998769239438068""]",11803611772736155325273579827828274427991661444897069165816319159935102593342|56178085419604483346840508419841828856493781060783607613243151998769239438068,11803611772736155325273579827828274427991661444897069165816319159935102593342,Manchester City FC,True,0.07,11.16,0.6,15.0,0.33499999999999996,0.53,6c06d7c42309095958514656f73370d0520e1174,0.01,5,,45.2027,
2026-03-20T00:40:01Z,EPL,253588,epl-mac-cry-2026-03-21-more-markets,Manchester City FC vs. Crystal Palace FC - More Markets,2026-03-08T06:09:18.793534Z,1530714,epl-mac-cry-2026-03-21-spread-home-2pt5,Spread: Manchester City FC (-2.5),0x09d274b15e572ad37e5a48e6ea1b1740db1b2bb9220e5120ad81952212c7317f,"[""11803611772736155325273579827828274427991661444897069165816319159935102593342"", ""56178085419604483346840508419841828856493781060783607613243151998769239438068""]",11803611772736155325273579827828274427991661444897069165816319159935102593342|56178085419604483346840508419841828856493781060783607613243151998769239438068,56178085419604483346840508419841828856493781060783607613243151998769239438068,Crystal Palace FC,True,0.4,15.0,0.93,11.16,0.665,0.53,bba1cdb0e46cdcc7f9b20695d2a98b1811e5e437,0.01,5,,45.2027,
2026-03-20T00:40:01Z,EPL,253588,epl-mac-cry-2026-03-21-more-markets,Manchester City FC vs. Crystal Palace FC - More Markets,2026-03-08T06:09:18.793534Z,1530719,epl-mac-cry-2026-03-21-spread-away-2pt5,Spread: Crystal Palace FC (-2.5),0xd58156e2c48f15f577fa8182194fe9b3b684e1cbe8d84601da4eab66c12292fb,"[""70936622604903204973090417244929047329186546702668653148600177601177056961312"", ""45212699631781023284088608933509441612872190835679700079242666087154942185462""]",70936622604903204973090417244929047329186546702668653148600177601177056961312|45212699631781023284088608933509441612872190835679700079242666087154942185462,70936622604903204973090417244929047329186546702668653148600177601177056961312,Crystal Palace FC,True,0.01,100.48,0.084,39.72,0.047,0.07400000000000001,78234e87e60ef1e8ab37809f21d048e884c264d5,0.001,5,,384.69774,
2026-03-20T00:40:01Z,EPL,253588,epl-mac-cry-2026-03-21-more-markets,Manchester City FC vs. Crystal Palace FC - More Markets,2026-03-08T06:09:18.793534Z,1530719,epl-mac-cry-2026-03-21-spread-away-2pt5,Spread: Crystal Palace FC (-2.5),0xd58156e2c48f15f577fa8182194fe9b3b684e1cbe8d84601da4eab66c12292fb,"[""70936622604903204973090417244929047329186546702668653148600177601177056961312"", ""45212699631781023284088608933509441612872190835679700079242666087154942185462""]",70936622604903204973090417244929047329186546702668653148600177601177056961312|45212699631781023284088608933509441612872190835679700079242666087154942185462,45212699631781023284088608933509441612872190835679700079242666087154942185462,Manchester City FC,True,0.916,39.72,0.99,100.48,0.9530000000000001,0.07399999999999995,8a8264abae899cd5c87e7e4250f2049b2975bfac,0.001,5,,384.69774,
2026-03-20T00:40:01Z,EPL,253588,epl-mac-cry-2026-03-21-more-markets,Manchester City FC vs. Crystal Palace FC - More Markets,2026-03-08T06:09:18.793534Z,1530722,epl-mac-cry-2026-03-21-total-1pt5,Manchester City FC vs. Crystal Palace FC: O/U 1.5,0x85f3ba11e19613e0aff7e1a11cd15706fcd826456296d8f6203ccaead7e13798,"[""914947588390501811956529066512855657414118780712697519824051409943154150730"", ""43021858544186436751174248846399463724624080175580025453968692558093971975584""]",914947588390501811956529066512855657414118780712697519824051409943154150730|43021858544186436751174248846399463724624080175580025453968692558093971975584,914947588390501811956529066512855657414118780712697519824051409943154150730,Over,True,0.85,10.0,0.94,200.0,0.895,0.08999999999999997,ff8e8f0432af8afe59b057e88ea90646a273e760,0.01,5,0.080,142.8679,6.521737
2026-03-20T00:40:01Z,EPL,253588,epl-mac-cry-2026-03-21-more-markets,Manchester City FC vs. Crystal Palace FC - More Markets,2026-03-08T06:09:18.793534Z,1530722,epl-mac-cry-2026-03-21-total-1pt5,Manchester City FC vs. Crystal Palace FC: O/U 1.5,0x85f3ba11e19613e0aff7e1a11cd15706fcd826456296d8f6203ccaead7e13798,"[""914947588390501811956529066512855657414118780712697519824051409943154150730"", ""43021858544186436751174248846399463724624080175580025453968692558093971975584""]",914947588390501811956529066512855657414118780712697519824051409943154150730|43021858544186436751174248846399463724624080175580025453968692558093971975584,43021858544186436751174248846399463724624080175580025453968692558093971975584,Under,True,0.06,200.0,0.15,10.0,0.105,0.09,d3ab8d6af64f33daadbfe7df1498d2677598bfa6,0.01,5,0.080,142.8679,6.521737
2026-03-20T00:40:01Z,EPL,253588,epl-mac-cry-2026-03-21-more-markets,Manchester City FC vs. Crystal Palace FC - More Markets,2026-03-08T06:09:18.793534Z,1530725,epl-mac-cry-2026-03-21-total-2pt5,Manchester City FC vs. Crystal Palace FC: O/U 2.5,0x43f4d488a479e0828cce8c3320f5ec57ae76560ae1ecf045ad7d6a23ede49adb,"[""68577983850351098624796130702206119039530523645316845484866218373620420401820"", ""36060150595456882058476797277932007924045201979510090420162197169771284627499""]",68577983850351098624796130702206119039530523645316845484866218373620420401820|36060150595456882058476797277932007924045201979510090420162197169771284627499,68577983850351098624796130702206119039530523645316845484866218373620420401820,Over,True,0.12,58.33,0.63,811.0,0.375,0.51,12db03cc39ec3464f2c2fd3d0b328826439da816,0.01,5,,429.5326,
2026-03-20T00:40:01Z,EPL,253588,epl-mac-cry-2026-03-21-more-markets,Manchester City FC vs. Crystal Palace FC - More Markets,2026-03-08T06:09:18.793534Z,1530725,epl-mac-cry-2026-03-21-total-2pt5,Manchester City FC vs. Crystal Palace FC: O/U 2.5,0x43f4d488a479e0828cce8c3320f5ec57ae76560ae1ecf045ad7d6a23ede49adb,"[""68577983850351098624796130702206119039530523645316845484866218373620420401820"", ""36060150595456882058476797277932007924045201979510090420162197169771284627499""]",68577983850351098624796130702206119039530523645316845484866218373620420401820|36060150595456882058476797277932007924045201979510090420162197169771284627499,36060150595456882058476797277932007924045201979510090420162197169771284627499,Under,True,0.37,811.0,0.88,58.33,0.625,0.51,65d1d075f87edfe632cbdec40d4bc638f3d021a8,0.01,5,,429.5326,
2026-03-20T00:40:01Z,EPL,253588,epl-mac-cry-2026-03-21-more-markets,Manchester City FC vs. Crystal Palace FC - More Markets,2026-03-08T06:09:18.793534Z,1530727,epl-mac-cry-2026-03-21-total-3pt5,Manchester City FC vs. Crystal Palace FC: O/U 3.5,0x18fb41710d5c4ddccabffd7fa5fab8cbb95bc03c3298b50b73d32ecf8772d788,"[""20235308610376850342626702590870583473003184996774466784873471349150678358835"", ""63394102006479299032675495410866536270661051459022470967801568018173772176089""]",20235308610376850342626702590870583473003184996774466784873471349150678358835|63394102006479299032675495410866536270661051459022470967801568018173772176089,20235308610376850342626702590870583473003184996774466784873471349150678358835,Over,True,0.12,15.0,0.75,15.0,0.435,0.63,bb0a73c93d561d535825fee0c06bb03d34e7181e,0.01,5,,137.2081,
2026-03-20T00:40:01Z,EPL,253588,epl-mac-cry-2026-03-21-more-markets,Manchester City FC vs. Crystal Palace FC - More Markets,2026-03-08T06:09:18.793534Z,1530727,epl-mac-cry-2026-03-21-total-3pt5,Manchester City FC vs. Crystal Palace FC: O/U 3.5,0x18fb41710d5c4ddccabffd7fa5fab8cbb95bc03c3298b50b73d32ecf8772d788,"[""20235308610376850342626702590870583473003184996774466784873471349150678358835"", ""63394102006479299032675495410866536270661051459022470967801568018173772176089""]",20235308610376850342626702590870583473003184996774466784873471349150678358835|63394102006479299032675495410866536270661051459022470967801568018173772176089,63394102006479299032675495410866536270661051459022470967801568018173772176089,Under,True,0.25,15.0,0.88,15.0,0.565,0.63,954a3bf0ff66dacfecbdf5f7aa80867635655680,0.01,5,,137.2081,
2026-03-20T00:40:01Z,EPL,253588,epl-mac-cry-2026-03-21-more-markets,Manchester City FC vs. Crystal Palace FC - More Markets,2026-03-08T06:09:18.793534Z,1530731,epl-mac-cry-2026-03-21-total-4pt5,Manchester City FC vs. Crystal Palace FC: O/U 4.5,0x516c22a499415ca27e20955a2a5c55df0a31a0d511533ec30cb0f687e0d6921c,"[""82017633256975475105006275086108145859840749789959746804637288342436440119021"", ""86738592956619787277499796400682526297286787484715942797825573285097782982849""]",82017633256975475105006275086108145859840749789959746804637288342436440119021|86738592956619787277499796400682526297286787484715942797825573285097782982849,82017633256975475105006275086108145859840749789959746804637288342436440119021,Over,True,0.09,333.33,0.52,13.54,0.305,0.43000000000000005,72743b10f57f030b80dc39785656563753cd7510,0.01,5,0.100,140.3787,
2026-03-20T00:40:01Z,EPL,253588,epl-mac-cry-2026-03-21-more-markets,Manchester City FC vs. Crystal Palace FC - More Markets,2026-03-08T06:09:18.793534Z,1530731,epl-mac-cry-2026-03-21-total-4pt5,Manchester City FC vs. Crystal Palace FC: O/U 4.5,0x516c22a499415ca27e20955a2a5c55df0a31a0d511533ec30cb0f687e0d6921c,"[""82017633256975475105006275086108145859840749789959746804637288342436440119021"", ""86738592956619787277499796400682526297286787484715942797825573285097782982849""]",82017633256975475105006275086108145859840749789959746804637288342436440119021|86738592956619787277499796400682526297286787484715942797825573285097782982849,86738592956619787277499796400682526297286787484715942797825573285097782982849,Under,True,0.48,13.54,0.91,333.33,0.6950000000000001,0.43000000000000005,41092b473d9978ac49336ac29e64c032b72c83e4,0.01,5,0.100,140.3787,
2026-03-20T00:40:01Z,EPL,253588,epl-mac-cry-2026-03-21-more-markets,Manchester City FC vs. Crystal Palace FC - More Markets,2026-03-08T06:09:18.793534Z,1530735,epl-mac-cry-2026-03-21-btts,Manchester City FC vs. Crystal Palace FC: Both Teams to Score,0x1c2fffa80aabe16e2667cbc6ea633bc32576bc0924aed07ef4174a1fd0aaac60,"[""38970232832980065774023138709741891222905558088665732513251076873095918917440"", ""73863060249522944896600744666768625704457188017862075520914568506829395043507""]",38970232832980065774023138709741891222905558088665732513251076873095918917440|73863060249522944896600744666768625704457188017862075520914568506829395043507,38970232832980065774023138709741891222905558088665732513251076873095918917440,Yes,True,0.51,12.74,0.85,15.0,0.6799999999999999,0.33999999999999997,8bde715410b61a8676d5ebf91a5b381632735bf9,0.01,5,0.500,150.2579,57.43
2026-03-20T00:40:01Z,EPL,253588,epl-mac-cry-2026-03-21-more-markets,Manchester City FC vs. Crystal Palace FC - More Markets,2026-03-08T06:09:18.793534Z,1530735,epl-mac-cry-2026-03-21-btts,Manchester City FC vs. Crystal Palace FC: Both Teams to Score,0x1c2fffa80aabe16e2667cbc6ea633bc32576bc0924aed07ef4174a1fd0aaac60,"[""38970232832980065774023138709741891222905558088665732513251076873095918917440"", ""73863060249522944896600744666768625704457188017862075520914568506829395043507""]",38970232832980065774023138709741891222905558088665732513251076873095918917440|73863060249522944896600744666768625704457188017862075520914568506829395043507,73863060249522944896600744666768625704457188017862075520914568506829395043507,No,True,0.15,15.0,0.49,12.74,0.32,0.33999999999999997,0a9fe80f46e64c6616a085c6c622f1f37fb90703,0.01,5,0.500,150.2579,57.43
2026-03-20T00:40:01Z,EPL,253593,epl-bri-liv-2026-03-21-more-markets,Brighton & Hove Albion FC vs. Liverpool FC - More Markets,2026-03-08T06:13:25.18324Z,1530756,epl-bri-liv-2026-03-21-spread-home-1pt5,Spread: Brighton & Hove Albion FC (-1.5),0x2a6b39e3b7a38fb58c0c648a276a2169375860e3bd06244e6a1ef8514383f89f,"[""21399063166525101869780193791779110391068380698535370296303086420520349789892"", ""42968655304320657961339568050102578810716050342644819031194341553793147623840""]",21399063166525101869780193791779110391068380698535370296303086420520349789892|42968655304320657961339568050102578810716050342644819031194341553793147623840,21399063166525101869780193791779110391068380698535370296303086420520349789892,Brighton & Hove Albion FC,True,0.13,20.0,0.15,540.0,0.14,0.01999999999999999,1181779213ebe88cf6ac83c1c062406737dcd143,0.001,5,0.850,2571.87226,136.287621
2026-03-20T00:40:01Z,EPL,253593,epl-bri-liv-2026-03-21-more-markets,Brighton & Hove Albion FC vs. Liverpool FC - More Markets,2026-03-08T06:13:25.18324Z,1530756,epl-bri-liv-2026-03-21-spread-home-1pt5,Spread: Brighton & Hove Albion FC (-1.5),0x2a6b39e3b7a38fb58c0c648a276a2169375860e3bd06244e6a1ef8514383f89f,"[""21399063166525101869780193791779110391068380698535370296303086420520349789892"", ""42968655304320657961339568050102578810716050342644819031194341553793147623840""]",21399063166525101869780193791779110391068380698535370296303086420520349789892|42968655304320657961339568050102578810716050342644819031194341553793147623840,42968655304320657961339568050102578810716050342644819031194341553793147623840,Liverpool FC,True,0.85,540.0,0.87,20.0,0.86,0.020000000000000018,05cc14a48b71c9e4ee81d89294d0d66b6f49cf91,0.001,5,0.850,2571.87226,136.287621
2026-03-20T00:40:01Z,EPL,253593,epl-bri-liv-2026-03-21-more-markets,Brighton & Hove Albion FC vs. Liverpool FC - More Markets,2026-03-08T06:13:25.18324Z,1530760,epl-bri-liv-2026-03-21-spread-away-1pt5,Spread: Liverpool FC (-1.5),0x8c765c6c4e2e97a200103a93d7e76decd4af8cf2a95c8ca917bd09c321c387bd,"[""78249021770485819464110203747114823930729729644216490196477052005877846856852"", ""10927092017166306521198949572755653487717462323514942763054036316129700753392""]",78249021770485819464110203747114823930729729644216490196477052005877846856852|10927092017166306521198949572755653487717462323514942763054036316129700753392,78249021770485819464110203747114823930729729644216490196477052005877846856852,Liverpool FC,True,0.21,215.0,0.23,217.11,0.22,0.020000000000000018,025bc89e772b9813c2fd3750f7e895229a5ce68e,0.01,5,0.770,2539.0657,254.528576
2026-03-20T00:40:01Z,EPL,253593,epl-bri-liv-2026-03-21-more-markets,Brighton & Hove Albion FC vs. Liverpool FC - More Markets,2026-03-08T06:13:25.18324Z,1530760,epl-bri-liv-2026-03-21-spread-away-1pt5,Spread: Liverpool FC (-1.5),0x8c765c6c4e2e97a200103a93d7e76decd4af8cf2a95c8ca917bd09c321c387bd,"[""78249021770485819464110203747114823930729729644216490196477052005877846856852"", ""10927092017166306521198949572755653487717462323514942763054036316129700753392""]",78249021770485819464110203747114823930729729644216490196477052005877846856852|10927092017166306521198949572755653487717462323514942763054036316129700753392,10927092017166306521198949572755653487717462323514942763054036316129700753392,Brighton & Hove Albion FC,True,0.77,217.11,0.79,215.0,0.78,0.020000000000000018,09df429481d229f0b9f824ab678446d6ac154b87,0.01,5,0.770,2539.0657,254.528576
2026-03-20T00:40:01Z,EPL,253593,epl-bri-liv-2026-03-21-more-markets,Brighton & Hove Albion FC vs. Liverpool FC - More Markets,2026-03-08T06:13:25.18324Z,1530763,epl-bri-liv-2026-03-21-spread-home-2pt5,Spread: Brighton & Hove Albion FC (-2.5),0x6c5d6e5132c416709a74182487a3c3be02403ebdbaa7bbe15bd2745f54e40b57,"[""52238743543646151948469178298779446328533238204292239506219492656133754287493"", ""80430732831840332378476734411976224312656953110945879585971828576879987370344""]",52238743543646151948469178298779446328533238204292239506219492656133754287493|80430732831840332378476734411976224312656953110945879585971828576879987370344,52238743543646151948469178298779446328533238204292239506219492656133754287493,Brighton & Hove Albion FC,True,0.04,93.0,0.08,12.0,0.06,0.04,a77ddf1f3d35d693b6d0e3a553656d43fef58311,0.01,5,0.050,712.4366,
2026-03-20T00:40:01Z,EPL,253593,epl-bri-liv-2026-03-21-more-markets,Brighton & Hove Albion FC vs. Liverpool FC - More Markets,2026-03-08T06:13:25.18324Z,1530763,epl-bri-liv-2026-03-21-spread-home-2pt5,Spread: Brighton & Hove Albion FC (-2.5),0x6c5d6e5132c416709a74182487a3c3be02403ebdbaa7bbe15bd2745f54e40b57,"[""52238743543646151948469178298779446328533238204292239506219492656133754287493"", ""80430732831840332378476734411976224312656953110945879585971828576879987370344""]",52238743543646151948469178298779446328533238204292239506219492656133754287493|80430732831840332378476734411976224312656953110945879585971828576879987370344,80430732831840332378476734411976224312656953110945879585971828576879987370344,Liverpool FC,True,0.92,12.0,0.96,93.0,0.94,0.039999999999999925,30dddfc4e981a760ae5e7e5e2dbe313e78df4022,0.01,5,0.050,712.4366,
2026-03-20T00:40:01Z,EPL,253593,epl-bri-liv-2026-03-21-more-markets,Brighton & Hove Albion FC vs. Liverpool FC - More Markets,2026-03-08T06:13:25.18324Z,1530766,epl-bri-liv-2026-03-21-spread-away-2pt5,Spread: Liverpool FC (-2.5),0x8a51be5c52b369c62aed7227681946f9e6d52eede1db4fe84456b997509145a4,"[""6660905685311556038703724285724441231596038311713681292462702214273211197925"", ""23966252247326773031296454855830790529806527351340117205733373237481031680358""]",6660905685311556038703724285724441231596038311713681292462702214273211197925|23966252247326773031296454855830790529806527351340117205733373237481031680358,6660905685311556038703724285724441231596038311713681292462702214273211197925,Liverpool FC,True,0.07,86.0,0.1,85.0,0.085,0.03,25a8cddb0de51a52db8efe406b5960a7cf18c485,0.01,5,0.900,501.5701,79.820582
2026-03-20T00:40:01Z,EPL,253593,epl-bri-liv-2026-03-21-more-markets,Brighton & Hove Albion FC vs. Liverpool FC - More Markets,2026-03-08T06:13:25.18324Z,1530766,epl-bri-liv-2026-03-21-spread-away-2pt5,Spread: Liverpool FC (-2.5),0x8a51be5c52b369c62aed7227681946f9e6d52eede1db4fe84456b997509145a4,"[""6660905685311556038703724285724441231596038311713681292462702214273211197925"", ""23966252247326773031296454855830790529806527351340117205733373237481031680358""]",6660905685311556038703724285724441231596038311713681292462702214273211197925|23966252247326773031296454855830790529806527351340117205733373237481031680358,23966252247326773031296454855830790529806527351340117205733373237481031680358,Brighton & Hove Albion FC,True,0.9,85.0,0.93,86.0,0.915,0.030000000000000027,6d751c134be7a092d23314048c35b9e75cbdc1a3,0.01,5,0.900,501.5701,79.820582
2026-03-20T00:40:01Z,EPL,253593,epl-bri-liv-2026-03-21-more-markets,Brighton & Hove Albion FC vs. Liverpool FC - More Markets,2026-03-08T06:13:25.18324Z,1530778,epl-bri-liv-2026-03-21-total-2pt5,Brighton & Hove Albion FC vs. Liverpool FC: O/U 2.5,0xd40f11784601a47c1a35b37e4da6190b5f34af424a00db5b76d3325593a39ecb,"[""11024087650467587029427270473463500411163744950459468594442487249559100111953"", ""3968938763790496520600308116898812458752236590656045790970777650235987882540""]",11024087650467587029427270473463500411163744950459468594442487249559100111953|3968938763790496520600308116898812458752236590656045790970777650235987882540,11024087650467587029427270473463500411163744950459468594442487249559100111953,Over,True,0.55,10.0,0.56,159.65,0.555,0.010000000000000009,2276dee2d271968c7c38b00af95b3693a0623bcc,0.01,5,0.440,113974.3418,1088.8102570000003
2026-03-20T00:40:01Z,EPL,253593,epl-bri-liv-2026-03-21-more-markets,Brighton & Hove Albion FC vs. Liverpool FC - More Markets,2026-03-08T06:13:25.18324Z,1530778,epl-bri-liv-2026-03-21-total-2pt5,Brighton & Hove Albion FC vs. Liverpool FC: O/U 2.5,0xd40f11784601a47c1a35b37e4da6190b5f34af424a00db5b76d3325593a39ecb,"[""11024087650467587029427270473463500411163744950459468594442487249559100111953"", ""3968938763790496520600308116898812458752236590656045790970777650235987882540""]",11024087650467587029427270473463500411163744950459468594442487249559100111953|3968938763790496520600308116898812458752236590656045790970777650235987882540,3968938763790496520600308116898812458752236590656045790970777650235987882540,Under,True,0.44,159.65,0.45,10.0,0.445,0.010000000000000009,299693633b6b3153609598fc1833d95e7423d599,0.01,5,0.440,113974.3418,1088.8102570000003
2026-03-20T00:40:01Z,EPL,253593,epl-bri-liv-2026-03-21-more-markets,Brighton & Hove Albion FC vs. Liverpool FC - More Markets,2026-03-08T06:13:25.18324Z,1530783,epl-bri-liv-2026-03-21-total-3pt5,Brighton & Hove Albion FC vs. Liverpool FC: O/U 3.5,0xaa2d1bb966d87af3a81ee5c0cbfb9ffc24c8be67ab5e4bd0d29db4925ecb9b06,"[""86319762852624821790295189619841961931135040953488718424770410318994718364964"", ""95940069437706018559337376334297147310645586177580026299330042093255325193833""]",86319762852624821790295189619841961931135040953488718424770410318994718364964|95940069437706018559337376334297147310645586177580026299330042093255325193833,86319762852624821790295189619841961931135040953488718424770410318994718364964,Over,True,0.33,281.5,0.34,256.0,0.335,0.010000000000000009,a826cb2bac6ecd9d452d893411a05193f54452a6,0.01,5,0.330,112817.647,1468.3172429999997
2026-03-20T00:40:01Z,EPL,253593,epl-bri-liv-2026-03-21-more-markets,Brighton & Hove Albion FC vs. Liverpool FC - More Markets,2026-03-08T06:13:25.18324Z,1530783,epl-bri-liv-2026-03-21-total-3pt5,Brighton & Hove Albion FC vs. Liverpool FC: O/U 3.5,0xaa2d1bb966d87af3a81ee5c0cbfb9ffc24c8be67ab5e4bd0d29db4925ecb9b06,"[""86319762852624821790295189619841961931135040953488718424770410318994718364964"", ""95940069437706018559337376334297147310645586177580026299330042093255325193833""]",86319762852624821790295189619841961931135040953488718424770410318994718364964|95940069437706018559337376334297147310645586177580026299330042093255325193833,95940069437706018559337376334297147310645586177580026299330042093255325193833,Under,True,0.66,256.0,0.67,281.5,0.665,0.010000000000000009,de67ba1d8de8e7097fe16b330013a8b2d6887156,0.01,5,0.330,112817.647,1468.3172429999997
2026-03-20T00:40:01Z,EPL,253593,epl-bri-liv-2026-03-21-more-markets,Brighton & Hove Albion FC vs. Liverpool FC - More Markets,2026-03-08T06:13:25.18324Z,1530786,epl-bri-liv-2026-03-21-total-4pt5,Brighton & Hove Albion FC vs. Liverpool FC: O/U 4.5,0x2d0a520179ed5746c68f0a84cae9658978dc37eab78f37e09b112be07795c730,"[""111493367939050749359219340072266136613215167050434639764031190372350144348796"", ""34454671842839199771538876652879616609873849746921881298439502962117456063608""]",111493367939050749359219340072266136613215167050434639764031190372350144348796|34454671842839199771538876652879616609873849746921881298439502962117456063608,111493367939050749359219340072266136613215167050434639764031190372350144348796,Over,True,0.16,8.8,0.17,20.0,0.165,0.010000000000000009,47b9f0fdc432054867ba0bdd8e2f76f21a47d441,0.01,5,0.160,5714.1246,1141.3222400000004
2026-03-20T00:40:01Z,EPL,253593,epl-bri-liv-2026-03-21-more-markets,Brighton & Hove Albion FC vs. Liverpool FC - More Markets,2026-03-08T06:13:25.18324Z,1530786,epl-bri-liv-2026-03-21-total-4pt5,Brighton & Hove Albion FC vs. Liverpool FC: O/U 4.5,0x2d0a520179ed5746c68f0a84cae9658978dc37eab78f37e09b112be07795c730,"[""111493367939050749359219340072266136613215167050434639764031190372350144348796"", ""34454671842839199771538876652879616609873849746921881298439502962117456063608""]",111493367939050749359219340072266136613215167050434639764031190372350144348796|34454671842839199771538876652879616609873849746921881298439502962117456063608,34454671842839199771538876652879616609873849746921881298439502962117456063608,Under,True,0.83,20.0,0.84,8.8,0.835,0.010000000000000009,6a3774ae1ad2a29c332908d056022d01859a6582,0.01,5,0.160,5714.1246,1141.3222400000004
2026-03-20T00:40:01Z,EPL,253593,epl-bri-liv-2026-03-21-more-markets,Brighton & Hove Albion FC vs. Liverpool FC - More Markets,2026-03-08T06:13:25.18324Z,1530769,epl-bri-liv-2026-03-21-total-1pt5,Brighton & Hove Albion FC vs. Liverpool FC: O/U 1.5,0x86819c0bcffcc1c004ed8436e2eda21997b63ae25804b41fb0443632635cfe88,"[""101070224569007100403234902851277946123011038808348157293013751848789320706940"", ""24821750291743506411502347005351000734597447979513284404287652911208185942079""]",101070224569007100403234902851277946123011038808348157293013751848789320706940|24821750291743506411502347005351000734597447979513284404287652911208185942079,101070224569007100403234902851277946123011038808348157293013751848789320706940,Over,True,0.78,71.01,0.8,12.34,0.79,0.020000000000000018,903274f866cd56a9801a2911120304d493f3a4c9,0.01,5,0.200,6200.4048,1086.6454529999999
2026-03-20T00:40:01Z,EPL,253593,epl-bri-liv-2026-03-21-more-markets,Brighton & Hove Albion FC vs. Liverpool FC - More Markets,2026-03-08T06:13:25.18324Z,1530769,epl-bri-liv-2026-03-21-total-1pt5,Brighton & Hove Albion FC vs. Liverpool FC: O/U 1.5,0x86819c0bcffcc1c004ed8436e2eda21997b63ae25804b41fb0443632635cfe88,"[""101070224569007100403234902851277946123011038808348157293013751848789320706940"", ""24821750291743506411502347005351000734597447979513284404287652911208185942079""]",101070224569007100403234902851277946123011038808348157293013751848789320706940|24821750291743506411502347005351000734597447979513284404287652911208185942079,24821750291743506411502347005351000734597447979513284404287652911208185942079,Under,True,0.2,12.34,0.22,71.01,0.21000000000000002,0.01999999999999999,a838e0878e0990af081578f4b581de46d4e54800,0.01,5,0.200,6200.4048,1086.6454529999999
2026-03-20T00:40:01Z,EPL,253593,epl-bri-liv-2026-03-21-more-markets,Brighton & Hove Albion FC vs. Liverpool FC - More Markets,2026-03-08T06:13:25.18324Z,1530788,epl-bri-liv-2026-03-21-btts,Brighton & Hove Albion FC vs. Liverpool FC: Both Teams to Score,0x1d2309878549353793a1c69901ed6d04b7af31e9ffacfff79f15bb4e0932a237,"[""94221463754250294503528730364681620510775909524042402474717006422790121894655"", ""46098037125499219582746538196087905206603788521600452702922328639185076385619""]",94221463754250294503528730364681620510775909524042402474717006422790121894655|46098037125499219582746538196087905206603788521600452702922328639185076385619,94221463754250294503528730364681620510775909524042402474717006422790121894655,Yes,True,0.59,756.0,0.61,687.83,0.6,0.020000000000000018,5e29b3fc09c045e67cc65301cc161b90c2c03d4a,0.01,5,0.610,11046.848,831.1851790000002
2026-03-20T00:40:01Z,EPL,253593,epl-bri-liv-2026-03-21-more-markets,Brighton & Hove Albion FC vs. Liverpool FC - More Markets,2026-03-08T06:13:25.18324Z,1530788,epl-bri-liv-2026-03-21-btts,Brighton & Hove Albion FC vs. Liverpool FC: Both Teams to Score,0x1d2309878549353793a1c69901ed6d04b7af31e9ffacfff79f15bb4e0932a237,"[""94221463754250294503528730364681620510775909524042402474717006422790121894655"", ""46098037125499219582746538196087905206603788521600452702922328639185076385619""]",94221463754250294503528730364681620510775909524042402474717006422790121894655|46098037125499219582746538196087905206603788521600452702922328639185076385619,46098037125499219582746538196087905206603788521600452702922328639185076385619,No,True,0.39,687.83,0.41,756.0,0.4,0.019999999999999962,75ce98daaf869469ee2980ad18fe49314b093524,0.01,5,0.610,11046.848,831.1851790000002
2026-03-20T00:40:01Z,EPL,257262,epl-new-sun-2026-03-22,Newcastle United FC vs. Sunderland AFC,2026-03-09T21:57:30.208579Z,1543344,epl-new-sun-2026-03-22-new,Will Newcastle United FC win on 2026-03-22?,0x45850adbd2a852733e49fa78f751068ded2cae743659f79d1e5866511544494f,"[""10885467299441552228788850101470585456308768964919166322786491251099537441146"", ""115501368180873268963531863806654267853965114638274999905959492424621031672113""]",10885467299441552228788850101470585456308768964919166322786491251099537441146|115501368180873268963531863806654267853965114638274999905959492424621031672113,10885467299441552228788850101470585456308768964919166322786491251099537441146,Yes,True,0.57,19946.11,0.58,437.15,0.575,0.010000000000000009,74d67560893a3ba38a6dbbc40d41171fbf6db721,0.01,5,0.420,204509.4842,5848.130530000006
2026-03-20T00:40:01Z,EPL,257262,epl-new-sun-2026-03-22,Newcastle United FC vs. Sunderland AFC,2026-03-09T21:57:30.208579Z,1543344,epl-new-sun-2026-03-22-new,Will Newcastle United FC win on 2026-03-22?,0x45850adbd2a852733e49fa78f751068ded2cae743659f79d1e5866511544494f,"[""10885467299441552228788850101470585456308768964919166322786491251099537441146"", ""115501368180873268963531863806654267853965114638274999905959492424621031672113""]",10885467299441552228788850101470585456308768964919166322786491251099537441146|115501368180873268963531863806654267853965114638274999905959492424621031672113,115501368180873268963531863806654267853965114638274999905959492424621031672113,No,True,0.42,437.15,0.43,19946.11,0.425,0.010000000000000009,0ad38ceca0e816c0ff4b3417d3b1c5058a985475,0.01,5,0.420,204509.4842,5848.130530000006
2026-03-20T00:40:01Z,EPL,257262,epl-new-sun-2026-03-22,Newcastle United FC vs. Sunderland AFC,2026-03-09T21:57:30.208579Z,1543348,epl-new-sun-2026-03-22-sun,Will Sunderland AFC win on 2026-03-22?,0x2bb7832e293d9bb69c8a8ea4bfc61bff2b80316ac0b256c9ca9153006770afb8,"[""108584090264102648962644744492897955588592661017273351760471080706733288752999"", ""83542809262059125772483157786780210336304387732181009432538984653574689598699""]",108584090264102648962644744492897955588592661017273351760471080706733288752999|83542809262059125772483157786780210336304387732181009432538984653574689598699,108584090264102648962644744492897955588592661017273351760471080706733288752999,Yes,True,0.18,152.48,0.19,59285.55,0.185,0.010000000000000009,1dd63212b13ed44f39133d1f70c23599f6ecc953,0.01,5,0.810,214343.1522,1181.2880290000016
2026-03-20T00:40:01Z,EPL,257262,epl-new-sun-2026-03-22,Newcastle United FC vs. Sunderland AFC,2026-03-09T21:57:30.208579Z,1543348,epl-new-sun-2026-03-22-sun,Will Sunderland AFC win on 2026-03-22?,0x2bb7832e293d9bb69c8a8ea4bfc61bff2b80316ac0b256c9ca9153006770afb8,"[""108584090264102648962644744492897955588592661017273351760471080706733288752999"", ""83542809262059125772483157786780210336304387732181009432538984653574689598699""]",108584090264102648962644744492897955588592661017273351760471080706733288752999|83542809262059125772483157786780210336304387732181009432538984653574689598699,83542809262059125772483157786780210336304387732181009432538984653574689598699,No,True,0.81,59285.55,0.82,152.48,0.815,0.009999999999999898,f6d7b3348401aeea283b58424e128615dd9632c3,0.01,5,0.810,214343.1522,1181.2880290000016
2026-03-20T00:40:01Z,EPL,257262,epl-new-sun-2026-03-22,Newcastle United FC vs. Sunderland AFC,2026-03-09T21:57:30.208579Z,1543346,epl-new-sun-2026-03-22-draw,Will Newcastle United FC vs. Sunderland AFC end in a draw?,0x3b0174e4af114d66d7efc9a672e2cc5a2b612684ef5c75c1cdb046862fd06e50,"[""51526304248714652925751686709884470232531438128464338748675699076173232984667"", ""50131900225233218577770183084627719923060433924685026736703122424510833594517""]",51526304248714652925751686709884470232531438128464338748675699076173232984667|50131900225233218577770183084627719923060433924685026736703122424510833594517,51526304248714652925751686709884470232531438128464338748675699076173232984667,Yes,True,0.24,10.0,0.25,14856.18,0.245,0.010000000000000009,c9c042e3d9873af072a4d2e68cefb19197065eb5,0.01,5,0.750,185736.0843,849.0147720000002
2026-03-20T00:40:01Z,EPL,257262,epl-new-sun-2026-03-22,Newcastle United FC vs. Sunderland AFC,2026-03-09T21:57:30.208579Z,1543346,epl-new-sun-2026-03-22-draw,Will Newcastle United FC vs. Sunderland AFC end in a draw?,0x3b0174e4af114d66d7efc9a672e2cc5a2b612684ef5c75c1cdb046862fd06e50,"[""51526304248714652925751686709884470232531438128464338748675699076173232984667"", ""50131900225233218577770183084627719923060433924685026736703122424510833594517""]",51526304248714652925751686709884470232531438128464338748675699076173232984667|50131900225233218577770183084627719923060433924685026736703122424510833594517,50131900225233218577770183084627719923060433924685026736703122424510833594517,No,True,0.75,14856.18,0.76,10.0,0.755,0.010000000000000009,33019c3af0982c0bc1fec2092bd8faff44d1cab8,0.01,5,0.750,185736.0843,849.0147720000002
2026-03-20T00:40:01Z,EPL,257265,epl-ast-wes-2026-03-22,Aston Villa FC vs. West Ham United FC,2026-03-09T21:53:25.505227Z,1543351,epl-ast-wes-2026-03-22-ast,Will Aston Villa FC win on 2026-03-22?,0xd8e0bd05d6a890ae7cfb4c107aab6282a73ed1d02d65554bc1aeca3106836df5,"[""73363858982080595126758051311635899502779080022252508727124659435716051517465"", ""72033887991694904366687365017136803881175914859775110876416055309613966113361""]",73363858982080595126758051311635899502779080022252508727124659435716051517465|72033887991694904366687365017136803881175914859775110876416055309613966113361,73363858982080595126758051311635899502779080022252508727124659435716051517465,Yes,True,0.48,16111.64,0.49,1998.43,0.485,0.010000000000000009,f68a3a3e2d17d43741160953f7f4a7e20a3d31d7,0.01,5,0.510,213430.4507,7863.073165000002
2026-03-20T00:40:01Z,EPL,257265,epl-ast-wes-2026-03-22,Aston Villa FC vs. West Ham United FC,2026-03-09T21:53:25.505227Z,1543351,epl-ast-wes-2026-03-22-ast,Will Aston Villa FC win on 2026-03-22?,0xd8e0bd05d6a890ae7cfb4c107aab6282a73ed1d02d65554bc1aeca3106836df5,"[""73363858982080595126758051311635899502779080022252508727124659435716051517465"", ""72033887991694904366687365017136803881175914859775110876416055309613966113361""]",73363858982080595126758051311635899502779080022252508727124659435716051517465|72033887991694904366687365017136803881175914859775110876416055309613966113361,72033887991694904366687365017136803881175914859775110876416055309613966113361,No,True,0.51,1998.43,0.52,16111.64,0.515,0.010000000000000009,9e2b467f29fb458bf62a77b8b9b710ae3384d9cd,0.01,5,0.510,213430.4507,7863.073165000002
2026-03-20T00:40:01Z,EPL,257265,epl-ast-wes-2026-03-22,Aston Villa FC vs. West Ham United FC,2026-03-09T21:53:25.505227Z,1543353,epl-ast-wes-2026-03-22-wes,Will West Ham United FC win on 2026-03-22?,0x48ec7c369d0c2b5f210f07c3d04b650bcd18df55f48d542d7cac60e961036342,"[""34128608760733939864054955741468108858310437205139212516744437521944240103548"", ""89663701873023040897525684265372240252126905406950953231166553417404228683297""]",34128608760733939864054955741468108858310437205139212516744437521944240103548|89663701873023040897525684265372240252126905406950953231166553417404228683297,34128608760733939864054955741468108858310437205139212516744437521944240103548,Yes,True,0.24,896.93,0.25,7438.46,0.245,0.010000000000000009,dad25cc3704a7a28a6b4a68a4af186746fab79fc,0.01,5,0.760,202044.1609,2271.3223840000005
2026-03-20T00:40:01Z,EPL,257265,epl-ast-wes-2026-03-22,Aston Villa FC vs. West Ham United FC,2026-03-09T21:53:25.505227Z,1543353,epl-ast-wes-2026-03-22-wes,Will West Ham United FC win on 2026-03-22?,0x48ec7c369d0c2b5f210f07c3d04b650bcd18df55f48d542d7cac60e961036342,"[""34128608760733939864054955741468108858310437205139212516744437521944240103548"", ""89663701873023040897525684265372240252126905406950953231166553417404228683297""]",34128608760733939864054955741468108858310437205139212516744437521944240103548|89663701873023040897525684265372240252126905406950953231166553417404228683297,89663701873023040897525684265372240252126905406950953231166553417404228683297,No,True,0.75,7438.46,0.76,896.93,0.755,0.010000000000000009,ab43bf19295d7716cf47b41e425ce42da1820d09,0.01,5,0.760,202044.1609,2271.3223840000005
2026-03-20T00:40:01Z,EPL,257265,epl-ast-wes-2026-03-22,Aston Villa FC vs. West Ham United FC,2026-03-09T21:53:25.505227Z,1543352,epl-ast-wes-2026-03-22-draw,Will Aston Villa FC vs. West Ham United FC end in a draw?,0x2f2d1d4fffcaab844e9c6c85aab1aacbcd57ac6b03e0d0949e49833247d01f75,"[""42939381682784576825453357190498255585865955637432387998187864113263900442895"", ""49749884975944694185486894911420611413860465625664409883184562948483703225420""]",42939381682784576825453357190498255585865955637432387998187864113263900442895|49749884975944694185486894911420611413860465625664409883184562948483703225420,42939381682784576825453357190498255585865955637432387998187864113263900442895,Yes,True,0.26,4426.64,0.27,2598.47,0.265,0.010000000000000009,c53cfa48e7671addf796e13cb34593e0624e6097,0.01,5,0.730,199292.4721,1384.090182
2026-03-20T00:40:01Z,EPL,257265,epl-ast-wes-2026-03-22,Aston Villa FC vs. West Ham United FC,2026-03-09T21:53:25.505227Z,1543352,epl-ast-wes-2026-03-22-draw,Will Aston Villa FC vs. West Ham United FC end in a draw?,0x2f2d1d4fffcaab844e9c6c85aab1aacbcd57ac6b03e0d0949e49833247d01f75,"[""42939381682784576825453357190498255585865955637432387998187864113263900442895"", ""49749884975944694185486894911420611413860465625664409883184562948483703225420""]",42939381682784576825453357190498255585865955637432387998187864113263900442895|49749884975944694185486894911420611413860465625664409883184562948483703225420,49749884975944694185486894911420611413860465625664409883184562948483703225420,No,True,0.73,2598.47,0.74,4426.64,0.735,0.010000000000000009,6ada8cac891d6970d3d86b6fbfa342b060266438,0.01,5,0.730,199292.4721,1384.090182
2026-03-20T00:40:01Z,EPL,257267,epl-tot-not-2026-03-22,Tottenham Hotspur FC vs. Nottingham Forest FC,2026-03-09T21:33:30.999501Z,1543356,epl-tot-not-2026-03-22-draw,Will Tottenham Hotspur FC vs. Nottingham Forest FC end in a draw?,0x799a34d249e0532a8b08a4c29a76796b69699dbffcc512b544f91e0055c88962,"[""102952359371713609318969598202838569649273730194584084836269446961937117728791"", ""45032622081608353735696431348638882345650401469227225421751657264934478957509""]",102952359371713609318969598202838569649273730194584084836269446961937117728791|45032622081608353735696431348638882345650401469227225421751657264934478957509,102952359371713609318969598202838569649273730194584084836269446961937117728791,Yes,True,0.28,1217.31,0.29,60348.29,0.28500000000000003,0.009999999999999953,e10e7dda5977e89c6062de79d7cd7039432935fa,0.01,5,0.280,227189.4609,10558.946338000003
2026-03-20T00:40:01Z,EPL,257267,epl-tot-not-2026-03-22,Tottenham Hotspur FC vs. Nottingham Forest FC,2026-03-09T21:33:30.999501Z,1543356,epl-tot-not-2026-03-22-draw,Will Tottenham Hotspur FC vs. Nottingham Forest FC end in a draw?,0x799a34d249e0532a8b08a4c29a76796b69699dbffcc512b544f91e0055c88962,"[""102952359371713609318969598202838569649273730194584084836269446961937117728791"", ""45032622081608353735696431348638882345650401469227225421751657264934478957509""]",102952359371713609318969598202838569649273730194584084836269446961937117728791|45032622081608353735696431348638882345650401469227225421751657264934478957509,45032622081608353735696431348638882345650401469227225421751657264934478957509,No,True,0.71,60348.29,0.72,1217.31,0.715,0.010000000000000009,e21c7aaf36d2289466b7ed626a0b919260d287a5,0.01,5,0.280,227189.4609,10558.946338000003
2026-03-20T00:40:01Z,EPL,257267,epl-tot-not-2026-03-22,Tottenham Hotspur FC vs. Nottingham Forest FC,2026-03-09T21:33:30.999501Z,1543355,epl-tot-not-2026-03-22-tot,Will Tottenham Hotspur FC win on 2026-03-22?,0x64ef457888c25d7b3ef20e70b24e093dbd8192e4ee22d0f8bb7e483d3ffd9020,"[""66114996526440122956547433274930944365558758157855960717083628458982934849357"", ""60111508404774542056234387347108341054549804710377159374196728779787481002148""]",66114996526440122956547433274930944365558758157855960717083628458982934849357|60111508404774542056234387347108341054549804710377159374196728779787481002148,66114996526440122956547433274930944365558758157855960717083628458982934849357,Yes,True,0.42,23679.16,0.43,5628.91,0.425,0.010000000000000009,053e715c0a3c274a3346a00c1102931d9a402362,0.01,5,0.580,235608.2852,62807.64721800002
2026-03-20T00:40:01Z,EPL,257267,epl-tot-not-2026-03-22,Tottenham Hotspur FC vs. Nottingham Forest FC,2026-03-09T21:33:30.999501Z,1543355,epl-tot-not-2026-03-22-tot,Will Tottenham Hotspur FC win on 2026-03-22?,0x64ef457888c25d7b3ef20e70b24e093dbd8192e4ee22d0f8bb7e483d3ffd9020,"[""66114996526440122956547433274930944365558758157855960717083628458982934849357"", ""60111508404774542056234387347108341054549804710377159374196728779787481002148""]",66114996526440122956547433274930944365558758157855960717083628458982934849357|60111508404774542056234387347108341054549804710377159374196728779787481002148,60111508404774542056234387347108341054549804710377159374196728779787481002148,No,True,0.57,5628.91,0.58,23679.16,0.575,0.010000000000000009,4297e88254a5032380c64210f522497e16cb4f93,0.01,5,0.580,235608.2852,62807.64721800002
2026-03-20T00:40:01Z,EPL,257267,epl-tot-not-2026-03-22,Tottenham Hotspur FC vs. Nottingham Forest FC,2026-03-09T21:33:30.999501Z,1543357,epl-tot-not-2026-03-22-not,Will Nottingham Forest FC win on 2026-03-22?,0xafa97e6dce14b63011ff346eb362ecf0f11b9aec59bf9f86b6cc76f4afd77ae1,"[""90224464741112154651869318509933458753500483779981642128226272021696408171979"", ""100103491819904466179050165078973496471058956413791027921077879741187775077451""]",90224464741112154651869318509933458753500483779981642128226272021696408171979|100103491819904466179050165078973496471058956413791027921077879741187775077451,90224464741112154651869318509933458753500483779981642128226272021696408171979,Yes,True,0.28,9205.57,0.29,12.51,0.28500000000000003,0.009999999999999953,6269a5ff7d925d686afad9c48ff41ad4a751ba25,0.01,5,0.710,214306.2843,6826.006633000002
2026-03-20T00:40:01Z,EPL,257267,epl-tot-not-2026-03-22,Tottenham Hotspur FC vs. Nottingham Forest FC,2026-03-09T21:33:30.999501Z,1543357,epl-tot-not-2026-03-22-not,Will Nottingham Forest FC win on 2026-03-22?,0xafa97e6dce14b63011ff346eb362ecf0f11b9aec59bf9f86b6cc76f4afd77ae1,"[""90224464741112154651869318509933458753500483779981642128226272021696408171979"", ""100103491819904466179050165078973496471058956413791027921077879741187775077451""]",90224464741112154651869318509933458753500483779981642128226272021696408171979|100103491819904466179050165078973496471058956413791027921077879741187775077451,100103491819904466179050165078973496471058956413791027921077879741187775077451,No,True,0.71,12.51,0.72,9205.57,0.715,0.010000000000000009,7aeda6bed0bf7457966060944d282ced3b4eded7,0.01,5,0.710,214306.2843,6826.006633000002
2026-03-20T00:40:01Z,EPL,258084,epl-tot-not-2026-03-22-more-markets,Tottenham Hotspur FC vs. Nottingham Forest FC - More Markets,2026-03-10T05:13:39.161394Z,1547720,epl-tot-not-2026-03-22-spread-home-2pt5,Spread: Tottenham Hotspur FC (-2.5),0x87bd55dd322038d2c90d71cecca10215485f8a638c12e843c781e6baad843b89,"[""84039406432812309555365178415575373325111266382188484753033496873021911835212"", ""95331076359815310046685193578319599931446860627394693318464363976312891965734""]",84039406432812309555365178415575373325111266382188484753033496873021911835212|95331076359815310046685193578319599931446860627394693318464363976312891965734,84039406432812309555365178415575373325111266382188484753033496873021911835212,Tottenham Hotspur FC,True,0.07,95.0,0.09,7.4,0.08,0.01999999999999999,03cdad07db7dc8022d838b0ae999f00cffe93a77,0.01,5,0.070,600.1619,95.56765
2026-03-20T00:40:01Z,EPL,258084,epl-tot-not-2026-03-22-more-markets,Tottenham Hotspur FC vs. Nottingham Forest FC - More Markets,2026-03-10T05:13:39.161394Z,1547720,epl-tot-not-2026-03-22-spread-home-2pt5,Spread: Tottenham Hotspur FC (-2.5),0x87bd55dd322038d2c90d71cecca10215485f8a638c12e843c781e6baad843b89,"[""84039406432812309555365178415575373325111266382188484753033496873021911835212"", ""95331076359815310046685193578319599931446860627394693318464363976312891965734""]",84039406432812309555365178415575373325111266382188484753033496873021911835212|95331076359815310046685193578319599931446860627394693318464363976312891965734,95331076359815310046685193578319599931446860627394693318464363976312891965734,Nottingham Forest FC,True,0.91,7.4,0.93,95.0,0.92,0.020000000000000018,91132d4b75abe944ad2bfed2f8c28ea7e39c4419,0.01,5,0.070,600.1619,95.56765
2026-03-20T00:40:01Z,EPL,258084,epl-tot-not-2026-03-22-more-markets,Tottenham Hotspur FC vs. Nottingham Forest FC - More Markets,2026-03-10T05:13:39.161394Z,1547721,epl-tot-not-2026-03-22-spread-away-2pt5,Spread: Nottingham Forest FC (-2.5),0x960b971a4d2157a259c6ea316bfa4afcb984f42a08da4e4ac2aef6636f609ebb,"[""11076049989693729274334561917474137880179647947959813943408561496845306457531"", ""112674814435980041573481845131466593693161485026328940394427339682741392580006""]",11076049989693729274334561917474137880179647947959813943408561496845306457531|112674814435980041573481845131466593693161485026328940394427339682741392580006,11076049989693729274334561917474137880179647947959813943408561496845306457531,Nottingham Forest FC,True,0.017,30.0,0.039,10.4,0.028,0.022,7b35d95342e65310c4a33c9b239a62b9898c1927,0.001,5,0.040,681.2403,179.95287500000003
2026-03-20T00:40:01Z,EPL,258084,epl-tot-not-2026-03-22-more-markets,Tottenham Hotspur FC vs. Nottingham Forest FC - More Markets,2026-03-10T05:13:39.161394Z,1547721,epl-tot-not-2026-03-22-spread-away-2pt5,Spread: Nottingham Forest FC (-2.5),0x960b971a4d2157a259c6ea316bfa4afcb984f42a08da4e4ac2aef6636f609ebb,"[""11076049989693729274334561917474137880179647947959813943408561496845306457531"", ""112674814435980041573481845131466593693161485026328940394427339682741392580006""]",11076049989693729274334561917474137880179647947959813943408561496845306457531|112674814435980041573481845131466593693161485026328940394427339682741392580006,112674814435980041573481845131466593693161485026328940394427339682741392580006,Tottenham Hotspur FC,True,0.961,10.4,0.983,30.0,0.972,0.02200000000000002,ec7e90a3239bcb4b10a584d315663c4fff40c71e,0.001,5,0.040,681.2403,179.95287500000003
2026-03-20T00:40:01Z,EPL,258084,epl-tot-not-2026-03-22-more-markets,Tottenham Hotspur FC vs. Nottingham Forest FC - More Markets,2026-03-10T05:13:39.161394Z,1547724,epl-tot-not-2026-03-22-total-1pt5,Tottenham Hotspur FC vs. Nottingham Forest FC: O/U 1.5,0x5b1e3fe96a49c18903f982f9e164e9d1decdfc334271b5072f0893adcf2347aa,"[""115638267473965144184406215743895792550844564877709906466643831332418573478727"", ""6047680358864695504650180714055302050864445775633003256938264318154643443845""]",115638267473965144184406215743895792550844564877709906466643831332418573478727|6047680358864695504650180714055302050864445775633003256938264318154643443845,115638267473965144184406215743895792550844564877709906466643831332418573478727,Over,True,0.74,23.0,0.77,114.0,0.755,0.030000000000000027,56e5e650d09613ab33f314f06328c4e544ea2ad1,0.01,5,,104726.3015,
2026-03-20T00:40:01Z,EPL,258084,epl-tot-not-2026-03-22-more-markets,Tottenham Hotspur FC vs. Nottingham Forest FC - More Markets,2026-03-10T05:13:39.161394Z,1547724,epl-tot-not-2026-03-22-total-1pt5,Tottenham Hotspur FC vs. Nottingham Forest FC: O/U 1.5,0x5b1e3fe96a49c18903f982f9e164e9d1decdfc334271b5072f0893adcf2347aa,"[""115638267473965144184406215743895792550844564877709906466643831332418573478727"", ""6047680358864695504650180714055302050864445775633003256938264318154643443845""]",115638267473965144184406215743895792550844564877709906466643831332418573478727|6047680358864695504650180714055302050864445775633003256938264318154643443845,6047680358864695504650180714055302050864445775633003256938264318154643443845,Under,True,0.23,114.0,0.26,23.0,0.245,0.03,9feb754e191b75057eda4d81aef3529e57e7ffb4,0.01,5,,104726.3015,
2026-03-20T00:40:01Z,EPL,258084,epl-tot-not-2026-03-22-more-markets,Tottenham Hotspur FC vs. Nottingham Forest FC - More Markets,2026-03-10T05:13:39.161394Z,1547727,epl-tot-not-2026-03-22-total-2pt5,Tottenham Hotspur FC vs. Nottingham Forest FC: O/U 2.5,0x4c8166363a7611459cba053e0e5053f1961dd330df09bd21885dd1fd421df816,"[""35087848730205797133559493833478275227526373803398643080798847982714041261674"", ""17408426765440801209670773720603147039693244767911406272658641715305847179317""]",35087848730205797133559493833478275227526373803398643080798847982714041261674|17408426765440801209670773720603147039693244767911406272658641715305847179317,35087848730205797133559493833478275227526373803398643080798847982714041261674,Over,True,0.5,116.65,0.52,37573.15,0.51,0.020000000000000018,5314bd5106cfe8f756acb8df206e00a430e25f4f,0.01,5,0.500,106648.8254,34.315383
2026-03-20T00:40:01Z,EPL,258084,epl-tot-not-2026-03-22-more-markets,Tottenham Hotspur FC vs. Nottingham Forest FC - More Markets,2026-03-10T05:13:39.161394Z,1547727,epl-tot-not-2026-03-22-total-2pt5,Tottenham Hotspur FC vs. Nottingham Forest FC: O/U 2.5,0x4c8166363a7611459cba053e0e5053f1961dd330df09bd21885dd1fd421df816,"[""35087848730205797133559493833478275227526373803398643080798847982714041261674"", ""17408426765440801209670773720603147039693244767911406272658641715305847179317""]",35087848730205797133559493833478275227526373803398643080798847982714041261674|17408426765440801209670773720603147039693244767911406272658641715305847179317,17408426765440801209670773720603147039693244767911406272658641715305847179317,Under,True,0.48,37573.15,0.5,116.65,0.49,0.020000000000000018,eeb24de0da8600fcb2f7fa3eac0a1fd31c880ae3,0.01,5,0.500,106648.8254,34.315383
2026-03-20T00:40:01Z,EPL,258084,epl-tot-not-2026-03-22-more-markets,Tottenham Hotspur FC vs. Nottingham Forest FC - More Markets,2026-03-10T05:13:39.161394Z,1547730,epl-tot-not-2026-03-22-total-3pt5,Tottenham Hotspur FC vs. Nottingham Forest FC: O/U 3.5,0x088459b6020bb26ce1eb7e0b1ea3720faa335208769f8469486fc736cf550d78,"[""28035856778230140063258253885631485680411555892197514350384243900160383128786"", ""10350809312690718454673023331611399125848552576643218660342265780016896438117""]",28035856778230140063258253885631485680411555892197514350384243900160383128786|10350809312690718454673023331611399125848552576643218660342265780016896438117,28035856778230140063258253885631485680411555892197514350384243900160383128786,Over,True,0.27,132.42,0.31,36785.0,0.29000000000000004,0.03999999999999998,29d62701ece714ca828b4c3c0322dabf7a197155,0.01,5,,105940.8712,
2026-03-20T00:40:01Z,EPL,258084,epl-tot-not-2026-03-22-more-markets,Tottenham Hotspur FC vs. Nottingham Forest FC - More Markets,2026-03-10T05:13:39.161394Z,1547730,epl-tot-not-2026-03-22-total-3pt5,Tottenham Hotspur FC vs. Nottingham Forest FC: O/U 3.5,0x088459b6020bb26ce1eb7e0b1ea3720faa335208769f8469486fc736cf550d78,"[""28035856778230140063258253885631485680411555892197514350384243900160383128786"", ""10350809312690718454673023331611399125848552576643218660342265780016896438117""]",28035856778230140063258253885631485680411555892197514350384243900160383128786|10350809312690718454673023331611399125848552576643218660342265780016896438117,10350809312690718454673023331611399125848552576643218660342265780016896438117,Under,True,0.69,36785.0,0.73,132.42,0.71,0.040000000000000036,ec2791665fbe11daa2ea912d28af9fe36c0d4fb8,0.01,5,,105940.8712,
2026-03-20T00:40:01Z,EPL,258084,epl-tot-not-2026-03-22-more-markets,Tottenham Hotspur FC vs. Nottingham Forest FC - More Markets,2026-03-10T05:13:39.161394Z,1547733,epl-tot-not-2026-03-22-total-4pt5,Tottenham Hotspur FC vs. Nottingham Forest FC: O/U 4.5,0x3472204ca25e77671c4b9927f23eb5f2ae1459df0ceddc9c7c8dd2b6db276d77,"[""23262001225354640867443665205922869458060584053801109404854131008426223158003"", ""31698122334400398451546483173446118814495319142587103678573888853972927502488""]",23262001225354640867443665205922869458060584053801109404854131008426223158003|31698122334400398451546483173446118814495319142587103678573888853972927502488,23262001225354640867443665205922869458060584053801109404854131008426223158003,Over,True,0.11,15.0,0.17,195.0,0.14,0.06000000000000001,0eaa11928926bc9147f45e4d088f87bf5206f756,0.01,5,,4973.0054,
2026-03-20T00:40:01Z,EPL,258084,epl-tot-not-2026-03-22-more-markets,Tottenham Hotspur FC vs. Nottingham Forest FC - More Markets,2026-03-10T05:13:39.161394Z,1547733,epl-tot-not-2026-03-22-total-4pt5,Tottenham Hotspur FC vs. Nottingham Forest FC: O/U 4.5,0x3472204ca25e77671c4b9927f23eb5f2ae1459df0ceddc9c7c8dd2b6db276d77,"[""23262001225354640867443665205922869458060584053801109404854131008426223158003"", ""31698122334400398451546483173446118814495319142587103678573888853972927502488""]",23262001225354640867443665205922869458060584053801109404854131008426223158003|31698122334400398451546483173446118814495319142587103678573888853972927502488,31698122334400398451546483173446118814495319142587103678573888853972927502488,Under,True,0.83,195.0,0.89,15.0,0.86,0.06000000000000005,9d40e1e22d5708ed1929cb1130dd928fb155d05e,0.01,5,,4973.0054,
2026-03-20T00:40:01Z,EPL,258084,epl-tot-not-2026-03-22-more-markets,Tottenham Hotspur FC vs. Nottingham Forest FC - More Markets,2026-03-10T05:13:39.161394Z,1547736,epl-tot-not-2026-03-22-btts,Tottenham Hotspur FC vs. Nottingham Forest FC: Both Teams to Score,0x9da8de112a31cfc053fc6528c6adb8993d80807aa6da765c1eacdb0a58f25972,"[""44059955977296507561634561055449917700987766340642475617943651116840776835093"", ""2045321571053942198285915435159977678973807185211143951524982033771251475297""]",44059955977296507561634561055449917700987766340642475617943651116840776835093|2045321571053942198285915435159977678973807185211143951524982033771251475297,44059955977296507561634561055449917700987766340642475617943651116840776835093,Yes,True,0.56,17.72,0.58,1384.0,0.5700000000000001,0.019999999999999907,e690ff94e393e603c7456b7b150f62c3d74313fd,0.01,5,0.430,8932.4828,837.856489
2026-03-20T00:40:01Z,EPL,258084,epl-tot-not-2026-03-22-more-markets,Tottenham Hotspur FC vs. Nottingham Forest FC - More Markets,2026-03-10T05:13:39.161394Z,1547736,epl-tot-not-2026-03-22-btts,Tottenham Hotspur FC vs. Nottingham Forest FC: Both Teams to Score,0x9da8de112a31cfc053fc6528c6adb8993d80807aa6da765c1eacdb0a58f25972,"[""44059955977296507561634561055449917700987766340642475617943651116840776835093"", ""2045321571053942198285915435159977678973807185211143951524982033771251475297""]",44059955977296507561634561055449917700987766340642475617943651116840776835093|2045321571053942198285915435159977678973807185211143951524982033771251475297,2045321571053942198285915435159977678973807185211143951524982033771251475297,No,True,0.42,1384.0,0.44,17.72,0.43,0.020000000000000018,8e429d3d5a40e88a3cce2484bc36e256924c3cb8,0.01,5,0.430,8932.4828,837.856489
2026-03-20T00:40:01Z,EPL,258084,epl-tot-not-2026-03-22-more-markets,Tottenham Hotspur FC vs. Nottingham Forest FC - More Markets,2026-03-10T05:13:39.161394Z,1547718,epl-tot-not-2026-03-22-spread-home-1pt5,Spread: Tottenham Hotspur FC (-1.5),0xd994ec316b72be333bff02fc63859a223b20ac4539f65769ee46822dc7fe38ba,"[""61283042902586800829863473674468907754727110467893780574178700665065168847644"", ""29072607406158821639870315594444541136873335367835454271707737116003308445245""]",61283042902586800829863473674468907754727110467893780574178700665065168847644|29072607406158821639870315594444541136873335367835454271707737116003308445245,61283042902586800829863473674468907754727110467893780574178700665065168847644,Tottenham Hotspur FC,True,0.2,10.0,0.21,212.24,0.20500000000000002,0.009999999999999981,65cfc474cd633e2c5cc92676e72ba207710e823e,0.01,5,0.210,1237.0378,3091.6821400000003
2026-03-20T00:40:01Z,EPL,258084,epl-tot-not-2026-03-22-more-markets,Tottenham Hotspur FC vs. Nottingham Forest FC - More Markets,2026-03-10T05:13:39.161394Z,1547718,epl-tot-not-2026-03-22-spread-home-1pt5,Spread: Tottenham Hotspur FC (-1.5),0xd994ec316b72be333bff02fc63859a223b20ac4539f65769ee46822dc7fe38ba,"[""61283042902586800829863473674468907754727110467893780574178700665065168847644"", ""29072607406158821639870315594444541136873335367835454271707737116003308445245""]",61283042902586800829863473674468907754727110467893780574178700665065168847644|29072607406158821639870315594444541136873335367835454271707737116003308445245,29072607406158821639870315594444541136873335367835454271707737116003308445245,Nottingham Forest FC,True,0.79,212.24,0.8,10.0,0.795,0.010000000000000009,414ac8700d0bd32e24e9a1292fc3f83a672597e9,0.01,5,0.210,1237.0378,3091.6821400000003
2026-03-20T00:40:01Z,EPL,258084,epl-tot-not-2026-03-22-more-markets,Tottenham Hotspur FC vs. Nottingham Forest FC - More Markets,2026-03-10T05:13:39.161394Z,1547719,epl-tot-not-2026-03-22-spread-away-1pt5,Spread: Nottingham Forest FC (-1.5),0x077d86812f154909b52c24339f9942e23b41d7d7aee3b2929a443c0305ba2ba6,"[""8650536733309032081601699464410207197555955756785183393315596303702237613816"", ""19030165859670111649314071817308293700566585476852675281644150649211678468112""]",8650536733309032081601699464410207197555955756785183393315596303702237613816|19030165859670111649314071817308293700566585476852675281644150649211678468112,8650536733309032081601699464410207197555955756785183393315596303702237613816,Nottingham Forest FC,True,0.1,209.0,0.15,220.0,0.125,0.04999999999999999,ec857f60699d1438405e0900df26148976056e63,0.01,5,,1874.4595,
2026-03-20T00:40:01Z,EPL,258084,epl-tot-not-2026-03-22-more-markets,Tottenham Hotspur FC vs. Nottingham Forest FC - More Markets,2026-03-10T05:13:39.161394Z,1547719,epl-tot-not-2026-03-22-spread-away-1pt5,Spread: Nottingham Forest FC (-1.5),0x077d86812f154909b52c24339f9942e23b41d7d7aee3b2929a443c0305ba2ba6,"[""8650536733309032081601699464410207197555955756785183393315596303702237613816"", ""19030165859670111649314071817308293700566585476852675281644150649211678468112""]",8650536733309032081601699464410207197555955756785183393315596303702237613816|19030165859670111649314071817308293700566585476852675281644150649211678468112,19030165859670111649314071817308293700566585476852675281644150649211678468112,Tottenham Hotspur FC,True,0.85,220.0,0.9,209.0,0.875,0.050000000000000044,f856c392102d4672de199f66dd65cbef64cd18ce,0.01,5,,1874.4595,
2026-03-20T00:40:01Z,EPL,258090,epl-ast-wes-2026-03-22-more-markets,Aston Villa FC vs. West Ham United FC - More Markets,2026-03-10T05:13:39.530499Z,1547766,epl-ast-wes-2026-03-22-spread-home-1pt5,Spread: Aston Villa FC (-1.5),0xb1d6d22e8ed9ec7046c9fa4222738dc735bd6f9f5ea9356324c1185bb2858857,"[""41123141664679264471597324573567452699239465345001255837821444767370619036553"", ""65439779109847127506378228445294465701001190685677011173761712441335014807945""]",41123141664679264471597324573567452699239465345001255837821444767370619036553|65439779109847127506378228445294465701001190685677011173761712441335014807945,41123141664679264471597324573567452699239465345001255837821444767370619036553,Aston Villa FC,True,0.25,55.0,0.28,72.0,0.265,0.030000000000000027,417ad5d25e7d70e3903714643a8238ae139d8403,0.01,5,,37186.739,
2026-03-20T00:40:01Z,EPL,258090,epl-ast-wes-2026-03-22-more-markets,Aston Villa FC vs. West Ham United FC - More Markets,2026-03-10T05:13:39.530499Z,1547766,epl-ast-wes-2026-03-22-spread-home-1pt5,Spread: Aston Villa FC (-1.5),0xb1d6d22e8ed9ec7046c9fa4222738dc735bd6f9f5ea9356324c1185bb2858857,"[""41123141664679264471597324573567452699239465345001255837821444767370619036553"", ""65439779109847127506378228445294465701001190685677011173761712441335014807945""]",41123141664679264471597324573567452699239465345001255837821444767370619036553|65439779109847127506378228445294465701001190685677011173761712441335014807945,65439779109847127506378228445294465701001190685677011173761712441335014807945,West Ham United FC,True,0.72,72.0,0.75,55.0,0.735,0.030000000000000027,72c77808706a82d63270c3b1556c174535e032db,0.01,5,,37186.739,
2026-03-20T00:40:01Z,EPL,258090,epl-ast-wes-2026-03-22-more-markets,Aston Villa FC vs. West Ham United FC - More Markets,2026-03-10T05:13:39.530499Z,1547783,epl-ast-wes-2026-03-22-total-2pt5,Aston Villa FC vs. West Ham United FC: O/U 2.5,0x0f476acea3a078d0decda97c4cd743a98e0ebffb8fe7eef378e1c5cfe8178a42,"[""12085379975759803310653088416489208093282063170280434030559670130429433550414"", ""20513262125386644024291911575790323518144911545756471408963195572068777018709""]",12085379975759803310653088416489208093282063170280434030559670130429433550414|20513262125386644024291911575790323518144911545756471408963195572068777018709,12085379975759803310653088416489208093282063170280434030559670130429433550414,Over,True,0.52,40.0,0.54,2123.0,0.53,0.020000000000000018,45eed888b9c490493d6f712fd2ea1f990cb49c92,0.01,5,0.520,106555.6349,276.727596
2026-03-20T00:40:01Z,EPL,258090,epl-ast-wes-2026-03-22-more-markets,Aston Villa FC vs. West Ham United FC - More Markets,2026-03-10T05:13:39.530499Z,1547783,epl-ast-wes-2026-03-22-total-2pt5,Aston Villa FC vs. West Ham United FC: O/U 2.5,0x0f476acea3a078d0decda97c4cd743a98e0ebffb8fe7eef378e1c5cfe8178a42,"[""12085379975759803310653088416489208093282063170280434030559670130429433550414"", ""20513262125386644024291911575790323518144911545756471408963195572068777018709""]",12085379975759803310653088416489208093282063170280434030559670130429433550414|20513262125386644024291911575790323518144911545756471408963195572068777018709,20513262125386644024291911575790323518144911545756471408963195572068777018709,Under,True,0.46,2123.0,0.48,40.0,0.47,0.019999999999999962,a56459f00afc5a925ab929c272337120145901b7,0.01,5,0.520,106555.6349,276.727596
2026-03-20T00:40:01Z,EPL,258090,epl-ast-wes-2026-03-22-more-markets,Aston Villa FC vs. West Ham United FC - More Markets,2026-03-10T05:13:39.530499Z,1547788,epl-ast-wes-2026-03-22-total-3pt5,Aston Villa FC vs. West Ham United FC: O/U 3.5,0x4808254eaa708c2f4f78b2c6f34ddc8cfa9d88247d8e0e016954fc997da45d99,"[""4745833590579016690512399547654255372279932627339628060530375823003178411039"", ""85267823454172995377520009813920446778333090589720121390514625741831129146989""]",4745833590579016690512399547654255372279932627339628060530375823003178411039|85267823454172995377520009813920446778333090589720121390514625741831129146989,4745833590579016690512399547654255372279932627339628060530375823003178411039,Over,True,0.31,61.85,0.33,37.0,0.32,0.020000000000000018,137e75c2e745d07703ea4dcbaa3f464a3443d022,0.01,5,,105418.8095,
2026-03-20T00:40:01Z,EPL,258090,epl-ast-wes-2026-03-22-more-markets,Aston Villa FC vs. West Ham United FC - More Markets,2026-03-10T05:13:39.530499Z,1547788,epl-ast-wes-2026-03-22-total-3pt5,Aston Villa FC vs. West Ham United FC: O/U 3.5,0x4808254eaa708c2f4f78b2c6f34ddc8cfa9d88247d8e0e016954fc997da45d99,"[""4745833590579016690512399547654255372279932627339628060530375823003178411039"", ""85267823454172995377520009813920446778333090589720121390514625741831129146989""]",4745833590579016690512399547654255372279932627339628060530375823003178411039|85267823454172995377520009813920446778333090589720121390514625741831129146989,85267823454172995377520009813920446778333090589720121390514625741831129146989,Under,True,0.67,37.0,0.69,61.85,0.6799999999999999,0.019999999999999907,77370d9fffc06c1a724af442fb1e4e81beae9b07,0.01,5,,105418.8095,
2026-03-20T00:40:01Z,EPL,258090,epl-ast-wes-2026-03-22-more-markets,Aston Villa FC vs. West Ham United FC - More Markets,2026-03-10T05:13:39.530499Z,1547793,epl-ast-wes-2026-03-22-total-4pt5,Aston Villa FC vs. West Ham United FC: O/U 4.5,0xa32f78f0c8e80e4a0e942f88cff224f90d6e99596f3f095144d73909232f70bd,"[""13458163449993432913767065229379708925625351042107762447590177666064711262094"", ""95081896869812900605414505670680011818936483994879548068231785684418137509210""]",13458163449993432913767065229379708925625351042107762447590177666064711262094|95081896869812900605414505670680011818936483994879548068231785684418137509210,13458163449993432913767065229379708925625351042107762447590177666064711262094,Over,True,0.14,7.14,0.18,15.0,0.16,0.03999999999999998,22f5f88de5607a403a9eb2b4b8421d7abfd37a04,0.01,5,,4960.2671,
2026-03-20T00:40:01Z,EPL,258090,epl-ast-wes-2026-03-22-more-markets,Aston Villa FC vs. West Ham United FC - More Markets,2026-03-10T05:13:39.530499Z,1547793,epl-ast-wes-2026-03-22-total-4pt5,Aston Villa FC vs. West Ham United FC: O/U 4.5,0xa32f78f0c8e80e4a0e942f88cff224f90d6e99596f3f095144d73909232f70bd,"[""13458163449993432913767065229379708925625351042107762447590177666064711262094"", ""95081896869812900605414505670680011818936483994879548068231785684418137509210""]",13458163449993432913767065229379708925625351042107762447590177666064711262094|95081896869812900605414505670680011818936483994879548068231785684418137509210,95081896869812900605414505670680011818936483994879548068231785684418137509210,Under,True,0.82,15.0,0.86,7.14,0.84,0.040000000000000036,c0dbeec2e3ba74983bd8615ecef8fe5499a92593,0.01,5,,4960.2671,
2026-03-20T00:40:01Z,EPL,258090,epl-ast-wes-2026-03-22-more-markets,Aston Villa FC vs. West Ham United FC - More Markets,2026-03-10T05:13:39.530499Z,1547769,epl-ast-wes-2026-03-22-spread-away-1pt5,Spread: West Ham United FC (-1.5),0xd0fd5a08541241a9289cafbb496832603b25191324d19229617edaa6ea588e7e,"[""17602204824658703006693678469639896212424957597434467884904476709306783331478"", ""12347160063906859749060966170107909307315662147659950569372478948218567791786""]",17602204824658703006693678469639896212424957597434467884904476709306783331478|12347160063906859749060966170107909307315662147659950569372478948218567791786,17602204824658703006693678469639896212424957597434467884904476709306783331478,West Ham United FC,True,0.08,113.0,0.11,6.17,0.095,0.03,2538836778a1f9c454126353857ec45a95497653,0.01,5,,425.89,
2026-03-20T00:40:01Z,EPL,258090,epl-ast-wes-2026-03-22-more-markets,Aston Villa FC vs. West Ham United FC - More Markets,2026-03-10T05:13:39.530499Z,1547769,epl-ast-wes-2026-03-22-spread-away-1pt5,Spread: West Ham United FC (-1.5),0xd0fd5a08541241a9289cafbb496832603b25191324d19229617edaa6ea588e7e,"[""17602204824658703006693678469639896212424957597434467884904476709306783331478"", ""12347160063906859749060966170107909307315662147659950569372478948218567791786""]",17602204824658703006693678469639896212424957597434467884904476709306783331478|12347160063906859749060966170107909307315662147659950569372478948218567791786,12347160063906859749060966170107909307315662147659950569372478948218567791786,Aston Villa FC,True,0.89,6.17,0.92,113.0,0.905,0.030000000000000027,ca1ae9048e56ed4e0bea6f61fe67f70756129bc6,0.01,5,,425.89,
2026-03-20T00:40:01Z,EPL,258090,epl-ast-wes-2026-03-22-more-markets,Aston Villa FC vs. West Ham United FC - More Markets,2026-03-10T05:13:39.530499Z,1547797,epl-ast-wes-2026-03-22-btts,Aston Villa FC vs. West Ham United FC: Both Teams to Score,0x0684ccf93bec6d68619e63ec9704910c67807933f1f5dcc91917067ab3ed19c8,"[""62518696496439495231585409157803181411580448674198687381333509267249387960635"", ""113822290851360680002214413840966984260725427052538265453675377591265352590511""]",62518696496439495231585409157803181411580448674198687381333509267249387960635|113822290851360680002214413840966984260725427052538265453675377591265352590511,62518696496439495231585409157803181411580448674198687381333509267249387960635,Yes,True,0.55,828.0,0.58,436.0,0.565,0.029999999999999916,6845c5526190b26497b857a97ca54e4e409b1394,0.01,5,0.430,7199.3926,29.213341000000003
2026-03-20T00:40:01Z,EPL,258090,epl-ast-wes-2026-03-22-more-markets,Aston Villa FC vs. West Ham United FC - More Markets,2026-03-10T05:13:39.530499Z,1547797,epl-ast-wes-2026-03-22-btts,Aston Villa FC vs. West Ham United FC: Both Teams to Score,0x0684ccf93bec6d68619e63ec9704910c67807933f1f5dcc91917067ab3ed19c8,"[""62518696496439495231585409157803181411580448674198687381333509267249387960635"", ""113822290851360680002214413840966984260725427052538265453675377591265352590511""]",62518696496439495231585409157803181411580448674198687381333509267249387960635|113822290851360680002214413840966984260725427052538265453675377591265352590511,113822290851360680002214413840966984260725427052538265453675377591265352590511,No,True,0.42,436.0,0.45,828.0,0.435,0.030000000000000027,eb8e2bd559a03a9bb16979faa91b4efcc0053cff,0.01,5,0.430,7199.3926,29.213341000000003
2026-03-20T00:40:01Z,EPL,258090,epl-ast-wes-2026-03-22-more-markets,Aston Villa FC vs. West Ham United FC - More Markets,2026-03-10T05:13:39.530499Z,1547772,epl-ast-wes-2026-03-22-spread-home-2pt5,Spread: Aston Villa FC (-2.5),0x45f104fdef8c56357c95593fb6f8c594ca1e6e18fa14c0b0593e66c76eae8b12,"[""20260707239808268828210496213351293910060790174797573868559611085737700469105"", ""44466678988298577144924836991920921691786479100828629061041370078456277430579""]",20260707239808268828210496213351293910060790174797573868559611085737700469105|44466678988298577144924836991920921691786479100828629061041370078456277430579,20260707239808268828210496213351293910060790174797573868559611085737700469105,Aston Villa FC,True,0.1,46.0,0.13,220.0,0.115,0.03,384d9e5856ba7093d5f9db9720502922573ff048,0.01,5,,2072.4883,
2026-03-20T00:40:01Z,EPL,258090,epl-ast-wes-2026-03-22-more-markets,Aston Villa FC vs. West Ham United FC - More Markets,2026-03-10T05:13:39.530499Z,1547772,epl-ast-wes-2026-03-22-spread-home-2pt5,Spread: Aston Villa FC (-2.5),0x45f104fdef8c56357c95593fb6f8c594ca1e6e18fa14c0b0593e66c76eae8b12,"[""20260707239808268828210496213351293910060790174797573868559611085737700469105"", ""44466678988298577144924836991920921691786479100828629061041370078456277430579""]",20260707239808268828210496213351293910060790174797573868559611085737700469105|44466678988298577144924836991920921691786479100828629061041370078456277430579,44466678988298577144924836991920921691786479100828629061041370078456277430579,West Ham United FC,True,0.87,220.0,0.9,46.0,0.885,0.030000000000000027,dba4fabbb3f9bd7f6151d268d8ada97a72a8bac6,0.01,5,,2072.4883,
2026-03-20T00:40:01Z,EPL,258090,epl-ast-wes-2026-03-22-more-markets,Aston Villa FC vs. West Ham United FC - More Markets,2026-03-10T05:13:39.530499Z,1547775,epl-ast-wes-2026-03-22-spread-away-2pt5,Spread: West Ham United FC (-2.5),0x78bbb011703142a36a92d8d77b4354f5b491f6000d3e81b06e897edee5c088f9,"[""95148297269070183259957332555065623051026298878607982734936214436479403804357"", ""110143251138252687065217474942056777964832438507330173995990763627180156996638""]",95148297269070183259957332555065623051026298878607982734936214436479403804357|110143251138252687065217474942056777964832438507330173995990763627180156996638,95148297269070183259957332555065623051026298878607982734936214436479403804357,West Ham United FC,True,0.015,9.53,0.046,7.29,0.0305,0.031,76c107a91700439168d6c95b53ebeeebdbb43bc3,0.001,5,,622.84151,
2026-03-20T00:40:01Z,EPL,258090,epl-ast-wes-2026-03-22-more-markets,Aston Villa FC vs. West Ham United FC - More Markets,2026-03-10T05:13:39.530499Z,1547775,epl-ast-wes-2026-03-22-spread-away-2pt5,Spread: West Ham United FC (-2.5),0x78bbb011703142a36a92d8d77b4354f5b491f6000d3e81b06e897edee5c088f9,"[""95148297269070183259957332555065623051026298878607982734936214436479403804357"", ""110143251138252687065217474942056777964832438507330173995990763627180156996638""]",95148297269070183259957332555065623051026298878607982734936214436479403804357|110143251138252687065217474942056777964832438507330173995990763627180156996638,110143251138252687065217474942056777964832438507330173995990763627180156996638,Aston Villa FC,True,0.954,7.29,0.985,9.53,0.9695,0.031000000000000028,23297f00537ea3d5044132e7d15e324e70e80644,0.001,5,,622.84151,
2026-03-20T00:40:01Z,EPL,258090,epl-ast-wes-2026-03-22-more-markets,Aston Villa FC vs. West Ham United FC - More Markets,2026-03-10T05:13:39.530499Z,1547778,epl-ast-wes-2026-03-22-total-1pt5,Aston Villa FC vs. West Ham United FC: O/U 1.5,0x49fbb80c04d342a1cbbe6588b37feb2548deae0e4b2019eb8ff7b54524517bc5,"[""77606796924721553603892286338326801345213738249799472111085828847231168531809"", ""68542126043166620093400761650707848695281388798931320472988449101300665227574""]",77606796924721553603892286338326801345213738249799472111085828847231168531809|68542126043166620093400761650707848695281388798931320472988449101300665227574,77606796924721553603892286338326801345213738249799472111085828847231168531809,Over,True,0.76,14.0,0.8,15.0,0.78,0.040000000000000036,23af518db2126f85b6ad1e70fe36453a4342de88,0.01,5,0.750,4996.7038,
2026-03-20T00:40:01Z,EPL,258090,epl-ast-wes-2026-03-22-more-markets,Aston Villa FC vs. West Ham United FC - More Markets,2026-03-10T05:13:39.530499Z,1547778,epl-ast-wes-2026-03-22-total-1pt5,Aston Villa FC vs. West Ham United FC: O/U 1.5,0x49fbb80c04d342a1cbbe6588b37feb2548deae0e4b2019eb8ff7b54524517bc5,"[""77606796924721553603892286338326801345213738249799472111085828847231168531809"", ""68542126043166620093400761650707848695281388798931320472988449101300665227574""]",77606796924721553603892286338326801345213738249799472111085828847231168531809|68542126043166620093400761650707848695281388798931320472988449101300665227574,68542126043166620093400761650707848695281388798931320472988449101300665227574,Under,True,0.2,15.0,0.24,14.0,0.22,0.03999999999999998,3b85b34ab52deab54b0ecf8b38fa0fa719ef4d9f,0.01,5,0.750,4996.7038,
2026-03-20T00:40:01Z,EPL,258096,epl-new-sun-2026-03-22-more-markets,Newcastle United FC vs. Sunderland AFC - More Markets,2026-03-10T05:13:39.556876Z,1547826,epl-new-sun-2026-03-22-spread-home-1pt5,Spread: Newcastle United FC (-1.5),0xb9051c90c8b45404c0359cc769c251d05da49dd5adb9c05f03dfb4215795d78e,"[""68456090836955580628170883760579097865405954634891312802495956104068308958592"", ""16064751631064906284984950365794037147713643998299675278187628940307915723317""]",68456090836955580628170883760579097865405954634891312802495956104068308958592|16064751631064906284984950365794037147713643998299675278187628940307915723317,68456090836955580628170883760579097865405954634891312802495956104068308958592,Newcastle United FC,True,0.3,295.0,0.33,36772.0,0.315,0.030000000000000027,47b45fade7982ab677bac1e6231baf1068466f5c,0.01,5,,37502.2598,
2026-03-20T00:40:01Z,EPL,258096,epl-new-sun-2026-03-22-more-markets,Newcastle United FC vs. Sunderland AFC - More Markets,2026-03-10T05:13:39.556876Z,1547826,epl-new-sun-2026-03-22-spread-home-1pt5,Spread: Newcastle United FC (-1.5),0xb9051c90c8b45404c0359cc769c251d05da49dd5adb9c05f03dfb4215795d78e,"[""68456090836955580628170883760579097865405954634891312802495956104068308958592"", ""16064751631064906284984950365794037147713643998299675278187628940307915723317""]",68456090836955580628170883760579097865405954634891312802495956104068308958592|16064751631064906284984950365794037147713643998299675278187628940307915723317,16064751631064906284984950365794037147713643998299675278187628940307915723317,Sunderland AFC,True,0.67,36772.0,0.7,295.0,0.685,0.029999999999999916,555461ff5705c37d7e2d3e271bc4c7b087d6c3dd,0.01,5,,37502.2598,
2026-03-20T00:40:01Z,EPL,258096,epl-new-sun-2026-03-22-more-markets,Newcastle United FC vs. Sunderland AFC - More Markets,2026-03-10T05:13:39.556876Z,1547828,epl-new-sun-2026-03-22-spread-away-1pt5,Spread: Sunderland AFC (-1.5),0xb5349a1a8e24ee85575fde8d75270015a9b2af5bbfa932732f7f6f794e0e9fe7,"[""25029611106662196080443156593818089933634682468775336098330180906428681405386"", ""110649473456715032062860381300947494442237446642609011593001476788199239674796""]",25029611106662196080443156593818089933634682468775336098330180906428681405386|110649473456715032062860381300947494442237446642609011593001476788199239674796,25029611106662196080443156593818089933634682468775336098330180906428681405386,Sunderland AFC,True,0.04,123.0,0.07,11.13,0.05500000000000001,0.030000000000000006,299e32eaed94aa1e1274392e8312d2f634ce9d5b,0.01,5,,566.1207,
2026-03-20T00:40:01Z,EPL,258096,epl-new-sun-2026-03-22-more-markets,Newcastle United FC vs. Sunderland AFC - More Markets,2026-03-10T05:13:39.556876Z,1547828,epl-new-sun-2026-03-22-spread-away-1pt5,Spread: Sunderland AFC (-1.5),0xb5349a1a8e24ee85575fde8d75270015a9b2af5bbfa932732f7f6f794e0e9fe7,"[""25029611106662196080443156593818089933634682468775336098330180906428681405386"", ""110649473456715032062860381300947494442237446642609011593001476788199239674796""]",25029611106662196080443156593818089933634682468775336098330180906428681405386|110649473456715032062860381300947494442237446642609011593001476788199239674796,110649473456715032062860381300947494442237446642609011593001476788199239674796,Newcastle United FC,True,0.93,11.13,0.96,123.0,0.9450000000000001,0.029999999999999916,6f2f8f503067d14e5b03eca4ac6c7751a7b16ee4,0.01,5,,566.1207,
2026-03-20T00:40:01Z,EPL,258096,epl-new-sun-2026-03-22-more-markets,Newcastle United FC vs. Sunderland AFC - More Markets,2026-03-10T05:13:39.556876Z,1547830,epl-new-sun-2026-03-22-spread-home-2pt5,Spread: Newcastle United FC (-2.5),0xb45e5e94029a020a527bed186f74e2c9fc0466d6eb8b9793dc2ae892d8608911,"[""21840576770312250659254986449453370571254417795703595097653394960004466748299"", ""101126047584069769582693498780889115050652852591872972249307961487909980318157""]",21840576770312250659254986449453370571254417795703595097653394960004466748299|101126047584069769582693498780889115050652852591872972249307961487909980318157,21840576770312250659254986449453370571254417795703595097653394960004466748299,Newcastle United FC,True,0.13,312.0,0.16,352.0,0.14500000000000002,0.03,6bb857c3d241e3dfe1c0d158c22f41354da63af8,0.01,5,,2147.2444,
2026-03-20T00:40:01Z,EPL,258096,epl-new-sun-2026-03-22-more-markets,Newcastle United FC vs. Sunderland AFC - More Markets,2026-03-10T05:13:39.556876Z,1547830,epl-new-sun-2026-03-22-spread-home-2pt5,Spread: Newcastle United FC (-2.5),0xb45e5e94029a020a527bed186f74e2c9fc0466d6eb8b9793dc2ae892d8608911,"[""21840576770312250659254986449453370571254417795703595097653394960004466748299"", ""101126047584069769582693498780889115050652852591872972249307961487909980318157""]",21840576770312250659254986449453370571254417795703595097653394960004466748299|101126047584069769582693498780889115050652852591872972249307961487909980318157,101126047584069769582693498780889115050652852591872972249307961487909980318157,Sunderland AFC,True,0.84,352.0,0.87,312.0,0.855,0.030000000000000027,20b611e4130ce3ef8695731d4e63ff72ec9bf83e,0.01,5,,2147.2444,
2026-03-20T00:40:01Z,EPL,258096,epl-new-sun-2026-03-22-more-markets,Newcastle United FC vs. Sunderland AFC - More Markets,2026-03-10T05:13:39.556876Z,1547832,epl-new-sun-2026-03-22-spread-away-2pt5,Spread: Sunderland AFC (-2.5),0xae0871457ded092ce3e588389ff25d0f0f0cdd43ce1458ad3f75d3448907c35b,"[""84345884930947222685471264372659040685108994327589898677679486244574106859009"", ""76110024016113073518246483812845536229188913374284892831064580481533340406180""]",84345884930947222685471264372659040685108994327589898677679486244574106859009|76110024016113073518246483812845536229188913374284892831064580481533340406180,84345884930947222685471264372659040685108994327589898677679486244574106859009,Sunderland AFC,True,0.01,5.0,0.032,15.0,0.021,0.022,efa059812f2f1f66032855d9e4c357efb6b2ffb0,0.001,5,0.011,635.25495,236.61010000000002
2026-03-20T00:40:01Z,EPL,258096,epl-new-sun-2026-03-22-more-markets,Newcastle United FC vs. Sunderland AFC - More Markets,2026-03-10T05:13:39.556876Z,1547832,epl-new-sun-2026-03-22-spread-away-2pt5,Spread: Sunderland AFC (-2.5),0xae0871457ded092ce3e588389ff25d0f0f0cdd43ce1458ad3f75d3448907c35b,"[""84345884930947222685471264372659040685108994327589898677679486244574106859009"", ""76110024016113073518246483812845536229188913374284892831064580481533340406180""]",84345884930947222685471264372659040685108994327589898677679486244574106859009|76110024016113073518246483812845536229188913374284892831064580481533340406180,76110024016113073518246483812845536229188913374284892831064580481533340406180,Newcastle United FC,True,0.968,15.0,0.99,5.0,0.979,0.02200000000000002,928e83d511f4a88fbec5c8c1cc52c7536628ab96,0.001,5,0.011,635.25495,236.61010000000002
2026-03-20T00:40:01Z,EPL,258096,epl-new-sun-2026-03-22-more-markets,Newcastle United FC vs. Sunderland AFC - More Markets,2026-03-10T05:13:39.556876Z,1547834,epl-new-sun-2026-03-22-total-1pt5,Newcastle United FC vs. Sunderland AFC: O/U 1.5,0xb6bd3457ae57b0a9afd3f293a82712641768259421bbdebaf4026d49278b2edd,"[""28332634819275448132233514136696693516374049619440318863634620579488965075756"", ""101575808105203545679801292435140106767032114139696621838284507633012028477450""]",28332634819275448132233514136696693516374049619440318863634620579488965075756|101575808105203545679801292435140106767032114139696621838284507633012028477450,28332634819275448132233514136696693516374049619440318863634620579488965075756,Over,True,0.74,23.0,0.76,30.94,0.75,0.020000000000000018,194fa3ab718a15390d6803a71ba0facab2a9ced6,0.01,5,,101250.1504,
2026-03-20T00:40:01Z,EPL,258096,epl-new-sun-2026-03-22-more-markets,Newcastle United FC vs. Sunderland AFC - More Markets,2026-03-10T05:13:39.556876Z,1547834,epl-new-sun-2026-03-22-total-1pt5,Newcastle United FC vs. Sunderland AFC: O/U 1.5,0xb6bd3457ae57b0a9afd3f293a82712641768259421bbdebaf4026d49278b2edd,"[""28332634819275448132233514136696693516374049619440318863634620579488965075756"", ""101575808105203545679801292435140106767032114139696621838284507633012028477450""]",28332634819275448132233514136696693516374049619440318863634620579488965075756|101575808105203545679801292435140106767032114139696621838284507633012028477450,101575808105203545679801292435140106767032114139696621838284507633012028477450,Under,True,0.24,30.94,0.26,23.0,0.25,0.020000000000000018,d7fbf07b8f104a6ea7501e679a52df54054c7a31,0.01,5,,101250.1504,
2026-03-20T00:40:01Z,EPL,258096,epl-new-sun-2026-03-22-more-markets,Newcastle United FC vs. Sunderland AFC - More Markets,2026-03-10T05:13:39.556876Z,1547838,epl-new-sun-2026-03-22-total-2pt5,Newcastle United FC vs. Sunderland AFC: O/U 2.5,0x470ee5e7bd4acec501637396087a025a5706fe42f252e1f43a08f78b561360d6,"[""3366618692495703007481342461190239913269434494678495669030631834449137277619"", ""106005697824009997512288180441421534268738138588867299942568069629860538956685""]",3366618692495703007481342461190239913269434494678495669030631834449137277619|106005697824009997512288180441421534268738138588867299942568069629860538956685,3366618692495703007481342461190239913269434494678495669030631834449137277619,Over,True,0.49,41695.0,0.52,1061.0,0.505,0.030000000000000027,ab1a1e07281bf02e98290c39d064e98ab3636768,0.01,5,0.500,112359.7324,723.47537
2026-03-20T00:40:01Z,EPL,258096,epl-new-sun-2026-03-22-more-markets,Newcastle United FC vs. Sunderland AFC - More Markets,2026-03-10T05:13:39.556876Z,1547838,epl-new-sun-2026-03-22-total-2pt5,Newcastle United FC vs. Sunderland AFC: O/U 2.5,0x470ee5e7bd4acec501637396087a025a5706fe42f252e1f43a08f78b561360d6,"[""3366618692495703007481342461190239913269434494678495669030631834449137277619"", ""106005697824009997512288180441421534268738138588867299942568069629860538956685""]",3366618692495703007481342461190239913269434494678495669030631834449137277619|106005697824009997512288180441421534268738138588867299942568069629860538956685,106005697824009997512288180441421534268738138588867299942568069629860538956685,Under,True,0.48,1061.0,0.51,41695.0,0.495,0.030000000000000027,04775f6be9897266ed3003fcb33307aa9f68a4c0,0.01,5,0.500,112359.7324,723.47537
2026-03-20T00:40:01Z,EPL,258096,epl-new-sun-2026-03-22-more-markets,Newcastle United FC vs. Sunderland AFC - More Markets,2026-03-10T05:13:39.556876Z,1547842,epl-new-sun-2026-03-22-total-3pt5,Newcastle United FC vs. Sunderland AFC: O/U 3.5,0x95ca2f75c5294c100bedecd41df90c9983665d6587f0a800629672f1280980d0,"[""51258205121762022355165595071318765654824742481066987598037514841440216959269"", ""1028669951654022546248100008309449594780476716632410645593869621333897000195""]",51258205121762022355165595071318765654824742481066987598037514841440216959269|1028669951654022546248100008309449594780476716632410645593869621333897000195,51258205121762022355165595071318765654824742481066987598037514841440216959269,Over,True,0.28,36.0,0.31,22.0,0.29500000000000004,0.02999999999999997,edfb15de3f71e49b51084fde3504a3eec7dcb1bc,0.01,5,,103569.2834,
2026-03-20T00:40:01Z,EPL,258096,epl-new-sun-2026-03-22-more-markets,Newcastle United FC vs. Sunderland AFC - More Markets,2026-03-10T05:13:39.556876Z,1547842,epl-new-sun-2026-03-22-total-3pt5,Newcastle United FC vs. Sunderland AFC: O/U 3.5,0x95ca2f75c5294c100bedecd41df90c9983665d6587f0a800629672f1280980d0,"[""51258205121762022355165595071318765654824742481066987598037514841440216959269"", ""1028669951654022546248100008309449594780476716632410645593869621333897000195""]",51258205121762022355165595071318765654824742481066987598037514841440216959269|1028669951654022546248100008309449594780476716632410645593869621333897000195,1028669951654022546248100008309449594780476716632410645593869621333897000195,Under,True,0.69,22.0,0.72,36.0,0.705,0.030000000000000027,413caafa9189dd0ff85aad37caa19eb4979ea331,0.01,5,,103569.2834,
2026-03-20T00:40:01Z,EPL,258096,epl-new-sun-2026-03-22-more-markets,Newcastle United FC vs. Sunderland AFC - More Markets,2026-03-10T05:13:39.556876Z,1547846,epl-new-sun-2026-03-22-total-4pt5,Newcastle United FC vs. Sunderland AFC: O/U 4.5,0xc84a852f8d7b71371dccb59e2ec92c26563ac15f8472d8231d8aafb45ba8bf40,"[""66483874795347105689250827224037031557215210140813616213132914072920616084926"", ""41932393266132492752259622234456291893043477748122909166364515368159213061455""]",66483874795347105689250827224037031557215210140813616213132914072920616084926|41932393266132492752259622234456291893043477748122909166364515368159213061455,66483874795347105689250827224037031557215210140813616213132914072920616084926,Over,True,0.11,15.0,0.17,195.0,0.14,0.06000000000000001,5e44a04d7b52d8dca9d2bc21f0a66e18d39eec6e,0.01,5,,2665.3691,
2026-03-20T00:40:01Z,EPL,258096,epl-new-sun-2026-03-22-more-markets,Newcastle United FC vs. Sunderland AFC - More Markets,2026-03-10T05:13:39.556876Z,1547846,epl-new-sun-2026-03-22-total-4pt5,Newcastle United FC vs. Sunderland AFC: O/U 4.5,0xc84a852f8d7b71371dccb59e2ec92c26563ac15f8472d8231d8aafb45ba8bf40,"[""66483874795347105689250827224037031557215210140813616213132914072920616084926"", ""41932393266132492752259622234456291893043477748122909166364515368159213061455""]",66483874795347105689250827224037031557215210140813616213132914072920616084926|41932393266132492752259622234456291893043477748122909166364515368159213061455,41932393266132492752259622234456291893043477748122909166364515368159213061455,Under,True,0.83,195.0,0.89,15.0,0.86,0.06000000000000005,a2d57949b7bf84ee86f2b7261e7c0c15a401acce,0.01,5,,2665.3691,
2026-03-20T00:40:01Z,EPL,258096,epl-new-sun-2026-03-22-more-markets,Newcastle United FC vs. Sunderland AFC - More Markets,2026-03-10T05:13:39.556876Z,1547849,epl-new-sun-2026-03-22-btts,Newcastle United FC vs. Sunderland AFC: Both Teams to Score,0xc195de0fd9cbf6ca9972cf66a36c043b15452e4a8680d8644e9e9a78233f464b,"[""28263517053038996679375325126694606328625339379238556603091975232692387797821"", ""69841895831280105953773993848146260001591662566556322621252290556682674981122""]",28263517053038996679375325126694606328625339379238556603091975232692387797821|69841895831280105953773993848146260001591662566556322621252290556682674981122,28263517053038996679375325126694606328625339379238556603091975232692387797821,Yes,True,0.5,864.0,0.53,346.0,0.515,0.030000000000000027,734e8953d6e89ca829f850585045875093876f53,0.01,5,0.500,4867.0893,32.349431
2026-03-20T00:40:01Z,EPL,258096,epl-new-sun-2026-03-22-more-markets,Newcastle United FC vs. Sunderland AFC - More Markets,2026-03-10T05:13:39.556876Z,1547849,epl-new-sun-2026-03-22-btts,Newcastle United FC vs. Sunderland AFC: Both Teams to Score,0xc195de0fd9cbf6ca9972cf66a36c043b15452e4a8680d8644e9e9a78233f464b,"[""28263517053038996679375325126694606328625339379238556603091975232692387797821"", ""69841895831280105953773993848146260001591662566556322621252290556682674981122""]",28263517053038996679375325126694606328625339379238556603091975232692387797821|69841895831280105953773993848146260001591662566556322621252290556682674981122,69841895831280105953773993848146260001591662566556322621252290556682674981122,No,True,0.47,346.0,0.5,864.0,0.485,0.030000000000000027,ba0eb7941b00aee405cc2db43803b7ec290253dc,0.01,5,0.500,4867.0893,32.349431
2026-03-20T00:40:01Z,EPL,277503,epl-tot-not-2026-03-22-halftime-result,Tottenham Hotspur FC vs. Nottingham Forest FC - Halftime Result,2026-03-16T23:12:17.141904Z,1611703,epl-tot-not-2026-03-22-halftime-result-home,Tottenham Hotspur FC leading at halftime?,0x51a28462ec43b8fbf7a0650118b3fae83279f234aea977a89dda1b6b563aafd0,"[""113968891148831835490705719429342719932585894920322799331152240236758210277159"", ""25233161355434408893747876829561331176733731371785351278789774836442163219290""]",113968891148831835490705719429342719932585894920322799331152240236758210277159|25233161355434408893747876829561331176733731371785351278789774836442163219290,113968891148831835490705719429342719932585894920322799331152240236758210277159,Yes,True,0.23,15.0,0.39,16.39,0.31,0.16,fd685733271408d62952d66b214babfec5f9bf31,0.01,5,0.640,759.3679,313.15
2026-03-20T00:40:01Z,EPL,277503,epl-tot-not-2026-03-22-halftime-result,Tottenham Hotspur FC vs. Nottingham Forest FC - Halftime Result,2026-03-16T23:12:17.141904Z,1611703,epl-tot-not-2026-03-22-halftime-result-home,Tottenham Hotspur FC leading at halftime?,0x51a28462ec43b8fbf7a0650118b3fae83279f234aea977a89dda1b6b563aafd0,"[""113968891148831835490705719429342719932585894920322799331152240236758210277159"", ""25233161355434408893747876829561331176733731371785351278789774836442163219290""]",113968891148831835490705719429342719932585894920322799331152240236758210277159|25233161355434408893747876829561331176733731371785351278789774836442163219290,25233161355434408893747876829561331176733731371785351278789774836442163219290,No,True,0.61,16.39,0.77,15.0,0.69,0.16000000000000003,46e443a2cd68be623e3c02621720d75677fc6bdc,0.01,5,0.640,759.3679,313.15
2026-03-20T00:40:01Z,EPL,277503,epl-tot-not-2026-03-22-halftime-result,Tottenham Hotspur FC vs. Nottingham Forest FC - Halftime Result,2026-03-16T23:12:17.141904Z,1611704,epl-tot-not-2026-03-22-halftime-result-draw,Tottenham Hotspur FC vs. Nottingham Forest FC: Draw at halftime?,0xa0fa52f2c8f12b3ce7efdad55a23bdd8ba62ff1040523721c23ba439689d2814,"[""109188340739414075020005144403747575975240326411930270074438816476465248904914"", ""114577106107220275677120186834314933000010695421016680438023877466449270914965""]",109188340739414075020005144403747575975240326411930270074438816476465248904914|114577106107220275677120186834314933000010695421016680438023877466449270914965,109188340739414075020005144403747575975240326411930270074438816476465248904914,Yes,True,0.03,5.58,0.49,19.6,0.26,0.45999999999999996,2ae53bc7f59a1746c0ddb3c4456d3876bc69a5cd,0.01,5,,434.9534,
2026-03-20T00:40:01Z,EPL,277503,epl-tot-not-2026-03-22-halftime-result,Tottenham Hotspur FC vs. Nottingham Forest FC - Halftime Result,2026-03-16T23:12:17.141904Z,1611704,epl-tot-not-2026-03-22-halftime-result-draw,Tottenham Hotspur FC vs. Nottingham Forest FC: Draw at halftime?,0xa0fa52f2c8f12b3ce7efdad55a23bdd8ba62ff1040523721c23ba439689d2814,"[""109188340739414075020005144403747575975240326411930270074438816476465248904914"", ""114577106107220275677120186834314933000010695421016680438023877466449270914965""]",109188340739414075020005144403747575975240326411930270074438816476465248904914|114577106107220275677120186834314933000010695421016680438023877466449270914965,114577106107220275677120186834314933000010695421016680438023877466449270914965,No,True,0.51,19.6,0.97,5.58,0.74,0.45999999999999996,767953efaf8bc7fc0f5d36426df06833ecabf919,0.01,5,,434.9534,
2026-03-20T00:40:01Z,EPL,277503,epl-tot-not-2026-03-22-halftime-result,Tottenham Hotspur FC vs. Nottingham Forest FC - Halftime Result,2026-03-16T23:12:17.141904Z,1611705,epl-tot-not-2026-03-22-halftime-result-away,Nottingham Forest FC leading at halftime?,0xbcbdaf70a3b9ee132f7c0b8796feeb3daf31b9a90fd5798b4b5b9a71ff49d90b,"[""104660221159638767795027089858986956647047218233216085992686922395329475331607"", ""46653078663650099434071990709517594770422834104977194180044892286859575733905""]",104660221159638767795027089858986956647047218233216085992686922395329475331607|46653078663650099434071990709517594770422834104977194180044892286859575733905,104660221159638767795027089858986956647047218233216085992686922395329475331607,Yes,True,0.06,11.16,0.36,10.15,0.21,0.3,e64797e26d08e1745fbda2bdc3a85c563c9f8d0f,0.01,5,,412.623,
2026-03-20T00:40:01Z,EPL,277503,epl-tot-not-2026-03-22-halftime-result,Tottenham Hotspur FC vs. Nottingham Forest FC - Halftime Result,2026-03-16T23:12:17.141904Z,1611705,epl-tot-not-2026-03-22-halftime-result-away,Nottingham Forest FC leading at halftime?,0xbcbdaf70a3b9ee132f7c0b8796feeb3daf31b9a90fd5798b4b5b9a71ff49d90b,"[""104660221159638767795027089858986956647047218233216085992686922395329475331607"", ""46653078663650099434071990709517594770422834104977194180044892286859575733905""]",104660221159638767795027089858986956647047218233216085992686922395329475331607|46653078663650099434071990709517594770422834104977194180044892286859575733905,46653078663650099434071990709517594770422834104977194180044892286859575733905,No,True,0.64,10.15,0.94,11.16,0.79,0.29999999999999993,03ca6ffa37993fad1cf64d453f9e44331f4f15a9,0.01,5,,412.623,
2026-03-20T00:40:01Z,EPL,277504,epl-tot-not-2026-03-22-exact-score,Tottenham Hotspur FC vs. Nottingham Forest FC - Exact Score,2026-03-16T23:46:50.20569Z,1611706,epl-tot-not-2026-03-22-exact-score-1-1,Exact Score: Tottenham Hotspur FC 1 - 1 Nottingham Forest FC?,0x839d0b7e70da5af2e7884b103356329fe9d3bbd8f9798be43cb5bf0717668bfe,"[""66012180711506313323170383150642181578639332676043193422277215066870895240754"", ""88474121940780693350868891100173738481965338769451725646388964475249309740897""]",66012180711506313323170383150642181578639332676043193422277215066870895240754|88474121940780693350868891100173738481965338769451725646388964475249309740897,66012180711506313323170383150642181578639332676043193422277215066870895240754,Yes,True,0.08,11.0,0.15,540.0,0.11499999999999999,0.06999999999999999,4fe03a5f4f1a444ac09bd49e94b13fedabc74fb9,0.01,5,0.870,657.615,11
2026-03-20T00:40:01Z,EPL,277504,epl-tot-not-2026-03-22-exact-score,Tottenham Hotspur FC vs. Nottingham Forest FC - Exact Score,2026-03-16T23:46:50.20569Z,1611706,epl-tot-not-2026-03-22-exact-score-1-1,Exact Score: Tottenham Hotspur FC 1 - 1 Nottingham Forest FC?,0x839d0b7e70da5af2e7884b103356329fe9d3bbd8f9798be43cb5bf0717668bfe,"[""66012180711506313323170383150642181578639332676043193422277215066870895240754"", ""88474121940780693350868891100173738481965338769451725646388964475249309740897""]",66012180711506313323170383150642181578639332676043193422277215066870895240754|88474121940780693350868891100173738481965338769451725646388964475249309740897,88474121940780693350868891100173738481965338769451725646388964475249309740897,No,True,0.85,540.0,0.92,11.0,0.885,0.07000000000000006,7885d34b2d5c8ec86273e5fa9bee9aece7446d36,0.01,5,0.870,657.615,11
2026-03-20T00:40:01Z,EPL,277504,epl-tot-not-2026-03-22-exact-score,Tottenham Hotspur FC vs. Nottingham Forest FC - Exact Score,2026-03-16T23:46:50.20569Z,1611707,epl-tot-not-2026-03-22-exact-score-2-1,Exact Score: Tottenham Hotspur FC 2 - 1 Nottingham Forest FC?,0x4ff9ae58e83c2cbf728d9b99a90332c2db34e4b4cb821f57ae5f3f41cbc431fe,"[""21674899976575507556500731780860401120032109203566037855956518480159249891301"", ""85964973742114259607906104909787550591356100922010568018136061697543911397497""]",21674899976575507556500731780860401120032109203566037855956518480159249891301|85964973742114259607906104909787550591356100922010568018136061697543911397497,21674899976575507556500731780860401120032109203566037855956518480159249891301,Yes,True,0.05,540.0,0.12,540.0,0.08499999999999999,0.06999999999999999,fbffea441947546e657bcc38392b4b6a50d13282,0.01,5,,651.167,
2026-03-20T00:40:01Z,EPL,277504,epl-tot-not-2026-03-22-exact-score,Tottenham Hotspur FC vs. Nottingham Forest FC - Exact Score,2026-03-16T23:46:50.20569Z,1611707,epl-tot-not-2026-03-22-exact-score-2-1,Exact Score: Tottenham Hotspur FC 2 - 1 Nottingham Forest FC?,0x4ff9ae58e83c2cbf728d9b99a90332c2db34e4b4cb821f57ae5f3f41cbc431fe,"[""21674899976575507556500731780860401120032109203566037855956518480159249891301"", ""85964973742114259607906104909787550591356100922010568018136061697543911397497""]",21674899976575507556500731780860401120032109203566037855956518480159249891301|85964973742114259607906104909787550591356100922010568018136061697543911397497,85964973742114259607906104909787550591356100922010568018136061697543911397497,No,True,0.88,540.0,0.95,540.0,0.915,0.06999999999999995,235d370fae53ce4cef6c578b79d7309507db3ec2,0.01,5,,651.167,
2026-03-20T00:40:01Z,EPL,277504,epl-tot-not-2026-03-22-exact-score,Tottenham Hotspur FC vs. Nottingham Forest FC - Exact Score,2026-03-16T23:46:50.20569Z,1611708,epl-tot-not-2026-03-22-exact-score-1-0,Exact Score: Tottenham Hotspur FC 1 - 0 Nottingham Forest FC?,0xc76780f390492cd7841e10b2cd319a104eca00b21e7578819c6d91718a8e6c72,"[""22681058515586684490125745104304715811594762704488315106193463477230578873164"", ""74983445864130788534155939042147559022114434642931671721001979303631844680930""]",22681058515586684490125745104304715811594762704488315106193463477230578873164|74983445864130788534155939042147559022114434642931671721001979303631844680930,22681058515586684490125745104304715811594762704488315106193463477230578873164,Yes,True,0.05,540.0,0.11,11.23,0.08,0.06,cd44d04fcc4c2c7a296a2dd1d3e9b297d203c89a,0.01,5,0.910,664.1297,171.01
2026-03-20T00:40:01Z,EPL,277504,epl-tot-not-2026-03-22-exact-score,Tottenham Hotspur FC vs. Nottingham Forest FC - Exact Score,2026-03-16T23:46:50.20569Z,1611708,epl-tot-not-2026-03-22-exact-score-1-0,Exact Score: Tottenham Hotspur FC 1 - 0 Nottingham Forest FC?,0xc76780f390492cd7841e10b2cd319a104eca00b21e7578819c6d91718a8e6c72,"[""22681058515586684490125745104304715811594762704488315106193463477230578873164"", ""74983445864130788534155939042147559022114434642931671721001979303631844680930""]",22681058515586684490125745104304715811594762704488315106193463477230578873164|74983445864130788534155939042147559022114434642931671721001979303631844680930,74983445864130788534155939042147559022114434642931671721001979303631844680930,No,True,0.89,11.23,0.95,540.0,0.9199999999999999,0.05999999999999994,7611025b19c87fd3add880ce4cf109041f28ea75,0.01,5,0.910,664.1297,171.01
2026-03-20T00:40:01Z,EPL,277504,epl-tot-not-2026-03-22-exact-score,Tottenham Hotspur FC vs. Nottingham Forest FC - Exact Score,2026-03-16T23:46:50.20569Z,1611709,epl-tot-not-2026-03-22-exact-score-1-2,Exact Score: Tottenham Hotspur FC 1 - 2 Nottingham Forest FC?,0xd7ac853315b36a3245d546d0efe96dbf2e9d7d18fe67d8df646b43a97cfa3375,"[""94898376252824728405135018286870212566727780003815351784989526355739831810745"", ""42706516080157150363125985265550465970821870331156535705360062800974241477880""]",94898376252824728405135018286870212566727780003815351784989526355739831810745|42706516080157150363125985265550465970821870331156535705360062800974241477880,94898376252824728405135018286870212566727780003815351784989526355739831810745,Yes,True,0.05,5.58,0.1,540.0,0.07500000000000001,0.05,a1cf15b6cb0032c16d1fa55c161c62650e45f14a,0.01,5,,698.5926,
2026-03-20T00:40:01Z,EPL,277504,epl-tot-not-2026-03-22-exact-score,Tottenham Hotspur FC vs. Nottingham Forest FC - Exact Score,2026-03-16T23:46:50.20569Z,1611709,epl-tot-not-2026-03-22-exact-score-1-2,Exact Score: Tottenham Hotspur FC 1 - 2 Nottingham Forest FC?,0xd7ac853315b36a3245d546d0efe96dbf2e9d7d18fe67d8df646b43a97cfa3375,"[""94898376252824728405135018286870212566727780003815351784989526355739831810745"", ""42706516080157150363125985265550465970821870331156535705360062800974241477880""]",94898376252824728405135018286870212566727780003815351784989526355739831810745|42706516080157150363125985265550465970821870331156535705360062800974241477880,42706516080157150363125985265550465970821870331156535705360062800974241477880,No,True,0.9,540.0,0.95,5.58,0.925,0.04999999999999993,24b075f3c185df2ba76c25327e0930071031e879,0.01,5,,698.5926,
2026-03-20T00:40:01Z,EPL,277504,epl-tot-not-2026-03-22-exact-score,Tottenham Hotspur FC vs. Nottingham Forest FC - Exact Score,2026-03-16T23:46:50.20569Z,1611710,epl-tot-not-2026-03-22-exact-score-0-1,Exact Score: Tottenham Hotspur FC 0 - 1 Nottingham Forest FC?,0x95c35781dd06947ada65d35c884170df259922e9e1cf1a7a87c491eb4cfc5fd8,"[""104259918331443068231242570417199173668826400443364513997609260050639636550535"", ""26703867977947007988124616321159646456620956333710886690504171130900625042955""]",104259918331443068231242570417199173668826400443364513997609260050639636550535|26703867977947007988124616321159646456620956333710886690504171130900625042955,104259918331443068231242570417199173668826400443364513997609260050639636550535,Yes,True,0.04,540.0,0.11,540.0,0.075,0.07,005a1533ad7d4ce9107205f6880f94358bcc93dd,0.01,5,,672.6884,
2026-03-20T00:40:01Z,EPL,277504,epl-tot-not-2026-03-22-exact-score,Tottenham Hotspur FC vs. Nottingham Forest FC - Exact Score,2026-03-16T23:46:50.20569Z,1611710,epl-tot-not-2026-03-22-exact-score-0-1,Exact Score: Tottenham Hotspur FC 0 - 1 Nottingham Forest FC?,0x95c35781dd06947ada65d35c884170df259922e9e1cf1a7a87c491eb4cfc5fd8,"[""104259918331443068231242570417199173668826400443364513997609260050639636550535"", ""26703867977947007988124616321159646456620956333710886690504171130900625042955""]",104259918331443068231242570417199173668826400443364513997609260050639636550535|26703867977947007988124616321159646456620956333710886690504171130900625042955,26703867977947007988124616321159646456620956333710886690504171130900625042955,No,True,0.89,540.0,0.96,540.0,0.925,0.06999999999999995,8f617ec2723cff995a0ed8991b9b7d506fc26061,0.01,5,,672.6884,
2026-03-20T00:40:01Z,EPL,277504,epl-tot-not-2026-03-22-exact-score,Tottenham Hotspur FC vs. Nottingham Forest FC - Exact Score,2026-03-16T23:46:50.20569Z,1611711,epl-tot-not-2026-03-22-exact-score-0-0,Exact Score: Tottenham Hotspur FC 0 - 0 Nottingham Forest FC?,0x0fc43ae5de6359cc30a6a60542a1de9245f574ca3396ce2369cd2374e74260af,"[""108750614002643470951206946643671740192635413744474088619778835407392311631968"", ""60820604921947408464696501448575976106212306354727872335241605665115209280144""]",108750614002643470951206946643671740192635413744474088619778835407392311631968|60820604921947408464696501448575976106212306354727872335241605665115209280144,108750614002643470951206946643671740192635413744474088619778835407392311631968,Yes,True,0.03,540.0,0.09,540.0,0.06,0.06,4d0edabe549601de5b6670c79795b4b3c23ca141,0.01,5,,700.1805,
2026-03-20T00:40:01Z,EPL,277504,epl-tot-not-2026-03-22-exact-score,Tottenham Hotspur FC vs. Nottingham Forest FC - Exact Score,2026-03-16T23:46:50.20569Z,1611711,epl-tot-not-2026-03-22-exact-score-0-0,Exact Score: Tottenham Hotspur FC 0 - 0 Nottingham Forest FC?,0x0fc43ae5de6359cc30a6a60542a1de9245f574ca3396ce2369cd2374e74260af,"[""108750614002643470951206946643671740192635413744474088619778835407392311631968"", ""60820604921947408464696501448575976106212306354727872335241605665115209280144""]",108750614002643470951206946643671740192635413744474088619778835407392311631968|60820604921947408464696501448575976106212306354727872335241605665115209280144,60820604921947408464696501448575976106212306354727872335241605665115209280144,No,True,0.91,540.0,0.97,540.0,0.94,0.05999999999999994,573e5727da5b35a3eaae31d4725927b3cac28403,0.01,5,,700.1805,
2026-03-20T00:40:01Z,EPL,277504,epl-tot-not-2026-03-22-exact-score,Tottenham Hotspur FC vs. Nottingham Forest FC - Exact Score,2026-03-16T23:46:50.20569Z,1611712,epl-tot-not-2026-03-22-exact-score-2-2,Exact Score: Tottenham Hotspur FC 2 - 2 Nottingham Forest FC?,0xe5c44fea81fb06343f31952b7bcfd0fd3d39cbb4fc8a4c3f07ce4ee6dfd27a4e,"[""25217043475306106050357102889971698168296369200533287539920193106374412023733"", ""109135101373359613297521598568195775582434420049742575632446973010480139896972""]",25217043475306106050357102889971698168296369200533287539920193106374412023733|109135101373359613297521598568195775582434420049742575632446973010480139896972,25217043475306106050357102889971698168296369200533287539920193106374412023733,Yes,True,0.03,540.0,0.08,10.86,0.055,0.05,d8ceb8acc2db294489e416b5162191a8230a1996,0.01,5,,726.2195,
2026-03-20T00:40:01Z,EPL,277504,epl-tot-not-2026-03-22-exact-score,Tottenham Hotspur FC vs. Nottingham Forest FC - Exact Score,2026-03-16T23:46:50.20569Z,1611712,epl-tot-not-2026-03-22-exact-score-2-2,Exact Score: Tottenham Hotspur FC 2 - 2 Nottingham Forest FC?,0xe5c44fea81fb06343f31952b7bcfd0fd3d39cbb4fc8a4c3f07ce4ee6dfd27a4e,"[""25217043475306106050357102889971698168296369200533287539920193106374412023733"", ""109135101373359613297521598568195775582434420049742575632446973010480139896972""]",25217043475306106050357102889971698168296369200533287539920193106374412023733|109135101373359613297521598568195775582434420049742575632446973010480139896972,109135101373359613297521598568195775582434420049742575632446973010480139896972,No,True,0.92,10.86,0.97,540.0,0.9450000000000001,0.04999999999999993,c8c7380c1321b2c37bcfe80821903859b742b2d4,0.01,5,,726.2195,
2026-03-20T00:40:01Z,EPL,277504,epl-tot-not-2026-03-22-exact-score,Tottenham Hotspur FC vs. Nottingham Forest FC - Exact Score,2026-03-16T23:46:50.20569Z,1611713,epl-tot-not-2026-03-22-exact-score-2-0,Exact Score: Tottenham Hotspur FC 2 - 0 Nottingham Forest FC?,0x6b47ae2960d1e534939717c63eb0a6c85b02366bb68f9fd130edc9a6b87e217a,"[""92563040054952337061158097638104283877615994885248000968006066376461905762941"", ""22055429299881242722574891165330699422041518052384303985754353209875727379285""]",92563040054952337061158097638104283877615994885248000968006066376461905762941|22055429299881242722574891165330699422041518052384303985754353209875727379285,92563040054952337061158097638104283877615994885248000968006066376461905762941,Yes,True,0.04,540.0,0.1,546.66,0.07,0.060000000000000005,f9fcfc20040dbed7174c89827ea67e803a116287,0.01,5,,749.0465,
2026-03-20T00:40:01Z,EPL,277504,epl-tot-not-2026-03-22-exact-score,Tottenham Hotspur FC vs. Nottingham Forest FC - Exact Score,2026-03-16T23:46:50.20569Z,1611713,epl-tot-not-2026-03-22-exact-score-2-0,Exact Score: Tottenham Hotspur FC 2 - 0 Nottingham Forest FC?,0x6b47ae2960d1e534939717c63eb0a6c85b02366bb68f9fd130edc9a6b87e217a,"[""92563040054952337061158097638104283877615994885248000968006066376461905762941"", ""22055429299881242722574891165330699422041518052384303985754353209875727379285""]",92563040054952337061158097638104283877615994885248000968006066376461905762941|22055429299881242722574891165330699422041518052384303985754353209875727379285,22055429299881242722574891165330699422041518052384303985754353209875727379285,No,True,0.9,546.66,0.96,540.0,0.9299999999999999,0.05999999999999994,42ca465b1a481a22f6548a48143c1056ce23225a,0.01,5,,749.0465,
2026-03-20T00:40:01Z,EPL,277504,epl-tot-not-2026-03-22-exact-score,Tottenham Hotspur FC vs. Nottingham Forest FC - Exact Score,2026-03-16T23:46:50.20569Z,1611714,epl-tot-not-2026-03-22-exact-score-0-2,Exact Score: Tottenham Hotspur FC 0 - 2 Nottingham Forest FC?,0xfae4e7132fe505b5a1cd76723c39c6e57885c063268e140e8f7513d23af6ceba,"[""31227475632850093637443033040356167625163554466216844778373852686566701565920"", ""98316826367337466033852241427023894612744645464212207448702287837502144144900""]",31227475632850093637443033040356167625163554466216844778373852686566701565920|98316826367337466033852241427023894612744645464212207448702287837502144144900,31227475632850093637443033040356167625163554466216844778373852686566701565920,Yes,True,0.02,795.0,0.08,540.0,0.05,0.06,c5a094678d25f54c902c31ab962e02234f850eff,0.01,5,,732.3963,
2026-03-20T00:40:01Z,EPL,277504,epl-tot-not-2026-03-22-exact-score,Tottenham Hotspur FC vs. Nottingham Forest FC - Exact Score,2026-03-16T23:46:50.20569Z,1611714,epl-tot-not-2026-03-22-exact-score-0-2,Exact Score: Tottenham Hotspur FC 0 - 2 Nottingham Forest FC?,0xfae4e7132fe505b5a1cd76723c39c6e57885c063268e140e8f7513d23af6ceba,"[""31227475632850093637443033040356167625163554466216844778373852686566701565920"", ""98316826367337466033852241427023894612744645464212207448702287837502144144900""]",31227475632850093637443033040356167625163554466216844778373852686566701565920|98316826367337466033852241427023894612744645464212207448702287837502144144900,98316826367337466033852241427023894612744645464212207448702287837502144144900,No,True,0.92,540.0,0.98,795.0,0.95,0.05999999999999994,4c2b9c4635e5579d1f42e9f4a010abcde40ef821,0.01,5,,732.3963,
2026-03-20T00:40:01Z,EPL,277504,epl-tot-not-2026-03-22-exact-score,Tottenham Hotspur FC vs. Nottingham Forest FC - Exact Score,2026-03-16T23:46:50.20569Z,1611715,epl-tot-not-2026-03-22-exact-score-3-1,Exact Score: Tottenham Hotspur FC 3 - 1 Nottingham Forest FC?,0xdd7f2c623cea7ad3c83b1fc7bf733e054fd34dffcf58ee4bfc2f9e7e3d380229,"[""87855289145329909825286654114283239340183952389163458447471894282843044701062"", ""21564053314520476985737809892010818941474354565660483690342046770401710895759""]",87855289145329909825286654114283239340183952389163458447471894282843044701062|21564053314520476985737809892010818941474354565660483690342046770401710895759,87855289145329909825286654114283239340183952389163458447471894282843044701062,Yes,True,0.02,940.0,0.07,24.0,0.045000000000000005,0.05,3466e89029d1ddb86d91e5f5bb5eb188ebb5882f,0.01,5,,716.8769,
2026-03-20T00:40:01Z,EPL,277504,epl-tot-not-2026-03-22-exact-score,Tottenham Hotspur FC vs. Nottingham Forest FC - Exact Score,2026-03-16T23:46:50.20569Z,1611715,epl-tot-not-2026-03-22-exact-score-3-1,Exact Score: Tottenham Hotspur FC 3 - 1 Nottingham Forest FC?,0xdd7f2c623cea7ad3c83b1fc7bf733e054fd34dffcf58ee4bfc2f9e7e3d380229,"[""87855289145329909825286654114283239340183952389163458447471894282843044701062"", ""21564053314520476985737809892010818941474354565660483690342046770401710895759""]",87855289145329909825286654114283239340183952389163458447471894282843044701062|21564053314520476985737809892010818941474354565660483690342046770401710895759,21564053314520476985737809892010818941474354565660483690342046770401710895759,No,True,0.93,24.0,0.98,940.0,0.9550000000000001,0.04999999999999993,be4e531ca77824dc66753f9b8fc0dd35225c4188,0.01,5,,716.8769,
2026-03-20T00:40:01Z,EPL,277504,epl-tot-not-2026-03-22-exact-score,Tottenham Hotspur FC vs. Nottingham Forest FC - Exact Score,2026-03-16T23:46:50.20569Z,1611716,epl-tot-not-2026-03-22-exact-score-1-3,Exact Score: Tottenham Hotspur FC 1 - 3 Nottingham Forest FC?,0x5e8388b7dd313557b0507b4c2b525a92cb9bc4877709778ed3bb5ff5e62fb6c7,"[""42159352438903986742401287447493986135636061609603248742629272795609700412446"", ""6944545694405123248213662934159441118631511003569861477962169490591376343490""]",42159352438903986742401287447493986135636061609603248742629272795609700412446|6944545694405123248213662934159441118631511003569861477962169490591376343490,42159352438903986742401287447493986135636061609603248742629272795609700412446,Yes,True,0.02,690.0,0.06,540.0,0.04,0.039999999999999994,319e7446cf8685af3f2a147195c7f2356430ecee,0.001,5,,738.05707,
2026-03-20T00:40:01Z,EPL,277504,epl-tot-not-2026-03-22-exact-score,Tottenham Hotspur FC vs. Nottingham Forest FC - Exact Score,2026-03-16T23:46:50.20569Z,1611716,epl-tot-not-2026-03-22-exact-score-1-3,Exact Score: Tottenham Hotspur FC 1 - 3 Nottingham Forest FC?,0x5e8388b7dd313557b0507b4c2b525a92cb9bc4877709778ed3bb5ff5e62fb6c7,"[""42159352438903986742401287447493986135636061609603248742629272795609700412446"", ""6944545694405123248213662934159441118631511003569861477962169490591376343490""]",42159352438903986742401287447493986135636061609603248742629272795609700412446|6944545694405123248213662934159441118631511003569861477962169490591376343490,6944545694405123248213662934159441118631511003569861477962169490591376343490,No,True,0.94,540.0,0.98,690.0,0.96,0.040000000000000036,44d888fe6409e54be1ba4112c22bcd3ea94c7d71,0.001,5,,738.05707,
2026-03-20T00:40:01Z,EPL,277504,epl-tot-not-2026-03-22-exact-score,Tottenham Hotspur FC vs. Nottingham Forest FC - Exact Score,2026-03-16T23:46:50.20569Z,1611717,epl-tot-not-2026-03-22-exact-score-3-0,Exact Score: Tottenham Hotspur FC 3 - 0 Nottingham Forest FC?,0x559ca0287e177e0ae202358a8f8e59cf3b68fc6f63b45a4998ca4bf93a3d2188,"[""20505268286837723200987727874915957812006519597975671925244212349084273292430"", ""53171762517715404330943561919803674810510771526303663501456931276706363364062""]",20505268286837723200987727874915957812006519597975671925244212349084273292430|53171762517715404330943561919803674810510771526303663501456931276706363364062,20505268286837723200987727874915957812006519597975671925244212349084273292430,Yes,True,0.02,795.0,0.07,540.0,0.045000000000000005,0.05,2aef05a6c4b5b215c0ef86acd7cef9056aeac151,0.01,5,0.620,734.9785,
2026-03-20T00:40:01Z,EPL,277504,epl-tot-not-2026-03-22-exact-score,Tottenham Hotspur FC vs. Nottingham Forest FC - Exact Score,2026-03-16T23:46:50.20569Z,1611717,epl-tot-not-2026-03-22-exact-score-3-0,Exact Score: Tottenham Hotspur FC 3 - 0 Nottingham Forest FC?,0x559ca0287e177e0ae202358a8f8e59cf3b68fc6f63b45a4998ca4bf93a3d2188,"[""20505268286837723200987727874915957812006519597975671925244212349084273292430"", ""53171762517715404330943561919803674810510771526303663501456931276706363364062""]",20505268286837723200987727874915957812006519597975671925244212349084273292430|53171762517715404330943561919803674810510771526303663501456931276706363364062,53171762517715404330943561919803674810510771526303663501456931276706363364062,No,True,0.93,540.0,0.98,795.0,0.9550000000000001,0.04999999999999993,e572a8e11eaec1a294a53f591d0180c2f3d32c9d,0.01,5,0.620,734.9785,
2026-03-20T00:40:01Z,EPL,277504,epl-tot-not-2026-03-22-exact-score,Tottenham Hotspur FC vs. Nottingham Forest FC - Exact Score,2026-03-16T23:46:50.20569Z,1611718,epl-tot-not-2026-03-22-exact-score-3-2,Exact Score: Tottenham Hotspur FC 3 - 2 Nottingham Forest FC?,0x7ccfaed824436d2adeebdb5f75afcbddca88eb359426ec5017313c6f50c31ccd,"[""61116148084585033952287566984583555134627071008493597604929772918614209728721"", ""240625273437487803974628115229948586920042928565401858616220584188557924350""]",61116148084585033952287566984583555134627071008493597604929772918614209728721|240625273437487803974628115229948586920042928565401858616220584188557924350,61116148084585033952287566984583555134627071008493597604929772918614209728721,Yes,True,0.02,247.45,0.039,7.04,0.0295,0.019,46a36e5bc311999fce37c961ecc8436ff0972dee,0.001,5,0.021,754.299,194.62155
2026-03-20T00:40:01Z,EPL,277504,epl-tot-not-2026-03-22-exact-score,Tottenham Hotspur FC vs. Nottingham Forest FC - Exact Score,2026-03-16T23:46:50.20569Z,1611718,epl-tot-not-2026-03-22-exact-score-3-2,Exact Score: Tottenham Hotspur FC 3 - 2 Nottingham Forest FC?,0x7ccfaed824436d2adeebdb5f75afcbddca88eb359426ec5017313c6f50c31ccd,"[""61116148084585033952287566984583555134627071008493597604929772918614209728721"", ""240625273437487803974628115229948586920042928565401858616220584188557924350""]",61116148084585033952287566984583555134627071008493597604929772918614209728721|240625273437487803974628115229948586920042928565401858616220584188557924350,240625273437487803974628115229948586920042928565401858616220584188557924350,No,True,0.961,7.04,0.98,247.45,0.9704999999999999,0.019000000000000017,b99976bdd0a952755ea65ae25e3ee0f4bf057f60,0.001,5,0.021,754.299,194.62155
2026-03-20T00:40:01Z,EPL,277504,epl-tot-not-2026-03-22-exact-score,Tottenham Hotspur FC vs. Nottingham Forest FC - Exact Score,2026-03-16T23:46:50.20569Z,1611719,epl-tot-not-2026-03-22-exact-score-2-3,Exact Score: Tottenham Hotspur FC 2 - 3 Nottingham Forest FC?,0x70a2e1deb2f1bcc300e79c7f9d14d60c87aa14072d8c26eedb4c88ede23d61b5,"[""107284851195747290403228288274738448309828605320641066635645234872260634184925"", ""26390489913257713961420042499337195504727268720630275102722971729752009274857""]",107284851195747290403228288274738448309828605320641066635645234872260634184925|26390489913257713961420042499337195504727268720630275102722971729752009274857,107284851195747290403228288274738448309828605320641066635645234872260634184925,Yes,True,0.02,234.44,0.043,10.44,0.0315,0.022999999999999996,e98648e7caf5c77c43fc66288f59f9c7c20950c6,0.001,5,0.020,870.41483,268.6312
2026-03-20T00:40:01Z,EPL,277504,epl-tot-not-2026-03-22-exact-score,Tottenham Hotspur FC vs. Nottingham Forest FC - Exact Score,2026-03-16T23:46:50.20569Z,1611719,epl-tot-not-2026-03-22-exact-score-2-3,Exact Score: Tottenham Hotspur FC 2 - 3 Nottingham Forest FC?,0x70a2e1deb2f1bcc300e79c7f9d14d60c87aa14072d8c26eedb4c88ede23d61b5,"[""107284851195747290403228288274738448309828605320641066635645234872260634184925"", ""26390489913257713961420042499337195504727268720630275102722971729752009274857""]",107284851195747290403228288274738448309828605320641066635645234872260634184925|26390489913257713961420042499337195504727268720630275102722971729752009274857,26390489913257713961420042499337195504727268720630275102722971729752009274857,No,True,0.957,10.44,0.98,234.44,0.9684999999999999,0.02300000000000002,ed1f4542fc8545c4afcd41aafdf42928d0014c3f,0.001,5,0.020,870.41483,268.6312
2026-03-20T00:40:01Z,EPL,277504,epl-tot-not-2026-03-22-exact-score,Tottenham Hotspur FC vs. Nottingham Forest FC - Exact Score,2026-03-16T23:46:50.20569Z,1611720,epl-tot-not-2026-03-22-exact-score-0-3,Exact Score: Tottenham Hotspur FC 0 - 3 Nottingham Forest FC?,0x0ddda6141e7d33c87d6545d4841f34cf68d1acfd984877fde4aca4d6002326ac,"[""10831489707005350463834083585404340814545929730398289857125928310441704996745"", ""55538428833706583810421296451111869516501028941970467667796986008467045796430""]",10831489707005350463834083585404340814545929730398289857125928310441704996745|55538428833706583810421296451111869516501028941970467667796986008467045796430,10831489707005350463834083585404340814545929730398289857125928310441704996745,Yes,True,0.011,30.0,0.044,66.17,0.027499999999999997,0.033,83cc006094787f880f954d66c813b966f36ee1f6,0.001,5,0.044,847.57959,1130.1612
2026-03-20T00:40:01Z,EPL,277504,epl-tot-not-2026-03-22-exact-score,Tottenham Hotspur FC vs. Nottingham Forest FC - Exact Score,2026-03-16T23:46:50.20569Z,1611720,epl-tot-not-2026-03-22-exact-score-0-3,Exact Score: Tottenham Hotspur FC 0 - 3 Nottingham Forest FC?,0x0ddda6141e7d33c87d6545d4841f34cf68d1acfd984877fde4aca4d6002326ac,"[""10831489707005350463834083585404340814545929730398289857125928310441704996745"", ""55538428833706583810421296451111869516501028941970467667796986008467045796430""]",10831489707005350463834083585404340814545929730398289857125928310441704996745|55538428833706583810421296451111869516501028941970467667796986008467045796430,55538428833706583810421296451111869516501028941970467667796986008467045796430,No,True,0.956,66.17,0.989,30.0,0.9724999999999999,0.03300000000000003,29ae8a21b634278e00679611918f0c2e4fd66e8c,0.001,5,0.044,847.57959,1130.1612
2026-03-20T00:40:01Z,EPL,277504,epl-tot-not-2026-03-22-exact-score,Tottenham Hotspur FC vs. Nottingham Forest FC - Exact Score,2026-03-16T23:46:50.20569Z,1611721,epl-tot-not-2026-03-22-exact-score-3-3,Exact Score: Tottenham Hotspur FC 3 - 3 Nottingham Forest FC?,0xa107ae94e97ea9285e32bdf982becd57544b7eb0a52866fb64ab3a6f72655e81,"[""28413255167082383402640604622919515756365923377950883093105015090905537395064"", ""78609172262361185819270993278089234506127078506846008319482847890486150023155""]",28413255167082383402640604622919515756365923377950883093105015090905537395064|78609172262361185819270993278089234506127078506846008319482847890486150023155,28413255167082383402640604622919515756365923377950883093105015090905537395064,Yes,True,0.009,690.0,0.01,20.38,0.0095,0.0010000000000000009,a6c4c8f5906139dcb3e64508cf70d9757699a488,0.001,5,,737.97954,
2026-03-20T00:40:01Z,EPL,277504,epl-tot-not-2026-03-22-exact-score,Tottenham Hotspur FC vs. Nottingham Forest FC - Exact Score,2026-03-16T23:46:50.20569Z,1611721,epl-tot-not-2026-03-22-exact-score-3-3,Exact Score: Tottenham Hotspur FC 3 - 3 Nottingham Forest FC?,0xa107ae94e97ea9285e32bdf982becd57544b7eb0a52866fb64ab3a6f72655e81,"[""28413255167082383402640604622919515756365923377950883093105015090905537395064"", ""78609172262361185819270993278089234506127078506846008319482847890486150023155""]",28413255167082383402640604622919515756365923377950883093105015090905537395064|78609172262361185819270993278089234506127078506846008319482847890486150023155,78609172262361185819270993278089234506127078506846008319482847890486150023155,No,True,0.99,20.38,0.991,690.0,0.9904999999999999,0.0010000000000000009,f325d3922350a65e55497ffe4040d1cd8c6f920f,0.001,5,,737.97954,
2026-03-20T00:40:01Z,EPL,277504,epl-tot-not-2026-03-22-exact-score,Tottenham Hotspur FC vs. Nottingham Forest FC - Exact Score,2026-03-16T23:46:50.20569Z,1611722,epl-tot-not-2026-03-22-exact-score-any-other,Exact Score: Any Other Score?,0x1a8baa097129c8e12e61ca295686b545d5b80c9173a704967a9761d44cc3f4c1,"[""41006196141150766231595845344861086055899432084268455205878427292339639027410"", ""11397241412908998571628356751936339742852196441753632859385141663387041184336""]",41006196141150766231595845344861086055899432084268455205878427292339639027410|11397241412908998571628356751936339742852196441753632859385141663387041184336,41006196141150766231595845344861086055899432084268455205878427292339639027410,Yes,True,0.03,5.58,0.71,143.85,0.37,0.6799999999999999,298d9245fc8b8dad358ce7f93df032f19ab61972,0.01,5,,121.4328,
2026-03-20T00:40:01Z,EPL,277504,epl-tot-not-2026-03-22-exact-score,Tottenham Hotspur FC vs. Nottingham Forest FC - Exact Score,2026-03-16T23:46:50.20569Z,1611722,epl-tot-not-2026-03-22-exact-score-any-other,Exact Score: Any Other Score?,0x1a8baa097129c8e12e61ca295686b545d5b80c9173a704967a9761d44cc3f4c1,"[""41006196141150766231595845344861086055899432084268455205878427292339639027410"", ""11397241412908998571628356751936339742852196441753632859385141663387041184336""]",41006196141150766231595845344861086055899432084268455205878427292339639027410|11397241412908998571628356751936339742852196441753632859385141663387041184336,11397241412908998571628356751936339742852196441753632859385141663387041184336,No,True,0.29,143.85,0.97,5.58,0.63,0.6799999999999999,a5a886b0da15b00a7fb1ac12eacc8e2febb31b2a,0.01,5,,121.4328,
2026-03-20T00:40:01Z,EPL,277505,epl-ast-wes-2026-03-22-halftime-result,Aston Villa FC vs. West Ham United FC - Halftime Result,2026-03-16T22:37:38.482583Z,1611723,epl-ast-wes-2026-03-22-halftime-result-home,Aston Villa FC leading at halftime?,0xc0026182dbf709a36f4765ff56e7094fb593a92e0bab7138627957f33e90f065,"[""99470297141137736635902456008976538236398933230599375298188127991629495848567"", ""73209175732263909171932614579466664373103135121153044917474243413114943754305""]",99470297141137736635902456008976538236398933230599375298188127991629495848567|73209175732263909171932614579466664373103135121153044917474243413114943754305,99470297141137736635902456008976538236398933230599375298188127991629495848567,Yes,True,0.26,500.0,0.44,17.85,0.35,0.18,a35a917e61eba5dbe45b14cbf621e9a198f659fd,0.01,5,,659.9256,
2026-03-20T00:40:01Z,EPL,277505,epl-ast-wes-2026-03-22-halftime-result,Aston Villa FC vs. West Ham United FC - Halftime Result,2026-03-16T22:37:38.482583Z,1611723,epl-ast-wes-2026-03-22-halftime-result-home,Aston Villa FC leading at halftime?,0xc0026182dbf709a36f4765ff56e7094fb593a92e0bab7138627957f33e90f065,"[""99470297141137736635902456008976538236398933230599375298188127991629495848567"", ""73209175732263909171932614579466664373103135121153044917474243413114943754305""]",99470297141137736635902456008976538236398933230599375298188127991629495848567|73209175732263909171932614579466664373103135121153044917474243413114943754305,73209175732263909171932614579466664373103135121153044917474243413114943754305,No,True,0.56,17.85,0.74,500.0,0.65,0.17999999999999994,9b242bdf941804a0b99d1a84b659355da8f2fa17,0.01,5,,659.9256,
2026-03-20T00:40:01Z,EPL,277505,epl-ast-wes-2026-03-22-halftime-result,Aston Villa FC vs. West Ham United FC - Halftime Result,2026-03-16T22:37:38.482583Z,1611724,epl-ast-wes-2026-03-22-halftime-result-draw,Aston Villa FC vs. West Ham United FC: Draw at halftime?,0x2ce1487ac7222b85c92e92f1ecba509b1b4cc656585a287c90f1065c5c18d877,"[""109328523271261750346270962219840145890317687483866270662148519990651005967354"", ""73727148785423089443941240787973267941783677452251974180266441010925461581053""]",109328523271261750346270962219840145890317687483866270662148519990651005967354|73727148785423089443941240787973267941783677452251974180266441010925461581053,109328523271261750346270962219840145890317687483866270662148519990651005967354,Yes,True,0.3,400.0,0.48,19.23,0.39,0.18,03f65f7d33d718be84d84b0c949d5dfec6520cdf,0.01,5,,659.0383,
2026-03-20T00:40:01Z,EPL,277505,epl-ast-wes-2026-03-22-halftime-result,Aston Villa FC vs. West Ham United FC - Halftime Result,2026-03-16T22:37:38.482583Z,1611724,epl-ast-wes-2026-03-22-halftime-result-draw,Aston Villa FC vs. West Ham United FC: Draw at halftime?,0x2ce1487ac7222b85c92e92f1ecba509b1b4cc656585a287c90f1065c5c18d877,"[""109328523271261750346270962219840145890317687483866270662148519990651005967354"", ""73727148785423089443941240787973267941783677452251974180266441010925461581053""]",109328523271261750346270962219840145890317687483866270662148519990651005967354|73727148785423089443941240787973267941783677452251974180266441010925461581053,73727148785423089443941240787973267941783677452251974180266441010925461581053,No,True,0.52,19.23,0.7,400.0,0.61,0.17999999999999994,6793f1de5d3c94ff26e08a1d23a3846bf3ad8198,0.01,5,,659.0383,
2026-03-20T00:40:01Z,EPL,277505,epl-ast-wes-2026-03-22-halftime-result,Aston Villa FC vs. West Ham United FC - Halftime Result,2026-03-16T22:37:38.482583Z,1611725,epl-ast-wes-2026-03-22-halftime-result-away,West Ham United FC leading at halftime?,0xb412c97550684a9207862bd00ac42382fb03e3a115648bf68b7d76ec90c0742d,"[""18984887288036969286814569011149802512088064936365805181856386060588531937915"", ""80353329167559656002702300465237895648871181901228169886553160657817627679193""]",18984887288036969286814569011149802512088064936365805181856386060588531937915|80353329167559656002702300465237895648871181901228169886553160657817627679193,18984887288036969286814569011149802512088064936365805181856386060588531937915,Yes,True,0.06,11.16,0.28,9.02,0.17,0.22000000000000003,26c55765b940e3e8859fe81b7829a0ccdd9d55a8,0.01,5,,330.3982,
2026-03-20T00:40:01Z,EPL,277505,epl-ast-wes-2026-03-22-halftime-result,Aston Villa FC vs. West Ham United FC - Halftime Result,2026-03-16T22:37:38.482583Z,1611725,epl-ast-wes-2026-03-22-halftime-result-away,West Ham United FC leading at halftime?,0xb412c97550684a9207862bd00ac42382fb03e3a115648bf68b7d76ec90c0742d,"[""18984887288036969286814569011149802512088064936365805181856386060588531937915"", ""80353329167559656002702300465237895648871181901228169886553160657817627679193""]",18984887288036969286814569011149802512088064936365805181856386060588531937915|80353329167559656002702300465237895648871181901228169886553160657817627679193,80353329167559656002702300465237895648871181901228169886553160657817627679193,No,True,0.72,9.02,0.94,11.16,0.83,0.21999999999999997,58f4b42aebea4e9cb297edefa291da48ba263961,0.01,5,,330.3982,
2026-03-20T00:40:01Z,EPL,277506,epl-ast-wes-2026-03-22-exact-score,Aston Villa FC vs. West Ham United FC - Exact Score,2026-03-17T00:08:42.627775Z,1611726,epl-ast-wes-2026-03-22-exact-score-1-1,Exact Score: Aston Villa FC 1 - 1 West Ham United FC?,0xafde13fe70935223f54c6995ebf0ac1edf70bc29b375c745650b53a1760d02ba,"[""35157560463040052726702656326922997650250564980130200423041781263599314008018"", ""95014205890603716605339295473638899755663489738557257863208526673859226880425""]",35157560463040052726702656326922997650250564980130200423041781263599314008018|95014205890603716605339295473638899755663489738557257863208526673859226880425,35157560463040052726702656326922997650250564980130200423041781263599314008018,Yes,True,0.06,540.0,0.14,540.0,0.1,0.08000000000000002,0d1b1353c17dd5f822b47c13fdc016eed17f5769,0.01,5,,634.8198,
2026-03-20T00:40:01Z,EPL,277506,epl-ast-wes-2026-03-22-exact-score,Aston Villa FC vs. West Ham United FC - Exact Score,2026-03-17T00:08:42.627775Z,1611726,epl-ast-wes-2026-03-22-exact-score-1-1,Exact Score: Aston Villa FC 1 - 1 West Ham United FC?,0xafde13fe70935223f54c6995ebf0ac1edf70bc29b375c745650b53a1760d02ba,"[""35157560463040052726702656326922997650250564980130200423041781263599314008018"", ""95014205890603716605339295473638899755663489738557257863208526673859226880425""]",35157560463040052726702656326922997650250564980130200423041781263599314008018|95014205890603716605339295473638899755663489738557257863208526673859226880425,95014205890603716605339295473638899755663489738557257863208526673859226880425,No,True,0.86,540.0,0.94,540.0,0.8999999999999999,0.07999999999999996,b5871d7514d39d145c2d1a60f5a22f2b10124b79,0.01,5,,634.8198,
2026-03-20T00:40:01Z,EPL,277506,epl-ast-wes-2026-03-22-exact-score,Aston Villa FC vs. West Ham United FC - Exact Score,2026-03-17T00:08:42.627775Z,1611727,epl-ast-wes-2026-03-22-exact-score-2-1,Exact Score: Aston Villa FC 2 - 1 West Ham United FC?,0xb9c606643f679ce8334c7ff133e46b7a99b1001e53c34a82ce4a488ae53f09ec,"[""60562142279834624172916751817644350714897736215460312648839838975877111148669"", ""95399751232012002397990997240504271719777173319650573535872019267506187803869""]",60562142279834624172916751817644350714897736215460312648839838975877111148669|95399751232012002397990997240504271719777173319650573535872019267506187803869,60562142279834624172916751817644350714897736215460312648839838975877111148669,Yes,True,0.05,540.0,0.13,540.0,0.09,0.08,f3ddb58d14276fbae8a766a24ffaff33ba307912,0.01,5,,634.8698,
2026-03-20T00:40:01Z,EPL,277506,epl-ast-wes-2026-03-22-exact-score,Aston Villa FC vs. West Ham United FC - Exact Score,2026-03-17T00:08:42.627775Z,1611727,epl-ast-wes-2026-03-22-exact-score-2-1,Exact Score: Aston Villa FC 2 - 1 West Ham United FC?,0xb9c606643f679ce8334c7ff133e46b7a99b1001e53c34a82ce4a488ae53f09ec,"[""60562142279834624172916751817644350714897736215460312648839838975877111148669"", ""95399751232012002397990997240504271719777173319650573535872019267506187803869""]",60562142279834624172916751817644350714897736215460312648839838975877111148669|95399751232012002397990997240504271719777173319650573535872019267506187803869,95399751232012002397990997240504271719777173319650573535872019267506187803869,No,True,0.87,540.0,0.95,540.0,0.9099999999999999,0.07999999999999996,a523acdb1ae1ff6b85a782576a15aeb32e2e6d3b,0.01,5,,634.8698,
2026-03-20T00:40:01Z,EPL,277506,epl-ast-wes-2026-03-22-exact-score,Aston Villa FC vs. West Ham United FC - Exact Score,2026-03-17T00:08:42.627775Z,1611728,epl-ast-wes-2026-03-22-exact-score-1-0,Exact Score: Aston Villa FC 1 - 0 West Ham United FC?,0xc454ffb0f0c3330996e76fc113901eb944bc20892ff547a3f723d6974cd23232,"[""102303024312627163669194258240086613963827258106989274348545866762321498307802"", ""94203321273514030609467634750610330705120385599445153959391332264533966954465""]",102303024312627163669194258240086613963827258106989274348545866762321498307802|94203321273514030609467634750610330705120385599445153959391332264533966954465,102303024312627163669194258240086613963827258106989274348545866762321498307802,Yes,True,0.05,545.58,0.12,540.0,0.08499999999999999,0.06999999999999999,e6221eb8f47d7a19ddd025da8c405a549117dda8,0.01,5,,640.4988,
2026-03-20T00:40:01Z,EPL,277506,epl-ast-wes-2026-03-22-exact-score,Aston Villa FC vs. West Ham United FC - Exact Score,2026-03-17T00:08:42.627775Z,1611728,epl-ast-wes-2026-03-22-exact-score-1-0,Exact Score: Aston Villa FC 1 - 0 West Ham United FC?,0xc454ffb0f0c3330996e76fc113901eb944bc20892ff547a3f723d6974cd23232,"[""102303024312627163669194258240086613963827258106989274348545866762321498307802"", ""94203321273514030609467634750610330705120385599445153959391332264533966954465""]",102303024312627163669194258240086613963827258106989274348545866762321498307802|94203321273514030609467634750610330705120385599445153959391332264533966954465,94203321273514030609467634750610330705120385599445153959391332264533966954465,No,True,0.88,540.0,0.95,545.58,0.915,0.06999999999999995,d9da0b6e7a22b54dd78ff92f45b08a6e255e25d8,0.01,5,,640.4988,
2026-03-20T00:40:01Z,EPL,277506,epl-ast-wes-2026-03-22-exact-score,Aston Villa FC vs. West Ham United FC - Exact Score,2026-03-17T00:08:42.627775Z,1611729,epl-ast-wes-2026-03-22-exact-score-2-0,Exact Score: Aston Villa FC 2 - 0 West Ham United FC?,0xd733aba0a594d1dd4afb236033725f5c63b4ede7bad7a372b7573b70381fb459,"[""111519358135269430600689212281553707630545180169035252033130703884973010471773"", ""52017519974994872347511643445631140213898813975671678451872297040106078845309""]",111519358135269430600689212281553707630545180169035252033130703884973010471773|52017519974994872347511643445631140213898813975671678451872297040106078845309,111519358135269430600689212281553707630545180169035252033130703884973010471773,Yes,True,0.04,540.0,0.1,11.11,0.07,0.060000000000000005,faac0d110aab555d43fe35ddc021b042170e8008,0.01,5,0.920,689.3154,127.09
2026-03-20T00:40:01Z,EPL,277506,epl-ast-wes-2026-03-22-exact-score,Aston Villa FC vs. West Ham United FC - Exact Score,2026-03-17T00:08:42.627775Z,1611729,epl-ast-wes-2026-03-22-exact-score-2-0,Exact Score: Aston Villa FC 2 - 0 West Ham United FC?,0xd733aba0a594d1dd4afb236033725f5c63b4ede7bad7a372b7573b70381fb459,"[""111519358135269430600689212281553707630545180169035252033130703884973010471773"", ""52017519974994872347511643445631140213898813975671678451872297040106078845309""]",111519358135269430600689212281553707630545180169035252033130703884973010471773|52017519974994872347511643445631140213898813975671678451872297040106078845309,52017519974994872347511643445631140213898813975671678451872297040106078845309,No,True,0.9,11.11,0.96,540.0,0.9299999999999999,0.05999999999999994,d4d1e098b9b0e4ef0644075350b17627989b64a1,0.01,5,0.920,689.3154,127.09
2026-03-20T00:40:01Z,EPL,277506,epl-ast-wes-2026-03-22-exact-score,Aston Villa FC vs. West Ham United FC - Exact Score,2026-03-17T00:08:42.627775Z,1611730,epl-ast-wes-2026-03-22-exact-score-2-2,Exact Score: Aston Villa FC 2 - 2 West Ham United FC?,0xe04b5215c148031c5a5e2c2a07ca9b3aeab5fdd3023bf0d7cd6ff81a4fd5ffde,"[""16071932232411188770261517764215034888647121123108064146132386564993719652311"", ""56265399605182288842681072845390779315530274320581675704316277033114259127403""]",16071932232411188770261517764215034888647121123108064146132386564993719652311|56265399605182288842681072845390779315530274320581675704316277033114259127403,16071932232411188770261517764215034888647121123108064146132386564993719652311,Yes,True,0.03,545.58,0.09,540.0,0.06,0.06,fa0db68f7f689b3bb7bb7c5475b8b246555b9f01,0.01,5,,704.8445,
2026-03-20T00:40:01Z,EPL,277506,epl-ast-wes-2026-03-22-exact-score,Aston Villa FC vs. West Ham United FC - Exact Score,2026-03-17T00:08:42.627775Z,1611730,epl-ast-wes-2026-03-22-exact-score-2-2,Exact Score: Aston Villa FC 2 - 2 West Ham United FC?,0xe04b5215c148031c5a5e2c2a07ca9b3aeab5fdd3023bf0d7cd6ff81a4fd5ffde,"[""16071932232411188770261517764215034888647121123108064146132386564993719652311"", ""56265399605182288842681072845390779315530274320581675704316277033114259127403""]",16071932232411188770261517764215034888647121123108064146132386564993719652311|56265399605182288842681072845390779315530274320581675704316277033114259127403,56265399605182288842681072845390779315530274320581675704316277033114259127403,No,True,0.91,540.0,0.97,545.58,0.94,0.05999999999999994,43e450061ff187c3abe2f4d2b16a83f16a4adb3c,0.01,5,,704.8445,
2026-03-20T00:40:01Z,EPL,277506,epl-ast-wes-2026-03-22-exact-score,Aston Villa FC vs. West Ham United FC - Exact Score,2026-03-17T00:08:42.627775Z,1611731,epl-ast-wes-2026-03-22-exact-score-1-2,Exact Score: Aston Villa FC 1 - 2 West Ham United FC?,0x063d1fe08cc418152fa729d8db7900bc421da7c9fa459982819438631016ca4b,"[""115240059814186434507953775233128623865380898436655386150586993616855266453592"", ""47820287169259635623933107927853054250171850950884202389642361848100569603829""]",115240059814186434507953775233128623865380898436655386150586993616855266453592|47820287169259635623933107927853054250171850950884202389642361848100569603829,115240059814186434507953775233128623865380898436655386150586993616855266453592,Yes,True,0.03,545.58,0.1,540.0,0.065,0.07,2618913adbbdbb45e6b1beecd60d0a0eb04e17b4,0.01,5,,674.2803,
2026-03-20T00:40:01Z,EPL,277506,epl-ast-wes-2026-03-22-exact-score,Aston Villa FC vs. West Ham United FC - Exact Score,2026-03-17T00:08:42.627775Z,1611731,epl-ast-wes-2026-03-22-exact-score-1-2,Exact Score: Aston Villa FC 1 - 2 West Ham United FC?,0x063d1fe08cc418152fa729d8db7900bc421da7c9fa459982819438631016ca4b,"[""115240059814186434507953775233128623865380898436655386150586993616855266453592"", ""47820287169259635623933107927853054250171850950884202389642361848100569603829""]",115240059814186434507953775233128623865380898436655386150586993616855266453592|47820287169259635623933107927853054250171850950884202389642361848100569603829,47820287169259635623933107927853054250171850950884202389642361848100569603829,No,True,0.9,540.0,0.97,545.58,0.935,0.06999999999999995,7b4da6f0b72e3fc987e2cc64092944bb6aed7440,0.01,5,,674.2803,
2026-03-20T00:40:01Z,EPL,277506,epl-ast-wes-2026-03-22-exact-score,Aston Villa FC vs. West Ham United FC - Exact Score,2026-03-17T00:08:42.627775Z,1611732,epl-ast-wes-2026-03-22-exact-score-0-0,Exact Score: Aston Villa FC 0 - 0 West Ham United FC?,0x9b6b17a8fc685d2b6b551b001285d0165efc7521fe043633ad7c4d18fb848ad0,"[""8852704780372776300991873641483834651563429174329010232918606246734859096064"", ""27848718080752724274344627348249452654302031378281465515469094808691977189630""]",8852704780372776300991873641483834651563429174329010232918606246734859096064|27848718080752724274344627348249452654302031378281465515469094808691977189630,8852704780372776300991873641483834651563429174329010232918606246734859096064,Yes,True,0.03,540.0,0.08,540.0,0.055,0.05,656013f3c38bde9cc269dfb48cb98e170ce0b428,0.01,5,,726.9503,
2026-03-20T00:40:01Z,EPL,277506,epl-ast-wes-2026-03-22-exact-score,Aston Villa FC vs. West Ham United FC - Exact Score,2026-03-17T00:08:42.627775Z,1611732,epl-ast-wes-2026-03-22-exact-score-0-0,Exact Score: Aston Villa FC 0 - 0 West Ham United FC?,0x9b6b17a8fc685d2b6b551b001285d0165efc7521fe043633ad7c4d18fb848ad0,"[""8852704780372776300991873641483834651563429174329010232918606246734859096064"", ""27848718080752724274344627348249452654302031378281465515469094808691977189630""]",8852704780372776300991873641483834651563429174329010232918606246734859096064|27848718080752724274344627348249452654302031378281465515469094808691977189630,27848718080752724274344627348249452654302031378281465515469094808691977189630,No,True,0.92,540.0,0.97,540.0,0.9450000000000001,0.04999999999999993,9748bda5ddb6ebb26071450c6f0a10cf0f5edd77,0.01,5,,726.9503,
2026-03-20T00:40:01Z,EPL,277506,epl-ast-wes-2026-03-22-exact-score,Aston Villa FC vs. West Ham United FC - Exact Score,2026-03-17T00:08:42.627775Z,1611733,epl-ast-wes-2026-03-22-exact-score-0-1,Exact Score: Aston Villa FC 0 - 1 West Ham United FC?,0xa29664281233a5ae55307a113bbafb024ac63348a7623af97f4acac6fc0f43a3,"[""15540467903802971444599844676688701781091497151468153768801330923463236432566"", ""26116576553665817975988515630529735068549015908959072028074069087744615746142""]",15540467903802971444599844676688701781091497151468153768801330923463236432566|26116576553665817975988515630529735068549015908959072028074069087744615746142,15540467903802971444599844676688701781091497151468153768801330923463236432566,Yes,True,0.03,540.0,0.08,10.86,0.055,0.05,e11b53825ea4571ab2cddd94acc82b27e3032318,0.01,5,,696.8154,
2026-03-20T00:40:01Z,EPL,277506,epl-ast-wes-2026-03-22-exact-score,Aston Villa FC vs. West Ham United FC - Exact Score,2026-03-17T00:08:42.627775Z,1611733,epl-ast-wes-2026-03-22-exact-score-0-1,Exact Score: Aston Villa FC 0 - 1 West Ham United FC?,0xa29664281233a5ae55307a113bbafb024ac63348a7623af97f4acac6fc0f43a3,"[""15540467903802971444599844676688701781091497151468153768801330923463236432566"", ""26116576553665817975988515630529735068549015908959072028074069087744615746142""]",15540467903802971444599844676688701781091497151468153768801330923463236432566|26116576553665817975988515630529735068549015908959072028074069087744615746142,26116576553665817975988515630529735068549015908959072028074069087744615746142,No,True,0.92,10.86,0.97,540.0,0.9450000000000001,0.04999999999999993,bae234802ab04f3e151f2ba04dbb5ade498e43b3,0.01,5,,696.8154,
2026-03-20T00:40:01Z,EPL,277506,epl-ast-wes-2026-03-22-exact-score,Aston Villa FC vs. West Ham United FC - Exact Score,2026-03-17T00:08:42.627775Z,1611734,epl-ast-wes-2026-03-22-exact-score-3-1,Exact Score: Aston Villa FC 3 - 1 West Ham United FC?,0x797204a1dcdcc01ca8557f04f4f95c10bfdd0736733014601f0ca59b3ee57beb,"[""19572681889538086256861690110717132400537266594821594453627513657856449618197"", ""92520476917480562555122471725399182545897288075238592314123940788070760944076""]",19572681889538086256861690110717132400537266594821594453627513657856449618197|92520476917480562555122471725399182545897288075238592314123940788070760944076,19572681889538086256861690110717132400537266594821594453627513657856449618197,Yes,True,0.03,540.0,0.07,25.75,0.05,0.04000000000000001,29082edb471a69c05b36c766469d0c915c31a7d8,0.01,5,,711.3904,
2026-03-20T00:40:01Z,EPL,277506,epl-ast-wes-2026-03-22-exact-score,Aston Villa FC vs. West Ham United FC - Exact Score,2026-03-17T00:08:42.627775Z,1611734,epl-ast-wes-2026-03-22-exact-score-3-1,Exact Score: Aston Villa FC 3 - 1 West Ham United FC?,0x797204a1dcdcc01ca8557f04f4f95c10bfdd0736733014601f0ca59b3ee57beb,"[""19572681889538086256861690110717132400537266594821594453627513657856449618197"", ""92520476917480562555122471725399182545897288075238592314123940788070760944076""]",19572681889538086256861690110717132400537266594821594453627513657856449618197|92520476917480562555122471725399182545897288075238592314123940788070760944076,92520476917480562555122471725399182545897288075238592314123940788070760944076,No,True,0.93,25.75,0.97,540.0,0.95,0.039999999999999925,15448e6790fe8f8e9562fd8cf8c34c8838d77b43,0.01,5,,711.3904,
2026-03-20T00:40:01Z,EPL,277506,epl-ast-wes-2026-03-22-exact-score,Aston Villa FC vs. West Ham United FC - Exact Score,2026-03-17T00:08:42.627775Z,1611735,epl-ast-wes-2026-03-22-exact-score-3-0,Exact Score: Aston Villa FC 3 - 0 West Ham United FC?,0x85b1a33ab87a60d4e0e29edf1fcd5fbbd7918e253602234d5e5aea8d64e8edd4,"[""60960427687269291696132127493549848353669536369358500472715170389712708752644"", ""47104388350216739519683454606763913252639048751647000053160582556997430607660""]",60960427687269291696132127493549848353669536369358500472715170389712708752644|47104388350216739519683454606763913252639048751647000053160582556997430607660,60960427687269291696132127493549848353669536369358500472715170389712708752644,Yes,True,0.02,690.0,0.078,24.0,0.049,0.057999999999999996,26aa811b6a03fa9c3b552dd669db7b0b81175d2f,0.001,5,,732.19172,
2026-03-20T00:40:01Z,EPL,277506,epl-ast-wes-2026-03-22-exact-score,Aston Villa FC vs. West Ham United FC - Exact Score,2026-03-17T00:08:42.627775Z,1611735,epl-ast-wes-2026-03-22-exact-score-3-0,Exact Score: Aston Villa FC 3 - 0 West Ham United FC?,0x85b1a33ab87a60d4e0e29edf1fcd5fbbd7918e253602234d5e5aea8d64e8edd4,"[""60960427687269291696132127493549848353669536369358500472715170389712708752644"", ""47104388350216739519683454606763913252639048751647000053160582556997430607660""]",60960427687269291696132127493549848353669536369358500472715170389712708752644|47104388350216739519683454606763913252639048751647000053160582556997430607660,47104388350216739519683454606763913252639048751647000053160582556997430607660,No,True,0.922,24.0,0.98,690.0,0.9510000000000001,0.05799999999999994,c09c803ffbaf1d09e0dd96abe290e0c3f4bd819e,0.001,5,,732.19172,
2026-03-20T00:40:01Z,EPL,277506,epl-ast-wes-2026-03-22-exact-score,Aston Villa FC vs. West Ham United FC - Exact Score,2026-03-17T00:08:42.627775Z,1611736,epl-ast-wes-2026-03-22-exact-score-0-2,Exact Score: Aston Villa FC 0 - 2 West Ham United FC?,0xcc5c62885fe6c7c659ec59918a485d45600bca91e84115288cae27c3049b27e8,"[""27716865114705986989316222379741034827696347412917515037142300721212658792532"", ""91238304778538566977451964028550230925858496590982134432260115128742877293218""]",27716865114705986989316222379741034827696347412917515037142300721212658792532|91238304778538566977451964028550230925858496590982134432260115128742877293218,27716865114705986989316222379741034827696347412917515037142300721212658792532,Yes,True,0.02,795.0,0.07,540.0,0.045000000000000005,0.05,2bf280b67a6626fcf55b0d6aeae6978ae443825f,0.01,5,,709.4606,
2026-03-20T00:40:01Z,EPL,277506,epl-ast-wes-2026-03-22-exact-score,Aston Villa FC vs. West Ham United FC - Exact Score,2026-03-17T00:08:42.627775Z,1611736,epl-ast-wes-2026-03-22-exact-score-0-2,Exact Score: Aston Villa FC 0 - 2 West Ham United FC?,0xcc5c62885fe6c7c659ec59918a485d45600bca91e84115288cae27c3049b27e8,"[""27716865114705986989316222379741034827696347412917515037142300721212658792532"", ""91238304778538566977451964028550230925858496590982134432260115128742877293218""]",27716865114705986989316222379741034827696347412917515037142300721212658792532|91238304778538566977451964028550230925858496590982134432260115128742877293218,91238304778538566977451964028550230925858496590982134432260115128742877293218,No,True,0.93,540.0,0.98,795.0,0.9550000000000001,0.04999999999999993,c0b3edc93c57685b3256754467ba2388a7ff4cde,0.01,5,,709.4606,
2026-03-20T00:40:01Z,EPL,277506,epl-ast-wes-2026-03-22-exact-score,Aston Villa FC vs. West Ham United FC - Exact Score,2026-03-17T00:08:42.627775Z,1611737,epl-ast-wes-2026-03-22-exact-score-3-2,Exact Score: Aston Villa FC 3 - 2 West Ham United FC?,0x77c7934d656b49040db78d25a66dc888d40364d3f06ec44de0aebdce9bb89a1a,"[""12869629387373352108111383380290889062671019874755346352878338307616437756587"", ""68074288830835414332631215488407733499759303032109023199050242235214741562961""]",12869629387373352108111383380290889062671019874755346352878338307616437756587|68074288830835414332631215488407733499759303032109023199050242235214741562961,12869629387373352108111383380290889062671019874755346352878338307616437756587,Yes,True,0.02,690.0,0.06,540.0,0.04,0.039999999999999994,6f5b09c4881b2271ec2c3084e511b7df0584b708,0.001,5,,723.9915,
2026-03-20T00:40:01Z,EPL,277506,epl-ast-wes-2026-03-22-exact-score,Aston Villa FC vs. West Ham United FC - Exact Score,2026-03-17T00:08:42.627775Z,1611737,epl-ast-wes-2026-03-22-exact-score-3-2,Exact Score: Aston Villa FC 3 - 2 West Ham United FC?,0x77c7934d656b49040db78d25a66dc888d40364d3f06ec44de0aebdce9bb89a1a,"[""12869629387373352108111383380290889062671019874755346352878338307616437756587"", ""68074288830835414332631215488407733499759303032109023199050242235214741562961""]",12869629387373352108111383380290889062671019874755346352878338307616437756587|68074288830835414332631215488407733499759303032109023199050242235214741562961,68074288830835414332631215488407733499759303032109023199050242235214741562961,No,True,0.94,540.0,0.98,690.0,0.96,0.040000000000000036,bc4b8f7660d39736160773debed332056728fbea,0.001,5,,723.9915,
2026-03-20T00:40:01Z,EPL,277506,epl-ast-wes-2026-03-22-exact-score,Aston Villa FC vs. West Ham United FC - Exact Score,2026-03-17T00:08:42.627775Z,1611738,epl-ast-wes-2026-03-22-exact-score-1-3,Exact Score: Aston Villa FC 1 - 3 West Ham United FC?,0x758c0d4be6de211475d870bb225104d1746a648288d533e8c78f758d633a5df4,"[""92389226081195161280923454739313512453087628657924601943123782538550370345350"", ""71215083034371367219642958316773610015709422945025448792159147900735810853506""]",92389226081195161280923454739313512453087628657924601943123782538550370345350|71215083034371367219642958316773610015709422945025448792159147900735810853506,92389226081195161280923454739313512453087628657924601943123782538550370345350,Yes,True,0.02,230.91,0.049,41.65,0.0345,0.029,07fbdcb5a5d5b30b52d708beb4c14553c66caf6b,0.001,5,0.020,797.0912,203.66000000000003
2026-03-20T00:40:01Z,EPL,277506,epl-ast-wes-2026-03-22-exact-score,Aston Villa FC vs. West Ham United FC - Exact Score,2026-03-17T00:08:42.627775Z,1611738,epl-ast-wes-2026-03-22-exact-score-1-3,Exact Score: Aston Villa FC 1 - 3 West Ham United FC?,0x758c0d4be6de211475d870bb225104d1746a648288d533e8c78f758d633a5df4,"[""92389226081195161280923454739313512453087628657924601943123782538550370345350"", ""71215083034371367219642958316773610015709422945025448792159147900735810853506""]",92389226081195161280923454739313512453087628657924601943123782538550370345350|71215083034371367219642958316773610015709422945025448792159147900735810853506,71215083034371367219642958316773610015709422945025448792159147900735810853506,No,True,0.951,41.65,0.98,230.91,0.9655,0.029000000000000026,34128967af5bbf33c55d2f8d85e0b20d6ad1cce9,0.001,5,0.020,797.0912,203.66000000000003
2026-03-20T00:40:01Z,EPL,277506,epl-ast-wes-2026-03-22-exact-score,Aston Villa FC vs. West Ham United FC - Exact Score,2026-03-17T00:08:42.627775Z,1611739,epl-ast-wes-2026-03-22-exact-score-2-3,Exact Score: Aston Villa FC 2 - 3 West Ham United FC?,0x4b4dadcdccfb0a16fc48f69a8ed44f2d224fddee2b15eb09bb926c966b52e16e,"[""32124812884799531730336246817049338410300659938968503670554181710056704330856"", ""61984634837191135536118153302720042303748544030839204029613005685309269700106""]",32124812884799531730336246817049338410300659938968503670554181710056704330856|61984634837191135536118153302720042303748544030839204029613005685309269700106,32124812884799531730336246817049338410300659938968503670554181710056704330856,Yes,True,0.02,221.61,0.039,41.65,0.0295,0.019,8e0bf575d148bf187eb67783468afa7a1401a040,0.001,5,0.020,829.51391,245.94905
2026-03-20T00:40:01Z,EPL,277506,epl-ast-wes-2026-03-22-exact-score,Aston Villa FC vs. West Ham United FC - Exact Score,2026-03-17T00:08:42.627775Z,1611739,epl-ast-wes-2026-03-22-exact-score-2-3,Exact Score: Aston Villa FC 2 - 3 West Ham United FC?,0x4b4dadcdccfb0a16fc48f69a8ed44f2d224fddee2b15eb09bb926c966b52e16e,"[""32124812884799531730336246817049338410300659938968503670554181710056704330856"", ""61984634837191135536118153302720042303748544030839204029613005685309269700106""]",32124812884799531730336246817049338410300659938968503670554181710056704330856|61984634837191135536118153302720042303748544030839204029613005685309269700106,61984634837191135536118153302720042303748544030839204029613005685309269700106,No,True,0.961,41.65,0.98,221.61,0.9704999999999999,0.019000000000000017,fb6a133decd6b81068d53d48ddb14cc4bda4c9d5,0.001,5,0.020,829.51391,245.94905
2026-03-20T00:40:01Z,EPL,277506,epl-ast-wes-2026-03-22-exact-score,Aston Villa FC vs. West Ham United FC - Exact Score,2026-03-17T00:08:42.627775Z,1611740,epl-ast-wes-2026-03-22-exact-score-3-3,Exact Score: Aston Villa FC 3 - 3 West Ham United FC?,0x9e4ee2aabccb5f20c51f260c274893979c6bea73b55c5a3768bb5e911513362f,"[""31498903961835709926414923314334381722690607581034128484998248752954118990151"", ""44733554725838076975542112309598610992943042642249484719363878444059905152947""]",31498903961835709926414923314334381722690607581034128484998248752954118990151|44733554725838076975542112309598610992943042642249484719363878444059905152947,31498903961835709926414923314334381722690607581034128484998248752954118990151,Yes,True,0.01,550.0,0.039,41.65,0.0245,0.028999999999999998,b9f563dcc50774aae0c51e535e517593df530f8c,0.001,5,0.020,756.92155,
2026-03-20T00:40:01Z,EPL,277506,epl-ast-wes-2026-03-22-exact-score,Aston Villa FC vs. West Ham United FC - Exact Score,2026-03-17T00:08:42.627775Z,1611740,epl-ast-wes-2026-03-22-exact-score-3-3,Exact Score: Aston Villa FC 3 - 3 West Ham United FC?,0x9e4ee2aabccb5f20c51f260c274893979c6bea73b55c5a3768bb5e911513362f,"[""31498903961835709926414923314334381722690607581034128484998248752954118990151"", ""44733554725838076975542112309598610992943042642249484719363878444059905152947""]",31498903961835709926414923314334381722690607581034128484998248752954118990151|44733554725838076975542112309598610992943042642249484719363878444059905152947,44733554725838076975542112309598610992943042642249484719363878444059905152947,No,True,0.961,41.65,0.99,550.0,0.9755,0.029000000000000026,b865124f40d83a58591a8cd6925e7f4fd4c3b9b0,0.001,5,0.020,756.92155,
2026-03-20T00:40:01Z,EPL,277506,epl-ast-wes-2026-03-22-exact-score,Aston Villa FC vs. West Ham United FC - Exact Score,2026-03-17T00:08:42.627775Z,1611741,epl-ast-wes-2026-03-22-exact-score-0-3,Exact Score: Aston Villa FC 0 - 3 West Ham United FC?,0x962eeb5961a765b4bedcd500dc2891e582d1458a97c79e4cb47163eefd64b151,"[""42790613705578954241057944084216881263616883187580291172761888275931915563885"", ""108524496937023039110530607349152037177448628378015185767267696682164499964468""]",42790613705578954241057944084216881263616883187580291172761888275931915563885|108524496937023039110530607349152037177448628378015185767267696682164499964468,42790613705578954241057944084216881263616883187580291172761888275931915563885,Yes,True,0.009,690.0,0.01,14.38,0.0095,0.0010000000000000009,4fc996cad434b908408519d1f47f12684e736819,0.001,5,,713.97361,
2026-03-20T00:40:01Z,EPL,277506,epl-ast-wes-2026-03-22-exact-score,Aston Villa FC vs. West Ham United FC - Exact Score,2026-03-17T00:08:42.627775Z,1611741,epl-ast-wes-2026-03-22-exact-score-0-3,Exact Score: Aston Villa FC 0 - 3 West Ham United FC?,0x962eeb5961a765b4bedcd500dc2891e582d1458a97c79e4cb47163eefd64b151,"[""42790613705578954241057944084216881263616883187580291172761888275931915563885"", ""108524496937023039110530607349152037177448628378015185767267696682164499964468""]",42790613705578954241057944084216881263616883187580291172761888275931915563885|108524496937023039110530607349152037177448628378015185767267696682164499964468,108524496937023039110530607349152037177448628378015185767267696682164499964468,No,True,0.99,14.38,0.991,690.0,0.9904999999999999,0.0010000000000000009,70c57e914c82d37fe003b497d001d9b4d22ffcb6,0.001,5,,713.97361,
2026-03-20T00:40:01Z,EPL,277506,epl-ast-wes-2026-03-22-exact-score,Aston Villa FC vs. West Ham United FC - Exact Score,2026-03-17T00:08:42.627775Z,1611742,epl-ast-wes-2026-03-22-exact-score-any-other,Exact Score: Any Other Score?,0xf8016ddc4e85a8797646ee2786aecd47aa1904ab9721f3b804566406384d45e5,"[""9293209449741040626339769550650013610080065690551977558506386323993462247837"", ""47915329287498753871961019541258718446415669897105006184857244609541093700835""]",9293209449741040626339769550650013610080065690551977558506386323993462247837|47915329287498753871961019541258718446415669897105006184857244609541093700835,9293209449741040626339769550650013610080065690551977558506386323993462247837,Yes,True,0.03,5.58,0.84,89.25,0.435,0.8099999999999999,14da8bce1b23ba82cf1f41e9657f292b64e2eb45,0.01,5,,58.6665,
2026-03-20T00:40:01Z,EPL,277506,epl-ast-wes-2026-03-22-exact-score,Aston Villa FC vs. West Ham United FC - Exact Score,2026-03-17T00:08:42.627775Z,1611742,epl-ast-wes-2026-03-22-exact-score-any-other,Exact Score: Any Other Score?,0xf8016ddc4e85a8797646ee2786aecd47aa1904ab9721f3b804566406384d45e5,"[""9293209449741040626339769550650013610080065690551977558506386323993462247837"", ""47915329287498753871961019541258718446415669897105006184857244609541093700835""]",9293209449741040626339769550650013610080065690551977558506386323993462247837|47915329287498753871961019541258718446415669897105006184857244609541093700835,47915329287498753871961019541258718446415669897105006184857244609541093700835,No,True,0.16,89.25,0.97,5.58,0.565,0.8099999999999999,2e52f9583eae47a93cb81ab3c1fe5f6eb05f70fe,0.01,5,,58.6665,
2026-03-20T00:40:01Z,EPL,277507,epl-new-sun-2026-03-22-halftime-result,Newcastle United FC vs. Sunderland AFC - Halftime Result,2026-03-16T23:10:03.520215Z,1611743,epl-new-sun-2026-03-22-halftime-result-home,Newcastle United FC leading at halftime?,0x570ea8da89e9873216713df524464be0f83637fbfb1b93d56a29e8586d475c30,"[""58379914560310596907520630508691112576121858405894393310096163613166780115546"", ""115611394932643449510130279730156428197434328798481888741595113480977332793725""]",58379914560310596907520630508691112576121858405894393310096163613166780115546|115611394932643449510130279730156428197434328798481888741595113480977332793725,58379914560310596907520630508691112576121858405894393310096163613166780115546,Yes,True,0.06,5.58,0.49,19.6,0.275,0.43,fbd632ec46aa6d8e34ffb5db06307a31a9e402b6,0.01,5,,532.0109,
2026-03-20T00:40:01Z,EPL,277507,epl-new-sun-2026-03-22-halftime-result,Newcastle United FC vs. Sunderland AFC - Halftime Result,2026-03-16T23:10:03.520215Z,1611743,epl-new-sun-2026-03-22-halftime-result-home,Newcastle United FC leading at halftime?,0x570ea8da89e9873216713df524464be0f83637fbfb1b93d56a29e8586d475c30,"[""58379914560310596907520630508691112576121858405894393310096163613166780115546"", ""115611394932643449510130279730156428197434328798481888741595113480977332793725""]",58379914560310596907520630508691112576121858405894393310096163613166780115546|115611394932643449510130279730156428197434328798481888741595113480977332793725,115611394932643449510130279730156428197434328798481888741595113480977332793725,No,True,0.51,19.6,0.94,5.58,0.725,0.42999999999999994,be278f9930451701c4bef6d2ad0c8155aaec4cb7,0.01,5,,532.0109,
2026-03-20T00:40:01Z,EPL,277507,epl-new-sun-2026-03-22-halftime-result,Newcastle United FC vs. Sunderland AFC - Halftime Result,2026-03-16T23:10:03.520215Z,1611744,epl-new-sun-2026-03-22-halftime-result-draw,Newcastle United FC vs. Sunderland AFC: Draw at halftime?,0x6e4f9a14e7186e759cb93f9117623b98c0ba42773a0b72393dd4cddccadad8f5,"[""32765073357556121031911166904425031017291913658445540444093245095840144775897"", ""109332789443658655583823060345910393954944631051786931907637725431807056942821""]",32765073357556121031911166904425031017291913658445540444093245095840144775897|109332789443658655583823060345910393954944631051786931907637725431807056942821,32765073357556121031911166904425031017291913658445540444093245095840144775897,Yes,True,0.05,5.58,0.48,19.23,0.265,0.43,6c10b12435d67708cb71978bca9abf34ee834148,0.01,5,,438.4191,
2026-03-20T00:40:01Z,EPL,277507,epl-new-sun-2026-03-22-halftime-result,Newcastle United FC vs. Sunderland AFC - Halftime Result,2026-03-16T23:10:03.520215Z,1611744,epl-new-sun-2026-03-22-halftime-result-draw,Newcastle United FC vs. Sunderland AFC: Draw at halftime?,0x6e4f9a14e7186e759cb93f9117623b98c0ba42773a0b72393dd4cddccadad8f5,"[""32765073357556121031911166904425031017291913658445540444093245095840144775897"", ""109332789443658655583823060345910393954944631051786931907637725431807056942821""]",32765073357556121031911166904425031017291913658445540444093245095840144775897|109332789443658655583823060345910393954944631051786931907637725431807056942821,109332789443658655583823060345910393954944631051786931907637725431807056942821,No,True,0.52,19.23,0.95,5.58,0.735,0.42999999999999994,ebbf8066be9bfef93e3e69c8f555e629b0ec2981,0.01,5,,438.4191,
2026-03-20T00:40:01Z,EPL,277507,epl-new-sun-2026-03-22-halftime-result,Newcastle United FC vs. Sunderland AFC - Halftime Result,2026-03-16T23:10:03.520215Z,1611745,epl-new-sun-2026-03-22-halftime-result-away,Sunderland AFC leading at halftime?,0xee2e8c0d7b9778c335929cf84e23dfa3209cb345607a4af2b2ecf2bc38fa825b,"[""623196375186970779384152019417992280858561521399746102759781753388123200820"", ""43992992917695176504885238804277542075130682923132779072802954487622994831632""]",623196375186970779384152019417992280858561521399746102759781753388123200820|43992992917695176504885238804277542075130682923132779072802954487622994831632,623196375186970779384152019417992280858561521399746102759781753388123200820,Yes,True,0.06,11.16,0.24,8.55,0.15,0.18,7176581186fa595719fde72bd66de0555ff6ac05,0.01,5,,444.0605,
2026-03-20T00:40:01Z,EPL,277507,epl-new-sun-2026-03-22-halftime-result,Newcastle United FC vs. Sunderland AFC - Halftime Result,2026-03-16T23:10:03.520215Z,1611745,epl-new-sun-2026-03-22-halftime-result-away,Sunderland AFC leading at halftime?,0xee2e8c0d7b9778c335929cf84e23dfa3209cb345607a4af2b2ecf2bc38fa825b,"[""623196375186970779384152019417992280858561521399746102759781753388123200820"", ""43992992917695176504885238804277542075130682923132779072802954487622994831632""]",623196375186970779384152019417992280858561521399746102759781753388123200820|43992992917695176504885238804277542075130682923132779072802954487622994831632,43992992917695176504885238804277542075130682923132779072802954487622994831632,No,True,0.76,8.55,0.94,11.16,0.85,0.17999999999999994,b4f22418575d7f844d3c2dec05a5117a61764fdc,0.01,5,,444.0605,
2026-03-20T00:40:01Z,EPL,277508,epl-new-sun-2026-03-22-exact-score,Newcastle United FC vs. Sunderland AFC - Exact Score,2026-03-16T23:24:38.297576Z,1611746,epl-new-sun-2026-03-22-exact-score-1-0,Exact Score: Newcastle United FC 1 - 0 Sunderland AFC?,0x3b7aa6587126ded174f6965b92071cac9ce0b5f9b9ab43f89ed9c6c6db0d1cd6,"[""22779535018724664944311271271079768782726942859197465412433577122136007023557"", ""19690749507216092223821040678652214908767491563626939973045160945996778302446""]",22779535018724664944311271271079768782726942859197465412433577122136007023557|19690749507216092223821040678652214908767491563626939973045160945996778302446,22779535018724664944311271271079768782726942859197465412433577122136007023557,Yes,True,0.06,540.0,0.13,11.49,0.095,0.07,ceb18f4f9b5943a4b8c835e7c786a66bf6a10899,0.01,5,,661.0692,
2026-03-20T00:40:01Z,EPL,277508,epl-new-sun-2026-03-22-exact-score,Newcastle United FC vs. Sunderland AFC - Exact Score,2026-03-16T23:24:38.297576Z,1611746,epl-new-sun-2026-03-22-exact-score-1-0,Exact Score: Newcastle United FC 1 - 0 Sunderland AFC?,0x3b7aa6587126ded174f6965b92071cac9ce0b5f9b9ab43f89ed9c6c6db0d1cd6,"[""22779535018724664944311271271079768782726942859197465412433577122136007023557"", ""19690749507216092223821040678652214908767491563626939973045160945996778302446""]",22779535018724664944311271271079768782726942859197465412433577122136007023557|19690749507216092223821040678652214908767491563626939973045160945996778302446,19690749507216092223821040678652214908767491563626939973045160945996778302446,No,True,0.87,11.49,0.94,540.0,0.905,0.06999999999999995,682178b20de25ab84516400a3e89327b3bf0253b,0.01,5,,661.0692,
2026-03-20T00:40:01Z,EPL,277508,epl-new-sun-2026-03-22-exact-score,Newcastle United FC vs. Sunderland AFC - Exact Score,2026-03-16T23:24:38.297576Z,1611747,epl-new-sun-2026-03-22-exact-score-1-1,Exact Score: Newcastle United FC 1 - 1 Sunderland AFC?,0xd31abec2e26a15e9f0dcb092eeb03fcdbd8e534bca8aa5381eaeb77321c92456,"[""10660292229524946247819101435517466418481355509631152083893382379603354079080"", ""46421893897336835491268774574746423054786760346100852641151662669194018204371""]",10660292229524946247819101435517466418481355509631152083893382379603354079080|46421893897336835491268774574746423054786760346100852641151662669194018204371,10660292229524946247819101435517466418481355509631152083893382379603354079080,Yes,True,0.05,540.0,0.13,540.0,0.09,0.08,f083a3fed11a9c8fec970918d490ee308f4da75e,0.01,5,,640.7667,
2026-03-20T00:40:01Z,EPL,277508,epl-new-sun-2026-03-22-exact-score,Newcastle United FC vs. Sunderland AFC - Exact Score,2026-03-16T23:24:38.297576Z,1611747,epl-new-sun-2026-03-22-exact-score-1-1,Exact Score: Newcastle United FC 1 - 1 Sunderland AFC?,0xd31abec2e26a15e9f0dcb092eeb03fcdbd8e534bca8aa5381eaeb77321c92456,"[""10660292229524946247819101435517466418481355509631152083893382379603354079080"", ""46421893897336835491268774574746423054786760346100852641151662669194018204371""]",10660292229524946247819101435517466418481355509631152083893382379603354079080|46421893897336835491268774574746423054786760346100852641151662669194018204371,46421893897336835491268774574746423054786760346100852641151662669194018204371,No,True,0.87,540.0,0.95,540.0,0.9099999999999999,0.07999999999999996,e6facc3bf5cc954858d8783bb42f4e6c55d50ff0,0.01,5,,640.7667,
2026-03-20T00:40:01Z,EPL,277508,epl-new-sun-2026-03-22-exact-score,Newcastle United FC vs. Sunderland AFC - Exact Score,2026-03-16T23:24:38.297576Z,1611748,epl-new-sun-2026-03-22-exact-score-2-1,Exact Score: Newcastle United FC 2 - 1 Sunderland AFC?,0x879daa8de3e1d067962e44e4fb2c6f4a1dac532b91e1b77bef0376eb0ac6176b,"[""57262776326681968606714943771318149086406144952561432049610716868025839920577"", ""91228211869964442563907673115055730817447998286264333852605424258929136600699""]",57262776326681968606714943771318149086406144952561432049610716868025839920577|91228211869964442563907673115055730817447998286264333852605424258929136600699,57262776326681968606714943771318149086406144952561432049610716868025839920577,Yes,True,0.05,540.0,0.12,11.36,0.08499999999999999,0.06999999999999999,508a1c7bc7163bb8c2ef9aea6789d4f8f35a545d,0.01,5,,652.0774,
2026-03-20T00:40:01Z,EPL,277508,epl-new-sun-2026-03-22-exact-score,Newcastle United FC vs. Sunderland AFC - Exact Score,2026-03-16T23:24:38.297576Z,1611748,epl-new-sun-2026-03-22-exact-score-2-1,Exact Score: Newcastle United FC 2 - 1 Sunderland AFC?,0x879daa8de3e1d067962e44e4fb2c6f4a1dac532b91e1b77bef0376eb0ac6176b,"[""57262776326681968606714943771318149086406144952561432049610716868025839920577"", ""91228211869964442563907673115055730817447998286264333852605424258929136600699""]",57262776326681968606714943771318149086406144952561432049610716868025839920577|91228211869964442563907673115055730817447998286264333852605424258929136600699,91228211869964442563907673115055730817447998286264333852605424258929136600699,No,True,0.88,11.36,0.95,540.0,0.915,0.06999999999999995,69d462f364861c498fa24a9302c9dcf4dd30f54c,0.01,5,,652.0774,
2026-03-20T00:40:01Z,EPL,277508,epl-new-sun-2026-03-22-exact-score,Newcastle United FC vs. Sunderland AFC - Exact Score,2026-03-16T23:24:38.297576Z,1611749,epl-new-sun-2026-03-22-exact-score-2-0,Exact Score: Newcastle United FC 2 - 0 Sunderland AFC?,0x0e23232ab93353e65e9f49451346e3d02a08564f2c3297e8d7d11cf6428df38b,"[""14863729081721848234397486808419083336458930497696139467306872817344408820782"", ""76350888540574030684860540772681234273401332549759410590380135366428913996282""]",14863729081721848234397486808419083336458930497696139467306872817344408820782|76350888540574030684860540772681234273401332549759410590380135366428913996282,14863729081721848234397486808419083336458930497696139467306872817344408820782,Yes,True,0.06,194.0,0.12,11.36,0.09,0.06,e1445d729e5ae09a754534e4aa0987e4b2df037f,0.01,5,,667.0681,
2026-03-20T00:40:01Z,EPL,277508,epl-new-sun-2026-03-22-exact-score,Newcastle United FC vs. Sunderland AFC - Exact Score,2026-03-16T23:24:38.297576Z,1611749,epl-new-sun-2026-03-22-exact-score-2-0,Exact Score: Newcastle United FC 2 - 0 Sunderland AFC?,0x0e23232ab93353e65e9f49451346e3d02a08564f2c3297e8d7d11cf6428df38b,"[""14863729081721848234397486808419083336458930497696139467306872817344408820782"", ""76350888540574030684860540772681234273401332549759410590380135366428913996282""]",14863729081721848234397486808419083336458930497696139467306872817344408820782|76350888540574030684860540772681234273401332549759410590380135366428913996282,76350888540574030684860540772681234273401332549759410590380135366428913996282,No,True,0.88,11.36,0.95,540.0,0.915,0.06999999999999995,ff7f58e609c59fa92811e76c42b7627a619e6b34,0.01,5,,667.0681,
2026-03-20T00:40:01Z,EPL,277508,epl-new-sun-2026-03-22-exact-score,Newcastle United FC vs. Sunderland AFC - Exact Score,2026-03-16T23:24:38.297576Z,1611750,epl-new-sun-2026-03-22-exact-score-0-0,Exact Score: Newcastle United FC 0 - 0 Sunderland AFC?,0xf0a92dfe84ea55a66f5f30e1b4b1dfdc7c0da243e810abb849b1aa4c8802da9c,"[""19254572119807646830058209493896734971342303461287042620903253585566924391908"", ""82863199445010644474309310741202851204507675751791329829642450343348719251207""]",19254572119807646830058209493896734971342303461287042620903253585566924391908|82863199445010644474309310741202851204507675751791329829642450343348719251207,19254572119807646830058209493896734971342303461287042620903253585566924391908,Yes,True,0.03,540.0,0.08,10.86,0.055,0.05,e03576f7448d2133ab6bf10e6dda3f3a6430930f,0.01,5,,923.2624,
2026-03-20T00:40:01Z,EPL,277508,epl-new-sun-2026-03-22-exact-score,Newcastle United FC vs. Sunderland AFC - Exact Score,2026-03-16T23:24:38.297576Z,1611750,epl-new-sun-2026-03-22-exact-score-0-0,Exact Score: Newcastle United FC 0 - 0 Sunderland AFC?,0xf0a92dfe84ea55a66f5f30e1b4b1dfdc7c0da243e810abb849b1aa4c8802da9c,"[""19254572119807646830058209493896734971342303461287042620903253585566924391908"", ""82863199445010644474309310741202851204507675751791329829642450343348719251207""]",19254572119807646830058209493896734971342303461287042620903253585566924391908|82863199445010644474309310741202851204507675751791329829642450343348719251207,82863199445010644474309310741202851204507675751791329829642450343348719251207,No,True,0.92,10.86,0.97,540.0,0.9450000000000001,0.04999999999999993,7d6da870626a67d7974a58dca93351302b681bbb,0.01,5,,923.2624,
2026-03-20T00:40:01Z,EPL,277508,epl-new-sun-2026-03-22-exact-score,Newcastle United FC vs. Sunderland AFC - Exact Score,2026-03-16T23:24:38.297576Z,1611751,epl-new-sun-2026-03-22-exact-score-3-0,Exact Score: Newcastle United FC 3 - 0 Sunderland AFC?,0x38c64c65b649ef876c1d60d593cac972ac7c93e30939261b8dda37c07bb2718a,"[""25970073535636900992020378118745730035606486098329974585526798387807407786442"", ""102743832715590121672507028993643684619566940218309494716937326797660683434627""]",25970073535636900992020378118745730035606486098329974585526798387807407786442|102743832715590121672507028993643684619566940218309494716937326797660683434627,25970073535636900992020378118745730035606486098329974585526798387807407786442,Yes,True,0.03,540.0,0.1,540.0,0.065,0.07,63f31de13c7c6c289a2d8c1f493ac92f188c9b61,0.01,5,,712.9012,
2026-03-20T00:40:01Z,EPL,277508,epl-new-sun-2026-03-22-exact-score,Newcastle United FC vs. Sunderland AFC - Exact Score,2026-03-16T23:24:38.297576Z,1611751,epl-new-sun-2026-03-22-exact-score-3-0,Exact Score: Newcastle United FC 3 - 0 Sunderland AFC?,0x38c64c65b649ef876c1d60d593cac972ac7c93e30939261b8dda37c07bb2718a,"[""25970073535636900992020378118745730035606486098329974585526798387807407786442"", ""102743832715590121672507028993643684619566940218309494716937326797660683434627""]",25970073535636900992020378118745730035606486098329974585526798387807407786442|102743832715590121672507028993643684619566940218309494716937326797660683434627,102743832715590121672507028993643684619566940218309494716937326797660683434627,No,True,0.9,540.0,0.97,540.0,0.935,0.06999999999999995,91c7f1227bfe2d5a57bc7aaf0863d7ee9b495681,0.01,5,,712.9012,
2026-03-20T00:40:01Z,EPL,277508,epl-new-sun-2026-03-22-exact-score,Newcastle United FC vs. Sunderland AFC - Exact Score,2026-03-16T23:24:38.297576Z,1611752,epl-new-sun-2026-03-22-exact-score-3-1,Exact Score: Newcastle United FC 3 - 1 Sunderland AFC?,0x8bdb58442ca66036f77eebb1090b0e6f3e1deca04763af8ec5fe7a10273bfe3a,"[""63863452508238935507645365362563795235643563811751534820547805530596246927308"", ""91160083617971043654706031687147136677756410405827039341565619233346094855028""]",63863452508238935507645365362563795235643563811751534820547805530596246927308|91160083617971043654706031687147136677756410405827039341565619233346094855028,63863452508238935507645365362563795235643563811751534820547805530596246927308,Yes,True,0.03,563.33,0.08,10.0,0.055,0.05,b2a59657df1346419a48a77f69847c7fb2116f72,0.01,5,0.940,727.2665,
2026-03-20T00:40:01Z,EPL,277508,epl-new-sun-2026-03-22-exact-score,Newcastle United FC vs. Sunderland AFC - Exact Score,2026-03-16T23:24:38.297576Z,1611752,epl-new-sun-2026-03-22-exact-score-3-1,Exact Score: Newcastle United FC 3 - 1 Sunderland AFC?,0x8bdb58442ca66036f77eebb1090b0e6f3e1deca04763af8ec5fe7a10273bfe3a,"[""63863452508238935507645365362563795235643563811751534820547805530596246927308"", ""91160083617971043654706031687147136677756410405827039341565619233346094855028""]",63863452508238935507645365362563795235643563811751534820547805530596246927308|91160083617971043654706031687147136677756410405827039341565619233346094855028,91160083617971043654706031687147136677756410405827039341565619233346094855028,No,True,0.92,10.0,0.97,563.33,0.9450000000000001,0.04999999999999993,4c44adc0d87b70d76c0cca87d745db1c028f8d3f,0.01,5,0.940,727.2665,
2026-03-20T00:40:01Z,EPL,277508,epl-new-sun-2026-03-22-exact-score,Newcastle United FC vs. Sunderland AFC - Exact Score,2026-03-16T23:24:38.297576Z,1611753,epl-new-sun-2026-03-22-exact-score-0-1,Exact Score: Newcastle United FC 0 - 1 Sunderland AFC?,0x43ca7332aaa0e7608c3290d3e81edb48a1a7748202348872956b1a4a214d2572,"[""13155632518036825226733921953604869395564150677969480430602775445967372220765"", ""84440086327955435268147035432397794517669513647028561530051347035895012856010""]",13155632518036825226733921953604869395564150677969480430602775445967372220765|84440086327955435268147035432397794517669513647028561530051347035895012856010,13155632518036825226733921953604869395564150677969480430602775445967372220765,Yes,True,0.03,540.0,0.08,10.0,0.055,0.05,7ebe2c3f47b01bc5579742b0684afdf3748122ec,0.01,5,,742.4542,
2026-03-20T00:40:01Z,EPL,277508,epl-new-sun-2026-03-22-exact-score,Newcastle United FC vs. Sunderland AFC - Exact Score,2026-03-16T23:24:38.297576Z,1611753,epl-new-sun-2026-03-22-exact-score-0-1,Exact Score: Newcastle United FC 0 - 1 Sunderland AFC?,0x43ca7332aaa0e7608c3290d3e81edb48a1a7748202348872956b1a4a214d2572,"[""13155632518036825226733921953604869395564150677969480430602775445967372220765"", ""84440086327955435268147035432397794517669513647028561530051347035895012856010""]",13155632518036825226733921953604869395564150677969480430602775445967372220765|84440086327955435268147035432397794517669513647028561530051347035895012856010,84440086327955435268147035432397794517669513647028561530051347035895012856010,No,True,0.92,10.0,0.97,540.0,0.9450000000000001,0.04999999999999993,a09e79eca219e0a4fe95ecf1bea1deb9745a56b1,0.01,5,,742.4542,
2026-03-20T00:40:01Z,EPL,277508,epl-new-sun-2026-03-22-exact-score,Newcastle United FC vs. Sunderland AFC - Exact Score,2026-03-16T23:24:38.297576Z,1611754,epl-new-sun-2026-03-22-exact-score-2-2,Exact Score: Newcastle United FC 2 - 2 Sunderland AFC?,0x301e2d56d3de41140a7e797762611959ab526277838a7813adae5cef4760e02f,"[""111123003026342706833480958830273675282793936260065570466966328520304702975533"", ""69021102279094078826082012393089567577216154986774182873156439749459651545145""]",111123003026342706833480958830273675282793936260065570466966328520304702975533|69021102279094078826082012393089567577216154986774182873156439749459651545145,111123003026342706833480958830273675282793936260065570466966328520304702975533,Yes,True,0.02,795.0,0.06,10.63,0.04,0.039999999999999994,4d20d940288c8159b9db23eb0eca4ca58c778943,0.01,5,,736.6538,
2026-03-20T00:40:01Z,EPL,277508,epl-new-sun-2026-03-22-exact-score,Newcastle United FC vs. Sunderland AFC - Exact Score,2026-03-16T23:24:38.297576Z,1611754,epl-new-sun-2026-03-22-exact-score-2-2,Exact Score: Newcastle United FC 2 - 2 Sunderland AFC?,0x301e2d56d3de41140a7e797762611959ab526277838a7813adae5cef4760e02f,"[""111123003026342706833480958830273675282793936260065570466966328520304702975533"", ""69021102279094078826082012393089567577216154986774182873156439749459651545145""]",111123003026342706833480958830273675282793936260065570466966328520304702975533|69021102279094078826082012393089567577216154986774182873156439749459651545145,69021102279094078826082012393089567577216154986774182873156439749459651545145,No,True,0.94,10.63,0.98,795.0,0.96,0.040000000000000036,b9818d313f0fd93306b1b5726885b7ff41701cc6,0.01,5,,736.6538,
2026-03-20T00:40:01Z,EPL,277508,epl-new-sun-2026-03-22-exact-score,Newcastle United FC vs. Sunderland AFC - Exact Score,2026-03-16T23:24:38.297576Z,1611755,epl-new-sun-2026-03-22-exact-score-1-2,Exact Score: Newcastle United FC 1 - 2 Sunderland AFC?,0x311716a95cce724b5eaf42d6221571b214b03370dfc9f675a5fa8b0c0c661636,"[""99401529537034522893808433081378190551926665846315787471094075238542256644328"", ""21538880401256207243120248439039367691600811613509550177211554939774029727438""]",99401529537034522893808433081378190551926665846315787471094075238542256644328|21538880401256207243120248439039367691600811613509550177211554939774029727438,99401529537034522893808433081378190551926665846315787471094075238542256644328,Yes,True,0.03,540.0,0.06,10.63,0.045,0.03,de70fe6c728b77ea07ef221f872227597057bb5a,0.01,5,,743.9293,
2026-03-20T00:40:01Z,EPL,277508,epl-new-sun-2026-03-22-exact-score,Newcastle United FC vs. Sunderland AFC - Exact Score,2026-03-16T23:24:38.297576Z,1611755,epl-new-sun-2026-03-22-exact-score-1-2,Exact Score: Newcastle United FC 1 - 2 Sunderland AFC?,0x311716a95cce724b5eaf42d6221571b214b03370dfc9f675a5fa8b0c0c661636,"[""99401529537034522893808433081378190551926665846315787471094075238542256644328"", ""21538880401256207243120248439039367691600811613509550177211554939774029727438""]",99401529537034522893808433081378190551926665846315787471094075238542256644328|21538880401256207243120248439039367691600811613509550177211554939774029727438,21538880401256207243120248439039367691600811613509550177211554939774029727438,No,True,0.94,10.63,0.97,540.0,0.955,0.030000000000000027,376ec23f66d6f50c799ff59ed1e4f2e311f96a47,0.01,5,,743.9293,
2026-03-20T00:40:01Z,EPL,277508,epl-new-sun-2026-03-22-exact-score,Newcastle United FC vs. Sunderland AFC - Exact Score,2026-03-16T23:24:38.297576Z,1611756,epl-new-sun-2026-03-22-exact-score-3-2,Exact Score: Newcastle United FC 3 - 2 Sunderland AFC?,0x0d97d9eee31146b9f3a62fba9b39dc6cfb60145adad6fb2c3d588bda99eaf34b,"[""54468355514967140181750830826575450332824114685595550992302557679345985521170"", ""100975158193977328946228949241340551643030523403265904163905393171999414452269""]",54468355514967140181750830826575450332824114685595550992302557679345985521170|100975158193977328946228949241340551643030523403265904163905393171999414452269,54468355514967140181750830826575450332824114685595550992302557679345985521170,Yes,True,0.019,150.0,0.06,540.0,0.0395,0.040999999999999995,e1d1da86652b7233fdbb282c744ee8855e55879e,0.001,5,0.443,768.35954,
2026-03-20T00:40:01Z,EPL,277508,epl-new-sun-2026-03-22-exact-score,Newcastle United FC vs. Sunderland AFC - Exact Score,2026-03-16T23:24:38.297576Z,1611756,epl-new-sun-2026-03-22-exact-score-3-2,Exact Score: Newcastle United FC 3 - 2 Sunderland AFC?,0x0d97d9eee31146b9f3a62fba9b39dc6cfb60145adad6fb2c3d588bda99eaf34b,"[""54468355514967140181750830826575450332824114685595550992302557679345985521170"", ""100975158193977328946228949241340551643030523403265904163905393171999414452269""]",54468355514967140181750830826575450332824114685595550992302557679345985521170|100975158193977328946228949241340551643030523403265904163905393171999414452269,100975158193977328946228949241340551643030523403265904163905393171999414452269,No,True,0.94,540.0,0.981,150.0,0.9604999999999999,0.041000000000000036,8c5ec7d126690f1f9ef285d0ede3f88be17fbd1f,0.001,5,0.443,768.35954,
2026-03-20T00:40:01Z,EPL,277508,epl-new-sun-2026-03-22-exact-score,Newcastle United FC vs. Sunderland AFC - Exact Score,2026-03-16T23:24:38.297576Z,1611757,epl-new-sun-2026-03-22-exact-score-0-2,Exact Score: Newcastle United FC 0 - 2 Sunderland AFC?,0x4381aae0af76353ed25d69a4614812838cd01c1d9dc19e7e448f97eec69b442b,"[""90236142098569288167510435996364499551343727041054329459604946123418228741122"", ""90119578857502903595512375999805882948712634844349464082087197200969948778088""]",90236142098569288167510435996364499551343727041054329459604946123418228741122|90119578857502903595512375999805882948712634844349464082087197200969948778088,90236142098569288167510435996364499551343727041054329459604946123418228741122,Yes,True,0.02,230.74,0.059,41.65,0.0395,0.03899999999999999,68ee0a45f238b825a1538dd4a203fa6f4549498e,0.001,5,0.020,760.06097,111.38763200000001
2026-03-20T00:40:01Z,EPL,277508,epl-new-sun-2026-03-22-exact-score,Newcastle United FC vs. Sunderland AFC - Exact Score,2026-03-16T23:24:38.297576Z,1611757,epl-new-sun-2026-03-22-exact-score-0-2,Exact Score: Newcastle United FC 0 - 2 Sunderland AFC?,0x4381aae0af76353ed25d69a4614812838cd01c1d9dc19e7e448f97eec69b442b,"[""90236142098569288167510435996364499551343727041054329459604946123418228741122"", ""90119578857502903595512375999805882948712634844349464082087197200969948778088""]",90236142098569288167510435996364499551343727041054329459604946123418228741122|90119578857502903595512375999805882948712634844349464082087197200969948778088,90119578857502903595512375999805882948712634844349464082087197200969948778088,No,True,0.941,41.65,0.98,230.74,0.9604999999999999,0.039000000000000035,049d1e0066bc81f827d2b363056c873577ed0b95,0.001,5,0.020,760.06097,111.38763200000001
2026-03-20T00:40:01Z,EPL,277508,epl-new-sun-2026-03-22-exact-score,Newcastle United FC vs. Sunderland AFC - Exact Score,2026-03-16T23:24:38.297576Z,1611758,epl-new-sun-2026-03-22-exact-score-1-3,Exact Score: Newcastle United FC 1 - 3 Sunderland AFC?,0xf6f51ebde46861d3822b012feb7dbcc7ea6dbd7c72994fb0207e17d161bba5bb,"[""63301301782737981978137655343788253680452950505150747527534128635873428664555"", ""19219456024805904710690851593803735854481430331057592428302891113272070066111""]",63301301782737981978137655343788253680452950505150747527534128635873428664555|19219456024805904710690851593803735854481430331057592428302891113272070066111,63301301782737981978137655343788253680452950505150747527534128635873428664555,Yes,True,0.01,545.0,0.045,37.54,0.0275,0.034999999999999996,74ee2390c22c411f5d113b0e69ed6fffc00aee7b,0.001,5,0.020,771.51567,
2026-03-20T00:40:01Z,EPL,277508,epl-new-sun-2026-03-22-exact-score,Newcastle United FC vs. Sunderland AFC - Exact Score,2026-03-16T23:24:38.297576Z,1611758,epl-new-sun-2026-03-22-exact-score-1-3,Exact Score: Newcastle United FC 1 - 3 Sunderland AFC?,0xf6f51ebde46861d3822b012feb7dbcc7ea6dbd7c72994fb0207e17d161bba5bb,"[""63301301782737981978137655343788253680452950505150747527534128635873428664555"", ""19219456024805904710690851593803735854481430331057592428302891113272070066111""]",63301301782737981978137655343788253680452950505150747527534128635873428664555|19219456024805904710690851593803735854481430331057592428302891113272070066111,19219456024805904710690851593803735854481430331057592428302891113272070066111,No,True,0.955,37.54,0.99,545.0,0.9724999999999999,0.03500000000000003,715f426034cfb2726c0c151600e6649edeaacfeb,0.001,5,0.020,771.51567,
2026-03-20T00:40:01Z,EPL,277508,epl-new-sun-2026-03-22-exact-score,Newcastle United FC vs. Sunderland AFC - Exact Score,2026-03-16T23:24:38.297576Z,1611759,epl-new-sun-2026-03-22-exact-score-2-3,Exact Score: Newcastle United FC 2 - 3 Sunderland AFC?,0x4e92fe8108db933a6e04f4153f14f8c0a94c78b889d5925ef994cc5003913965,"[""23961072444783852462268953078262916591186361576411982527001119613751001863389"", ""87506552629291057117064060387463701462633160127353676771783695607054554080654""]",23961072444783852462268953078262916591186361576411982527001119613751001863389|87506552629291057117064060387463701462633160127353676771783695607054554080654,23961072444783852462268953078262916591186361576411982527001119613751001863389,Yes,True,0.01,540.0,0.035,11.48,0.022500000000000003,0.025,09fa6702fd55159c2d9eeb13e02dcce1337b5863,0.001,5,0.003,774.76964,268.541666
2026-03-20T00:40:01Z,EPL,277508,epl-new-sun-2026-03-22-exact-score,Newcastle United FC vs. Sunderland AFC - Exact Score,2026-03-16T23:24:38.297576Z,1611759,epl-new-sun-2026-03-22-exact-score-2-3,Exact Score: Newcastle United FC 2 - 3 Sunderland AFC?,0x4e92fe8108db933a6e04f4153f14f8c0a94c78b889d5925ef994cc5003913965,"[""23961072444783852462268953078262916591186361576411982527001119613751001863389"", ""87506552629291057117064060387463701462633160127353676771783695607054554080654""]",23961072444783852462268953078262916591186361576411982527001119613751001863389|87506552629291057117064060387463701462633160127353676771783695607054554080654,87506552629291057117064060387463701462633160127353676771783695607054554080654,No,True,0.965,11.48,0.99,540.0,0.9775,0.025000000000000022,f3fdf19cccd7bd6bd3256f8671ed7f093198c8e4,0.001,5,0.003,774.76964,268.541666
2026-03-20T00:40:01Z,EPL,277508,epl-new-sun-2026-03-22-exact-score,Newcastle United FC vs. Sunderland AFC - Exact Score,2026-03-16T23:24:38.297576Z,1611760,epl-new-sun-2026-03-22-exact-score-3-3,Exact Score: Newcastle United FC 3 - 3 Sunderland AFC?,0x4850f78f2f958c9b542978425cb87685acc42588de0c8e8a36efac285a0f255e,"[""29064991528879457179965383185950995068641698842113269350153577532023153626593"", ""57392529711957044690892074937476840197411801900864006795046484310083487761685""]",29064991528879457179965383185950995068641698842113269350153577532023153626593|57392529711957044690892074937476840197411801900864006795046484310083487761685,29064991528879457179965383185950995068641698842113269350153577532023153626593,Yes,True,0.01,5.0,0.029,37.54,0.0195,0.019000000000000003,02ec8a53672e8d0a28372fa89035023027651e7e,0.001,5,0.020,797.24078,
2026-03-20T00:40:01Z,EPL,277508,epl-new-sun-2026-03-22-exact-score,Newcastle United FC vs. Sunderland AFC - Exact Score,2026-03-16T23:24:38.297576Z,1611760,epl-new-sun-2026-03-22-exact-score-3-3,Exact Score: Newcastle United FC 3 - 3 Sunderland AFC?,0x4850f78f2f958c9b542978425cb87685acc42588de0c8e8a36efac285a0f255e,"[""29064991528879457179965383185950995068641698842113269350153577532023153626593"", ""57392529711957044690892074937476840197411801900864006795046484310083487761685""]",29064991528879457179965383185950995068641698842113269350153577532023153626593|57392529711957044690892074937476840197411801900864006795046484310083487761685,57392529711957044690892074937476840197411801900864006795046484310083487761685,No,True,0.971,37.54,0.99,5.0,0.9804999999999999,0.019000000000000017,2da01913c07382a0127d2bc8d6e29a98b3100af6,0.001,5,0.020,797.24078,
2026-03-20T00:40:01Z,EPL,277508,epl-new-sun-2026-03-22-exact-score,Newcastle United FC vs. Sunderland AFC - Exact Score,2026-03-16T23:24:38.297576Z,1611761,epl-new-sun-2026-03-22-exact-score-0-3,Exact Score: Newcastle United FC 0 - 3 Sunderland AFC?,0xc6a8e95c3da2cb10bba435d2a72a593efdbb2004044e2e871c3e1e77f982c8a4,"[""18885974082079099310929606185840065202599413582368970188262774222645996713300"", ""93315259820962422751991358567144132120918527688301266767576142943755671308891""]",18885974082079099310929606185840065202599413582368970188262774222645996713300|93315259820962422751991358567144132120918527688301266767576142943755671308891,18885974082079099310929606185840065202599413582368970188262774222645996713300,Yes,True,0.008,540.0,0.037,249.97,0.0225,0.028999999999999998,ce829128a239588ecb351a05885da1a4915b4c16,0.001,5,0.010,976.61284,
2026-03-20T00:40:01Z,EPL,277508,epl-new-sun-2026-03-22-exact-score,Newcastle United FC vs. Sunderland AFC - Exact Score,2026-03-16T23:24:38.297576Z,1611761,epl-new-sun-2026-03-22-exact-score-0-3,Exact Score: Newcastle United FC 0 - 3 Sunderland AFC?,0xc6a8e95c3da2cb10bba435d2a72a593efdbb2004044e2e871c3e1e77f982c8a4,"[""18885974082079099310929606185840065202599413582368970188262774222645996713300"", ""93315259820962422751991358567144132120918527688301266767576142943755671308891""]",18885974082079099310929606185840065202599413582368970188262774222645996713300|93315259820962422751991358567144132120918527688301266767576142943755671308891,93315259820962422751991358567144132120918527688301266767576142943755671308891,No,True,0.963,249.97,0.992,540.0,0.9775,0.029000000000000026,863e172618dcc7b9a1b6dc3e63abeb2e6b6c6740,0.001,5,0.010,976.61284,
2026-03-20T00:40:01Z,EPL,277508,epl-new-sun-2026-03-22-exact-score,Newcastle United FC vs. Sunderland AFC - Exact Score,2026-03-16T23:24:38.297576Z,1611762,epl-new-sun-2026-03-22-exact-score-any-other,Exact Score: Any Other Score?,0x2bc9e616385c6230825b1ddea59f7cc797a87878f91dd96c280081326b325cd8,"[""107525152662368269375514022250623618182130920607356977925279412218476214119784"", ""11941818120613379722335331098684025429831959112075101757537894741266265693175""]",107525152662368269375514022250623618182130920607356977925279412218476214119784|11941818120613379722335331098684025429831959112075101757537894741266265693175,107525152662368269375514022250623618182130920607356977925279412218476214119784,Yes,True,0.03,5.58,0.49,19.6,0.26,0.45999999999999996,5989c36bd29baf71e0bf41ae9738c843d0bcdbaf,0.01,5,,107.7203,
2026-03-20T00:40:01Z,EPL,277508,epl-new-sun-2026-03-22-exact-score,Newcastle United FC vs. Sunderland AFC - Exact Score,2026-03-16T23:24:38.297576Z,1611762,epl-new-sun-2026-03-22-exact-score-any-other,Exact Score: Any Other Score?,0x2bc9e616385c6230825b1ddea59f7cc797a87878f91dd96c280081326b325cd8,"[""107525152662368269375514022250623618182130920607356977925279412218476214119784"", ""11941818120613379722335331098684025429831959112075101757537894741266265693175""]",107525152662368269375514022250623618182130920607356977925279412218476214119784|11941818120613379722335331098684025429831959112075101757537894741266265693175,11941818120613379722335331098684025429831959112075101757537894741266265693175,No,True,0.51,19.6,0.97,5.58,0.74,0.45999999999999996,04de91c4c31c793c4c57921e464aa2b2deaacbf5,0.01,5,,107.7203,
2026-03-20T00:40:01Z,EPL,277509,epl-lee-bre-2026-03-21-halftime-result,Leeds United FC vs. Brentford FC - Halftime Result,2026-03-16T23:19:46.230591Z,1611763,epl-lee-bre-2026-03-21-halftime-result-home,Leeds United FC leading at halftime?,0x7fd03ce16f32e0d8576860328026cf09ef14caaacc58de26a3df30e514733110,"[""95157558603811472263214956830010220775072383706730851543016579643285342993008"", ""89820700025882344505337994885838811141830531855492508655715963416202116117988""]",95157558603811472263214956830010220775072383706730851543016579643285342993008|89820700025882344505337994885838811141830531855492508655715963416202116117988,95157558603811472263214956830010220775072383706730851543016579643285342993008,Yes,True,0.27,1499.97,0.33,261.0,0.30000000000000004,0.06,4e46a35ba7044dc48abb3c60b4b5d1d01a3cb0f8,0.01,5,,1700.7413,
2026-03-20T00:40:01Z,EPL,277509,epl-lee-bre-2026-03-21-halftime-result,Leeds United FC vs. Brentford FC - Halftime Result,2026-03-16T23:19:46.230591Z,1611763,epl-lee-bre-2026-03-21-halftime-result-home,Leeds United FC leading at halftime?,0x7fd03ce16f32e0d8576860328026cf09ef14caaacc58de26a3df30e514733110,"[""95157558603811472263214956830010220775072383706730851543016579643285342993008"", ""89820700025882344505337994885838811141830531855492508655715963416202116117988""]",95157558603811472263214956830010220775072383706730851543016579643285342993008|89820700025882344505337994885838811141830531855492508655715963416202116117988,89820700025882344505337994885838811141830531855492508655715963416202116117988,No,True,0.67,261.0,0.73,1499.97,0.7,0.05999999999999994,e3f2d46379cefe5bdd131f23c54e9c3738a0c033,0.01,5,,1700.7413,
2026-03-20T00:40:01Z,EPL,277509,epl-lee-bre-2026-03-21-halftime-result,Leeds United FC vs. Brentford FC - Halftime Result,2026-03-16T23:19:46.230591Z,1611764,epl-lee-bre-2026-03-21-halftime-result-draw,Leeds United FC vs. Brentford FC: Draw at halftime?,0x918faf36f04b8f5739bf3ad1f01edde9a142a6c806251f485eeb19c976d7d0d6,"[""86900530275138442395630007019258583208842493530370206925327221096142739150640"", ""44271104169126096995129264778697009432855774732654776763732660199489103893841""]",86900530275138442395630007019258583208842493530370206925327221096142739150640|44271104169126096995129264778697009432855774732654776763732660199489103893841,86900530275138442395630007019258583208842493530370206925327221096142739150640,Yes,True,0.39,1500.0,0.44,17.85,0.41500000000000004,0.04999999999999999,de8f2cbdbbd1d23b0b3fbf44ebea3c355f7a6e2f,0.01,5,,1679.8893,
2026-03-20T00:40:01Z,EPL,277509,epl-lee-bre-2026-03-21-halftime-result,Leeds United FC vs. Brentford FC - Halftime Result,2026-03-16T23:19:46.230591Z,1611764,epl-lee-bre-2026-03-21-halftime-result-draw,Leeds United FC vs. Brentford FC: Draw at halftime?,0x918faf36f04b8f5739bf3ad1f01edde9a142a6c806251f485eeb19c976d7d0d6,"[""86900530275138442395630007019258583208842493530370206925327221096142739150640"", ""44271104169126096995129264778697009432855774732654776763732660199489103893841""]",86900530275138442395630007019258583208842493530370206925327221096142739150640|44271104169126096995129264778697009432855774732654776763732660199489103893841,44271104169126096995129264778697009432855774732654776763732660199489103893841,No,True,0.56,17.85,0.61,1500.0,0.585,0.04999999999999993,277b1e12598599122bc3faba0cce2f498c58fc92,0.01,5,,1679.8893,
2026-03-20T00:40:01Z,EPL,277509,epl-lee-bre-2026-03-21-halftime-result,Leeds United FC vs. Brentford FC - Halftime Result,2026-03-16T23:19:46.230591Z,1611765,epl-lee-bre-2026-03-21-halftime-result-away,Brentford FC leading at halftime?,0x00d80b0c615e31e514e4a102b6ab30bc91faf1cce98ceae5f99c0748281b02af,"[""19887860302592391835291154352727423785570501473211345786497764442113828451013"", ""16448791301180323322305813002586339227250628107449775220050957384432272082323""]",19887860302592391835291154352727423785570501473211345786497764442113828451013|16448791301180323322305813002586339227250628107449775220050957384432272082323,19887860302592391835291154352727423785570501473211345786497764442113828451013,Yes,True,0.22,1500.0,0.3,250.0,0.26,0.07999999999999999,aaf2d2fcb0420c5cc03ce995e37483a0d31f93c0,0.01,5,,1671.2398,
2026-03-20T00:40:01Z,EPL,277509,epl-lee-bre-2026-03-21-halftime-result,Leeds United FC vs. Brentford FC - Halftime Result,2026-03-16T23:19:46.230591Z,1611765,epl-lee-bre-2026-03-21-halftime-result-away,Brentford FC leading at halftime?,0x00d80b0c615e31e514e4a102b6ab30bc91faf1cce98ceae5f99c0748281b02af,"[""19887860302592391835291154352727423785570501473211345786497764442113828451013"", ""16448791301180323322305813002586339227250628107449775220050957384432272082323""]",19887860302592391835291154352727423785570501473211345786497764442113828451013|16448791301180323322305813002586339227250628107449775220050957384432272082323,16448791301180323322305813002586339227250628107449775220050957384432272082323,No,True,0.7,250.0,0.78,1500.0,0.74,0.08000000000000007,2e866d10f0562a20e7c40d8866a428f713add946,0.01,5,,1671.2398,
2026-03-20T00:40:01Z,EPL,277510,epl-lee-bre-2026-03-21-exact-score,Leeds United FC vs. Brentford FC - Exact Score,2026-03-16T23:46:45.231197Z,1611766,epl-lee-bre-2026-03-21-exact-score-1-1,Exact Score: Leeds United FC 1 - 1 Brentford FC?,0x9d66d64286d8011ab9008383856d72fc97f0ff73bf5df22d787390483fa20402,"[""57002944681695482460537709254474858991541033536053713382046510204525117012692"", ""45963960692260989581770807849545612168765297670504694603716798214572925424134""]",57002944681695482460537709254474858991541033536053713382046510204525117012692|45963960692260989581770807849545612168765297670504694603716798214572925424134,57002944681695482460537709254474858991541033536053713382046510204525117012692,Yes,True,0.09,50.0,0.13,0.44,0.11,0.04000000000000001,db3ab35f8eb845d614ea76165b6a87ebeb2318cf,0.01,5,0.870,776.11,146
2026-03-20T00:40:01Z,EPL,277510,epl-lee-bre-2026-03-21-exact-score,Leeds United FC vs. Brentford FC - Exact Score,2026-03-16T23:46:45.231197Z,1611766,epl-lee-bre-2026-03-21-exact-score-1-1,Exact Score: Leeds United FC 1 - 1 Brentford FC?,0x9d66d64286d8011ab9008383856d72fc97f0ff73bf5df22d787390483fa20402,"[""57002944681695482460537709254474858991541033536053713382046510204525117012692"", ""45963960692260989581770807849545612168765297670504694603716798214572925424134""]",57002944681695482460537709254474858991541033536053713382046510204525117012692|45963960692260989581770807849545612168765297670504694603716798214572925424134,45963960692260989581770807849545612168765297670504694603716798214572925424134,No,True,0.87,0.44,0.91,50.0,0.89,0.040000000000000036,4eb6ee260880047b3b5a47a119d64c3108ddb13a,0.01,5,0.870,776.11,146
2026-03-20T00:40:01Z,EPL,277510,epl-lee-bre-2026-03-21-exact-score,Leeds United FC vs. Brentford FC - Exact Score,2026-03-16T23:46:45.231197Z,1611767,epl-lee-bre-2026-03-21-exact-score-2-1,Exact Score: Leeds United FC 2 - 1 Brentford FC?,0x4223fc327f256c5377a02087222b69857ec93fdb5fc9d766a3729255ac2ad312,"[""22569093596667019215749074905555754582748513975525609750898720984620604384609"", ""25124847965258420127196340453928478779052035424916536154135163971091348291063""]",22569093596667019215749074905555754582748513975525609750898720984620604384609|25124847965258420127196340453928478779052035424916536154135163971091348291063,22569093596667019215749074905555754582748513975525609750898720984620604384609,Yes,True,0.05,50.0,0.11,11.23,0.08,0.06,e2700e5bdaebe07fd3e2caf65ce0422d24f972fa,0.01,5,,784.3292,
2026-03-20T00:40:01Z,EPL,277510,epl-lee-bre-2026-03-21-exact-score,Leeds United FC vs. Brentford FC - Exact Score,2026-03-16T23:46:45.231197Z,1611767,epl-lee-bre-2026-03-21-exact-score-2-1,Exact Score: Leeds United FC 2 - 1 Brentford FC?,0x4223fc327f256c5377a02087222b69857ec93fdb5fc9d766a3729255ac2ad312,"[""22569093596667019215749074905555754582748513975525609750898720984620604384609"", ""25124847965258420127196340453928478779052035424916536154135163971091348291063""]",22569093596667019215749074905555754582748513975525609750898720984620604384609|25124847965258420127196340453928478779052035424916536154135163971091348291063,25124847965258420127196340453928478779052035424916536154135163971091348291063,No,True,0.89,11.23,0.95,50.0,0.9199999999999999,0.05999999999999994,f118bcde0510dd28c3348b4f47faafad4b47b96b,0.01,5,,784.3292,
2026-03-20T00:40:01Z,EPL,277510,epl-lee-bre-2026-03-21-exact-score,Leeds United FC vs. Brentford FC - Exact Score,2026-03-16T23:46:45.231197Z,1611768,epl-lee-bre-2026-03-21-exact-score-1-0,Exact Score: Leeds United FC 1 - 0 Brentford FC?,0x0e4e8dc7c5977c6e07e976e4b0b867d6a571dfaa058f68dff74e56ced00dc414,"[""57162784700094916209724619581992292901824413683051067830261303923498853637092"", ""89195107491503452610587811919773289392492672238139075587848376381055735600486""]",57162784700094916209724619581992292901824413683051067830261303923498853637092|89195107491503452610587811919773289392492672238139075587848376381055735600486,57162784700094916209724619581992292901824413683051067830261303923498853637092,Yes,True,0.04,590.0,0.11,11.23,0.075,0.07,c8c41bfc9e7e84479a7f593fc891e10aea153b2c,0.01,5,,791.2957,
2026-03-20T00:40:01Z,EPL,277510,epl-lee-bre-2026-03-21-exact-score,Leeds United FC vs. Brentford FC - Exact Score,2026-03-16T23:46:45.231197Z,1611768,epl-lee-bre-2026-03-21-exact-score-1-0,Exact Score: Leeds United FC 1 - 0 Brentford FC?,0x0e4e8dc7c5977c6e07e976e4b0b867d6a571dfaa058f68dff74e56ced00dc414,"[""57162784700094916209724619581992292901824413683051067830261303923498853637092"", ""89195107491503452610587811919773289392492672238139075587848376381055735600486""]",57162784700094916209724619581992292901824413683051067830261303923498853637092|89195107491503452610587811919773289392492672238139075587848376381055735600486,89195107491503452610587811919773289392492672238139075587848376381055735600486,No,True,0.89,11.23,0.96,590.0,0.925,0.06999999999999995,bf9de81d39475dacc678af46396de262aad45806,0.01,5,,791.2957,
2026-03-20T00:40:01Z,EPL,277510,epl-lee-bre-2026-03-21-exact-score,Leeds United FC vs. Brentford FC - Exact Score,2026-03-16T23:46:45.231197Z,1611769,epl-lee-bre-2026-03-21-exact-score-0-1,Exact Score: Leeds United FC 0 - 1 Brentford FC?,0x922b481457886206098b03befe638495dc416e62f05d7663c03645bed36639d0,"[""19273594783609700361669405296733427172585843992374299399194168901816771364388"", ""16545678486996595926373157463539169737572511990648423423233753943969279917769""]",19273594783609700361669405296733427172585843992374299399194168901816771364388|16545678486996595926373157463539169737572511990648423423233753943969279917769,19273594783609700361669405296733427172585843992374299399194168901816771364388,Yes,True,0.04,607.5,0.11,540.0,0.075,0.07,7782d7363414ffda2365fbeb67d5385e0ec30f45,0.01,5,,797.5019,
2026-03-20T00:40:01Z,EPL,277510,epl-lee-bre-2026-03-21-exact-score,Leeds United FC vs. Brentford FC - Exact Score,2026-03-16T23:46:45.231197Z,1611769,epl-lee-bre-2026-03-21-exact-score-0-1,Exact Score: Leeds United FC 0 - 1 Brentford FC?,0x922b481457886206098b03befe638495dc416e62f05d7663c03645bed36639d0,"[""19273594783609700361669405296733427172585843992374299399194168901816771364388"", ""16545678486996595926373157463539169737572511990648423423233753943969279917769""]",19273594783609700361669405296733427172585843992374299399194168901816771364388|16545678486996595926373157463539169737572511990648423423233753943969279917769,16545678486996595926373157463539169737572511990648423423233753943969279917769,No,True,0.89,540.0,0.96,607.5,0.925,0.06999999999999995,410625b5c9ccb19caa81a581c3544f2b81aa2130,0.01,5,,797.5019,
2026-03-20T00:40:01Z,EPL,277510,epl-lee-bre-2026-03-21-exact-score,Leeds United FC vs. Brentford FC - Exact Score,2026-03-16T23:46:45.231197Z,1611770,epl-lee-bre-2026-03-21-exact-score-1-2,Exact Score: Leeds United FC 1 - 2 Brentford FC?,0x8ff8fc30fa7abbee16a63216419377c49db72640967eb30bf91fa20f71bc7aa6,"[""98561268835474320709344690848283296196005363982605466978047659801990909579976"", ""78946291443494797590192270635029047530316219223441173050711118748421772209389""]",98561268835474320709344690848283296196005363982605466978047659801990909579976|78946291443494797590192270635029047530316219223441173050711118748421772209389,98561268835474320709344690848283296196005363982605466978047659801990909579976,Yes,True,0.04,590.0,0.11,540.0,0.075,0.07,22eb2be35de9f65e102dc191ef71abe8b36e297b,0.01,5,,789.369,
2026-03-20T00:40:01Z,EPL,277510,epl-lee-bre-2026-03-21-exact-score,Leeds United FC vs. Brentford FC - Exact Score,2026-03-16T23:46:45.231197Z,1611770,epl-lee-bre-2026-03-21-exact-score-1-2,Exact Score: Leeds United FC 1 - 2 Brentford FC?,0x8ff8fc30fa7abbee16a63216419377c49db72640967eb30bf91fa20f71bc7aa6,"[""98561268835474320709344690848283296196005363982605466978047659801990909579976"", ""78946291443494797590192270635029047530316219223441173050711118748421772209389""]",98561268835474320709344690848283296196005363982605466978047659801990909579976|78946291443494797590192270635029047530316219223441173050711118748421772209389,78946291443494797590192270635029047530316219223441173050711118748421772209389,No,True,0.89,540.0,0.96,590.0,0.925,0.06999999999999995,42952dcffeb3a36660812bcdb02d74fb01ed2805,0.01,5,,789.369,
2026-03-20T00:40:01Z,EPL,277510,epl-lee-bre-2026-03-21-exact-score,Leeds United FC vs. Brentford FC - Exact Score,2026-03-16T23:46:45.231197Z,1611771,epl-lee-bre-2026-03-21-exact-score-0-0,Exact Score: Leeds United FC 0 - 0 Brentford FC?,0x5fbcfc8bdbaf2eb93852b5dff510d4f63e179712b410aed1afc22e377505b4ad,"[""61235524826065019766992299916406446976555206410580451786285955832680569762814"", ""105395566563527852304746058968720132184622268507639515615639222520324137803887""]",61235524826065019766992299916406446976555206410580451786285955832680569762814|105395566563527852304746058968720132184622268507639515615639222520324137803887,61235524826065019766992299916406446976555206410580451786285955832680569762814,Yes,True,0.03,590.0,0.08,10.86,0.055,0.05,5e0428918bac913a14a28c3cc7b7bb0e2842f34c,0.01,5,,867.6306,
2026-03-20T00:40:01Z,EPL,277510,epl-lee-bre-2026-03-21-exact-score,Leeds United FC vs. Brentford FC - Exact Score,2026-03-16T23:46:45.231197Z,1611771,epl-lee-bre-2026-03-21-exact-score-0-0,Exact Score: Leeds United FC 0 - 0 Brentford FC?,0x5fbcfc8bdbaf2eb93852b5dff510d4f63e179712b410aed1afc22e377505b4ad,"[""61235524826065019766992299916406446976555206410580451786285955832680569762814"", ""105395566563527852304746058968720132184622268507639515615639222520324137803887""]",61235524826065019766992299916406446976555206410580451786285955832680569762814|105395566563527852304746058968720132184622268507639515615639222520324137803887,105395566563527852304746058968720132184622268507639515615639222520324137803887,No,True,0.92,10.86,0.97,590.0,0.9450000000000001,0.04999999999999993,565b829391c3aa456c3f09f68aeefd5ecbca0200,0.01,5,,867.6306,
2026-03-20T00:40:01Z,EPL,277510,epl-lee-bre-2026-03-21-exact-score,Leeds United FC vs. Brentford FC - Exact Score,2026-03-16T23:46:45.231197Z,1611772,epl-lee-bre-2026-03-21-exact-score-2-2,Exact Score: Leeds United FC 2 - 2 Brentford FC?,0xe2b1c4be9aa1f592c47be7e3dbfc12c01e2142764a1de4ab30ba981c35529664,"[""97252814505895304166864365334988328305224602893990955942091873959736514914143"", ""88626242614846962469479894972167543553091855671910611054303815869565983488632""]",97252814505895304166864365334988328305224602893990955942091873959736514914143|88626242614846962469479894972167543553091855671910611054303815869565983488632,97252814505895304166864365334988328305224602893990955942091873959736514914143,Yes,True,0.03,540.0,0.08,10.86,0.055,0.05,563580f274de194c1515e6aec0c18644962273c0,0.01,5,,868.0081,
2026-03-20T00:40:01Z,EPL,277510,epl-lee-bre-2026-03-21-exact-score,Leeds United FC vs. Brentford FC - Exact Score,2026-03-16T23:46:45.231197Z,1611772,epl-lee-bre-2026-03-21-exact-score-2-2,Exact Score: Leeds United FC 2 - 2 Brentford FC?,0xe2b1c4be9aa1f592c47be7e3dbfc12c01e2142764a1de4ab30ba981c35529664,"[""97252814505895304166864365334988328305224602893990955942091873959736514914143"", ""88626242614846962469479894972167543553091855671910611054303815869565983488632""]",97252814505895304166864365334988328305224602893990955942091873959736514914143|88626242614846962469479894972167543553091855671910611054303815869565983488632,88626242614846962469479894972167543553091855671910611054303815869565983488632,No,True,0.92,10.86,0.97,540.0,0.9450000000000001,0.04999999999999993,b8f9bb9b52366ba2fcba117d64ecd2565cfd18e6,0.01,5,,868.0081,
2026-03-20T00:40:01Z,EPL,277510,epl-lee-bre-2026-03-21-exact-score,Leeds United FC vs. Brentford FC - Exact Score,2026-03-16T23:46:45.231197Z,1611773,epl-lee-bre-2026-03-21-exact-score-2-0,Exact Score: Leeds United FC 2 - 0 Brentford FC?,0x967882abe7e64496098d90f106483248d0882ff95cae2779303229ea2efdb660,"[""54812611085248657393012458376388387049806913104386087944027958336964212026154"", ""77785505423055750185841256682304244544611224088005060671435378089125760003069""]",54812611085248657393012458376388387049806913104386087944027958336964212026154|77785505423055750185841256682304244544611224088005060671435378089125760003069,54812611085248657393012458376388387049806913104386087944027958336964212026154,Yes,True,0.03,540.0,0.08,10.86,0.055,0.05,b39f08085b7284954ef7f39a69eb46d18572cddb,0.01,5,,913.1339,
2026-03-20T00:40:01Z,EPL,277510,epl-lee-bre-2026-03-21-exact-score,Leeds United FC vs. Brentford FC - Exact Score,2026-03-16T23:46:45.231197Z,1611773,epl-lee-bre-2026-03-21-exact-score-2-0,Exact Score: Leeds United FC 2 - 0 Brentford FC?,0x967882abe7e64496098d90f106483248d0882ff95cae2779303229ea2efdb660,"[""54812611085248657393012458376388387049806913104386087944027958336964212026154"", ""77785505423055750185841256682304244544611224088005060671435378089125760003069""]",54812611085248657393012458376388387049806913104386087944027958336964212026154|77785505423055750185841256682304244544611224088005060671435378089125760003069,77785505423055750185841256682304244544611224088005060671435378089125760003069,No,True,0.92,10.86,0.97,540.0,0.9450000000000001,0.04999999999999993,ba9d88c1b41136c6d3f972d5e320132e06e22082,0.01,5,,913.1339,
2026-03-20T00:40:01Z,EPL,277510,epl-lee-bre-2026-03-21-exact-score,Leeds United FC vs. Brentford FC - Exact Score,2026-03-16T23:46:45.231197Z,1611774,epl-lee-bre-2026-03-21-exact-score-0-2,Exact Score: Leeds United FC 0 - 2 Brentford FC?,0xe72b359fb2dd67954b72cf8fc97437a410fbb2a02ed1edc7e44cbae8ad305490,"[""5929039814957718087767516419815261125148214600514198748777911600643057516555"", ""79904133841505072091396148971779768143990166916295771384506780192208815322610""]",5929039814957718087767516419815261125148214600514198748777911600643057516555|79904133841505072091396148971779768143990166916295771384506780192208815322610,5929039814957718087767516419815261125148214600514198748777911600643057516555,Yes,True,0.03,540.0,0.06,10.63,0.045,0.03,a388076264af3177fd58c20a01f7c394c8f1d8af,0.01,5,,863.1731,
2026-03-20T00:40:01Z,EPL,277510,epl-lee-bre-2026-03-21-exact-score,Leeds United FC vs. Brentford FC - Exact Score,2026-03-16T23:46:45.231197Z,1611774,epl-lee-bre-2026-03-21-exact-score-0-2,Exact Score: Leeds United FC 0 - 2 Brentford FC?,0xe72b359fb2dd67954b72cf8fc97437a410fbb2a02ed1edc7e44cbae8ad305490,"[""5929039814957718087767516419815261125148214600514198748777911600643057516555"", ""79904133841505072091396148971779768143990166916295771384506780192208815322610""]",5929039814957718087767516419815261125148214600514198748777911600643057516555|79904133841505072091396148971779768143990166916295771384506780192208815322610,79904133841505072091396148971779768143990166916295771384506780192208815322610,No,True,0.94,10.63,0.97,540.0,0.955,0.030000000000000027,aa8b59fee43e05ada119fc7670dd77986564f971,0.01,5,,863.1731,
2026-03-20T00:40:01Z,EPL,277510,epl-lee-bre-2026-03-21-exact-score,Leeds United FC vs. Brentford FC - Exact Score,2026-03-16T23:46:45.231197Z,1611775,epl-lee-bre-2026-03-21-exact-score-3-1,Exact Score: Leeds United FC 3 - 1 Brentford FC?,0x1576cd8234c419d4dc02b472ff7c9cb61be6aeb77d3d05d75538ccb34592aa3c,"[""73067442715072413555363137404656864023604462456049797634094952453759028401868"", ""70600550306788931858423863226235461012113384812120071008586838209881791545324""]",73067442715072413555363137404656864023604462456049797634094952453759028401868|70600550306788931858423863226235461012113384812120071008586838209881791545324,73067442715072413555363137404656864023604462456049797634094952453759028401868,Yes,True,0.02,940.0,0.07,540.0,0.045000000000000005,0.05,5d17d86e12f47d24de4761665e21d341bf9c6d9a,0.01,5,,864.2727,
2026-03-20T00:40:01Z,EPL,277510,epl-lee-bre-2026-03-21-exact-score,Leeds United FC vs. Brentford FC - Exact Score,2026-03-16T23:46:45.231197Z,1611775,epl-lee-bre-2026-03-21-exact-score-3-1,Exact Score: Leeds United FC 3 - 1 Brentford FC?,0x1576cd8234c419d4dc02b472ff7c9cb61be6aeb77d3d05d75538ccb34592aa3c,"[""73067442715072413555363137404656864023604462456049797634094952453759028401868"", ""70600550306788931858423863226235461012113384812120071008586838209881791545324""]",73067442715072413555363137404656864023604462456049797634094952453759028401868|70600550306788931858423863226235461012113384812120071008586838209881791545324,70600550306788931858423863226235461012113384812120071008586838209881791545324,No,True,0.93,540.0,0.98,940.0,0.9550000000000001,0.04999999999999993,59eb325f5fe42576926f749f2deaff7cde7c6496,0.01,5,,864.2727,
2026-03-20T00:40:01Z,EPL,277510,epl-lee-bre-2026-03-21-exact-score,Leeds United FC vs. Brentford FC - Exact Score,2026-03-16T23:46:45.231197Z,1611776,epl-lee-bre-2026-03-21-exact-score-1-3,Exact Score: Leeds United FC 1 - 3 Brentford FC?,0xe5c62af8b35f3ee000d6bd877977e5d7f0413a6e1d7fde4cf34f7992d9aefcd0,"[""822709604377420978013803912404713974993193167731728133366505868770793593400"", ""94798856669660657181297396643260968223709787286466620595751902179739840644992""]",822709604377420978013803912404713974993193167731728133366505868770793593400|94798856669660657181297396643260968223709787286466620595751902179739840644992,822709604377420978013803912404713974993193167731728133366505868770793593400,Yes,True,0.02,795.0,0.06,10.63,0.04,0.039999999999999994,fd21e06b232fa25a56feb8066539811fae158150,0.01,5,,877.833,
2026-03-20T00:40:01Z,EPL,277510,epl-lee-bre-2026-03-21-exact-score,Leeds United FC vs. Brentford FC - Exact Score,2026-03-16T23:46:45.231197Z,1611776,epl-lee-bre-2026-03-21-exact-score-1-3,Exact Score: Leeds United FC 1 - 3 Brentford FC?,0xe5c62af8b35f3ee000d6bd877977e5d7f0413a6e1d7fde4cf34f7992d9aefcd0,"[""822709604377420978013803912404713974993193167731728133366505868770793593400"", ""94798856669660657181297396643260968223709787286466620595751902179739840644992""]",822709604377420978013803912404713974993193167731728133366505868770793593400|94798856669660657181297396643260968223709787286466620595751902179739840644992,94798856669660657181297396643260968223709787286466620595751902179739840644992,No,True,0.94,10.63,0.98,795.0,0.96,0.040000000000000036,90330c03853519c620a270122425b44940cfb1fc,0.01,5,,877.833,
2026-03-20T00:40:01Z,EPL,277510,epl-lee-bre-2026-03-21-exact-score,Leeds United FC vs. Brentford FC - Exact Score,2026-03-16T23:46:45.231197Z,1611777,epl-lee-bre-2026-03-21-exact-score-3-0,Exact Score: Leeds United FC 3 - 0 Brentford FC?,0x213ea2009d5f2854e100d4c1e396f2744e3fbc0c55777584e29b757d8ee1cb0e,"[""113468310100561653860874998800565093375204458982345279766923009155564868331951"", ""47920980630361985781526785393913182382091112794393679180505545963049049508940""]",113468310100561653860874998800565093375204458982345279766923009155564868331951|47920980630361985781526785393913182382091112794393679180505545963049049508940,113468310100561653860874998800565093375204458982345279766923009155564868331951,Yes,True,0.021,5.58,0.07,540.0,0.045500000000000006,0.049,d749060003a104ed7ffc3e84715d906325ffaef7,0.001,5,,881.40025,
2026-03-20T00:40:01Z,EPL,277510,epl-lee-bre-2026-03-21-exact-score,Leeds United FC vs. Brentford FC - Exact Score,2026-03-16T23:46:45.231197Z,1611777,epl-lee-bre-2026-03-21-exact-score-3-0,Exact Score: Leeds United FC 3 - 0 Brentford FC?,0x213ea2009d5f2854e100d4c1e396f2744e3fbc0c55777584e29b757d8ee1cb0e,"[""113468310100561653860874998800565093375204458982345279766923009155564868331951"", ""47920980630361985781526785393913182382091112794393679180505545963049049508940""]",113468310100561653860874998800565093375204458982345279766923009155564868331951|47920980630361985781526785393913182382091112794393679180505545963049049508940,47920980630361985781526785393913182382091112794393679180505545963049049508940,No,True,0.93,540.0,0.979,5.58,0.9545,0.04899999999999993,0f5059ad9b0afbabbd55b4dea4b8120a6a3de000,0.001,5,,881.40025,
2026-03-20T00:40:01Z,EPL,277510,epl-lee-bre-2026-03-21-exact-score,Leeds United FC vs. Brentford FC - Exact Score,2026-03-16T23:46:45.231197Z,1611778,epl-lee-bre-2026-03-21-exact-score-3-2,Exact Score: Leeds United FC 3 - 2 Brentford FC?,0xa516cbc7cd26b3b50295fbca0ea44b8b61a7bd2557820c09cbaab7a282271d10,"[""23336505857780856915078778267409115689326992595063701956591676744580819846642"", ""30363730974986250480007748658222843268512743012123033730113237355374570897634""]",23336505857780856915078778267409115689326992595063701956591676744580819846642|30363730974986250480007748658222843268512743012123033730113237355374570897634,23336505857780856915078778267409115689326992595063701956591676744580819846642,Yes,True,0.022,5.58,0.068,50.0,0.045,0.046000000000000006,09cd6f821d39b16927201be79b7b14c2b79c4c3f,0.001,5,,858.35346,
2026-03-20T00:40:01Z,EPL,277510,epl-lee-bre-2026-03-21-exact-score,Leeds United FC vs. Brentford FC - Exact Score,2026-03-16T23:46:45.231197Z,1611778,epl-lee-bre-2026-03-21-exact-score-3-2,Exact Score: Leeds United FC 3 - 2 Brentford FC?,0xa516cbc7cd26b3b50295fbca0ea44b8b61a7bd2557820c09cbaab7a282271d10,"[""23336505857780856915078778267409115689326992595063701956591676744580819846642"", ""30363730974986250480007748658222843268512743012123033730113237355374570897634""]",23336505857780856915078778267409115689326992595063701956591676744580819846642|30363730974986250480007748658222843268512743012123033730113237355374570897634,30363730974986250480007748658222843268512743012123033730113237355374570897634,No,True,0.932,50.0,0.978,5.58,0.9550000000000001,0.04599999999999993,4bbe5fba6c981e7ed2c4980c75086ca16d554c89,0.001,5,,858.35346,
2026-03-20T00:40:01Z,EPL,277510,epl-lee-bre-2026-03-21-exact-score,Leeds United FC vs. Brentford FC - Exact Score,2026-03-16T23:46:45.231197Z,1611779,epl-lee-bre-2026-03-21-exact-score-2-3,Exact Score: Leeds United FC 2 - 3 Brentford FC?,0xd57a9faae5840bae1fe6a1bf9b27e9f0cc003c940433cec916dc0cb1ccc5f4c0,"[""80853085219004547973796621909773967994474159801975061172057788837192250599629"", ""54995434869787107740675083739838339259089499917911673118299831363660437921838""]",80853085219004547973796621909773967994474159801975061172057788837192250599629|54995434869787107740675083739838339259089499917911673118299831363660437921838,80853085219004547973796621909773967994474159801975061172057788837192250599629,Yes,True,0.02,97.46,0.05,40.64,0.035,0.030000000000000002,b33a0272b24a87c42a70f0de8847e0b4c87d93c9,0.001,5,0.020,938.03357,133.727415
2026-03-20T00:40:01Z,EPL,277510,epl-lee-bre-2026-03-21-exact-score,Leeds United FC vs. Brentford FC - Exact Score,2026-03-16T23:46:45.231197Z,1611779,epl-lee-bre-2026-03-21-exact-score-2-3,Exact Score: Leeds United FC 2 - 3 Brentford FC?,0xd57a9faae5840bae1fe6a1bf9b27e9f0cc003c940433cec916dc0cb1ccc5f4c0,"[""80853085219004547973796621909773967994474159801975061172057788837192250599629"", ""54995434869787107740675083739838339259089499917911673118299831363660437921838""]",80853085219004547973796621909773967994474159801975061172057788837192250599629|54995434869787107740675083739838339259089499917911673118299831363660437921838,54995434869787107740675083739838339259089499917911673118299831363660437921838,No,True,0.95,40.64,0.98,97.46,0.965,0.030000000000000027,0889bf57856cfd099768c0331c50e4f43b4751f2,0.001,5,0.020,938.03357,133.727415
2026-03-20T00:40:01Z,EPL,277510,epl-lee-bre-2026-03-21-exact-score,Leeds United FC vs. Brentford FC - Exact Score,2026-03-16T23:46:45.231197Z,1611780,epl-lee-bre-2026-03-21-exact-score-0-3,Exact Score: Leeds United FC 0 - 3 Brentford FC?,0xf6d7809ff811b8406bca6b4235a69bdcf3d1eee4db1cc5e39cd7c629410630ca,"[""2822053058586853667782738719326859587693630483089830455669514768363417098093"", ""115135160163666163433137110211704185864527006803039510081885365885641728169773""]",2822053058586853667782738719326859587693630483089830455669514768363417098093|115135160163666163433137110211704185864527006803039510081885365885641728169773,2822053058586853667782738719326859587693630483089830455669514768363417098093,Yes,True,0.02,254.01,0.046,10.48,0.033,0.026,486633a43696203b9fbd483698e8a245ed3dbd95,0.001,5,0.020,926.4489,
2026-03-20T00:40:01Z,EPL,277510,epl-lee-bre-2026-03-21-exact-score,Leeds United FC vs. Brentford FC - Exact Score,2026-03-16T23:46:45.231197Z,1611780,epl-lee-bre-2026-03-21-exact-score-0-3,Exact Score: Leeds United FC 0 - 3 Brentford FC?,0xf6d7809ff811b8406bca6b4235a69bdcf3d1eee4db1cc5e39cd7c629410630ca,"[""2822053058586853667782738719326859587693630483089830455669514768363417098093"", ""115135160163666163433137110211704185864527006803039510081885365885641728169773""]",2822053058586853667782738719326859587693630483089830455669514768363417098093|115135160163666163433137110211704185864527006803039510081885365885641728169773,115135160163666163433137110211704185864527006803039510081885365885641728169773,No,True,0.954,10.48,0.98,254.01,0.967,0.026000000000000023,c97c662d2697f4a7529871c53239634424380a92,0.001,5,0.020,926.4489,
2026-03-20T00:40:01Z,EPL,277510,epl-lee-bre-2026-03-21-exact-score,Leeds United FC vs. Brentford FC - Exact Score,2026-03-16T23:46:45.231197Z,1611781,epl-lee-bre-2026-03-21-exact-score-3-3,Exact Score: Leeds United FC 3 - 3 Brentford FC?,0xb698695ba9a38e4ac3bef7be54c0e259e0460f8cd9b99de5d3bb15b151ca683f,"[""24350375980756283739686859561391974381908072886069349163820690434989254401221"", ""59465303991282864706249734107257561447423934252013336921772627493995854777202""]",24350375980756283739686859561391974381908072886069349163820690434989254401221|59465303991282864706249734107257561447423934252013336921772627493995854777202,24350375980756283739686859561391974381908072886069349163820690434989254401221,Yes,True,0.012,150.0,0.043,5.82,0.027499999999999997,0.030999999999999996,62919335e20ccabc68621dd1d12ffe01c04d2e83,0.001,5,,869.39105,
2026-03-20T00:40:01Z,EPL,277510,epl-lee-bre-2026-03-21-exact-score,Leeds United FC vs. Brentford FC - Exact Score,2026-03-16T23:46:45.231197Z,1611781,epl-lee-bre-2026-03-21-exact-score-3-3,Exact Score: Leeds United FC 3 - 3 Brentford FC?,0xb698695ba9a38e4ac3bef7be54c0e259e0460f8cd9b99de5d3bb15b151ca683f,"[""24350375980756283739686859561391974381908072886069349163820690434989254401221"", ""59465303991282864706249734107257561447423934252013336921772627493995854777202""]",24350375980756283739686859561391974381908072886069349163820690434989254401221|59465303991282864706249734107257561447423934252013336921772627493995854777202,59465303991282864706249734107257561447423934252013336921772627493995854777202,No,True,0.957,5.82,0.988,150.0,0.9724999999999999,0.031000000000000028,79d99c6671d897fd578402dc234f8e1a49c4e8a0,0.001,5,,869.39105,
2026-03-20T00:40:01Z,EPL,277510,epl-lee-bre-2026-03-21-exact-score,Leeds United FC vs. Brentford FC - Exact Score,2026-03-16T23:46:45.231197Z,1611782,epl-lee-bre-2026-03-21-exact-score-any-other,Exact Score: Any Other Score?,0xa7dc9ffa6ed6798ee30cffda99213a80e00cf5f895aca03ec0c1431b7da67bd5,"[""12227711409283000642038128753019038242434966691808169554229387163604701771671"", ""31440950062101047277454033866172481830770824434999147597474608528515331599250""]",12227711409283000642038128753019038242434966691808169554229387163604701771671|31440950062101047277454033866172481830770824434999147597474608528515331599250,12227711409283000642038128753019038242434966691808169554229387163604701771671,Yes,True,0.03,5.58,0.5,20.0,0.265,0.47,74cd8bfeb0a0ac277b0c81f1d8413529bef69ff4,0.01,5,,66.7335,
2026-03-20T00:40:01Z,EPL,277510,epl-lee-bre-2026-03-21-exact-score,Leeds United FC vs. Brentford FC - Exact Score,2026-03-16T23:46:45.231197Z,1611782,epl-lee-bre-2026-03-21-exact-score-any-other,Exact Score: Any Other Score?,0xa7dc9ffa6ed6798ee30cffda99213a80e00cf5f895aca03ec0c1431b7da67bd5,"[""12227711409283000642038128753019038242434966691808169554229387163604701771671"", ""31440950062101047277454033866172481830770824434999147597474608528515331599250""]",12227711409283000642038128753019038242434966691808169554229387163604701771671|31440950062101047277454033866172481830770824434999147597474608528515331599250,31440950062101047277454033866172481830770824434999147597474608528515331599250,No,True,0.5,20.0,0.97,5.58,0.735,0.47,ae46b7c8cb024e407e792990910a66ed3d7f39e2,0.01,5,,66.7335,
2026-03-20T00:40:01Z,EPL,277511,epl-eve-che-2026-03-21-halftime-result,Everton FC vs. Chelsea FC - Halftime Result,2026-03-16T23:30:33.970439Z,1611783,epl-eve-che-2026-03-21-halftime-result-home,Everton FC leading at halftime?,0xd2858e2b59fd2c3bdda2821c35fbd763e6f9ac72deb4988149e7fbb4141ee8d5,"[""94552628513294062772628964271081429068147923047362154686994781492759783370140"", ""64792570126596262710674742892735415199760046014828160998310997028792217680501""]",94552628513294062772628964271081429068147923047362154686994781492759783370140|64792570126596262710674742892735415199760046014828160998310997028792217680501,94552628513294062772628964271081429068147923047362154686994781492759783370140,Yes,True,0.21,1512.0,0.25,5.58,0.22999999999999998,0.04000000000000001,d3b25bbfcdeb8f132f5471774cd6fe6b8d4961db,0.01,5,0.800,2116.2047,
2026-03-20T00:40:01Z,EPL,277511,epl-eve-che-2026-03-21-halftime-result,Everton FC vs. Chelsea FC - Halftime Result,2026-03-16T23:30:33.970439Z,1611783,epl-eve-che-2026-03-21-halftime-result-home,Everton FC leading at halftime?,0xd2858e2b59fd2c3bdda2821c35fbd763e6f9ac72deb4988149e7fbb4141ee8d5,"[""94552628513294062772628964271081429068147923047362154686994781492759783370140"", ""64792570126596262710674742892735415199760046014828160998310997028792217680501""]",94552628513294062772628964271081429068147923047362154686994781492759783370140|64792570126596262710674742892735415199760046014828160998310997028792217680501,64792570126596262710674742892735415199760046014828160998310997028792217680501,No,True,0.75,5.58,0.79,1512.0,0.77,0.040000000000000036,f551094799c99e3dbe0a1c6c6338bbea9a4edaf9,0.01,5,0.800,2116.2047,
2026-03-20T00:40:01Z,EPL,277511,epl-eve-che-2026-03-21-halftime-result,Everton FC vs. Chelsea FC - Halftime Result,2026-03-16T23:30:33.970439Z,1611784,epl-eve-che-2026-03-21-halftime-result-draw,Everton FC vs. Chelsea FC: Draw at halftime?,0x6634ac1d9e17da44cdd240831e81504ace6dc31bf237fbace0848d961fc75fd2,"[""49012884384561454217315376790503247568160671900084081296684122476388245603280"", ""100791662692105360531346964488355856061635710187827008322121946194289884954412""]",49012884384561454217315376790503247568160671900084081296684122476388245603280|100791662692105360531346964488355856061635710187827008322121946194289884954412,49012884384561454217315376790503247568160671900084081296684122476388245603280,Yes,True,0.39,1500.0,0.43,25.18,0.41000000000000003,0.03999999999999998,3706f606aa81b701417454ed00c238d961788fb5,0.01,5,,2096.9955,
2026-03-20T00:40:01Z,EPL,277511,epl-eve-che-2026-03-21-halftime-result,Everton FC vs. Chelsea FC - Halftime Result,2026-03-16T23:30:33.970439Z,1611784,epl-eve-che-2026-03-21-halftime-result-draw,Everton FC vs. Chelsea FC: Draw at halftime?,0x6634ac1d9e17da44cdd240831e81504ace6dc31bf237fbace0848d961fc75fd2,"[""49012884384561454217315376790503247568160671900084081296684122476388245603280"", ""100791662692105360531346964488355856061635710187827008322121946194289884954412""]",49012884384561454217315376790503247568160671900084081296684122476388245603280|100791662692105360531346964488355856061635710187827008322121946194289884954412,100791662692105360531346964488355856061635710187827008322121946194289884954412,No,True,0.57,25.18,0.61,1500.0,0.59,0.040000000000000036,d6cfd80aa1d963595b3ca3a2b38cdba677ff1f96,0.01,5,,2096.9955,
2026-03-20T00:40:01Z,EPL,277511,epl-eve-che-2026-03-21-halftime-result,Everton FC vs. Chelsea FC - Halftime Result,2026-03-16T23:30:33.970439Z,1611785,epl-eve-che-2026-03-21-halftime-result-away,Chelsea FC leading at halftime?,0x9aaaa44d5aebc5bdb7f4fcbb342dcd8957bb102ed5ee155a57a2c8386a1640c3,"[""31400392744723580265150833281400641564196203153365194208310317360832063302741"", ""28842412679923519633335962976638254477424485779980544692446116906374303732653""]",31400392744723580265150833281400641564196203153365194208310317360832063302741|28842412679923519633335962976638254477424485779980544692446116906374303732653,31400392744723580265150833281400641564196203153365194208310317360832063302741,Yes,True,0.32,1500.0,0.37,15.87,0.345,0.04999999999999999,4343aa82c1bf726f28fb7e0b4876bcf04776b7aa,0.01,5,0.620,2174.1037,147.07
2026-03-20T00:40:01Z,EPL,277511,epl-eve-che-2026-03-21-halftime-result,Everton FC vs. Chelsea FC - Halftime Result,2026-03-16T23:30:33.970439Z,1611785,epl-eve-che-2026-03-21-halftime-result-away,Chelsea FC leading at halftime?,0x9aaaa44d5aebc5bdb7f4fcbb342dcd8957bb102ed5ee155a57a2c8386a1640c3,"[""31400392744723580265150833281400641564196203153365194208310317360832063302741"", ""28842412679923519633335962976638254477424485779980544692446116906374303732653""]",31400392744723580265150833281400641564196203153365194208310317360832063302741|28842412679923519633335962976638254477424485779980544692446116906374303732653,28842412679923519633335962976638254477424485779980544692446116906374303732653,No,True,0.63,15.87,0.68,1500.0,0.655,0.050000000000000044,f9a4b48369a5a746b993b3768c2ae0b9599bd0ac,0.01,5,0.620,2174.1037,147.07
2026-03-20T00:40:01Z,EPL,277512,epl-eve-che-2026-03-21-exact-score,Everton FC vs. Chelsea FC - Exact Score,2026-03-16T22:52:22.955983Z,1611786,epl-eve-che-2026-03-21-exact-score-1-1,Exact Score: Everton FC 1 - 1 Chelsea FC?,0xa1553172f08313efc7e4d2cce6d605c7b97acb4c55f0e231e5f458937b500448,"[""31976091054024094868308608921224658145463243365057041029432066696059168523138"", ""28465102684738539500579452277280375270101715995729037327408365130522506598458""]",31976091054024094868308608921224658145463243365057041029432066696059168523138|28465102684738539500579452277280375270101715995729037327408365130522506598458,31976091054024094868308608921224658145463243365057041029432066696059168523138,Yes,True,0.11,40.0,0.14,579.06,0.125,0.030000000000000013,b77c24f18c9219c81152950033bd4a92e04c7695,0.01,5,0.880,994.7097,688.6106440000002
2026-03-20T00:40:01Z,EPL,277512,epl-eve-che-2026-03-21-exact-score,Everton FC vs. Chelsea FC - Exact Score,2026-03-16T22:52:22.955983Z,1611786,epl-eve-che-2026-03-21-exact-score-1-1,Exact Score: Everton FC 1 - 1 Chelsea FC?,0xa1553172f08313efc7e4d2cce6d605c7b97acb4c55f0e231e5f458937b500448,"[""31976091054024094868308608921224658145463243365057041029432066696059168523138"", ""28465102684738539500579452277280375270101715995729037327408365130522506598458""]",31976091054024094868308608921224658145463243365057041029432066696059168523138|28465102684738539500579452277280375270101715995729037327408365130522506598458,28465102684738539500579452277280375270101715995729037327408365130522506598458,No,True,0.86,579.06,0.89,40.0,0.875,0.030000000000000027,59e9794a3427dc1b4175e5d5c276d07382dd7ea8,0.01,5,0.880,994.7097,688.6106440000002
2026-03-20T00:40:01Z,EPL,277512,epl-eve-che-2026-03-21-exact-score,Everton FC vs. Chelsea FC - Exact Score,2026-03-16T22:52:22.955983Z,1611787,epl-eve-che-2026-03-21-exact-score-1-2,Exact Score: Everton FC 1 - 2 Chelsea FC?,0xd8805378978f0e43e6ffa4f0fa9e5b96d4347804b9f1ecb6311365ec26597da7,"[""67763365996298919607707636810249471091416820865054178130265179240785811537469"", ""115598514058305897971016445614052785551981091738157136700385058749638310923713""]",67763365996298919607707636810249471091416820865054178130265179240785811537469|115598514058305897971016445614052785551981091738157136700385058749638310923713,67763365996298919607707636810249471091416820865054178130265179240785811537469,Yes,True,0.05,590.0,0.13,545.58,0.09,0.08,d11ae30e115f1ca272f7c4ca856df46b3b24c3d3,0.01,5,,780.5978,
2026-03-20T00:40:01Z,EPL,277512,epl-eve-che-2026-03-21-exact-score,Everton FC vs. Chelsea FC - Exact Score,2026-03-16T22:52:22.955983Z,1611787,epl-eve-che-2026-03-21-exact-score-1-2,Exact Score: Everton FC 1 - 2 Chelsea FC?,0xd8805378978f0e43e6ffa4f0fa9e5b96d4347804b9f1ecb6311365ec26597da7,"[""67763365996298919607707636810249471091416820865054178130265179240785811537469"", ""115598514058305897971016445614052785551981091738157136700385058749638310923713""]",67763365996298919607707636810249471091416820865054178130265179240785811537469|115598514058305897971016445614052785551981091738157136700385058749638310923713,115598514058305897971016445614052785551981091738157136700385058749638310923713,No,True,0.87,545.58,0.95,590.0,0.9099999999999999,0.07999999999999996,90cf638a2e5a916a08a835331fd311fcb885cffa,0.01,5,,780.5978,
2026-03-20T00:40:01Z,EPL,277512,epl-eve-che-2026-03-21-exact-score,Everton FC vs. Chelsea FC - Exact Score,2026-03-16T22:52:22.955983Z,1611788,epl-eve-che-2026-03-21-exact-score-0-1,Exact Score: Everton FC 0 - 1 Chelsea FC?,0x56281b4bc0410c0cd81452dd01bb70ff52446d3cf597b26034ba939738c3051d,"[""2773838077264112423825399008821370713420361107884016483411603116089009008239"", ""80948093438562405043377324168212932532212987710244731956723600374995305084508""]",2773838077264112423825399008821370713420361107884016483411603116089009008239|80948093438562405043377324168212932532212987710244731956723600374995305084508,2773838077264112423825399008821370713420361107884016483411603116089009008239,Yes,True,0.05,50.0,0.1,16.69,0.07500000000000001,0.05,0f7440314c01379e9de351b03182f3b8967bc14e,0.01,5,,844.5904,
2026-03-20T00:40:01Z,EPL,277512,epl-eve-che-2026-03-21-exact-score,Everton FC vs. Chelsea FC - Exact Score,2026-03-16T22:52:22.955983Z,1611788,epl-eve-che-2026-03-21-exact-score-0-1,Exact Score: Everton FC 0 - 1 Chelsea FC?,0x56281b4bc0410c0cd81452dd01bb70ff52446d3cf597b26034ba939738c3051d,"[""2773838077264112423825399008821370713420361107884016483411603116089009008239"", ""80948093438562405043377324168212932532212987710244731956723600374995305084508""]",2773838077264112423825399008821370713420361107884016483411603116089009008239|80948093438562405043377324168212932532212987710244731956723600374995305084508,80948093438562405043377324168212932532212987710244731956723600374995305084508,No,True,0.9,16.69,0.95,50.0,0.925,0.04999999999999993,e70fb79243b9cd74c146ee4acd3901cf5d6c9c0e,0.01,5,,844.5904,
2026-03-20T00:40:01Z,EPL,277512,epl-eve-che-2026-03-21-exact-score,Everton FC vs. Chelsea FC - Exact Score,2026-03-16T22:52:22.955983Z,1611789,epl-eve-che-2026-03-21-exact-score-0-2,Exact Score: Everton FC 0 - 2 Chelsea FC?,0x717539623584d5d9fb3f1411d4c9c859a47e50e3548a3b5a79779aa136378ca8,"[""83834014762304055769079927853403331964268159503201388422422189463344269044036"", ""14664249576009781932014074227897826504897459222667140055873538144589080426001""]",83834014762304055769079927853403331964268159503201388422422189463344269044036|14664249576009781932014074227897826504897459222667140055873538144589080426001,83834014762304055769079927853403331964268159503201388422422189463344269044036,Yes,True,0.04,540.0,0.1,545.58,0.07,0.060000000000000005,26b976a051553e12d42fdcdd96b3864eb38362f0,0.01,5,,823.3661,
2026-03-20T00:40:01Z,EPL,277512,epl-eve-che-2026-03-21-exact-score,Everton FC vs. Chelsea FC - Exact Score,2026-03-16T22:52:22.955983Z,1611789,epl-eve-che-2026-03-21-exact-score-0-2,Exact Score: Everton FC 0 - 2 Chelsea FC?,0x717539623584d5d9fb3f1411d4c9c859a47e50e3548a3b5a79779aa136378ca8,"[""83834014762304055769079927853403331964268159503201388422422189463344269044036"", ""14664249576009781932014074227897826504897459222667140055873538144589080426001""]",83834014762304055769079927853403331964268159503201388422422189463344269044036|14664249576009781932014074227897826504897459222667140055873538144589080426001,14664249576009781932014074227897826504897459222667140055873538144589080426001,No,True,0.9,545.58,0.96,540.0,0.9299999999999999,0.05999999999999994,95aefc4cbe3f67396b5df7aa8e6320743e1a8399,0.01,5,,823.3661,
2026-03-20T00:40:01Z,EPL,277512,epl-eve-che-2026-03-21-exact-score,Everton FC vs. Chelsea FC - Exact Score,2026-03-16T22:52:22.955983Z,1611790,epl-eve-che-2026-03-21-exact-score-2-1,Exact Score: Everton FC 2 - 1 Chelsea FC?,0xe0c881f37bb3cb49c8b7e6ea6cca035b379a6080ebdcc91348691a6e5a379324,"[""36478149225208422162165330428399141126044676654820230964060086408400134935294"", ""114696958769440684117645197337246724780344180984823706186513684919254989318870""]",36478149225208422162165330428399141126044676654820230964060086408400134935294|114696958769440684117645197337246724780344180984823706186513684919254989318870,36478149225208422162165330428399141126044676654820230964060086408400134935294,Yes,True,0.04,540.0,0.1,5.58,0.07,0.060000000000000005,ae64de5b8200802ea4a75acdd686fbce73a986ab,0.01,5,,872.2816,
2026-03-20T00:40:01Z,EPL,277512,epl-eve-che-2026-03-21-exact-score,Everton FC vs. Chelsea FC - Exact Score,2026-03-16T22:52:22.955983Z,1611790,epl-eve-che-2026-03-21-exact-score-2-1,Exact Score: Everton FC 2 - 1 Chelsea FC?,0xe0c881f37bb3cb49c8b7e6ea6cca035b379a6080ebdcc91348691a6e5a379324,"[""36478149225208422162165330428399141126044676654820230964060086408400134935294"", ""114696958769440684117645197337246724780344180984823706186513684919254989318870""]",36478149225208422162165330428399141126044676654820230964060086408400134935294|114696958769440684117645197337246724780344180984823706186513684919254989318870,114696958769440684117645197337246724780344180984823706186513684919254989318870,No,True,0.9,5.58,0.96,540.0,0.9299999999999999,0.05999999999999994,50319fc655ed6e438ccbf327c69f06ee6059a8ba,0.01,5,,872.2816,
2026-03-20T00:40:01Z,EPL,277512,epl-eve-che-2026-03-21-exact-score,Everton FC vs. Chelsea FC - Exact Score,2026-03-16T22:52:22.955983Z,1611791,epl-eve-che-2026-03-21-exact-score-1-0,Exact Score: Everton FC 1 - 0 Chelsea FC?,0xfe066b6ce3ac38e8156524909e871becd247a30147f1ef14cd87fae9435bb77a,"[""34977941925252061260568773522352070164886795255337372228688845162580817998963"", ""11658582516577047531830805735688278306102194950804976503574808663668433527490""]",34977941925252061260568773522352070164886795255337372228688845162580817998963|11658582516577047531830805735688278306102194950804976503574808663668433527490,34977941925252061260568773522352070164886795255337372228688845162580817998963,Yes,True,0.03,540.0,0.1,545.58,0.065,0.07,a86b2301c48dd44447dfb6dde64267f3bd6192e8,0.01,5,,838.3115,
2026-03-20T00:40:01Z,EPL,277512,epl-eve-che-2026-03-21-exact-score,Everton FC vs. Chelsea FC - Exact Score,2026-03-16T22:52:22.955983Z,1611791,epl-eve-che-2026-03-21-exact-score-1-0,Exact Score: Everton FC 1 - 0 Chelsea FC?,0xfe066b6ce3ac38e8156524909e871becd247a30147f1ef14cd87fae9435bb77a,"[""34977941925252061260568773522352070164886795255337372228688845162580817998963"", ""11658582516577047531830805735688278306102194950804976503574808663668433527490""]",34977941925252061260568773522352070164886795255337372228688845162580817998963|11658582516577047531830805735688278306102194950804976503574808663668433527490,11658582516577047531830805735688278306102194950804976503574808663668433527490,No,True,0.9,545.58,0.97,540.0,0.935,0.06999999999999995,a5a89b3f7b19e846fd4e5048c31a8ad443c7d012,0.01,5,,838.3115,
2026-03-20T00:40:01Z,EPL,277512,epl-eve-che-2026-03-21-exact-score,Everton FC vs. Chelsea FC - Exact Score,2026-03-16T22:52:22.955983Z,1611792,epl-eve-che-2026-03-21-exact-score-2-2,Exact Score: Everton FC 2 - 2 Chelsea FC?,0x6d3809aeda011d5d4b4c5692bdb3984ac9940d59937a45763e917862ce025daa,"[""104104789097726705226916085043412637237075541874837109215512148080275516782810"", ""101820521244661496947443053332482426164260101230019664588081126780881572107743""]",104104789097726705226916085043412637237075541874837109215512148080275516782810|101820521244661496947443053332482426164260101230019664588081126780881572107743,104104789097726705226916085043412637237075541874837109215512148080275516782810,Yes,True,0.03,540.0,0.08,10.86,0.055,0.05,579511bb9dc715d0be01c38dd301d689eae283f0,0.01,5,,834.7327,
2026-03-20T00:40:01Z,EPL,277512,epl-eve-che-2026-03-21-exact-score,Everton FC vs. Chelsea FC - Exact Score,2026-03-16T22:52:22.955983Z,1611792,epl-eve-che-2026-03-21-exact-score-2-2,Exact Score: Everton FC 2 - 2 Chelsea FC?,0x6d3809aeda011d5d4b4c5692bdb3984ac9940d59937a45763e917862ce025daa,"[""104104789097726705226916085043412637237075541874837109215512148080275516782810"", ""101820521244661496947443053332482426164260101230019664588081126780881572107743""]",104104789097726705226916085043412637237075541874837109215512148080275516782810|101820521244661496947443053332482426164260101230019664588081126780881572107743,101820521244661496947443053332482426164260101230019664588081126780881572107743,No,True,0.92,10.86,0.97,540.0,0.9450000000000001,0.04999999999999993,bc6f96b2f017fda0ee34888985e3d69074fecf9d,0.01,5,,834.7327,
2026-03-20T00:40:01Z,EPL,277512,epl-eve-che-2026-03-21-exact-score,Everton FC vs. Chelsea FC - Exact Score,2026-03-16T22:52:22.955983Z,1611793,epl-eve-che-2026-03-21-exact-score-0-0,Exact Score: Everton FC 0 - 0 Chelsea FC?,0xa753206333cf4ab9535d9fb18aa0850675173a1b7358705134a48d7e2c8cca53,"[""30512629004143048668768227820775911653803552811218787739107918843806926900840"", ""28727329777033328909373628061297143139204055136713208070196029270239844530001""]",30512629004143048668768227820775911653803552811218787739107918843806926900840|28727329777033328909373628061297143139204055136713208070196029270239844530001,30512629004143048668768227820775911653803552811218787739107918843806926900840,Yes,True,0.03,590.0,0.07,16.33,0.05,0.04000000000000001,eb10cf6a2460f2eff844069825fdc455544ee4c1,0.01,5,,848.0139,
2026-03-20T00:40:01Z,EPL,277512,epl-eve-che-2026-03-21-exact-score,Everton FC vs. Chelsea FC - Exact Score,2026-03-16T22:52:22.955983Z,1611793,epl-eve-che-2026-03-21-exact-score-0-0,Exact Score: Everton FC 0 - 0 Chelsea FC?,0xa753206333cf4ab9535d9fb18aa0850675173a1b7358705134a48d7e2c8cca53,"[""30512629004143048668768227820775911653803552811218787739107918843806926900840"", ""28727329777033328909373628061297143139204055136713208070196029270239844530001""]",30512629004143048668768227820775911653803552811218787739107918843806926900840|28727329777033328909373628061297143139204055136713208070196029270239844530001,28727329777033328909373628061297143139204055136713208070196029270239844530001,No,True,0.93,16.33,0.97,590.0,0.95,0.039999999999999925,6cbc58512ae2beb2feeed98bc84370822848d1c3,0.01,5,,848.0139,
2026-03-20T00:40:01Z,EPL,277512,epl-eve-che-2026-03-21-exact-score,Everton FC vs. Chelsea FC - Exact Score,2026-03-16T22:52:22.955983Z,1611794,epl-eve-che-2026-03-21-exact-score-1-3,Exact Score: Everton FC 1 - 3 Chelsea FC?,0x29eb3dd14494dc8bb807abdcc2c21d67092fdd0ecbc9c958ce779af976a01611,"[""74223111725616604659896416563443546319484290335120140418259494094183347313327"", ""72503545396579258648625648783456792482524848586933120942920876011597920097529""]",74223111725616604659896416563443546319484290335120140418259494094183347313327|72503545396579258648625648783456792482524848586933120942920876011597920097529,74223111725616604659896416563443546319484290335120140418259494094183347313327,Yes,True,0.03,540.0,0.08,5.58,0.055,0.05,9522d48140bfecec51452a8cc88534278cdf30a7,0.01,5,,862.5557,
2026-03-20T00:40:01Z,EPL,277512,epl-eve-che-2026-03-21-exact-score,Everton FC vs. Chelsea FC - Exact Score,2026-03-16T22:52:22.955983Z,1611794,epl-eve-che-2026-03-21-exact-score-1-3,Exact Score: Everton FC 1 - 3 Chelsea FC?,0x29eb3dd14494dc8bb807abdcc2c21d67092fdd0ecbc9c958ce779af976a01611,"[""74223111725616604659896416563443546319484290335120140418259494094183347313327"", ""72503545396579258648625648783456792482524848586933120942920876011597920097529""]",74223111725616604659896416563443546319484290335120140418259494094183347313327|72503545396579258648625648783456792482524848586933120942920876011597920097529,72503545396579258648625648783456792482524848586933120942920876011597920097529,No,True,0.92,5.58,0.97,540.0,0.9450000000000001,0.04999999999999993,414ce902838595c39a4c1ed718210b054025c9b6,0.01,5,,862.5557,
2026-03-20T00:40:01Z,EPL,277512,epl-eve-che-2026-03-21-exact-score,Everton FC vs. Chelsea FC - Exact Score,2026-03-16T22:52:22.955983Z,1611795,epl-eve-che-2026-03-21-exact-score-0-3,Exact Score: Everton FC 0 - 3 Chelsea FC?,0x6b163103490d37233e31ddbad92c210b65b41f85c303b0478e9fc77a371e2bec,"[""20432437191182016620826484821697451550168062716238664726725676443352381090962"", ""19895450440583556299928842712696649731408474879074611298004945607736567197839""]",20432437191182016620826484821697451550168062716238664726725676443352381090962|19895450440583556299928842712696649731408474879074611298004945607736567197839,20432437191182016620826484821697451550168062716238664726725676443352381090962,Yes,True,0.03,23.33,0.08,590.0,0.055,0.05,def2e6db53ce572a0ef08e8c4e7c4b1d97402c46,0.01,5,0.350,838.6847,
2026-03-20T00:40:01Z,EPL,277512,epl-eve-che-2026-03-21-exact-score,Everton FC vs. Chelsea FC - Exact Score,2026-03-16T22:52:22.955983Z,1611795,epl-eve-che-2026-03-21-exact-score-0-3,Exact Score: Everton FC 0 - 3 Chelsea FC?,0x6b163103490d37233e31ddbad92c210b65b41f85c303b0478e9fc77a371e2bec,"[""20432437191182016620826484821697451550168062716238664726725676443352381090962"", ""19895450440583556299928842712696649731408474879074611298004945607736567197839""]",20432437191182016620826484821697451550168062716238664726725676443352381090962|19895450440583556299928842712696649731408474879074611298004945607736567197839,19895450440583556299928842712696649731408474879074611298004945607736567197839,No,True,0.92,590.0,0.97,23.33,0.9450000000000001,0.04999999999999993,ad1c5c82b2f81d271c889eed7ac7d684622db156,0.01,5,0.350,838.6847,
2026-03-20T00:40:01Z,EPL,277512,epl-eve-che-2026-03-21-exact-score,Everton FC vs. Chelsea FC - Exact Score,2026-03-16T22:52:22.955983Z,1611796,epl-eve-che-2026-03-21-exact-score-2-0,Exact Score: Everton FC 2 - 0 Chelsea FC?,0x3da12d3fbb348aea681824464782b9ba188e09db30bf423439a5ca8505205cab,"[""93560956138942693290099454330305310371160477876745468034829076140034915011309"", ""41173073076560750487069108655548766681160589468635167974745315444711418507080""]",93560956138942693290099454330305310371160477876745468034829076140034915011309|41173073076560750487069108655548766681160589468635167974745315444711418507080,93560956138942693290099454330305310371160477876745468034829076140034915011309,Yes,True,0.03,23.33,0.08,540.0,0.055,0.05,9034d274e6e392394ec3f8dc89cc68c77ef4da45,0.01,5,0.610,864.055,
2026-03-20T00:40:01Z,EPL,277512,epl-eve-che-2026-03-21-exact-score,Everton FC vs. Chelsea FC - Exact Score,2026-03-16T22:52:22.955983Z,1611796,epl-eve-che-2026-03-21-exact-score-2-0,Exact Score: Everton FC 2 - 0 Chelsea FC?,0x3da12d3fbb348aea681824464782b9ba188e09db30bf423439a5ca8505205cab,"[""93560956138942693290099454330305310371160477876745468034829076140034915011309"", ""41173073076560750487069108655548766681160589468635167974745315444711418507080""]",93560956138942693290099454330305310371160477876745468034829076140034915011309|41173073076560750487069108655548766681160589468635167974745315444711418507080,41173073076560750487069108655548766681160589468635167974745315444711418507080,No,True,0.92,540.0,0.97,23.33,0.9450000000000001,0.04999999999999993,dab42ed29e51a86e5cd6436acdff7aa81f870d41,0.01,5,0.610,864.055,
2026-03-20T00:40:01Z,EPL,277512,epl-eve-che-2026-03-21-exact-score,Everton FC vs. Chelsea FC - Exact Score,2026-03-16T22:52:22.955983Z,1611797,epl-eve-che-2026-03-21-exact-score-2-3,Exact Score: Everton FC 2 - 3 Chelsea FC?,0x5009abcd3857bcecb1f1b894208f6080175aa2e435d501c1a44e623f96c5463c,"[""9432488786343994318905748651601528771010594773901841182932246957114176618880"", ""43857055767149150051392252404861311243060941876434072972953777974097521899453""]",9432488786343994318905748651601528771010594773901841182932246957114176618880|43857055767149150051392252404861311243060941876434072972953777974097521899453,9432488786343994318905748651601528771010594773901841182932246957114176618880,Yes,True,0.02,769.74,0.06,540.0,0.04,0.039999999999999994,3c9f44f04c8ec1601a3ac9d0b38e594dc91514a7,0.001,5,0.020,853.48273,77.88622500000001
2026-03-20T00:40:01Z,EPL,277512,epl-eve-che-2026-03-21-exact-score,Everton FC vs. Chelsea FC - Exact Score,2026-03-16T22:52:22.955983Z,1611797,epl-eve-che-2026-03-21-exact-score-2-3,Exact Score: Everton FC 2 - 3 Chelsea FC?,0x5009abcd3857bcecb1f1b894208f6080175aa2e435d501c1a44e623f96c5463c,"[""9432488786343994318905748651601528771010594773901841182932246957114176618880"", ""43857055767149150051392252404861311243060941876434072972953777974097521899453""]",9432488786343994318905748651601528771010594773901841182932246957114176618880|43857055767149150051392252404861311243060941876434072972953777974097521899453,43857055767149150051392252404861311243060941876434072972953777974097521899453,No,True,0.94,540.0,0.98,769.74,0.96,0.040000000000000036,867868e9cf3778c1551636f0d7232974e210030b,0.001,5,0.020,853.48273,77.88622500000001
2026-03-20T00:40:01Z,EPL,277512,epl-eve-che-2026-03-21-exact-score,Everton FC vs. Chelsea FC - Exact Score,2026-03-16T22:52:22.955983Z,1611798,epl-eve-che-2026-03-21-exact-score-3-1,Exact Score: Everton FC 3 - 1 Chelsea FC?,0xcfe2e84dc0bb466d363a2e08453429ecd2cdd2feddb79494a2dfb508269c240c,"[""52850323185735308591065020129182711693665861460879977613113799995921360068168"", ""66557062063875150842413275022645773747438441962767350626212847698943227697372""]",52850323185735308591065020129182711693665861460879977613113799995921360068168|66557062063875150842413275022645773747438441962767350626212847698943227697372,52850323185735308591065020129182711693665861460879977613113799995921360068168,Yes,True,0.02,206.83,0.069,79.64,0.044500000000000005,0.049,f4436bfd3930ba1b39cfd7767eb305ab08bb5cbe,0.001,5,0.270,882.44912,
2026-03-20T00:40:01Z,EPL,277512,epl-eve-che-2026-03-21-exact-score,Everton FC vs. Chelsea FC - Exact Score,2026-03-16T22:52:22.955983Z,1611798,epl-eve-che-2026-03-21-exact-score-3-1,Exact Score: Everton FC 3 - 1 Chelsea FC?,0xcfe2e84dc0bb466d363a2e08453429ecd2cdd2feddb79494a2dfb508269c240c,"[""52850323185735308591065020129182711693665861460879977613113799995921360068168"", ""66557062063875150842413275022645773747438441962767350626212847698943227697372""]",52850323185735308591065020129182711693665861460879977613113799995921360068168|66557062063875150842413275022645773747438441962767350626212847698943227697372,66557062063875150842413275022645773747438441962767350626212847698943227697372,No,True,0.931,79.64,0.98,206.83,0.9555,0.04899999999999993,969c081026e215b5b1379caa816cd88106e9ca3e,0.001,5,0.270,882.44912,
2026-03-20T00:40:01Z,EPL,277512,epl-eve-che-2026-03-21-exact-score,Everton FC vs. Chelsea FC - Exact Score,2026-03-16T22:52:22.955983Z,1611799,epl-eve-che-2026-03-21-exact-score-3-2,Exact Score: Everton FC 3 - 2 Chelsea FC?,0x6fffd66f43187ff0b776c8d7c82749049bb5371d65795a0e4c0d09f5fb5f285d,"[""45446154444361579283958219660212747761228143136148108436950187761326737445184"", ""33908405710775568078041410183502237333809549303547898949028018362238579824004""]",45446154444361579283958219660212747761228143136148108436950187761326737445184|33908405710775568078041410183502237333809549303547898949028018362238579824004,45446154444361579283958219660212747761228143136148108436950187761326737445184,Yes,True,0.013,690.0,0.055,533.94,0.034,0.042,89413891cb54cf98157a0c8186c2ef1d1f175005,0.001,5,0.940,855.54475,
2026-03-20T00:40:01Z,EPL,277512,epl-eve-che-2026-03-21-exact-score,Everton FC vs. Chelsea FC - Exact Score,2026-03-16T22:52:22.955983Z,1611799,epl-eve-che-2026-03-21-exact-score-3-2,Exact Score: Everton FC 3 - 2 Chelsea FC?,0x6fffd66f43187ff0b776c8d7c82749049bb5371d65795a0e4c0d09f5fb5f285d,"[""45446154444361579283958219660212747761228143136148108436950187761326737445184"", ""33908405710775568078041410183502237333809549303547898949028018362238579824004""]",45446154444361579283958219660212747761228143136148108436950187761326737445184|33908405710775568078041410183502237333809549303547898949028018362238579824004,33908405710775568078041410183502237333809549303547898949028018362238579824004,No,True,0.945,533.94,0.987,690.0,0.966,0.04200000000000004,db5a560e5987a5dc65f2ab56f728e64f68fda3b2,0.001,5,0.940,855.54475,
2026-03-20T00:40:01Z,EPL,277512,epl-eve-che-2026-03-21-exact-score,Everton FC vs. Chelsea FC - Exact Score,2026-03-16T22:52:22.955983Z,1611800,epl-eve-che-2026-03-21-exact-score-3-0,Exact Score: Everton FC 3 - 0 Chelsea FC?,0x370000c3df4e8368cf9fd1b1328fa21beec5670db94c880e0be2d75551dede46,"[""29320661897405857934762303488863267247272693907752771095920048291531396106331"", ""30650007215652072784000090022015056121332756357831276220715797737078708767578""]",29320661897405857934762303488863267247272693907752771095920048291531396106331|30650007215652072784000090022015056121332756357831276220715797737078708767578,29320661897405857934762303488863267247272693907752771095920048291531396106331,Yes,True,0.01,550.0,0.056,62.49,0.033,0.046,a32e81e245cff50607cb0b71685ce4b2b1012439,0.001,5,0.020,902.70034,
2026-03-20T00:40:01Z,EPL,277512,epl-eve-che-2026-03-21-exact-score,Everton FC vs. Chelsea FC - Exact Score,2026-03-16T22:52:22.955983Z,1611800,epl-eve-che-2026-03-21-exact-score-3-0,Exact Score: Everton FC 3 - 0 Chelsea FC?,0x370000c3df4e8368cf9fd1b1328fa21beec5670db94c880e0be2d75551dede46,"[""29320661897405857934762303488863267247272693907752771095920048291531396106331"", ""30650007215652072784000090022015056121332756357831276220715797737078708767578""]",29320661897405857934762303488863267247272693907752771095920048291531396106331|30650007215652072784000090022015056121332756357831276220715797737078708767578,30650007215652072784000090022015056121332756357831276220715797737078708767578,No,True,0.944,62.49,0.99,550.0,0.967,0.04600000000000004,af3764b6068c76a34a70395bac817143412ab4af,0.001,5,0.020,902.70034,
2026-03-20T00:40:01Z,EPL,277512,epl-eve-che-2026-03-21-exact-score,Everton FC vs. Chelsea FC - Exact Score,2026-03-16T22:52:22.955983Z,1611801,epl-eve-che-2026-03-21-exact-score-3-3,Exact Score: Everton FC 3 - 3 Chelsea FC?,0x1b1ec4c97a55ec6adcc35817d183554cffc5d9eb9e628ed9ee368beddf8095f6,"[""19711581807222996159066930877699188025143615800180812743205389038180973248399"", ""7750328999201444363454975463568875341998640554781216906703470783403220022617""]",19711581807222996159066930877699188025143615800180812743205389038180973248399|7750328999201444363454975463568875341998640554781216906703470783403220022617,19711581807222996159066930877699188025143615800180812743205389038180973248399,Yes,True,0.01,550.0,0.053,81.23,0.0315,0.043,ce8b3d80abbe1639638610531ffe4acecc9c927d,0.001,5,0.020,908.28867,
2026-03-20T00:40:01Z,EPL,277512,epl-eve-che-2026-03-21-exact-score,Everton FC vs. Chelsea FC - Exact Score,2026-03-16T22:52:22.955983Z,1611801,epl-eve-che-2026-03-21-exact-score-3-3,Exact Score: Everton FC 3 - 3 Chelsea FC?,0x1b1ec4c97a55ec6adcc35817d183554cffc5d9eb9e628ed9ee368beddf8095f6,"[""19711581807222996159066930877699188025143615800180812743205389038180973248399"", ""7750328999201444363454975463568875341998640554781216906703470783403220022617""]",19711581807222996159066930877699188025143615800180812743205389038180973248399|7750328999201444363454975463568875341998640554781216906703470783403220022617,7750328999201444363454975463568875341998640554781216906703470783403220022617,No,True,0.947,81.23,0.99,550.0,0.9684999999999999,0.04300000000000004,ff0ce1242556b346b725fa4a6c0adaea8fae96b8,0.001,5,0.020,908.28867,
2026-03-20T00:40:01Z,EPL,277512,epl-eve-che-2026-03-21-exact-score,Everton FC vs. Chelsea FC - Exact Score,2026-03-16T22:52:22.955983Z,1611802,epl-eve-che-2026-03-21-exact-score-any-other,Exact Score: Any Other Score?,0x0438eb0823a4a2c39bf2aa3c345968e17e59ff065e85357fe919e962fa848dbf,"[""85820213418450293127079056986008930987751883886037512195966752778984537847222"", ""6037523256853091760979607389105894683782128800880521430370073846647894349906""]",85820213418450293127079056986008930987751883886037512195966752778984537847222|6037523256853091760979607389105894683782128800880521430370073846647894349906,85820213418450293127079056986008930987751883886037512195966752778984537847222,Yes,True,0.02,255.0,0.47,5.58,0.245,0.44999999999999996,128967045ed61b0429ba13a8406d3a9066ea620f,0.01,5,,88.1074,
2026-03-20T00:40:01Z,EPL,277512,epl-eve-che-2026-03-21-exact-score,Everton FC vs. Chelsea FC - Exact Score,2026-03-16T22:52:22.955983Z,1611802,epl-eve-che-2026-03-21-exact-score-any-other,Exact Score: Any Other Score?,0x0438eb0823a4a2c39bf2aa3c345968e17e59ff065e85357fe919e962fa848dbf,"[""85820213418450293127079056986008930987751883886037512195966752778984537847222"", ""6037523256853091760979607389105894683782128800880521430370073846647894349906""]",85820213418450293127079056986008930987751883886037512195966752778984537847222|6037523256853091760979607389105894683782128800880521430370073846647894349906,6037523256853091760979607389105894683782128800880521430370073846647894349906,No,True,0.53,5.58,0.98,255.0,0.755,0.44999999999999996,fe5a2c6d34f77d702541a2e2b91681355342c80a,0.01,5,,88.1074,
2026-03-20T00:40:01Z,EPL,277513,epl-ful-bur-2026-03-21-halftime-result,Fulham FC vs. Burnley FC - Halftime Result,2026-03-17T01:33:48.723772Z,1611803,epl-ful-bur-2026-03-21-halftime-result-home,Fulham FC leading at halftime?,0x8e8becd0c8681bf2e9d1362bab6cdac9f920933a99235e4a912942312b6dd351,"[""88020514631676305568484994526342388421025350733105388887237964905487889036787"", ""3706165870161267892104632865606850295716831183991457663136268039422364491354""]",88020514631676305568484994526342388421025350733105388887237964905487889036787|3706165870161267892104632865606850295716831183991457663136268039422364491354,88020514631676305568484994526342388421025350733105388887237964905487889036787,Yes,True,0.45,1500.0,0.49,5.49,0.47,0.03999999999999998,a0b8b79333439cb5ee1c9931fa01055b98c001cf,0.01,5,0.390,2170.7082,
2026-03-20T00:40:01Z,EPL,277513,epl-ful-bur-2026-03-21-halftime-result,Fulham FC vs. Burnley FC - Halftime Result,2026-03-17T01:33:48.723772Z,1611803,epl-ful-bur-2026-03-21-halftime-result-home,Fulham FC leading at halftime?,0x8e8becd0c8681bf2e9d1362bab6cdac9f920933a99235e4a912942312b6dd351,"[""88020514631676305568484994526342388421025350733105388887237964905487889036787"", ""3706165870161267892104632865606850295716831183991457663136268039422364491354""]",88020514631676305568484994526342388421025350733105388887237964905487889036787|3706165870161267892104632865606850295716831183991457663136268039422364491354,3706165870161267892104632865606850295716831183991457663136268039422364491354,No,True,0.51,5.49,0.55,1500.0,0.53,0.040000000000000036,98dbff770fef913c1a7b51f7d9ca923ecc596a5d,0.01,5,0.390,2170.7082,
2026-03-20T00:40:01Z,EPL,277513,epl-ful-bur-2026-03-21-halftime-result,Fulham FC vs. Burnley FC - Halftime Result,2026-03-17T01:33:48.723772Z,1611804,epl-ful-bur-2026-03-21-halftime-result-draw,Fulham FC vs. Burnley FC: Draw at halftime?,0x89e48222f1ff03f49567e7051dd2f3150448398553678f1ae1b7b4620602f567,"[""95593787617431534488120129977268698961479561383559995784874593620067444705458"", ""95730566641808378776331426980910220492353830882621882056401908315510615689840""]",95593787617431534488120129977268698961479561383559995784874593620067444705458|95730566641808378776331426980910220492353830882621882056401908315510615689840,95593787617431534488120129977268698961479561383559995784874593620067444705458,Yes,True,0.36,1500.0,0.4,16.66,0.38,0.040000000000000036,4098e901fab2ac7a17df809dc44620116fda6376,0.01,5,,2241.547,
2026-03-20T00:40:01Z,EPL,277513,epl-ful-bur-2026-03-21-halftime-result,Fulham FC vs. Burnley FC - Halftime Result,2026-03-17T01:33:48.723772Z,1611804,epl-ful-bur-2026-03-21-halftime-result-draw,Fulham FC vs. Burnley FC: Draw at halftime?,0x89e48222f1ff03f49567e7051dd2f3150448398553678f1ae1b7b4620602f567,"[""95593787617431534488120129977268698961479561383559995784874593620067444705458"", ""95730566641808378776331426980910220492353830882621882056401908315510615689840""]",95593787617431534488120129977268698961479561383559995784874593620067444705458|95730566641808378776331426980910220492353830882621882056401908315510615689840,95730566641808378776331426980910220492353830882621882056401908315510615689840,No,True,0.6,16.66,0.64,1500.0,0.62,0.040000000000000036,554821214b89207f8470a44f8b83612bbfb3349e,0.01,5,,2241.547,
2026-03-20T00:40:01Z,EPL,277513,epl-ful-bur-2026-03-21-halftime-result,Fulham FC vs. Burnley FC - Halftime Result,2026-03-17T01:33:48.723772Z,1611805,epl-ful-bur-2026-03-21-halftime-result-away,Burnley FC leading at halftime?,0x8e651f5a3b1bd5a08b33243b8072505dd7add308c02b1b3e7cac52ae90ffe589,"[""10529359684809021790921526367933821328358226794826354076729511564377977778446"", ""10990611866035932169634542130881511480686553040101718322693687134987265673813""]",10529359684809021790921526367933821328358226794826354076729511564377977778446|10990611866035932169634542130881511480686553040101718322693687134987265673813,10529359684809021790921526367933821328358226794826354076729511564377977778446,Yes,True,0.11,1500.0,0.15,11.76,0.13,0.039999999999999994,dd430226d17b2143537f84528aadad57f6eaf4b8,0.01,5,,2168.841,
2026-03-20T00:40:01Z,EPL,277513,epl-ful-bur-2026-03-21-halftime-result,Fulham FC vs. Burnley FC - Halftime Result,2026-03-17T01:33:48.723772Z,1611805,epl-ful-bur-2026-03-21-halftime-result-away,Burnley FC leading at halftime?,0x8e651f5a3b1bd5a08b33243b8072505dd7add308c02b1b3e7cac52ae90ffe589,"[""10529359684809021790921526367933821328358226794826354076729511564377977778446"", ""10990611866035932169634542130881511480686553040101718322693687134987265673813""]",10529359684809021790921526367933821328358226794826354076729511564377977778446|10990611866035932169634542130881511480686553040101718322693687134987265673813,10990611866035932169634542130881511480686553040101718322693687134987265673813,No,True,0.85,11.76,0.89,1500.0,0.87,0.040000000000000036,87919f5875c1eed548e738a8c351c2f0d154d513,0.01,5,,2168.841,
2026-03-20T00:40:01Z,EPL,277514,epl-ful-bur-2026-03-21-exact-score,Fulham FC vs. Burnley FC - Exact Score,2026-03-16T22:48:01.78058Z,1611806,epl-ful-bur-2026-03-21-exact-score-1-0,Exact Score: Fulham FC 1 - 0 Burnley FC?,0x0dcb6ac7b64a7aa68577cf521483dce708c9d9885b5f9003f63f128a114fd67e,"[""5440668966810943716010414806403512506501799469908561698119460426841506141552"", ""89619638322765592432729903435644870997835401092951403001183479182382557189480""]",5440668966810943716010414806403512506501799469908561698119460426841506141552|89619638322765592432729903435644870997835401092951403001183479182382557189480,5440668966810943716010414806403512506501799469908561698119460426841506141552,Yes,True,0.07,50.0,0.13,5.58,0.1,0.06,1ec9f7a0f9f2804a6778018614920d4d0ed145b8,0.01,5,,811.9642,
2026-03-20T00:40:01Z,EPL,277514,epl-ful-bur-2026-03-21-exact-score,Fulham FC vs. Burnley FC - Exact Score,2026-03-16T22:48:01.78058Z,1611806,epl-ful-bur-2026-03-21-exact-score-1-0,Exact Score: Fulham FC 1 - 0 Burnley FC?,0x0dcb6ac7b64a7aa68577cf521483dce708c9d9885b5f9003f63f128a114fd67e,"[""5440668966810943716010414806403512506501799469908561698119460426841506141552"", ""89619638322765592432729903435644870997835401092951403001183479182382557189480""]",5440668966810943716010414806403512506501799469908561698119460426841506141552|89619638322765592432729903435644870997835401092951403001183479182382557189480,89619638322765592432729903435644870997835401092951403001183479182382557189480,No,True,0.87,5.58,0.93,50.0,0.9,0.06000000000000005,db0775d66e4cac75b969da95768d2a0da51bb1ac,0.01,5,,811.9642,
2026-03-20T00:40:01Z,EPL,277514,epl-ful-bur-2026-03-21-exact-score,Fulham FC vs. Burnley FC - Exact Score,2026-03-16T22:48:01.78058Z,1611807,epl-ful-bur-2026-03-21-exact-score-2-0,Exact Score: Fulham FC 2 - 0 Burnley FC?,0xb1ca392341751a6c3db7a534c932ec1cfa49c4fea98ede362591dcbcd4a24a1b,"[""50214938502505431851982938491354153251124274499219587000788595545417185569762"", ""19192770255836762939570341566378297723871317735022530024053887015810484315172""]",50214938502505431851982938491354153251124274499219587000788595545417185569762|19192770255836762939570341566378297723871317735022530024053887015810484315172,50214938502505431851982938491354153251124274499219587000788595545417185569762,Yes,True,0.07,50.0,0.14,5.58,0.10500000000000001,0.07,7a7d2a6542f4c0e50831280a23c38b7120e89221,0.01,5,,807.3484,
2026-03-20T00:40:01Z,EPL,277514,epl-ful-bur-2026-03-21-exact-score,Fulham FC vs. Burnley FC - Exact Score,2026-03-16T22:48:01.78058Z,1611807,epl-ful-bur-2026-03-21-exact-score-2-0,Exact Score: Fulham FC 2 - 0 Burnley FC?,0xb1ca392341751a6c3db7a534c932ec1cfa49c4fea98ede362591dcbcd4a24a1b,"[""50214938502505431851982938491354153251124274499219587000788595545417185569762"", ""19192770255836762939570341566378297723871317735022530024053887015810484315172""]",50214938502505431851982938491354153251124274499219587000788595545417185569762|19192770255836762939570341566378297723871317735022530024053887015810484315172,19192770255836762939570341566378297723871317735022530024053887015810484315172,No,True,0.86,5.58,0.93,50.0,0.895,0.07000000000000006,ac1e4d38437943a73697de5cab278ff851fdf1c8,0.01,5,,807.3484,
2026-03-20T00:40:01Z,EPL,277514,epl-ful-bur-2026-03-21-exact-score,Fulham FC vs. Burnley FC - Exact Score,2026-03-16T22:48:01.78058Z,1611808,epl-ful-bur-2026-03-21-exact-score-1-1,Exact Score: Fulham FC 1 - 1 Burnley FC?,0x92fdf7b43d14a8f5e50e71b1f6ecfc918bf1f8ec184774953543286c65f37afe,"[""107397801328561479092731017890775627729465763717109070252497770752705908718726"", ""27090576467305719497256474531038850709112685820116487495459981258936726082145""]",107397801328561479092731017890775627729465763717109070252497770752705908718726|27090576467305719497256474531038850709112685820116487495459981258936726082145,107397801328561479092731017890775627729465763717109070252497770752705908718726,Yes,True,0.07,11.0,0.13,540.0,0.1,0.06,ea943ff6291d099bc42b2b4f5785f8240f1f1b18,0.01,5,0.100,823.4389,
2026-03-20T00:40:01Z,EPL,277514,epl-ful-bur-2026-03-21-exact-score,Fulham FC vs. Burnley FC - Exact Score,2026-03-16T22:48:01.78058Z,1611808,epl-ful-bur-2026-03-21-exact-score-1-1,Exact Score: Fulham FC 1 - 1 Burnley FC?,0x92fdf7b43d14a8f5e50e71b1f6ecfc918bf1f8ec184774953543286c65f37afe,"[""107397801328561479092731017890775627729465763717109070252497770752705908718726"", ""27090576467305719497256474531038850709112685820116487495459981258936726082145""]",107397801328561479092731017890775627729465763717109070252497770752705908718726|27090576467305719497256474531038850709112685820116487495459981258936726082145,27090576467305719497256474531038850709112685820116487495459981258936726082145,No,True,0.87,540.0,0.93,11.0,0.9,0.06000000000000005,6350cb498e0e5435786da08b43567fe5cd2e5321,0.01,5,0.100,823.4389,
2026-03-20T00:40:01Z,EPL,277514,epl-ful-bur-2026-03-21-exact-score,Fulham FC vs. Burnley FC - Exact Score,2026-03-16T22:48:01.78058Z,1611809,epl-ful-bur-2026-03-21-exact-score-2-1,Exact Score: Fulham FC 2 - 1 Burnley FC?,0x12ef8ff30e4d3627479966c61a6d43de627876d80db7f129fe221caabffe4149,"[""107756493869498566380046878334098218984148194411423368911142761899952553172787"", ""17872787211595683376049989718117499672191304808168347645984280735945851734505""]",107756493869498566380046878334098218984148194411423368911142761899952553172787|17872787211595683376049989718117499672191304808168347645984280735945851734505,107756493869498566380046878334098218984148194411423368911142761899952553172787,Yes,True,0.05,616.6,0.1,16.69,0.07500000000000001,0.05,3b1394ae91efa44f4c87337866b6d128651e8fef,0.01,5,,932.2835,
2026-03-20T00:40:01Z,EPL,277514,epl-ful-bur-2026-03-21-exact-score,Fulham FC vs. Burnley FC - Exact Score,2026-03-16T22:48:01.78058Z,1611809,epl-ful-bur-2026-03-21-exact-score-2-1,Exact Score: Fulham FC 2 - 1 Burnley FC?,0x12ef8ff30e4d3627479966c61a6d43de627876d80db7f129fe221caabffe4149,"[""107756493869498566380046878334098218984148194411423368911142761899952553172787"", ""17872787211595683376049989718117499672191304808168347645984280735945851734505""]",107756493869498566380046878334098218984148194411423368911142761899952553172787|17872787211595683376049989718117499672191304808168347645984280735945851734505,17872787211595683376049989718117499672191304808168347645984280735945851734505,No,True,0.9,16.69,0.95,616.6,0.925,0.04999999999999993,528aa9399b6015f041d290f0a580605f28c293e0,0.01,5,,932.2835,
2026-03-20T00:40:01Z,EPL,277514,epl-ful-bur-2026-03-21-exact-score,Fulham FC vs. Burnley FC - Exact Score,2026-03-16T22:48:01.78058Z,1611810,epl-ful-bur-2026-03-21-exact-score-3-0,Exact Score: Fulham FC 3 - 0 Burnley FC?,0xc0240cb9819df46aadacf9b47ab15ac5bca5209b70fe97194c7e6d31fcc8c159,"[""81970914372457821780670033938981653782124635391346196139691565176352942928963"", ""78036269917726640678716032055434497942527525098407213241347186277430168138247""]",81970914372457821780670033938981653782124635391346196139691565176352942928963|78036269917726640678716032055434497942527525098407213241347186277430168138247,81970914372457821780670033938981653782124635391346196139691565176352942928963,Yes,True,0.04,590.0,0.08,5.58,0.06,0.04,223b089f9591022829f1869c2c36d70eb05ea3fa,0.01,5,,921.1189,
2026-03-20T00:40:01Z,EPL,277514,epl-ful-bur-2026-03-21-exact-score,Fulham FC vs. Burnley FC - Exact Score,2026-03-16T22:48:01.78058Z,1611810,epl-ful-bur-2026-03-21-exact-score-3-0,Exact Score: Fulham FC 3 - 0 Burnley FC?,0xc0240cb9819df46aadacf9b47ab15ac5bca5209b70fe97194c7e6d31fcc8c159,"[""81970914372457821780670033938981653782124635391346196139691565176352942928963"", ""78036269917726640678716032055434497942527525098407213241347186277430168138247""]",81970914372457821780670033938981653782124635391346196139691565176352942928963|78036269917726640678716032055434497942527525098407213241347186277430168138247,78036269917726640678716032055434497942527525098407213241347186277430168138247,No,True,0.92,5.58,0.96,590.0,0.94,0.039999999999999925,01d96d90e82a0903d526aad4a978490213e665ab,0.01,5,,921.1189,
2026-03-20T00:40:01Z,EPL,277514,epl-ful-bur-2026-03-21-exact-score,Fulham FC vs. Burnley FC - Exact Score,2026-03-16T22:48:01.78058Z,1611811,epl-ful-bur-2026-03-21-exact-score-0-0,Exact Score: Fulham FC 0 - 0 Burnley FC?,0xca59ca259b69b05be6c3510d940cec1e8eff1b81bd5962e13d273a2802e54dbc,"[""10825515429141501078972183797157892601716191698470987011706977369788514214754"", ""38456192960939916490009477205437613067310036877453100245160197096083629458091""]",10825515429141501078972183797157892601716191698470987011706977369788514214754|38456192960939916490009477205437613067310036877453100245160197096083629458091,10825515429141501078972183797157892601716191698470987011706977369788514214754,Yes,True,0.03,540.0,0.08,5.58,0.055,0.05,a80953bff9c9a8c2e0a35a78b84003c007871793,0.01,5,,962.5686,
2026-03-20T00:40:01Z,EPL,277514,epl-ful-bur-2026-03-21-exact-score,Fulham FC vs. Burnley FC - Exact Score,2026-03-16T22:48:01.78058Z,1611811,epl-ful-bur-2026-03-21-exact-score-0-0,Exact Score: Fulham FC 0 - 0 Burnley FC?,0xca59ca259b69b05be6c3510d940cec1e8eff1b81bd5962e13d273a2802e54dbc,"[""10825515429141501078972183797157892601716191698470987011706977369788514214754"", ""38456192960939916490009477205437613067310036877453100245160197096083629458091""]",10825515429141501078972183797157892601716191698470987011706977369788514214754|38456192960939916490009477205437613067310036877453100245160197096083629458091,38456192960939916490009477205437613067310036877453100245160197096083629458091,No,True,0.92,5.58,0.97,540.0,0.9450000000000001,0.04999999999999993,f5c00121916334adb6e66da957d92c9e3d0b03c0,0.01,5,,962.5686,
2026-03-20T00:40:01Z,EPL,277514,epl-ful-bur-2026-03-21-exact-score,Fulham FC vs. Burnley FC - Exact Score,2026-03-16T22:48:01.78058Z,1611812,epl-ful-bur-2026-03-21-exact-score-3-1,Exact Score: Fulham FC 3 - 1 Burnley FC?,0xbef63f216d538641b2a68f6e00efdc3fc2eec68e7c2a34adc95fb3704d3a1e4c,"[""100626131031159463660122198375954495356569589413294926494065893237950946848873"", ""59330859849703243790770980844174358027161288289566911435469624988769140568290""]",100626131031159463660122198375954495356569589413294926494065893237950946848873|59330859849703243790770980844174358027161288289566911435469624988769140568290,100626131031159463660122198375954495356569589413294926494065893237950946848873,Yes,True,0.03,540.0,0.09,10.98,0.06,0.06,948d4e70ed9c84b3d5187b98346060dae2d5db00,0.01,5,,947.7274,
2026-03-20T00:40:01Z,EPL,277514,epl-ful-bur-2026-03-21-exact-score,Fulham FC vs. Burnley FC - Exact Score,2026-03-16T22:48:01.78058Z,1611812,epl-ful-bur-2026-03-21-exact-score-3-1,Exact Score: Fulham FC 3 - 1 Burnley FC?,0xbef63f216d538641b2a68f6e00efdc3fc2eec68e7c2a34adc95fb3704d3a1e4c,"[""100626131031159463660122198375954495356569589413294926494065893237950946848873"", ""59330859849703243790770980844174358027161288289566911435469624988769140568290""]",100626131031159463660122198375954495356569589413294926494065893237950946848873|59330859849703243790770980844174358027161288289566911435469624988769140568290,59330859849703243790770980844174358027161288289566911435469624988769140568290,No,True,0.91,10.98,0.97,540.0,0.94,0.05999999999999994,b5696c95a2d313f25e2446a9416f4b36f50deb95,0.01,5,,947.7274,
2026-03-20T00:40:01Z,EPL,277514,epl-ful-bur-2026-03-21-exact-score,Fulham FC vs. Burnley FC - Exact Score,2026-03-16T22:48:01.78058Z,1611813,epl-ful-bur-2026-03-21-exact-score-0-1,Exact Score: Fulham FC 0 - 1 Burnley FC?,0x40e562ed5768c43427d450bcf8b16b1dd2f1f0e9f5e58fac1543feabf3fc9233,"[""97415725048852205876174690351836321510040497467112583279583884544265172238230"", ""46821974547349742554360399974633308092739398094195238014812283284492297315448""]",97415725048852205876174690351836321510040497467112583279583884544265172238230|46821974547349742554360399974633308092739398094195238014812283284492297315448,97415725048852205876174690351836321510040497467112583279583884544265172238230,Yes,True,0.02,882.0,0.07,10.91,0.045000000000000005,0.05,59bdc862a734bdff48e7ae2d48d82a8702bde665,0.01,5,,912.7249,
2026-03-20T00:40:01Z,EPL,277514,epl-ful-bur-2026-03-21-exact-score,Fulham FC vs. Burnley FC - Exact Score,2026-03-16T22:48:01.78058Z,1611813,epl-ful-bur-2026-03-21-exact-score-0-1,Exact Score: Fulham FC 0 - 1 Burnley FC?,0x40e562ed5768c43427d450bcf8b16b1dd2f1f0e9f5e58fac1543feabf3fc9233,"[""97415725048852205876174690351836321510040497467112583279583884544265172238230"", ""46821974547349742554360399974633308092739398094195238014812283284492297315448""]",97415725048852205876174690351836321510040497467112583279583884544265172238230|46821974547349742554360399974633308092739398094195238014812283284492297315448,46821974547349742554360399974633308092739398094195238014812283284492297315448,No,True,0.93,10.91,0.98,882.0,0.9550000000000001,0.04999999999999993,69d9a4e11060bc204626465ebf376b5d8cdb6223,0.01,5,,912.7249,
2026-03-20T00:40:01Z,EPL,277514,epl-ful-bur-2026-03-21-exact-score,Fulham FC vs. Burnley FC - Exact Score,2026-03-16T22:48:01.78058Z,1611814,epl-ful-bur-2026-03-21-exact-score-2-2,Exact Score: Fulham FC 2 - 2 Burnley FC?,0x0e8e60d93b30f8f9b66cadec50828b5cbf6fa723f8d7ba2e07c9f9a6fe720d9e,"[""87371510414630127164637014291254655718917193750912073005748042059678453717351"", ""58001554870378980800047787304062365975130875070618822438347250482425737028364""]",87371510414630127164637014291254655718917193750912073005748042059678453717351|58001554870378980800047787304062365975130875070618822438347250482425737028364,87371510414630127164637014291254655718917193750912073005748042059678453717351,Yes,True,0.022,540.0,0.062,41.65,0.041999999999999996,0.04,c8ef5bbc687230f3ff5f466d18d2fb2e567b2f94,0.001,5,,930.05844,
2026-03-20T00:40:01Z,EPL,277514,epl-ful-bur-2026-03-21-exact-score,Fulham FC vs. Burnley FC - Exact Score,2026-03-16T22:48:01.78058Z,1611814,epl-ful-bur-2026-03-21-exact-score-2-2,Exact Score: Fulham FC 2 - 2 Burnley FC?,0x0e8e60d93b30f8f9b66cadec50828b5cbf6fa723f8d7ba2e07c9f9a6fe720d9e,"[""87371510414630127164637014291254655718917193750912073005748042059678453717351"", ""58001554870378980800047787304062365975130875070618822438347250482425737028364""]",87371510414630127164637014291254655718917193750912073005748042059678453717351|58001554870378980800047787304062365975130875070618822438347250482425737028364,58001554870378980800047787304062365975130875070618822438347250482425737028364,No,True,0.938,41.65,0.978,540.0,0.958,0.040000000000000036,c6b9516eb6bf165fdbc03eb162eac03f9e5c1c44,0.001,5,,930.05844,
2026-03-20T00:40:01Z,EPL,277514,epl-ful-bur-2026-03-21-exact-score,Fulham FC vs. Burnley FC - Exact Score,2026-03-16T22:48:01.78058Z,1611815,epl-ful-bur-2026-03-21-exact-score-1-2,Exact Score: Fulham FC 1 - 2 Burnley FC?,0x7a200b40e5cc05ebf0df2fe1a4826bc0157bf3291bc2739eccbebeb495ec348d,"[""74145745486900835305598312873294575460929850191644733390608425791889795207718"", ""96969412093673845380472293741188495659792481631907184048670226923572569864461""]",74145745486900835305598312873294575460929850191644733390608425791889795207718|96969412093673845380472293741188495659792481631907184048670226923572569864461,74145745486900835305598312873294575460929850191644733390608425791889795207718,Yes,True,0.021,540.0,0.062,41.65,0.0415,0.040999999999999995,6955e5c1f3baf11e1f9ec494081a34ca9034277b,0.001,5,,935.90133,
2026-03-20T00:40:01Z,EPL,277514,epl-ful-bur-2026-03-21-exact-score,Fulham FC vs. Burnley FC - Exact Score,2026-03-16T22:48:01.78058Z,1611815,epl-ful-bur-2026-03-21-exact-score-1-2,Exact Score: Fulham FC 1 - 2 Burnley FC?,0x7a200b40e5cc05ebf0df2fe1a4826bc0157bf3291bc2739eccbebeb495ec348d,"[""74145745486900835305598312873294575460929850191644733390608425791889795207718"", ""96969412093673845380472293741188495659792481631907184048670226923572569864461""]",74145745486900835305598312873294575460929850191644733390608425791889795207718|96969412093673845380472293741188495659792481631907184048670226923572569864461,96969412093673845380472293741188495659792481631907184048670226923572569864461,No,True,0.938,41.65,0.979,540.0,0.9584999999999999,0.041000000000000036,f014da185a95a534c4afd6ca9ce849e79da91d8b,0.001,5,,935.90133,
2026-03-20T00:40:01Z,EPL,277514,epl-ful-bur-2026-03-21-exact-score,Fulham FC vs. Burnley FC - Exact Score,2026-03-16T22:48:01.78058Z,1611816,epl-ful-bur-2026-03-21-exact-score-3-2,Exact Score: Fulham FC 3 - 2 Burnley FC?,0xb9eeba37398898231324605d8431d57b8e800764c5bbfc4f9b58ba7f892751ac,"[""14086469461489499210150112758074255377053577581244095567045066400976279282347"", ""10874423101054792533537707415761016170698472875348546903469069705883875494165""]",14086469461489499210150112758074255377053577581244095567045066400976279282347|10874423101054792533537707415761016170698472875348546903469069705883875494165,14086469461489499210150112758074255377053577581244095567045066400976279282347,Yes,True,0.021,9.56,0.047,10.49,0.034,0.026,16dc69fb2b803b777921622fb5e7eb1413e58570,0.001,5,0.022,1026.48855,467.67146599999995
2026-03-20T00:40:01Z,EPL,277514,epl-ful-bur-2026-03-21-exact-score,Fulham FC vs. Burnley FC - Exact Score,2026-03-16T22:48:01.78058Z,1611816,epl-ful-bur-2026-03-21-exact-score-3-2,Exact Score: Fulham FC 3 - 2 Burnley FC?,0xb9eeba37398898231324605d8431d57b8e800764c5bbfc4f9b58ba7f892751ac,"[""14086469461489499210150112758074255377053577581244095567045066400976279282347"", ""10874423101054792533537707415761016170698472875348546903469069705883875494165""]",14086469461489499210150112758074255377053577581244095567045066400976279282347|10874423101054792533537707415761016170698472875348546903469069705883875494165,10874423101054792533537707415761016170698472875348546903469069705883875494165,No,True,0.953,10.49,0.979,9.56,0.966,0.026000000000000023,7a2e5bd28cd23f694056fb7454dffb00a4538832,0.001,5,0.022,1026.48855,467.67146599999995
2026-03-20T00:40:01Z,EPL,277514,epl-ful-bur-2026-03-21-exact-score,Fulham FC vs. Burnley FC - Exact Score,2026-03-16T22:48:01.78058Z,1611817,epl-ful-bur-2026-03-21-exact-score-0-2,Exact Score: Fulham FC 0 - 2 Burnley FC?,0x50d1670398ff9cbf6b4fc914c54171435ad035c9c83b6f8d1306e4053e47ab10,"[""57599247881512482961014803214079333767461893504964834844842826451791852564005"", ""110488474864529259839419626946962053783083938571360263007462589853192475463348""]",57599247881512482961014803214079333767461893504964834844842826451791852564005|110488474864529259839419626946962053783083938571360263007462589853192475463348,57599247881512482961014803214079333767461893504964834844842826451791852564005,Yes,True,0.012,174.0,0.049,42.24,0.0305,0.037000000000000005,24cc8ffe45b33a7f79fbe29bb6eb1616ae785027,0.001,5,,930.50271,
2026-03-20T00:40:01Z,EPL,277514,epl-ful-bur-2026-03-21-exact-score,Fulham FC vs. Burnley FC - Exact Score,2026-03-16T22:48:01.78058Z,1611817,epl-ful-bur-2026-03-21-exact-score-0-2,Exact Score: Fulham FC 0 - 2 Burnley FC?,0x50d1670398ff9cbf6b4fc914c54171435ad035c9c83b6f8d1306e4053e47ab10,"[""57599247881512482961014803214079333767461893504964834844842826451791852564005"", ""110488474864529259839419626946962053783083938571360263007462589853192475463348""]",57599247881512482961014803214079333767461893504964834844842826451791852564005|110488474864529259839419626946962053783083938571360263007462589853192475463348,110488474864529259839419626946962053783083938571360263007462589853192475463348,No,True,0.951,42.24,0.988,174.0,0.9695,0.03700000000000003,4ae0e59859177f3cc9a5e56038b761310823027c,0.001,5,,930.50271,
2026-03-20T00:40:01Z,EPL,277514,epl-ful-bur-2026-03-21-exact-score,Fulham FC vs. Burnley FC - Exact Score,2026-03-16T22:48:01.78058Z,1611818,epl-ful-bur-2026-03-21-exact-score-2-3,Exact Score: Fulham FC 2 - 3 Burnley FC?,0x8f7091ac42065ea114eae9bbf73f4fe1b83070baff39e5cccf14fbbf108a0c87,"[""9503713874129536034777122971149475348338126844909677675245836466860286826155"", ""94269885589483662050093987246118356462730195572072205189949850703371426436795""]",9503713874129536034777122971149475348338126844909677675245836466860286826155|94269885589483662050093987246118356462730195572072205189949850703371426436795,9503713874129536034777122971149475348338126844909677675245836466860286826155,Yes,True,0.012,140.0,0.042,31.23,0.027000000000000003,0.030000000000000002,27aff8b9d9ce603b6cf526649be873627b6a87e2,0.001,5,0.012,914.9209,218.73999999999998
2026-03-20T00:40:01Z,EPL,277514,epl-ful-bur-2026-03-21-exact-score,Fulham FC vs. Burnley FC - Exact Score,2026-03-16T22:48:01.78058Z,1611818,epl-ful-bur-2026-03-21-exact-score-2-3,Exact Score: Fulham FC 2 - 3 Burnley FC?,0x8f7091ac42065ea114eae9bbf73f4fe1b83070baff39e5cccf14fbbf108a0c87,"[""9503713874129536034777122971149475348338126844909677675245836466860286826155"", ""94269885589483662050093987246118356462730195572072205189949850703371426436795""]",9503713874129536034777122971149475348338126844909677675245836466860286826155|94269885589483662050093987246118356462730195572072205189949850703371426436795,94269885589483662050093987246118356462730195572072205189949850703371426436795,No,True,0.958,31.23,0.988,140.0,0.973,0.030000000000000027,88eca65d09143ee489e1b8b34d754397d6ae1cbf,0.001,5,0.012,914.9209,218.73999999999998
2026-03-20T00:40:01Z,EPL,277514,epl-ful-bur-2026-03-21-exact-score,Fulham FC vs. Burnley FC - Exact Score,2026-03-16T22:48:01.78058Z,1611819,epl-ful-bur-2026-03-21-exact-score-1-3,Exact Score: Fulham FC 1 - 3 Burnley FC?,0xff1e8009e2f980235ec988383a6ecf2f486c2489c8fa4bc77dd0acc2b530bbd1,"[""48401719686726107556553370227223529722013500775241711050388098009655338464781"", ""82920085871660485686976448258847845183853662806990572990821790010950173798244""]",48401719686726107556553370227223529722013500775241711050388098009655338464781|82920085871660485686976448258847845183853662806990572990821790010950173798244,48401719686726107556553370227223529722013500775241711050388098009655338464781,Yes,True,0.011,128.0,0.035,24.98,0.023,0.024000000000000004,32f52426dd22f01734056e61cae9956d1c2ab7fc,0.001,5,0.013,973.80107,291.012759
2026-03-20T00:40:01Z,EPL,277514,epl-ful-bur-2026-03-21-exact-score,Fulham FC vs. Burnley FC - Exact Score,2026-03-16T22:48:01.78058Z,1611819,epl-ful-bur-2026-03-21-exact-score-1-3,Exact Score: Fulham FC 1 - 3 Burnley FC?,0xff1e8009e2f980235ec988383a6ecf2f486c2489c8fa4bc77dd0acc2b530bbd1,"[""48401719686726107556553370227223529722013500775241711050388098009655338464781"", ""82920085871660485686976448258847845183853662806990572990821790010950173798244""]",48401719686726107556553370227223529722013500775241711050388098009655338464781|82920085871660485686976448258847845183853662806990572990821790010950173798244,82920085871660485686976448258847845183853662806990572990821790010950173798244,No,True,0.965,24.98,0.989,128.0,0.977,0.02400000000000002,cb47b9a037a6de2b3ef727b432655bcd5a218583,0.001,5,0.013,973.80107,291.012759
2026-03-20T00:40:01Z,EPL,277514,epl-ful-bur-2026-03-21-exact-score,Fulham FC vs. Burnley FC - Exact Score,2026-03-16T22:48:01.78058Z,1611820,epl-ful-bur-2026-03-21-exact-score-3-3,Exact Score: Fulham FC 3 - 3 Burnley FC?,0xad0285f76b94f8c681e5e850174723966a34f6634005ac7acb8aa8fd0046558c,"[""49158259039724828492223215421041921644978434625583173652088890457890986928231"", ""13293629946202572241817056587767588252775338712655614979222543404129800165790""]",49158259039724828492223215421041921644978434625583173652088890457890986928231|13293629946202572241817056587767588252775338712655614979222543404129800165790,49158259039724828492223215421041921644978434625583173652088890457890986928231,Yes,True,0.009,113.15,0.036,7.41,0.0225,0.026999999999999996,9c0d83c678da3b3aead41fb3f03b2b256a797780,0.001,5,0.964,1343.24359,11212.750120999995
2026-03-20T00:40:01Z,EPL,277514,epl-ful-bur-2026-03-21-exact-score,Fulham FC vs. Burnley FC - Exact Score,2026-03-16T22:48:01.78058Z,1611820,epl-ful-bur-2026-03-21-exact-score-3-3,Exact Score: Fulham FC 3 - 3 Burnley FC?,0xad0285f76b94f8c681e5e850174723966a34f6634005ac7acb8aa8fd0046558c,"[""49158259039724828492223215421041921644978434625583173652088890457890986928231"", ""13293629946202572241817056587767588252775338712655614979222543404129800165790""]",49158259039724828492223215421041921644978434625583173652088890457890986928231|13293629946202572241817056587767588252775338712655614979222543404129800165790,13293629946202572241817056587767588252775338712655614979222543404129800165790,No,True,0.964,7.41,0.991,113.15,0.9775,0.027000000000000024,3d29bb8d31f1d1574a0643e4d5ca2666eea87d38,0.001,5,0.964,1343.24359,11212.750120999995
2026-03-20T00:40:01Z,EPL,277514,epl-ful-bur-2026-03-21-exact-score,Fulham FC vs. Burnley FC - Exact Score,2026-03-16T22:48:01.78058Z,1611821,epl-ful-bur-2026-03-21-exact-score-0-3,Exact Score: Fulham FC 0 - 3 Burnley FC?,0xfceb7ff1fb2e0b3be7792f6fe864740555c467889795cbf23ab9ca8f52da18ce,"[""99693649064180465637624416694489182163948128040133869475469566017088389514977"", ""83744386736824901291642450549623221734478915189684639265756177881432916541035""]",99693649064180465637624416694489182163948128040133869475469566017088389514977|83744386736824901291642450549623221734478915189684639265756177881432916541035,99693649064180465637624416694489182163948128040133869475469566017088389514977,Yes,True,0.007,5.58,0.02,20.0,0.0135,0.013000000000000001,f6ba4d904881ed0b49bd229548ac4351740a38f8,0.001,5,0.006,1694.4964,1861.7859000000008
2026-03-20T00:40:01Z,EPL,277514,epl-ful-bur-2026-03-21-exact-score,Fulham FC vs. Burnley FC - Exact Score,2026-03-16T22:48:01.78058Z,1611821,epl-ful-bur-2026-03-21-exact-score-0-3,Exact Score: Fulham FC 0 - 3 Burnley FC?,0xfceb7ff1fb2e0b3be7792f6fe864740555c467889795cbf23ab9ca8f52da18ce,"[""99693649064180465637624416694489182163948128040133869475469566017088389514977"", ""83744386736824901291642450549623221734478915189684639265756177881432916541035""]",99693649064180465637624416694489182163948128040133869475469566017088389514977|83744386736824901291642450549623221734478915189684639265756177881432916541035,83744386736824901291642450549623221734478915189684639265756177881432916541035,No,True,0.98,20.0,0.993,5.58,0.9864999999999999,0.013000000000000012,f6e73236fd8a49046c55f552bd518095eceb9d8a,0.001,5,0.006,1694.4964,1861.7859000000008
2026-03-20T00:40:01Z,EPL,277514,epl-ful-bur-2026-03-21-exact-score,Fulham FC vs. Burnley FC - Exact Score,2026-03-16T22:48:01.78058Z,1611822,epl-ful-bur-2026-03-21-exact-score-any-other,Exact Score: Any Other Score?,0x66601e3073ed434d2f3e0c6fac0a9db820367e7821a9d302bac2edb95d045e12,"[""83907158799309318262122599264791445048249163445685323031969633568099265007788"", ""13583367447089643481415668327116466459101103680116129607611466431661259732597""]",83907158799309318262122599264791445048249163445685323031969633568099265007788|13583367447089643481415668327116466459101103680116129607611466431661259732597,83907158799309318262122599264791445048249163445685323031969633568099265007788,Yes,True,0.01,150.0,0.17,62.49,0.09000000000000001,0.16,06839527e2418f2e7e1901cfac89c237e877f1c9,0.01,5,,125.4444,
2026-03-20T00:40:01Z,EPL,277514,epl-ful-bur-2026-03-21-exact-score,Fulham FC vs. Burnley FC - Exact Score,2026-03-16T22:48:01.78058Z,1611822,epl-ful-bur-2026-03-21-exact-score-any-other,Exact Score: Any Other Score?,0x66601e3073ed434d2f3e0c6fac0a9db820367e7821a9d302bac2edb95d045e12,"[""83907158799309318262122599264791445048249163445685323031969633568099265007788"", ""13583367447089643481415668327116466459101103680116129607611466431661259732597""]",83907158799309318262122599264791445048249163445685323031969633568099265007788|13583367447089643481415668327116466459101103680116129607611466431661259732597,13583367447089643481415668327116466459101103680116129607611466431661259732597,No,True,0.83,62.49,0.99,150.0,0.9099999999999999,0.16000000000000003,647b0dc052f88cf36045316dcd851c9059aa4ee9,0.01,5,,125.4444,
2026-03-20T00:40:01Z,EPL,277515,epl-bri-liv-2026-03-21-halftime-result,Brighton & Hove Albion FC vs. Liverpool FC - Halftime Result,2026-03-16T22:43:49.406716Z,1611823,epl-bri-liv-2026-03-21-halftime-result-home,Brighton & Hove Albion FC leading at halftime?,0x295c77d787ae43504c3e1c20a86c0db0af9f9ae295844081b904fec84aada071,"[""79850972428871602992900236280684578812291951162515698401588723237071734688720"", ""53515180002304138876807925710227870306904821494625051837142367547534317346531""]",79850972428871602992900236280684578812291951162515698401588723237071734688720|53515180002304138876807925710227870306904821494625051837142367547534317346531,79850972428871602992900236280684578812291951162515698401588723237071734688720,Yes,True,0.23,1500.0,0.27,13.69,0.25,0.04000000000000001,24d74d25e86086ede4391ee422b4e8667b052f21,0.01,5,0.120,2195.8249,18.180908000000002
2026-03-20T00:40:01Z,EPL,277515,epl-bri-liv-2026-03-21-halftime-result,Brighton & Hove Albion FC vs. Liverpool FC - Halftime Result,2026-03-16T22:43:49.406716Z,1611823,epl-bri-liv-2026-03-21-halftime-result-home,Brighton & Hove Albion FC leading at halftime?,0x295c77d787ae43504c3e1c20a86c0db0af9f9ae295844081b904fec84aada071,"[""79850972428871602992900236280684578812291951162515698401588723237071734688720"", ""53515180002304138876807925710227870306904821494625051837142367547534317346531""]",79850972428871602992900236280684578812291951162515698401588723237071734688720|53515180002304138876807925710227870306904821494625051837142367547534317346531,53515180002304138876807925710227870306904821494625051837142367547534317346531,No,True,0.73,13.69,0.77,1500.0,0.75,0.040000000000000036,8d9a5c784d164fb792977103d054152f5700a958,0.01,5,0.120,2195.8249,18.180908000000002
2026-03-20T00:40:01Z,EPL,277515,epl-bri-liv-2026-03-21-halftime-result,Brighton & Hove Albion FC vs. Liverpool FC - Halftime Result,2026-03-16T22:43:49.406716Z,1611824,epl-bri-liv-2026-03-21-halftime-result-draw,Brighton & Hove Albion FC vs. Liverpool FC: Draw at halftime?,0xd162a595d1d2a2b3b4e58effe5da41efb362f7589696a8a83b3544a9f7204991,"[""16878275964088846546971395858887332382009412396621113334456332736189494592020"", ""51036710921739669055008625791831617695404515168543005952454572077955542193862""]",16878275964088846546971395858887332382009412396621113334456332736189494592020|51036710921739669055008625791831617695404515168543005952454572077955542193862,16878275964088846546971395858887332382009412396621113334456332736189494592020,Yes,True,0.37,1500.0,0.41,16.94,0.39,0.03999999999999998,d46b9faae8baa23c69e94ebedb1102ed6d22d58d,0.01,5,,2210.1221,
2026-03-20T00:40:01Z,EPL,277515,epl-bri-liv-2026-03-21-halftime-result,Brighton & Hove Albion FC vs. Liverpool FC - Halftime Result,2026-03-16T22:43:49.406716Z,1611824,epl-bri-liv-2026-03-21-halftime-result-draw,Brighton & Hove Albion FC vs. Liverpool FC: Draw at halftime?,0xd162a595d1d2a2b3b4e58effe5da41efb362f7589696a8a83b3544a9f7204991,"[""16878275964088846546971395858887332382009412396621113334456332736189494592020"", ""51036710921739669055008625791831617695404515168543005952454572077955542193862""]",16878275964088846546971395858887332382009412396621113334456332736189494592020|51036710921739669055008625791831617695404515168543005952454572077955542193862,51036710921739669055008625791831617695404515168543005952454572077955542193862,No,True,0.59,16.94,0.63,1500.0,0.61,0.040000000000000036,4d289e3a6aa70f3a34fc75706c5086024ff9c92b,0.01,5,,2210.1221,
2026-03-20T00:40:01Z,EPL,277515,epl-bri-liv-2026-03-21-halftime-result,Brighton & Hove Albion FC vs. Liverpool FC - Halftime Result,2026-03-16T22:43:49.406716Z,1611825,epl-bri-liv-2026-03-21-halftime-result-away,Liverpool FC leading at halftime?,0xfc1047e0c0abbca418be7d24ffdd4b3288bdc150998e24bc927b10b17d45f0cf,"[""43633915694322738952255690352729661248376957139378148707324505183692593785452"", ""79553984343097570103762111663838138552348307678161609283378122775384825064528""]",43633915694322738952255690352729661248376957139378148707324505183692593785452|79553984343097570103762111663838138552348307678161609283378122775384825064528,43633915694322738952255690352729661248376957139378148707324505183692593785452,Yes,True,0.31,1500.0,0.36,15.62,0.33499999999999996,0.04999999999999999,24c1150106394a411b92bdc6ff2bd5e514943cc8,0.01,5,0.590,2145.8024,
2026-03-20T00:40:01Z,EPL,277515,epl-bri-liv-2026-03-21-halftime-result,Brighton & Hove Albion FC vs. Liverpool FC - Halftime Result,2026-03-16T22:43:49.406716Z,1611825,epl-bri-liv-2026-03-21-halftime-result-away,Liverpool FC leading at halftime?,0xfc1047e0c0abbca418be7d24ffdd4b3288bdc150998e24bc927b10b17d45f0cf,"[""43633915694322738952255690352729661248376957139378148707324505183692593785452"", ""79553984343097570103762111663838138552348307678161609283378122775384825064528""]",43633915694322738952255690352729661248376957139378148707324505183692593785452|79553984343097570103762111663838138552348307678161609283378122775384825064528,79553984343097570103762111663838138552348307678161609283378122775384825064528,No,True,0.64,15.62,0.69,1500.0,0.665,0.04999999999999993,10f78f0a9f063d706af6381abef6e21a732f66b3,0.01,5,0.590,2145.8024,
2026-03-20T00:40:01Z,EPL,277516,epl-bri-liv-2026-03-21-exact-score,Brighton & Hove Albion FC vs. Liverpool FC - Exact Score,2026-03-16T22:54:26.468226Z,1611826,epl-bri-liv-2026-03-21-exact-score-1-1,Exact Score: Brighton & Hove Albion FC 1 - 1 Liverpool FC?,0x34fbffab97a0785d4366d7e4a55278bf1d8eaa2023a3b6b1aeddae5cdf17ce70,"[""8479003603776002087500135298564237822711872946741252374636478703468833595971"", ""92385975890233655333254418582116899925695706216853023025623646809846289892083""]",8479003603776002087500135298564237822711872946741252374636478703468833595971|92385975890233655333254418582116899925695706216853023025623646809846289892083,8479003603776002087500135298564237822711872946741252374636478703468833595971,Yes,True,0.07,1222.0,0.13,11.49,0.1,0.06,9b4d406a1586ff88d06c8dd52e6ec3c171afdce9,0.01,5,,721.1361,
2026-03-20T00:40:01Z,EPL,277516,epl-bri-liv-2026-03-21-exact-score,Brighton & Hove Albion FC vs. Liverpool FC - Exact Score,2026-03-16T22:54:26.468226Z,1611826,epl-bri-liv-2026-03-21-exact-score-1-1,Exact Score: Brighton & Hove Albion FC 1 - 1 Liverpool FC?,0x34fbffab97a0785d4366d7e4a55278bf1d8eaa2023a3b6b1aeddae5cdf17ce70,"[""8479003603776002087500135298564237822711872946741252374636478703468833595971"", ""92385975890233655333254418582116899925695706216853023025623646809846289892083""]",8479003603776002087500135298564237822711872946741252374636478703468833595971|92385975890233655333254418582116899925695706216853023025623646809846289892083,92385975890233655333254418582116899925695706216853023025623646809846289892083,No,True,0.87,11.49,0.93,1222.0,0.9,0.06000000000000005,3ffdd445cc004d56f2e5ae9c692d3c9903053f52,0.01,5,,721.1361,
2026-03-20T00:40:01Z,EPL,277516,epl-bri-liv-2026-03-21-exact-score,Brighton & Hove Albion FC vs. Liverpool FC - Exact Score,2026-03-16T22:54:26.468226Z,1611827,epl-bri-liv-2026-03-21-exact-score-1-2,Exact Score: Brighton & Hove Albion FC 1 - 2 Liverpool FC?,0x391a1cb4661526c1fa62ac80bf130d118d712e671ce52c2d45dd49189a3bbace,"[""49426232037813258866594265342677565314511057680206490139925647664206886843866"", ""10244541900113039116309011897915592796701045686670886267798797389447151650433""]",49426232037813258866594265342677565314511057680206490139925647664206886843866|10244541900113039116309011897915592796701045686670886267798797389447151650433,49426232037813258866594265342677565314511057680206490139925647664206886843866,Yes,True,0.05,540.0,0.12,11.36,0.08499999999999999,0.06999999999999999,651d5be967c3d3ce3320ba0b16d2a2c724a57423,0.01,5,,643.2052,
2026-03-20T00:40:01Z,EPL,277516,epl-bri-liv-2026-03-21-exact-score,Brighton & Hove Albion FC vs. Liverpool FC - Exact Score,2026-03-16T22:54:26.468226Z,1611827,epl-bri-liv-2026-03-21-exact-score-1-2,Exact Score: Brighton & Hove Albion FC 1 - 2 Liverpool FC?,0x391a1cb4661526c1fa62ac80bf130d118d712e671ce52c2d45dd49189a3bbace,"[""49426232037813258866594265342677565314511057680206490139925647664206886843866"", ""10244541900113039116309011897915592796701045686670886267798797389447151650433""]",49426232037813258866594265342677565314511057680206490139925647664206886843866|10244541900113039116309011897915592796701045686670886267798797389447151650433,10244541900113039116309011897915592796701045686670886267798797389447151650433,No,True,0.88,11.36,0.95,540.0,0.915,0.06999999999999995,a884586009017be81f9d2261601ba607a2b30186,0.01,5,,643.2052,
2026-03-20T00:40:01Z,EPL,277516,epl-bri-liv-2026-03-21-exact-score,Brighton & Hove Albion FC vs. Liverpool FC - Exact Score,2026-03-16T22:54:26.468226Z,1611828,epl-bri-liv-2026-03-21-exact-score-0-1,Exact Score: Brighton & Hove Albion FC 0 - 1 Liverpool FC?,0x5aa5f844a3e337f4c766103f4ef452ed2198b8bc1516da7d30d39c3df2697430,"[""92966304208828663461311318317806166335786594028071923864724812403760847511805"", ""102296650052828927721416401681080376979740204366232537231425863854088570200132""]",92966304208828663461311318317806166335786594028071923864724812403760847511805|102296650052828927721416401681080376979740204366232537231425863854088570200132,92966304208828663461311318317806166335786594028071923864724812403760847511805,Yes,True,0.04,540.0,0.1,11.11,0.07,0.060000000000000005,28e2b15e0323ab55d7ca778eb2f936513e902d01,0.01,5,,682.9453,
2026-03-20T00:40:01Z,EPL,277516,epl-bri-liv-2026-03-21-exact-score,Brighton & Hove Albion FC vs. Liverpool FC - Exact Score,2026-03-16T22:54:26.468226Z,1611828,epl-bri-liv-2026-03-21-exact-score-0-1,Exact Score: Brighton & Hove Albion FC 0 - 1 Liverpool FC?,0x5aa5f844a3e337f4c766103f4ef452ed2198b8bc1516da7d30d39c3df2697430,"[""92966304208828663461311318317806166335786594028071923864724812403760847511805"", ""102296650052828927721416401681080376979740204366232537231425863854088570200132""]",92966304208828663461311318317806166335786594028071923864724812403760847511805|102296650052828927721416401681080376979740204366232537231425863854088570200132,102296650052828927721416401681080376979740204366232537231425863854088570200132,No,True,0.9,11.11,0.96,540.0,0.9299999999999999,0.05999999999999994,6c12fef62b8db66bacd84381402c6c9c3a11a5a2,0.01,5,,682.9453,
2026-03-20T00:40:01Z,EPL,277516,epl-bri-liv-2026-03-21-exact-score,Brighton & Hove Albion FC vs. Liverpool FC - Exact Score,2026-03-16T22:54:26.468226Z,1611829,epl-bri-liv-2026-03-21-exact-score-2-1,Exact Score: Brighton & Hove Albion FC 2 - 1 Liverpool FC?,0xac4c5393045b517ada2da696bc404dcf1123be5e44c8c41df0cf9755e8af4d0b,"[""44469779114325762626733859482935604856800682402350983135859458158924727479605"", ""16543353820243953143579533511902855039674720339749032636268054454852207785231""]",44469779114325762626733859482935604856800682402350983135859458158924727479605|16543353820243953143579533511902855039674720339749032636268054454852207785231,44469779114325762626733859482935604856800682402350983135859458158924727479605,Yes,True,0.04,540.0,0.1,11.11,0.07,0.060000000000000005,3c4fb2b433f3ae60f6c14ff5b45c745a18b61ab2,0.01,5,0.920,690.8906,307.33
2026-03-20T00:40:01Z,EPL,277516,epl-bri-liv-2026-03-21-exact-score,Brighton & Hove Albion FC vs. Liverpool FC - Exact Score,2026-03-16T22:54:26.468226Z,1611829,epl-bri-liv-2026-03-21-exact-score-2-1,Exact Score: Brighton & Hove Albion FC 2 - 1 Liverpool FC?,0xac4c5393045b517ada2da696bc404dcf1123be5e44c8c41df0cf9755e8af4d0b,"[""44469779114325762626733859482935604856800682402350983135859458158924727479605"", ""16543353820243953143579533511902855039674720339749032636268054454852207785231""]",44469779114325762626733859482935604856800682402350983135859458158924727479605|16543353820243953143579533511902855039674720339749032636268054454852207785231,16543353820243953143579533511902855039674720339749032636268054454852207785231,No,True,0.9,11.11,0.96,540.0,0.9299999999999999,0.05999999999999994,83302d20d8448fbe678b72db8c9d9a41da4d3eb2,0.01,5,0.920,690.8906,307.33
2026-03-20T00:40:01Z,EPL,277516,epl-bri-liv-2026-03-21-exact-score,Brighton & Hove Albion FC vs. Liverpool FC - Exact Score,2026-03-16T22:54:26.468226Z,1611830,epl-bri-liv-2026-03-21-exact-score-2-2,Exact Score: Brighton & Hove Albion FC 2 - 2 Liverpool FC?,0xc4ed60358fc9347b30f68b50d97a8d5a0b46037a387a73bcf71fd3f2905e03a8,"[""21041184510948379010189285008359737756523569353392348157972243110470881230809"", ""58184050908194594730045661896477364912283681094272049556133064884674813992826""]",21041184510948379010189285008359737756523569353392348157972243110470881230809|58184050908194594730045661896477364912283681094272049556133064884674813992826,21041184510948379010189285008359737756523569353392348157972243110470881230809,Yes,True,0.03,540.0,0.09,10.98,0.06,0.06,5e80bf31ffc130335873cdf10bb2c0b96c85a1e5,0.01,5,,683.3689,
2026-03-20T00:40:01Z,EPL,277516,epl-bri-liv-2026-03-21-exact-score,Brighton & Hove Albion FC vs. Liverpool FC - Exact Score,2026-03-16T22:54:26.468226Z,1611830,epl-bri-liv-2026-03-21-exact-score-2-2,Exact Score: Brighton & Hove Albion FC 2 - 2 Liverpool FC?,0xc4ed60358fc9347b30f68b50d97a8d5a0b46037a387a73bcf71fd3f2905e03a8,"[""21041184510948379010189285008359737756523569353392348157972243110470881230809"", ""58184050908194594730045661896477364912283681094272049556133064884674813992826""]",21041184510948379010189285008359737756523569353392348157972243110470881230809|58184050908194594730045661896477364912283681094272049556133064884674813992826,58184050908194594730045661896477364912283681094272049556133064884674813992826,No,True,0.91,10.98,0.97,540.0,0.94,0.05999999999999994,76b586c775195cc5c1f31f97c59a5338612f7127,0.01,5,,683.3689,
2026-03-20T00:40:01Z,EPL,277516,epl-bri-liv-2026-03-21-exact-score,Brighton & Hove Albion FC vs. Liverpool FC - Exact Score,2026-03-16T22:54:26.468226Z,1611831,epl-bri-liv-2026-03-21-exact-score-1-0,Exact Score: Brighton & Hove Albion FC 1 - 0 Liverpool FC?,0x871b2137337595dbd18b872edd997c095e0dd5ad555d2246b4cd55a063ee3ed8,"[""79652625419351317496469840181734857587486803044137802816853562062213935557445"", ""34451666693015260038985555608199742598743799750111832208726810466427689176414""]",79652625419351317496469840181734857587486803044137802816853562062213935557445|34451666693015260038985555608199742598743799750111832208726810466427689176414,79652625419351317496469840181734857587486803044137802816853562062213935557445,Yes,True,0.03,540.0,0.08,10.86,0.055,0.05,5dfbf5d5e55e3638b5fcdda6a53b0102fadc04aa,0.01,5,,718.8949,
2026-03-20T00:40:01Z,EPL,277516,epl-bri-liv-2026-03-21-exact-score,Brighton & Hove Albion FC vs. Liverpool FC - Exact Score,2026-03-16T22:54:26.468226Z,1611831,epl-bri-liv-2026-03-21-exact-score-1-0,Exact Score: Brighton & Hove Albion FC 1 - 0 Liverpool FC?,0x871b2137337595dbd18b872edd997c095e0dd5ad555d2246b4cd55a063ee3ed8,"[""79652625419351317496469840181734857587486803044137802816853562062213935557445"", ""34451666693015260038985555608199742598743799750111832208726810466427689176414""]",79652625419351317496469840181734857587486803044137802816853562062213935557445|34451666693015260038985555608199742598743799750111832208726810466427689176414,34451666693015260038985555608199742598743799750111832208726810466427689176414,No,True,0.92,10.86,0.97,540.0,0.9450000000000001,0.04999999999999993,980a642de60c8ddb66ee6a837c28923b7d08aa7f,0.01,5,,718.8949,
2026-03-20T00:40:01Z,EPL,277516,epl-bri-liv-2026-03-21-exact-score,Brighton & Hove Albion FC vs. Liverpool FC - Exact Score,2026-03-16T22:54:26.468226Z,1611832,epl-bri-liv-2026-03-21-exact-score-0-2,Exact Score: Brighton & Hove Albion FC 0 - 2 Liverpool FC?,0x1e6fec232db9372b5dc8923b8c09dc1081c4e87eb3caa1840d390c87f29654b0,"[""92018256401084766073206252024069581806053841586512635047076674206402477490291"", ""99912302671782232041254192636615315055312805114883085638751080984134189406372""]",92018256401084766073206252024069581806053841586512635047076674206402477490291|99912302671782232041254192636615315055312805114883085638751080984134189406372,92018256401084766073206252024069581806053841586512635047076674206402477490291,Yes,True,0.03,540.0,0.09,10.98,0.06,0.06,3e27c542cb12780969b1cc0a912e166168190f54,0.01,5,,714.7984,
2026-03-20T00:40:01Z,EPL,277516,epl-bri-liv-2026-03-21-exact-score,Brighton & Hove Albion FC vs. Liverpool FC - Exact Score,2026-03-16T22:54:26.468226Z,1611832,epl-bri-liv-2026-03-21-exact-score-0-2,Exact Score: Brighton & Hove Albion FC 0 - 2 Liverpool FC?,0x1e6fec232db9372b5dc8923b8c09dc1081c4e87eb3caa1840d390c87f29654b0,"[""92018256401084766073206252024069581806053841586512635047076674206402477490291"", ""99912302671782232041254192636615315055312805114883085638751080984134189406372""]",92018256401084766073206252024069581806053841586512635047076674206402477490291|99912302671782232041254192636615315055312805114883085638751080984134189406372,99912302671782232041254192636615315055312805114883085638751080984134189406372,No,True,0.91,10.98,0.97,540.0,0.94,0.05999999999999994,6727190211da6dcc5fd388298fb257667c85a49d,0.01,5,,714.7984,
2026-03-20T00:40:01Z,EPL,277516,epl-bri-liv-2026-03-21-exact-score,Brighton & Hove Albion FC vs. Liverpool FC - Exact Score,2026-03-16T22:54:26.468226Z,1611833,epl-bri-liv-2026-03-21-exact-score-1-3,Exact Score: Brighton & Hove Albion FC 1 - 3 Liverpool FC?,0xddcb899a87f8545c6f3925256a95f3f9ee061996d2d72db81b09f6e6e2661af5,"[""27441992002831998742142394850725401694668251085681627672309251130148389025652"", ""76719080297222022318301811668745950615957185720438690485718902203753056446259""]",27441992002831998742142394850725401694668251085681627672309251130148389025652|76719080297222022318301811668745950615957185720438690485718902203753056446259,27441992002831998742142394850725401694668251085681627672309251130148389025652,Yes,True,0.03,540.0,0.08,10.86,0.055,0.05,4545c026dd345482fa82816561d74548566bb3a8,0.01,5,0.920,834.9273,
2026-03-20T00:40:01Z,EPL,277516,epl-bri-liv-2026-03-21-exact-score,Brighton & Hove Albion FC vs. Liverpool FC - Exact Score,2026-03-16T22:54:26.468226Z,1611833,epl-bri-liv-2026-03-21-exact-score-1-3,Exact Score: Brighton & Hove Albion FC 1 - 3 Liverpool FC?,0xddcb899a87f8545c6f3925256a95f3f9ee061996d2d72db81b09f6e6e2661af5,"[""27441992002831998742142394850725401694668251085681627672309251130148389025652"", ""76719080297222022318301811668745950615957185720438690485718902203753056446259""]",27441992002831998742142394850725401694668251085681627672309251130148389025652|76719080297222022318301811668745950615957185720438690485718902203753056446259,76719080297222022318301811668745950615957185720438690485718902203753056446259,No,True,0.92,10.86,0.97,540.0,0.9450000000000001,0.04999999999999993,f92d7c12c0a442c3486c01c1f5d1480cbdc7d914,0.01,5,0.920,834.9273,
2026-03-20T00:40:01Z,EPL,277516,epl-bri-liv-2026-03-21-exact-score,Brighton & Hove Albion FC vs. Liverpool FC - Exact Score,2026-03-16T22:54:26.468226Z,1611834,epl-bri-liv-2026-03-21-exact-score-0-0,Exact Score: Brighton & Hove Albion FC 0 - 0 Liverpool FC?,0x6ccd329ffa9812dd13c91ea3531695a3ee95781f68c39431ee766b359b1dbed0,"[""42877150419250775058693316406055909291491470411433345665811329534951077819947"", ""49971702136651650507791052173929879045532749507949897386262389607677968373650""]",42877150419250775058693316406055909291491470411433345665811329534951077819947|49971702136651650507791052173929879045532749507949897386262389607677968373650,42877150419250775058693316406055909291491470411433345665811329534951077819947,Yes,True,0.02,1032.8,0.07,10.75,0.045000000000000005,0.05,61d7add1d4ae9e99a8f5f24491c6b30440f6e2d3,0.01,5,0.020,712.6062,17.242800000000003
2026-03-20T00:40:01Z,EPL,277516,epl-bri-liv-2026-03-21-exact-score,Brighton & Hove Albion FC vs. Liverpool FC - Exact Score,2026-03-16T22:54:26.468226Z,1611834,epl-bri-liv-2026-03-21-exact-score-0-0,Exact Score: Brighton & Hove Albion FC 0 - 0 Liverpool FC?,0x6ccd329ffa9812dd13c91ea3531695a3ee95781f68c39431ee766b359b1dbed0,"[""42877150419250775058693316406055909291491470411433345665811329534951077819947"", ""49971702136651650507791052173929879045532749507949897386262389607677968373650""]",42877150419250775058693316406055909291491470411433345665811329534951077819947|49971702136651650507791052173929879045532749507949897386262389607677968373650,49971702136651650507791052173929879045532749507949897386262389607677968373650,No,True,0.93,10.75,0.98,1032.8,0.9550000000000001,0.04999999999999993,97b219645934254d23a14e9281ac46b20e565518,0.01,5,0.020,712.6062,17.242800000000003
2026-03-20T00:40:01Z,EPL,277516,epl-bri-liv-2026-03-21-exact-score,Brighton & Hove Albion FC vs. Liverpool FC - Exact Score,2026-03-16T22:54:26.468226Z,1611835,epl-bri-liv-2026-03-21-exact-score-2-0,Exact Score: Brighton & Hove Albion FC 2 - 0 Liverpool FC?,0x304fe29ef949662d7d386d6c98c783a483669e313f6766b2503db1883a4b7097,"[""99884122796817733127533848024972837571692383622685964731573617098131068303799"", ""27111667995506435648135515303939710055792971167813958057442169413022331290350""]",99884122796817733127533848024972837571692383622685964731573617098131068303799|27111667995506435648135515303939710055792971167813958057442169413022331290350,99884122796817733127533848024972837571692383622685964731573617098131068303799,Yes,True,0.02,795.0,0.07,10.75,0.045000000000000005,0.05,0ce4c908ae7f842c360cd24b5ac68ff8c0b5398b,0.01,5,0.050,723.9792,
2026-03-20T00:40:01Z,EPL,277516,epl-bri-liv-2026-03-21-exact-score,Brighton & Hove Albion FC vs. Liverpool FC - Exact Score,2026-03-16T22:54:26.468226Z,1611835,epl-bri-liv-2026-03-21-exact-score-2-0,Exact Score: Brighton & Hove Albion FC 2 - 0 Liverpool FC?,0x304fe29ef949662d7d386d6c98c783a483669e313f6766b2503db1883a4b7097,"[""99884122796817733127533848024972837571692383622685964731573617098131068303799"", ""27111667995506435648135515303939710055792971167813958057442169413022331290350""]",99884122796817733127533848024972837571692383622685964731573617098131068303799|27111667995506435648135515303939710055792971167813958057442169413022331290350,27111667995506435648135515303939710055792971167813958057442169413022331290350,No,True,0.93,10.75,0.98,795.0,0.9550000000000001,0.04999999999999993,af802170454aaefef0a211a121e1388a209d8c69,0.01,5,0.050,723.9792,
2026-03-20T00:40:01Z,EPL,277516,epl-bri-liv-2026-03-21-exact-score,Brighton & Hove Albion FC vs. Liverpool FC - Exact Score,2026-03-16T22:54:26.468226Z,1611836,epl-bri-liv-2026-03-21-exact-score-2-3,Exact Score: Brighton & Hove Albion FC 2 - 3 Liverpool FC?,0xf93eb738b4104549ec3bb5bf7c74acf22f6fbb53b5081f30cf73720d4f0e3b53,"[""112493427600498403705528044904347595552876035940560113587500581140206389810074"", ""5093405138618584005670377836225201580767599482219760588164793664390493422361""]",112493427600498403705528044904347595552876035940560113587500581140206389810074|5093405138618584005670377836225201580767599482219760588164793664390493422361,112493427600498403705528044904347595552876035940560113587500581140206389810074,Yes,True,0.02,690.0,0.057,10.0,0.0385,0.037000000000000005,87f8e0a158f96c6e34f82e13c0ed8fee668940af,0.001,5,0.040,720.81411,10
2026-03-20T00:40:01Z,EPL,277516,epl-bri-liv-2026-03-21-exact-score,Brighton & Hove Albion FC vs. Liverpool FC - Exact Score,2026-03-16T22:54:26.468226Z,1611836,epl-bri-liv-2026-03-21-exact-score-2-3,Exact Score: Brighton & Hove Albion FC 2 - 3 Liverpool FC?,0xf93eb738b4104549ec3bb5bf7c74acf22f6fbb53b5081f30cf73720d4f0e3b53,"[""112493427600498403705528044904347595552876035940560113587500581140206389810074"", ""5093405138618584005670377836225201580767599482219760588164793664390493422361""]",112493427600498403705528044904347595552876035940560113587500581140206389810074|5093405138618584005670377836225201580767599482219760588164793664390493422361,5093405138618584005670377836225201580767599482219760588164793664390493422361,No,True,0.943,10.0,0.98,690.0,0.9615,0.03700000000000003,815b0f75a7974a1d331f1ac9dee71b01d2b69ba5,0.001,5,0.040,720.81411,10
2026-03-20T00:40:01Z,EPL,277516,epl-bri-liv-2026-03-21-exact-score,Brighton & Hove Albion FC vs. Liverpool FC - Exact Score,2026-03-16T22:54:26.468226Z,1611837,epl-bri-liv-2026-03-21-exact-score-0-3,Exact Score: Brighton & Hove Albion FC 0 - 3 Liverpool FC?,0xbfcf20a925e95908df80866ed3a9f5ff2b444b51593c798bf0080fd2f265564c,"[""35880912403679926644617477785968743853770514973590501583491769430802962849271"", ""46798715392700836845006448791058711415563885631126078737755295999068230565957""]",35880912403679926644617477785968743853770514973590501583491769430802962849271|46798715392700836845006448791058711415563885631126078737755295999068230565957,35880912403679926644617477785968743853770514973590501583491769430802962849271,Yes,True,0.02,795.0,0.06,10.63,0.04,0.039999999999999994,f1a311cb7616747ea267bd9b459cb902ec6ba1f8,0.01,5,,707.3515,
2026-03-20T00:40:01Z,EPL,277516,epl-bri-liv-2026-03-21-exact-score,Brighton & Hove Albion FC vs. Liverpool FC - Exact Score,2026-03-16T22:54:26.468226Z,1611837,epl-bri-liv-2026-03-21-exact-score-0-3,Exact Score: Brighton & Hove Albion FC 0 - 3 Liverpool FC?,0xbfcf20a925e95908df80866ed3a9f5ff2b444b51593c798bf0080fd2f265564c,"[""35880912403679926644617477785968743853770514973590501583491769430802962849271"", ""46798715392700836845006448791058711415563885631126078737755295999068230565957""]",35880912403679926644617477785968743853770514973590501583491769430802962849271|46798715392700836845006448791058711415563885631126078737755295999068230565957,46798715392700836845006448791058711415563885631126078737755295999068230565957,No,True,0.94,10.63,0.98,795.0,0.96,0.040000000000000036,435362eb67d100a73bdac9d739aec00a94ea09b6,0.01,5,,707.3515,
2026-03-20T00:40:01Z,EPL,277516,epl-bri-liv-2026-03-21-exact-score,Brighton & Hove Albion FC vs. Liverpool FC - Exact Score,2026-03-16T22:54:26.468226Z,1611838,epl-bri-liv-2026-03-21-exact-score-3-1,Exact Score: Brighton & Hove Albion FC 3 - 1 Liverpool FC?,0xbf28e889c22df9ca2e0cc895b95697b8d9a0dbf569c4af3b4486cd7e26f3d2ff,"[""76807730361010441110228938690581968185218312422311591930771960485075529568681"", ""34876492028683734034551833121457116212329346790697919407204376463605709948551""]",76807730361010441110228938690581968185218312422311591930771960485075529568681|34876492028683734034551833121457116212329346790697919407204376463605709948551,76807730361010441110228938690581968185218312422311591930771960485075529568681,Yes,True,0.02,795.0,0.56,10.0,0.29000000000000004,0.54,9d6d5a32b229f90f3943b1117c4baba5e3e86d45,0.01,5,0.040,79.4398,10
2026-03-20T00:40:01Z,EPL,277516,epl-bri-liv-2026-03-21-exact-score,Brighton & Hove Albion FC vs. Liverpool FC - Exact Score,2026-03-16T22:54:26.468226Z,1611838,epl-bri-liv-2026-03-21-exact-score-3-1,Exact Score: Brighton & Hove Albion FC 3 - 1 Liverpool FC?,0xbf28e889c22df9ca2e0cc895b95697b8d9a0dbf569c4af3b4486cd7e26f3d2ff,"[""76807730361010441110228938690581968185218312422311591930771960485075529568681"", ""34876492028683734034551833121457116212329346790697919407204376463605709948551""]",76807730361010441110228938690581968185218312422311591930771960485075529568681|34876492028683734034551833121457116212329346790697919407204376463605709948551,34876492028683734034551833121457116212329346790697919407204376463605709948551,No,True,0.44,10.0,0.98,795.0,0.71,0.54,3b844df0019f06968e2490c72a110b46ec3f2df1,0.01,5,0.040,79.4398,10
2026-03-20T00:40:01Z,EPL,277516,epl-bri-liv-2026-03-21-exact-score,Brighton & Hove Albion FC vs. Liverpool FC - Exact Score,2026-03-16T22:54:26.468226Z,1611839,epl-bri-liv-2026-03-21-exact-score-3-2,Exact Score: Brighton & Hove Albion FC 3 - 2 Liverpool FC?,0x044fa9a96bc5db06d2a6d3431907eaeb0ad11b82fb204896262b72ebea1663f0,"[""67308193605730837437095758252672770909057507510591616928468011334576192559994"", ""15475196236393057181100455565758122050202359616121863224808170261244329807057""]",67308193605730837437095758252672770909057507510591616928468011334576192559994|15475196236393057181100455565758122050202359616121863224808170261244329807057,67308193605730837437095758252672770909057507510591616928468011334576192559994,Yes,True,0.02,690.0,0.067,41.0,0.043500000000000004,0.047,523d7afb9b00ce8375cba6bf1d54091902dc90b3,0.001,5,0.040,786.01877,
2026-03-20T00:40:01Z,EPL,277516,epl-bri-liv-2026-03-21-exact-score,Brighton & Hove Albion FC vs. Liverpool FC - Exact Score,2026-03-16T22:54:26.468226Z,1611839,epl-bri-liv-2026-03-21-exact-score-3-2,Exact Score: Brighton & Hove Albion FC 3 - 2 Liverpool FC?,0x044fa9a96bc5db06d2a6d3431907eaeb0ad11b82fb204896262b72ebea1663f0,"[""67308193605730837437095758252672770909057507510591616928468011334576192559994"", ""15475196236393057181100455565758122050202359616121863224808170261244329807057""]",67308193605730837437095758252672770909057507510591616928468011334576192559994|15475196236393057181100455565758122050202359616121863224808170261244329807057,15475196236393057181100455565758122050202359616121863224808170261244329807057,No,True,0.933,41.0,0.98,690.0,0.9565,0.04699999999999993,a6d02f9910fd0c39fe437cbe1178e3054ef02154,0.001,5,0.040,786.01877,
2026-03-20T00:40:01Z,EPL,277516,epl-bri-liv-2026-03-21-exact-score,Brighton & Hove Albion FC vs. Liverpool FC - Exact Score,2026-03-16T22:54:26.468226Z,1611840,epl-bri-liv-2026-03-21-exact-score-3-0,Exact Score: Brighton & Hove Albion FC 3 - 0 Liverpool FC?,0xa8ec2c2842da3583bdfa76f06691310d5f32484ac5b982eb4cb507bc44dc68cc,"[""6792051277355929531256657365542782852225693561784297072551436233229624385358"", ""86566152016528383951586338035580292359422101601306216704263697980067462472280""]",6792051277355929531256657365542782852225693561784297072551436233229624385358|86566152016528383951586338035580292359422101601306216704263697980067462472280,6792051277355929531256657365542782852225693561784297072551436233229624385358,Yes,True,0.013,150.0,0.047,10.49,0.03,0.034,87655bbc964168945c5182db6eeb9f8057af900c,0.001,5,,751.39662,
2026-03-20T00:40:01Z,EPL,277516,epl-bri-liv-2026-03-21-exact-score,Brighton & Hove Albion FC vs. Liverpool FC - Exact Score,2026-03-16T22:54:26.468226Z,1611840,epl-bri-liv-2026-03-21-exact-score-3-0,Exact Score: Brighton & Hove Albion FC 3 - 0 Liverpool FC?,0xa8ec2c2842da3583bdfa76f06691310d5f32484ac5b982eb4cb507bc44dc68cc,"[""6792051277355929531256657365542782852225693561784297072551436233229624385358"", ""86566152016528383951586338035580292359422101601306216704263697980067462472280""]",6792051277355929531256657365542782852225693561784297072551436233229624385358|86566152016528383951586338035580292359422101601306216704263697980067462472280,86566152016528383951586338035580292359422101601306216704263697980067462472280,No,True,0.953,10.49,0.987,150.0,0.97,0.03400000000000003,95ea43cbb005171750e0c558617b5d14f39858ae,0.001,5,,751.39662,
2026-03-20T00:40:01Z,EPL,277516,epl-bri-liv-2026-03-21-exact-score,Brighton & Hove Albion FC vs. Liverpool FC - Exact Score,2026-03-16T22:54:26.468226Z,1611841,epl-bri-liv-2026-03-21-exact-score-3-3,Exact Score: Brighton & Hove Albion FC 3 - 3 Liverpool FC?,0xe7898590c48eb3483c5ab541263cb549cdf60097d3d9bc93e986112bfaa54d13,"[""115771272983474820319836073841283400341006673417570037584084203137003506989906"", ""71448366263458468809137139924937975856839666756283425616371935573706990240572""]",115771272983474820319836073841283400341006673417570037584084203137003506989906|71448366263458468809137139924937975856839666756283425616371935573706990240572,115771272983474820319836073841283400341006673417570037584084203137003506989906,Yes,True,0.012,150.0,0.046,31.23,0.028999999999999998,0.034,91be495a8b998d3bee312170c352f34093c43814,0.001,5,0.020,732.24064,
2026-03-20T00:40:01Z,EPL,277516,epl-bri-liv-2026-03-21-exact-score,Brighton & Hove Albion FC vs. Liverpool FC - Exact Score,2026-03-16T22:54:26.468226Z,1611841,epl-bri-liv-2026-03-21-exact-score-3-3,Exact Score: Brighton & Hove Albion FC 3 - 3 Liverpool FC?,0xe7898590c48eb3483c5ab541263cb549cdf60097d3d9bc93e986112bfaa54d13,"[""115771272983474820319836073841283400341006673417570037584084203137003506989906"", ""71448366263458468809137139924937975856839666756283425616371935573706990240572""]",115771272983474820319836073841283400341006673417570037584084203137003506989906|71448366263458468809137139924937975856839666756283425616371935573706990240572,71448366263458468809137139924937975856839666756283425616371935573706990240572,No,True,0.954,31.23,0.988,150.0,0.971,0.03400000000000003,adc33e00f9441dba48c4c947f789883e54cbd1f3,0.001,5,0.020,732.24064,
2026-03-20T00:40:01Z,EPL,277516,epl-bri-liv-2026-03-21-exact-score,Brighton & Hove Albion FC vs. Liverpool FC - Exact Score,2026-03-16T22:54:26.468226Z,1611842,epl-bri-liv-2026-03-21-exact-score-any-other,Exact Score: Any Other Score?,0xc48ee4976e0e2e75a5dfe9f96db1b51580ba16c6aa7749e090217393b94c08eb,"[""9651236633205332086142443973509684158786250263865179401154625466483296016981"", ""109867790736986015382532513058794404447419162311045169858381331740253853163367""]",9651236633205332086142443973509684158786250263865179401154625466483296016981|109867790736986015382532513058794404447419162311045169858381331740253853163367,9651236633205332086142443973509684158786250263865179401154625466483296016981,Yes,True,0.03,22.25,0.8,88.0,0.41500000000000004,0.77,b3238c3b30bc262a7bd925dcaaf0f9dfc477fc86,0.01,5,,64.5263,
2026-03-20T00:40:01Z,EPL,277516,epl-bri-liv-2026-03-21-exact-score,Brighton & Hove Albion FC vs. Liverpool FC - Exact Score,2026-03-16T22:54:26.468226Z,1611842,epl-bri-liv-2026-03-21-exact-score-any-other,Exact Score: Any Other Score?,0xc48ee4976e0e2e75a5dfe9f96db1b51580ba16c6aa7749e090217393b94c08eb,"[""9651236633205332086142443973509684158786250263865179401154625466483296016981"", ""109867790736986015382532513058794404447419162311045169858381331740253853163367""]",9651236633205332086142443973509684158786250263865179401154625466483296016981|109867790736986015382532513058794404447419162311045169858381331740253853163367,109867790736986015382532513058794404447419162311045169858381331740253853163367,No,True,0.2,88.0,0.97,22.25,0.585,0.77,de32e9568eecf45454e09765983cd155364a4eb5,0.01,5,,64.5263,
2026-03-20T00:40:01Z,EPL,277517,epl-bou-mun-2026-03-20-halftime-result,AFC Bournemouth vs. Manchester United FC - Halftime Result,2026-03-17T01:41:03.463262Z,1611843,epl-bou-mun-2026-03-20-halftime-result-home,AFC Bournemouth leading at halftime?,0x1241d49b244529e3fc30db0e04da05ed1b05df2112dedd1e7787259cc8d5dd8b,"[""27458638817155923281906278423085559790845311670537103835318603667684930722595"", ""14539680415647428846429752846255772599448321332045630009543633338052388449461""]",27458638817155923281906278423085559790845311670537103835318603667684930722595|14539680415647428846429752846255772599448321332045630009543633338052388449461,27458638817155923281906278423085559790845311670537103835318603667684930722595,Yes,True,0.24,1500.0,0.28,13.88,0.26,0.040000000000000036,ae8a97cccd16ed72a7af5a4a89c9f02cbecae6c4,0.01,5,,2218.5602,
2026-03-20T00:40:01Z,EPL,277517,epl-bou-mun-2026-03-20-halftime-result,AFC Bournemouth vs. Manchester United FC - Halftime Result,2026-03-17T01:41:03.463262Z,1611843,epl-bou-mun-2026-03-20-halftime-result-home,AFC Bournemouth leading at halftime?,0x1241d49b244529e3fc30db0e04da05ed1b05df2112dedd1e7787259cc8d5dd8b,"[""27458638817155923281906278423085559790845311670537103835318603667684930722595"", ""14539680415647428846429752846255772599448321332045630009543633338052388449461""]",27458638817155923281906278423085559790845311670537103835318603667684930722595|14539680415647428846429752846255772599448321332045630009543633338052388449461,14539680415647428846429752846255772599448321332045630009543633338052388449461,No,True,0.72,13.88,0.76,1500.0,0.74,0.040000000000000036,1ce56c55010561ba1e960ae2f8fb44b506974566,0.01,5,,2218.5602,
2026-03-20T00:40:01Z,EPL,277517,epl-bou-mun-2026-03-20-halftime-result,AFC Bournemouth vs. Manchester United FC - Halftime Result,2026-03-17T01:41:03.463262Z,1611844,epl-bou-mun-2026-03-20-halftime-result-draw,AFC Bournemouth vs. Manchester United FC: Draw at halftime?,0x643edcbb176aaa6315e28baa97b24b97c6a606712e08fbac9ea0d265e4d9bef6,"[""108193191838576079261998819732951900135519570197860080972809719527409881116019"", ""95276726262309991783927408450835044457877204449609616234779514012144620687400""]",108193191838576079261998819732951900135519570197860080972809719527409881116019|95276726262309991783927408450835044457877204449609616234779514012144620687400,108193191838576079261998819732951900135519570197860080972809719527409881116019,Yes,True,0.36,1000.0,0.39,16.39,0.375,0.030000000000000027,319c6ef9e55678dbaab48d29c979876cd645ed12,0.01,5,,2418.1917,
2026-03-20T00:40:01Z,EPL,277517,epl-bou-mun-2026-03-20-halftime-result,AFC Bournemouth vs. Manchester United FC - Halftime Result,2026-03-17T01:41:03.463262Z,1611844,epl-bou-mun-2026-03-20-halftime-result-draw,AFC Bournemouth vs. Manchester United FC: Draw at halftime?,0x643edcbb176aaa6315e28baa97b24b97c6a606712e08fbac9ea0d265e4d9bef6,"[""108193191838576079261998819732951900135519570197860080972809719527409881116019"", ""95276726262309991783927408450835044457877204449609616234779514012144620687400""]",108193191838576079261998819732951900135519570197860080972809719527409881116019|95276726262309991783927408450835044457877204449609616234779514012144620687400,95276726262309991783927408450835044457877204449609616234779514012144620687400,No,True,0.61,16.39,0.64,1000.0,0.625,0.030000000000000027,055d51dc9fc690bd1f7c41162ceb019ecd51f529,0.01,5,,2418.1917,
2026-03-20T00:40:01Z,EPL,277517,epl-bou-mun-2026-03-20-halftime-result,AFC Bournemouth vs. Manchester United FC - Halftime Result,2026-03-17T01:41:03.463262Z,1611845,epl-bou-mun-2026-03-20-halftime-result-away,Manchester United FC leading at halftime?,0x3454e988dfb8af357886826520fbb2f79777498b04e9b207d95547b523acf60b,"[""47466454662288550489677435110997287871766525177206668976260799217519537852988"", ""54349152734211707582841416282179691120194015997473851743951707969172236409025""]",47466454662288550489677435110997287871766525177206668976260799217519537852988|54349152734211707582841416282179691120194015997473851743951707969172236409025,47466454662288550489677435110997287871766525177206668976260799217519537852988,Yes,True,0.35,16.0,0.38,1000.0,0.365,0.030000000000000027,15cd07461c92c82c4acd0b3a2ef66d3c37999857,0.01,5,0.610,2354.5118,23.490255
2026-03-20T00:40:01Z,EPL,277517,epl-bou-mun-2026-03-20-halftime-result,AFC Bournemouth vs. Manchester United FC - Halftime Result,2026-03-17T01:41:03.463262Z,1611845,epl-bou-mun-2026-03-20-halftime-result-away,Manchester United FC leading at halftime?,0x3454e988dfb8af357886826520fbb2f79777498b04e9b207d95547b523acf60b,"[""47466454662288550489677435110997287871766525177206668976260799217519537852988"", ""54349152734211707582841416282179691120194015997473851743951707969172236409025""]",47466454662288550489677435110997287871766525177206668976260799217519537852988|54349152734211707582841416282179691120194015997473851743951707969172236409025,54349152734211707582841416282179691120194015997473851743951707969172236409025,No,True,0.62,1000.0,0.65,16.0,0.635,0.030000000000000027,1e0bcb8fe436af4f7a4622203db3daf614adffeb,0.01,5,0.610,2354.5118,23.490255
2026-03-20T00:40:01Z,EPL,277518,epl-bou-mun-2026-03-20-exact-score,AFC Bournemouth vs. Manchester United FC - Exact Score,2026-03-16T22:37:36.188753Z,1611846,epl-bou-mun-2026-03-20-exact-score-1-1,Exact Score: AFC Bournemouth 1 - 1 Manchester United FC?,0xdb2896df02cae6483fff49fdd00548a4880444e05d327c7c7c135bf149c15b26,"[""20232265529239381814877703151843404912153944947744707843689573394886306464904"", ""40264120499819631344204576398911060909135517421171540546245277238241425312130""]",20232265529239381814877703151843404912153944947744707843689573394886306464904|40264120499819631344204576398911060909135517421171540546245277238241425312130,20232265529239381814877703151843404912153944947744707843689573394886306464904,Yes,True,0.08,1250.87,0.13,540.0,0.10500000000000001,0.05,6d5a75595f332d68b07fc0d63a29490ceefaf7ae,0.01,5,,734.6923,
2026-03-20T00:40:01Z,EPL,277518,epl-bou-mun-2026-03-20-exact-score,AFC Bournemouth vs. Manchester United FC - Exact Score,2026-03-16T22:37:36.188753Z,1611846,epl-bou-mun-2026-03-20-exact-score-1-1,Exact Score: AFC Bournemouth 1 - 1 Manchester United FC?,0xdb2896df02cae6483fff49fdd00548a4880444e05d327c7c7c135bf149c15b26,"[""20232265529239381814877703151843404912153944947744707843689573394886306464904"", ""40264120499819631344204576398911060909135517421171540546245277238241425312130""]",20232265529239381814877703151843404912153944947744707843689573394886306464904|40264120499819631344204576398911060909135517421171540546245277238241425312130,40264120499819631344204576398911060909135517421171540546245277238241425312130,No,True,0.87,540.0,0.92,1250.87,0.895,0.050000000000000044,47866ff11864e33b904549f81490c61376d66434,0.01,5,,734.6923,
2026-03-20T00:40:01Z,EPL,277518,epl-bou-mun-2026-03-20-exact-score,AFC Bournemouth vs. Manchester United FC - Exact Score,2026-03-16T22:37:36.188753Z,1611847,epl-bou-mun-2026-03-20-exact-score-1-2,Exact Score: AFC Bournemouth 1 - 2 Manchester United FC?,0x9acd16d9325127bfce8cff71ed216d88268f495e1e9303c7b2acdfea7748f6d9,"[""112109222583317729864970834106870031568929693587469040893549177906346237753468"", ""95518198889315970179076605372426745000555946921173131079871768783905284938741""]",112109222583317729864970834106870031568929693587469040893549177906346237753468|95518198889315970179076605372426745000555946921173131079871768783905284938741,112109222583317729864970834106870031568929693587469040893549177906346237753468,Yes,True,0.07,999.0,0.12,11.36,0.095,0.04999999999999999,6b7d966f450b12f9aa1e2db1a999a649f33cf371,0.01,5,,763.4252,
2026-03-20T00:40:01Z,EPL,277518,epl-bou-mun-2026-03-20-exact-score,AFC Bournemouth vs. Manchester United FC - Exact Score,2026-03-16T22:37:36.188753Z,1611847,epl-bou-mun-2026-03-20-exact-score-1-2,Exact Score: AFC Bournemouth 1 - 2 Manchester United FC?,0x9acd16d9325127bfce8cff71ed216d88268f495e1e9303c7b2acdfea7748f6d9,"[""112109222583317729864970834106870031568929693587469040893549177906346237753468"", ""95518198889315970179076605372426745000555946921173131079871768783905284938741""]",112109222583317729864970834106870031568929693587469040893549177906346237753468|95518198889315970179076605372426745000555946921173131079871768783905284938741,95518198889315970179076605372426745000555946921173131079871768783905284938741,No,True,0.88,11.36,0.93,999.0,0.905,0.050000000000000044,7fe24bb4e5fd9dcdf056e05d9c9707b9f6cd11ae,0.01,5,,763.4252,
2026-03-20T00:40:01Z,EPL,277518,epl-bou-mun-2026-03-20-exact-score,AFC Bournemouth vs. Manchester United FC - Exact Score,2026-03-16T22:37:36.188753Z,1611848,epl-bou-mun-2026-03-20-exact-score-2-1,Exact Score: AFC Bournemouth 2 - 1 Manchester United FC?,0xc11719b55016aed7af2d5c780a30489cfe4676768142b565765f7695e25c74eb,"[""50319343845991236502099663545839684225831117790569570741401909473082714200378"", ""75508299223215586576916318154900762574822923581505682296925029343828812292204""]",50319343845991236502099663545839684225831117790569570741401909473082714200378|75508299223215586576916318154900762574822923581505682296925029343828812292204,50319343845991236502099663545839684225831117790569570741401909473082714200378,Yes,True,0.06,10.0,0.11,540.0,0.08499999999999999,0.05,2b622d78b26e029e67bfaeb3dcfe9b46cf260017,0.01,5,0.900,819.4686,
2026-03-20T00:40:01Z,EPL,277518,epl-bou-mun-2026-03-20-exact-score,AFC Bournemouth vs. Manchester United FC - Exact Score,2026-03-16T22:37:36.188753Z,1611848,epl-bou-mun-2026-03-20-exact-score-2-1,Exact Score: AFC Bournemouth 2 - 1 Manchester United FC?,0xc11719b55016aed7af2d5c780a30489cfe4676768142b565765f7695e25c74eb,"[""50319343845991236502099663545839684225831117790569570741401909473082714200378"", ""75508299223215586576916318154900762574822923581505682296925029343828812292204""]",50319343845991236502099663545839684225831117790569570741401909473082714200378|75508299223215586576916318154900762574822923581505682296925029343828812292204,75508299223215586576916318154900762574822923581505682296925029343828812292204,No,True,0.89,540.0,0.94,10.0,0.915,0.04999999999999993,1e30c02c588458e5146640a7cc17e14da2b0c9e7,0.01,5,0.900,819.4686,
2026-03-20T00:40:01Z,EPL,277518,epl-bou-mun-2026-03-20-exact-score,AFC Bournemouth vs. Manchester United FC - Exact Score,2026-03-16T22:37:36.188753Z,1611849,epl-bou-mun-2026-03-20-exact-score-2-2,Exact Score: AFC Bournemouth 2 - 2 Manchester United FC?,0x4dcc659b0971b3778b2a5cd2c8b85d3fbcaa9d1a3d8eda9aa11d2c0e0494df04,"[""101802117711388457318913353245798633145268885125160508786419171167684365843971"", ""76024499703107025175540250008837785902180575758459468657086824128860815495312""]",101802117711388457318913353245798633145268885125160508786419171167684365843971|76024499703107025175540250008837785902180575758459468657086824128860815495312,101802117711388457318913353245798633145268885125160508786419171167684365843971,Yes,True,0.04,279.75,0.1,11.11,0.07,0.060000000000000005,e7151ad9e792f11a444043cadc62c8986b2f472d,0.01,5,,753.7811,
2026-03-20T00:40:01Z,EPL,277518,epl-bou-mun-2026-03-20-exact-score,AFC Bournemouth vs. Manchester United FC - Exact Score,2026-03-16T22:37:36.188753Z,1611849,epl-bou-mun-2026-03-20-exact-score-2-2,Exact Score: AFC Bournemouth 2 - 2 Manchester United FC?,0x4dcc659b0971b3778b2a5cd2c8b85d3fbcaa9d1a3d8eda9aa11d2c0e0494df04,"[""101802117711388457318913353245798633145268885125160508786419171167684365843971"", ""76024499703107025175540250008837785902180575758459468657086824128860815495312""]",101802117711388457318913353245798633145268885125160508786419171167684365843971|76024499703107025175540250008837785902180575758459468657086824128860815495312,76024499703107025175540250008837785902180575758459468657086824128860815495312,No,True,0.9,11.11,0.96,279.75,0.9299999999999999,0.05999999999999994,4cef865daaed4d322758840807e00963da2be194,0.01,5,,753.7811,
2026-03-20T00:40:01Z,EPL,277518,epl-bou-mun-2026-03-20-exact-score,AFC Bournemouth vs. Manchester United FC - Exact Score,2026-03-16T22:37:36.188753Z,1611850,epl-bou-mun-2026-03-20-exact-score-0-1,Exact Score: AFC Bournemouth 0 - 1 Manchester United FC?,0x368a33b89989eb2b36e713018fc82e0664902fd76825f69df0cdebb5a2f91c07,"[""35263948116708908753896054142251577189367183678209364399616664357197434514689"", ""108140364879320858670996686518088884991805779313026576608577112529055060097913""]",35263948116708908753896054142251577189367183678209364399616664357197434514689|108140364879320858670996686518088884991805779313026576608577112529055060097913,35263948116708908753896054142251577189367183678209364399616664357197434514689,Yes,True,0.04,279.75,0.1,551.11,0.07,0.060000000000000005,6a1bc85eb5faa8ad61a3cd76baa52b44371729f3,0.01,5,,757.5571,
2026-03-20T00:40:01Z,EPL,277518,epl-bou-mun-2026-03-20-exact-score,AFC Bournemouth vs. Manchester United FC - Exact Score,2026-03-16T22:37:36.188753Z,1611850,epl-bou-mun-2026-03-20-exact-score-0-1,Exact Score: AFC Bournemouth 0 - 1 Manchester United FC?,0x368a33b89989eb2b36e713018fc82e0664902fd76825f69df0cdebb5a2f91c07,"[""35263948116708908753896054142251577189367183678209364399616664357197434514689"", ""108140364879320858670996686518088884991805779313026576608577112529055060097913""]",35263948116708908753896054142251577189367183678209364399616664357197434514689|108140364879320858670996686518088884991805779313026576608577112529055060097913,108140364879320858670996686518088884991805779313026576608577112529055060097913,No,True,0.9,551.11,0.96,279.75,0.9299999999999999,0.05999999999999994,84fa13290acfafa1f054ff43acf30e22f54140b6,0.01,5,,757.5571,
2026-03-20T00:40:01Z,EPL,277518,epl-bou-mun-2026-03-20-exact-score,AFC Bournemouth vs. Manchester United FC - Exact Score,2026-03-16T22:37:36.188753Z,1611851,epl-bou-mun-2026-03-20-exact-score-0-2,Exact Score: AFC Bournemouth 0 - 2 Manchester United FC?,0x48409a45a851313f04d90dfd16d9c8a4c214f008ca7a3343bddec932b3ea3906,"[""90060021645042268703019798482094836973422658344768251933224591530481946499649"", ""60277821896255901446456449063672516355099754215226127173681312396256547168085""]",90060021645042268703019798482094836973422658344768251933224591530481946499649|60277821896255901446456449063672516355099754215226127173681312396256547168085,90060021645042268703019798482094836973422658344768251933224591530481946499649,Yes,True,0.04,279.75,0.09,10.98,0.065,0.049999999999999996,e1354041578540c3d0c6300c50ff61e98b4be339,0.01,5,,706.1468,
2026-03-20T00:40:01Z,EPL,277518,epl-bou-mun-2026-03-20-exact-score,AFC Bournemouth vs. Manchester United FC - Exact Score,2026-03-16T22:37:36.188753Z,1611851,epl-bou-mun-2026-03-20-exact-score-0-2,Exact Score: AFC Bournemouth 0 - 2 Manchester United FC?,0x48409a45a851313f04d90dfd16d9c8a4c214f008ca7a3343bddec932b3ea3906,"[""90060021645042268703019798482094836973422658344768251933224591530481946499649"", ""60277821896255901446456449063672516355099754215226127173681312396256547168085""]",90060021645042268703019798482094836973422658344768251933224591530481946499649|60277821896255901446456449063672516355099754215226127173681312396256547168085,60277821896255901446456449063672516355099754215226127173681312396256547168085,No,True,0.91,10.98,0.96,279.75,0.935,0.04999999999999993,5b1bb09665517d75700a80dda37d5d0e3441c783,0.01,5,,706.1468,
2026-03-20T00:40:01Z,EPL,277518,epl-bou-mun-2026-03-20-exact-score,AFC Bournemouth vs. Manchester United FC - Exact Score,2026-03-16T22:37:36.188753Z,1611852,epl-bou-mun-2026-03-20-exact-score-1-0,Exact Score: AFC Bournemouth 1 - 0 Manchester United FC?,0x7e25b376918d4b8bb509d02d3887df65cc6302a3509f645fd89a12afaa8dd536,"[""88072259879997450260303511864422352661055597402389041869732506279917321916000"", ""51720645667853905542603137493290662387288674080575534065159829489946265051726""]",88072259879997450260303511864422352661055597402389041869732506279917321916000|51720645667853905542603137493290662387288674080575534065159829489946265051726,88072259879997450260303511864422352661055597402389041869732506279917321916000,Yes,True,0.03,903.0,0.08,10.86,0.055,0.05,b32e559ac4bbb4901835ff315c2cf349e46736f0,0.01,5,0.030,760.5151,23.96951
2026-03-20T00:40:01Z,EPL,277518,epl-bou-mun-2026-03-20-exact-score,AFC Bournemouth vs. Manchester United FC - Exact Score,2026-03-16T22:37:36.188753Z,1611852,epl-bou-mun-2026-03-20-exact-score-1-0,Exact Score: AFC Bournemouth 1 - 0 Manchester United FC?,0x7e25b376918d4b8bb509d02d3887df65cc6302a3509f645fd89a12afaa8dd536,"[""88072259879997450260303511864422352661055597402389041869732506279917321916000"", ""51720645667853905542603137493290662387288674080575534065159829489946265051726""]",88072259879997450260303511864422352661055597402389041869732506279917321916000|51720645667853905542603137493290662387288674080575534065159829489946265051726,51720645667853905542603137493290662387288674080575534065159829489946265051726,No,True,0.92,10.86,0.97,903.0,0.9450000000000001,0.04999999999999993,9c7190a84669eaacb43a9ac5bc61f4834b5c6344,0.01,5,0.030,760.5151,23.96951
2026-03-20T00:40:01Z,EPL,277518,epl-bou-mun-2026-03-20-exact-score,AFC Bournemouth vs. Manchester United FC - Exact Score,2026-03-16T22:37:36.188753Z,1611853,epl-bou-mun-2026-03-20-exact-score-1-3,Exact Score: AFC Bournemouth 1 - 3 Manchester United FC?,0xa87741a709341d679bd61cb98a3f56b43ea09c7335cecf746724a05b00cbb3d5,"[""70362270117323470440419706909915121501892573620680478536299449899211158662165"", ""9520185403169221472145830214406694533417115627752442957347183045530321974999""]",70362270117323470440419706909915121501892573620680478536299449899211158662165|9520185403169221472145830214406694533417115627752442957347183045530321974999,70362270117323470440419706909915121501892573620680478536299449899211158662165,Yes,True,0.03,913.0,0.08,8.84,0.055,0.05,d2d592842ba33fb6984c5912aedb57f08e97a782,0.01,5,0.940,761.0355,
2026-03-20T00:40:01Z,EPL,277518,epl-bou-mun-2026-03-20-exact-score,AFC Bournemouth vs. Manchester United FC - Exact Score,2026-03-16T22:37:36.188753Z,1611853,epl-bou-mun-2026-03-20-exact-score-1-3,Exact Score: AFC Bournemouth 1 - 3 Manchester United FC?,0xa87741a709341d679bd61cb98a3f56b43ea09c7335cecf746724a05b00cbb3d5,"[""70362270117323470440419706909915121501892573620680478536299449899211158662165"", ""9520185403169221472145830214406694533417115627752442957347183045530321974999""]",70362270117323470440419706909915121501892573620680478536299449899211158662165|9520185403169221472145830214406694533417115627752442957347183045530321974999,9520185403169221472145830214406694533417115627752442957347183045530321974999,No,True,0.92,8.84,0.97,913.0,0.9450000000000001,0.04999999999999993,84cd10885c690451261eb508ab5277800fd03b16,0.01,5,0.940,761.0355,
2026-03-20T00:40:01Z,EPL,277518,epl-bou-mun-2026-03-20-exact-score,AFC Bournemouth vs. Manchester United FC - Exact Score,2026-03-16T22:37:36.188753Z,1611854,epl-bou-mun-2026-03-20-exact-score-0-0,Exact Score: AFC Bournemouth 0 - 0 Manchester United FC?,0xfd1597954384d73031a26ee9f7c485a234c4b96d1bd5b83a4ecb3965065c401f,"[""91786480876248483137623223100474222810575651390931261264506022176841822847704"", ""50804936892841991735746155426270408259069499933109419881071051783046973896761""]",91786480876248483137623223100474222810575651390931261264506022176841822847704|50804936892841991735746155426270408259069499933109419881071051783046973896761,91786480876248483137623223100474222810575651390931261264506022176841822847704,Yes,True,0.021,5.58,0.07,540.0,0.045500000000000006,0.049,294f3f82d9bd0fd0e38c7ca9ad36f045d3bddf08,0.001,5,0.020,898.65518,92.94080000000001
2026-03-20T00:40:01Z,EPL,277518,epl-bou-mun-2026-03-20-exact-score,AFC Bournemouth vs. Manchester United FC - Exact Score,2026-03-16T22:37:36.188753Z,1611854,epl-bou-mun-2026-03-20-exact-score-0-0,Exact Score: AFC Bournemouth 0 - 0 Manchester United FC?,0xfd1597954384d73031a26ee9f7c485a234c4b96d1bd5b83a4ecb3965065c401f,"[""91786480876248483137623223100474222810575651390931261264506022176841822847704"", ""50804936892841991735746155426270408259069499933109419881071051783046973896761""]",91786480876248483137623223100474222810575651390931261264506022176841822847704|50804936892841991735746155426270408259069499933109419881071051783046973896761,50804936892841991735746155426270408259069499933109419881071051783046973896761,No,True,0.93,540.0,0.979,5.58,0.9545,0.04899999999999993,cbd6b3ced1dc07de95951c28f495891f13bb59e9,0.001,5,0.020,898.65518,92.94080000000001
2026-03-20T00:40:01Z,EPL,277518,epl-bou-mun-2026-03-20-exact-score,AFC Bournemouth vs. Manchester United FC - Exact Score,2026-03-16T22:37:36.188753Z,1611855,epl-bou-mun-2026-03-20-exact-score-2-0,Exact Score: AFC Bournemouth 2 - 0 Manchester United FC?,0xbd758810ad3fa0380bbaedaa4e1819a50d053e05089d114715ba34e030afd108,"[""50604712851965765349351523824572173197028463238752705598880624991959396595411"", ""104083547466800805368596895955539955855176896823690066576311431373796335188516""]",50604712851965765349351523824572173197028463238752705598880624991959396595411|104083547466800805368596895955539955855176896823690066576311431373796335188516,50604712851965765349351523824572173197028463238752705598880624991959396595411,Yes,True,0.021,5.58,0.06,10.63,0.0405,0.03899999999999999,9c3ac882d21e270bd0ee79fde2f94e188ffa8958,0.001,5,,723.36004,
2026-03-20T00:40:01Z,EPL,277518,epl-bou-mun-2026-03-20-exact-score,AFC Bournemouth vs. Manchester United FC - Exact Score,2026-03-16T22:37:36.188753Z,1611855,epl-bou-mun-2026-03-20-exact-score-2-0,Exact Score: AFC Bournemouth 2 - 0 Manchester United FC?,0xbd758810ad3fa0380bbaedaa4e1819a50d053e05089d114715ba34e030afd108,"[""50604712851965765349351523824572173197028463238752705598880624991959396595411"", ""104083547466800805368596895955539955855176896823690066576311431373796335188516""]",50604712851965765349351523824572173197028463238752705598880624991959396595411|104083547466800805368596895955539955855176896823690066576311431373796335188516,104083547466800805368596895955539955855176896823690066576311431373796335188516,No,True,0.94,10.63,0.979,5.58,0.9595,0.039000000000000035,3c95d063933cc5f7185f3b9c2822d723a5e68539,0.001,5,,723.36004,
2026-03-20T00:40:01Z,EPL,277518,epl-bou-mun-2026-03-20-exact-score,AFC Bournemouth vs. Manchester United FC - Exact Score,2026-03-16T22:37:36.188753Z,1611856,epl-bou-mun-2026-03-20-exact-score-2-3,Exact Score: AFC Bournemouth 2 - 3 Manchester United FC?,0x9311d6db994110df37b1bf3a8234756e6ddbc18dd40bdf71bcfad66c3f101641,"[""1977790564106656607451677333524182327918044581571397512981098734185459313504"", ""115788349670463883626815782934450367185430250118035311125003027593814123699441""]",1977790564106656607451677333524182327918044581571397512981098734185459313504|115788349670463883626815782934450367185430250118035311125003027593814123699441,1977790564106656607451677333524182327918044581571397512981098734185459313504,Yes,True,0.022,5.58,0.07,10.75,0.046,0.04800000000000001,1ea5f0fc128486866ac55dd1b9c86226197c448b,0.001,5,,732.29344,
2026-03-20T00:40:01Z,EPL,277518,epl-bou-mun-2026-03-20-exact-score,AFC Bournemouth vs. Manchester United FC - Exact Score,2026-03-16T22:37:36.188753Z,1611856,epl-bou-mun-2026-03-20-exact-score-2-3,Exact Score: AFC Bournemouth 2 - 3 Manchester United FC?,0x9311d6db994110df37b1bf3a8234756e6ddbc18dd40bdf71bcfad66c3f101641,"[""1977790564106656607451677333524182327918044581571397512981098734185459313504"", ""115788349670463883626815782934450367185430250118035311125003027593814123699441""]",1977790564106656607451677333524182327918044581571397512981098734185459313504|115788349670463883626815782934450367185430250118035311125003027593814123699441,115788349670463883626815782934450367185430250118035311125003027593814123699441,No,True,0.93,10.75,0.978,5.58,0.954,0.04799999999999993,f35a919d7ac917420df2a7d0076c8d960b38ca89,0.001,5,,732.29344,
2026-03-20T00:40:01Z,EPL,277518,epl-bou-mun-2026-03-20-exact-score,AFC Bournemouth vs. Manchester United FC - Exact Score,2026-03-16T22:37:36.188753Z,1611857,epl-bou-mun-2026-03-20-exact-score-0-3,Exact Score: AFC Bournemouth 0 - 3 Manchester United FC?,0x85f3c88bde95766315deafe62d5c26b9c58bed7773e4ab2381d433f1483efb30,"[""99185700736606666579218503867596580488530092763867928073451716143973415776244"", ""76743247028457901501367410340652364832823821392208369544981919115729777605209""]",99185700736606666579218503867596580488530092763867928073451716143973415776244|76743247028457901501367410340652364832823821392208369544981919115729777605209,99185700736606666579218503867596580488530092763867928073451716143973415776244,Yes,True,0.021,5.58,0.06,10.63,0.0405,0.03899999999999999,4125aa49cc27ca4c9dba703ac35477099938fcd7,0.001,5,,709.97464,
2026-03-20T00:40:01Z,EPL,277518,epl-bou-mun-2026-03-20-exact-score,AFC Bournemouth vs. Manchester United FC - Exact Score,2026-03-16T22:37:36.188753Z,1611857,epl-bou-mun-2026-03-20-exact-score-0-3,Exact Score: AFC Bournemouth 0 - 3 Manchester United FC?,0x85f3c88bde95766315deafe62d5c26b9c58bed7773e4ab2381d433f1483efb30,"[""99185700736606666579218503867596580488530092763867928073451716143973415776244"", ""76743247028457901501367410340652364832823821392208369544981919115729777605209""]",99185700736606666579218503867596580488530092763867928073451716143973415776244|76743247028457901501367410340652364832823821392208369544981919115729777605209,76743247028457901501367410340652364832823821392208369544981919115729777605209,No,True,0.94,10.63,0.979,5.58,0.9595,0.039000000000000035,933e4c7d57e15426a18bb3d9746b72b84c0ed88c,0.001,5,,709.97464,
2026-03-20T00:40:01Z,EPL,277518,epl-bou-mun-2026-03-20-exact-score,AFC Bournemouth vs. Manchester United FC - Exact Score,2026-03-16T22:37:36.188753Z,1611858,epl-bou-mun-2026-03-20-exact-score-3-1,Exact Score: AFC Bournemouth 3 - 1 Manchester United FC?,0x123ac879a4b9c43956dfb4a7a68ba064e87ef3563a8e570859fef9854395e810,"[""5740778041352419534920693841136735387154757224418075156719363878227651863398"", ""45960764855487992368331970978055394507670838638545923482039196727072195818633""]",5740778041352419534920693841136735387154757224418075156719363878227651863398|45960764855487992368331970978055394507670838638545923482039196727072195818633,5740778041352419534920693841136735387154757224418075156719363878227651863398,Yes,True,0.021,5.58,0.06,10.63,0.0405,0.03899999999999999,bdf5f07be88c3b1f04078c3293c96e595f24c158,0.001,5,,852.52754,
2026-03-20T00:40:01Z,EPL,277518,epl-bou-mun-2026-03-20-exact-score,AFC Bournemouth vs. Manchester United FC - Exact Score,2026-03-16T22:37:36.188753Z,1611858,epl-bou-mun-2026-03-20-exact-score-3-1,Exact Score: AFC Bournemouth 3 - 1 Manchester United FC?,0x123ac879a4b9c43956dfb4a7a68ba064e87ef3563a8e570859fef9854395e810,"[""5740778041352419534920693841136735387154757224418075156719363878227651863398"", ""45960764855487992368331970978055394507670838638545923482039196727072195818633""]",5740778041352419534920693841136735387154757224418075156719363878227651863398|45960764855487992368331970978055394507670838638545923482039196727072195818633,45960764855487992368331970978055394507670838638545923482039196727072195818633,No,True,0.94,10.63,0.979,5.58,0.9595,0.039000000000000035,06b51b53e2e96a52a77d66bbd65cca229a261088,0.001,5,,852.52754,
2026-03-20T00:40:01Z,EPL,277518,epl-bou-mun-2026-03-20-exact-score,AFC Bournemouth vs. Manchester United FC - Exact Score,2026-03-16T22:37:36.188753Z,1611859,epl-bou-mun-2026-03-20-exact-score-3-2,Exact Score: AFC Bournemouth 3 - 2 Manchester United FC?,0x5c8d252f19117afdcc7c5f362ea99a59f6738c3f1ecbd0303632f202230b67b5,"[""42205378325606474945563147377198099813376492371749862460483306993710489560430"", ""57838205605547292593710150169800867333054027020070237364313381447040692664040""]",42205378325606474945563147377198099813376492371749862460483306993710489560430|57838205605547292593710150169800867333054027020070237364313381447040692664040,42205378325606474945563147377198099813376492371749862460483306993710489560430,Yes,True,0.02,540.0,0.06,10.63,0.04,0.039999999999999994,07d4f8f5caf23b6307921299792ca291bb950eef,0.001,5,,748.60257,
2026-03-20T00:40:01Z,EPL,277518,epl-bou-mun-2026-03-20-exact-score,AFC Bournemouth vs. Manchester United FC - Exact Score,2026-03-16T22:37:36.188753Z,1611859,epl-bou-mun-2026-03-20-exact-score-3-2,Exact Score: AFC Bournemouth 3 - 2 Manchester United FC?,0x5c8d252f19117afdcc7c5f362ea99a59f6738c3f1ecbd0303632f202230b67b5,"[""42205378325606474945563147377198099813376492371749862460483306993710489560430"", ""57838205605547292593710150169800867333054027020070237364313381447040692664040""]",42205378325606474945563147377198099813376492371749862460483306993710489560430|57838205605547292593710150169800867333054027020070237364313381447040692664040,57838205605547292593710150169800867333054027020070237364313381447040692664040,No,True,0.94,10.63,0.98,540.0,0.96,0.040000000000000036,34409801880645d6e72d84f2aa122bc93e5cea29,0.001,5,,748.60257,
2026-03-20T00:40:01Z,EPL,277518,epl-bou-mun-2026-03-20-exact-score,AFC Bournemouth vs. Manchester United FC - Exact Score,2026-03-16T22:37:36.188753Z,1611860,epl-bou-mun-2026-03-20-exact-score-3-3,Exact Score: AFC Bournemouth 3 - 3 Manchester United FC?,0xe65f22ccb73dc8455e98272ae5b31aa2f8593269dc4a874e65316f4f87c5af26,"[""79046256789421335865090599490125440469276386065051467594801474067900537443679"", ""61332218894488648275135306944845022959131486999525086563685507621603400005469""]",79046256789421335865090599490125440469276386065051467594801474067900537443679|61332218894488648275135306944845022959131486999525086563685507621603400005469,79046256789421335865090599490125440469276386065051467594801474067900537443679,Yes,True,0.02,73.16,0.048,41.65,0.034,0.028,b513d387b7dabcebba8ecc7d2a56fa5cdf5fd6fb,0.001,5,0.020,795.77831,
2026-03-20T00:40:01Z,EPL,277518,epl-bou-mun-2026-03-20-exact-score,AFC Bournemouth vs. Manchester United FC - Exact Score,2026-03-16T22:37:36.188753Z,1611860,epl-bou-mun-2026-03-20-exact-score-3-3,Exact Score: AFC Bournemouth 3 - 3 Manchester United FC?,0xe65f22ccb73dc8455e98272ae5b31aa2f8593269dc4a874e65316f4f87c5af26,"[""79046256789421335865090599490125440469276386065051467594801474067900537443679"", ""61332218894488648275135306944845022959131486999525086563685507621603400005469""]",79046256789421335865090599490125440469276386065051467594801474067900537443679|61332218894488648275135306944845022959131486999525086563685507621603400005469,61332218894488648275135306944845022959131486999525086563685507621603400005469,No,True,0.952,41.65,0.98,73.16,0.966,0.028000000000000025,c98a55cdb66b710aa59bbdd27a5efba2ab5521f9,0.001,5,0.020,795.77831,
2026-03-20T00:40:01Z,EPL,277518,epl-bou-mun-2026-03-20-exact-score,AFC Bournemouth vs. Manchester United FC - Exact Score,2026-03-16T22:37:36.188753Z,1611861,epl-bou-mun-2026-03-20-exact-score-3-0,Exact Score: AFC Bournemouth 3 - 0 Manchester United FC?,0x12520861c7a14904dbaea9ee9eace666b04936c04566fd94ccb18839e7bf73eb,"[""110419181826075889931432977061470662027452169680254985852825414538680692358689"", ""31207151498835051004340415650193739001283387704791223678437903665125864456161""]",110419181826075889931432977061470662027452169680254985852825414538680692358689|31207151498835051004340415650193739001283387704791223678437903665125864456161,110419181826075889931432977061470662027452169680254985852825414538680692358689,Yes,True,0.013,58.48,0.031,14.6,0.022,0.018000000000000002,00c9b18973f3fa4d50c915ddc1cf0320135a659e,0.001,5,0.013,822.90098,277.30152599999997
2026-03-20T00:40:01Z,EPL,277518,epl-bou-mun-2026-03-20-exact-score,AFC Bournemouth vs. Manchester United FC - Exact Score,2026-03-16T22:37:36.188753Z,1611861,epl-bou-mun-2026-03-20-exact-score-3-0,Exact Score: AFC Bournemouth 3 - 0 Manchester United FC?,0x12520861c7a14904dbaea9ee9eace666b04936c04566fd94ccb18839e7bf73eb,"[""110419181826075889931432977061470662027452169680254985852825414538680692358689"", ""31207151498835051004340415650193739001283387704791223678437903665125864456161""]",110419181826075889931432977061470662027452169680254985852825414538680692358689|31207151498835051004340415650193739001283387704791223678437903665125864456161,31207151498835051004340415650193739001283387704791223678437903665125864456161,No,True,0.969,14.6,0.987,58.48,0.978,0.018000000000000016,39771f100c2318bd35d0e9932bfc454473c078ca,0.001,5,0.013,822.90098,277.30152599999997
2026-03-20T00:40:01Z,EPL,277518,epl-bou-mun-2026-03-20-exact-score,AFC Bournemouth vs. Manchester United FC - Exact Score,2026-03-16T22:37:36.188753Z,1611862,epl-bou-mun-2026-03-20-exact-score-any-other,Exact Score: Any Other Score?,0x1357c9ded4144f6ae66cc5629a6a1efded60028fda52a1dec186a25035c8bc39,"[""99581734848205570126004525138873077102503807992864910165872046292248581161441"", ""78253058431440125758435509719883101092269748239386256528084525189233578875055""]",99581734848205570126004525138873077102503807992864910165872046292248581161441|78253058431440125758435509719883101092269748239386256528084525189233578875055,99581734848205570126004525138873077102503807992864910165872046292248581161441,Yes,True,0.08,139.87,0.21,6.7,0.145,0.13,8e87dab23af01aa93acb4a7a2f32ce91e75232d9,0.01,5,,328.6599,
2026-03-20T00:40:01Z,EPL,277518,epl-bou-mun-2026-03-20-exact-score,AFC Bournemouth vs. Manchester United FC - Exact Score,2026-03-16T22:37:36.188753Z,1611862,epl-bou-mun-2026-03-20-exact-score-any-other,Exact Score: Any Other Score?,0x1357c9ded4144f6ae66cc5629a6a1efded60028fda52a1dec186a25035c8bc39,"[""99581734848205570126004525138873077102503807992864910165872046292248581161441"", ""78253058431440125758435509719883101092269748239386256528084525189233578875055""]",99581734848205570126004525138873077102503807992864910165872046292248581161441|78253058431440125758435509719883101092269748239386256528084525189233578875055,78253058431440125758435509719883101092269748239386256528084525189233578875055,No,True,0.79,6.7,0.92,139.87,0.855,0.13,61a3678f4d9e47984f81bd0754435cd963f89585,0.01,5,,328.6599,
2026-03-20T00:40:01Z,EPL,278183,epl-new-sun-2026-03-22-player-props,Newcastle United FC vs. Sunderland AFC - Player Props,2026-03-17T02:34:35.27886Z,1622598,epl-new-sun-2026-03-22-ags-anthony-gordon,Anthony Gordon: Anytime Goalscorer,0x518d610518c58ed10aaa43d8aae30684420740f07949411462c09d0913e22355,"[""70230135400856205198041905602425801125049948318182681890638643366830279321398"", ""27158897583525795445044173180899628956983243534512207330393395550067745262944""]",70230135400856205198041905602425801125049948318182681890638643366830279321398|27158897583525795445044173180899628956983243534512207330393395550067745262944,70230135400856205198041905602425801125049948318182681890638643366830279321398,Yes,True,0.07,11.16,0.44,11.6,0.255,0.37,2d32904c2e44a4ffce46e41ef0ff3428a2e7a85b,0.01,5,,484.3138,
2026-03-20T00:40:01Z,EPL,278183,epl-new-sun-2026-03-22-player-props,Newcastle United FC vs. Sunderland AFC - Player Props,2026-03-17T02:34:35.27886Z,1622598,epl-new-sun-2026-03-22-ags-anthony-gordon,Anthony Gordon: Anytime Goalscorer,0x518d610518c58ed10aaa43d8aae30684420740f07949411462c09d0913e22355,"[""70230135400856205198041905602425801125049948318182681890638643366830279321398"", ""27158897583525795445044173180899628956983243534512207330393395550067745262944""]",70230135400856205198041905602425801125049948318182681890638643366830279321398|27158897583525795445044173180899628956983243534512207330393395550067745262944,27158897583525795445044173180899628956983243534512207330393395550067745262944,No,True,0.56,11.6,0.93,11.16,0.7450000000000001,0.37,ccb6b4c65d8811f85e9345f6f3312f6aa90c1a5a,0.01,5,,484.3138,
2026-03-20T00:40:01Z,EPL,278183,epl-new-sun-2026-03-22-player-props,Newcastle United FC vs. Sunderland AFC - Player Props,2026-03-17T02:34:35.27886Z,1622599,epl-new-sun-2026-03-22-ags-william-osula,William Osula: Anytime Goalscorer,0x4fd6ebe146c95ae638a2e7ca32e3ef2dd2d002a9e57765a035e4ad7c82678e94,"[""41008564022386006905630275484840920464248352928602509828797324624168667675200"", ""61556002140920101413939457663619031242302980680306587233228565179729715757323""]",41008564022386006905630275484840920464248352928602509828797324624168667675200|61556002140920101413939457663619031242302980680306587233228565179729715757323,41008564022386006905630275484840920464248352928602509828797324624168667675200,Yes,True,0.07,11.16,0.42,110.0,0.245,0.35,07a9c6af33c5085278486bfc4e9e23e77c52c89b,0.01,5,,744.2961,
2026-03-20T00:40:01Z,EPL,278183,epl-new-sun-2026-03-22-player-props,Newcastle United FC vs. Sunderland AFC - Player Props,2026-03-17T02:34:35.27886Z,1622599,epl-new-sun-2026-03-22-ags-william-osula,William Osula: Anytime Goalscorer,0x4fd6ebe146c95ae638a2e7ca32e3ef2dd2d002a9e57765a035e4ad7c82678e94,"[""41008564022386006905630275484840920464248352928602509828797324624168667675200"", ""61556002140920101413939457663619031242302980680306587233228565179729715757323""]",41008564022386006905630275484840920464248352928602509828797324624168667675200|61556002140920101413939457663619031242302980680306587233228565179729715757323,61556002140920101413939457663619031242302980680306587233228565179729715757323,No,True,0.58,110.0,0.93,11.16,0.755,0.3500000000000001,25dcfcede2b332ce5b1b199e0d5904b30d7f4d66,0.01,5,,744.2961,
2026-03-20T00:40:01Z,EPL,278183,epl-new-sun-2026-03-22-player-props,Newcastle United FC vs. Sunderland AFC - Player Props,2026-03-17T02:34:35.27886Z,1622600,epl-new-sun-2026-03-22-ags-yoane-wissa,Yoane Wissa: Anytime Goalscorer,0x42deca7ba8d768b9d85c34e5b4498f322cc0bba8acc272a62a9a6c3d66d78e94,"[""32569589160082566662442761003202737696546760705572667767236029106808953033581"", ""115524406502535156102879127274598302231726051774585978166602628525249723519935""]",32569589160082566662442761003202737696546760705572667767236029106808953033581|115524406502535156102879127274598302231726051774585978166602628525249723519935,32569589160082566662442761003202737696546760705572667767236029106808953033581,Yes,True,0.07,5.58,0.43,11.4,0.25,0.36,f75352259671adcf8ef8d777296a5d7c11037a06,0.01,5,,497.7852,
2026-03-20T00:40:01Z,EPL,278183,epl-new-sun-2026-03-22-player-props,Newcastle United FC vs. Sunderland AFC - Player Props,2026-03-17T02:34:35.27886Z,1622600,epl-new-sun-2026-03-22-ags-yoane-wissa,Yoane Wissa: Anytime Goalscorer,0x42deca7ba8d768b9d85c34e5b4498f322cc0bba8acc272a62a9a6c3d66d78e94,"[""32569589160082566662442761003202737696546760705572667767236029106808953033581"", ""115524406502535156102879127274598302231726051774585978166602628525249723519935""]",32569589160082566662442761003202737696546760705572667767236029106808953033581|115524406502535156102879127274598302231726051774585978166602628525249723519935,115524406502535156102879127274598302231726051774585978166602628525249723519935,No,True,0.57,11.4,0.93,5.58,0.75,0.3600000000000001,15b13a5086683403ed3c17b59e2a59ae5604206b,0.01,5,,497.7852,
2026-03-20T00:40:01Z,EPL,278183,epl-new-sun-2026-03-22-player-props,Newcastle United FC vs. Sunderland AFC - Player Props,2026-03-17T02:34:35.27886Z,1622601,epl-new-sun-2026-03-22-ags-harvey-barnes,Harvey Barnes: Anytime Goalscorer,0xf97c00e9ea4c8cc38b52001d48bc30eb3fec4d9b920e35a85e081f883de92eb9,"[""42164101752831212428998439365137848902106671422198314802822416154188278383544"", ""78892812643701266431443709689288567661479281475120413223784554090293573237456""]",42164101752831212428998439365137848902106671422198314802822416154188278383544|78892812643701266431443709689288567661479281475120413223784554090293573237456,42164101752831212428998439365137848902106671422198314802822416154188278383544,Yes,True,0.05,5.58,0.41,11.01,0.22999999999999998,0.36,ed23bb36f801845430870993dd781ee1fc78aa1e,0.01,5,,508.8999,
2026-03-20T00:40:01Z,EPL,278183,epl-new-sun-2026-03-22-player-props,Newcastle United FC vs. Sunderland AFC - Player Props,2026-03-17T02:34:35.27886Z,1622601,epl-new-sun-2026-03-22-ags-harvey-barnes,Harvey Barnes: Anytime Goalscorer,0xf97c00e9ea4c8cc38b52001d48bc30eb3fec4d9b920e35a85e081f883de92eb9,"[""42164101752831212428998439365137848902106671422198314802822416154188278383544"", ""78892812643701266431443709689288567661479281475120413223784554090293573237456""]",42164101752831212428998439365137848902106671422198314802822416154188278383544|78892812643701266431443709689288567661479281475120413223784554090293573237456,78892812643701266431443709689288567661479281475120413223784554090293573237456,No,True,0.59,11.01,0.95,5.58,0.77,0.36,cfdaf070efe851aa805bee929076931c4a5867e0,0.01,5,,508.8999,
2026-03-20T00:40:01Z,EPL,278183,epl-new-sun-2026-03-22-player-props,Newcastle United FC vs. Sunderland AFC - Player Props,2026-03-17T02:34:35.27886Z,1622602,epl-new-sun-2026-03-22-ags-sean-neave,Sean Neave: Anytime Goalscorer,0xc8b9fa287189f674a73353a52016bfbdf6b79f927cda55648e2b4c746f404aa0,"[""83411712984883088066884071264484673317869600261913466395413709559458969907894"", ""23886746839326580958714754746872979987718870190238998226008944666398007022922""]",83411712984883088066884071264484673317869600261913466395413709559458969907894|23886746839326580958714754746872979987718870190238998226008944666398007022922,83411712984883088066884071264484673317869600261913466395413709559458969907894,Yes,True,0.05,5.58,0.49,12.74,0.27,0.44,57681080772d23299831ae5eace77939c6a9c307,0.01,5,,89.5014,
2026-03-20T00:40:01Z,EPL,278183,epl-new-sun-2026-03-22-player-props,Newcastle United FC vs. Sunderland AFC - Player Props,2026-03-17T02:34:35.27886Z,1622602,epl-new-sun-2026-03-22-ags-sean-neave,Sean Neave: Anytime Goalscorer,0xc8b9fa287189f674a73353a52016bfbdf6b79f927cda55648e2b4c746f404aa0,"[""83411712984883088066884071264484673317869600261913466395413709559458969907894"", ""23886746839326580958714754746872979987718870190238998226008944666398007022922""]",83411712984883088066884071264484673317869600261913466395413709559458969907894|23886746839326580958714754746872979987718870190238998226008944666398007022922,23886746839326580958714754746872979987718870190238998226008944666398007022922,No,True,0.51,12.74,0.95,5.58,0.73,0.43999999999999995,387f33ef0b23fb4a5b8b6270449f15d05cee60b3,0.01,5,,89.5014,
2026-03-20T00:40:01Z,EPL,278183,epl-new-sun-2026-03-22-player-props,Newcastle United FC vs. Sunderland AFC - Player Props,2026-03-17T02:34:35.27886Z,1622603,epl-new-sun-2026-03-22-ags-wilson-isidor,Wilson Isidor: Anytime Goalscorer,0x3ef62ae8a7a91910c3b698315db7733fa5485ba089ff3160a53acbb097e5ca8a,"[""52500754365258270951552903826966616659959130889552317998829988912804468575595"", ""99569330322421086685280706375223713955269381726445850932257313080545005528076""]",52500754365258270951552903826966616659959130889552317998829988912804468575595|99569330322421086685280706375223713955269381726445850932257313080545005528076,52500754365258270951552903826966616659959130889552317998829988912804468575595,Yes,True,0.05,5.58,0.49,12.74,0.27,0.44,17462803a5300a6f4a5cab02661b08dc6772d093,0.01,5,,94.5014,
2026-03-20T00:40:01Z,EPL,278183,epl-new-sun-2026-03-22-player-props,Newcastle United FC vs. Sunderland AFC - Player Props,2026-03-17T02:34:35.27886Z,1622603,epl-new-sun-2026-03-22-ags-wilson-isidor,Wilson Isidor: Anytime Goalscorer,0x3ef62ae8a7a91910c3b698315db7733fa5485ba089ff3160a53acbb097e5ca8a,"[""52500754365258270951552903826966616659959130889552317998829988912804468575595"", ""99569330322421086685280706375223713955269381726445850932257313080545005528076""]",52500754365258270951552903826966616659959130889552317998829988912804468575595|99569330322421086685280706375223713955269381726445850932257313080545005528076,99569330322421086685280706375223713955269381726445850932257313080545005528076,No,True,0.51,12.74,0.95,5.58,0.73,0.43999999999999995,c1329d865a1c593008ff032ea18455582620a97b,0.01,5,,94.5014,
2026-03-20T00:40:01Z,EPL,278183,epl-new-sun-2026-03-22-player-props,Newcastle United FC vs. Sunderland AFC - Player Props,2026-03-17T02:34:35.27886Z,1622604,epl-new-sun-2026-03-22-ags-jacob-murphy,Jacob Murphy: Anytime Goalscorer,0x244b06286ae19abb757c24b7270ba221b8a080fbf47b1f639daa499120d1cfb7,"[""111655106177903399082494497051186973013587042449746214091365357677431386460457"", ""33870169590017862916453686650334637094614576390824245742520361658818296972936""]",111655106177903399082494497051186973013587042449746214091365357677431386460457|33870169590017862916453686650334637094614576390824245742520361658818296972936,111655106177903399082494497051186973013587042449746214091365357677431386460457,Yes,True,0.05,5.58,0.49,12.74,0.27,0.44,9d75a9792c755b430391aec5f4ccce1b3458fd66,0.01,5,,94.5014,
2026-03-20T00:40:01Z,EPL,278183,epl-new-sun-2026-03-22-player-props,Newcastle United FC vs. Sunderland AFC - Player Props,2026-03-17T02:34:35.27886Z,1622604,epl-new-sun-2026-03-22-ags-jacob-murphy,Jacob Murphy: Anytime Goalscorer,0x244b06286ae19abb757c24b7270ba221b8a080fbf47b1f639daa499120d1cfb7,"[""111655106177903399082494497051186973013587042449746214091365357677431386460457"", ""33870169590017862916453686650334637094614576390824245742520361658818296972936""]",111655106177903399082494497051186973013587042449746214091365357677431386460457|33870169590017862916453686650334637094614576390824245742520361658818296972936,33870169590017862916453686650334637094614576390824245742520361658818296972936,No,True,0.51,12.74,0.95,5.58,0.73,0.43999999999999995,3913af333df01bdc51d7f9e351d95efc59804f5a,0.01,5,,94.5014,
2026-03-20T00:40:01Z,EPL,278183,epl-new-sun-2026-03-22-player-props,Newcastle United FC vs. Sunderland AFC - Player Props,2026-03-17T02:34:35.27886Z,1622605,epl-new-sun-2026-03-22-ags-eliezer-mayenda,Eliezer Mayenda: Anytime Goalscorer,0xa2821a4754c55f1efbcb5a5b99e4a3a778537b8c2bd2a7b203406190a090c681,"[""108014975050458587243550121133473680336961949748026072013992680600139304797285"", ""16018893396956078674589770984116330010850068867103190578585996492760504005339""]",108014975050458587243550121133473680336961949748026072013992680600139304797285|16018893396956078674589770984116330010850068867103190578585996492760504005339,108014975050458587243550121133473680336961949748026072013992680600139304797285,Yes,True,0.05,5.58,0.49,12.74,0.27,0.44,a689aac7727bd01c0bb9be5e5d7c2e1d7908dfe6,0.01,5,,80.7214,
2026-03-20T00:40:01Z,EPL,278183,epl-new-sun-2026-03-22-player-props,Newcastle United FC vs. Sunderland AFC - Player Props,2026-03-17T02:34:35.27886Z,1622605,epl-new-sun-2026-03-22-ags-eliezer-mayenda,Eliezer Mayenda: Anytime Goalscorer,0xa2821a4754c55f1efbcb5a5b99e4a3a778537b8c2bd2a7b203406190a090c681,"[""108014975050458587243550121133473680336961949748026072013992680600139304797285"", ""16018893396956078674589770984116330010850068867103190578585996492760504005339""]",108014975050458587243550121133473680336961949748026072013992680600139304797285|16018893396956078674589770984116330010850068867103190578585996492760504005339,16018893396956078674589770984116330010850068867103190578585996492760504005339,No,True,0.51,12.74,0.95,5.58,0.73,0.43999999999999995,e2efe35fa5af7df009b9c3b23c1ae2d9e1c174a0,0.01,5,,80.7214,
2026-03-20T00:40:01Z,EPL,278183,epl-new-sun-2026-03-22-player-props,Newcastle United FC vs. Sunderland AFC - Player Props,2026-03-17T02:34:35.27886Z,1622606,epl-new-sun-2026-03-22-ags-anthony-elanga,Anthony Elanga: Anytime Goalscorer,0xbcf968dec939be522171ea77e38058e5367deaf4654501f1450bd036c097f6a6,"[""59228619573123209185208032407935329996021912775164273416154855446637840226164"", ""112592829568023977505619888821800549693280358107995386468169540473478301315715""]",59228619573123209185208032407935329996021912775164273416154855446637840226164|112592829568023977505619888821800549693280358107995386468169540473478301315715,59228619573123209185208032407935329996021912775164273416154855446637840226164,Yes,True,0.05,5.58,0.97,41.66,0.51,0.9199999999999999,a928818b62ad8258d42a5b7f44dc969590f46a1b,0.01,5,,34.0538,
2026-03-20T00:40:01Z,EPL,278183,epl-new-sun-2026-03-22-player-props,Newcastle United FC vs. Sunderland AFC - Player Props,2026-03-17T02:34:35.27886Z,1622606,epl-new-sun-2026-03-22-ags-anthony-elanga,Anthony Elanga: Anytime Goalscorer,0xbcf968dec939be522171ea77e38058e5367deaf4654501f1450bd036c097f6a6,"[""59228619573123209185208032407935329996021912775164273416154855446637840226164"", ""112592829568023977505619888821800549693280358107995386468169540473478301315715""]",59228619573123209185208032407935329996021912775164273416154855446637840226164|112592829568023977505619888821800549693280358107995386468169540473478301315715,112592829568023977505619888821800549693280358107995386468169540473478301315715,No,True,0.03,41.66,0.95,5.58,0.49,0.9199999999999999,d4e40c5cbf70c4a040566449c65173aca82bf844,0.01,5,,34.0538,
2026-03-20T00:40:01Z,EPL,278183,epl-new-sun-2026-03-22-player-props,Newcastle United FC vs. Sunderland AFC - Player Props,2026-03-17T02:34:35.27886Z,1622607,epl-new-sun-2026-03-22-ags-ahmed-abdullahi,Ahmed Abdullahi: Anytime Goalscorer,0x6068f2ada390a4d17dfea3ed668c8786438ebde00088aa5b0c806add86a67942,"[""78706032350521856838049950271028253973288055071036578785961334776098603777941"", ""115216446255409617217259264502227258276435957815717543248197182879375237390617""]",78706032350521856838049950271028253973288055071036578785961334776098603777941|115216446255409617217259264502227258276435957815717543248197182879375237390617,78706032350521856838049950271028253973288055071036578785961334776098603777941,Yes,True,0.07,5.58,0.96,31.24,0.515,0.8899999999999999,b838ce6ee1c78a1ea9bc0328f94e144060c33b46,0.01,5,,34.2768,
2026-03-20T00:40:01Z,EPL,278183,epl-new-sun-2026-03-22-player-props,Newcastle United FC vs. Sunderland AFC - Player Props,2026-03-17T02:34:35.27886Z,1622607,epl-new-sun-2026-03-22-ags-ahmed-abdullahi,Ahmed Abdullahi: Anytime Goalscorer,0x6068f2ada390a4d17dfea3ed668c8786438ebde00088aa5b0c806add86a67942,"[""78706032350521856838049950271028253973288055071036578785961334776098603777941"", ""115216446255409617217259264502227258276435957815717543248197182879375237390617""]",78706032350521856838049950271028253973288055071036578785961334776098603777941|115216446255409617217259264502227258276435957815717543248197182879375237390617,115216446255409617217259264502227258276435957815717543248197182879375237390617,No,True,0.04,31.24,0.93,5.58,0.48500000000000004,0.89,29d7ad0999a008b6be7ba2bc92a85eca027751c8,0.01,5,,34.2768,
2026-03-20T00:40:01Z,EPL,278183,epl-new-sun-2026-03-22-player-props,Newcastle United FC vs. Sunderland AFC - Player Props,2026-03-17T02:34:35.27886Z,1622608,epl-new-sun-2026-03-22-ags-chemsdine-talbi,Chemsdine Talbi: Anytime Goalscorer,0x5b104519aaa5aa4fc69f79032b123ce930052f6fd85b22ff57e0c77c4a5f0586,"[""91292791316654060067781434304224061235963660713352700375532216123024364544769"", ""21344444982566712460312319104432228226443220262620746785451459240524127003287""]",91292791316654060067781434304224061235963660713352700375532216123024364544769|21344444982566712460312319104432228226443220262620746785451459240524127003287,91292791316654060067781434304224061235963660713352700375532216123024364544769,Yes,True,0.05,5.58,0.97,41.66,0.51,0.9199999999999999,9f0e9c6dc52a440825ac1733379b3b592b31cb7e,0.01,5,,34.0538,
2026-03-20T00:40:01Z,EPL,278183,epl-new-sun-2026-03-22-player-props,Newcastle United FC vs. Sunderland AFC - Player Props,2026-03-17T02:34:35.27886Z,1622608,epl-new-sun-2026-03-22-ags-chemsdine-talbi,Chemsdine Talbi: Anytime Goalscorer,0x5b104519aaa5aa4fc69f79032b123ce930052f6fd85b22ff57e0c77c4a5f0586,"[""91292791316654060067781434304224061235963660713352700375532216123024364544769"", ""21344444982566712460312319104432228226443220262620746785451459240524127003287""]",91292791316654060067781434304224061235963660713352700375532216123024364544769|21344444982566712460312319104432228226443220262620746785451459240524127003287,21344444982566712460312319104432228226443220262620746785451459240524127003287,No,True,0.03,41.66,0.95,5.58,0.49,0.9199999999999999,87d3dccb20ff3ef18b0c3e1ad1dc45bc08ef0d1c,0.01,5,,34.0538,
2026-03-20T00:40:01Z,EPL,278183,epl-new-sun-2026-03-22-player-props,Newcastle United FC vs. Sunderland AFC - Player Props,2026-03-17T02:34:35.27886Z,1622609,epl-new-sun-2026-03-22-ags-jacob-ramsey,Jacob Ramsey: Anytime Goalscorer,0x446ebc588a6404b1b7fc3676e1dc4c307ad7f2b1c247ea97058e7d894e60c8cf,"[""67096228566730010641425414362286430412227988081378099943669453041216173430076"", ""55221630526123002550198743138695420847524734480656450197305326335959963347922""]",67096228566730010641425414362286430412227988081378099943669453041216173430076|55221630526123002550198743138695420847524734480656450197305326335959963347922,67096228566730010641425414362286430412227988081378099943669453041216173430076,Yes,True,0.07,11.16,0.97,41.66,0.52,0.8999999999999999,7007d60e945f96b0f1aa43cc3160efc851167317,0.01,5,,34.3328,
2026-03-20T00:40:01Z,EPL,278183,epl-new-sun-2026-03-22-player-props,Newcastle United FC vs. Sunderland AFC - Player Props,2026-03-17T02:34:35.27886Z,1622609,epl-new-sun-2026-03-22-ags-jacob-ramsey,Jacob Ramsey: Anytime Goalscorer,0x446ebc588a6404b1b7fc3676e1dc4c307ad7f2b1c247ea97058e7d894e60c8cf,"[""67096228566730010641425414362286430412227988081378099943669453041216173430076"", ""55221630526123002550198743138695420847524734480656450197305326335959963347922""]",67096228566730010641425414362286430412227988081378099943669453041216173430076|55221630526123002550198743138695420847524734480656450197305326335959963347922,55221630526123002550198743138695420847524734480656450197305326335959963347922,No,True,0.03,41.66,0.93,11.16,0.48000000000000004,0.9,ae8f9a634e82e7f11ecd64ab270dbbbc58bed4d7,0.01,5,,34.3328,
2026-03-20T00:40:01Z,EPL,278183,epl-new-sun-2026-03-22-player-props,Newcastle United FC vs. Sunderland AFC - Player Props,2026-03-17T02:34:35.27886Z,1622610,epl-new-sun-2026-03-22-ags-joelinton,Joelinton: Anytime Goalscorer,0x9c8735f64e51e01a4c46b42318e57c5ce2d2f7e25d4e1b941e3e93c53de5c46a,"[""98650160370752472361788269795255901802337098719661186242940537584755363075775"", ""37023927048762277978032068381078421230854297896464384209054141619994726825930""]",98650160370752472361788269795255901802337098719661186242940537584755363075775|37023927048762277978032068381078421230854297896464384209054141619994726825930,98650160370752472361788269795255901802337098719661186242940537584755363075775,Yes,True,0.05,5.58,0.97,41.66,0.51,0.9199999999999999,f46021a03101b661cdd91a17250e0ad1c02b527e,0.01,5,,34.0538,
2026-03-20T00:40:01Z,EPL,278183,epl-new-sun-2026-03-22-player-props,Newcastle United FC vs. Sunderland AFC - Player Props,2026-03-17T02:34:35.27886Z,1622610,epl-new-sun-2026-03-22-ags-joelinton,Joelinton: Anytime Goalscorer,0x9c8735f64e51e01a4c46b42318e57c5ce2d2f7e25d4e1b941e3e93c53de5c46a,"[""98650160370752472361788269795255901802337098719661186242940537584755363075775"", ""37023927048762277978032068381078421230854297896464384209054141619994726825930""]",98650160370752472361788269795255901802337098719661186242940537584755363075775|37023927048762277978032068381078421230854297896464384209054141619994726825930,37023927048762277978032068381078421230854297896464384209054141619994726825930,No,True,0.03,41.66,0.95,5.58,0.49,0.9199999999999999,9ea0ed37c2e35ea26f2b8e26b422dda8b81a00b2,0.01,5,,34.0538,
2026-03-20T00:40:01Z,EPL,278184,epl-eve-che-2026-03-21-player-props,Everton FC vs. Chelsea FC - Player Props,2026-03-17T02:34:35.27986Z,1622611,epl-eve-che-2026-03-21-ags-joao-pedro,Joao Pedro: Anytime Goalscorer,0x8ef554df62f82114c11486216c480b400fc68bd2c319a41f647535f2e18bda5e,"[""112342073382774977685560519690226844784143823788798933874073595736624570510062"", ""96300303630662911703887685996840352151491632139283912457035404646543846952245""]",112342073382774977685560519690226844784143823788798933874073595736624570510062|96300303630662911703887685996840352151491632139283912457035404646543846952245,112342073382774977685560519690226844784143823788798933874073595736624570510062,Yes,True,0.06,5.58,0.46,12.03,0.26,0.4,a69b9dd0c106936df4e80b6a23dde7e355f4ba11,0.01,5,,504.7511,
2026-03-20T00:40:01Z,EPL,278184,epl-eve-che-2026-03-21-player-props,Everton FC vs. Chelsea FC - Player Props,2026-03-17T02:34:35.27986Z,1622611,epl-eve-che-2026-03-21-ags-joao-pedro,Joao Pedro: Anytime Goalscorer,0x8ef554df62f82114c11486216c480b400fc68bd2c319a41f647535f2e18bda5e,"[""112342073382774977685560519690226844784143823788798933874073595736624570510062"", ""96300303630662911703887685996840352151491632139283912457035404646543846952245""]",112342073382774977685560519690226844784143823788798933874073595736624570510062|96300303630662911703887685996840352151491632139283912457035404646543846952245,96300303630662911703887685996840352151491632139283912457035404646543846952245,No,True,0.54,12.03,0.94,5.58,0.74,0.3999999999999999,dc63c9f3848ca5dec3d901b5eaf52c32cdbc07f9,0.01,5,,504.7511,
2026-03-20T00:40:01Z,EPL,278184,epl-eve-che-2026-03-21-player-props,Everton FC vs. Chelsea FC - Player Props,2026-03-17T02:34:35.27986Z,1622612,epl-eve-che-2026-03-21-ags-cole-palmer,Cole Palmer: Anytime Goalscorer,0x1337ea8cfefa2822713ade5bb3f301acdf5a18e85d24934296bc2fe26a1a8576,"[""28712933283643841385695522665113461350773580926602096134242787972041869568512"", ""94551456413729882305049390471464922253629844440367243833040150288385646095752""]",28712933283643841385695522665113461350773580926602096134242787972041869568512|94551456413729882305049390471464922253629844440367243833040150288385646095752,28712933283643841385695522665113461350773580926602096134242787972041869568512,Yes,True,0.07,5.58,0.38,10.48,0.225,0.31,b96eee579c709fd6a3036339084ef61f5d6e7839,0.01,5,,473.7248,
2026-03-20T00:40:01Z,EPL,278184,epl-eve-che-2026-03-21-player-props,Everton FC vs. Chelsea FC - Player Props,2026-03-17T02:34:35.27986Z,1622612,epl-eve-che-2026-03-21-ags-cole-palmer,Cole Palmer: Anytime Goalscorer,0x1337ea8cfefa2822713ade5bb3f301acdf5a18e85d24934296bc2fe26a1a8576,"[""28712933283643841385695522665113461350773580926602096134242787972041869568512"", ""94551456413729882305049390471464922253629844440367243833040150288385646095752""]",28712933283643841385695522665113461350773580926602096134242787972041869568512|94551456413729882305049390471464922253629844440367243833040150288385646095752,94551456413729882305049390471464922253629844440367243833040150288385646095752,No,True,0.62,10.48,0.93,5.58,0.775,0.31000000000000005,75b2b47e55eb9251790334d1a0f302c181e7bb0f,0.01,5,,473.7248,
2026-03-20T00:40:01Z,EPL,278184,epl-eve-che-2026-03-21-player-props,Everton FC vs. Chelsea FC - Player Props,2026-03-17T02:34:35.27986Z,1622613,epl-eve-che-2026-03-21-ags-liam-delap,Liam Delap: Anytime Goalscorer,0xe9356d289f3495c0899044bcd9664b16635aecce51ad5dc20f273ca455cfd0ce,"[""17429313021826007456461330124730486196180756869534663249707472450651812980392"", ""67385994330656410160490341111313586990157045840914351516193843628608399100521""]",17429313021826007456461330124730486196180756869534663249707472450651812980392|67385994330656410160490341111313586990157045840914351516193843628608399100521,17429313021826007456461330124730486196180756869534663249707472450651812980392,Yes,True,0.07,5.58,0.38,10.48,0.225,0.31,063978df38e6781917c415554721b1bf76a8c4c8,0.01,5,,556.1241,
2026-03-20T00:40:01Z,EPL,278184,epl-eve-che-2026-03-21-player-props,Everton FC vs. Chelsea FC - Player Props,2026-03-17T02:34:35.27986Z,1622613,epl-eve-che-2026-03-21-ags-liam-delap,Liam Delap: Anytime Goalscorer,0xe9356d289f3495c0899044bcd9664b16635aecce51ad5dc20f273ca455cfd0ce,"[""17429313021826007456461330124730486196180756869534663249707472450651812980392"", ""67385994330656410160490341111313586990157045840914351516193843628608399100521""]",17429313021826007456461330124730486196180756869534663249707472450651812980392|67385994330656410160490341111313586990157045840914351516193843628608399100521,67385994330656410160490341111313586990157045840914351516193843628608399100521,No,True,0.62,10.48,0.93,5.58,0.775,0.31000000000000005,4dc5e0829a69cd28d6fcc81aebdd030a08b08ebf,0.01,5,,556.1241,
2026-03-20T00:40:01Z,EPL,278184,epl-eve-che-2026-03-21-player-props,Everton FC vs. Chelsea FC - Player Props,2026-03-17T02:34:35.27986Z,1622614,epl-eve-che-2026-03-21-ags-marc-guiu,Marc Guiu: Anytime Goalscorer,0xb92a0f6df8da2126ffe28a1978b02445305658207ea32a5149f162ef2e834fe6,"[""26992775014936644377874553142997031530632616228698254861378819386855015097995"", ""65590258707556286952038826448346661365752261700463513864633775918209362801862""]",26992775014936644377874553142997031530632616228698254861378819386855015097995|65590258707556286952038826448346661365752261700463513864633775918209362801862,26992775014936644377874553142997031530632616228698254861378819386855015097995,Yes,True,0.06,5.58,0.5,12.99,0.28,0.44,98730aa8992943b3072ab6f293bf34ec2a89793d,0.01,5,,81.369,
2026-03-20T00:40:01Z,EPL,278184,epl-eve-che-2026-03-21-player-props,Everton FC vs. Chelsea FC - Player Props,2026-03-17T02:34:35.27986Z,1622614,epl-eve-che-2026-03-21-ags-marc-guiu,Marc Guiu: Anytime Goalscorer,0xb92a0f6df8da2126ffe28a1978b02445305658207ea32a5149f162ef2e834fe6,"[""26992775014936644377874553142997031530632616228698254861378819386855015097995"", ""65590258707556286952038826448346661365752261700463513864633775918209362801862""]",26992775014936644377874553142997031530632616228698254861378819386855015097995|65590258707556286952038826448346661365752261700463513864633775918209362801862,65590258707556286952038826448346661365752261700463513864633775918209362801862,No,True,0.5,12.99,0.94,5.58,0.72,0.43999999999999995,517d78ee4579ef747fd14d734dc2dd83a80d1e3d,0.01,5,,81.369,
2026-03-20T00:40:01Z,EPL,278184,epl-eve-che-2026-03-21-player-props,Everton FC vs. Chelsea FC - Player Props,2026-03-17T02:34:35.27986Z,1622615,epl-eve-che-2026-03-21-ags-thierno-barry,Thierno Barry: Anytime Goalscorer,0x4e6f1d0666397ff05b600926179d7a63dcf270d3ee573e68b53264cb3bf869bd,"[""82265752631213417616201130404065600762649424976152068230637379174778691002412"", ""37794393613209652309095640291481556352385447168536280437949889075690753300402""]",82265752631213417616201130404065600762649424976152068230637379174778691002412|37794393613209652309095640291481556352385447168536280437949889075690753300402,82265752631213417616201130404065600762649424976152068230637379174778691002412,Yes,True,0.07,5.58,0.5,12.99,0.28500000000000003,0.43,971ed6350f2a3ff5b5e5edf81511b1c7e26a95ae,0.01,5,,83.5204,
2026-03-20T00:40:01Z,EPL,278184,epl-eve-che-2026-03-21-player-props,Everton FC vs. Chelsea FC - Player Props,2026-03-17T02:34:35.27986Z,1622615,epl-eve-che-2026-03-21-ags-thierno-barry,Thierno Barry: Anytime Goalscorer,0x4e6f1d0666397ff05b600926179d7a63dcf270d3ee573e68b53264cb3bf869bd,"[""82265752631213417616201130404065600762649424976152068230637379174778691002412"", ""37794393613209652309095640291481556352385447168536280437949889075690753300402""]",82265752631213417616201130404065600762649424976152068230637379174778691002412|37794393613209652309095640291481556352385447168536280437949889075690753300402,37794393613209652309095640291481556352385447168536280437949889075690753300402,No,True,0.5,12.99,0.93,5.58,0.7150000000000001,0.43000000000000005,6d0ad5f3330977e4fce9b187ef9ba488012c541c,0.01,5,,83.5204,
2026-03-20T00:40:01Z,EPL,278184,epl-eve-che-2026-03-21-player-props,Everton FC vs. Chelsea FC - Player Props,2026-03-17T02:34:35.27986Z,1622616,epl-eve-che-2026-03-21-ags-enzo-fernandez,Enzo Fernandez: Anytime Goalscorer,0x5917ccde203c2c0368fd8bdb8bd8af9a856f5339b091ef059f7d9d301b1d1058,"[""16469659566143159978027182772131955113487170944263313098180830269239379505346"", ""62909910542282475434430443187207947928145189517892722340664825651268046025021""]",16469659566143159978027182772131955113487170944263313098180830269239379505346|62909910542282475434430443187207947928145189517892722340664825651268046025021,16469659566143159978027182772131955113487170944263313098180830269239379505346,Yes,True,0.06,11.16,0.34,9.84,0.2,0.28,3d9385011e4b0801bf4be5704cca8a630dc5ae52,0.01,5,,513.9958,
2026-03-20T00:40:01Z,EPL,278184,epl-eve-che-2026-03-21-player-props,Everton FC vs. Chelsea FC - Player Props,2026-03-17T02:34:35.27986Z,1622616,epl-eve-che-2026-03-21-ags-enzo-fernandez,Enzo Fernandez: Anytime Goalscorer,0x5917ccde203c2c0368fd8bdb8bd8af9a856f5339b091ef059f7d9d301b1d1058,"[""16469659566143159978027182772131955113487170944263313098180830269239379505346"", ""62909910542282475434430443187207947928145189517892722340664825651268046025021""]",16469659566143159978027182772131955113487170944263313098180830269239379505346|62909910542282475434430443187207947928145189517892722340664825651268046025021,62909910542282475434430443187207947928145189517892722340664825651268046025021,No,True,0.66,9.84,0.94,11.16,0.8,0.2799999999999999,f7908dba2bb72ed5694fa780b5a9b7b03d660cb0,0.01,5,,513.9958,
2026-03-20T00:40:01Z,EPL,278184,epl-eve-che-2026-03-21-player-props,Everton FC vs. Chelsea FC - Player Props,2026-03-17T02:34:35.27986Z,1622617,epl-eve-che-2026-03-21-ags-kiernan-dewsbury-hall,Kiernan Dewsbury-Hall: Anytime Goalscorer,0xf1edb5e1bc9b420120615ade0f93025bd54675999cf0a74a667abf739deb9d6e,"[""2964285930412272322586619524865282322333334300115894428055359957681698400205"", ""4774408381380469521312456099724473796421092921888402642774512860285624586354""]",2964285930412272322586619524865282322333334300115894428055359957681698400205|4774408381380469521312456099724473796421092921888402642774512860285624586354,2964285930412272322586619524865282322333334300115894428055359957681698400205,Yes,True,0.07,5.58,0.49,12.74,0.28,0.42,4a4d6d5888f25fcfd0a9b48faed03c21645c14d8,0.01,5,,134.5842,
2026-03-20T00:40:01Z,EPL,278184,epl-eve-che-2026-03-21-player-props,Everton FC vs. Chelsea FC - Player Props,2026-03-17T02:34:35.27986Z,1622617,epl-eve-che-2026-03-21-ags-kiernan-dewsbury-hall,Kiernan Dewsbury-Hall: Anytime Goalscorer,0xf1edb5e1bc9b420120615ade0f93025bd54675999cf0a74a667abf739deb9d6e,"[""2964285930412272322586619524865282322333334300115894428055359957681698400205"", ""4774408381380469521312456099724473796421092921888402642774512860285624586354""]",2964285930412272322586619524865282322333334300115894428055359957681698400205|4774408381380469521312456099724473796421092921888402642774512860285624586354,4774408381380469521312456099724473796421092921888402642774512860285624586354,No,True,0.51,12.74,0.93,5.58,0.72,0.42000000000000004,1e5b94a6505f1f5265ee00a7a1347345411bd80c,0.01,5,,134.5842,
2026-03-20T00:40:01Z,EPL,278184,epl-eve-che-2026-03-21-player-props,Everton FC vs. Chelsea FC - Player Props,2026-03-17T02:34:35.27986Z,1622618,epl-eve-che-2026-03-21-ags-alejandro-garnacho,Alejandro Garnacho: Anytime Goalscorer,0x296e6cb7461efc005658180d93ea44137fbef8db64230b4b4ac3265ea5d92479,"[""101238758797018787856940962249290266722921075421917886644516242415412639172925"", ""18737326523117421146009064393043433776575712274953566002995916268268527871179""]",101238758797018787856940962249290266722921075421917886644516242415412639172925|18737326523117421146009064393043433776575712274953566002995916268268527871179,101238758797018787856940962249290266722921075421917886644516242415412639172925,Yes,True,0.07,5.58,0.52,13.54,0.29500000000000004,0.45,a47dc1efe257608b30bb13123e8708ae363f75fb,0.01,5,,127.586,
2026-03-20T00:40:01Z,EPL,278184,epl-eve-che-2026-03-21-player-props,Everton FC vs. Chelsea FC - Player Props,2026-03-17T02:34:35.27986Z,1622618,epl-eve-che-2026-03-21-ags-alejandro-garnacho,Alejandro Garnacho: Anytime Goalscorer,0x296e6cb7461efc005658180d93ea44137fbef8db64230b4b4ac3265ea5d92479,"[""101238758797018787856940962249290266722921075421917886644516242415412639172925"", ""18737326523117421146009064393043433776575712274953566002995916268268527871179""]",101238758797018787856940962249290266722921075421917886644516242415412639172925|18737326523117421146009064393043433776575712274953566002995916268268527871179,18737326523117421146009064393043433776575712274953566002995916268268527871179,No,True,0.48,13.54,0.93,5.58,0.7050000000000001,0.45000000000000007,df219f15aa61c76e7b7890ab89087b0e2a577861,0.01,5,,127.586,
2026-03-20T00:40:01Z,EPL,278184,epl-eve-che-2026-03-21-player-props,Everton FC vs. Chelsea FC - Player Props,2026-03-17T02:34:35.27986Z,1622619,epl-eve-che-2026-03-21-ags-iliman-ndiaye,Iliman Ndiaye: Anytime Goalscorer,0xd8ac111e1646c033643f1befd7804649fdaf74bd744b80ec5da21157656312bf,"[""52490409436052651327806469161794660065711807086249426927480234487642422609958"", ""11779448579917523024192356437768141888171927695424381421497936200346285517538""]",52490409436052651327806469161794660065711807086249426927480234487642422609958|11779448579917523024192356437768141888171927695424381421497936200346285517538,52490409436052651327806469161794660065711807086249426927480234487642422609958,Yes,True,0.07,12.72,0.97,58.33,0.52,0.8999999999999999,70c86055114163ee33cb9da538d14cb2dd6fc28e,0.01,5,,35.2769,
2026-03-20T00:40:01Z,EPL,278184,epl-eve-che-2026-03-21-player-props,Everton FC vs. Chelsea FC - Player Props,2026-03-17T02:34:35.27986Z,1622619,epl-eve-che-2026-03-21-ags-iliman-ndiaye,Iliman Ndiaye: Anytime Goalscorer,0xd8ac111e1646c033643f1befd7804649fdaf74bd744b80ec5da21157656312bf,"[""52490409436052651327806469161794660065711807086249426927480234487642422609958"", ""11779448579917523024192356437768141888171927695424381421497936200346285517538""]",52490409436052651327806469161794660065711807086249426927480234487642422609958|11779448579917523024192356437768141888171927695424381421497936200346285517538,11779448579917523024192356437768141888171927695424381421497936200346285517538,No,True,0.03,58.33,0.93,12.72,0.48000000000000004,0.9,7dba87831f9f605f48655432151b7097391bd5cb,0.01,5,,35.2769,
2026-03-20T00:40:01Z,EPL,278184,epl-eve-che-2026-03-21-player-props,Everton FC vs. Chelsea FC - Player Props,2026-03-17T02:34:35.27986Z,1622620,epl-eve-che-2026-03-21-ags-jamie-gittens,Jamie Gittens: Anytime Goalscorer,0x6e6e75e25dc09f89b4d6ac5f8b26ce19a883c803e2656967ccc652bb5647be38,"[""49525407231120106955965699835707162849916012075420733212371146938138227183227"", ""105315097548113365693463181071624948388899160718535403453525425514479609718409""]",49525407231120106955965699835707162849916012075420733212371146938138227183227|105315097548113365693463181071624948388899160718535403453525425514479609718409,49525407231120106955965699835707162849916012075420733212371146938138227183227,Yes,True,0.07,12.72,0.97,58.33,0.52,0.8999999999999999,54d22154ed05187ef7f8f1943c2568f70dd19d85,0.01,5,,35.2769,
2026-03-20T00:40:01Z,EPL,278184,epl-eve-che-2026-03-21-player-props,Everton FC vs. Chelsea FC - Player Props,2026-03-17T02:34:35.27986Z,1622620,epl-eve-che-2026-03-21-ags-jamie-gittens,Jamie Gittens: Anytime Goalscorer,0x6e6e75e25dc09f89b4d6ac5f8b26ce19a883c803e2656967ccc652bb5647be38,"[""49525407231120106955965699835707162849916012075420733212371146938138227183227"", ""105315097548113365693463181071624948388899160718535403453525425514479609718409""]",49525407231120106955965699835707162849916012075420733212371146938138227183227|105315097548113365693463181071624948388899160718535403453525425514479609718409,105315097548113365693463181071624948388899160718535403453525425514479609718409,No,True,0.03,58.33,0.93,12.72,0.48000000000000004,0.9,0f3551e7d9c259598cffef2ab693aa3934bb7108,0.01,5,,35.2769,
2026-03-20T00:40:01Z,EPL,278184,epl-eve-che-2026-03-21-player-props,Everton FC vs. Chelsea FC - Player Props,2026-03-17T02:34:35.27986Z,1622621,epl-eve-che-2026-03-21-ags-pedro-neto,Pedro Neto: Anytime Goalscorer,0x5edd900dd8f0589b81d03d2f97621fc6e88691be2b8c381eb4ef2591d190906e,"[""115504745366460622132266423954374546551289176768499815204430184032388867876977"", ""85397139100070054888505643943944977512449007062109321985918888144623702014589""]",115504745366460622132266423954374546551289176768499815204430184032388867876977|85397139100070054888505643943944977512449007062109321985918888144623702014589,115504745366460622132266423954374546551289176768499815204430184032388867876977,Yes,True,0.07,12.72,0.97,58.33,0.52,0.8999999999999999,2bb5dba2709f2920edfa0ef04365845784a66fcf,0.01,5,,35.2769,
2026-03-20T00:40:01Z,EPL,278184,epl-eve-che-2026-03-21-player-props,Everton FC vs. Chelsea FC - Player Props,2026-03-17T02:34:35.27986Z,1622621,epl-eve-che-2026-03-21-ags-pedro-neto,Pedro Neto: Anytime Goalscorer,0x5edd900dd8f0589b81d03d2f97621fc6e88691be2b8c381eb4ef2591d190906e,"[""115504745366460622132266423954374546551289176768499815204430184032388867876977"", ""85397139100070054888505643943944977512449007062109321985918888144623702014589""]",115504745366460622132266423954374546551289176768499815204430184032388867876977|85397139100070054888505643943944977512449007062109321985918888144623702014589,85397139100070054888505643943944977512449007062109321985918888144623702014589,No,True,0.03,58.33,0.93,12.72,0.48000000000000004,0.9,c9ebab75aee2724479116d5ff00b2f0e839bdd08,0.01,5,,35.2769,
2026-03-20T00:40:01Z,EPL,278185,epl-ful-bur-2026-03-21-player-props,Fulham FC vs. Burnley FC - Player Props,2026-03-17T02:34:35.280831Z,1622622,epl-ful-bur-2026-03-21-ags-harry-wilson,Harry Wilson: Anytime Goalscorer,0xb521b6d12e9365a3cf3a46af236c6bf130277872b1088a6e0c482eda606f35f4,"[""112159196627472450165189732987661054932697603867066826722952442358800746170887"", ""101554054632686983409717903618719889183403895484304032408840852479888180233884""]",112159196627472450165189732987661054932697603867066826722952442358800746170887|101554054632686983409717903618719889183403895484304032408840852479888180233884,112159196627472450165189732987661054932697603867066826722952442358800746170887,Yes,True,0.06,5.58,0.41,11.01,0.235,0.35,56a58b4ab3ad3b603cda1d2b002c8886238ec809,0.01,5,,423.0108,
2026-03-20T00:40:01Z,EPL,278185,epl-ful-bur-2026-03-21-player-props,Fulham FC vs. Burnley FC - Player Props,2026-03-17T02:34:35.280831Z,1622622,epl-ful-bur-2026-03-21-ags-harry-wilson,Harry Wilson: Anytime Goalscorer,0xb521b6d12e9365a3cf3a46af236c6bf130277872b1088a6e0c482eda606f35f4,"[""112159196627472450165189732987661054932697603867066826722952442358800746170887"", ""101554054632686983409717903618719889183403895484304032408840852479888180233884""]",112159196627472450165189732987661054932697603867066826722952442358800746170887|101554054632686983409717903618719889183403895484304032408840852479888180233884,101554054632686983409717903618719889183403895484304032408840852479888180233884,No,True,0.59,11.01,0.94,5.58,0.7649999999999999,0.35,65da2e790b1f82a72e4c7c35e8198a6d183f7cf3,0.01,5,,423.0108,
2026-03-20T00:40:01Z,EPL,278185,epl-ful-bur-2026-03-21-player-props,Fulham FC vs. Burnley FC - Player Props,2026-03-17T02:34:35.280831Z,1622623,epl-ful-bur-2026-03-21-ags-raul-jimenez,Raul Jimenez: Anytime Goalscorer,0xe558163ae1ed88d0a1e662ab7683afda33a4c34275a0d2bf2a4dc8095203206a,"[""12303585111738908602141967642913615274200250012090178483304361929787548199249"", ""102484011666970379786639420852319198400111659628220892233152218540573183650197""]",12303585111738908602141967642913615274200250012090178483304361929787548199249|102484011666970379786639420852319198400111659628220892233152218540573183650197,12303585111738908602141967642913615274200250012090178483304361929787548199249,Yes,True,0.05,5.58,0.46,12.03,0.255,0.41000000000000003,9cdd0eeecfa1b2c61aece906a0066eedb8490093,0.01,5,,430.0395,
2026-03-20T00:40:01Z,EPL,278185,epl-ful-bur-2026-03-21-player-props,Fulham FC vs. Burnley FC - Player Props,2026-03-17T02:34:35.280831Z,1622623,epl-ful-bur-2026-03-21-ags-raul-jimenez,Raul Jimenez: Anytime Goalscorer,0xe558163ae1ed88d0a1e662ab7683afda33a4c34275a0d2bf2a4dc8095203206a,"[""12303585111738908602141967642913615274200250012090178483304361929787548199249"", ""102484011666970379786639420852319198400111659628220892233152218540573183650197""]",12303585111738908602141967642913615274200250012090178483304361929787548199249|102484011666970379786639420852319198400111659628220892233152218540573183650197,102484011666970379786639420852319198400111659628220892233152218540573183650197,No,True,0.54,12.03,0.95,5.58,0.745,0.4099999999999999,15820a39b115f617e1c79864e0f8bbf0a71dd2c9,0.01,5,,430.0395,
2026-03-20T00:40:01Z,EPL,278185,epl-ful-bur-2026-03-21-player-props,Fulham FC vs. Burnley FC - Player Props,2026-03-17T02:34:35.280831Z,1622624,epl-ful-bur-2026-03-21-ags-rodrigo-muniz,Rodrigo Muniz: Anytime Goalscorer,0xcbc9957d344a97e9ecbb39d3cb5eefca08397aa78c2bfac6458a60b72ecb2e73,"[""115359581959353617750142781335635232648604814717943828247585945132211454527041"", ""11832291794504248285321004381796632568393678487054135711294075288984154113716""]",115359581959353617750142781335635232648604814717943828247585945132211454527041|11832291794504248285321004381796632568393678487054135711294075288984154113716,115359581959353617750142781335635232648604814717943828247585945132211454527041,Yes,True,0.05,5.58,0.44,11.6,0.245,0.39,3d2bd24ab86e1e587d6bc92ecc3a711c4288c4b8,0.01,5,,419.36,
2026-03-20T00:40:01Z,EPL,278185,epl-ful-bur-2026-03-21-player-props,Fulham FC vs. Burnley FC - Player Props,2026-03-17T02:34:35.280831Z,1622624,epl-ful-bur-2026-03-21-ags-rodrigo-muniz,Rodrigo Muniz: Anytime Goalscorer,0xcbc9957d344a97e9ecbb39d3cb5eefca08397aa78c2bfac6458a60b72ecb2e73,"[""115359581959353617750142781335635232648604814717943828247585945132211454527041"", ""11832291794504248285321004381796632568393678487054135711294075288984154113716""]",115359581959353617750142781335635232648604814717943828247585945132211454527041|11832291794504248285321004381796632568393678487054135711294075288984154113716,11832291794504248285321004381796632568393678487054135711294075288984154113716,No,True,0.56,11.6,0.95,5.58,0.755,0.3899999999999999,e6ffc35b99442228a83ec604d702f15d0fdfee90,0.01,5,,419.36,
2026-03-20T00:40:01Z,EPL,278185,epl-ful-bur-2026-03-21-player-props,Fulham FC vs. Burnley FC - Player Props,2026-03-17T02:34:35.280831Z,1622625,epl-ful-bur-2026-03-21-ags-jonah-kusi-asare,Jonah Kusi Asare: Anytime Goalscorer,0x2f13806a2a8b9af4ccc2c801b58280f2d906a2293480e2435cea5966de606784,"[""20489017644761292384325570412737417036710070575248742175226593946198507790710"", ""92294519765473903869093253225050134473818188283842118760750636635678073478533""]",20489017644761292384325570412737417036710070575248742175226593946198507790710|92294519765473903869093253225050134473818188283842118760750636635678073478533,20489017644761292384325570412737417036710070575248742175226593946198507790710,Yes,True,0.07,18.3,0.96,43.74,0.515,0.8899999999999999,04f0963e46e4afdc730b3fe8a775d6c0905cfb2c,0.01,5,,34.3326,
2026-03-20T00:40:01Z,EPL,278185,epl-ful-bur-2026-03-21-player-props,Fulham FC vs. Burnley FC - Player Props,2026-03-17T02:34:35.280831Z,1622625,epl-ful-bur-2026-03-21-ags-jonah-kusi-asare,Jonah Kusi Asare: Anytime Goalscorer,0x2f13806a2a8b9af4ccc2c801b58280f2d906a2293480e2435cea5966de606784,"[""20489017644761292384325570412737417036710070575248742175226593946198507790710"", ""92294519765473903869093253225050134473818188283842118760750636635678073478533""]",20489017644761292384325570412737417036710070575248742175226593946198507790710|92294519765473903869093253225050134473818188283842118760750636635678073478533,92294519765473903869093253225050134473818188283842118760750636635678073478533,No,True,0.04,43.74,0.93,18.3,0.48500000000000004,0.89,42ad8b1765b693cfcee3c5f4376fc98b62674a10,0.01,5,,34.3326,
2026-03-20T00:40:01Z,EPL,278185,epl-ful-bur-2026-03-21-player-props,Fulham FC vs. Burnley FC - Player Props,2026-03-17T02:34:35.280831Z,1622626,epl-ful-bur-2026-03-21-ags-zian-flemming,Zian Flemming: Anytime Goalscorer,0xe4a9c30294db0febe9b4c76860b5d762e46af86c19a5ccde122ebf96a5feecb6,"[""110138506918202069468310846301997441927273870810807365382412241320738204750916"", ""36522639551230315233020477458081132593376243538290237540066780529388330182613""]",110138506918202069468310846301997441927273870810807365382412241320738204750916|36522639551230315233020477458081132593376243538290237540066780529388330182613,110138506918202069468310846301997441927273870810807365382412241320738204750916,Yes,True,0.07,18.3,0.97,58.33,0.52,0.8999999999999999,358a2c827c9c1acc6d38e14c5f18420577091460,0.01,5,,35.0558,
2026-03-20T00:40:01Z,EPL,278185,epl-ful-bur-2026-03-21-player-props,Fulham FC vs. Burnley FC - Player Props,2026-03-17T02:34:35.280831Z,1622626,epl-ful-bur-2026-03-21-ags-zian-flemming,Zian Flemming: Anytime Goalscorer,0xe4a9c30294db0febe9b4c76860b5d762e46af86c19a5ccde122ebf96a5feecb6,"[""110138506918202069468310846301997441927273870810807365382412241320738204750916"", ""36522639551230315233020477458081132593376243538290237540066780529388330182613""]",110138506918202069468310846301997441927273870810807365382412241320738204750916|36522639551230315233020477458081132593376243538290237540066780529388330182613,36522639551230315233020477458081132593376243538290237540066780529388330182613,No,True,0.03,58.33,0.93,18.3,0.48000000000000004,0.9,50aafc0b60676f6a12c377cc7ddb059c1c2a4bc9,0.01,5,,35.0558,
2026-03-20T00:40:01Z,EPL,278185,epl-ful-bur-2026-03-21-player-props,Fulham FC vs. Burnley FC - Player Props,2026-03-17T02:34:35.280831Z,1622627,epl-ful-bur-2026-03-21-ags-oscar-bobb,Oscar Bobb: Anytime Goalscorer,0xf7f00d70ef122db3993f230b9d490fbaa6da85ea6a8dde61d8b5705f0eac6747,"[""95747375501636556232893110135822127428135160743640093104609942166773199985048"", ""21161127636067666496896430818427333250687122250633124446197688220768254202607""]",95747375501636556232893110135822127428135160743640093104609942166773199985048|21161127636067666496896430818427333250687122250633124446197688220768254202607,95747375501636556232893110135822127428135160743640093104609942166773199985048,Yes,True,0.07,18.3,0.96,43.74,0.515,0.8899999999999999,00a49bdd287529a3068536e9796ad45457f2913c,0.01,5,,35.3904,
2026-03-20T00:40:01Z,EPL,278185,epl-ful-bur-2026-03-21-player-props,Fulham FC vs. Burnley FC - Player Props,2026-03-17T02:34:35.280831Z,1622627,epl-ful-bur-2026-03-21-ags-oscar-bobb,Oscar Bobb: Anytime Goalscorer,0xf7f00d70ef122db3993f230b9d490fbaa6da85ea6a8dde61d8b5705f0eac6747,"[""95747375501636556232893110135822127428135160743640093104609942166773199985048"", ""21161127636067666496896430818427333250687122250633124446197688220768254202607""]",95747375501636556232893110135822127428135160743640093104609942166773199985048|21161127636067666496896430818427333250687122250633124446197688220768254202607,21161127636067666496896430818427333250687122250633124446197688220768254202607,No,True,0.04,43.74,0.93,18.3,0.48500000000000004,0.89,e6b69cded79361e2746bfa4a6abc71e7d934d9d3,0.01,5,,35.3904,
2026-03-20T00:40:01Z,EPL,278185,epl-ful-bur-2026-03-21-player-props,Fulham FC vs. Burnley FC - Player Props,2026-03-17T02:34:35.280831Z,1622628,epl-ful-bur-2026-03-21-ags-alex-iwobi,Alex Iwobi: Anytime Goalscorer,0xc50d8ee409405a1f94cbea5459c79b2c00d6b4d1425c8999727da3016d5bcb0d,"[""4742306921354480693582951016847282619797860758906425002285270902284301423678"", ""57224641174999280720471954915010082855393603309632530424834515693062697643715""]",4742306921354480693582951016847282619797860758906425002285270902284301423678|57224641174999280720471954915010082855393603309632530424834515693062697643715,4742306921354480693582951016847282619797860758906425002285270902284301423678,Yes,True,0.07,11.16,0.96,31.24,0.515,0.8899999999999999,214fcc0fe4ef88df01305f5dc37281795463920b,0.01,5,,34.6674,
2026-03-20T00:40:01Z,EPL,278185,epl-ful-bur-2026-03-21-player-props,Fulham FC vs. Burnley FC - Player Props,2026-03-17T02:34:35.280831Z,1622628,epl-ful-bur-2026-03-21-ags-alex-iwobi,Alex Iwobi: Anytime Goalscorer,0xc50d8ee409405a1f94cbea5459c79b2c00d6b4d1425c8999727da3016d5bcb0d,"[""4742306921354480693582951016847282619797860758906425002285270902284301423678"", ""57224641174999280720471954915010082855393603309632530424834515693062697643715""]",4742306921354480693582951016847282619797860758906425002285270902284301423678|57224641174999280720471954915010082855393603309632530424834515693062697643715,57224641174999280720471954915010082855393603309632530424834515693062697643715,No,True,0.04,31.24,0.93,11.16,0.48500000000000004,0.89,7015332bd9d424a1614b3f56b11057d497d2edf9,0.01,5,,34.6674,
2026-03-20T00:40:01Z,EPL,278185,epl-ful-bur-2026-03-21-player-props,Fulham FC vs. Burnley FC - Player Props,2026-03-17T02:34:35.280831Z,1622629,epl-ful-bur-2026-03-21-ags-ryan-sessegnon,Ryan Sessegnon: Anytime Goalscorer,0x439bf1e5e10369beb79eb50353bf822071b560d9bc90d0a9125970c54b39b2fe,"[""6261699318830646199970873740957705097076659580693653124180123582912628282677"", ""82555490424754435556903329702690446399924020299503722687256018884121240738223""]",6261699318830646199970873740957705097076659580693653124180123582912628282677|82555490424754435556903329702690446399924020299503722687256018884121240738223,6261699318830646199970873740957705097076659580693653124180123582912628282677,Yes,True,0.07,18.3,0.96,43.74,0.515,0.8899999999999999,3c1c0ea5af0639f9fd33d2e507f114bd714a13da,0.01,5,,35.8904,
2026-03-20T00:40:01Z,EPL,278185,epl-ful-bur-2026-03-21-player-props,Fulham FC vs. Burnley FC - Player Props,2026-03-17T02:34:35.280831Z,1622629,epl-ful-bur-2026-03-21-ags-ryan-sessegnon,Ryan Sessegnon: Anytime Goalscorer,0x439bf1e5e10369beb79eb50353bf822071b560d9bc90d0a9125970c54b39b2fe,"[""6261699318830646199970873740957705097076659580693653124180123582912628282677"", ""82555490424754435556903329702690446399924020299503722687256018884121240738223""]",6261699318830646199970873740957705097076659580693653124180123582912628282677|82555490424754435556903329702690446399924020299503722687256018884121240738223,82555490424754435556903329702690446399924020299503722687256018884121240738223,No,True,0.04,43.74,0.93,18.3,0.48500000000000004,0.89,0fcafa7410112d78eb831c2d40d180cd91d9db13,0.01,5,,35.8904,
2026-03-20T00:40:01Z,EPL,278185,epl-ful-bur-2026-03-21-player-props,Fulham FC vs. Burnley FC - Player Props,2026-03-17T02:34:35.280831Z,1622630,epl-ful-bur-2026-03-21-ags-emile-smith-rowe,Emile Smith Rowe: Anytime Goalscorer,0x0bb62b5ee7f2a40135e35d2a5253003cf690fefb16d58595969631979db7b4e6,"[""105714049156360814766861989493266892324950098529029812431188162097546291432900"", ""80923525917976553487000766032589829047706098325586286360257498912530847030496""]",105714049156360814766861989493266892324950098529029812431188162097546291432900|80923525917976553487000766032589829047706098325586286360257498912530847030496,105714049156360814766861989493266892324950098529029812431188162097546291432900,Yes,True,0.07,12.72,0.97,58.33,0.52,0.8999999999999999,d689fe3bdde81095860ce174d7dd5cca71bca982,0.01,5,,35,
2026-03-20T00:40:01Z,EPL,278185,epl-ful-bur-2026-03-21-player-props,Fulham FC vs. Burnley FC - Player Props,2026-03-17T02:34:35.280831Z,1622630,epl-ful-bur-2026-03-21-ags-emile-smith-rowe,Emile Smith Rowe: Anytime Goalscorer,0x0bb62b5ee7f2a40135e35d2a5253003cf690fefb16d58595969631979db7b4e6,"[""105714049156360814766861989493266892324950098529029812431188162097546291432900"", ""80923525917976553487000766032589829047706098325586286360257498912530847030496""]",105714049156360814766861989493266892324950098529029812431188162097546291432900|80923525917976553487000766032589829047706098325586286360257498912530847030496,80923525917976553487000766032589829047706098325586286360257498912530847030496,No,True,0.03,58.33,0.93,12.72,0.48000000000000004,0.9,69445ac154c582953373026e6f76216fa6a517b1,0.01,5,,35,
2026-03-20T00:40:01Z,EPL,278185,epl-ful-bur-2026-03-21-player-props,Fulham FC vs. Burnley FC - Player Props,2026-03-17T02:34:35.280831Z,1622631,epl-ful-bur-2026-03-21-ags-joshua-king,Joshua King: Anytime Goalscorer,0x88b577e0ef36948d848e8be5dccd8bb77d0464fc5e29eb1c0ad12a80a281c06e,"[""89320396107253438116602424041871743263576613174646899845931556390005679042550"", ""61324572992913182310814887811067998453022131181849500193296281231182405076547""]",89320396107253438116602424041871743263576613174646899845931556390005679042550|61324572992913182310814887811067998453022131181849500193296281231182405076547,89320396107253438116602424041871743263576613174646899845931556390005679042550,Yes,True,0.07,18.3,0.97,58.33,0.52,0.8999999999999999,a023b22cdf362308d6dcd453472465c7e68d8779,0.01,5,,35.1674,
2026-03-20T00:40:01Z,EPL,278185,epl-ful-bur-2026-03-21-player-props,Fulham FC vs. Burnley FC - Player Props,2026-03-17T02:34:35.280831Z,1622631,epl-ful-bur-2026-03-21-ags-joshua-king,Joshua King: Anytime Goalscorer,0x88b577e0ef36948d848e8be5dccd8bb77d0464fc5e29eb1c0ad12a80a281c06e,"[""89320396107253438116602424041871743263576613174646899845931556390005679042550"", ""61324572992913182310814887811067998453022131181849500193296281231182405076547""]",89320396107253438116602424041871743263576613174646899845931556390005679042550|61324572992913182310814887811067998453022131181849500193296281231182405076547,61324572992913182310814887811067998453022131181849500193296281231182405076547,No,True,0.03,58.33,0.93,18.3,0.48000000000000004,0.9,9f5fa83fee46abc979f8e5ddba9de0817ed3124a,0.01,5,,35.1674,
2026-03-20T00:40:01Z,EPL,278185,epl-ful-bur-2026-03-21-player-props,Fulham FC vs. Burnley FC - Player Props,2026-03-17T02:34:35.280831Z,1622632,epl-ful-bur-2026-03-21-ags-ashley-barnes,Ashley Barnes: Anytime Goalscorer,0xfc5f26e7e0c432149c49afe8f79555edd8c06082ad613bcb2af130516ba0d2a8,"[""78386604916169537227899775846135611593109329135984841946619334477966262732082"", ""49823384942229521296011564751035409169275257800964781909509717479751112993163""]",78386604916169537227899775846135611593109329135984841946619334477966262732082|49823384942229521296011564751035409169275257800964781909509717479751112993163,78386604916169537227899775846135611593109329135984841946619334477966262732082,Yes,True,0.07,5.58,0.97,58.33,0.52,0.8999999999999999,4f3cb8b5e32227ead53538b786e96e3b48e1a31e,0.01,5,,34.5002,
2026-03-20T00:40:01Z,EPL,278185,epl-ful-bur-2026-03-21-player-props,Fulham FC vs. Burnley FC - Player Props,2026-03-17T02:34:35.280831Z,1622632,epl-ful-bur-2026-03-21-ags-ashley-barnes,Ashley Barnes: Anytime Goalscorer,0xfc5f26e7e0c432149c49afe8f79555edd8c06082ad613bcb2af130516ba0d2a8,"[""78386604916169537227899775846135611593109329135984841946619334477966262732082"", ""49823384942229521296011564751035409169275257800964781909509717479751112993163""]",78386604916169537227899775846135611593109329135984841946619334477966262732082|49823384942229521296011564751035409169275257800964781909509717479751112993163,49823384942229521296011564751035409169275257800964781909509717479751112993163,No,True,0.03,58.33,0.93,5.58,0.48000000000000004,0.9,63608edda1ec85d0a541f581dae989ca0bd24fa0,0.01,5,,34.5002,
2026-03-20T00:40:01Z,EPL,278186,epl-bri-liv-2026-03-21-player-props,Brighton & Hove Albion FC vs. Liverpool FC - Player Props,2026-03-17T02:34:35.291994Z,1622633,epl-bri-liv-2026-03-21-ags-hugo-ekitike,Hugo Ekitike: Anytime Goalscorer,0xa449cbd5fff2d7fd788aadfaa292b40cb7cd20ef317e48d8aefcbe876bc8c1d4,"[""56218314998117071315266625652339239254822177597181826705380270458627680774245"", ""107842087068384114685951444625525683494593242800480002175552800161029257158435""]",56218314998117071315266625652339239254822177597181826705380270458627680774245|107842087068384114685951444625525683494593242800480002175552800161029257158435,56218314998117071315266625652339239254822177597181826705380270458627680774245,Yes,True,0.05,5.58,0.46,12.03,0.255,0.41000000000000003,81e9a75252dd89a918df3c9099dd82adae550e7e,0.01,5,,470.9394,
2026-03-20T00:40:01Z,EPL,278186,epl-bri-liv-2026-03-21-player-props,Brighton & Hove Albion FC vs. Liverpool FC - Player Props,2026-03-17T02:34:35.291994Z,1622633,epl-bri-liv-2026-03-21-ags-hugo-ekitike,Hugo Ekitike: Anytime Goalscorer,0xa449cbd5fff2d7fd788aadfaa292b40cb7cd20ef317e48d8aefcbe876bc8c1d4,"[""56218314998117071315266625652339239254822177597181826705380270458627680774245"", ""107842087068384114685951444625525683494593242800480002175552800161029257158435""]",56218314998117071315266625652339239254822177597181826705380270458627680774245|107842087068384114685951444625525683494593242800480002175552800161029257158435,107842087068384114685951444625525683494593242800480002175552800161029257158435,No,True,0.54,12.03,0.95,5.58,0.745,0.4099999999999999,b1ea99bf372447c37df12432404425f67e39b023,0.01,5,,470.9394,
2026-03-20T00:40:01Z,EPL,278186,epl-bri-liv-2026-03-21-player-props,Brighton & Hove Albion FC vs. Liverpool FC - Player Props,2026-03-17T02:34:35.291994Z,1622634,epl-bri-liv-2026-03-21-ags-danny-welbeck,Danny Welbeck: Anytime Goalscorer,0x9d86c0c3b5c63ef02c90115260714319f736e42385c78872b3f6795606a5e020,"[""89771491249310202551096963712464987413432002224856834358031822319190514644252"", ""103425574249678045694127895114217933993627133148558187212521826030858142296905""]",89771491249310202551096963712464987413432002224856834358031822319190514644252|103425574249678045694127895114217933993627133148558187212521826030858142296905,89771491249310202551096963712464987413432002224856834358031822319190514644252,Yes,True,0.05,5.58,0.4,10.83,0.225,0.35000000000000003,387e28881340b331e6cd46a10abfd4d2ad9423d9,0.01,5,,484.1013,
2026-03-20T00:40:01Z,EPL,278186,epl-bri-liv-2026-03-21-player-props,Brighton & Hove Albion FC vs. Liverpool FC - Player Props,2026-03-17T02:34:35.291994Z,1622634,epl-bri-liv-2026-03-21-ags-danny-welbeck,Danny Welbeck: Anytime Goalscorer,0x9d86c0c3b5c63ef02c90115260714319f736e42385c78872b3f6795606a5e020,"[""89771491249310202551096963712464987413432002224856834358031822319190514644252"", ""103425574249678045694127895114217933993627133148558187212521826030858142296905""]",89771491249310202551096963712464987413432002224856834358031822319190514644252|103425574249678045694127895114217933993627133148558187212521826030858142296905,103425574249678045694127895114217933993627133148558187212521826030858142296905,No,True,0.6,10.83,0.95,5.58,0.7749999999999999,0.35,dc8e05eb96ac196c0eee7d464e3a5ef7880c99e6,0.01,5,,484.1013,
2026-03-20T00:40:01Z,EPL,278186,epl-bri-liv-2026-03-21-player-props,Brighton & Hove Albion FC vs. Liverpool FC - Player Props,2026-03-17T02:34:35.291994Z,1622635,epl-bri-liv-2026-03-21-ags-charalampos-kostoulas,Charalampos Kostoulas: Anytime Goalscorer,0xe07363a37ffc958beb116591025f9793073151a7fd19fb1a47bb47b9a36fbe95,"[""50842707402554587481506131713103101174501524542161890823890293039928919212375"", ""94757217110311074076482962783526370689748593182156858868922945633005177661587""]",50842707402554587481506131713103101174501524542161890823890293039928919212375|94757217110311074076482962783526370689748593182156858868922945633005177661587,50842707402554587481506131713103101174501524542161890823890293039928919212375,Yes,True,0.05,5.58,0.38,10.48,0.215,0.33,2a076a00c2630a37034ffd31ad2459e691655e61,0.01,5,,494.3381,
2026-03-20T00:40:01Z,EPL,278186,epl-bri-liv-2026-03-21-player-props,Brighton & Hove Albion FC vs. Liverpool FC - Player Props,2026-03-17T02:34:35.291994Z,1622635,epl-bri-liv-2026-03-21-ags-charalampos-kostoulas,Charalampos Kostoulas: Anytime Goalscorer,0xe07363a37ffc958beb116591025f9793073151a7fd19fb1a47bb47b9a36fbe95,"[""50842707402554587481506131713103101174501524542161890823890293039928919212375"", ""94757217110311074076482962783526370689748593182156858868922945633005177661587""]",50842707402554587481506131713103101174501524542161890823890293039928919212375|94757217110311074076482962783526370689748593182156858868922945633005177661587,94757217110311074076482962783526370689748593182156858868922945633005177661587,No,True,0.62,10.48,0.95,5.58,0.7849999999999999,0.32999999999999996,e0fbdc8e9f4e76e71a8f1ebc4e952e327ebb0b90,0.01,5,,494.3381,
2026-03-20T00:40:01Z,EPL,278186,epl-bri-liv-2026-03-21-player-props,Brighton & Hove Albion FC vs. Liverpool FC - Player Props,2026-03-17T02:34:35.291994Z,1622636,epl-bri-liv-2026-03-21-ags-mohamed-salah,Mohamed Salah: Anytime Goalscorer,0x3222eb26f2b95331b0d52d54cee3f163c4314d2d26fc923ec95aa406a4ddcc74,"[""67681174225658340829331548951008945138919473627736757872948353717374961682402"", ""104232797350223974985355213532690365475362464617586208775928884062534898639890""]",67681174225658340829331548951008945138919473627736757872948353717374961682402|104232797350223974985355213532690365475362464617586208775928884062534898639890,67681174225658340829331548951008945138919473627736757872948353717374961682402,Yes,True,0.05,5.58,0.38,10.48,0.215,0.33,4c8338a9c5236b9f6d3ba628fa529c965d89e77b,0.01,5,,487.5008,
2026-03-20T00:40:01Z,EPL,278186,epl-bri-liv-2026-03-21-player-props,Brighton & Hove Albion FC vs. Liverpool FC - Player Props,2026-03-17T02:34:35.291994Z,1622636,epl-bri-liv-2026-03-21-ags-mohamed-salah,Mohamed Salah: Anytime Goalscorer,0x3222eb26f2b95331b0d52d54cee3f163c4314d2d26fc923ec95aa406a4ddcc74,"[""67681174225658340829331548951008945138919473627736757872948353717374961682402"", ""104232797350223974985355213532690365475362464617586208775928884062534898639890""]",67681174225658340829331548951008945138919473627736757872948353717374961682402|104232797350223974985355213532690365475362464617586208775928884062534898639890,104232797350223974985355213532690365475362464617586208775928884062534898639890,No,True,0.62,10.48,0.95,5.58,0.7849999999999999,0.32999999999999996,502fba30580573a552d688cca955d481793f83d7,0.01,5,,487.5008,
2026-03-20T00:40:01Z,EPL,278186,epl-bri-liv-2026-03-21-player-props,Brighton & Hove Albion FC vs. Liverpool FC - Player Props,2026-03-17T02:34:35.291994Z,1622637,epl-bri-liv-2026-03-21-ags-federico-chiesa,Federico Chiesa: Anytime Goalscorer,0xe498349f1c6aa531912402cf6daf1eea9a9492bab99c952855a5c87afe86cce0,"[""60331692433691294831502242465806741239142929409900013430624111330137690426692"", ""89590820604171320571781160205417144607292017924921847001220948438586483155041""]",60331692433691294831502242465806741239142929409900013430624111330137690426692|89590820604171320571781160205417144607292017924921847001220948438586483155041,60331692433691294831502242465806741239142929409900013430624111330137690426692,Yes,True,0.06,5.58,0.39,10.65,0.225,0.33,945fb81f45023a06e2326045e1bd5b4bdf0da5b3,0.01,5,,384.4711,
2026-03-20T00:40:01Z,EPL,278186,epl-bri-liv-2026-03-21-player-props,Brighton & Hove Albion FC vs. Liverpool FC - Player Props,2026-03-17T02:34:35.291994Z,1622637,epl-bri-liv-2026-03-21-ags-federico-chiesa,Federico Chiesa: Anytime Goalscorer,0xe498349f1c6aa531912402cf6daf1eea9a9492bab99c952855a5c87afe86cce0,"[""60331692433691294831502242465806741239142929409900013430624111330137690426692"", ""89590820604171320571781160205417144607292017924921847001220948438586483155041""]",60331692433691294831502242465806741239142929409900013430624111330137690426692|89590820604171320571781160205417144607292017924921847001220948438586483155041,89590820604171320571781160205417144607292017924921847001220948438586483155041,No,True,0.61,10.65,0.94,5.58,0.7749999999999999,0.32999999999999996,8d0483ee0732f64311adcab5e3f46f2d7a3f0d14,0.01,5,,384.4711,
2026-03-20T00:40:01Z,EPL,278186,epl-bri-liv-2026-03-21-player-props,Brighton & Hove Albion FC vs. Liverpool FC - Player Props,2026-03-17T02:34:35.291994Z,1622638,epl-bri-liv-2026-03-21-ags-georginio-rutter,Georginio Rutter: Anytime Goalscorer,0xe7fe8f51b6f85646fa609c315062a33be43f44946594da1047971a50ae3e3b3c,"[""16708258192236498155490366139047020861019181180305478262492167982389096098619"", ""106903036986876732021785496563891343829072142967724499817490622393436282418029""]",16708258192236498155490366139047020861019181180305478262492167982389096098619|106903036986876732021785496563891343829072142967724499817490622393436282418029,16708258192236498155490366139047020861019181180305478262492167982389096098619,Yes,True,0.08,6.25,0.94,18.0,0.51,0.86,6e7d14c926871781cfaae007ece28a269370c9ab,0.01,5,,35.5263,
2026-03-20T00:40:01Z,EPL,278186,epl-bri-liv-2026-03-21-player-props,Brighton & Hove Albion FC vs. Liverpool FC - Player Props,2026-03-17T02:34:35.291994Z,1622638,epl-bri-liv-2026-03-21-ags-georginio-rutter,Georginio Rutter: Anytime Goalscorer,0xe7fe8f51b6f85646fa609c315062a33be43f44946594da1047971a50ae3e3b3c,"[""16708258192236498155490366139047020861019181180305478262492167982389096098619"", ""106903036986876732021785496563891343829072142967724499817490622393436282418029""]",16708258192236498155490366139047020861019181180305478262492167982389096098619|106903036986876732021785496563891343829072142967724499817490622393436282418029,106903036986876732021785496563891343829072142967724499817490622393436282418029,No,True,0.06,18.0,0.92,6.25,0.49,0.8600000000000001,7cb23f67b423dc984cb1d7691d2ce9daa64b0582,0.01,5,,35.5263,
2026-03-20T00:40:01Z,EPL,278186,epl-bri-liv-2026-03-21-player-props,Brighton & Hove Albion FC vs. Liverpool FC - Player Props,2026-03-17T02:34:35.291994Z,1622639,epl-bri-liv-2026-03-21-ags-cody-gakpo,Cody Gakpo: Anytime Goalscorer,0x9814dc4d889add9fc040a73a9eda6b51b5f45032f76f813f8075d783684ad896,"[""34078581884959505893102524556232950024408002924414150301529485347425828042881"", ""65821271042810936556829959876873801222848056445266835852249038465118930476728""]",34078581884959505893102524556232950024408002924414150301529485347425828042881|65821271042810936556829959876873801222848056445266835852249038465118930476728,34078581884959505893102524556232950024408002924414150301529485347425828042881,Yes,True,0.06,5.58,0.39,10.65,0.225,0.33,3015080e5a43903bccb6922266cdf6004ea2a1cb,0.01,5,,428.6808,
2026-03-20T00:40:01Z,EPL,278186,epl-bri-liv-2026-03-21-player-props,Brighton & Hove Albion FC vs. Liverpool FC - Player Props,2026-03-17T02:34:35.291994Z,1622639,epl-bri-liv-2026-03-21-ags-cody-gakpo,Cody Gakpo: Anytime Goalscorer,0x9814dc4d889add9fc040a73a9eda6b51b5f45032f76f813f8075d783684ad896,"[""34078581884959505893102524556232950024408002924414150301529485347425828042881"", ""65821271042810936556829959876873801222848056445266835852249038465118930476728""]",34078581884959505893102524556232950024408002924414150301529485347425828042881|65821271042810936556829959876873801222848056445266835852249038465118930476728,65821271042810936556829959876873801222848056445266835852249038465118930476728,No,True,0.61,10.65,0.94,5.58,0.7749999999999999,0.32999999999999996,37a4c6f788a7be2e73555bafafa0fb1dc96448cd,0.01,5,,428.6808,
2026-03-20T00:40:01Z,EPL,278186,epl-bri-liv-2026-03-21-player-props,Brighton & Hove Albion FC vs. Liverpool FC - Player Props,2026-03-17T02:34:35.291994Z,1622640,epl-bri-liv-2026-03-21-ags-diego-gomez,Diego Gomez: Anytime Goalscorer,0xdf316bfe3f28b1189e1e927f62332265b8488e768431524d1593bb19ade6d50b,"[""24141044206531028593681487462874914571403569691547431735133354706007013539523"", ""91025072141604041411715378612279014842345281334437091825718715750796563875563""]",24141044206531028593681487462874914571403569691547431735133354706007013539523|91025072141604041411715378612279014842345281334437091825718715750796563875563,24141044206531028593681487462874914571403569691547431735133354706007013539523,Yes,True,0.08,12.52,0.95,10.0,0.515,0.87,a1e8a613828e4a4e1a7b627372ef02b150380a34,0.01,5,,36.0259,
2026-03-20T00:40:01Z,EPL,278186,epl-bri-liv-2026-03-21-player-props,Brighton & Hove Albion FC vs. Liverpool FC - Player Props,2026-03-17T02:34:35.291994Z,1622640,epl-bri-liv-2026-03-21-ags-diego-gomez,Diego Gomez: Anytime Goalscorer,0xdf316bfe3f28b1189e1e927f62332265b8488e768431524d1593bb19ade6d50b,"[""24141044206531028593681487462874914571403569691547431735133354706007013539523"", ""91025072141604041411715378612279014842345281334437091825718715750796563875563""]",24141044206531028593681487462874914571403569691547431735133354706007013539523|91025072141604041411715378612279014842345281334437091825718715750796563875563,91025072141604041411715378612279014842345281334437091825718715750796563875563,No,True,0.05,10.0,0.92,12.52,0.48500000000000004,0.87,8f76819ce677123b44cd93bbd3832583d5eed910,0.01,5,,36.0259,
2026-03-20T00:40:01Z,EPL,278186,epl-bri-liv-2026-03-21-player-props,Brighton & Hove Albion FC vs. Liverpool FC - Player Props,2026-03-17T02:34:35.291994Z,1622641,epl-bri-liv-2026-03-21-ags-dominik-szoboszlai,Dominik Szoboszlai: Anytime Goalscorer,0xe64262c6fd1e64520742aa58c55c2783130722d12ef68305ae1abe447d27ed50,"[""101513068563602913611925588664292974269302697915268218221288628457442564073125"", ""32089647521533494785495635497780713061309081061795062322847261873810773850483""]",101513068563602913611925588664292974269302697915268218221288628457442564073125|32089647521533494785495635497780713061309081061795062322847261873810773850483,101513068563602913611925588664292974269302697915268218221288628457442564073125,Yes,True,0.05,5.58,0.35,9.99,0.19999999999999998,0.3,06f3528d79c1739917a5685dae4065d5df73562d,0.01,5,,420.5239,
2026-03-20T00:40:01Z,EPL,278186,epl-bri-liv-2026-03-21-player-props,Brighton & Hove Albion FC vs. Liverpool FC - Player Props,2026-03-17T02:34:35.291994Z,1622641,epl-bri-liv-2026-03-21-ags-dominik-szoboszlai,Dominik Szoboszlai: Anytime Goalscorer,0xe64262c6fd1e64520742aa58c55c2783130722d12ef68305ae1abe447d27ed50,"[""101513068563602913611925588664292974269302697915268218221288628457442564073125"", ""32089647521533494785495635497780713061309081061795062322847261873810773850483""]",101513068563602913611925588664292974269302697915268218221288628457442564073125|32089647521533494785495635497780713061309081061795062322847261873810773850483,32089647521533494785495635497780713061309081061795062322847261873810773850483,No,True,0.65,9.99,0.95,5.58,0.8,0.29999999999999993,14f7a7ac39ac3e64e45499fca4825a8dcc87e807,0.01,5,,420.5239,
2026-03-20T00:40:01Z,EPL,278186,epl-bri-liv-2026-03-21-player-props,Brighton & Hove Albion FC vs. Liverpool FC - Player Props,2026-03-17T02:34:35.291994Z,1622642,epl-bri-liv-2026-03-21-ags-rio-ngumoha,Rio Ngumoha: Anytime Goalscorer,0x9f314a2fddce9d76a1759510e7784849f160692430499c07c5a6146c8f03c93a,"[""2241787893465103040281804005732462532310654282224824466988879583130956224187"", ""106037161143129611487135295500808171081931180112323583013556255672310796423442""]",2241787893465103040281804005732462532310654282224824466988879583130956224187|106037161143129611487135295500808171081931180112323583013556255672310796423442,2241787893465103040281804005732462532310654282224824466988879583130956224187,Yes,True,0.05,5.58,0.37,10.31,0.21,0.32,db38519353e2ff07eded3b6c35b23e5b97e81ab2,0.01,5,,384.1282,
2026-03-20T00:40:01Z,EPL,278186,epl-bri-liv-2026-03-21-player-props,Brighton & Hove Albion FC vs. Liverpool FC - Player Props,2026-03-17T02:34:35.291994Z,1622642,epl-bri-liv-2026-03-21-ags-rio-ngumoha,Rio Ngumoha: Anytime Goalscorer,0x9f314a2fddce9d76a1759510e7784849f160692430499c07c5a6146c8f03c93a,"[""2241787893465103040281804005732462532310654282224824466988879583130956224187"", ""106037161143129611487135295500808171081931180112323583013556255672310796423442""]",2241787893465103040281804005732462532310654282224824466988879583130956224187|106037161143129611487135295500808171081931180112323583013556255672310796423442,106037161143129611487135295500808171081931180112323583013556255672310796423442,No,True,0.63,10.31,0.95,5.58,0.79,0.31999999999999995,3a1a0f7b6a9ef930fb44a93d9da843d0d3f13b0e,0.01,5,,384.1282,
2026-03-20T00:40:01Z,EPL,278186,epl-bri-liv-2026-03-21-player-props,Brighton & Hove Albion FC vs. Liverpool FC - Player Props,2026-03-17T02:34:35.291994Z,1622643,epl-bri-liv-2026-03-21-ags-yasin-ayari,Yasin Ayari: Anytime Goalscorer,0xa759e936d6be9a067cfee1dac33cddf75f45c56ba6db7d8cb004d59f17fcabeb,"[""52621170117706736931413396072453112038928180619459075121179201364270009580922"", ""107906764921599722734550383763058588596680260613048287360396894136115690218591""]",52621170117706736931413396072453112038928180619459075121179201364270009580922|107906764921599722734550383763058588596680260613048287360396894136115690218591,52621170117706736931413396072453112038928180619459075121179201364270009580922,Yes,True,0.08,12.3,0.95,22.97,0.515,0.87,09bfc53d3936b1b9f5a3b1af3e88d74ec7067cf9,0.01,5,,36.6403,
2026-03-20T00:40:01Z,EPL,278186,epl-bri-liv-2026-03-21-player-props,Brighton & Hove Albion FC vs. Liverpool FC - Player Props,2026-03-17T02:34:35.291994Z,1622643,epl-bri-liv-2026-03-21-ags-yasin-ayari,Yasin Ayari: Anytime Goalscorer,0xa759e936d6be9a067cfee1dac33cddf75f45c56ba6db7d8cb004d59f17fcabeb,"[""52621170117706736931413396072453112038928180619459075121179201364270009580922"", ""107906764921599722734550383763058588596680260613048287360396894136115690218591""]",52621170117706736931413396072453112038928180619459075121179201364270009580922|107906764921599722734550383763058588596680260613048287360396894136115690218591,107906764921599722734550383763058588596680260613048287360396894136115690218591,No,True,0.05,22.97,0.92,12.3,0.48500000000000004,0.87,e9e8a0f9f45d9748b764bf374587331db46a7634,0.01,5,,36.6403,
2026-03-20T00:40:01Z,EPL,278186,epl-bri-liv-2026-03-21-player-props,Brighton & Hove Albion FC vs. Liverpool FC - Player Props,2026-03-17T02:34:35.291994Z,1622644,epl-bri-liv-2026-03-21-ags-florian-wirtz,Florian Wirtz: Anytime Goalscorer,0xb52db17564254a88a972df76c687c8dbcd348eeed4d010de0e6504af38eb2b44,"[""982960275880297236342290599331485294314342257340277217064352822575873727999"", ""66997168945426899853770659032642504113610602785066754335524994927560052365067""]",982960275880297236342290599331485294314342257340277217064352822575873727999|66997168945426899853770659032642504113610602785066754335524994927560052365067,982960275880297236342290599331485294314342257340277217064352822575873727999,Yes,True,0.08,12.3,0.95,22.63,0.515,0.87,cdb2efc5b3b4058e88dd95a5092d3956a986f61b,0.01,5,,36.1401,
2026-03-20T00:40:01Z,EPL,278186,epl-bri-liv-2026-03-21-player-props,Brighton & Hove Albion FC vs. Liverpool FC - Player Props,2026-03-17T02:34:35.291994Z,1622644,epl-bri-liv-2026-03-21-ags-florian-wirtz,Florian Wirtz: Anytime Goalscorer,0xb52db17564254a88a972df76c687c8dbcd348eeed4d010de0e6504af38eb2b44,"[""982960275880297236342290599331485294314342257340277217064352822575873727999"", ""66997168945426899853770659032642504113610602785066754335524994927560052365067""]",982960275880297236342290599331485294314342257340277217064352822575873727999|66997168945426899853770659032642504113610602785066754335524994927560052365067,66997168945426899853770659032642504113610602785066754335524994927560052365067,No,True,0.05,22.63,0.92,12.3,0.48500000000000004,0.87,2d825ae3740254a5c0b4190929134bb4eaa4af4a,0.01,5,,36.1401,
2026-03-20T00:40:01Z,EPL,278186,epl-bri-liv-2026-03-21-player-props,Brighton & Hove Albion FC vs. Liverpool FC - Player Props,2026-03-17T02:34:35.291994Z,1622645,epl-bri-liv-2026-03-21-ags-harry-howell,Harry Howell: Anytime Goalscorer,0xcdd43d54115a62e56b82c72941cf85dea9acf6e850a54f6c9815e87b29a93267,"[""14380086270387613280336264435975273294219789801394874782926556364037494058554"", ""87654014771104055233798162542120213331824223801531988239303367047727365682008""]",14380086270387613280336264435975273294219789801394874782926556364037494058554|87654014771104055233798162542120213331824223801531988239303367047727365682008,14380086270387613280336264435975273294219789801394874782926556364037494058554,Yes,True,0.08,6.25,0.93,8.95,0.505,0.8500000000000001,d4d2daa4525e74bacf1b678d3209b62f68d17e4d,0.01,5,,35.5269,
2026-03-20T00:40:01Z,EPL,278186,epl-bri-liv-2026-03-21-player-props,Brighton & Hove Albion FC vs. Liverpool FC - Player Props,2026-03-17T02:34:35.291994Z,1622645,epl-bri-liv-2026-03-21-ags-harry-howell,Harry Howell: Anytime Goalscorer,0xcdd43d54115a62e56b82c72941cf85dea9acf6e850a54f6c9815e87b29a93267,"[""14380086270387613280336264435975273294219789801394874782926556364037494058554"", ""87654014771104055233798162542120213331824223801531988239303367047727365682008""]",14380086270387613280336264435975273294219789801394874782926556364037494058554|87654014771104055233798162542120213331824223801531988239303367047727365682008,87654014771104055233798162542120213331824223801531988239303367047727365682008,No,True,0.07,8.95,0.92,6.25,0.495,0.8500000000000001,bfe32dea0fe3bf06cdcdc4038c4aa5dbc9eaf754,0.01,5,,35.5269,
2026-03-20T00:40:01Z,EPL,278186,epl-bri-liv-2026-03-21-player-props,Brighton & Hove Albion FC vs. Liverpool FC - Player Props,2026-03-17T02:34:35.291994Z,1622646,epl-bri-liv-2026-03-21-ags-kaoru-mitoma,Kaoru Mitoma: Anytime Goalscorer,0x5a7471c056425129f94ec3c621ccd35fe938399c5ff1b53cb41c54e612d26d64,"[""29543046141889858847124579563917725855131725682152259290408172446935597833203"", ""44997965497264665142979660311206949188946828468624699891522725978269751914443""]",29543046141889858847124579563917725855131725682152259290408172446935597833203|44997965497264665142979660311206949188946828468624699891522725978269751914443,29543046141889858847124579563917725855131725682152259290408172446935597833203,Yes,True,0.08,6.25,0.94,18.86,0.51,0.86,a4809ec3703be03192d9776b75bad8061376a84a,0.01,5,,36.2498,
2026-03-20T00:40:01Z,EPL,278186,epl-bri-liv-2026-03-21-player-props,Brighton & Hove Albion FC vs. Liverpool FC - Player Props,2026-03-17T02:34:35.291994Z,1622646,epl-bri-liv-2026-03-21-ags-kaoru-mitoma,Kaoru Mitoma: Anytime Goalscorer,0x5a7471c056425129f94ec3c621ccd35fe938399c5ff1b53cb41c54e612d26d64,"[""29543046141889858847124579563917725855131725682152259290408172446935597833203"", ""44997965497264665142979660311206949188946828468624699891522725978269751914443""]",29543046141889858847124579563917725855131725682152259290408172446935597833203|44997965497264665142979660311206949188946828468624699891522725978269751914443,44997965497264665142979660311206949188946828468624699891522725978269751914443,No,True,0.06,18.86,0.92,6.25,0.49,0.8600000000000001,2d19b2e64de0d74a34f90bcd1bb7ed913e35eee1,0.01,5,,36.2498,
2026-03-20T00:40:01Z,EPL,278187,epl-bou-mun-2026-03-20-player-props,AFC Bournemouth vs. Manchester United FC - Player Props,2026-03-17T02:34:35.309076Z,1622647,epl-bou-mun-2026-03-20-ags-benjamin-sesko,Benjamin Sesko: Anytime Goalscorer,0x2b0d471f07a653f4a733574da7253367edd97d98ed49286cc24e8d96985af87c,"[""42447093521519642097886027347589553081285259230542853167180150368794138221077"", ""5183451092632340876112130247101325992706014728937492765136807017171006667529""]",42447093521519642097886027347589553081285259230542853167180150368794138221077|5183451092632340876112130247101325992706014728937492765136807017171006667529,42447093521519642097886027347589553081285259230542853167180150368794138221077,Yes,True,0.05,5.58,0.44,11.6,0.245,0.39,6ed39cef522d8bd017e9eba39d766ca356aac886,0.01,5,0.550,489.2519,46.666664
2026-03-20T00:40:01Z,EPL,278187,epl-bou-mun-2026-03-20-player-props,AFC Bournemouth vs. Manchester United FC - Player Props,2026-03-17T02:34:35.309076Z,1622647,epl-bou-mun-2026-03-20-ags-benjamin-sesko,Benjamin Sesko: Anytime Goalscorer,0x2b0d471f07a653f4a733574da7253367edd97d98ed49286cc24e8d96985af87c,"[""42447093521519642097886027347589553081285259230542853167180150368794138221077"", ""5183451092632340876112130247101325992706014728937492765136807017171006667529""]",42447093521519642097886027347589553081285259230542853167180150368794138221077|5183451092632340876112130247101325992706014728937492765136807017171006667529,5183451092632340876112130247101325992706014728937492765136807017171006667529,No,True,0.56,11.6,0.95,5.58,0.755,0.3899999999999999,757a44bfcdff9e9fe1a517d081da9440a1081814,0.01,5,0.550,489.2519,46.666664
2026-03-20T00:40:01Z,EPL,278187,epl-bou-mun-2026-03-20-player-props,AFC Bournemouth vs. Manchester United FC - Player Props,2026-03-17T02:34:35.309076Z,1622648,epl-bou-mun-2026-03-20-ags-eli-junior-kroupi,Eli Junior Kroupi: Anytime Goalscorer,0x460834f8f75b562275d2c50df2ba8c4480aa8f81d7e9b2d901731b257de5049c,"[""18694859564158860338451265269164082534140150919697312312613502243076209709193"", ""94201953670670338596364548849783446979631656576574428440608619113667862356381""]",18694859564158860338451265269164082534140150919697312312613502243076209709193|94201953670670338596364548849783446979631656576574428440608619113667862356381,18694859564158860338451265269164082534140150919697312312613502243076209709193,Yes,True,0.05,5.58,0.41,11.01,0.22999999999999998,0.36,9369cb004d70d8516a0fc1fe615daee0b87c6c4a,0.01,5,,452.4738,
2026-03-20T00:40:01Z,EPL,278187,epl-bou-mun-2026-03-20-player-props,AFC Bournemouth vs. Manchester United FC - Player Props,2026-03-17T02:34:35.309076Z,1622648,epl-bou-mun-2026-03-20-ags-eli-junior-kroupi,Eli Junior Kroupi: Anytime Goalscorer,0x460834f8f75b562275d2c50df2ba8c4480aa8f81d7e9b2d901731b257de5049c,"[""18694859564158860338451265269164082534140150919697312312613502243076209709193"", ""94201953670670338596364548849783446979631656576574428440608619113667862356381""]",18694859564158860338451265269164082534140150919697312312613502243076209709193|94201953670670338596364548849783446979631656576574428440608619113667862356381,94201953670670338596364548849783446979631656576574428440608619113667862356381,No,True,0.59,11.01,0.95,5.58,0.77,0.36,bdee09408822a1e62759a6693002f97a88d78ac4,0.01,5,,452.4738,
2026-03-20T00:40:01Z,EPL,278187,epl-bou-mun-2026-03-20-player-props,AFC Bournemouth vs. Manchester United FC - Player Props,2026-03-17T02:34:35.309076Z,1622649,epl-bou-mun-2026-03-20-ags-evanilson,Evanilson: Anytime Goalscorer,0xfd0f1174a102f640118939292d4204fb342bb0ffb6a5ef7055acc6d5cb7f3c50,"[""16235084668182252191205173587825941729840002523041084168565928242674147591854"", ""14052108231150710512709492369774331980863775677685682745798124535578467244025""]",16235084668182252191205173587825941729840002523041084168565928242674147591854|14052108231150710512709492369774331980863775677685682745798124535578467244025,16235084668182252191205173587825941729840002523041084168565928242674147591854,Yes,True,0.07,5.58,0.37,10.31,0.22,0.3,a0779e330a4459bb15562559ff04486d5fc6737d,0.01,5,,476.4351,
2026-03-20T00:40:01Z,EPL,278187,epl-bou-mun-2026-03-20-player-props,AFC Bournemouth vs. Manchester United FC - Player Props,2026-03-17T02:34:35.309076Z,1622649,epl-bou-mun-2026-03-20-ags-evanilson,Evanilson: Anytime Goalscorer,0xfd0f1174a102f640118939292d4204fb342bb0ffb6a5ef7055acc6d5cb7f3c50,"[""16235084668182252191205173587825941729840002523041084168565928242674147591854"", ""14052108231150710512709492369774331980863775677685682745798124535578467244025""]",16235084668182252191205173587825941729840002523041084168565928242674147591854|14052108231150710512709492369774331980863775677685682745798124535578467244025,14052108231150710512709492369774331980863775677685682745798124535578467244025,No,True,0.63,10.31,0.93,5.58,0.78,0.30000000000000004,a5f778a635f727c20238b8d7ab934fff285f5201,0.01,5,,476.4351,
2026-03-20T00:40:01Z,EPL,278187,epl-bou-mun-2026-03-20-player-props,AFC Bournemouth vs. Manchester United FC - Player Props,2026-03-17T02:34:35.309076Z,1622650,epl-bou-mun-2026-03-20-ags-enes-unal,Enes Unal: Anytime Goalscorer,0x6f62acb75a08a59902ce7284d836429158cba7ae982af99a74f234bc8c8d2f07,"[""75123454316457593365072570301582768499354405893075248456133693003602156803597"", ""18518935165387989406803666500090038896661091119778552717814819956639586643100""]",75123454316457593365072570301582768499354405893075248456133693003602156803597|18518935165387989406803666500090038896661091119778552717814819956639586643100,75123454316457593365072570301582768499354405893075248456133693003602156803597,Yes,True,0.07,11.16,0.35,9.99,0.21,0.27999999999999997,88126ea80e515a6b8f90e2764936aaed1e69fc57,0.01,5,,78.7395,
2026-03-20T00:40:01Z,EPL,278187,epl-bou-mun-2026-03-20-player-props,AFC Bournemouth vs. Manchester United FC - Player Props,2026-03-17T02:34:35.309076Z,1622650,epl-bou-mun-2026-03-20-ags-enes-unal,Enes Unal: Anytime Goalscorer,0x6f62acb75a08a59902ce7284d836429158cba7ae982af99a74f234bc8c8d2f07,"[""75123454316457593365072570301582768499354405893075248456133693003602156803597"", ""18518935165387989406803666500090038896661091119778552717814819956639586643100""]",75123454316457593365072570301582768499354405893075248456133693003602156803597|18518935165387989406803666500090038896661091119778552717814819956639586643100,18518935165387989406803666500090038896661091119778552717814819956639586643100,No,True,0.65,9.99,0.93,11.16,0.79,0.28,e3238ddbf12ae9cfd242b6fd3351f797dc79efcb,0.01,5,,78.7395,
2026-03-20T00:40:01Z,EPL,278187,epl-bou-mun-2026-03-20-player-props,AFC Bournemouth vs. Manchester United FC - Player Props,2026-03-17T02:34:35.309076Z,1622651,epl-bou-mun-2026-03-20-ags-bruno-fernandes,Bruno Fernandes: Anytime Goalscorer,0x531dc6225239bbb1482612ecb2d3f102a09be616ba962fed82a50a6eacb903df,"[""30965284078953186892665522424913881977031793306676045320810433245540083081596"", ""89182038546331720326003330646755965550948650598766356958041277061100834731940""]",30965284078953186892665522424913881977031793306676045320810433245540083081596|89182038546331720326003330646755965550948650598766356958041277061100834731940,30965284078953186892665522424913881977031793306676045320810433245540083081596,Yes,True,0.05,5.58,0.35,9.99,0.19999999999999998,0.3,fcf04b4d95dd596a6df9a258b55f8d89f0791b21,0.01,5,,439.7136,
2026-03-20T00:40:01Z,EPL,278187,epl-bou-mun-2026-03-20-player-props,AFC Bournemouth vs. Manchester United FC - Player Props,2026-03-17T02:34:35.309076Z,1622651,epl-bou-mun-2026-03-20-ags-bruno-fernandes,Bruno Fernandes: Anytime Goalscorer,0x531dc6225239bbb1482612ecb2d3f102a09be616ba962fed82a50a6eacb903df,"[""30965284078953186892665522424913881977031793306676045320810433245540083081596"", ""89182038546331720326003330646755965550948650598766356958041277061100834731940""]",30965284078953186892665522424913881977031793306676045320810433245540083081596|89182038546331720326003330646755965550948650598766356958041277061100834731940,89182038546331720326003330646755965550948650598766356958041277061100834731940,No,True,0.65,9.99,0.95,5.58,0.8,0.29999999999999993,689f64fbde12e04face320c3885232f4ce09b262,0.01,5,,439.7136,
2026-03-20T00:40:01Z,EPL,278187,epl-bou-mun-2026-03-20-player-props,AFC Bournemouth vs. Manchester United FC - Player Props,2026-03-17T02:34:35.309076Z,1622652,epl-bou-mun-2026-03-20-ags-remy-rees-dottin,Remy Rees-Dottin: Anytime Goalscorer,0x8d48d1d50bc68efc98d5662e5b6e46d90ddd0db9b6cdfdc677e4c777f589d2a0,"[""30425550814627762234577093273844966793890563477673013387249940711962149573648"", ""94857834409341887718086420490092480237312322861100186018573811080308308978558""]",30425550814627762234577093273844966793890563477673013387249940711962149573648|94857834409341887718086420490092480237312322861100186018573811080308308978558,30425550814627762234577093273844966793890563477673013387249940711962149573648,Yes,True,0.03,41.66,0.28,34.73,0.15500000000000003,0.25,b809054343dc18b205ab1e4fb0afe9fdaad50fc9,0.01,5,0.010,48.013,291.4153
2026-03-20T00:40:01Z,EPL,278187,epl-bou-mun-2026-03-20-player-props,AFC Bournemouth vs. Manchester United FC - Player Props,2026-03-17T02:34:35.309076Z,1622652,epl-bou-mun-2026-03-20-ags-remy-rees-dottin,Remy Rees-Dottin: Anytime Goalscorer,0x8d48d1d50bc68efc98d5662e5b6e46d90ddd0db9b6cdfdc677e4c777f589d2a0,"[""30425550814627762234577093273844966793890563477673013387249940711962149573648"", ""94857834409341887718086420490092480237312322861100186018573811080308308978558""]",30425550814627762234577093273844966793890563477673013387249940711962149573648|94857834409341887718086420490092480237312322861100186018573811080308308978558,94857834409341887718086420490092480237312322861100186018573811080308308978558,No,True,0.72,34.73,0.97,41.66,0.845,0.25,79df4c889f9ed32dc08a4b8c3970f7a5e21b089f,0.01,5,0.010,48.013,291.4153
2026-03-20T00:40:01Z,EPL,278187,epl-bou-mun-2026-03-20-player-props,AFC Bournemouth vs. Manchester United FC - Player Props,2026-03-17T02:34:35.309076Z,1622653,epl-bou-mun-2026-03-20-ags-joshua-zirkzee,Joshua Zirkzee: Anytime Goalscorer,0x57f621300994cabc93073f5a760aa892e3cfe35b630ddd35c144764b3c6075c9,"[""92724961186354886876153518202986815244978743079301847726966922038325401787023"", ""60987678768426503254776246936104058212535876864819591616171151874854611900463""]",92724961186354886876153518202986815244978743079301847726966922038325401787023|60987678768426503254776246936104058212535876864819591616171151874854611900463,92724961186354886876153518202986815244978743079301847726966922038325401787023,Yes,True,0.07,11.16,0.33,9.7,0.2,0.26,40e87e2e7426af5d7c33c0bd91fc5cd054ec6d5d,0.01,5,,46.1,
2026-03-20T00:40:01Z,EPL,278187,epl-bou-mun-2026-03-20-player-props,AFC Bournemouth vs. Manchester United FC - Player Props,2026-03-17T02:34:35.309076Z,1622653,epl-bou-mun-2026-03-20-ags-joshua-zirkzee,Joshua Zirkzee: Anytime Goalscorer,0x57f621300994cabc93073f5a760aa892e3cfe35b630ddd35c144764b3c6075c9,"[""92724961186354886876153518202986815244978743079301847726966922038325401787023"", ""60987678768426503254776246936104058212535876864819591616171151874854611900463""]",92724961186354886876153518202986815244978743079301847726966922038325401787023|60987678768426503254776246936104058212535876864819591616171151874854611900463,60987678768426503254776246936104058212535876864819591616171151874854611900463,No,True,0.67,9.7,0.93,11.16,0.8,0.26,a46e31d838e65ce900bffe370d35ff9e2b528774,0.01,5,,46.1,
2026-03-20T00:40:01Z,EPL,278187,epl-bou-mun-2026-03-20-player-props,AFC Bournemouth vs. Manchester United FC - Player Props,2026-03-17T02:34:35.309076Z,1622654,epl-bou-mun-2026-03-20-ags-casemiro,Casemiro: Anytime Goalscorer,0xbde3205580a05206e633fd0412be5078003e94c2d6f702edce31ed143007f975,"[""2124067167889228435859426364103380940763186453077224900644552694135612224513"", ""80151984987727524571471047940471964293665738045342058086077834933225337794817""]",2124067167889228435859426364103380940763186453077224900644552694135612224513|80151984987727524571471047940471964293665738045342058086077834933225337794817,2124067167889228435859426364103380940763186453077224900644552694135612224513,Yes,True,0.05,5.58,0.28,9.02,0.165,0.23000000000000004,cead2a8ada29665fbc8c2dedcf16c583b94fe589,0.01,5,,425.2446,
2026-03-20T00:40:01Z,EPL,278187,epl-bou-mun-2026-03-20-player-props,AFC Bournemouth vs. Manchester United FC - Player Props,2026-03-17T02:34:35.309076Z,1622654,epl-bou-mun-2026-03-20-ags-casemiro,Casemiro: Anytime Goalscorer,0xbde3205580a05206e633fd0412be5078003e94c2d6f702edce31ed143007f975,"[""2124067167889228435859426364103380940763186453077224900644552694135612224513"", ""80151984987727524571471047940471964293665738045342058086077834933225337794817""]",2124067167889228435859426364103380940763186453077224900644552694135612224513|80151984987727524571471047940471964293665738045342058086077834933225337794817,80151984987727524571471047940471964293665738045342058086077834933225337794817,No,True,0.72,9.02,0.95,5.58,0.835,0.22999999999999998,412e85afbdfa148233d30c75915eda81b743b770,0.01,5,,425.2446,
2026-03-20T00:40:01Z,EPL,278187,epl-bou-mun-2026-03-20-player-props,AFC Bournemouth vs. Manchester United FC - Player Props,2026-03-17T02:34:35.309076Z,1622655,epl-bou-mun-2026-03-20-ags-mason-mount,Mason Mount: Anytime Goalscorer,0x02b17b56a09a95af66c8c01fa693a72215fb8a57daf6325f13bed0340fe5cd9b,"[""5393864639351212094409437220676589553440412883871136473599519438382624646059"", ""96534075544655313273071963897525112273485583894675098921639434083957553554924""]",5393864639351212094409437220676589553440412883871136473599519438382624646059|96534075544655313273071963897525112273485583894675098921639434083957553554924,5393864639351212094409437220676589553440412883871136473599519438382624646059,Yes,True,0.07,5.58,0.29,9.15,0.18,0.21999999999999997,8ab33da026e21200f2ab0ddc608b9b637837b993,0.01,5,,43.5917,
2026-03-20T00:40:01Z,EPL,278187,epl-bou-mun-2026-03-20-player-props,AFC Bournemouth vs. Manchester United FC - Player Props,2026-03-17T02:34:35.309076Z,1622655,epl-bou-mun-2026-03-20-ags-mason-mount,Mason Mount: Anytime Goalscorer,0x02b17b56a09a95af66c8c01fa693a72215fb8a57daf6325f13bed0340fe5cd9b,"[""5393864639351212094409437220676589553440412883871136473599519438382624646059"", ""96534075544655313273071963897525112273485583894675098921639434083957553554924""]",5393864639351212094409437220676589553440412883871136473599519438382624646059|96534075544655313273071963897525112273485583894675098921639434083957553554924,96534075544655313273071963897525112273485583894675098921639434083957553554924,No,True,0.71,9.15,0.93,5.58,0.8200000000000001,0.22000000000000008,81a20f27fb5d269e80373810d261867dd5ffced1,0.01,5,,43.5917,
2026-03-20T00:40:01Z,EPL,278187,epl-bou-mun-2026-03-20-player-props,AFC Bournemouth vs. Manchester United FC - Player Props,2026-03-17T02:34:35.309076Z,1622656,epl-bou-mun-2026-03-20-ags-amad-diallo,Amad Diallo: Anytime Goalscorer,0x3424dd654b34e06d06a290dad11324023c31e92bcdca313d9b110ee474966c7e,"[""36880461900163518948623884602485577171300727587185675896756862354932939101916"", ""99168903594846819031121757675050582853736196763393765221128254470626377993743""]",36880461900163518948623884602485577171300727587185675896756862354932939101916|99168903594846819031121757675050582853736196763393765221128254470626377993743,36880461900163518948623884602485577171300727587185675896756862354932939101916,Yes,True,0.07,5.58,0.29,9.15,0.18,0.21999999999999997,fd63db4bcdabfddbefc55c94d9038b75ad6bd007,0.01,5,,45.1535,
2026-03-20T00:40:01Z,EPL,278187,epl-bou-mun-2026-03-20-player-props,AFC Bournemouth vs. Manchester United FC - Player Props,2026-03-17T02:34:35.309076Z,1622656,epl-bou-mun-2026-03-20-ags-amad-diallo,Amad Diallo: Anytime Goalscorer,0x3424dd654b34e06d06a290dad11324023c31e92bcdca313d9b110ee474966c7e,"[""36880461900163518948623884602485577171300727587185675896756862354932939101916"", ""99168903594846819031121757675050582853736196763393765221128254470626377993743""]",36880461900163518948623884602485577171300727587185675896756862354932939101916|99168903594846819031121757675050582853736196763393765221128254470626377993743,99168903594846819031121757675050582853736196763393765221128254470626377993743,No,True,0.71,9.15,0.93,5.58,0.8200000000000001,0.22000000000000008,4fc457c870111de6e7b4a90c56cbd6d96642ac30,0.01,5,,45.1535,
2026-03-20T00:40:01Z,EPL,278187,epl-bou-mun-2026-03-20-player-props,AFC Bournemouth vs. Manchester United FC - Player Props,2026-03-17T02:34:35.309076Z,1622657,epl-bou-mun-2026-03-20-ags-marcus-tavernier,Marcus Tavernier: Anytime Goalscorer,0x60dce299e099abb6750be911e0cddf1198ad1813dcbe1b1c2f679d63c42be842,"[""68578820652623673262722526121947164095200846685494356010913516408179069168807"", ""38634828675881082992207562802058682335760302087852436274890738032548300623894""]",68578820652623673262722526121947164095200846685494356010913516408179069168807|38634828675881082992207562802058682335760302087852436274890738032548300623894,68578820652623673262722526121947164095200846685494356010913516408179069168807,Yes,True,0.07,11.16,0.26,8.78,0.165,0.19,c5087eba7b8f7e743218b804e0832a41faf96a4d,0.01,5,,44.4381,
2026-03-20T00:40:01Z,EPL,278187,epl-bou-mun-2026-03-20-player-props,AFC Bournemouth vs. Manchester United FC - Player Props,2026-03-17T02:34:35.309076Z,1622657,epl-bou-mun-2026-03-20-ags-marcus-tavernier,Marcus Tavernier: Anytime Goalscorer,0x60dce299e099abb6750be911e0cddf1198ad1813dcbe1b1c2f679d63c42be842,"[""68578820652623673262722526121947164095200846685494356010913516408179069168807"", ""38634828675881082992207562802058682335760302087852436274890738032548300623894""]",68578820652623673262722526121947164095200846685494356010913516408179069168807|38634828675881082992207562802058682335760302087852436274890738032548300623894,38634828675881082992207562802058682335760302087852436274890738032548300623894,No,True,0.74,8.78,0.93,11.16,0.835,0.19000000000000006,92fea45641d6dee6736a0b27ab4a54db2db5f9a3,0.01,5,,44.4381,
2026-03-20T00:40:01Z,EPL,278187,epl-bou-mun-2026-03-20-player-props,AFC Bournemouth vs. Manchester United FC - Player Props,2026-03-17T02:34:35.309076Z,1622658,epl-bou-mun-2026-03-20-ags-ben-doak,Ben Doak: Anytime Goalscorer,0x3b4bb70f20de058cfa68cfed26a321f8cfd82a8a6907b7bfb19843cc7c143622,"[""35420124022573404122113436758457871222749676599185737592663690251963196917433"", ""41062140992110756202617978574284376800189926283352349074198237944657685703539""]",35420124022573404122113436758457871222749676599185737592663690251963196917433|41062140992110756202617978574284376800189926283352349074198237944657685703539,35420124022573404122113436758457871222749676599185737592663690251963196917433,Yes,True,0.03,50.34,0.24,5.0,0.135,0.21,769d851498b7b431a26ee70c434367718b6b6983,0.01,5,0.070,39.2407,5.58
2026-03-20T00:40:01Z,EPL,278187,epl-bou-mun-2026-03-20-player-props,AFC Bournemouth vs. Manchester United FC - Player Props,2026-03-17T02:34:35.309076Z,1622658,epl-bou-mun-2026-03-20-ags-ben-doak,Ben Doak: Anytime Goalscorer,0x3b4bb70f20de058cfa68cfed26a321f8cfd82a8a6907b7bfb19843cc7c143622,"[""35420124022573404122113436758457871222749676599185737592663690251963196917433"", ""41062140992110756202617978574284376800189926283352349074198237944657685703539""]",35420124022573404122113436758457871222749676599185737592663690251963196917433|41062140992110756202617978574284376800189926283352349074198237944657685703539,41062140992110756202617978574284376800189926283352349074198237944657685703539,No,True,0.76,5.0,0.97,50.34,0.865,0.20999999999999996,f2169f286c22d1e7b23ea1f67dea036cf09d142c,0.01,5,0.070,39.2407,5.58
2026-03-20T00:40:01Z,EPL,278187,epl-bou-mun-2026-03-20-player-props,AFC Bournemouth vs. Manchester United FC - Player Props,2026-03-17T02:34:35.309076Z,1622659,epl-bou-mun-2026-03-20-ags-david-brooks,David Brooks: Anytime Goalscorer,0x9c265260a65f29bd5f9b93da35a88b895584931987961b3984bbc5bb82db20c1,"[""115196422724011099045455582058840940898091858855643017956116132030740614983088"", ""84071106972887391404234020567716552771997723611719564484725636769231866730367""]",115196422724011099045455582058840940898091858855643017956116132030740614983088|84071106972887391404234020567716552771997723611719564484725636769231866730367,115196422724011099045455582058840940898091858855643017956116132030740614983088,Yes,True,0.07,5.58,0.25,8.66,0.16,0.18,775f95354e1b31013f30da1e7a4be493e32624e9,0.01,5,,43.5433,
2026-03-20T00:40:01Z,EPL,278187,epl-bou-mun-2026-03-20-player-props,AFC Bournemouth vs. Manchester United FC - Player Props,2026-03-17T02:34:35.309076Z,1622659,epl-bou-mun-2026-03-20-ags-david-brooks,David Brooks: Anytime Goalscorer,0x9c265260a65f29bd5f9b93da35a88b895584931987961b3984bbc5bb82db20c1,"[""115196422724011099045455582058840940898091858855643017956116132030740614983088"", ""84071106972887391404234020567716552771997723611719564484725636769231866730367""]",115196422724011099045455582058840940898091858855643017956116132030740614983088|84071106972887391404234020567716552771997723611719564484725636769231866730367,84071106972887391404234020567716552771997723611719564484725636769231866730367,No,True,0.75,8.66,0.93,5.58,0.8400000000000001,0.18000000000000005,d098f95102242e25ac0294bb26692df7346dd444,0.01,5,,43.5433,
2026-03-20T00:40:01Z,EPL,278309,epl-tot-not-2026-03-22-player-props,Tottenham Hotspur FC vs. Nottingham Forest FC - Player Props,2026-03-17T03:35:49.045521Z,1622996,epl-tot-not-2026-03-22-ags-richarlison,Richarlison: Anytime Goalscorer,0x0bfe3c786097f184c5e32f4578b9b756b00e49c43213fe323873f3942709c140,"[""8585564041905240355013244359010782558430554841439652608333713325996887137272"", ""44584921434191427966217214309803260910922304438650982943213222391229834162853""]",8585564041905240355013244359010782558430554841439652608333713325996887137272|44584921434191427966217214309803260910922304438650982943213222391229834162853,8585564041905240355013244359010782558430554841439652608333713325996887137272,Yes,True,0.07,5.58,0.43,11.4,0.25,0.36,10c230442e01293f9114a6a1aa925988802c82ba,0.01,5,,411.4765,
2026-03-20T00:40:01Z,EPL,278309,epl-tot-not-2026-03-22-player-props,Tottenham Hotspur FC vs. Nottingham Forest FC - Player Props,2026-03-17T03:35:49.045521Z,1622996,epl-tot-not-2026-03-22-ags-richarlison,Richarlison: Anytime Goalscorer,0x0bfe3c786097f184c5e32f4578b9b756b00e49c43213fe323873f3942709c140,"[""8585564041905240355013244359010782558430554841439652608333713325996887137272"", ""44584921434191427966217214309803260910922304438650982943213222391229834162853""]",8585564041905240355013244359010782558430554841439652608333713325996887137272|44584921434191427966217214309803260910922304438650982943213222391229834162853,44584921434191427966217214309803260910922304438650982943213222391229834162853,No,True,0.57,11.4,0.93,5.58,0.75,0.3600000000000001,7996c50319a2a8e62d38e3d8e7ed01b18143f24b,0.01,5,,411.4765,
2026-03-20T00:40:01Z,EPL,278309,epl-tot-not-2026-03-22-player-props,Tottenham Hotspur FC vs. Nottingham Forest FC - Player Props,2026-03-17T03:35:49.045521Z,1622997,epl-tot-not-2026-03-22-ags-dominic-solanke,Dominic Solanke: Anytime Goalscorer,0xd788dc3403a7c1a73f5f18cb39cdf619afeddfdba2a8c53fbd7d45e6de72db63,"[""43438076613741221516931056010316009631101713416513038091210916128073417236193"", ""18307453834719048577686258070496743158479715530881542985044447848372661749904""]",43438076613741221516931056010316009631101713416513038091210916128073417236193|18307453834719048577686258070496743158479715530881542985044447848372661749904,43438076613741221516931056010316009631101713416513038091210916128073417236193,Yes,True,0.05,5.58,0.44,11.6,0.245,0.39,f77fef0651a971e1cfc7ac1c64236a161e4a2246,0.01,5,,416.6955,
2026-03-20T00:40:01Z,EPL,278309,epl-tot-not-2026-03-22-player-props,Tottenham Hotspur FC vs. Nottingham Forest FC - Player Props,2026-03-17T03:35:49.045521Z,1622997,epl-tot-not-2026-03-22-ags-dominic-solanke,Dominic Solanke: Anytime Goalscorer,0xd788dc3403a7c1a73f5f18cb39cdf619afeddfdba2a8c53fbd7d45e6de72db63,"[""43438076613741221516931056010316009631101713416513038091210916128073417236193"", ""18307453834719048577686258070496743158479715530881542985044447848372661749904""]",43438076613741221516931056010316009631101713416513038091210916128073417236193|18307453834719048577686258070496743158479715530881542985044447848372661749904,18307453834719048577686258070496743158479715530881542985044447848372661749904,No,True,0.56,11.6,0.95,5.58,0.755,0.3899999999999999,19cfbbbb2c3a38acfb39ebcb90f07eb482b97e0a,0.01,5,,416.6955,
2026-03-20T00:40:01Z,EPL,278309,epl-tot-not-2026-03-22-player-props,Tottenham Hotspur FC vs. Nottingham Forest FC - Player Props,2026-03-17T03:35:49.045521Z,1622998,epl-tot-not-2026-03-22-ags-morgan-gibbs-white,Morgan Gibbs-White: Anytime Goalscorer,0xaf8898c50684a66a6d78afff9610eb2e58a84d10fadfffa7e7e398eaa17a6f29,"[""18675747939915764424506761027063516147807207664211659170757262704467475135081"", ""110959152212795612912816978975486090564617830179266613608352834825172941502937""]",18675747939915764424506761027063516147807207664211659170757262704467475135081|110959152212795612912816978975486090564617830179266613608352834825172941502937,18675747939915764424506761027063516147807207664211659170757262704467475135081,Yes,True,0.07,5.58,0.37,10.31,0.22,0.3,a5b9864365a11ccbf6c076eb87f6483d77f94f73,0.01,5,,382.2215,
2026-03-20T00:40:01Z,EPL,278309,epl-tot-not-2026-03-22-player-props,Tottenham Hotspur FC vs. Nottingham Forest FC - Player Props,2026-03-17T03:35:49.045521Z,1622998,epl-tot-not-2026-03-22-ags-morgan-gibbs-white,Morgan Gibbs-White: Anytime Goalscorer,0xaf8898c50684a66a6d78afff9610eb2e58a84d10fadfffa7e7e398eaa17a6f29,"[""18675747939915764424506761027063516147807207664211659170757262704467475135081"", ""110959152212795612912816978975486090564617830179266613608352834825172941502937""]",18675747939915764424506761027063516147807207664211659170757262704467475135081|110959152212795612912816978975486090564617830179266613608352834825172941502937,110959152212795612912816978975486090564617830179266613608352834825172941502937,No,True,0.63,10.31,0.93,5.58,0.78,0.30000000000000004,e0a44708e250a413832494d093f9f4dd18a4dbaa,0.01,5,,382.2215,
2026-03-20T00:40:01Z,EPL,278309,epl-tot-not-2026-03-22-player-props,Tottenham Hotspur FC vs. Nottingham Forest FC - Player Props,2026-03-17T03:35:49.045521Z,1622999,epl-tot-not-2026-03-22-ags-igor-jesus,Igor Jesus: Anytime Goalscorer,0x6acbe7996bb387625e2dea18bb31cb9f25e220742f68503eee06b1de1195c6e5,"[""71831257597774264493013779114362083145112266987402918700341409981221929716666"", ""90042574713656979335135242101660125502600496167464204459587062608725067911966""]",71831257597774264493013779114362083145112266987402918700341409981221929716666|90042574713656979335135242101660125502600496167464204459587062608725067911966,71831257597774264493013779114362083145112266987402918700341409981221929716666,Yes,True,0.05,5.58,0.41,11.01,0.22999999999999998,0.36,dbe1a06964c2d92b2b6bd316289a50bdd5076ed6,0.01,5,,431.1782,
2026-03-20T00:40:01Z,EPL,278309,epl-tot-not-2026-03-22-player-props,Tottenham Hotspur FC vs. Nottingham Forest FC - Player Props,2026-03-17T03:35:49.045521Z,1622999,epl-tot-not-2026-03-22-ags-igor-jesus,Igor Jesus: Anytime Goalscorer,0x6acbe7996bb387625e2dea18bb31cb9f25e220742f68503eee06b1de1195c6e5,"[""71831257597774264493013779114362083145112266987402918700341409981221929716666"", ""90042574713656979335135242101660125502600496167464204459587062608725067911966""]",71831257597774264493013779114362083145112266987402918700341409981221929716666|90042574713656979335135242101660125502600496167464204459587062608725067911966,90042574713656979335135242101660125502600496167464204459587062608725067911966,No,True,0.59,11.01,0.95,5.58,0.77,0.36,c10f31dee68d7916c2dcf18ea71828ee0be3a429,0.01,5,,431.1782,
2026-03-20T00:40:01Z,EPL,278309,epl-tot-not-2026-03-22-player-props,Tottenham Hotspur FC vs. Nottingham Forest FC - Player Props,2026-03-17T03:35:49.045521Z,1623000,epl-tot-not-2026-03-22-ags-taiwo-awoniyi,Taiwo Awoniyi: Anytime Goalscorer,0xfc9f81d534dfa7bb47ad44af54ec2fcbb10ee8ad1df90e8d5d356450402b3b4b,"[""57800270222378505945925317264799358697654170510203265876304613021874281288378"", ""14762408801382586046402875398853856882120674590425052363528859081717404033404""]",57800270222378505945925317264799358697654170510203265876304613021874281288378|14762408801382586046402875398853856882120674590425052363528859081717404033404,57800270222378505945925317264799358697654170510203265876304613021874281288378,Yes,True,0.07,5.58,0.96,31.24,0.515,0.8899999999999999,bdd20b35381c50ef203799e9d64147dd6239f3ad,0.01,5,,28.9839,
2026-03-20T00:40:01Z,EPL,278309,epl-tot-not-2026-03-22-player-props,Tottenham Hotspur FC vs. Nottingham Forest FC - Player Props,2026-03-17T03:35:49.045521Z,1623000,epl-tot-not-2026-03-22-ags-taiwo-awoniyi,Taiwo Awoniyi: Anytime Goalscorer,0xfc9f81d534dfa7bb47ad44af54ec2fcbb10ee8ad1df90e8d5d356450402b3b4b,"[""57800270222378505945925317264799358697654170510203265876304613021874281288378"", ""14762408801382586046402875398853856882120674590425052363528859081717404033404""]",57800270222378505945925317264799358697654170510203265876304613021874281288378|14762408801382586046402875398853856882120674590425052363528859081717404033404,14762408801382586046402875398853856882120674590425052363528859081717404033404,No,True,0.04,31.24,0.93,5.58,0.48500000000000004,0.89,7a4ca745b340be072e52c0690edb759c9f6456cd,0.01,5,,28.9839,
2026-03-20T00:40:01Z,EPL,278309,epl-tot-not-2026-03-22-player-props,Tottenham Hotspur FC vs. Nottingham Forest FC - Player Props,2026-03-17T03:35:49.045521Z,1623001,epl-tot-not-2026-03-22-ags-randal-kolo-muani,Randal Kolo Muani: Anytime Goalscorer,0x84223da62910326664c1406fb78287861fd5c9d36cf8e867c60dcc31ead121ca,"[""102041878985762246502885608117888977216803702141692872550873423127180251110560"", ""101896962338342490706871786434364829658729079165883211343089191496064027696586""]",102041878985762246502885608117888977216803702141692872550873423127180251110560|101896962338342490706871786434364829658729079165883211343089191496064027696586,102041878985762246502885608117888977216803702141692872550873423127180251110560,Yes,True,0.05,5.58,0.96,31.24,0.505,0.9099999999999999,618205b3aa88da82631ca0f8b900e447b2640786,0.01,5,,31.6151,
2026-03-20T00:40:01Z,EPL,278309,epl-tot-not-2026-03-22-player-props,Tottenham Hotspur FC vs. Nottingham Forest FC - Player Props,2026-03-17T03:35:49.045521Z,1623001,epl-tot-not-2026-03-22-ags-randal-kolo-muani,Randal Kolo Muani: Anytime Goalscorer,0x84223da62910326664c1406fb78287861fd5c9d36cf8e867c60dcc31ead121ca,"[""102041878985762246502885608117888977216803702141692872550873423127180251110560"", ""101896962338342490706871786434364829658729079165883211343089191496064027696586""]",102041878985762246502885608117888977216803702141692872550873423127180251110560|101896962338342490706871786434364829658729079165883211343089191496064027696586,101896962338342490706871786434364829658729079165883211343089191496064027696586,No,True,0.04,31.24,0.95,5.58,0.495,0.9099999999999999,383099757500926bb74b0b55cd3df99c7f98e05e,0.01,5,,31.6151,
2026-03-20T00:40:01Z,EPL,278309,epl-tot-not-2026-03-22-player-props,Tottenham Hotspur FC vs. Nottingham Forest FC - Player Props,2026-03-17T03:35:49.045521Z,1623002,epl-tot-not-2026-03-22-ags-james-wilson,James Wilson: Anytime Goalscorer,0x2529bb96bfeef4d79c0bb0ee5dfefc8553eaa05c94f1923bb9eb3c6e3dffb647,"[""74285072540508459451179037383221298701264207526191760741157890753931190582230"", ""72420230219294543306988314304997401346727420963801300957705489589220239528140""]",74285072540508459451179037383221298701264207526191760741157890753931190582230|72420230219294543306988314304997401346727420963801300957705489589220239528140,74285072540508459451179037383221298701264207526191760741157890753931190582230,Yes,True,0.05,5.58,0.96,31.24,0.505,0.9099999999999999,d6a17f9aa056635d1121ea3b9462d71dad575130,0.01,5,,28.8158,
2026-03-20T00:40:01Z,EPL,278309,epl-tot-not-2026-03-22-player-props,Tottenham Hotspur FC vs. Nottingham Forest FC - Player Props,2026-03-17T03:35:49.045521Z,1623002,epl-tot-not-2026-03-22-ags-james-wilson,James Wilson: Anytime Goalscorer,0x2529bb96bfeef4d79c0bb0ee5dfefc8553eaa05c94f1923bb9eb3c6e3dffb647,"[""74285072540508459451179037383221298701264207526191760741157890753931190582230"", ""72420230219294543306988314304997401346727420963801300957705489589220239528140""]",74285072540508459451179037383221298701264207526191760741157890753931190582230|72420230219294543306988314304997401346727420963801300957705489589220239528140,72420230219294543306988314304997401346727420963801300957705489589220239528140,No,True,0.04,31.24,0.95,5.58,0.495,0.9099999999999999,86ca39e372f77e5162333db7236bccb054b8e9c0,0.01,5,,28.8158,
2026-03-20T00:40:01Z,EPL,278309,epl-tot-not-2026-03-22-player-props,Tottenham Hotspur FC vs. Nottingham Forest FC - Player Props,2026-03-17T03:35:49.045521Z,1623003,epl-tot-not-2026-03-22-ags-callum-hudson-odoi,Callum Hudson-Odoi: Anytime Goalscorer,0x28af7f73a9e19f1e956b5d0d6e39e9270a94a80b30b893d1dfc5571f8d8d5448,"[""63003075294208004659277705621035662831212099634600737157894728219132860347136"", ""20866163742271554674372095288754980497576564817676161557504134778635119598945""]",63003075294208004659277705621035662831212099634600737157894728219132860347136|20866163742271554674372095288754980497576564817676161557504134778635119598945,63003075294208004659277705621035662831212099634600737157894728219132860347136,Yes,True,0.05,5.58,0.96,31.24,0.505,0.9099999999999999,fc9f9eda029fa4e0daae5b2638ec8a2ab4b46db5,0.01,5,,31.4715,
2026-03-20T00:40:01Z,EPL,278309,epl-tot-not-2026-03-22-player-props,Tottenham Hotspur FC vs. Nottingham Forest FC - Player Props,2026-03-17T03:35:49.045521Z,1623003,epl-tot-not-2026-03-22-ags-callum-hudson-odoi,Callum Hudson-Odoi: Anytime Goalscorer,0x28af7f73a9e19f1e956b5d0d6e39e9270a94a80b30b893d1dfc5571f8d8d5448,"[""63003075294208004659277705621035662831212099634600737157894728219132860347136"", ""20866163742271554674372095288754980497576564817676161557504134778635119598945""]",63003075294208004659277705621035662831212099634600737157894728219132860347136|20866163742271554674372095288754980497576564817676161557504134778635119598945,20866163742271554674372095288754980497576564817676161557504134778635119598945,No,True,0.04,31.24,0.95,5.58,0.495,0.9099999999999999,bb551526e7ef04799db7a51371b8931f8ad85804,0.01,5,,31.4715,
2026-03-20T00:40:01Z,EPL,278309,epl-tot-not-2026-03-22-player-props,Tottenham Hotspur FC vs. Nottingham Forest FC - Player Props,2026-03-17T03:35:49.045521Z,1623004,epl-tot-not-2026-03-22-ags-mathys-tel,Mathys Tel: Anytime Goalscorer,0xa4263ca9d491bba6f669f05d199046e7349c4c7ae67603e0ca6aa178146e1b0b,"[""90042054756450075631021427556568094860934784493569206389203783462299718815205"", ""38179950829316396569433057294013558788175532573680798917329630136094098232101""]",90042054756450075631021427556568094860934784493569206389203783462299718815205|38179950829316396569433057294013558788175532573680798917329630136094098232101,90042054756450075631021427556568094860934784493569206389203783462299718815205,Yes,True,0.05,5.58,0.96,31.24,0.505,0.9099999999999999,696aac5878183f484ddf426f282d11e6de314fa3,0.01,5,,28.7115,
2026-03-20T00:40:01Z,EPL,278309,epl-tot-not-2026-03-22-player-props,Tottenham Hotspur FC vs. Nottingham Forest FC - Player Props,2026-03-17T03:35:49.045521Z,1623004,epl-tot-not-2026-03-22-ags-mathys-tel,Mathys Tel: Anytime Goalscorer,0xa4263ca9d491bba6f669f05d199046e7349c4c7ae67603e0ca6aa178146e1b0b,"[""90042054756450075631021427556568094860934784493569206389203783462299718815205"", ""38179950829316396569433057294013558788175532573680798917329630136094098232101""]",90042054756450075631021427556568094860934784493569206389203783462299718815205|38179950829316396569433057294013558788175532573680798917329630136094098232101,38179950829316396569433057294013558788175532573680798917329630136094098232101,No,True,0.04,31.24,0.95,5.58,0.495,0.9099999999999999,4c3ff52e16114743d5082bec9ac40fe3366ed4c6,0.01,5,,28.7115,
2026-03-20T00:40:01Z,EPL,278309,epl-tot-not-2026-03-22-player-props,Tottenham Hotspur FC vs. Nottingham Forest FC - Player Props,2026-03-17T03:35:49.045521Z,1623005,epl-tot-not-2026-03-22-ags-xavi-simons,Xavi Simons: Anytime Goalscorer,0x23a87df457acacd975bdcca820fc121b24b8c3c05b35daed5695fb1afba7f8ad,"[""37716713089585702545421921724136293910833852933352852930020203777574809944368"", ""76962450721844574755262811317937299016660807915711296623559927109107600955680""]",37716713089585702545421921724136293910833852933352852930020203777574809944368|76962450721844574755262811317937299016660807915711296623559927109107600955680,37716713089585702545421921724136293910833852933352852930020203777574809944368,Yes,True,0.07,5.58,0.96,31.24,0.515,0.8899999999999999,53ef93175d29f37a70eda16d1002d9e7966d02a3,0.01,5,,28.8439,
2026-03-20T00:40:01Z,EPL,278309,epl-tot-not-2026-03-22-player-props,Tottenham Hotspur FC vs. Nottingham Forest FC - Player Props,2026-03-17T03:35:49.045521Z,1623005,epl-tot-not-2026-03-22-ags-xavi-simons,Xavi Simons: Anytime Goalscorer,0x23a87df457acacd975bdcca820fc121b24b8c3c05b35daed5695fb1afba7f8ad,"[""37716713089585702545421921724136293910833852933352852930020203777574809944368"", ""76962450721844574755262811317937299016660807915711296623559927109107600955680""]",37716713089585702545421921724136293910833852933352852930020203777574809944368|76962450721844574755262811317937299016660807915711296623559927109107600955680,76962450721844574755262811317937299016660807915711296623559927109107600955680,No,True,0.04,31.24,0.93,5.58,0.48500000000000004,0.89,e5506b2726e72380477bf60571b185409793d8be,0.01,5,,28.8439,
2026-03-20T00:40:01Z,EPL,278309,epl-tot-not-2026-03-22-player-props,Tottenham Hotspur FC vs. Nottingham Forest FC - Player Props,2026-03-17T03:35:49.045521Z,1623006,epl-tot-not-2026-03-22-ags-james-mcatee,James McAtee: Anytime Goalscorer,0xc5b8a5dcf3f6139912032f43e01c113c762a9f44ed97937985d5509f78ce6232,"[""59287741979899573518353331136416003107607407443058419297376934495496266036803"", ""49390750060830613201013026524850758420979229675136322832316476408054765081995""]",59287741979899573518353331136416003107607407443058419297376934495496266036803|49390750060830613201013026524850758420979229675136322832316476408054765081995,59287741979899573518353331136416003107607407443058419297376934495496266036803,Yes,True,0.05,5.58,0.96,31.24,0.505,0.9099999999999999,07a0a5ab2f3663ab4ad6243900396895dd218145,0.01,5,,28.7726,
2026-03-20T00:40:01Z,EPL,278309,epl-tot-not-2026-03-22-player-props,Tottenham Hotspur FC vs. Nottingham Forest FC - Player Props,2026-03-17T03:35:49.045521Z,1623006,epl-tot-not-2026-03-22-ags-james-mcatee,James McAtee: Anytime Goalscorer,0xc5b8a5dcf3f6139912032f43e01c113c762a9f44ed97937985d5509f78ce6232,"[""59287741979899573518353331136416003107607407443058419297376934495496266036803"", ""49390750060830613201013026524850758420979229675136322832316476408054765081995""]",59287741979899573518353331136416003107607407443058419297376934495496266036803|49390750060830613201013026524850758420979229675136322832316476408054765081995,49390750060830613201013026524850758420979229675136322832316476408054765081995,No,True,0.04,31.24,0.95,5.58,0.495,0.9099999999999999,7b69e89eba795478be859cfdc21091655f75a704,0.01,5,,28.7726,
2026-03-20T00:40:01Z,EPL,278309,epl-tot-not-2026-03-22-player-props,Tottenham Hotspur FC vs. Nottingham Forest FC - Player Props,2026-03-17T03:35:49.045521Z,1623007,epl-tot-not-2026-03-22-ags-omari-hutchinson,Omari Hutchinson: Anytime Goalscorer,0x95ebdae3e1a1c0a963019fe107ca9898991085f13fe807df449a63092fbd14c8,"[""8660547058342756579094575047783959270973029257362484582806927368803622626261"", ""88871850511139314762140021533428362967745498257191251807640340419839793493506""]",8660547058342756579094575047783959270973029257362484582806927368803622626261|88871850511139314762140021533428362967745498257191251807640340419839793493506,8660547058342756579094575047783959270973029257362484582806927368803622626261,Yes,True,0.05,5.58,0.96,31.24,0.505,0.9099999999999999,80ca79080dc53f7387a55408850141819222d0ae,0.01,5,,28.8789,
2026-03-20T00:40:01Z,EPL,278309,epl-tot-not-2026-03-22-player-props,Tottenham Hotspur FC vs. Nottingham Forest FC - Player Props,2026-03-17T03:35:49.045521Z,1623007,epl-tot-not-2026-03-22-ags-omari-hutchinson,Omari Hutchinson: Anytime Goalscorer,0x95ebdae3e1a1c0a963019fe107ca9898991085f13fe807df449a63092fbd14c8,"[""8660547058342756579094575047783959270973029257362484582806927368803622626261"", ""88871850511139314762140021533428362967745498257191251807640340419839793493506""]",8660547058342756579094575047783959270973029257362484582806927368803622626261|88871850511139314762140021533428362967745498257191251807640340419839793493506,88871850511139314762140021533428362967745498257191251807640340419839793493506,No,True,0.04,31.24,0.95,5.58,0.495,0.9099999999999999,c6eb52280bd649bbfe28edf8092f5fb5c76d11c5,0.01,5,,28.8789,
2026-03-20T00:40:01Z,EPL,278310,epl-lee-bre-2026-03-21-player-props,Leeds United FC vs. Brentford FC - Player Props,2026-03-17T03:35:49.047687Z,1623008,epl-lee-bre-2026-03-21-ags-dominic-calvert-lewin,Dominic Calvert-Lewin: Anytime Goalscorer,0xa41c3ef784f5a9a9e101103311fa12d4772a5ba6c110d5edd3c4149e62e46f98,"[""35528599745427597998544042190322596861537779200448255889808673920466994758064"", ""96126912452404094442126146226164783162423649695029512249978697899229072621532""]",35528599745427597998544042190322596861537779200448255889808673920466994758064|96126912452404094442126146226164783162423649695029512249978697899229072621532,35528599745427597998544042190322596861537779200448255889808673920466994758064,Yes,True,0.05,5.58,0.52,13.54,0.28500000000000003,0.47000000000000003,fea97c1ade66067eeec25b30676670be8694ebb9,0.01,5,,83.2606,
2026-03-20T00:40:01Z,EPL,278310,epl-lee-bre-2026-03-21-player-props,Leeds United FC vs. Brentford FC - Player Props,2026-03-17T03:35:49.047687Z,1623008,epl-lee-bre-2026-03-21-ags-dominic-calvert-lewin,Dominic Calvert-Lewin: Anytime Goalscorer,0xa41c3ef784f5a9a9e101103311fa12d4772a5ba6c110d5edd3c4149e62e46f98,"[""35528599745427597998544042190322596861537779200448255889808673920466994758064"", ""96126912452404094442126146226164783162423649695029512249978697899229072621532""]",35528599745427597998544042190322596861537779200448255889808673920466994758064|96126912452404094442126146226164783162423649695029512249978697899229072621532,96126912452404094442126146226164783162423649695029512249978697899229072621532,No,True,0.48,13.54,0.95,5.58,0.715,0.47,925ec4ffe4cc6bd37c98498ad0555da822ba4282,0.01,5,,83.2606,
2026-03-20T00:40:01Z,EPL,278310,epl-lee-bre-2026-03-21-player-props,Leeds United FC vs. Brentford FC - Player Props,2026-03-17T03:35:49.047687Z,1623009,epl-lee-bre-2026-03-21-ags-lukas-nmecha,Lukas Nmecha: Anytime Goalscorer,0x1b8c74c7d5334201ffb9c2754e9b6abc3e5d17b56b4c60d3c13652a515812087,"[""56190943117294663402120126685671566095897149277299750125219748194022593273658"", ""6438136976830339505734995454373613215505068721591922172468867456028496728546""]",56190943117294663402120126685671566095897149277299750125219748194022593273658|6438136976830339505734995454373613215505068721591922172468867456028496728546,56190943117294663402120126685671566095897149277299750125219748194022593273658,Yes,True,0.05,5.58,0.53,13.82,0.29000000000000004,0.48000000000000004,1f1ff7261d252c6904b09afa49a24444c52a4718,0.01,5,,82.2565,
2026-03-20T00:40:01Z,EPL,278310,epl-lee-bre-2026-03-21-player-props,Leeds United FC vs. Brentford FC - Player Props,2026-03-17T03:35:49.047687Z,1623009,epl-lee-bre-2026-03-21-ags-lukas-nmecha,Lukas Nmecha: Anytime Goalscorer,0x1b8c74c7d5334201ffb9c2754e9b6abc3e5d17b56b4c60d3c13652a515812087,"[""56190943117294663402120126685671566095897149277299750125219748194022593273658"", ""6438136976830339505734995454373613215505068721591922172468867456028496728546""]",56190943117294663402120126685671566095897149277299750125219748194022593273658|6438136976830339505734995454373613215505068721591922172468867456028496728546,6438136976830339505734995454373613215505068721591922172468867456028496728546,No,True,0.47,13.82,0.95,5.58,0.71,0.48,1c828e22e9aec773573b2a2c411cca35e87ffcbf,0.01,5,,82.2565,
2026-03-20T00:40:01Z,EPL,278310,epl-lee-bre-2026-03-21-player-props,Leeds United FC vs. Brentford FC - Player Props,2026-03-17T03:35:49.047687Z,1623010,epl-lee-bre-2026-03-21-ags-joel-piroe,Joel Piroe: Anytime Goalscorer,0xff9f0ffed076e7a1e1f4e38282d956d5030eba0c86f38225b0d96b21f07db701,"[""51969509905953414614301588128757369956590121037057775258028890655337356283019"", ""37675840419646348745633387895794564387323150752460938809008016442669519636670""]",51969509905953414614301588128757369956590121037057775258028890655337356283019|37675840419646348745633387895794564387323150752460938809008016442669519636670,51969509905953414614301588128757369956590121037057775258028890655337356283019,Yes,True,0.07,11.16,0.55,14.44,0.31000000000000005,0.48000000000000004,2058d3dfc9d1c74265524d0c643a8da7d90ffc76,0.01,5,,80.4789,
2026-03-20T00:40:01Z,EPL,278310,epl-lee-bre-2026-03-21-player-props,Leeds United FC vs. Brentford FC - Player Props,2026-03-17T03:35:49.047687Z,1623010,epl-lee-bre-2026-03-21-ags-joel-piroe,Joel Piroe: Anytime Goalscorer,0xff9f0ffed076e7a1e1f4e38282d956d5030eba0c86f38225b0d96b21f07db701,"[""51969509905953414614301588128757369956590121037057775258028890655337356283019"", ""37675840419646348745633387895794564387323150752460938809008016442669519636670""]",51969509905953414614301588128757369956590121037057775258028890655337356283019|37675840419646348745633387895794564387323150752460938809008016442669519636670,37675840419646348745633387895794564387323150752460938809008016442669519636670,No,True,0.45,14.44,0.93,11.16,0.6900000000000001,0.48000000000000004,3423fa88dac90b8a8d5a37d8b259fc7e32b647f0,0.01,5,,80.4789,
2026-03-20T00:40:01Z,EPL,278310,epl-lee-bre-2026-03-21-player-props,Leeds United FC vs. Brentford FC - Player Props,2026-03-17T03:35:49.047687Z,1623011,epl-lee-bre-2026-03-21-ags-noah-okafor,Noah Okafor: Anytime Goalscorer,0xdc476289e629cc18ebba0309f49f7b7988e8e95687f21c00cd9e4de7de03964f,"[""106937732344679831869584805244386041675580085389544391802788338112846234201065"", ""77435951327061092970494099018664430228475662067509519116639913599592159947015""]",106937732344679831869584805244386041675580085389544391802788338112846234201065|77435951327061092970494099018664430228475662067509519116639913599592159947015,106937732344679831869584805244386041675580085389544391802788338112846234201065,Yes,True,0.05,5.58,0.53,13.82,0.29000000000000004,0.48000000000000004,491a3afd874428748ec197deac775008e46c6379,0.01,5,,82.2568,
2026-03-20T00:40:01Z,EPL,278310,epl-lee-bre-2026-03-21-player-props,Leeds United FC vs. Brentford FC - Player Props,2026-03-17T03:35:49.047687Z,1623011,epl-lee-bre-2026-03-21-ags-noah-okafor,Noah Okafor: Anytime Goalscorer,0xdc476289e629cc18ebba0309f49f7b7988e8e95687f21c00cd9e4de7de03964f,"[""106937732344679831869584805244386041675580085389544391802788338112846234201065"", ""77435951327061092970494099018664430228475662067509519116639913599592159947015""]",106937732344679831869584805244386041675580085389544391802788338112846234201065|77435951327061092970494099018664430228475662067509519116639913599592159947015,77435951327061092970494099018664430228475662067509519116639913599592159947015,No,True,0.47,13.82,0.95,5.58,0.71,0.48,9084b424d7386d639afeeee85a8c713118a2bb01,0.01,5,,82.2568,
2026-03-20T00:40:01Z,EPL,278310,epl-lee-bre-2026-03-21-player-props,Leeds United FC vs. Brentford FC - Player Props,2026-03-17T03:35:49.047687Z,1623012,epl-lee-bre-2026-03-21-ags-kevin-schade,Kevin Schade: Anytime Goalscorer,0x710e8ee706036ac87e0d8dd86b47125464b1e501b4382254f9fdcf131411906f,"[""1770145398347344262099994717959293459968244809102598904447839976591248743795"", ""105700665861704330139439687848353502231310937776215863965334582707648348810842""]",1770145398347344262099994717959293459968244809102598904447839976591248743795|105700665861704330139439687848353502231310937776215863965334582707648348810842,1770145398347344262099994717959293459968244809102598904447839976591248743795,Yes,True,0.05,5.58,0.52,13.54,0.28500000000000003,0.47000000000000003,290bd2bf0decfbe5af49a15d5dd0fb75d4b0f834,0.01,5,,83.2606,
2026-03-20T00:40:01Z,EPL,278310,epl-lee-bre-2026-03-21-player-props,Leeds United FC vs. Brentford FC - Player Props,2026-03-17T03:35:49.047687Z,1623012,epl-lee-bre-2026-03-21-ags-kevin-schade,Kevin Schade: Anytime Goalscorer,0x710e8ee706036ac87e0d8dd86b47125464b1e501b4382254f9fdcf131411906f,"[""1770145398347344262099994717959293459968244809102598904447839976591248743795"", ""105700665861704330139439687848353502231310937776215863965334582707648348810842""]",1770145398347344262099994717959293459968244809102598904447839976591248743795|105700665861704330139439687848353502231310937776215863965334582707648348810842,105700665861704330139439687848353502231310937776215863965334582707648348810842,No,True,0.48,13.54,0.95,5.58,0.715,0.47,e02c77fb2fa351cbe69a6dc5d36e3ff1db4728e9,0.01,5,,83.2606,
2026-03-20T00:40:01Z,EPL,278310,epl-lee-bre-2026-03-21-player-props,Leeds United FC vs. Brentford FC - Player Props,2026-03-17T03:35:49.047687Z,1623013,epl-lee-bre-2026-03-21-ags-dango-ouattara,Dango Ouattara: Anytime Goalscorer,0x1108e258e0031a38fd9da7e851b5b1e6d372c512680aef553271cf4ddfabc6ed,"[""93785727992529268583941968200845072773625196879303400101086226464670738178141"", ""43734251186311995028665591029290238353104008622956546266423073513874373480760""]",93785727992529268583941968200845072773625196879303400101086226464670738178141|43734251186311995028665591029290238353104008622956546266423073513874373480760,93785727992529268583941968200845072773625196879303400101086226464670738178141,Yes,True,0.08,12.52,0.95,10.0,0.515,0.87,1c663b7eae613adb63b1e00299b6ffaa321c3b87,0.01,5,,35.9802,
2026-03-20T00:40:01Z,EPL,278310,epl-lee-bre-2026-03-21-player-props,Leeds United FC vs. Brentford FC - Player Props,2026-03-17T03:35:49.047687Z,1623013,epl-lee-bre-2026-03-21-ags-dango-ouattara,Dango Ouattara: Anytime Goalscorer,0x1108e258e0031a38fd9da7e851b5b1e6d372c512680aef553271cf4ddfabc6ed,"[""93785727992529268583941968200845072773625196879303400101086226464670738178141"", ""43734251186311995028665591029290238353104008622956546266423073513874373480760""]",93785727992529268583941968200845072773625196879303400101086226464670738178141|43734251186311995028665591029290238353104008622956546266423073513874373480760,43734251186311995028665591029290238353104008622956546266423073513874373480760,No,True,0.05,10.0,0.92,12.52,0.48500000000000004,0.87,436cd85273cf52ebc6db797a8918bd5dce23149b,0.01,5,,35.9802,
2026-03-20T00:40:01Z,EPL,278310,epl-lee-bre-2026-03-21-player-props,Leeds United FC vs. Brentford FC - Player Props,2026-03-17T03:35:49.047687Z,1623014,epl-lee-bre-2026-03-21-ags-romelle-donovan,Romelle Donovan: Anytime Goalscorer,0x2f5b086109f30a58baf7a93202d90f6f618bd0da9e10e64f6fd736df285819ff,"[""98596611340008102666779281575013085432599367403062397603869012526307595292457"", ""102342255732210308411082130619930049995828236182940769793303658540414736564307""]",98596611340008102666779281575013085432599367403062397603869012526307595292457|102342255732210308411082130619930049995828236182940769793303658540414736564307,98596611340008102666779281575013085432599367403062397603869012526307595292457,Yes,True,0.08,6.25,0.96,31.24,0.52,0.88,d630840db85ce58ede390006130898f7d42096df,0.01,5,,36.251,
2026-03-20T00:40:01Z,EPL,278310,epl-lee-bre-2026-03-21-player-props,Leeds United FC vs. Brentford FC - Player Props,2026-03-17T03:35:49.047687Z,1623014,epl-lee-bre-2026-03-21-ags-romelle-donovan,Romelle Donovan: Anytime Goalscorer,0x2f5b086109f30a58baf7a93202d90f6f618bd0da9e10e64f6fd736df285819ff,"[""98596611340008102666779281575013085432599367403062397603869012526307595292457"", ""102342255732210308411082130619930049995828236182940769793303658540414736564307""]",98596611340008102666779281575013085432599367403062397603869012526307595292457|102342255732210308411082130619930049995828236182940769793303658540414736564307,102342255732210308411082130619930049995828236182940769793303658540414736564307,No,True,0.04,31.24,0.92,6.25,0.48000000000000004,0.88,936eabdd89e704bbebe18d850461891578b301f5,0.01,5,,36.251,
2026-03-20T00:40:01Z,EPL,278310,epl-lee-bre-2026-03-21-player-props,Leeds United FC vs. Brentford FC - Player Props,2026-03-17T03:35:49.047687Z,1623015,epl-lee-bre-2026-03-21-ags-daniel-james,Daniel James: Anytime Goalscorer,0x777b5c899ba6fc5544fcaa4e7460f1b28e38caf6de1555843babbad601e4ed42,"[""63309665324928273601372119212487246574692111177453635475890500458537119785343"", ""67551133089900459889212398662296317221863768431726785886795838278979848930783""]",63309665324928273601372119212487246574692111177453635475890500458537119785343|67551133089900459889212398662296317221863768431726785886795838278979848930783,63309665324928273601372119212487246574692111177453635475890500458537119785343,Yes,True,0.08,6.25,0.96,43.74,0.52,0.88,2e1020dac55eddc13278754c30e39287bff41b50,0.01,5,,36.7295,
2026-03-20T00:40:01Z,EPL,278310,epl-lee-bre-2026-03-21-player-props,Leeds United FC vs. Brentford FC - Player Props,2026-03-17T03:35:49.047687Z,1623015,epl-lee-bre-2026-03-21-ags-daniel-james,Daniel James: Anytime Goalscorer,0x777b5c899ba6fc5544fcaa4e7460f1b28e38caf6de1555843babbad601e4ed42,"[""63309665324928273601372119212487246574692111177453635475890500458537119785343"", ""67551133089900459889212398662296317221863768431726785886795838278979848930783""]",63309665324928273601372119212487246574692111177453635475890500458537119785343|67551133089900459889212398662296317221863768431726785886795838278979848930783,67551133089900459889212398662296317221863768431726785886795838278979848930783,No,True,0.04,43.74,0.92,6.25,0.48000000000000004,0.88,2be555b6e397f8e7482ae253a02ba746c4671926,0.01,5,,36.7295,
2026-03-20T00:40:01Z,EPL,278310,epl-lee-bre-2026-03-21-player-props,Leeds United FC vs. Brentford FC - Player Props,2026-03-17T03:35:49.047687Z,1623016,epl-lee-bre-2026-03-21-ags-luka-bentt,Luka Bentt: Anytime Goalscorer,0xe997cd81f08673aa72985b529d5730b6ef44158bb01e8af79479bc0e19c4a11b,"[""76808215559669278300516886947372531600181102397240474678739531106505267971964"", ""31013719187722014388744481334495158372669657449761971938653438549661883029593""]",76808215559669278300516886947372531600181102397240474678739531106505267971964|31013719187722014388744481334495158372669657449761971938653438549661883029593,76808215559669278300516886947372531600181102397240474678739531106505267971964,Yes,True,0.07,5.58,0.97,44.33,0.52,0.8999999999999999,efaf868c788f826d6bc918d21d024ef040b4eb67,0.01,5,,34.9251,
2026-03-20T00:40:01Z,EPL,278310,epl-lee-bre-2026-03-21-player-props,Leeds United FC vs. Brentford FC - Player Props,2026-03-17T03:35:49.047687Z,1623016,epl-lee-bre-2026-03-21-ags-luka-bentt,Luka Bentt: Anytime Goalscorer,0xe997cd81f08673aa72985b529d5730b6ef44158bb01e8af79479bc0e19c4a11b,"[""76808215559669278300516886947372531600181102397240474678739531106505267971964"", ""31013719187722014388744481334495158372669657449761971938653438549661883029593""]",76808215559669278300516886947372531600181102397240474678739531106505267971964|31013719187722014388744481334495158372669657449761971938653438549661883029593,31013719187722014388744481334495158372669657449761971938653438549661883029593,No,True,0.03,44.33,0.93,5.58,0.48000000000000004,0.9,9e3097c2f9016290ce5ad4158acd0637097169a2,0.01,5,,34.9251,
2026-03-20T00:40:01Z,EPL,278310,epl-lee-bre-2026-03-21-player-props,Leeds United FC vs. Brentford FC - Player Props,2026-03-17T03:35:49.047687Z,1623017,epl-lee-bre-2026-03-21-ags-anton-stach,Anton Stach: Anytime Goalscorer,0x5b76ba4a71ce24b743eef3b263b8864d589b6ac27b6051a5102dced2a16a7a5c,"[""57712316523728602589891647367984093883712389411589136356147724117605867503738"", ""51163017558367947387539275654724066683709023808696287011944726086409991183824""]",57712316523728602589891647367984093883712389411589136356147724117605867503738|51163017558367947387539275654724066683709023808696287011944726086409991183824,57712316523728602589891647367984093883712389411589136356147724117605867503738,Yes,True,0.07,12.72,0.96,43.74,0.515,0.8899999999999999,2c5abd4d19203f9761848790aea13aef9a7b013b,0.01,5,,35.7747,
2026-03-20T00:40:01Z,EPL,278310,epl-lee-bre-2026-03-21-player-props,Leeds United FC vs. Brentford FC - Player Props,2026-03-17T03:35:49.047687Z,1623017,epl-lee-bre-2026-03-21-ags-anton-stach,Anton Stach: Anytime Goalscorer,0x5b76ba4a71ce24b743eef3b263b8864d589b6ac27b6051a5102dced2a16a7a5c,"[""57712316523728602589891647367984093883712389411589136356147724117605867503738"", ""51163017558367947387539275654724066683709023808696287011944726086409991183824""]",57712316523728602589891647367984093883712389411589136356147724117605867503738|51163017558367947387539275654724066683709023808696287011944726086409991183824,51163017558367947387539275654724066683709023808696287011944726086409991183824,No,True,0.04,43.74,0.93,12.72,0.48500000000000004,0.89,8ebaae700b870dada18a42e937e410a8808f819a,0.01,5,,35.7747,
2026-03-20T00:40:01Z,EPL,278469,epl-ast-wes-2026-03-22-player-props,Aston Villa FC vs. West Ham United FC - Player Props,2026-03-17T04:35:55.862496Z,1623554,epl-ast-wes-2026-03-22-ags-ollie-watkins,Ollie Watkins: Anytime Goalscorer,0x2100faa011fbb33e55b797dd9c42ff6435b2794d48bcef2889ed3ffccc0c3078,"[""106406464569682709689928817927750373810600195818652895252309362943937614019777"", ""65167207565788150093323470518228934059674515876300571500962096828983018952081""]",106406464569682709689928817927750373810600195818652895252309362943937614019777|65167207565788150093323470518228934059674515876300571500962096828983018952081,106406464569682709689928817927750373810600195818652895252309362943937614019777,Yes,True,0.05,5.58,0.43,11.4,0.24,0.38,aec782885d0eba79f4d0cadf499b211f1d09f51d,0.01,5,,496.8902,
2026-03-20T00:40:01Z,EPL,278469,epl-ast-wes-2026-03-22-player-props,Aston Villa FC vs. West Ham United FC - Player Props,2026-03-17T04:35:55.862496Z,1623554,epl-ast-wes-2026-03-22-ags-ollie-watkins,Ollie Watkins: Anytime Goalscorer,0x2100faa011fbb33e55b797dd9c42ff6435b2794d48bcef2889ed3ffccc0c3078,"[""106406464569682709689928817927750373810600195818652895252309362943937614019777"", ""65167207565788150093323470518228934059674515876300571500962096828983018952081""]",106406464569682709689928817927750373810600195818652895252309362943937614019777|65167207565788150093323470518228934059674515876300571500962096828983018952081,65167207565788150093323470518228934059674515876300571500962096828983018952081,No,True,0.57,11.4,0.95,5.58,0.76,0.38,0238cc67d2fa7edcb063d8177cadd3392920fbb7,0.01,5,,496.8902,
2026-03-20T00:40:01Z,EPL,278469,epl-ast-wes-2026-03-22-player-props,Aston Villa FC vs. West Ham United FC - Player Props,2026-03-17T04:35:55.862496Z,1623556,epl-ast-wes-2026-03-22-ags-morgan-rogers,Morgan Rogers: Anytime Goalscorer,0x372e5a4c8c5df516cf258ae4d0aba42f6108ae88e6017695b2ab02ca94e80827,"[""67094492367860452487984234672735623015023292296598456136377563519329093138687"", ""18917517336042156974093531732327580532189336107245061361256627696498106855008""]",67094492367860452487984234672735623015023292296598456136377563519329093138687|18917517336042156974093531732327580532189336107245061361256627696498106855008,67094492367860452487984234672735623015023292296598456136377563519329093138687,Yes,True,0.05,5.58,0.41,11.01,0.22999999999999998,0.36,05f3b6febb14aeddf8e8e04e897333d5f90e9943,0.01,5,,483.5581,
2026-03-20T00:40:01Z,EPL,278469,epl-ast-wes-2026-03-22-player-props,Aston Villa FC vs. West Ham United FC - Player Props,2026-03-17T04:35:55.862496Z,1623556,epl-ast-wes-2026-03-22-ags-morgan-rogers,Morgan Rogers: Anytime Goalscorer,0x372e5a4c8c5df516cf258ae4d0aba42f6108ae88e6017695b2ab02ca94e80827,"[""67094492367860452487984234672735623015023292296598456136377563519329093138687"", ""18917517336042156974093531732327580532189336107245061361256627696498106855008""]",67094492367860452487984234672735623015023292296598456136377563519329093138687|18917517336042156974093531732327580532189336107245061361256627696498106855008,18917517336042156974093531732327580532189336107245061361256627696498106855008,No,True,0.59,11.01,0.95,5.58,0.77,0.36,adaf99085179fff6c7e9ad3c42f8cc239fd02734,0.01,5,,483.5581,
2026-03-20T00:40:01Z,EPL,278469,epl-ast-wes-2026-03-22-player-props,Aston Villa FC vs. West Ham United FC - Player Props,2026-03-17T04:35:55.862496Z,1623558,epl-ast-wes-2026-03-22-ags-emiliano-buendia,Emiliano Buendia: Anytime Goalscorer,0xa69766fcd114851325dcb1a27d86d77a2a3b9bb02e6122c3c3285602873655bb,"[""32256096102236357069085639935987123311302290025281025179679472324545730483475"", ""97833320702028573513210808619093953247175529701763797279833646647376064018159""]",32256096102236357069085639935987123311302290025281025179679472324545730483475|97833320702028573513210808619093953247175529701763797279833646647376064018159,32256096102236357069085639935987123311302290025281025179679472324545730483475,Yes,True,0.07,5.58,0.51,13.26,0.29000000000000004,0.44,d338897dea681550034cb888912078386eeaa071,0.01,5,,84.6628,
2026-03-20T00:40:01Z,EPL,278469,epl-ast-wes-2026-03-22-player-props,Aston Villa FC vs. West Ham United FC - Player Props,2026-03-17T04:35:55.862496Z,1623558,epl-ast-wes-2026-03-22-ags-emiliano-buendia,Emiliano Buendia: Anytime Goalscorer,0xa69766fcd114851325dcb1a27d86d77a2a3b9bb02e6122c3c3285602873655bb,"[""32256096102236357069085639935987123311302290025281025179679472324545730483475"", ""97833320702028573513210808619093953247175529701763797279833646647376064018159""]",32256096102236357069085639935987123311302290025281025179679472324545730483475|97833320702028573513210808619093953247175529701763797279833646647376064018159,97833320702028573513210808619093953247175529701763797279833646647376064018159,No,True,0.49,13.26,0.93,5.58,0.71,0.44000000000000006,f6ef9ec08b51aca1513a4fa5fd264304e512b1db,0.01,5,,84.6628,
2026-03-20T00:40:01Z,EPL,278469,epl-ast-wes-2026-03-22-player-props,Aston Villa FC vs. West Ham United FC - Player Props,2026-03-17T04:35:55.862496Z,1623560,epl-ast-wes-2026-03-22-ags-callum-wilson,Callum Wilson: Anytime Goalscorer,0x9fd3fb1b56a9ed15fafedd3f40a66e9abc8f1238222ebe2b0cc873db548ee175,"[""87200551068592168348011279927099069507003518095849298150744858934876128590287"", ""23401456263351527050174864443424127817595541091253368504276006961512338877313""]",87200551068592168348011279927099069507003518095849298150744858934876128590287|23401456263351527050174864443424127817595541091253368504276006961512338877313,87200551068592168348011279927099069507003518095849298150744858934876128590287,Yes,True,0.05,5.58,0.46,12.03,0.255,0.41000000000000003,afbc94f0d5e233767bf7bd89b1976ce6b2862e08,0.01,5,,88.1788,
2026-03-20T00:40:01Z,EPL,278469,epl-ast-wes-2026-03-22-player-props,Aston Villa FC vs. West Ham United FC - Player Props,2026-03-17T04:35:55.862496Z,1623560,epl-ast-wes-2026-03-22-ags-callum-wilson,Callum Wilson: Anytime Goalscorer,0x9fd3fb1b56a9ed15fafedd3f40a66e9abc8f1238222ebe2b0cc873db548ee175,"[""87200551068592168348011279927099069507003518095849298150744858934876128590287"", ""23401456263351527050174864443424127817595541091253368504276006961512338877313""]",87200551068592168348011279927099069507003518095849298150744858934876128590287|23401456263351527050174864443424127817595541091253368504276006961512338877313,23401456263351527050174864443424127817595541091253368504276006961512338877313,No,True,0.54,12.03,0.95,5.58,0.745,0.4099999999999999,ff1a1b0088194c8bbd6fb50548c1291a53f716f8,0.01,5,,88.1788,
2026-03-20T00:40:01Z,EPL,278469,epl-ast-wes-2026-03-22-player-props,Aston Villa FC vs. West Ham United FC - Player Props,2026-03-17T04:35:55.862496Z,1623562,epl-ast-wes-2026-03-22-ags-jarrod-bowen,Jarrod Bowen: Anytime Goalscorer,0x3b8453fe7866b0c118cf976db82b6f63c13be8ee3528f90c69b70190ec67d3d0,"[""71511328051866904241669220717015538456147056968781846185734668639591668312184"", ""91404981588870826263450733020638386458374080286612077176724048468352590594328""]",71511328051866904241669220717015538456147056968781846185734668639591668312184|91404981588870826263450733020638386458374080286612077176724048468352590594328,71511328051866904241669220717015538456147056968781846185734668639591668312184,Yes,True,0.05,5.58,0.38,10.48,0.215,0.33,da513f21be6bf854778c7424bce5dc25ffde2fbc,0.01,5,,553.2398,
2026-03-20T00:40:01Z,EPL,278469,epl-ast-wes-2026-03-22-player-props,Aston Villa FC vs. West Ham United FC - Player Props,2026-03-17T04:35:55.862496Z,1623562,epl-ast-wes-2026-03-22-ags-jarrod-bowen,Jarrod Bowen: Anytime Goalscorer,0x3b8453fe7866b0c118cf976db82b6f63c13be8ee3528f90c69b70190ec67d3d0,"[""71511328051866904241669220717015538456147056968781846185734668639591668312184"", ""91404981588870826263450733020638386458374080286612077176724048468352590594328""]",71511328051866904241669220717015538456147056968781846185734668639591668312184|91404981588870826263450733020638386458374080286612077176724048468352590594328,91404981588870826263450733020638386458374080286612077176724048468352590594328,No,True,0.62,10.48,0.95,5.58,0.7849999999999999,0.32999999999999996,debc546ab7f2caa22003b2811a8d5acef05e39c5,0.01,5,,553.2398,
2026-03-20T00:40:01Z,EPL,278469,epl-ast-wes-2026-03-22-player-props,Aston Villa FC vs. West Ham United FC - Player Props,2026-03-17T04:35:55.862496Z,1623564,epl-ast-wes-2026-03-22-ags-harvey-elliott,Harvey Elliott: Anytime Goalscorer,0xc209c579f98aac966a044ebf682e6c786e0431edc38a9b7b69bf3f472edb36bc,"[""42158437482293410088638809054539180850946389787330742730063255385153627474162"", ""7822129179408599737667448305736931689587376219833643681827408272286986021221""]",42158437482293410088638809054539180850946389787330742730063255385153627474162|7822129179408599737667448305736931689587376219833643681827408272286986021221,42158437482293410088638809054539180850946389787330742730063255385153627474162,Yes,True,0.07,5.58,0.97,41.66,0.52,0.8999999999999999,dc6a69ae448f82b97487247a0c39c2c1bc97172b,0.01,5,,28.6752,
2026-03-20T00:40:01Z,EPL,278469,epl-ast-wes-2026-03-22-player-props,Aston Villa FC vs. West Ham United FC - Player Props,2026-03-17T04:35:55.862496Z,1623564,epl-ast-wes-2026-03-22-ags-harvey-elliott,Harvey Elliott: Anytime Goalscorer,0xc209c579f98aac966a044ebf682e6c786e0431edc38a9b7b69bf3f472edb36bc,"[""42158437482293410088638809054539180850946389787330742730063255385153627474162"", ""7822129179408599737667448305736931689587376219833643681827408272286986021221""]",42158437482293410088638809054539180850946389787330742730063255385153627474162|7822129179408599737667448305736931689587376219833643681827408272286986021221,7822129179408599737667448305736931689587376219833643681827408272286986021221,No,True,0.03,41.66,0.93,5.58,0.48000000000000004,0.9,85d7923a2e4de19170a35ab942c145b311fb6db2,0.01,5,,28.6752,
2026-03-20T00:40:01Z,EPL,278469,epl-ast-wes-2026-03-22-player-props,Aston Villa FC vs. West Ham United FC - Player Props,2026-03-17T04:35:55.862496Z,1623566,epl-ast-wes-2026-03-22-ags-leon-bailey,Leon Bailey: Anytime Goalscorer,0xc5b5dc495205b369092ae223ac5137d396906508e58af6d8dceeacc52c6d38f3,"[""20255749851826708800123060597197186298448299063863156420204977611448440050018"", ""31490871644737065392684438317604533085171017827539109254574531120403245709919""]",20255749851826708800123060597197186298448299063863156420204977611448440050018|31490871644737065392684438317604533085171017827539109254574531120403245709919,20255749851826708800123060597197186298448299063863156420204977611448440050018,Yes,True,0.05,5.58,0.97,41.66,0.51,0.9199999999999999,ff60c3cb1ec1c628ab5228134676d20b5940e342,0.01,5,,33.952,
2026-03-20T00:40:01Z,EPL,278469,epl-ast-wes-2026-03-22-player-props,Aston Villa FC vs. West Ham United FC - Player Props,2026-03-17T04:35:55.862496Z,1623566,epl-ast-wes-2026-03-22-ags-leon-bailey,Leon Bailey: Anytime Goalscorer,0xc5b5dc495205b369092ae223ac5137d396906508e58af6d8dceeacc52c6d38f3,"[""20255749851826708800123060597197186298448299063863156420204977611448440050018"", ""31490871644737065392684438317604533085171017827539109254574531120403245709919""]",20255749851826708800123060597197186298448299063863156420204977611448440050018|31490871644737065392684438317604533085171017827539109254574531120403245709919,31490871644737065392684438317604533085171017827539109254574531120403245709919,No,True,0.03,41.66,0.95,5.58,0.49,0.9199999999999999,8bbb3ed9e71b5b15c2cdf281294cd65badac8a22,0.01,5,,33.952,
2026-03-20T00:40:01Z,EPL,278469,epl-ast-wes-2026-03-22-player-props,Aston Villa FC vs. West Ham United FC - Player Props,2026-03-17T04:35:55.862496Z,1623568,epl-ast-wes-2026-03-22-ags-tomas-soucek,Tomas Soucek: Anytime Goalscorer,0xb5157438b7ff894f08147e58dbc34b0f9f6104c6fa15d2e9902ca9b0513c15a7,"[""114620924419403861415361769379297633490187148441861930297428206118895742332320"", ""106152532750870601777334374645626246514882133986630895369755947746082381288858""]",114620924419403861415361769379297633490187148441861930297428206118895742332320|106152532750870601777334374645626246514882133986630895369755947746082381288858,114620924419403861415361769379297633490187148441861930297428206118895742332320,Yes,True,0.07,5.58,0.97,41.66,0.52,0.8999999999999999,eff83353fe6b3774c246496f4223f4624c79be7f,0.01,5,,28.6352,
2026-03-20T00:40:01Z,EPL,278469,epl-ast-wes-2026-03-22-player-props,Aston Villa FC vs. West Ham United FC - Player Props,2026-03-17T04:35:55.862496Z,1623568,epl-ast-wes-2026-03-22-ags-tomas-soucek,Tomas Soucek: Anytime Goalscorer,0xb5157438b7ff894f08147e58dbc34b0f9f6104c6fa15d2e9902ca9b0513c15a7,"[""114620924419403861415361769379297633490187148441861930297428206118895742332320"", ""106152532750870601777334374645626246514882133986630895369755947746082381288858""]",114620924419403861415361769379297633490187148441861930297428206118895742332320|106152532750870601777334374645626246514882133986630895369755947746082381288858,106152532750870601777334374645626246514882133986630895369755947746082381288858,No,True,0.03,41.66,0.93,5.58,0.48000000000000004,0.9,579d875c359ddb1bb64902b9ea1c382e37375c2a,0.01,5,,28.6352,
2026-03-20T00:40:01Z,EPL,278469,epl-ast-wes-2026-03-22-player-props,Aston Villa FC vs. West Ham United FC - Player Props,2026-03-17T04:35:55.862496Z,1623570,epl-ast-wes-2026-03-22-ags-ross-barkley,Ross Barkley: Anytime Goalscorer,0x3c1ee8763e2c5e3137c00ccbb9719c35d21c32cc5a9c820e807bb3f4849b6868,"[""112823267589071428584581076732542758732332408918590135656310332467459066863869"", ""19594973742061355266917570086507980487882936638179810751236895403577223085208""]",112823267589071428584581076732542758732332408918590135656310332467459066863869|19594973742061355266917570086507980487882936638179810751236895403577223085208,112823267589071428584581076732542758732332408918590135656310332467459066863869,Yes,True,0.05,5.58,0.97,41.66,0.51,0.9199999999999999,016cc55776068ab0db2d3e7489b2e0a573b60c7f,0.01,5,,31.172,
2026-03-20T00:40:01Z,EPL,278469,epl-ast-wes-2026-03-22-player-props,Aston Villa FC vs. West Ham United FC - Player Props,2026-03-17T04:35:55.862496Z,1623570,epl-ast-wes-2026-03-22-ags-ross-barkley,Ross Barkley: Anytime Goalscorer,0x3c1ee8763e2c5e3137c00ccbb9719c35d21c32cc5a9c820e807bb3f4849b6868,"[""112823267589071428584581076732542758732332408918590135656310332467459066863869"", ""19594973742061355266917570086507980487882936638179810751236895403577223085208""]",112823267589071428584581076732542758732332408918590135656310332467459066863869|19594973742061355266917570086507980487882936638179810751236895403577223085208,19594973742061355266917570086507980487882936638179810751236895403577223085208,No,True,0.03,41.66,0.95,5.58,0.49,0.9199999999999999,b6eea819f36197ca056ded3d26db354f2f6f3816,0.01,5,,31.172,
2026-03-20T00:40:01Z,EPL,280167,epl-eve-che-2026-03-21-total-corners,Everton FC vs. Chelsea FC - Total Corners,2026-03-17T16:38:46.290093Z,1629258,epl-eve-che-2026-03-21-corners-total-9pt5,Everton FC vs. Chelsea FC: O/U 9.5 Total Corners,0x1e080131afd0ac412c878be18c37b0e1acb5c48b7269fba196c0551adc7b8381,"[""30021975175018749116418228200827092147770935003164372487389742877305828217301"", ""1302811702188090823428672349672850147389922765308283149576389774103609303396""]",30021975175018749116418228200827092147770935003164372487389742877305828217301|1302811702188090823428672349672850147389922765308283149576389774103609303396,30021975175018749116418228200827092147770935003164372487389742877305828217301,Over,True,0.47,750.0,0.63,750.0,0.55,0.16000000000000003,847366e6a93d9a89b62ef5553a48d41d7fcb25ed,0.01,5,,816.9216,
2026-03-20T00:40:01Z,EPL,280167,epl-eve-che-2026-03-21-total-corners,Everton FC vs. Chelsea FC - Total Corners,2026-03-17T16:38:46.290093Z,1629258,epl-eve-che-2026-03-21-corners-total-9pt5,Everton FC vs. Chelsea FC: O/U 9.5 Total Corners,0x1e080131afd0ac412c878be18c37b0e1acb5c48b7269fba196c0551adc7b8381,"[""30021975175018749116418228200827092147770935003164372487389742877305828217301"", ""1302811702188090823428672349672850147389922765308283149576389774103609303396""]",30021975175018749116418228200827092147770935003164372487389742877305828217301|1302811702188090823428672349672850147389922765308283149576389774103609303396,1302811702188090823428672349672850147389922765308283149576389774103609303396,Under,True,0.37,750.0,0.53,750.0,0.45,0.16000000000000003,ad15fb7969d0d7d9368a962d1aa433cba79f8c2b,0.01,5,,816.9216,
2026-03-20T00:40:01Z,EPL,280167,epl-eve-che-2026-03-21-total-corners,Everton FC vs. Chelsea FC - Total Corners,2026-03-17T16:38:46.290093Z,1629261,epl-eve-che-2026-03-21-corners-total-8pt5,Everton FC vs. Chelsea FC: O/U 8.5 Total Corners,0x358e1c8c1df3721968c413c4c91b1dfb118f8234c6af6d501196dbaadef6a6b2,"[""98302480609169975991947440778007518492366062493424555096099389061535002051704"", ""11927635350465919070279411758604499901786489468990518733912021072781222843932""]",98302480609169975991947440778007518492366062493424555096099389061535002051704|11927635350465919070279411758604499901786489468990518733912021072781222843932,98302480609169975991947440778007518492366062493424555096099389061535002051704,Over,True,0.49,13.26,0.79,100.0,0.64,0.30000000000000004,76df01f7ab8563e1050fd60293f289651e5044c4,0.01,5,,171.8082,
2026-03-20T00:40:01Z,EPL,280167,epl-eve-che-2026-03-21-total-corners,Everton FC vs. Chelsea FC - Total Corners,2026-03-17T16:38:46.290093Z,1629261,epl-eve-che-2026-03-21-corners-total-8pt5,Everton FC vs. Chelsea FC: O/U 8.5 Total Corners,0x358e1c8c1df3721968c413c4c91b1dfb118f8234c6af6d501196dbaadef6a6b2,"[""98302480609169975991947440778007518492366062493424555096099389061535002051704"", ""11927635350465919070279411758604499901786489468990518733912021072781222843932""]",98302480609169975991947440778007518492366062493424555096099389061535002051704|11927635350465919070279411758604499901786489468990518733912021072781222843932,11927635350465919070279411758604499901786489468990518733912021072781222843932,Under,True,0.21,100.0,0.51,13.26,0.36,0.30000000000000004,fa6cde50e528ae8def4898dc78dd47bb5143b40e,0.01,5,,171.8082,
2026-03-20T00:40:01Z,EPL,280167,epl-eve-che-2026-03-21-total-corners,Everton FC vs. Chelsea FC - Total Corners,2026-03-17T16:38:46.290093Z,1629263,epl-eve-che-2026-03-21-corners-total-10pt5,Everton FC vs. Chelsea FC: O/U 10.5 Total Corners,0xbb44c501719714372a44d6dba52e20742d1842e9cac3d7760fc1bb553ffaa96d,"[""78227880857237490396119153390730915813529591091943483410751803268999671225827"", ""26327200120350163059459777366752161239152497981003182023982158045038452530395""]",78227880857237490396119153390730915813529591091943483410751803268999671225827|26327200120350163059459777366752161239152497981003182023982158045038452530395,78227880857237490396119153390730915813529591091943483410751803268999671225827,Over,True,0.36,750.0,0.52,750.0,0.44,0.16000000000000003,6eef3e03c4576e0e9f339ccdca323148a72ac332,0.01,5,,781.7206,
2026-03-20T00:40:01Z,EPL,280167,epl-eve-che-2026-03-21-total-corners,Everton FC vs. Chelsea FC - Total Corners,2026-03-17T16:38:46.290093Z,1629263,epl-eve-che-2026-03-21-corners-total-10pt5,Everton FC vs. Chelsea FC: O/U 10.5 Total Corners,0xbb44c501719714372a44d6dba52e20742d1842e9cac3d7760fc1bb553ffaa96d,"[""78227880857237490396119153390730915813529591091943483410751803268999671225827"", ""26327200120350163059459777366752161239152497981003182023982158045038452530395""]",78227880857237490396119153390730915813529591091943483410751803268999671225827|26327200120350163059459777366752161239152497981003182023982158045038452530395,26327200120350163059459777366752161239152497981003182023982158045038452530395,Under,True,0.48,750.0,0.64,750.0,0.56,0.16000000000000003,e05ae04d3d8bc79f6735497c94d92951f5234ab4,0.01,5,,781.7206,
2026-03-20T00:40:01Z,EPL,280167,epl-eve-che-2026-03-21-total-corners,Everton FC vs. Chelsea FC - Total Corners,2026-03-17T16:38:46.290093Z,1629265,epl-eve-che-2026-03-21-corners-total-11pt5,Everton FC vs. Chelsea FC: O/U 11.5 Total Corners,0x7871c85ac313d1e850625082c54efad818767f0ed8425663c8832fa59e0b4059,"[""73223626082217551932697817387461327711468683097877900247985964766449955451600"", ""69919860875079070002057115745542442647192970005539535054112570319369320073955""]",73223626082217551932697817387461327711468683097877900247985964766449955451600|69919860875079070002057115745542442647192970005539535054112570319369320073955,73223626082217551932697817387461327711468683097877900247985964766449955451600,Over,True,0.22,110.0,0.5,12.99,0.36,0.28,e2e02ca131a4bae63643bcda94fe3ac588c90b45,0.01,5,,110.4462,
2026-03-20T00:40:01Z,EPL,280167,epl-eve-che-2026-03-21-total-corners,Everton FC vs. Chelsea FC - Total Corners,2026-03-17T16:38:46.290093Z,1629265,epl-eve-che-2026-03-21-corners-total-11pt5,Everton FC vs. Chelsea FC: O/U 11.5 Total Corners,0x7871c85ac313d1e850625082c54efad818767f0ed8425663c8832fa59e0b4059,"[""73223626082217551932697817387461327711468683097877900247985964766449955451600"", ""69919860875079070002057115745542442647192970005539535054112570319369320073955""]",73223626082217551932697817387461327711468683097877900247985964766449955451600|69919860875079070002057115745542442647192970005539535054112570319369320073955,69919860875079070002057115745542442647192970005539535054112570319369320073955,Under,True,0.5,12.99,0.78,110.0,0.64,0.28,9415bc62c064d0f27847a3eef8d15f5088481e92,0.01,5,,110.4462,
2026-03-20T00:40:01Z,EPL,280167,epl-eve-che-2026-03-21-total-corners,Everton FC vs. Chelsea FC - Total Corners,2026-03-17T16:38:46.290093Z,1629268,epl-eve-che-2026-03-21-corners-total-12pt5,Everton FC vs. Chelsea FC: O/U 12.5 Total Corners,0xd016b03f1664e69e39aa67c46afdf4d892e31cf677b55e91799763a382c80ef2,"[""59877324147566321010999854580659256307850557575420842242332127759127888766776"", ""98541297624704461019420680165679864991808588118202457687580873014458868221979""]",59877324147566321010999854580659256307850557575420842242332127759127888766776|98541297624704461019420680165679864991808588118202457687580873014458868221979,59877324147566321010999854580659256307850557575420842242332127759127888766776,Over,True,0.14,100.0,0.49,12.74,0.315,0.35,5cbed09da1f156308a0a57d18fa382e1f61496f6,0.01,5,,111.564,
2026-03-20T00:40:01Z,EPL,280167,epl-eve-che-2026-03-21-total-corners,Everton FC vs. Chelsea FC - Total Corners,2026-03-17T16:38:46.290093Z,1629268,epl-eve-che-2026-03-21-corners-total-12pt5,Everton FC vs. Chelsea FC: O/U 12.5 Total Corners,0xd016b03f1664e69e39aa67c46afdf4d892e31cf677b55e91799763a382c80ef2,"[""59877324147566321010999854580659256307850557575420842242332127759127888766776"", ""98541297624704461019420680165679864991808588118202457687580873014458868221979""]",59877324147566321010999854580659256307850557575420842242332127759127888766776|98541297624704461019420680165679864991808588118202457687580873014458868221979,98541297624704461019420680165679864991808588118202457687580873014458868221979,Under,True,0.51,12.74,0.86,100.0,0.685,0.35,97aa31e635d596f49c3587b7c05f822fc7fe623e,0.01,5,,111.564,
2026-03-20T00:40:01Z,EPL,280169,epl-ful-bur-2026-03-21-total-corners,Fulham FC vs. Burnley FC - Total Corners,2026-03-17T16:44:14.913813Z,1629279,epl-ful-bur-2026-03-21-corners-total-10pt5,Fulham FC vs. Burnley FC: O/U 10.5 Total Corners,0xde3ce8506165b3b0b5b7281064bef1196de4a53151573f8d35500247ef721277,"[""107585598539285289611999725177245402452265053440990503690814179506196213260600"", ""110932902253341046149820566487605590609575485385857594009058475765634217373521""]",107585598539285289611999725177245402452265053440990503690814179506196213260600|110932902253341046149820566487605590609575485385857594009058475765634217373521,107585598539285289611999725177245402452265053440990503690814179506196213260600,Over,True,0.38,750.0,0.54,750.0,0.46,0.16000000000000003,e57cca770622f7751d89390f110e47eb9d2476b6,0.01,5,,662.3316,
2026-03-20T00:40:01Z,EPL,280169,epl-ful-bur-2026-03-21-total-corners,Fulham FC vs. Burnley FC - Total Corners,2026-03-17T16:44:14.913813Z,1629279,epl-ful-bur-2026-03-21-corners-total-10pt5,Fulham FC vs. Burnley FC: O/U 10.5 Total Corners,0xde3ce8506165b3b0b5b7281064bef1196de4a53151573f8d35500247ef721277,"[""107585598539285289611999725177245402452265053440990503690814179506196213260600"", ""110932902253341046149820566487605590609575485385857594009058475765634217373521""]",107585598539285289611999725177245402452265053440990503690814179506196213260600|110932902253341046149820566487605590609575485385857594009058475765634217373521,110932902253341046149820566487605590609575485385857594009058475765634217373521,Under,True,0.46,750.0,0.62,750.0,0.54,0.15999999999999998,8862b35a667c80b8dc9453d6092adb4ecab15be0,0.01,5,,662.3316,
2026-03-20T00:40:01Z,EPL,280169,epl-ful-bur-2026-03-21-total-corners,Fulham FC vs. Burnley FC - Total Corners,2026-03-17T16:44:14.913813Z,1629280,epl-ful-bur-2026-03-21-corners-total-8pt5,Fulham FC vs. Burnley FC: O/U 8.5 Total Corners,0xd8791337279b551a2fadae45034250901814a1e90f21ac809b73e339e1013370,"[""71264550932474153921075634549653618421732704691084632494714110320303380346287"", ""102351603228920507833228707134095729427042814455683948451101973355482998306815""]",71264550932474153921075634549653618421732704691084632494714110320303380346287|102351603228920507833228707134095729427042814455683948451101973355482998306815,71264550932474153921075634549653618421732704691084632494714110320303380346287,Over,True,0.07,12.72,0.97,41.66,0.52,0.8999999999999999,7ec583f79de996e3e60bedd7ffa6c1ac011a3524,0.01,5,,35.517,
2026-03-20T00:40:01Z,EPL,280169,epl-ful-bur-2026-03-21-total-corners,Fulham FC vs. Burnley FC - Total Corners,2026-03-17T16:44:14.913813Z,1629280,epl-ful-bur-2026-03-21-corners-total-8pt5,Fulham FC vs. Burnley FC: O/U 8.5 Total Corners,0xd8791337279b551a2fadae45034250901814a1e90f21ac809b73e339e1013370,"[""71264550932474153921075634549653618421732704691084632494714110320303380346287"", ""102351603228920507833228707134095729427042814455683948451101973355482998306815""]",71264550932474153921075634549653618421732704691084632494714110320303380346287|102351603228920507833228707134095729427042814455683948451101973355482998306815,102351603228920507833228707134095729427042814455683948451101973355482998306815,Under,True,0.03,41.66,0.93,12.72,0.48000000000000004,0.9,14b780dbe97f40f11e8b014a4cc56ec9f98d7fd0,0.01,5,,35.517,
2026-03-20T00:40:01Z,EPL,280169,epl-ful-bur-2026-03-21-total-corners,Fulham FC vs. Burnley FC - Total Corners,2026-03-17T16:44:14.913813Z,1629281,epl-ful-bur-2026-03-21-corners-total-9pt5,Fulham FC vs. Burnley FC: O/U 9.5 Total Corners,0xbd5cb3aa7ebf15440e0d51cbe9b1e68f12a2643e7d808a2809f5e3ec42f21379,"[""10831659717256950584836846000166389000305102732425512771009432032854433261606"", ""96228509963791781127974857383107629821083274857458530033154339638862040875955""]",10831659717256950584836846000166389000305102732425512771009432032854433261606|96228509963791781127974857383107629821083274857458530033154339638862040875955,10831659717256950584836846000166389000305102732425512771009432032854433261606,Over,True,0.49,750.0,0.65,750.0,0.5700000000000001,0.16000000000000003,7510b284eac8f92d9fd7aaa8e1e165962a1e97fc,0.01,5,,666.2118,
2026-03-20T00:40:01Z,EPL,280169,epl-ful-bur-2026-03-21-total-corners,Fulham FC vs. Burnley FC - Total Corners,2026-03-17T16:44:14.913813Z,1629281,epl-ful-bur-2026-03-21-corners-total-9pt5,Fulham FC vs. Burnley FC: O/U 9.5 Total Corners,0xbd5cb3aa7ebf15440e0d51cbe9b1e68f12a2643e7d808a2809f5e3ec42f21379,"[""10831659717256950584836846000166389000305102732425512771009432032854433261606"", ""96228509963791781127974857383107629821083274857458530033154339638862040875955""]",10831659717256950584836846000166389000305102732425512771009432032854433261606|96228509963791781127974857383107629821083274857458530033154339638862040875955,96228509963791781127974857383107629821083274857458530033154339638862040875955,Under,True,0.35,750.0,0.51,750.0,0.43,0.16000000000000003,a5cf5fe6369a1377592bebbd9c3818d788482663,0.01,5,,666.2118,
2026-03-20T00:40:01Z,EPL,280169,epl-ful-bur-2026-03-21-total-corners,Fulham FC vs. Burnley FC - Total Corners,2026-03-17T16:44:14.913813Z,1629282,epl-ful-bur-2026-03-21-corners-total-11pt5,Fulham FC vs. Burnley FC: O/U 11.5 Total Corners,0x4ac5e71f9bac8befc20794f276315ab132250fc5e99340a8241c31e37f4b531b,"[""109432658563505282863433072145760812861610427705099919113156692430256278055080"", ""28516530114409669301561350290360522390647008896937523098484785568113060249060""]",109432658563505282863433072145760812861610427705099919113156692430256278055080|28516530114409669301561350290360522390647008896937523098484785568113060249060,109432658563505282863433072145760812861610427705099919113156692430256278055080,Over,True,0.07,5.58,0.97,41.66,0.52,0.8999999999999999,83fa38f9b2610e3eb7c4d90d40c6076d3a0436f6,0.01,5,,38.517,
2026-03-20T00:40:01Z,EPL,280169,epl-ful-bur-2026-03-21-total-corners,Fulham FC vs. Burnley FC - Total Corners,2026-03-17T16:44:14.913813Z,1629282,epl-ful-bur-2026-03-21-corners-total-11pt5,Fulham FC vs. Burnley FC: O/U 11.5 Total Corners,0x4ac5e71f9bac8befc20794f276315ab132250fc5e99340a8241c31e37f4b531b,"[""109432658563505282863433072145760812861610427705099919113156692430256278055080"", ""28516530114409669301561350290360522390647008896937523098484785568113060249060""]",109432658563505282863433072145760812861610427705099919113156692430256278055080|28516530114409669301561350290360522390647008896937523098484785568113060249060,28516530114409669301561350290360522390647008896937523098484785568113060249060,Under,True,0.03,41.66,0.93,5.58,0.48000000000000004,0.9,0f69daeca0241e8e3b1891c52456069ec6395986,0.01,5,,38.517,
2026-03-20T00:40:01Z,EPL,280169,epl-ful-bur-2026-03-21-total-corners,Fulham FC vs. Burnley FC - Total Corners,2026-03-17T16:44:14.913813Z,1629283,epl-ful-bur-2026-03-21-corners-total-12pt5,Fulham FC vs. Burnley FC: O/U 12.5 Total Corners,0x3ad26ae1da1b1ede16cba4afe072798ce65720bcc98454b42ee3ecf6421f59f8,"[""24625420974130937153458473831752938260497480995223339119250211823492754856543"", ""18580767660577084970798670806225304702107069797866381425449042938134954463216""]",24625420974130937153458473831752938260497480995223339119250211823492754856543|18580767660577084970798670806225304702107069797866381425449042938134954463216,24625420974130937153458473831752938260497480995223339119250211823492754856543,Over,True,0.07,12.72,0.97,58.33,0.52,0.8999999999999999,1984407f5721c16792cf8693fc1f98c868f2d12a,0.01,5,,39.24,
2026-03-20T00:40:01Z,EPL,280169,epl-ful-bur-2026-03-21-total-corners,Fulham FC vs. Burnley FC - Total Corners,2026-03-17T16:44:14.913813Z,1629283,epl-ful-bur-2026-03-21-corners-total-12pt5,Fulham FC vs. Burnley FC: O/U 12.5 Total Corners,0x3ad26ae1da1b1ede16cba4afe072798ce65720bcc98454b42ee3ecf6421f59f8,"[""24625420974130937153458473831752938260497480995223339119250211823492754856543"", ""18580767660577084970798670806225304702107069797866381425449042938134954463216""]",24625420974130937153458473831752938260497480995223339119250211823492754856543|18580767660577084970798670806225304702107069797866381425449042938134954463216,18580767660577084970798670806225304702107069797866381425449042938134954463216,Under,True,0.03,58.33,0.93,12.72,0.48000000000000004,0.9,04f3e822efad85abf7366c932530d86166a6df1e,0.01,5,,39.24,
2026-03-20T00:40:01Z,EPL,280170,epl-bri-liv-2026-03-21-total-corners,Brighton & Hove Albion FC vs. Liverpool FC - Total Corners,2026-03-17T16:52:22.465756Z,1629284,epl-bri-liv-2026-03-21-corners-total-9pt5,Brighton & Hove Albion FC vs. Liverpool FC: O/U 9.5 Total Corners,0xab9c0626efeac67949463fb0b619f18c6765acbd4eb00218a7495ae45020c0e9,"[""98781281677693127941979371578131426261690595396315083916032627743361731008442"", ""54744029730709025440329797454530823818525393343995119125415306992444935272957""]",98781281677693127941979371578131426261690595396315083916032627743361731008442|54744029730709025440329797454530823818525393343995119125415306992444935272957,98781281677693127941979371578131426261690595396315083916032627743361731008442,Over,True,0.47,750.0,0.63,750.0,0.55,0.16000000000000003,1bb58b9d67f3f28393320c1a4b7763f57168d7c2,0.01,5,,812.0219,
2026-03-20T00:40:01Z,EPL,280170,epl-bri-liv-2026-03-21-total-corners,Brighton & Hove Albion FC vs. Liverpool FC - Total Corners,2026-03-17T16:52:22.465756Z,1629284,epl-bri-liv-2026-03-21-corners-total-9pt5,Brighton & Hove Albion FC vs. Liverpool FC: O/U 9.5 Total Corners,0xab9c0626efeac67949463fb0b619f18c6765acbd4eb00218a7495ae45020c0e9,"[""98781281677693127941979371578131426261690595396315083916032627743361731008442"", ""54744029730709025440329797454530823818525393343995119125415306992444935272957""]",98781281677693127941979371578131426261690595396315083916032627743361731008442|54744029730709025440329797454530823818525393343995119125415306992444935272957,54744029730709025440329797454530823818525393343995119125415306992444935272957,Under,True,0.37,750.0,0.53,750.0,0.45,0.16000000000000003,edc3cb836c64629b6cb20b4517cd0cf1825b3fea,0.01,5,,812.0219,
2026-03-20T00:40:01Z,EPL,280170,epl-bri-liv-2026-03-21-total-corners,Brighton & Hove Albion FC vs. Liverpool FC - Total Corners,2026-03-17T16:52:22.465756Z,1629285,epl-bri-liv-2026-03-21-corners-total-8pt5,Brighton & Hove Albion FC vs. Liverpool FC: O/U 8.5 Total Corners,0x902fb151e61dd1ff2b508b4c12c5e7abd19983720d53dcadd1941e2977949353,"[""29825618730130414773640280689098927093369504416745627219318945672282830317239"", ""84626888853481201444633427971947876949583195003636430758437302483046907657317""]",29825618730130414773640280689098927093369504416745627219318945672282830317239|84626888853481201444633427971947876949583195003636430758437302483046907657317,29825618730130414773640280689098927093369504416745627219318945672282830317239,Over,True,0.44,100.0,0.72,100.0,0.58,0.27999999999999997,f6387bd3ef3625e72ff28341e28cf888c258f27c,0.01,5,,175.6801,
2026-03-20T00:40:01Z,EPL,280170,epl-bri-liv-2026-03-21-total-corners,Brighton & Hove Albion FC vs. Liverpool FC - Total Corners,2026-03-17T16:52:22.465756Z,1629285,epl-bri-liv-2026-03-21-corners-total-8pt5,Brighton & Hove Albion FC vs. Liverpool FC: O/U 8.5 Total Corners,0x902fb151e61dd1ff2b508b4c12c5e7abd19983720d53dcadd1941e2977949353,"[""29825618730130414773640280689098927093369504416745627219318945672282830317239"", ""84626888853481201444633427971947876949583195003636430758437302483046907657317""]",29825618730130414773640280689098927093369504416745627219318945672282830317239|84626888853481201444633427971947876949583195003636430758437302483046907657317,84626888853481201444633427971947876949583195003636430758437302483046907657317,Under,True,0.28,100.0,0.56,100.0,0.42000000000000004,0.28,37e39c9322eff3056d6cfa79e381e6c63d8bd957,0.01,5,,175.6801,
2026-03-20T00:40:01Z,EPL,280170,epl-bri-liv-2026-03-21-total-corners,Brighton & Hove Albion FC vs. Liverpool FC - Total Corners,2026-03-17T16:52:22.465756Z,1629286,epl-bri-liv-2026-03-21-corners-total-10pt5,Brighton & Hove Albion FC vs. Liverpool FC: O/U 10.5 Total Corners,0x95fae4206b37da241f2de20bfa8818c185f67122ecaa3bc7c8695f88a31c3763,"[""37389849072257803862748878348083645230855513319240198485088022027518386922715"", ""105697951965824750308958584022878856015778232573265752393676366138496482544614""]",37389849072257803862748878348083645230855513319240198485088022027518386922715|105697951965824750308958584022878856015778232573265752393676366138496482544614,37389849072257803862748878348083645230855513319240198485088022027518386922715,Over,True,0.36,750.0,0.52,750.0,0.44,0.16000000000000003,9095eb98558c07e2310ae6c58bb35a9be55682ac,0.01,5,,845.0206,
2026-03-20T00:40:01Z,EPL,280170,epl-bri-liv-2026-03-21-total-corners,Brighton & Hove Albion FC vs. Liverpool FC - Total Corners,2026-03-17T16:52:22.465756Z,1629286,epl-bri-liv-2026-03-21-corners-total-10pt5,Brighton & Hove Albion FC vs. Liverpool FC: O/U 10.5 Total Corners,0x95fae4206b37da241f2de20bfa8818c185f67122ecaa3bc7c8695f88a31c3763,"[""37389849072257803862748878348083645230855513319240198485088022027518386922715"", ""105697951965824750308958584022878856015778232573265752393676366138496482544614""]",37389849072257803862748878348083645230855513319240198485088022027518386922715|105697951965824750308958584022878856015778232573265752393676366138496482544614,105697951965824750308958584022878856015778232573265752393676366138496482544614,Under,True,0.48,750.0,0.64,750.0,0.56,0.16000000000000003,48a541232a124bac6d4d17ef488de837510a0344,0.01,5,,845.0206,
2026-03-20T00:40:01Z,EPL,280170,epl-bri-liv-2026-03-21-total-corners,Brighton & Hove Albion FC vs. Liverpool FC - Total Corners,2026-03-17T16:52:22.465756Z,1629287,epl-bri-liv-2026-03-21-corners-total-11pt5,Brighton & Hove Albion FC vs. Liverpool FC: O/U 11.5 Total Corners,0x464f0868863002e90b1825ef46579a6ad82f208c4bb37a6c51d273758860814f,"[""58318513377021300931807646120437028861442148934680730230804682813278663260280"", ""36576408353928749924651384919859673870343246588573624911693329730388236487599""]",58318513377021300931807646120437028861442148934680730230804682813278663260280|36576408353928749924651384919859673870343246588573624911693329730388236487599,58318513377021300931807646120437028861442148934680730230804682813278663260280,Over,True,0.21,100.0,0.51,13.26,0.36,0.30000000000000004,7edf0a21147b48376c031393690700294839e142,0.01,5,,174.7886,
2026-03-20T00:40:01Z,EPL,280170,epl-bri-liv-2026-03-21-total-corners,Brighton & Hove Albion FC vs. Liverpool FC - Total Corners,2026-03-17T16:52:22.465756Z,1629287,epl-bri-liv-2026-03-21-corners-total-11pt5,Brighton & Hove Albion FC vs. Liverpool FC: O/U 11.5 Total Corners,0x464f0868863002e90b1825ef46579a6ad82f208c4bb37a6c51d273758860814f,"[""58318513377021300931807646120437028861442148934680730230804682813278663260280"", ""36576408353928749924651384919859673870343246588573624911693329730388236487599""]",58318513377021300931807646120437028861442148934680730230804682813278663260280|36576408353928749924651384919859673870343246588573624911693329730388236487599,36576408353928749924651384919859673870343246588573624911693329730388236487599,Under,True,0.49,13.26,0.79,100.0,0.64,0.30000000000000004,efdf2099fd36782a935ff0323b99e2c1dcc9b33a,0.01,5,,174.7886,
2026-03-20T00:40:01Z,EPL,280170,epl-bri-liv-2026-03-21-total-corners,Brighton & Hove Albion FC vs. Liverpool FC - Total Corners,2026-03-17T16:52:22.465756Z,1629288,epl-bri-liv-2026-03-21-corners-total-12pt5,Brighton & Hove Albion FC vs. Liverpool FC: O/U 12.5 Total Corners,0xdd1efd9590f52060c956e322b3e3c183992bc390d34f99398b49234a11c83cfa,"[""64440518919191877497949588176786731491569359680058589339224333589161814908364"", ""58895420559007391787977864005321350232991756082255953454828426241098763324636""]",64440518919191877497949588176786731491569359680058589339224333589161814908364|58895420559007391787977864005321350232991756082255953454828426241098763324636,64440518919191877497949588176786731491569359680058589339224333589161814908364,Over,True,0.14,100.0,0.51,13.26,0.325,0.37,1020841242202e7d1d5881dc21d1c3877886a211,0.01,5,,116.1612,
2026-03-20T00:40:01Z,EPL,280170,epl-bri-liv-2026-03-21-total-corners,Brighton & Hove Albion FC vs. Liverpool FC - Total Corners,2026-03-17T16:52:22.465756Z,1629288,epl-bri-liv-2026-03-21-corners-total-12pt5,Brighton & Hove Albion FC vs. Liverpool FC: O/U 12.5 Total Corners,0xdd1efd9590f52060c956e322b3e3c183992bc390d34f99398b49234a11c83cfa,"[""64440518919191877497949588176786731491569359680058589339224333589161814908364"", ""58895420559007391787977864005321350232991756082255953454828426241098763324636""]",64440518919191877497949588176786731491569359680058589339224333589161814908364|58895420559007391787977864005321350232991756082255953454828426241098763324636,58895420559007391787977864005321350232991756082255953454828426241098763324636,Under,True,0.49,13.26,0.86,100.0,0.675,0.37,2d2f61c21f621c752a5aef18601c4788bf5a7bf8,0.01,5,,116.1612,
2026-03-20T00:40:01Z,EPL,280171,epl-bou-mun-2026-03-20-total-corners,AFC Bournemouth vs. Manchester United FC - Total Corners,2026-03-17T16:38:46.330124Z,1629289,epl-bou-mun-2026-03-20-corners-total-10pt5,AFC Bournemouth vs. Manchester United FC: O/U 10.5 Total Corners,0x0e63e2baff4644df65389c704ba92036a76916d02827a61479369a8e1a0e42f7,"[""20761010763515118940250059950477315965158233205669356441015640087592084256067"", ""18897237402077395706125997242436725836564493778080642023230532208445318478922""]",20761010763515118940250059950477315965158233205669356441015640087592084256067|18897237402077395706125997242436725836564493778080642023230532208445318478922,20761010763515118940250059950477315965158233205669356441015640087592084256067,Over,True,0.41,750.0,0.5,10.0,0.45499999999999996,0.09000000000000002,ae88f7e1fb38d5741ef3a46284521bd58bc4e90e,0.01,5,0.610,916.701,37.028517
2026-03-20T00:40:01Z,EPL,280171,epl-bou-mun-2026-03-20-total-corners,AFC Bournemouth vs. Manchester United FC - Total Corners,2026-03-17T16:38:46.330124Z,1629289,epl-bou-mun-2026-03-20-corners-total-10pt5,AFC Bournemouth vs. Manchester United FC: O/U 10.5 Total Corners,0x0e63e2baff4644df65389c704ba92036a76916d02827a61479369a8e1a0e42f7,"[""20761010763515118940250059950477315965158233205669356441015640087592084256067"", ""18897237402077395706125997242436725836564493778080642023230532208445318478922""]",20761010763515118940250059950477315965158233205669356441015640087592084256067|18897237402077395706125997242436725836564493778080642023230532208445318478922,18897237402077395706125997242436725836564493778080642023230532208445318478922,Under,True,0.5,10.0,0.59,750.0,0.5449999999999999,0.08999999999999997,ad4bc29e82425914a104ca1edbf69cd035fe31b3,0.01,5,0.610,916.701,37.028517
2026-03-20T00:40:01Z,EPL,280171,epl-bou-mun-2026-03-20-total-corners,AFC Bournemouth vs. Manchester United FC - Total Corners,2026-03-17T16:38:46.330124Z,1629290,epl-bou-mun-2026-03-20-corners-total-8pt5,AFC Bournemouth vs. Manchester United FC: O/U 8.5 Total Corners,0xd49958db5f57ef2f04ff1f622d08d7e8d37f8ed720b17b4edafcb31617e049d8,"[""111281257017127571511911474638292767757804400293727968354149698295945808632774"", ""115222171865887858977474336433490485059550495899252062212909003772232403702827""]",111281257017127571511911474638292767757804400293727968354149698295945808632774|115222171865887858977474336433490485059550495899252062212909003772232403702827,111281257017127571511911474638292767757804400293727968354149698295945808632774,Over,True,0.1,900.0,0.92,17.3,0.51,0.8200000000000001,202767e36fd70b074d80546e25c7463ce445e2b6,0.01,5,,154.6111,
2026-03-20T00:40:01Z,EPL,280171,epl-bou-mun-2026-03-20-total-corners,AFC Bournemouth vs. Manchester United FC - Total Corners,2026-03-17T16:38:46.330124Z,1629290,epl-bou-mun-2026-03-20-corners-total-8pt5,AFC Bournemouth vs. Manchester United FC: O/U 8.5 Total Corners,0xd49958db5f57ef2f04ff1f622d08d7e8d37f8ed720b17b4edafcb31617e049d8,"[""111281257017127571511911474638292767757804400293727968354149698295945808632774"", ""115222171865887858977474336433490485059550495899252062212909003772232403702827""]",111281257017127571511911474638292767757804400293727968354149698295945808632774|115222171865887858977474336433490485059550495899252062212909003772232403702827,115222171865887858977474336433490485059550495899252062212909003772232403702827,Under,True,0.08,17.3,0.9,900.0,0.49,0.8200000000000001,d7600a4b535d9fbb5c3051fe75cd74c0458650be,0.01,5,,154.6111,
2026-03-20T00:40:01Z,EPL,280171,epl-bou-mun-2026-03-20-total-corners,AFC Bournemouth vs. Manchester United FC - Total Corners,2026-03-17T16:38:46.330124Z,1629291,epl-bou-mun-2026-03-20-corners-total-9pt5,AFC Bournemouth vs. Manchester United FC: O/U 9.5 Total Corners,0xd4a3be6231a2b6fbd9c802253d4b650b34c6f6a8669d772a24325dcdf4642d68,"[""21362256535999192316259854818918225654665340118332044447921927849291415585268"", ""42250110585731744870194113315050357607642056756795773168416761274936960738618""]",21362256535999192316259854818918225654665340118332044447921927849291415585268|42250110585731744870194113315050357607642056756795773168416761274936960738618,21362256535999192316259854818918225654665340118332044447921927849291415585268,Over,True,0.49,500.0,0.64,19.6,0.565,0.15000000000000002,fd34d899df9b33a85de81549bf392392eb7822a6,0.01,5,0.490,750.1171,19.607842
2026-03-20T00:40:01Z,EPL,280171,epl-bou-mun-2026-03-20-total-corners,AFC Bournemouth vs. Manchester United FC - Total Corners,2026-03-17T16:38:46.330124Z,1629291,epl-bou-mun-2026-03-20-corners-total-9pt5,AFC Bournemouth vs. Manchester United FC: O/U 9.5 Total Corners,0xd4a3be6231a2b6fbd9c802253d4b650b34c6f6a8669d772a24325dcdf4642d68,"[""21362256535999192316259854818918225654665340118332044447921927849291415585268"", ""42250110585731744870194113315050357607642056756795773168416761274936960738618""]",21362256535999192316259854818918225654665340118332044447921927849291415585268|42250110585731744870194113315050357607642056756795773168416761274936960738618,42250110585731744870194113315050357607642056756795773168416761274936960738618,Under,True,0.36,19.6,0.51,500.0,0.435,0.15000000000000002,1dc5c4cf264fd4d2a10660045b5e3640fe07ab27,0.01,5,0.490,750.1171,19.607842
2026-03-20T00:40:01Z,EPL,280171,epl-bou-mun-2026-03-20-total-corners,AFC Bournemouth vs. Manchester United FC - Total Corners,2026-03-17T16:38:46.330124Z,1629292,epl-bou-mun-2026-03-20-corners-total-11pt5,AFC Bournemouth vs. Manchester United FC: O/U 11.5 Total Corners,0x0a99cd52427b3592415cee3c9be5182e012ab2be51d2ee337f190bf04325588d,"[""87832323622591113912030396219136769652703408930466888118724540507410207732390"", ""92952033427680909078867444236782637871287735729792455934991401539887451385558""]",87832323622591113912030396219136769652703408930466888118724540507410207732390|92952033427680909078867444236782637871287735729792455934991401539887451385558,87832323622591113912030396219136769652703408930466888118724540507410207732390,Over,True,0.1,900.0,0.95,500.0,0.525,0.85,455eaa0a2c2cb20faba538f6157d0199a79af12d,0.01,5,,146.3472,
2026-03-20T00:40:01Z,EPL,280171,epl-bou-mun-2026-03-20-total-corners,AFC Bournemouth vs. Manchester United FC - Total Corners,2026-03-17T16:38:46.330124Z,1629292,epl-bou-mun-2026-03-20-corners-total-11pt5,AFC Bournemouth vs. Manchester United FC: O/U 11.5 Total Corners,0x0a99cd52427b3592415cee3c9be5182e012ab2be51d2ee337f190bf04325588d,"[""87832323622591113912030396219136769652703408930466888118724540507410207732390"", ""92952033427680909078867444236782637871287735729792455934991401539887451385558""]",87832323622591113912030396219136769652703408930466888118724540507410207732390|92952033427680909078867444236782637871287735729792455934991401539887451385558,92952033427680909078867444236782637871287735729792455934991401539887451385558,Under,True,0.05,500.0,0.9,900.0,0.47500000000000003,0.85,cd1975b2ccdf390e10370f6e9d522350829927a6,0.01,5,,146.3472,
2026-03-20T00:40:01Z,EPL,280171,epl-bou-mun-2026-03-20-total-corners,AFC Bournemouth vs. Manchester United FC - Total Corners,2026-03-17T16:38:46.330124Z,1629293,epl-bou-mun-2026-03-20-corners-total-12pt5,AFC Bournemouth vs. Manchester United FC: O/U 12.5 Total Corners,0x0daa70f3fa4c7c2c1236bbd4d35e36273ebe26cac1d678f56817a00734f04786,"[""49911889101940244919641384027782606062608890749784629327692891434072480595534"", ""92638188090732298889454013308291609767919526520723850081243437776432351819090""]",49911889101940244919641384027782606062608890749784629327692891434072480595534|92638188090732298889454013308291609767919526520723850081243437776432351819090,49911889101940244919641384027782606062608890749784629327692891434072480595534,Over,True,0.08,500.0,0.95,600.0,0.515,0.87,ae588969f1b646de4bdc1c716f97adb231ced77a,0.01,5,,99.403,
2026-03-20T00:40:01Z,EPL,280171,epl-bou-mun-2026-03-20-total-corners,AFC Bournemouth vs. Manchester United FC - Total Corners,2026-03-17T16:38:46.330124Z,1629293,epl-bou-mun-2026-03-20-corners-total-12pt5,AFC Bournemouth vs. Manchester United FC: O/U 12.5 Total Corners,0x0daa70f3fa4c7c2c1236bbd4d35e36273ebe26cac1d678f56817a00734f04786,"[""49911889101940244919641384027782606062608890749784629327692891434072480595534"", ""92638188090732298889454013308291609767919526520723850081243437776432351819090""]",49911889101940244919641384027782606062608890749784629327692891434072480595534|92638188090732298889454013308291609767919526520723850081243437776432351819090,92638188090732298889454013308291609767919526520723850081243437776432351819090,Under,True,0.05,600.0,0.92,500.0,0.48500000000000004,0.87,504b7b51cd1ae2faf87432f593dfa1fb5de415d0,0.01,5,,99.403,
