ts_utc,league,event_id,event_slug,event_title,event_start,market_id,market_slug,market_question,condition_id,clob_token_ids_raw,token_ids_parsed,token_id,outcome,book_found,best_bid,best_bid_size,best_ask,best_ask_size,mid,spread,book_hash,tick_size,min_order_size,last_trade_price,liquidity,volume
2026-07-14T00:15:24Z,EPL,333084,epl-team-to-qualify-for-uefa-conference-league,EPL: Team to qualify for UEFA Conference League,2026-04-01T17:27:13.650134Z,1818367,will-arsenal-qualify-for-the-league-phase-of-the-2026-27-uefa-conference-league,Will Arsenal qualify for the League Phase of the 2026-27 UEFA Conference League?,0xe303639e6e879ac5dac9632362583523a2c1ff1ac46645f45fd5c1e7034b3ef7,"[""68901380712839851395966644282518000143877097473327410904576810621084636054002"", ""14101352633367703776049560107649243928150035657062243340231594815518398887879""]",68901380712839851395966644282518000143877097473327410904576810621084636054002|14101352633367703776049560107649243928150035657062243340231594815518398887879,68901380712839851395966644282518000143877097473327410904576810621084636054002,Yes,False,,,,,,,,,,,,467.35890000000006
2026-07-14T00:15:24Z,EPL,333084,epl-team-to-qualify-for-uefa-conference-league,EPL: Team to qualify for UEFA Conference League,2026-04-01T17:27:13.650134Z,1818367,will-arsenal-qualify-for-the-league-phase-of-the-2026-27-uefa-conference-league,Will Arsenal qualify for the League Phase of the 2026-27 UEFA Conference League?,0xe303639e6e879ac5dac9632362583523a2c1ff1ac46645f45fd5c1e7034b3ef7,"[""68901380712839851395966644282518000143877097473327410904576810621084636054002"", ""14101352633367703776049560107649243928150035657062243340231594815518398887879""]",68901380712839851395966644282518000143877097473327410904576810621084636054002|14101352633367703776049560107649243928150035657062243340231594815518398887879,14101352633367703776049560107649243928150035657062243340231594815518398887879,No,False,,,,,,,,,,,,467.35890000000006
2026-07-14T00:15:24Z,EPL,333084,epl-team-to-qualify-for-uefa-conference-league,EPL: Team to qualify for UEFA Conference League,2026-04-01T17:27:13.650134Z,1818368,will-aston-villa-qualify-for-the-league-phase-of-the-2026-27-uefa-conference-league,Will Aston Villa qualify for the League Phase of the 2026-27 UEFA Conference League?,0x28177c964d8b9d218ddc13dac289b4d63545aec7329fb69b12413e1a10a75457,"[""31823132354185101528875214330987706903655516243832510690074648671327601851551"", ""24610182176230826024523430019874907375950075107195029433984156474474467506756""]",31823132354185101528875214330987706903655516243832510690074648671327601851551|24610182176230826024523430019874907375950075107195029433984156474474467506756,31823132354185101528875214330987706903655516243832510690074648671327601851551,Yes,False,,,,,,,,,,,,118.34
2026-07-14T00:15:24Z,EPL,333084,epl-team-to-qualify-for-uefa-conference-league,EPL: Team to qualify for UEFA Conference League,2026-04-01T17:27:13.650134Z,1818368,will-aston-villa-qualify-for-the-league-phase-of-the-2026-27-uefa-conference-league,Will Aston Villa qualify for the League Phase of the 2026-27 UEFA Conference League?,0x28177c964d8b9d218ddc13dac289b4d63545aec7329fb69b12413e1a10a75457,"[""31823132354185101528875214330987706903655516243832510690074648671327601851551"", ""24610182176230826024523430019874907375950075107195029433984156474474467506756""]",31823132354185101528875214330987706903655516243832510690074648671327601851551|24610182176230826024523430019874907375950075107195029433984156474474467506756,24610182176230826024523430019874907375950075107195029433984156474474467506756,No,False,,,,,,,,,,,,118.34
2026-07-14T00:15:24Z,EPL,333084,epl-team-to-qualify-for-uefa-conference-league,EPL: Team to qualify for UEFA Conference League,2026-04-01T17:27:13.650134Z,1818369,will-bournemouth-qualify-for-the-league-phase-of-the-2026-27-uefa-conference-league,Will Bournemouth qualify for the League Phase of the 2026-27 UEFA Conference League?,0x767a11689ea743287c46af43309a57c52055b201a44546f1151ebe770848a4c2,"[""51037068800800327301977700578792391802166844203670527997794112211084782282749"", ""49880512765242008305101129568216821495775216606287544487246019230820484318812""]",51037068800800327301977700578792391802166844203670527997794112211084782282749|49880512765242008305101129568216821495775216606287544487246019230820484318812,51037068800800327301977700578792391802166844203670527997794112211084782282749,Yes,False,,,,,,,,,,,,104.230768
2026-07-14T00:15:24Z,EPL,333084,epl-team-to-qualify-for-uefa-conference-league,EPL: Team to qualify for UEFA Conference League,2026-04-01T17:27:13.650134Z,1818369,will-bournemouth-qualify-for-the-league-phase-of-the-2026-27-uefa-conference-league,Will Bournemouth qualify for the League Phase of the 2026-27 UEFA Conference League?,0x767a11689ea743287c46af43309a57c52055b201a44546f1151ebe770848a4c2,"[""51037068800800327301977700578792391802166844203670527997794112211084782282749"", ""49880512765242008305101129568216821495775216606287544487246019230820484318812""]",51037068800800327301977700578792391802166844203670527997794112211084782282749|49880512765242008305101129568216821495775216606287544487246019230820484318812,49880512765242008305101129568216821495775216606287544487246019230820484318812,No,False,,,,,,,,,,,,104.230768
2026-07-14T00:15:24Z,EPL,333084,epl-team-to-qualify-for-uefa-conference-league,EPL: Team to qualify for UEFA Conference League,2026-04-01T17:27:13.650134Z,1818370,will-brentford-qualify-for-the-league-phase-of-the-2026-27-uefa-conference-league,Will Brentford qualify for the League Phase of the 2026-27 UEFA Conference League?,0x0389abffb5ab63bd6aa4c5a51d9d3aa9448f20cd4ce3aa635fefd2f2349c3a31,"[""28387783984422789854592851598345905688234938653031916751801472369971729754741"", ""114832188258694701659066568174555689813627221405189198849646410747085620840644""]",28387783984422789854592851598345905688234938653031916751801472369971729754741|114832188258694701659066568174555689813627221405189198849646410747085620840644,28387783984422789854592851598345905688234938653031916751801472369971729754741,Yes,False,,,,,,,,,,,,65
2026-07-14T00:15:24Z,EPL,333084,epl-team-to-qualify-for-uefa-conference-league,EPL: Team to qualify for UEFA Conference League,2026-04-01T17:27:13.650134Z,1818370,will-brentford-qualify-for-the-league-phase-of-the-2026-27-uefa-conference-league,Will Brentford qualify for the League Phase of the 2026-27 UEFA Conference League?,0x0389abffb5ab63bd6aa4c5a51d9d3aa9448f20cd4ce3aa635fefd2f2349c3a31,"[""28387783984422789854592851598345905688234938653031916751801472369971729754741"", ""114832188258694701659066568174555689813627221405189198849646410747085620840644""]",28387783984422789854592851598345905688234938653031916751801472369971729754741|114832188258694701659066568174555689813627221405189198849646410747085620840644,114832188258694701659066568174555689813627221405189198849646410747085620840644,No,False,,,,,,,,,,,,65
2026-07-14T00:15:24Z,EPL,333084,epl-team-to-qualify-for-uefa-conference-league,EPL: Team to qualify for UEFA Conference League,2026-04-01T17:27:13.650134Z,1818371,will-brighton-hove-albion-qualify-for-the-league-phase-of-the-2026-27-uefa-conference-league,Will Brighton & Hove Albion qualify for the League Phase of the 2026-27 UEFA Conference League?,0x4e11ad07550e879b771bb74aa2ac543182c0b555f4fd86aaa8c9818d64b91f25,"[""91139930726622392742704198140499166850579482457098783277042371092513674941494"", ""75555949500072945185762043512718261040129266196955015758692797567174442576587""]",91139930726622392742704198140499166850579482457098783277042371092513674941494|75555949500072945185762043512718261040129266196955015758692797567174442576587,91139930726622392742704198140499166850579482457098783277042371092513674941494,Yes,True,0.95,5.1,0.979,73.6,0.9644999999999999,0.029000000000000026,59c7437fce23a33b10d982336e0aa038dacfe038,0.001,5,,170.76811,751.4608939999999
2026-07-14T00:15:24Z,EPL,333084,epl-team-to-qualify-for-uefa-conference-league,EPL: Team to qualify for UEFA Conference League,2026-04-01T17:27:13.650134Z,1818371,will-brighton-hove-albion-qualify-for-the-league-phase-of-the-2026-27-uefa-conference-league,Will Brighton & Hove Albion qualify for the League Phase of the 2026-27 UEFA Conference League?,0x4e11ad07550e879b771bb74aa2ac543182c0b555f4fd86aaa8c9818d64b91f25,"[""91139930726622392742704198140499166850579482457098783277042371092513674941494"", ""75555949500072945185762043512718261040129266196955015758692797567174442576587""]",91139930726622392742704198140499166850579482457098783277042371092513674941494|75555949500072945185762043512718261040129266196955015758692797567174442576587,75555949500072945185762043512718261040129266196955015758692797567174442576587,No,True,0.021,73.6,0.05,5.1,0.035500000000000004,0.029,9bf2b12632623d6709c92a6aaaac1e8351b62211,0.001,5,,170.76811,751.4608939999999
2026-07-14T00:15:24Z,EPL,333084,epl-team-to-qualify-for-uefa-conference-league,EPL: Team to qualify for UEFA Conference League,2026-04-01T17:27:13.650134Z,1818372,will-chelsea-qualify-for-the-league-phase-of-the-2026-27-uefa-conference-league,Will Chelsea qualify for the League Phase of the 2026-27 UEFA Conference League?,0xa0a419e4b455bbeb1ac06050bf572bbf636c70dc688f201eda6beb257e0ecccf,"[""24304404136401853611354679156736471836167449603878002382670170418575244748347"", ""34932573794344542041315686660932662303391519134203250572504686994553601884919""]",24304404136401853611354679156736471836167449603878002382670170418575244748347|34932573794344542041315686660932662303391519134203250572504686994553601884919,24304404136401853611354679156736471836167449603878002382670170418575244748347,Yes,False,,,,,,,,,,,,193.140308
2026-07-14T00:15:24Z,EPL,333084,epl-team-to-qualify-for-uefa-conference-league,EPL: Team to qualify for UEFA Conference League,2026-04-01T17:27:13.650134Z,1818372,will-chelsea-qualify-for-the-league-phase-of-the-2026-27-uefa-conference-league,Will Chelsea qualify for the League Phase of the 2026-27 UEFA Conference League?,0xa0a419e4b455bbeb1ac06050bf572bbf636c70dc688f201eda6beb257e0ecccf,"[""24304404136401853611354679156736471836167449603878002382670170418575244748347"", ""34932573794344542041315686660932662303391519134203250572504686994553601884919""]",24304404136401853611354679156736471836167449603878002382670170418575244748347|34932573794344542041315686660932662303391519134203250572504686994553601884919,34932573794344542041315686660932662303391519134203250572504686994553601884919,No,False,,,,,,,,,,,,193.140308
2026-07-14T00:15:24Z,EPL,333084,epl-team-to-qualify-for-uefa-conference-league,EPL: Team to qualify for UEFA Conference League,2026-04-01T17:27:13.650134Z,1818373,will-crystal-palace-qualify-for-the-league-phase-of-the-2026-27-uefa-conference-league,Will Crystal Palace qualify for the League Phase of the 2026-27 UEFA Conference League?,0x7fcff1b74a273c0e48b01dafa03fd994fc6d6a80faf2f401808a1f7c906231e2,"[""83595360800340582836220415327748792858014632655765677024450652227649872829217"", ""8722778550304158158775908112102831721712668882628498669387415627760731221547""]",83595360800340582836220415327748792858014632655765677024450652227649872829217|8722778550304158158775908112102831721712668882628498669387415627760731221547,83595360800340582836220415327748792858014632655765677024450652227649872829217,Yes,False,,,,,,,,,,,,55.10415
2026-07-14T00:15:24Z,EPL,333084,epl-team-to-qualify-for-uefa-conference-league,EPL: Team to qualify for UEFA Conference League,2026-04-01T17:27:13.650134Z,1818373,will-crystal-palace-qualify-for-the-league-phase-of-the-2026-27-uefa-conference-league,Will Crystal Palace qualify for the League Phase of the 2026-27 UEFA Conference League?,0x7fcff1b74a273c0e48b01dafa03fd994fc6d6a80faf2f401808a1f7c906231e2,"[""83595360800340582836220415327748792858014632655765677024450652227649872829217"", ""8722778550304158158775908112102831721712668882628498669387415627760731221547""]",83595360800340582836220415327748792858014632655765677024450652227649872829217|8722778550304158158775908112102831721712668882628498669387415627760731221547,8722778550304158158775908112102831721712668882628498669387415627760731221547,No,False,,,,,,,,,,,,55.10415
2026-07-14T00:15:24Z,EPL,333084,epl-team-to-qualify-for-uefa-conference-league,EPL: Team to qualify for UEFA Conference League,2026-04-01T17:27:13.650134Z,1818374,will-everton-qualify-for-the-league-phase-of-the-2026-27-uefa-conference-league,Will Everton qualify for the League Phase of the 2026-27 UEFA Conference League?,0xc2d06ea1b36aa2af374778802062278b37c0681e80b8b30d440eea8c89c69efa,"[""4166923647964243798214643118596450748550925708271797356837126450441673128307"", ""38675784671269789218225363889508272390729885225646140690421495748338190385226""]",4166923647964243798214643118596450748550925708271797356837126450441673128307|38675784671269789218225363889508272390729885225646140690421495748338190385226,4166923647964243798214643118596450748550925708271797356837126450441673128307,Yes,False,,,,,,,,,,,,481.81
2026-07-14T00:15:24Z,EPL,333084,epl-team-to-qualify-for-uefa-conference-league,EPL: Team to qualify for UEFA Conference League,2026-04-01T17:27:13.650134Z,1818374,will-everton-qualify-for-the-league-phase-of-the-2026-27-uefa-conference-league,Will Everton qualify for the League Phase of the 2026-27 UEFA Conference League?,0xc2d06ea1b36aa2af374778802062278b37c0681e80b8b30d440eea8c89c69efa,"[""4166923647964243798214643118596450748550925708271797356837126450441673128307"", ""38675784671269789218225363889508272390729885225646140690421495748338190385226""]",4166923647964243798214643118596450748550925708271797356837126450441673128307|38675784671269789218225363889508272390729885225646140690421495748338190385226,38675784671269789218225363889508272390729885225646140690421495748338190385226,No,False,,,,,,,,,,,,481.81
2026-07-14T00:15:24Z,EPL,333084,epl-team-to-qualify-for-uefa-conference-league,EPL: Team to qualify for UEFA Conference League,2026-04-01T17:27:13.650134Z,1818375,will-fulham-qualify-for-the-league-phase-of-the-2026-27-uefa-conference-league,Will Fulham qualify for the League Phase of the 2026-27 UEFA Conference League?,0xa9c80d9e6d42b63441eb65788fa6715dd14e46e84e92ab0af524aa71de00e9fe,"[""58173349290615436261874750189700214187364770220706840363443501392029514828013"", ""68870830613563352664780739176635792396465611522859759407689581346809698393825""]",58173349290615436261874750189700214187364770220706840363443501392029514828013|68870830613563352664780739176635792396465611522859759407689581346809698393825,58173349290615436261874750189700214187364770220706840363443501392029514828013,Yes,False,,,,,,,,,,,,529.6700000000001
2026-07-14T00:15:24Z,EPL,333084,epl-team-to-qualify-for-uefa-conference-league,EPL: Team to qualify for UEFA Conference League,2026-04-01T17:27:13.650134Z,1818375,will-fulham-qualify-for-the-league-phase-of-the-2026-27-uefa-conference-league,Will Fulham qualify for the League Phase of the 2026-27 UEFA Conference League?,0xa9c80d9e6d42b63441eb65788fa6715dd14e46e84e92ab0af524aa71de00e9fe,"[""58173349290615436261874750189700214187364770220706840363443501392029514828013"", ""68870830613563352664780739176635792396465611522859759407689581346809698393825""]",58173349290615436261874750189700214187364770220706840363443501392029514828013|68870830613563352664780739176635792396465611522859759407689581346809698393825,68870830613563352664780739176635792396465611522859759407689581346809698393825,No,False,,,,,,,,,,,,529.6700000000001
2026-07-14T00:15:24Z,EPL,333084,epl-team-to-qualify-for-uefa-conference-league,EPL: Team to qualify for UEFA Conference League,2026-04-01T17:27:13.650134Z,1818376,will-ipswich-town-qualify-for-the-league-phase-of-the-2026-27-uefa-conference-league,Will Ipswich Town qualify for the League Phase of the 2026-27 UEFA Conference League?,0xfd1fd6c7c9106ccdc0a48fb64385b352808d5f6a4eb0157cb37b834002772000,"[""34575040317828011543308948862359294748447343494151397521995978862299718496252"", ""32703218917373905712439402416747473136357574974365039086658033726899781984701""]",34575040317828011543308948862359294748447343494151397521995978862299718496252|32703218917373905712439402416747473136357574974365039086658033726899781984701,34575040317828011543308948862359294748447343494151397521995978862299718496252,Yes,False,,,,,,,,,,,,185.7979
2026-07-14T00:15:24Z,EPL,333084,epl-team-to-qualify-for-uefa-conference-league,EPL: Team to qualify for UEFA Conference League,2026-04-01T17:27:13.650134Z,1818376,will-ipswich-town-qualify-for-the-league-phase-of-the-2026-27-uefa-conference-league,Will Ipswich Town qualify for the League Phase of the 2026-27 UEFA Conference League?,0xfd1fd6c7c9106ccdc0a48fb64385b352808d5f6a4eb0157cb37b834002772000,"[""34575040317828011543308948862359294748447343494151397521995978862299718496252"", ""32703218917373905712439402416747473136357574974365039086658033726899781984701""]",34575040317828011543308948862359294748447343494151397521995978862299718496252|32703218917373905712439402416747473136357574974365039086658033726899781984701,32703218917373905712439402416747473136357574974365039086658033726899781984701,No,False,,,,,,,,,,,,185.7979
2026-07-14T00:15:24Z,EPL,333084,epl-team-to-qualify-for-uefa-conference-league,EPL: Team to qualify for UEFA Conference League,2026-04-01T17:27:13.650134Z,1818377,will-leicester-city-qualify-for-the-league-phase-of-the-2026-27-uefa-conference-league,Will Leicester City qualify for the League Phase of the 2026-27 UEFA Conference League?,0x7f23bad03e49e8691193b374466a982f76952cc0658302268f2122380250f91d,"[""36855782576831156580765175743466253787995589729798761982205435744452738857165"", ""63267615403020851545105138792098005654530731396339683005908577788229989628684""]",36855782576831156580765175743466253787995589729798761982205435744452738857165|63267615403020851545105138792098005654530731396339683005908577788229989628684,36855782576831156580765175743466253787995589729798761982205435744452738857165,Yes,False,,,,,,,,,,,,185.5555
2026-07-14T00:15:24Z,EPL,333084,epl-team-to-qualify-for-uefa-conference-league,EPL: Team to qualify for UEFA Conference League,2026-04-01T17:27:13.650134Z,1818377,will-leicester-city-qualify-for-the-league-phase-of-the-2026-27-uefa-conference-league,Will Leicester City qualify for the League Phase of the 2026-27 UEFA Conference League?,0x7f23bad03e49e8691193b374466a982f76952cc0658302268f2122380250f91d,"[""36855782576831156580765175743466253787995589729798761982205435744452738857165"", ""63267615403020851545105138792098005654530731396339683005908577788229989628684""]",36855782576831156580765175743466253787995589729798761982205435744452738857165|63267615403020851545105138792098005654530731396339683005908577788229989628684,63267615403020851545105138792098005654530731396339683005908577788229989628684,No,False,,,,,,,,,,,,185.5555
2026-07-14T00:15:24Z,EPL,333084,epl-team-to-qualify-for-uefa-conference-league,EPL: Team to qualify for UEFA Conference League,2026-04-01T17:27:13.650134Z,1818378,will-liverpool-qualify-for-the-league-phase-of-the-2026-27-uefa-conference-league,Will Liverpool qualify for the League Phase of the 2026-27 UEFA Conference League?,0x0f39d177f78abd438be984b36f264c13de879b346ae40bfea0ababc108b83f64,"[""65988948624774144931622911564364302133312968519504468408474435267221324233196"", ""115130602602129428285461614417924472558165741430309539659330809798396288056300""]",65988948624774144931622911564364302133312968519504468408474435267221324233196|115130602602129428285461614417924472558165741430309539659330809798396288056300,65988948624774144931622911564364302133312968519504468408474435267221324233196,Yes,False,,,,,,,,,,,0,175.5
2026-07-14T00:15:24Z,EPL,333084,epl-team-to-qualify-for-uefa-conference-league,EPL: Team to qualify for UEFA Conference League,2026-04-01T17:27:13.650134Z,1818378,will-liverpool-qualify-for-the-league-phase-of-the-2026-27-uefa-conference-league,Will Liverpool qualify for the League Phase of the 2026-27 UEFA Conference League?,0x0f39d177f78abd438be984b36f264c13de879b346ae40bfea0ababc108b83f64,"[""65988948624774144931622911564364302133312968519504468408474435267221324233196"", ""115130602602129428285461614417924472558165741430309539659330809798396288056300""]",65988948624774144931622911564364302133312968519504468408474435267221324233196|115130602602129428285461614417924472558165741430309539659330809798396288056300,115130602602129428285461614417924472558165741430309539659330809798396288056300,No,False,,,,,,,,,,,0,175.5
2026-07-14T00:15:24Z,EPL,333084,epl-team-to-qualify-for-uefa-conference-league,EPL: Team to qualify for UEFA Conference League,2026-04-01T17:27:13.650134Z,1818379,will-manchester-city-qualify-for-the-league-phase-of-the-2026-27-uefa-conference-league,Will Manchester City qualify for the League Phase of the 2026-27 UEFA Conference League?,0x9f502be87b77866442714675eeb0ceec67b36469dab587b15862716b95a22a65,"[""81955707153623233000480445669873960416969320182377332341762765419704043622092"", ""63903621190034107756618838956749324043719317201688365281214818158837560760762""]",81955707153623233000480445669873960416969320182377332341762765419704043622092|63903621190034107756618838956749324043719317201688365281214818158837560760762,81955707153623233000480445669873960416969320182377332341762765419704043622092,Yes,False,,,,,,,,,,,,239.96210000000002
2026-07-14T00:15:24Z,EPL,333084,epl-team-to-qualify-for-uefa-conference-league,EPL: Team to qualify for UEFA Conference League,2026-04-01T17:27:13.650134Z,1818379,will-manchester-city-qualify-for-the-league-phase-of-the-2026-27-uefa-conference-league,Will Manchester City qualify for the League Phase of the 2026-27 UEFA Conference League?,0x9f502be87b77866442714675eeb0ceec67b36469dab587b15862716b95a22a65,"[""81955707153623233000480445669873960416969320182377332341762765419704043622092"", ""63903621190034107756618838956749324043719317201688365281214818158837560760762""]",81955707153623233000480445669873960416969320182377332341762765419704043622092|63903621190034107756618838956749324043719317201688365281214818158837560760762,63903621190034107756618838956749324043719317201688365281214818158837560760762,No,False,,,,,,,,,,,,239.96210000000002
2026-07-14T00:15:24Z,EPL,333084,epl-team-to-qualify-for-uefa-conference-league,EPL: Team to qualify for UEFA Conference League,2026-04-01T17:27:13.650134Z,1818380,will-manchester-united-qualify-for-the-league-phase-of-the-2026-27-uefa-conference-league,Will Manchester United qualify for the League Phase of the 2026-27 UEFA Conference League?,0x10faa15e034abb4d8b58e96fa9cceaeba84182d8d26061672b3090ef60c474c7,"[""14537963265850539015090671292913129800573442530565687433985001158662408488535"", ""24584985274241329793529868323709359334793457968867512216477798918303927163120""]",14537963265850539015090671292913129800573442530565687433985001158662408488535|24584985274241329793529868323709359334793457968867512216477798918303927163120,14537963265850539015090671292913129800573442530565687433985001158662408488535,Yes,False,,,,,,,,,,,,654.06
2026-07-14T00:15:24Z,EPL,333084,epl-team-to-qualify-for-uefa-conference-league,EPL: Team to qualify for UEFA Conference League,2026-04-01T17:27:13.650134Z,1818380,will-manchester-united-qualify-for-the-league-phase-of-the-2026-27-uefa-conference-league,Will Manchester United qualify for the League Phase of the 2026-27 UEFA Conference League?,0x10faa15e034abb4d8b58e96fa9cceaeba84182d8d26061672b3090ef60c474c7,"[""14537963265850539015090671292913129800573442530565687433985001158662408488535"", ""24584985274241329793529868323709359334793457968867512216477798918303927163120""]",14537963265850539015090671292913129800573442530565687433985001158662408488535|24584985274241329793529868323709359334793457968867512216477798918303927163120,24584985274241329793529868323709359334793457968867512216477798918303927163120,No,False,,,,,,,,,,,,654.06
2026-07-14T00:15:24Z,EPL,333084,epl-team-to-qualify-for-uefa-conference-league,EPL: Team to qualify for UEFA Conference League,2026-04-01T17:27:13.650134Z,1818381,will-newcastle-united-qualify-for-the-league-phase-of-the-2026-27-uefa-conference-league,Will Newcastle United qualify for the League Phase of the 2026-27 UEFA Conference League?,0xb0716d2b36fd90dd54c600a9e7647616490002987e3eb1ecb3d10ead4d62d33c,"[""59224980280942325666569394558997382798882386438436610001858371645471216555919"", ""79970515927998557660930530711963196679174481368659736459630565505379849389257""]",59224980280942325666569394558997382798882386438436610001858371645471216555919|79970515927998557660930530711963196679174481368659736459630565505379849389257,59224980280942325666569394558997382798882386438436610001858371645471216555919,Yes,False,,,,,,,,,,,,411.9
2026-07-14T00:15:24Z,EPL,333084,epl-team-to-qualify-for-uefa-conference-league,EPL: Team to qualify for UEFA Conference League,2026-04-01T17:27:13.650134Z,1818381,will-newcastle-united-qualify-for-the-league-phase-of-the-2026-27-uefa-conference-league,Will Newcastle United qualify for the League Phase of the 2026-27 UEFA Conference League?,0xb0716d2b36fd90dd54c600a9e7647616490002987e3eb1ecb3d10ead4d62d33c,"[""59224980280942325666569394558997382798882386438436610001858371645471216555919"", ""79970515927998557660930530711963196679174481368659736459630565505379849389257""]",59224980280942325666569394558997382798882386438436610001858371645471216555919|79970515927998557660930530711963196679174481368659736459630565505379849389257,79970515927998557660930530711963196679174481368659736459630565505379849389257,No,False,,,,,,,,,,,,411.9
2026-07-14T00:15:24Z,EPL,333084,epl-team-to-qualify-for-uefa-conference-league,EPL: Team to qualify for UEFA Conference League,2026-04-01T17:27:13.650134Z,1818382,will-nottingham-forest-qualify-for-the-league-phase-of-the-2026-27-uefa-conference-league,Will Nottingham Forest qualify for the League Phase of the 2026-27 UEFA Conference League?,0xe911ed8e88ee4d94cb587ed6128a6c15596d9338a4d90b78b9ea20b0578fc156,"[""19481881546917834293067497074329377518935142669934498853237227966392229142245"", ""57602898067754327037427882833634701750997153547931685588132390215919583981742""]",19481881546917834293067497074329377518935142669934498853237227966392229142245|57602898067754327037427882833634701750997153547931685588132390215919583981742,19481881546917834293067497074329377518935142669934498853237227966392229142245,Yes,False,,,,,,,,,,,,407.7161
2026-07-14T00:15:24Z,EPL,333084,epl-team-to-qualify-for-uefa-conference-league,EPL: Team to qualify for UEFA Conference League,2026-04-01T17:27:13.650134Z,1818382,will-nottingham-forest-qualify-for-the-league-phase-of-the-2026-27-uefa-conference-league,Will Nottingham Forest qualify for the League Phase of the 2026-27 UEFA Conference League?,0xe911ed8e88ee4d94cb587ed6128a6c15596d9338a4d90b78b9ea20b0578fc156,"[""19481881546917834293067497074329377518935142669934498853237227966392229142245"", ""57602898067754327037427882833634701750997153547931685588132390215919583981742""]",19481881546917834293067497074329377518935142669934498853237227966392229142245|57602898067754327037427882833634701750997153547931685588132390215919583981742,57602898067754327037427882833634701750997153547931685588132390215919583981742,No,False,,,,,,,,,,,,407.7161
2026-07-14T00:15:24Z,EPL,333084,epl-team-to-qualify-for-uefa-conference-league,EPL: Team to qualify for UEFA Conference League,2026-04-01T17:27:13.650134Z,1818383,will-southampton-qualify-for-the-league-phase-of-the-2026-27-uefa-conference-league,Will Southampton qualify for the League Phase of the 2026-27 UEFA Conference League?,0x7ca2adbbd88851add0e546dd78574d7e79fc00c76e8c490e5692bf8023c11e75,"[""26877828097379119176280047098274709531228788895296330595994436624390898867911"", ""115748130349087715420332870666315257990045222809843222754054247382701059943674""]",26877828097379119176280047098274709531228788895296330595994436624390898867911|115748130349087715420332870666315257990045222809843222754054247382701059943674,26877828097379119176280047098274709531228788895296330595994436624390898867911,Yes,False,,,,,,,,,,,0,617.6899999999999
2026-07-14T00:15:24Z,EPL,333084,epl-team-to-qualify-for-uefa-conference-league,EPL: Team to qualify for UEFA Conference League,2026-04-01T17:27:13.650134Z,1818383,will-southampton-qualify-for-the-league-phase-of-the-2026-27-uefa-conference-league,Will Southampton qualify for the League Phase of the 2026-27 UEFA Conference League?,0x7ca2adbbd88851add0e546dd78574d7e79fc00c76e8c490e5692bf8023c11e75,"[""26877828097379119176280047098274709531228788895296330595994436624390898867911"", ""115748130349087715420332870666315257990045222809843222754054247382701059943674""]",26877828097379119176280047098274709531228788895296330595994436624390898867911|115748130349087715420332870666315257990045222809843222754054247382701059943674,115748130349087715420332870666315257990045222809843222754054247382701059943674,No,False,,,,,,,,,,,0,617.6899999999999
2026-07-14T00:15:24Z,EPL,333084,epl-team-to-qualify-for-uefa-conference-league,EPL: Team to qualify for UEFA Conference League,2026-04-01T17:27:13.650134Z,1818384,will-tottenham-hotspur-qualify-for-the-league-phase-of-the-2026-27-uefa-conference-league,Will Tottenham Hotspur qualify for the League Phase of the 2026-27 UEFA Conference League?,0xe98b7da9a346eb2aced5b9300c7a53e4d7c147741b546f005de0b3c0d89e0ae1,"[""16165000919596414242427788888124743916698715129044155178467657105167009019476"", ""114828181514576721851254739097127564151815507804110569853443476924908844910766""]",16165000919596414242427788888124743916698715129044155178467657105167009019476|114828181514576721851254739097127564151815507804110569853443476924908844910766,16165000919596414242427788888124743916698715129044155178467657105167009019476,Yes,False,,,,,,,,,,,,1126.7675
2026-07-14T00:15:24Z,EPL,333084,epl-team-to-qualify-for-uefa-conference-league,EPL: Team to qualify for UEFA Conference League,2026-04-01T17:27:13.650134Z,1818384,will-tottenham-hotspur-qualify-for-the-league-phase-of-the-2026-27-uefa-conference-league,Will Tottenham Hotspur qualify for the League Phase of the 2026-27 UEFA Conference League?,0xe98b7da9a346eb2aced5b9300c7a53e4d7c147741b546f005de0b3c0d89e0ae1,"[""16165000919596414242427788888124743916698715129044155178467657105167009019476"", ""114828181514576721851254739097127564151815507804110569853443476924908844910766""]",16165000919596414242427788888124743916698715129044155178467657105167009019476|114828181514576721851254739097127564151815507804110569853443476924908844910766,114828181514576721851254739097127564151815507804110569853443476924908844910766,No,False,,,,,,,,,,,,1126.7675
2026-07-14T00:15:24Z,EPL,333084,epl-team-to-qualify-for-uefa-conference-league,EPL: Team to qualify for UEFA Conference League,2026-04-01T17:27:13.650134Z,1818385,will-west-ham-united-qualify-for-the-league-phase-of-the-2026-27-uefa-conference-league,Will West Ham United qualify for the League Phase of the 2026-27 UEFA Conference League?,0xbc79053a1f7691b55171b4a210da33b3c3fba449c9df4fd954856635f8da0e8e,"[""54894379652853834326297942957419603346481276275403414881816173756537774757640"", ""33108900391203812803918822219418560079370282336069888352885661677363224124116""]",54894379652853834326297942957419603346481276275403414881816173756537774757640|33108900391203812803918822219418560079370282336069888352885661677363224124116,54894379652853834326297942957419603346481276275403414881816173756537774757640,Yes,False,,,,,,,,,,,,207.137
2026-07-14T00:15:24Z,EPL,333084,epl-team-to-qualify-for-uefa-conference-league,EPL: Team to qualify for UEFA Conference League,2026-04-01T17:27:13.650134Z,1818385,will-west-ham-united-qualify-for-the-league-phase-of-the-2026-27-uefa-conference-league,Will West Ham United qualify for the League Phase of the 2026-27 UEFA Conference League?,0xbc79053a1f7691b55171b4a210da33b3c3fba449c9df4fd954856635f8da0e8e,"[""54894379652853834326297942957419603346481276275403414881816173756537774757640"", ""33108900391203812803918822219418560079370282336069888352885661677363224124116""]",54894379652853834326297942957419603346481276275403414881816173756537774757640|33108900391203812803918822219418560079370282336069888352885661677363224124116,33108900391203812803918822219418560079370282336069888352885661677363224124116,No,False,,,,,,,,,,,,207.137
2026-07-14T00:15:24Z,EPL,333084,epl-team-to-qualify-for-uefa-conference-league,EPL: Team to qualify for UEFA Conference League,2026-04-01T17:27:13.650134Z,1818386,will-wolverhampton-wanderers-qualify-for-the-league-phase-of-the-2026-27-uefa-conference-league,Will Wolverhampton Wanderers qualify for the League Phase of the 2026-27 UEFA Conference League?,0x612a47d48e42fc85f4b3099edd0779c399e7393325bae5ef494fbec0b518be97,"[""39645891629689350247020865542579082583944711546641819664090458601825821008952"", ""27752113810792547257158395279414992925826179248970504390132410269490063597360""]",39645891629689350247020865542579082583944711546641819664090458601825821008952|27752113810792547257158395279414992925826179248970504390132410269490063597360,39645891629689350247020865542579082583944711546641819664090458601825821008952,Yes,False,,,,,,,,,,,,216.45
2026-07-14T00:15:24Z,EPL,333084,epl-team-to-qualify-for-uefa-conference-league,EPL: Team to qualify for UEFA Conference League,2026-04-01T17:27:13.650134Z,1818386,will-wolverhampton-wanderers-qualify-for-the-league-phase-of-the-2026-27-uefa-conference-league,Will Wolverhampton Wanderers qualify for the League Phase of the 2026-27 UEFA Conference League?,0x612a47d48e42fc85f4b3099edd0779c399e7393325bae5ef494fbec0b518be97,"[""39645891629689350247020865542579082583944711546641819664090458601825821008952"", ""27752113810792547257158395279414992925826179248970504390132410269490063597360""]",39645891629689350247020865542579082583944711546641819664090458601825821008952|27752113810792547257158395279414992925826179248970504390132410269490063597360,27752113810792547257158395279414992925826179248970504390132410269490063597360,No,False,,,,,,,,,,,,216.45
2026-07-14T00:15:24Z,EPL,435490,epl-2026-team-of-the-season,EPL: 2026 PFA Team of the Year,2026-05-01T16:17:58.439577Z,2127663,will-david-raya-be-named-to-the-2026-pfa-premier-league-team-of-the-year,Will David Raya be named to the 2026 PFA Premier League Team of the Year?,0x50561f0ac9fb48ce9b1dc8f78f84dea5e43d9d30bd507eb93fa57b11a996ffeb,"[""3488261232009523381576281256634840719226792569353110860105294590188599877555"", ""33896607823388600558222421347266613674976673770405419631622989961143438148884""]",3488261232009523381576281256634840719226792569353110860105294590188599877555|33896607823388600558222421347266613674976673770405419631622989961143438148884,3488261232009523381576281256634840719226792569353110860105294590188599877555,Yes,True,0.06,5.61,0.96,10.77,0.51,0.8999999999999999,52dfd41f24090a966aab82ac66899be9aaa48d49,0.01,5,,3.8972,
2026-07-14T00:15:24Z,EPL,435490,epl-2026-team-of-the-season,EPL: 2026 PFA Team of the Year,2026-05-01T16:17:58.439577Z,2127663,will-david-raya-be-named-to-the-2026-pfa-premier-league-team-of-the-year,Will David Raya be named to the 2026 PFA Premier League Team of the Year?,0x50561f0ac9fb48ce9b1dc8f78f84dea5e43d9d30bd507eb93fa57b11a996ffeb,"[""3488261232009523381576281256634840719226792569353110860105294590188599877555"", ""33896607823388600558222421347266613674976673770405419631622989961143438148884""]",3488261232009523381576281256634840719226792569353110860105294590188599877555|33896607823388600558222421347266613674976673770405419631622989961143438148884,33896607823388600558222421347266613674976673770405419631622989961143438148884,No,True,0.04,10.77,0.94,5.61,0.49,0.8999999999999999,9caab626f15fe972c4274b26c8d6ae83adcb59dd,0.01,5,,3.8972,
2026-07-14T00:15:24Z,EPL,435490,epl-2026-team-of-the-season,EPL: 2026 PFA Team of the Year,2026-05-01T16:17:58.439577Z,2127664,will-jordan-pickford-be-named-to-the-2026-pfa-premier-league-team-of-the-year,Will Jordan Pickford be named to the 2026 PFA Premier League Team of the Year?,0x206d3cf11b86b16708f160e1e5223e75f4f0b126fbfecb52300077792e4a978f,"[""69002409170326112222673578355907486486435514190626080376764720483535336436602"", ""29764786967669041151836718379664776749611256940389381248189333088896507813340""]",69002409170326112222673578355907486486435514190626080376764720483535336436602|29764786967669041151836718379664776749611256940389381248189333088896507813340,69002409170326112222673578355907486486435514190626080376764720483535336436602,Yes,True,0.04,11.82,0.94,5.61,0.49,0.8999999999999999,8cbd44ed8e8dc183481771ba8c14e5002c753dac,0.01,5,,3.9669,
2026-07-14T00:15:24Z,EPL,435490,epl-2026-team-of-the-season,EPL: 2026 PFA Team of the Year,2026-05-01T16:17:58.439577Z,2127664,will-jordan-pickford-be-named-to-the-2026-pfa-premier-league-team-of-the-year,Will Jordan Pickford be named to the 2026 PFA Premier League Team of the Year?,0x206d3cf11b86b16708f160e1e5223e75f4f0b126fbfecb52300077792e4a978f,"[""69002409170326112222673578355907486486435514190626080376764720483535336436602"", ""29764786967669041151836718379664776749611256940389381248189333088896507813340""]",69002409170326112222673578355907486486435514190626080376764720483535336436602|29764786967669041151836718379664776749611256940389381248189333088896507813340,29764786967669041151836718379664776749611256940389381248189333088896507813340,No,True,0.06,5.61,0.96,11.82,0.51,0.8999999999999999,471cf5ea34e0cd010ac0b37e0207682abbd7c99c,0.01,5,,3.9669,
2026-07-14T00:15:24Z,EPL,435490,epl-2026-team-of-the-season,EPL: 2026 PFA Team of the Year,2026-05-01T16:17:58.439577Z,2127665,will-dean-henderson-be-named-to-the-2026-pfa-premier-league-team-of-the-year,Will Dean Henderson be named to the 2026 PFA Premier League Team of the Year?,0x67ebb7796df1324b1b084b0aaa59e3379513583ac93e3c8e968935e7dbb1f535,"[""77730449116026385251216021681478758817188404733132958155748625297475510396335"", ""86484569427189395298179892127162282618369840953731094949208918944830421003973""]",77730449116026385251216021681478758817188404733132958155748625297475510396335|86484569427189395298179892127162282618369840953731094949208918944830421003973,77730449116026385251216021681478758817188404733132958155748625297475510396335,Yes,True,0.04,11.82,0.94,5.61,0.49,0.8999999999999999,763bd2ae40693678ba9205142db35cb11065f698,0.01,5,,3.764,
2026-07-14T00:15:24Z,EPL,435490,epl-2026-team-of-the-season,EPL: 2026 PFA Team of the Year,2026-05-01T16:17:58.439577Z,2127665,will-dean-henderson-be-named-to-the-2026-pfa-premier-league-team-of-the-year,Will Dean Henderson be named to the 2026 PFA Premier League Team of the Year?,0x67ebb7796df1324b1b084b0aaa59e3379513583ac93e3c8e968935e7dbb1f535,"[""77730449116026385251216021681478758817188404733132958155748625297475510396335"", ""86484569427189395298179892127162282618369840953731094949208918944830421003973""]",77730449116026385251216021681478758817188404733132958155748625297475510396335|86484569427189395298179892127162282618369840953731094949208918944830421003973,86484569427189395298179892127162282618369840953731094949208918944830421003973,No,True,0.06,5.61,0.96,11.82,0.51,0.8999999999999999,db53fcb8f668093d7618dbc8be55bbb656aa544c,0.01,5,,3.764,
2026-07-14T00:15:24Z,EPL,435490,epl-2026-team-of-the-season,EPL: 2026 PFA Team of the Year,2026-05-01T16:17:58.439577Z,2127666,will-robin-roefs-be-named-to-the-2026-pfa-premier-league-team-of-the-year,Will Robin Roefs be named to the 2026 PFA Premier League Team of the Year?,0xdae0f14d1b5ea256638164c6578853226408702f44e238ca8fa692998fdc6332,"[""70182957445101902779363373709716695169810926012757858042099415085409463195888"", ""90699863564786576085723598309072905823666331748016080742800846290619606364496""]",70182957445101902779363373709716695169810926012757858042099415085409463195888|90699863564786576085723598309072905823666331748016080742800846290619606364496,70182957445101902779363373709716695169810926012757858042099415085409463195888,Yes,True,0.04,10.77,0.94,5.61,0.49,0.8999999999999999,cdf6ee8ff10018839530b1b6b39416c88ee718e8,0.01,5,,3.7653,
2026-07-14T00:15:24Z,EPL,435490,epl-2026-team-of-the-season,EPL: 2026 PFA Team of the Year,2026-05-01T16:17:58.439577Z,2127666,will-robin-roefs-be-named-to-the-2026-pfa-premier-league-team-of-the-year,Will Robin Roefs be named to the 2026 PFA Premier League Team of the Year?,0xdae0f14d1b5ea256638164c6578853226408702f44e238ca8fa692998fdc6332,"[""70182957445101902779363373709716695169810926012757858042099415085409463195888"", ""90699863564786576085723598309072905823666331748016080742800846290619606364496""]",70182957445101902779363373709716695169810926012757858042099415085409463195888|90699863564786576085723598309072905823666331748016080742800846290619606364496,90699863564786576085723598309072905823666331748016080742800846290619606364496,No,True,0.06,5.61,0.96,10.77,0.51,0.8999999999999999,d2e2da240b3b2d1e1619d5dbe73e7564dc3ba4ff,0.01,5,,3.7653,
2026-07-14T00:15:24Z,EPL,435490,epl-2026-team-of-the-season,EPL: 2026 PFA Team of the Year,2026-05-01T16:17:58.439577Z,2127667,will-gianluigi-donnarumma-be-named-to-the-2026-pfa-premier-league-team-of-the-year,Will Gianluigi Donnarumma be named to the 2026 PFA Premier League Team of the Year?,0x322441734b9f23744de899e345ef48ec25e0055f8b1bfc19fe4612055a8ff2df,"[""65007673257262595676530056363240287641293306267550009290432560084643152028010"", ""97388027101380065799871752579213229783305736941572715830099055292320933629215""]",65007673257262595676530056363240287641293306267550009290432560084643152028010|97388027101380065799871752579213229783305736941572715830099055292320933629215,65007673257262595676530056363240287641293306267550009290432560084643152028010,Yes,True,0.04,11.7,0.96,11.7,0.5,0.9199999999999999,bcfaf2644742844d787004b1368823b8c6c98717,0.01,5,,4.252,
2026-07-14T00:15:24Z,EPL,435490,epl-2026-team-of-the-season,EPL: 2026 PFA Team of the Year,2026-05-01T16:17:58.439577Z,2127667,will-gianluigi-donnarumma-be-named-to-the-2026-pfa-premier-league-team-of-the-year,Will Gianluigi Donnarumma be named to the 2026 PFA Premier League Team of the Year?,0x322441734b9f23744de899e345ef48ec25e0055f8b1bfc19fe4612055a8ff2df,"[""65007673257262595676530056363240287641293306267550009290432560084643152028010"", ""97388027101380065799871752579213229783305736941572715830099055292320933629215""]",65007673257262595676530056363240287641293306267550009290432560084643152028010|97388027101380065799871752579213229783305736941572715830099055292320933629215,97388027101380065799871752579213229783305736941572715830099055292320933629215,No,True,0.04,11.7,0.96,11.7,0.5,0.9199999999999999,0450c71c3ec21acdb665a8a29d7e860ae3563419,0.01,5,,4.252,
2026-07-14T00:15:24Z,EPL,435490,epl-2026-team-of-the-season,EPL: 2026 PFA Team of the Year,2026-05-01T16:17:58.439577Z,2127668,will-jurrien-timber-be-named-to-the-2026-pfa-premier-league-team-of-the-year,Will Jurrien Timber be named to the 2026 PFA Premier League Team of the Year?,0x97ca47da99683bddec8036ce29388c2e400e7cecfea8ac4dbef54ac0791cc593,"[""58745854058166153005664210409408254918505117901359386106376082227012206838503"", ""43365583002812118163534009703280808191029196488960918105614424745527498298109""]",58745854058166153005664210409408254918505117901359386106376082227012206838503|43365583002812118163534009703280808191029196488960918105614424745527498298109,58745854058166153005664210409408254918505117901359386106376082227012206838503,Yes,True,0.04,10.77,0.96,10.77,0.5,0.9199999999999999,10d2e80c63ff7e84f6d35c0e63f8186e37610f1b,0.01,5,,4.0462,
2026-07-14T00:15:24Z,EPL,435490,epl-2026-team-of-the-season,EPL: 2026 PFA Team of the Year,2026-05-01T16:17:58.439577Z,2127668,will-jurrien-timber-be-named-to-the-2026-pfa-premier-league-team-of-the-year,Will Jurrien Timber be named to the 2026 PFA Premier League Team of the Year?,0x97ca47da99683bddec8036ce29388c2e400e7cecfea8ac4dbef54ac0791cc593,"[""58745854058166153005664210409408254918505117901359386106376082227012206838503"", ""43365583002812118163534009703280808191029196488960918105614424745527498298109""]",58745854058166153005664210409408254918505117901359386106376082227012206838503|43365583002812118163534009703280808191029196488960918105614424745527498298109,43365583002812118163534009703280808191029196488960918105614424745527498298109,No,True,0.04,10.77,0.96,10.77,0.5,0.9199999999999999,979d29b1f73f4a36bb0cbf8bf8ce481ff1b04c16,0.01,5,,4.0462,
2026-07-14T00:15:24Z,EPL,435490,epl-2026-team-of-the-season,EPL: 2026 PFA Team of the Year,2026-05-01T16:17:58.439577Z,2127669,will-matheus-nunes-be-named-to-the-2026-pfa-premier-league-team-of-the-year,Will Matheus Nunes be named to the 2026 PFA Premier League Team of the Year?,0x236166693870332c38cc1f290d2de8a00eafa1b78519182663a58811b1011705,"[""71852886829417081758693278389180020836881806315641141653569411011094941385487"", ""27873264127773337044236459909692649813557879461485496445916977915515730222703""]",71852886829417081758693278389180020836881806315641141653569411011094941385487|27873264127773337044236459909692649813557879461485496445916977915515730222703,71852886829417081758693278389180020836881806315641141653569411011094941385487,Yes,True,0.04,13.16,0.96,10.77,0.5,0.9199999999999999,d12b75e7fe287be4140e05dfaa9a4b47758124bc,0.01,5,,4.701,
2026-07-14T00:15:24Z,EPL,435490,epl-2026-team-of-the-season,EPL: 2026 PFA Team of the Year,2026-05-01T16:17:58.439577Z,2127669,will-matheus-nunes-be-named-to-the-2026-pfa-premier-league-team-of-the-year,Will Matheus Nunes be named to the 2026 PFA Premier League Team of the Year?,0x236166693870332c38cc1f290d2de8a00eafa1b78519182663a58811b1011705,"[""71852886829417081758693278389180020836881806315641141653569411011094941385487"", ""27873264127773337044236459909692649813557879461485496445916977915515730222703""]",71852886829417081758693278389180020836881806315641141653569411011094941385487|27873264127773337044236459909692649813557879461485496445916977915515730222703,27873264127773337044236459909692649813557879461485496445916977915515730222703,No,True,0.04,10.77,0.96,13.16,0.5,0.9199999999999999,a9ea73265efd8e02c9ddf45217839cb412b62050,0.01,5,,4.701,
2026-07-14T00:15:24Z,EPL,435490,epl-2026-team-of-the-season,EPL: 2026 PFA Team of the Year,2026-05-01T16:17:58.439577Z,2127670,will-gabriel-magalhes-be-named-to-the-2026-pfa-premier-league-team-of-the-year,Will Gabriel Magalhães be named to the 2026 PFA Premier League Team of the Year?,0xd3d8a97f490967ba04bcf06a1f1fa0b8e14ff08f5f0781bccb14c7eb1cf34ca6,"[""112756383879220814577105643520650901454791316512357676513193784191480344438666"", ""7697378624768914483353901406042873706810082834244678754453720343911008090965""]",112756383879220814577105643520650901454791316512357676513193784191480344438666|7697378624768914483353901406042873706810082834244678754453720343911008090965,112756383879220814577105643520650901454791316512357676513193784191480344438666,Yes,True,0.06,5.61,0.96,10.77,0.51,0.8999999999999999,15be5a572701dd9236f2171ce4d4e9d405f94102,0.01,5,,3.7653,
2026-07-14T00:15:24Z,EPL,435490,epl-2026-team-of-the-season,EPL: 2026 PFA Team of the Year,2026-05-01T16:17:58.439577Z,2127670,will-gabriel-magalhes-be-named-to-the-2026-pfa-premier-league-team-of-the-year,Will Gabriel Magalhães be named to the 2026 PFA Premier League Team of the Year?,0xd3d8a97f490967ba04bcf06a1f1fa0b8e14ff08f5f0781bccb14c7eb1cf34ca6,"[""112756383879220814577105643520650901454791316512357676513193784191480344438666"", ""7697378624768914483353901406042873706810082834244678754453720343911008090965""]",112756383879220814577105643520650901454791316512357676513193784191480344438666|7697378624768914483353901406042873706810082834244678754453720343911008090965,7697378624768914483353901406042873706810082834244678754453720343911008090965,No,True,0.04,10.77,0.94,5.61,0.49,0.8999999999999999,da6baa02ccb52387c8918ffda361fda466ae1fc4,0.01,5,,3.7653,
2026-07-14T00:15:24Z,EPL,435490,epl-2026-team-of-the-season,EPL: 2026 PFA Team of the Year,2026-05-01T16:17:58.439577Z,2127671,will-william-saliba-be-named-to-the-2026-pfa-premier-league-team-of-the-year,Will William Saliba be named to the 2026 PFA Premier League Team of the Year?,0xc344b5f7891b8617e7118aaa24bac3840a587691c1a36daa479a61de0b79bcb6,"[""47207660538745167295586664941849591121956044929877358537501900994850424263330"", ""105234782857798608331719124706582304874620432378282673665444164066431160124095""]",47207660538745167295586664941849591121956044929877358537501900994850424263330|105234782857798608331719124706582304874620432378282673665444164066431160124095,47207660538745167295586664941849591121956044929877358537501900994850424263330,Yes,True,0.04,10.77,0.96,10.77,0.5,0.9199999999999999,1857bfd6f93131b299a1cf207d3e3089877268f2,0.01,5,,4.0206,
2026-07-14T00:15:24Z,EPL,435490,epl-2026-team-of-the-season,EPL: 2026 PFA Team of the Year,2026-05-01T16:17:58.439577Z,2127671,will-william-saliba-be-named-to-the-2026-pfa-premier-league-team-of-the-year,Will William Saliba be named to the 2026 PFA Premier League Team of the Year?,0xc344b5f7891b8617e7118aaa24bac3840a587691c1a36daa479a61de0b79bcb6,"[""47207660538745167295586664941849591121956044929877358537501900994850424263330"", ""105234782857798608331719124706582304874620432378282673665444164066431160124095""]",47207660538745167295586664941849591121956044929877358537501900994850424263330|105234782857798608331719124706582304874620432378282673665444164066431160124095,105234782857798608331719124706582304874620432378282673665444164066431160124095,No,True,0.04,10.77,0.96,10.77,0.5,0.9199999999999999,beaaef615b2f6ec246d4346c984fbaceb2232532,0.01,5,,4.0206,
2026-07-14T00:15:24Z,EPL,435490,epl-2026-team-of-the-season,EPL: 2026 PFA Team of the Year,2026-05-01T16:17:58.439577Z,2127672,will-marc-guehi-be-named-to-the-2026-pfa-premier-league-team-of-the-year,Will Marc Guehi be named to the 2026 PFA Premier League Team of the Year?,0x9a7829bcaf4bd65e903739dace6db739a8b68a396fd2c71a3d23d2a2cf2e88c5,"[""18774341203836696417330165615678664168245576790259527905518242337305438497157"", ""17833812615529939189123941305353432679112045501201563425472779980851390683424""]",18774341203836696417330165615678664168245576790259527905518242337305438497157|17833812615529939189123941305353432679112045501201563425472779980851390683424,18774341203836696417330165615678664168245576790259527905518242337305438497157,Yes,True,0.04,10.77,0.96,11.82,0.5,0.9199999999999999,e7cca2a0d78010aa517f6bfdf306ff0a1178b392,0.01,5,,4.1823,
2026-07-14T00:15:24Z,EPL,435490,epl-2026-team-of-the-season,EPL: 2026 PFA Team of the Year,2026-05-01T16:17:58.439577Z,2127672,will-marc-guehi-be-named-to-the-2026-pfa-premier-league-team-of-the-year,Will Marc Guehi be named to the 2026 PFA Premier League Team of the Year?,0x9a7829bcaf4bd65e903739dace6db739a8b68a396fd2c71a3d23d2a2cf2e88c5,"[""18774341203836696417330165615678664168245576790259527905518242337305438497157"", ""17833812615529939189123941305353432679112045501201563425472779980851390683424""]",18774341203836696417330165615678664168245576790259527905518242337305438497157|17833812615529939189123941305353432679112045501201563425472779980851390683424,17833812615529939189123941305353432679112045501201563425472779980851390683424,No,True,0.04,11.82,0.96,10.77,0.5,0.9199999999999999,fae00af40ca6a8d0528146f2440a0a2dacd0529c,0.01,5,,4.1823,
2026-07-14T00:15:24Z,EPL,435490,epl-2026-team-of-the-season,EPL: 2026 PFA Team of the Year,2026-05-01T16:17:58.439577Z,2127673,will-virgil-van-dijk-be-named-to-the-2026-pfa-premier-league-team-of-the-year,Will Virgil van Dijk be named to the 2026 PFA Premier League Team of the Year?,0x644231d6b178ebd20f0ab0b061a790f9dee4479ce96ab40686c8ade6f50a0238,"[""31721429411257768645758803262981554412084956132795321375044902571901613004887"", ""113776996666262784023568460080999498147130358875198884777079734831639187945943""]",31721429411257768645758803262981554412084956132795321375044902571901613004887|113776996666262784023568460080999498147130358875198884777079734831639187945943,31721429411257768645758803262981554412084956132795321375044902571901613004887,Yes,True,0.05,9.59,0.97,18.07,0.51,0.9199999999999999,3005fd031d4faa7874975c50816732b0f6a727c9,0.01,5,,4.2717,1.694914
2026-07-14T00:15:24Z,EPL,435490,epl-2026-team-of-the-season,EPL: 2026 PFA Team of the Year,2026-05-01T16:17:58.439577Z,2127673,will-virgil-van-dijk-be-named-to-the-2026-pfa-premier-league-team-of-the-year,Will Virgil van Dijk be named to the 2026 PFA Premier League Team of the Year?,0x644231d6b178ebd20f0ab0b061a790f9dee4479ce96ab40686c8ade6f50a0238,"[""31721429411257768645758803262981554412084956132795321375044902571901613004887"", ""113776996666262784023568460080999498147130358875198884777079734831639187945943""]",31721429411257768645758803262981554412084956132795321375044902571901613004887|113776996666262784023568460080999498147130358875198884777079734831639187945943,113776996666262784023568460080999498147130358875198884777079734831639187945943,No,True,0.03,18.07,0.95,9.59,0.49,0.9199999999999999,a130fc72f8e104d826efecfaf6b34ccd554724ab,0.01,5,,4.2717,1.694914
2026-07-14T00:15:24Z,EPL,435490,epl-2026-team-of-the-season,EPL: 2026 PFA Team of the Year,2026-05-01T16:17:58.439577Z,2127674,will-marc-cucurella-be-named-to-the-2026-pfa-premier-league-team-of-the-year,Will Marc Cucurella be named to the 2026 PFA Premier League Team of the Year?,0xe74cf34bab6946206532fd38cbf5a7eb4b346f7d13bffc6ae16eb3a69a4225d0,"[""59830425161161665808750586172447751894718446914006207206558327469584286337472"", ""85414521652635437338276097105191648874111759265882984452544936528659374053637""]",59830425161161665808750586172447751894718446914006207206558327469584286337472|85414521652635437338276097105191648874111759265882984452544936528659374053637,59830425161161665808750586172447751894718446914006207206558327469584286337472,Yes,True,0.04,10.77,0.96,10.77,0.5,0.9199999999999999,b0d58f0ae0c4a8e9a7c76dfcb21ff79fdb3262f5,0.01,5,,3.9806,
2026-07-14T00:15:24Z,EPL,435490,epl-2026-team-of-the-season,EPL: 2026 PFA Team of the Year,2026-05-01T16:17:58.439577Z,2127674,will-marc-cucurella-be-named-to-the-2026-pfa-premier-league-team-of-the-year,Will Marc Cucurella be named to the 2026 PFA Premier League Team of the Year?,0xe74cf34bab6946206532fd38cbf5a7eb4b346f7d13bffc6ae16eb3a69a4225d0,"[""59830425161161665808750586172447751894718446914006207206558327469584286337472"", ""85414521652635437338276097105191648874111759265882984452544936528659374053637""]",59830425161161665808750586172447751894718446914006207206558327469584286337472|85414521652635437338276097105191648874111759265882984452544936528659374053637,85414521652635437338276097105191648874111759265882984452544936528659374053637,No,True,0.04,10.77,0.96,10.77,0.5,0.9199999999999999,5cd625e785adff3e01fa31693bf8acdef61d9bfe,0.01,5,,3.9806,
2026-07-14T00:15:24Z,EPL,435490,epl-2026-team-of-the-season,EPL: 2026 PFA Team of the Year,2026-05-01T16:17:58.439577Z,2127675,will-piero-hincapie-be-named-to-the-2026-pfa-premier-league-team-of-the-year,Will Piero Hincapie be named to the 2026 PFA Premier League Team of the Year?,0x1d5d1e655085db69c387488aa7e661d4719bfa9c0bb392dd05652008c40b4a9a,"[""108011205392215304373394466135742493782019922749752404322686744906595861300763"", ""73789363813582664474158671396757087735667554782131752276569900280712319722369""]",108011205392215304373394466135742493782019922749752404322686744906595861300763|73789363813582664474158671396757087735667554782131752276569900280712319722369,108011205392215304373394466135742493782019922749752404322686744906595861300763,Yes,True,0.04,10.77,0.94,5.61,0.49,0.8999999999999999,2140737c5c42c1821752f77322f4eefe238fb30a,0.01,5,,3.8973,
2026-07-14T00:15:24Z,EPL,435490,epl-2026-team-of-the-season,EPL: 2026 PFA Team of the Year,2026-05-01T16:17:58.439577Z,2127675,will-piero-hincapie-be-named-to-the-2026-pfa-premier-league-team-of-the-year,Will Piero Hincapie be named to the 2026 PFA Premier League Team of the Year?,0x1d5d1e655085db69c387488aa7e661d4719bfa9c0bb392dd05652008c40b4a9a,"[""108011205392215304373394466135742493782019922749752404322686744906595861300763"", ""73789363813582664474158671396757087735667554782131752276569900280712319722369""]",108011205392215304373394466135742493782019922749752404322686744906595861300763|73789363813582664474158671396757087735667554782131752276569900280712319722369,73789363813582664474158671396757087735667554782131752276569900280712319722369,No,True,0.06,5.61,0.96,10.77,0.51,0.8999999999999999,ecd3559838e02a44e659e80510e77b8724f4d04d,0.01,5,,3.8973,
2026-07-14T00:15:24Z,EPL,435490,epl-2026-team-of-the-season,EPL: 2026 PFA Team of the Year,2026-05-01T16:17:58.439577Z,2127676,will-declan-rice-be-named-to-the-2026-pfa-premier-league-team-of-the-year,Will Declan Rice be named to the 2026 PFA Premier League Team of the Year?,0x898bbb37bb3e8e03480b52c31bc12b12019e84f4d4042d25622f9a9b9f1a21f2,"[""11523245240526311970979368164866348724509187066335918581337691503956313417913"", ""16544219157755328462914309364144553632877138543113142832790826044960896254419""]",11523245240526311970979368164866348724509187066335918581337691503956313417913|16544219157755328462914309364144553632877138543113142832790826044960896254419,11523245240526311970979368164866348724509187066335918581337691503956313417913,Yes,True,0.06,5.61,0.96,11.82,0.51,0.8999999999999999,bec59b3734be4ab4d74e8441530ab8d16e4e7640,0.01,5,,3.835,16.114284
2026-07-14T00:15:24Z,EPL,435490,epl-2026-team-of-the-season,EPL: 2026 PFA Team of the Year,2026-05-01T16:17:58.439577Z,2127676,will-declan-rice-be-named-to-the-2026-pfa-premier-league-team-of-the-year,Will Declan Rice be named to the 2026 PFA Premier League Team of the Year?,0x898bbb37bb3e8e03480b52c31bc12b12019e84f4d4042d25622f9a9b9f1a21f2,"[""11523245240526311970979368164866348724509187066335918581337691503956313417913"", ""16544219157755328462914309364144553632877138543113142832790826044960896254419""]",11523245240526311970979368164866348724509187066335918581337691503956313417913|16544219157755328462914309364144553632877138543113142832790826044960896254419,16544219157755328462914309364144553632877138543113142832790826044960896254419,No,True,0.04,11.82,0.94,5.61,0.49,0.8999999999999999,a5699c4166c66d8c74b1962dd330de829cb4ee62,0.01,5,,3.835,16.114284
2026-07-14T00:15:24Z,EPL,435490,epl-2026-team-of-the-season,EPL: 2026 PFA Team of the Year,2026-05-01T16:17:58.439577Z,2127677,will-bruno-fernandes-be-named-to-the-2026-pfa-premier-league-team-of-the-year,Will Bruno Fernandes be named to the 2026 PFA Premier League Team of the Year?,0x679720492bcbff900bde0e29eb7e812c77909bccb3c32b79a3186fc1db03b854,"[""86859495495502891076141743940914617575208033060738396981338088715869715113963"", ""65620697419400192059458180949993387679798824363092322581187835468683093164088""]",86859495495502891076141743940914617575208033060738396981338088715869715113963|65620697419400192059458180949993387679798824363092322581187835468683093164088,86859495495502891076141743940914617575208033060738396981338088715869715113963,Yes,True,0.257,19.09,0.997,83.33,0.627,0.74,d126bd7a863ecf486b0f245e1104d1f5c3d85959,0.001,5,,24.935,440.10643600000003
2026-07-14T00:15:24Z,EPL,435490,epl-2026-team-of-the-season,EPL: 2026 PFA Team of the Year,2026-05-01T16:17:58.439577Z,2127677,will-bruno-fernandes-be-named-to-the-2026-pfa-premier-league-team-of-the-year,Will Bruno Fernandes be named to the 2026 PFA Premier League Team of the Year?,0x679720492bcbff900bde0e29eb7e812c77909bccb3c32b79a3186fc1db03b854,"[""86859495495502891076141743940914617575208033060738396981338088715869715113963"", ""65620697419400192059458180949993387679798824363092322581187835468683093164088""]",86859495495502891076141743940914617575208033060738396981338088715869715113963|65620697419400192059458180949993387679798824363092322581187835468683093164088,65620697419400192059458180949993387679798824363092322581187835468683093164088,No,True,0.003,83.33,0.743,19.09,0.373,0.74,d0f5fc440dff59af6e4695e7fc7aaceb1bc6b188,0.001,5,,24.935,440.10643600000003
2026-07-14T00:15:24Z,EPL,435490,epl-2026-team-of-the-season,EPL: 2026 PFA Team of the Year,2026-05-01T16:17:58.439577Z,2127678,will-rodri-be-named-to-the-2026-pfa-premier-league-team-of-the-year,Will Rodri be named to the 2026 PFA Premier League Team of the Year?,0xf9de760ff713bdc5ebdc87ea4a88fb9423ef31bc59d2abb917df50b5b44482c1,"[""92734106880343514385310320083033583888695626897895802880610705682382451590633"", ""56976958810450515743106834354983994802402840862579527495329062688335275234740""]",92734106880343514385310320083033583888695626897895802880610705682382451590633|56976958810450515743106834354983994802402840862579527495329062688335275234740,92734106880343514385310320083033583888695626897895802880610705682382451590633,Yes,True,0.04,10.77,0.96,10.77,0.5,0.9199999999999999,aec4322f60e205dec4a7fed4197d75f3bade0434,0.01,5,,4.0466,
2026-07-14T00:15:24Z,EPL,435490,epl-2026-team-of-the-season,EPL: 2026 PFA Team of the Year,2026-05-01T16:17:58.439577Z,2127678,will-rodri-be-named-to-the-2026-pfa-premier-league-team-of-the-year,Will Rodri be named to the 2026 PFA Premier League Team of the Year?,0xf9de760ff713bdc5ebdc87ea4a88fb9423ef31bc59d2abb917df50b5b44482c1,"[""92734106880343514385310320083033583888695626897895802880610705682382451590633"", ""56976958810450515743106834354983994802402840862579527495329062688335275234740""]",92734106880343514385310320083033583888695626897895802880610705682382451590633|56976958810450515743106834354983994802402840862579527495329062688335275234740,56976958810450515743106834354983994802402840862579527495329062688335275234740,No,True,0.04,10.77,0.96,10.77,0.5,0.9199999999999999,cb69edf20d3177e1a0275692d5556e20c279d3fb,0.01,5,,4.0466,
2026-07-14T00:15:24Z,EPL,435490,epl-2026-team-of-the-season,EPL: 2026 PFA Team of the Year,2026-05-01T16:17:58.439577Z,2127679,will-rayan-cherki-be-named-to-the-2026-pfa-premier-league-team-of-the-year,Will Rayan Cherki be named to the 2026 PFA Premier League Team of the Year?,0xf1bef1d60925998b7577b014ea907965209b9045c197e79e77eb14439d7c431a,"[""44002481860388892740183335966007748831643129921411222940033401480764334836407"", ""47465498507287502475094187263593898643776563896680345103863507875745126656121""]",44002481860388892740183335966007748831643129921411222940033401480764334836407|47465498507287502475094187263593898643776563896680345103863507875745126656121,44002481860388892740183335966007748831643129921411222940033401480764334836407,Yes,True,0.04,11.82,0.96,11.7,0.5,0.9199999999999999,9cb3591fe3e743542c5710f77af2a3e6eddf5161,0.01,5,,4.252,
2026-07-14T00:15:24Z,EPL,435490,epl-2026-team-of-the-season,EPL: 2026 PFA Team of the Year,2026-05-01T16:17:58.439577Z,2127679,will-rayan-cherki-be-named-to-the-2026-pfa-premier-league-team-of-the-year,Will Rayan Cherki be named to the 2026 PFA Premier League Team of the Year?,0xf1bef1d60925998b7577b014ea907965209b9045c197e79e77eb14439d7c431a,"[""44002481860388892740183335966007748831643129921411222940033401480764334836407"", ""47465498507287502475094187263593898643776563896680345103863507875745126656121""]",44002481860388892740183335966007748831643129921411222940033401480764334836407|47465498507287502475094187263593898643776563896680345103863507875745126656121,47465498507287502475094187263593898643776563896680345103863507875745126656121,No,True,0.04,11.7,0.96,11.82,0.5,0.9199999999999999,3ac37b552302f83e9e4ab94bba9b555b568d08d4,0.01,5,,4.252,
2026-07-14T00:15:24Z,EPL,435490,epl-2026-team-of-the-season,EPL: 2026 PFA Team of the Year,2026-05-01T16:17:58.439577Z,2127680,will-dominik-szoboszlai-be-named-to-the-2026-pfa-premier-league-team-of-the-year,Will Dominik Szoboszlai be named to the 2026 PFA Premier League Team of the Year?,0xd5a172faaf27f951f5bc5c2d19f18367ab85e9c963e7357a8433da84e895507e,"[""10904347939559348084889283384973600207001307228767801114856379948987944051302"", ""63514807846207217791796334733580770155958510280638850911506455990693175502240""]",10904347939559348084889283384973600207001307228767801114856379948987944051302|63514807846207217791796334733580770155958510280638850911506455990693175502240,10904347939559348084889283384973600207001307228767801114856379948987944051302,Yes,True,0.04,10.77,0.96,10.77,0.5,0.9199999999999999,366fbd8f2d1322c46d1dc146d5924d6aba987a01,0.01,5,,4.1122,
2026-07-14T00:15:24Z,EPL,435490,epl-2026-team-of-the-season,EPL: 2026 PFA Team of the Year,2026-05-01T16:17:58.439577Z,2127680,will-dominik-szoboszlai-be-named-to-the-2026-pfa-premier-league-team-of-the-year,Will Dominik Szoboszlai be named to the 2026 PFA Premier League Team of the Year?,0xd5a172faaf27f951f5bc5c2d19f18367ab85e9c963e7357a8433da84e895507e,"[""10904347939559348084889283384973600207001307228767801114856379948987944051302"", ""63514807846207217791796334733580770155958510280638850911506455990693175502240""]",10904347939559348084889283384973600207001307228767801114856379948987944051302|63514807846207217791796334733580770155958510280638850911506455990693175502240,63514807846207217791796334733580770155958510280638850911506455990693175502240,No,True,0.04,10.77,0.96,10.77,0.5,0.9199999999999999,e8614aa4b3e84cef75ab719bae9b00c8de792409,0.01,5,,4.1122,
2026-07-14T00:15:24Z,EPL,435490,epl-2026-team-of-the-season,EPL: 2026 PFA Team of the Year,2026-05-01T16:17:58.439577Z,2127681,will-moises-caicedo-be-named-to-the-2026-pfa-premier-league-team-of-the-year,Will Moises Caicedo be named to the 2026 PFA Premier League Team of the Year?,0x6a8a0e28a90c3880e21bb6de9eb98f12d5e81a8d88570a2c5b855ee60b6263ba,"[""13244409081849499988815460722411109697257731580831464114667102436005675343259"", ""41998463599395516608520033462694074004839767261466278584344671813809549672424""]",13244409081849499988815460722411109697257731580831464114667102436005675343259|41998463599395516608520033462694074004839767261466278584344671813809549672424,13244409081849499988815460722411109697257731580831464114667102436005675343259,Yes,True,0.04,11.82,0.96,10.77,0.5,0.9199999999999999,3dffc9a77a0e8d8c4552e9c3c1bb11ebe7883eb3,0.01,5,,4.1823,
2026-07-14T00:15:24Z,EPL,435490,epl-2026-team-of-the-season,EPL: 2026 PFA Team of the Year,2026-05-01T16:17:58.439577Z,2127681,will-moises-caicedo-be-named-to-the-2026-pfa-premier-league-team-of-the-year,Will Moises Caicedo be named to the 2026 PFA Premier League Team of the Year?,0x6a8a0e28a90c3880e21bb6de9eb98f12d5e81a8d88570a2c5b855ee60b6263ba,"[""13244409081849499988815460722411109697257731580831464114667102436005675343259"", ""41998463599395516608520033462694074004839767261466278584344671813809549672424""]",13244409081849499988815460722411109697257731580831464114667102436005675343259|41998463599395516608520033462694074004839767261466278584344671813809549672424,41998463599395516608520033462694074004839767261466278584344671813809549672424,No,True,0.04,10.77,0.96,11.82,0.5,0.9199999999999999,4cfc446099535787dce7b2284afb8f97726867f7,0.01,5,,4.1823,
2026-07-14T00:15:24Z,EPL,435490,epl-2026-team-of-the-season,EPL: 2026 PFA Team of the Year,2026-05-01T16:17:58.439577Z,2127682,will-elliot-anderson-be-named-to-the-2026-pfa-premier-league-team-of-the-year,Will Elliot Anderson be named to the 2026 PFA Premier League Team of the Year?,0x3e7b9aff81e624e4f9ef7677696f2d4fae5837bdf83bd9ed2d62ec7a87aaf7a6,"[""2770428290325312677871192984476250158140993595717599201621714256969118294243"", ""87005572382727825804817777311897399081855387101457739624425019964385877189800""]",2770428290325312677871192984476250158140993595717599201621714256969118294243|87005572382727825804817777311897399081855387101457739624425019964385877189800,2770428290325312677871192984476250158140993595717599201621714256969118294243,Yes,True,0.04,11.52,0.96,10.77,0.5,0.9199999999999999,8a1ccf3924b2ff750e24dd6ef1004f7129577585,0.01,5,,4.248,
2026-07-14T00:15:24Z,EPL,435490,epl-2026-team-of-the-season,EPL: 2026 PFA Team of the Year,2026-05-01T16:17:58.439577Z,2127682,will-elliot-anderson-be-named-to-the-2026-pfa-premier-league-team-of-the-year,Will Elliot Anderson be named to the 2026 PFA Premier League Team of the Year?,0x3e7b9aff81e624e4f9ef7677696f2d4fae5837bdf83bd9ed2d62ec7a87aaf7a6,"[""2770428290325312677871192984476250158140993595717599201621714256969118294243"", ""87005572382727825804817777311897399081855387101457739624425019964385877189800""]",2770428290325312677871192984476250158140993595717599201621714256969118294243|87005572382727825804817777311897399081855387101457739624425019964385877189800,87005572382727825804817777311897399081855387101457739624425019964385877189800,No,True,0.04,10.77,0.96,11.52,0.5,0.9199999999999999,32a731c5237445bbaf40577184b85ab71793ea81,0.01,5,,4.248,
2026-07-14T00:15:24Z,EPL,435490,epl-2026-team-of-the-season,EPL: 2026 PFA Team of the Year,2026-05-01T16:17:58.439577Z,2127683,will-erling-haaland-be-named-to-the-2026-pfa-premier-league-team-of-the-year,Will Erling Haaland be named to the 2026 PFA Premier League Team of the Year?,0x0a3ee85120cf7d2febbaba00b787db1bd1fdc7f80f8277d89675736a430e2065,"[""36505760582912364024564187063352953937975349358323597571083864672476590879653"", ""36939641234709193046881505450280116016622287455799963152747536559103079527590""]",36505760582912364024564187063352953937975349358323597571083864672476590879653|36939641234709193046881505450280116016622287455799963152747536559103079527590,36505760582912364024564187063352953937975349358323597571083864672476590879653,Yes,True,0.04,10.77,0.96,10.77,0.5,0.9199999999999999,8d4d3cdfe0a71424b5372145a8dd1f76ebfa6908,0.01,5,,4.0463,
2026-07-14T00:15:24Z,EPL,435490,epl-2026-team-of-the-season,EPL: 2026 PFA Team of the Year,2026-05-01T16:17:58.439577Z,2127683,will-erling-haaland-be-named-to-the-2026-pfa-premier-league-team-of-the-year,Will Erling Haaland be named to the 2026 PFA Premier League Team of the Year?,0x0a3ee85120cf7d2febbaba00b787db1bd1fdc7f80f8277d89675736a430e2065,"[""36505760582912364024564187063352953937975349358323597571083864672476590879653"", ""36939641234709193046881505450280116016622287455799963152747536559103079527590""]",36505760582912364024564187063352953937975349358323597571083864672476590879653|36939641234709193046881505450280116016622287455799963152747536559103079527590,36939641234709193046881505450280116016622287455799963152747536559103079527590,No,True,0.04,10.77,0.96,10.77,0.5,0.9199999999999999,f52494a541e773785dba25812d369db7c6eb91ab,0.01,5,,4.0463,
2026-07-14T00:15:24Z,EPL,435490,epl-2026-team-of-the-season,EPL: 2026 PFA Team of the Year,2026-05-01T16:17:58.439577Z,2127684,will-hugo-ekitike-be-named-to-the-2026-pfa-premier-league-team-of-the-year,Will Hugo Ekitike be named to the 2026 PFA Premier League Team of the Year?,0x3ac387fc809af29edadb0c1881ecd88319f8b4ebb5b0a89a77a84e85f4a2099c,"[""21160761171799050394335213154237360537464294007297740615880003417666696561468"", ""57509889980199562878580001207297131252053963359675973392844979135378456666743""]",21160761171799050394335213154237360537464294007297740615880003417666696561468|57509889980199562878580001207297131252053963359675973392844979135378456666743,21160761171799050394335213154237360537464294007297740615880003417666696561468,Yes,True,0.04,11.52,0.94,5.61,0.49,0.8999999999999999,a26b1acfcde7bbaeaab9aa51b56e2150925e5d0a,0.01,5,,3.967,
2026-07-14T00:15:24Z,EPL,435490,epl-2026-team-of-the-season,EPL: 2026 PFA Team of the Year,2026-05-01T16:17:58.439577Z,2127684,will-hugo-ekitike-be-named-to-the-2026-pfa-premier-league-team-of-the-year,Will Hugo Ekitike be named to the 2026 PFA Premier League Team of the Year?,0x3ac387fc809af29edadb0c1881ecd88319f8b4ebb5b0a89a77a84e85f4a2099c,"[""21160761171799050394335213154237360537464294007297740615880003417666696561468"", ""57509889980199562878580001207297131252053963359675973392844979135378456666743""]",21160761171799050394335213154237360537464294007297740615880003417666696561468|57509889980199562878580001207297131252053963359675973392844979135378456666743,57509889980199562878580001207297131252053963359675973392844979135378456666743,No,True,0.06,5.61,0.96,11.52,0.51,0.8999999999999999,74b1863a38c368d61c23f87241c46e9b10c551df,0.01,5,,3.967,
2026-07-14T00:15:24Z,EPL,435490,epl-2026-team-of-the-season,EPL: 2026 PFA Team of the Year,2026-05-01T16:17:58.439577Z,2127685,will-igor-thiago-be-named-to-the-2026-pfa-premier-league-team-of-the-year,Will Igor Thiago be named to the 2026 PFA Premier League Team of the Year?,0x2565964258328ceff81b8dd027a9b4bfae11353bbfbb3e27625da025fffc2d97,"[""45116472354972988677943929968423217543948497597214084731838340702588569592863"", ""57509607526871690199395719807389480255858394821926865896302284337840164838738""]",45116472354972988677943929968423217543948497597214084731838340702588569592863|57509607526871690199395719807389480255858394821926865896302284337840164838738,45116472354972988677943929968423217543948497597214084731838340702588569592863,Yes,True,0.04,11.82,0.96,10.77,0.5,0.9199999999999999,f460f759a10e1b3e3cf5433587ac083f354936e9,0.01,5,,4.1163,
2026-07-14T00:15:24Z,EPL,435490,epl-2026-team-of-the-season,EPL: 2026 PFA Team of the Year,2026-05-01T16:17:58.439577Z,2127685,will-igor-thiago-be-named-to-the-2026-pfa-premier-league-team-of-the-year,Will Igor Thiago be named to the 2026 PFA Premier League Team of the Year?,0x2565964258328ceff81b8dd027a9b4bfae11353bbfbb3e27625da025fffc2d97,"[""45116472354972988677943929968423217543948497597214084731838340702588569592863"", ""57509607526871690199395719807389480255858394821926865896302284337840164838738""]",45116472354972988677943929968423217543948497597214084731838340702588569592863|57509607526871690199395719807389480255858394821926865896302284337840164838738,57509607526871690199395719807389480255858394821926865896302284337840164838738,No,True,0.04,10.77,0.96,11.82,0.5,0.9199999999999999,eb7cadf910baa1168424fdf9e2abd735d669c1dc,0.01,5,,4.1163,
2026-07-14T00:15:24Z,EPL,435490,epl-2026-team-of-the-season,EPL: 2026 PFA Team of the Year,2026-05-01T16:17:58.439577Z,2127686,will-joo-pedro-be-named-to-the-2026-pfa-premier-league-team-of-the-year,Will João Pedro be named to the 2026 PFA Premier League Team of the Year?,0x6fce5bfb34549a3a2c919a87ed5948038ae259334b99c7626269b54b5aec2e0e,"[""32710637391248437289327028678783582535502723443825413307615920275857755767269"", ""76494283295406840675256483217001111989666469664619203128145658200939942333539""]",32710637391248437289327028678783582535502723443825413307615920275857755767269|76494283295406840675256483217001111989666469664619203128145658200939942333539,32710637391248437289327028678783582535502723443825413307615920275857755767269,Yes,True,0.04,10.77,0.94,5.61,0.49,0.8999999999999999,d7524e818f8dd6afdbdb44ae7ae1e7e28d5f39ee,0.01,5,,3.8973,
2026-07-14T00:15:24Z,EPL,435490,epl-2026-team-of-the-season,EPL: 2026 PFA Team of the Year,2026-05-01T16:17:58.439577Z,2127686,will-joo-pedro-be-named-to-the-2026-pfa-premier-league-team-of-the-year,Will João Pedro be named to the 2026 PFA Premier League Team of the Year?,0x6fce5bfb34549a3a2c919a87ed5948038ae259334b99c7626269b54b5aec2e0e,"[""32710637391248437289327028678783582535502723443825413307615920275857755767269"", ""76494283295406840675256483217001111989666469664619203128145658200939942333539""]",32710637391248437289327028678783582535502723443825413307615920275857755767269|76494283295406840675256483217001111989666469664619203128145658200939942333539,76494283295406840675256483217001111989666469664619203128145658200939942333539,No,True,0.06,5.61,0.96,10.77,0.51,0.8999999999999999,ed36cab1fd65a184524f6f8c5022574855692424,0.01,5,,3.8973,
2026-07-14T00:15:24Z,EPL,435490,epl-2026-team-of-the-season,EPL: 2026 PFA Team of the Year,2026-05-01T16:17:58.439577Z,2127687,will-morgan-rogers-be-named-to-the-2026-pfa-premier-league-team-of-the-year,Will Morgan Rogers be named to the 2026 PFA Premier League Team of the Year?,0x96b8591e61ab8153068ed93e54c013f0e6b89cea2aa4e133fdfd9dafcded9277,"[""35606525977135678474506342380680226214353069361032301286284296655225714906882"", ""21333608757853284524355908501060578820412665842300321107531640970971045399525""]",35606525977135678474506342380680226214353069361032301286284296655225714906882|21333608757853284524355908501060578820412665842300321107531640970971045399525,35606525977135678474506342380680226214353069361032301286284296655225714906882,Yes,True,0.04,10.77,0.96,10.77,0.5,0.9199999999999999,59f8da9473c5dac9262480a7b64e259798345a83,0.01,5,,3.9806,
2026-07-14T00:15:24Z,EPL,435490,epl-2026-team-of-the-season,EPL: 2026 PFA Team of the Year,2026-05-01T16:17:58.439577Z,2127687,will-morgan-rogers-be-named-to-the-2026-pfa-premier-league-team-of-the-year,Will Morgan Rogers be named to the 2026 PFA Premier League Team of the Year?,0x96b8591e61ab8153068ed93e54c013f0e6b89cea2aa4e133fdfd9dafcded9277,"[""35606525977135678474506342380680226214353069361032301286284296655225714906882"", ""21333608757853284524355908501060578820412665842300321107531640970971045399525""]",35606525977135678474506342380680226214353069361032301286284296655225714906882|21333608757853284524355908501060578820412665842300321107531640970971045399525,21333608757853284524355908501060578820412665842300321107531640970971045399525,No,True,0.04,10.77,0.96,10.77,0.5,0.9199999999999999,13ab308123a3806ea08a96517d5a2a54c75e8498,0.01,5,,3.9806,
2026-07-14T00:15:24Z,EPL,435490,epl-2026-team-of-the-season,EPL: 2026 PFA Team of the Year,2026-05-01T16:17:58.439577Z,2127688,will-antoine-semenyo-be-named-to-the-2026-pfa-premier-league-team-of-the-year,Will Antoine Semenyo be named to the 2026 PFA Premier League Team of the Year?,0x1220c8ad3de1b3e3a079e832ec53f3cd4c3f014685820c7364e6feeec413e4d8,"[""76296603541032491222249921378613877627058194760954506807014743183408941333618"", ""21304560232739094042644316740439641499393814233414419162298081903469670924441""]",76296603541032491222249921378613877627058194760954506807014743183408941333618|21304560232739094042644316740439641499393814233414419162298081903469670924441,76296603541032491222249921378613877627058194760954506807014743183408941333618,Yes,True,0.04,13.63,0.96,22.03,0.5,0.9199999999999999,262300bd0784e514724fc2cc6003cfd7e8969d4f,0.01,5,,4.4536,2.08165
2026-07-14T00:15:24Z,EPL,435490,epl-2026-team-of-the-season,EPL: 2026 PFA Team of the Year,2026-05-01T16:17:58.439577Z,2127688,will-antoine-semenyo-be-named-to-the-2026-pfa-premier-league-team-of-the-year,Will Antoine Semenyo be named to the 2026 PFA Premier League Team of the Year?,0x1220c8ad3de1b3e3a079e832ec53f3cd4c3f014685820c7364e6feeec413e4d8,"[""76296603541032491222249921378613877627058194760954506807014743183408941333618"", ""21304560232739094042644316740439641499393814233414419162298081903469670924441""]",76296603541032491222249921378613877627058194760954506807014743183408941333618|21304560232739094042644316740439641499393814233414419162298081903469670924441,21304560232739094042644316740439641499393814233414419162298081903469670924441,No,True,0.04,22.03,0.96,13.63,0.5,0.9199999999999999,3dd5f75d92012b572b61c023e7942b9999aa808b,0.01,5,,4.4536,2.08165
2026-07-14T00:15:24Z,EPL,435490,epl-2026-team-of-the-season,EPL: 2026 PFA Team of the Year,2026-05-01T16:17:58.439577Z,2127689,will-jeremy-doku-be-named-to-the-2026-pfa-premier-league-team-of-the-year,Will Jeremy Doku be named to the 2026 PFA Premier League Team of the Year?,0xa879be670c7ecf3087a8bf9fc8cf43b4e415502e71e7910dd63ac8f80a56d87b,"[""3879696626646145930128886354978365884788235204398514844964568164322230593973"", ""79551627668553765432569263846776420950508270405186694496807348421004929288226""]",3879696626646145930128886354978365884788235204398514844964568164322230593973|79551627668553765432569263846776420950508270405186694496807348421004929288226,3879696626646145930128886354978365884788235204398514844964568164322230593973,Yes,True,0.04,10.77,0.96,10.77,0.5,0.9199999999999999,b7dd18506b4556cfa8ff4f3ce0f642f329de486a,0.01,5,,4.1126,
2026-07-14T00:15:24Z,EPL,435490,epl-2026-team-of-the-season,EPL: 2026 PFA Team of the Year,2026-05-01T16:17:58.439577Z,2127689,will-jeremy-doku-be-named-to-the-2026-pfa-premier-league-team-of-the-year,Will Jeremy Doku be named to the 2026 PFA Premier League Team of the Year?,0xa879be670c7ecf3087a8bf9fc8cf43b4e415502e71e7910dd63ac8f80a56d87b,"[""3879696626646145930128886354978365884788235204398514844964568164322230593973"", ""79551627668553765432569263846776420950508270405186694496807348421004929288226""]",3879696626646145930128886354978365884788235204398514844964568164322230593973|79551627668553765432569263846776420950508270405186694496807348421004929288226,79551627668553765432569263846776420950508270405186694496807348421004929288226,No,True,0.04,10.77,0.96,10.77,0.5,0.9199999999999999,a7c1f6444a2862ec0bb8508ae8a99e1f6779de34,0.01,5,,4.1126,
2026-07-14T00:15:24Z,EPL,435490,epl-2026-team-of-the-season,EPL: 2026 PFA Team of the Year,2026-05-01T16:17:58.439577Z,2127690,will-bryan-mbeumo-be-named-to-the-2026-pfa-premier-league-team-of-the-year,Will Bryan Mbeumo be named to the 2026 PFA Premier League Team of the Year?,0xbc5c1fe3e7dd57070ca528cd85b158334b7aa9ee0c87b22c861586f82f115f53,"[""91785058119765698978951103847186849259631214663163177270696303972172010570357"", ""57423228513700841810717133678013622282899538997222385821885417665448518434118""]",91785058119765698978951103847186849259631214663163177270696303972172010570357|57423228513700841810717133678013622282899538997222385821885417665448518434118,91785058119765698978951103847186849259631214663163177270696303972172010570357,Yes,True,0.04,11.82,0.94,5.61,0.49,0.8999999999999999,d1a7f60637da8bbf85afd9f0c66bc59fc81b4d4a,0.01,5,,3.6727,
2026-07-14T00:15:24Z,EPL,435490,epl-2026-team-of-the-season,EPL: 2026 PFA Team of the Year,2026-05-01T16:17:58.439577Z,2127690,will-bryan-mbeumo-be-named-to-the-2026-pfa-premier-league-team-of-the-year,Will Bryan Mbeumo be named to the 2026 PFA Premier League Team of the Year?,0xbc5c1fe3e7dd57070ca528cd85b158334b7aa9ee0c87b22c861586f82f115f53,"[""91785058119765698978951103847186849259631214663163177270696303972172010570357"", ""57423228513700841810717133678013622282899538997222385821885417665448518434118""]",91785058119765698978951103847186849259631214663163177270696303972172010570357|57423228513700841810717133678013622282899538997222385821885417665448518434118,57423228513700841810717133678013622282899538997222385821885417665448518434118,No,True,0.06,5.61,0.96,11.82,0.51,0.8999999999999999,cb685df4490da95a792bc80ddb021f9c562b6fb3,0.01,5,,3.6727,
2026-07-14T00:15:24Z,EPL,435490,epl-2026-team-of-the-season,EPL: 2026 PFA Team of the Year,2026-05-01T16:17:58.439577Z,2127691,will-jarrod-bowen-be-named-to-the-2026-pfa-premier-league-team-of-the-year,Will Jarrod Bowen be named to the 2026 PFA Premier League Team of the Year?,0x7352d3b05ddd64c22487c855e05c0485348e49d0dad74d9bde2c0478db43701e,"[""72676667720459668200165137999841534576126998576490942457742996617745849748718"", ""93972487936526721423770075279455909737407561133246099106446256232697159064557""]",72676667720459668200165137999841534576126998576490942457742996617745849748718|93972487936526721423770075279455909737407561133246099106446256232697159064557,72676667720459668200165137999841534576126998576490942457742996617745849748718,Yes,True,0.04,11.82,0.94,5.61,0.49,0.8999999999999999,bd2458b6f3329b7aa97490366ced24d55cf3925c,0.01,5,,3.967,
2026-07-14T00:15:24Z,EPL,435490,epl-2026-team-of-the-season,EPL: 2026 PFA Team of the Year,2026-05-01T16:17:58.439577Z,2127691,will-jarrod-bowen-be-named-to-the-2026-pfa-premier-league-team-of-the-year,Will Jarrod Bowen be named to the 2026 PFA Premier League Team of the Year?,0x7352d3b05ddd64c22487c855e05c0485348e49d0dad74d9bde2c0478db43701e,"[""72676667720459668200165137999841534576126998576490942457742996617745849748718"", ""93972487936526721423770075279455909737407561133246099106446256232697159064557""]",72676667720459668200165137999841534576126998576490942457742996617745849748718|93972487936526721423770075279455909737407561133246099106446256232697159064557,93972487936526721423770075279455909737407561133246099106446256232697159064557,No,True,0.06,5.61,0.96,11.82,0.51,0.8999999999999999,23678088f7a6d0ea0d60fdfe6dfbeb7c94bee977,0.01,5,,3.967,
2026-07-14T00:15:24Z,EPL,435490,epl-2026-team-of-the-season,EPL: 2026 PFA Team of the Year,2026-05-01T16:17:58.439577Z,2127692,will-phil-foden-be-named-to-the-2026-pfa-premier-league-team-of-the-year,Will Phil Foden be named to the 2026 PFA Premier League Team of the Year?,0x0f4085f5c4961b9029c600d4f976d0594a302e9f365552b48f500b655f2ac4fa,"[""8033894410953638407847681522327346336043237396295679948351222439635117761656"", ""89182645560093896409280692775338915223534298743660692930735700909064064285484""]",8033894410953638407847681522327346336043237396295679948351222439635117761656|89182645560093896409280692775338915223534298743660692930735700909064064285484,8033894410953638407847681522327346336043237396295679948351222439635117761656,Yes,True,0.04,10.77,0.94,5.61,0.49,0.8999999999999999,6bf4649520ebf9672200a26bf559ecaa6f2cfcad,0.01,5,,3.8973,
2026-07-14T00:15:24Z,EPL,435490,epl-2026-team-of-the-season,EPL: 2026 PFA Team of the Year,2026-05-01T16:17:58.439577Z,2127692,will-phil-foden-be-named-to-the-2026-pfa-premier-league-team-of-the-year,Will Phil Foden be named to the 2026 PFA Premier League Team of the Year?,0x0f4085f5c4961b9029c600d4f976d0594a302e9f365552b48f500b655f2ac4fa,"[""8033894410953638407847681522327346336043237396295679948351222439635117761656"", ""89182645560093896409280692775338915223534298743660692930735700909064064285484""]",8033894410953638407847681522327346336043237396295679948351222439635117761656|89182645560093896409280692775338915223534298743660692930735700909064064285484,89182645560093896409280692775338915223534298743660692930735700909064064285484,No,True,0.06,5.61,0.96,10.77,0.51,0.8999999999999999,a3a2d2ee2f2a1427be9f8ddfc97d3100d1f1db6d,0.01,5,,3.8973,
2026-07-14T00:15:24Z,EPL,435490,epl-2026-team-of-the-season,EPL: 2026 PFA Team of the Year,2026-05-01T16:17:58.439577Z,2127693,will-bukayo-saka-be-named-to-the-2026-pfa-premier-league-team-of-the-year,Will Bukayo Saka be named to the 2026 PFA Premier League Team of the Year?,0xb31d5274c8acbc2b023593c03fe1cb6367f42a9596ebb5d61b3204457b980730,"[""3899512605908669133631802955015968710467998848723391934123440957914049621850"", ""50079801685037680014087676599806731271595381000363699907442053815397821742247""]",3899512605908669133631802955015968710467998848723391934123440957914049621850|50079801685037680014087676599806731271595381000363699907442053815397821742247,3899512605908669133631802955015968710467998848723391934123440957914049621850,Yes,True,0.04,11.7,0.96,21.82,0.5,0.9199999999999999,de20f89d6e3f8dbb9cb6ae83139318509d6bdf53,0.01,5,,4.318,5.434775
2026-07-14T00:15:24Z,EPL,435490,epl-2026-team-of-the-season,EPL: 2026 PFA Team of the Year,2026-05-01T16:17:58.439577Z,2127693,will-bukayo-saka-be-named-to-the-2026-pfa-premier-league-team-of-the-year,Will Bukayo Saka be named to the 2026 PFA Premier League Team of the Year?,0xb31d5274c8acbc2b023593c03fe1cb6367f42a9596ebb5d61b3204457b980730,"[""3899512605908669133631802955015968710467998848723391934123440957914049621850"", ""50079801685037680014087676599806731271595381000363699907442053815397821742247""]",3899512605908669133631802955015968710467998848723391934123440957914049621850|50079801685037680014087676599806731271595381000363699907442053815397821742247,50079801685037680014087676599806731271595381000363699907442053815397821742247,No,True,0.04,21.82,0.96,11.7,0.5,0.9199999999999999,72046b4b3b692b6b65b9fb201485ec3375fe3edb,0.01,5,,4.318,5.434775
2026-07-14T03:36:52Z,EPL,333084,epl-team-to-qualify-for-uefa-conference-league,EPL: Team to qualify for UEFA Conference League,2026-04-01T17:27:13.650134Z,1818367,will-arsenal-qualify-for-the-league-phase-of-the-2026-27-uefa-conference-league,Will Arsenal qualify for the League Phase of the 2026-27 UEFA Conference League?,0xe303639e6e879ac5dac9632362583523a2c1ff1ac46645f45fd5c1e7034b3ef7,"[""68901380712839851395966644282518000143877097473327410904576810621084636054002"", ""14101352633367703776049560107649243928150035657062243340231594815518398887879""]",68901380712839851395966644282518000143877097473327410904576810621084636054002|14101352633367703776049560107649243928150035657062243340231594815518398887879,68901380712839851395966644282518000143877097473327410904576810621084636054002,Yes,False,,,,,,,,,,,,467.35890000000006
2026-07-14T03:36:52Z,EPL,333084,epl-team-to-qualify-for-uefa-conference-league,EPL: Team to qualify for UEFA Conference League,2026-04-01T17:27:13.650134Z,1818367,will-arsenal-qualify-for-the-league-phase-of-the-2026-27-uefa-conference-league,Will Arsenal qualify for the League Phase of the 2026-27 UEFA Conference League?,0xe303639e6e879ac5dac9632362583523a2c1ff1ac46645f45fd5c1e7034b3ef7,"[""68901380712839851395966644282518000143877097473327410904576810621084636054002"", ""14101352633367703776049560107649243928150035657062243340231594815518398887879""]",68901380712839851395966644282518000143877097473327410904576810621084636054002|14101352633367703776049560107649243928150035657062243340231594815518398887879,14101352633367703776049560107649243928150035657062243340231594815518398887879,No,False,,,,,,,,,,,,467.35890000000006
2026-07-14T03:36:52Z,EPL,333084,epl-team-to-qualify-for-uefa-conference-league,EPL: Team to qualify for UEFA Conference League,2026-04-01T17:27:13.650134Z,1818368,will-aston-villa-qualify-for-the-league-phase-of-the-2026-27-uefa-conference-league,Will Aston Villa qualify for the League Phase of the 2026-27 UEFA Conference League?,0x28177c964d8b9d218ddc13dac289b4d63545aec7329fb69b12413e1a10a75457,"[""31823132354185101528875214330987706903655516243832510690074648671327601851551"", ""24610182176230826024523430019874907375950075107195029433984156474474467506756""]",31823132354185101528875214330987706903655516243832510690074648671327601851551|24610182176230826024523430019874907375950075107195029433984156474474467506756,31823132354185101528875214330987706903655516243832510690074648671327601851551,Yes,False,,,,,,,,,,,,118.34
2026-07-14T03:36:52Z,EPL,333084,epl-team-to-qualify-for-uefa-conference-league,EPL: Team to qualify for UEFA Conference League,2026-04-01T17:27:13.650134Z,1818368,will-aston-villa-qualify-for-the-league-phase-of-the-2026-27-uefa-conference-league,Will Aston Villa qualify for the League Phase of the 2026-27 UEFA Conference League?,0x28177c964d8b9d218ddc13dac289b4d63545aec7329fb69b12413e1a10a75457,"[""31823132354185101528875214330987706903655516243832510690074648671327601851551"", ""24610182176230826024523430019874907375950075107195029433984156474474467506756""]",31823132354185101528875214330987706903655516243832510690074648671327601851551|24610182176230826024523430019874907375950075107195029433984156474474467506756,24610182176230826024523430019874907375950075107195029433984156474474467506756,No,False,,,,,,,,,,,,118.34
2026-07-14T03:36:52Z,EPL,333084,epl-team-to-qualify-for-uefa-conference-league,EPL: Team to qualify for UEFA Conference League,2026-04-01T17:27:13.650134Z,1818369,will-bournemouth-qualify-for-the-league-phase-of-the-2026-27-uefa-conference-league,Will Bournemouth qualify for the League Phase of the 2026-27 UEFA Conference League?,0x767a11689ea743287c46af43309a57c52055b201a44546f1151ebe770848a4c2,"[""51037068800800327301977700578792391802166844203670527997794112211084782282749"", ""49880512765242008305101129568216821495775216606287544487246019230820484318812""]",51037068800800327301977700578792391802166844203670527997794112211084782282749|49880512765242008305101129568216821495775216606287544487246019230820484318812,51037068800800327301977700578792391802166844203670527997794112211084782282749,Yes,False,,,,,,,,,,,,104.230768
2026-07-14T03:36:52Z,EPL,333084,epl-team-to-qualify-for-uefa-conference-league,EPL: Team to qualify for UEFA Conference League,2026-04-01T17:27:13.650134Z,1818369,will-bournemouth-qualify-for-the-league-phase-of-the-2026-27-uefa-conference-league,Will Bournemouth qualify for the League Phase of the 2026-27 UEFA Conference League?,0x767a11689ea743287c46af43309a57c52055b201a44546f1151ebe770848a4c2,"[""51037068800800327301977700578792391802166844203670527997794112211084782282749"", ""49880512765242008305101129568216821495775216606287544487246019230820484318812""]",51037068800800327301977700578792391802166844203670527997794112211084782282749|49880512765242008305101129568216821495775216606287544487246019230820484318812,49880512765242008305101129568216821495775216606287544487246019230820484318812,No,False,,,,,,,,,,,,104.230768
2026-07-14T03:36:52Z,EPL,333084,epl-team-to-qualify-for-uefa-conference-league,EPL: Team to qualify for UEFA Conference League,2026-04-01T17:27:13.650134Z,1818370,will-brentford-qualify-for-the-league-phase-of-the-2026-27-uefa-conference-league,Will Brentford qualify for the League Phase of the 2026-27 UEFA Conference League?,0x0389abffb5ab63bd6aa4c5a51d9d3aa9448f20cd4ce3aa635fefd2f2349c3a31,"[""28387783984422789854592851598345905688234938653031916751801472369971729754741"", ""114832188258694701659066568174555689813627221405189198849646410747085620840644""]",28387783984422789854592851598345905688234938653031916751801472369971729754741|114832188258694701659066568174555689813627221405189198849646410747085620840644,28387783984422789854592851598345905688234938653031916751801472369971729754741,Yes,False,,,,,,,,,,,,65
2026-07-14T03:36:52Z,EPL,333084,epl-team-to-qualify-for-uefa-conference-league,EPL: Team to qualify for UEFA Conference League,2026-04-01T17:27:13.650134Z,1818370,will-brentford-qualify-for-the-league-phase-of-the-2026-27-uefa-conference-league,Will Brentford qualify for the League Phase of the 2026-27 UEFA Conference League?,0x0389abffb5ab63bd6aa4c5a51d9d3aa9448f20cd4ce3aa635fefd2f2349c3a31,"[""28387783984422789854592851598345905688234938653031916751801472369971729754741"", ""114832188258694701659066568174555689813627221405189198849646410747085620840644""]",28387783984422789854592851598345905688234938653031916751801472369971729754741|114832188258694701659066568174555689813627221405189198849646410747085620840644,114832188258694701659066568174555689813627221405189198849646410747085620840644,No,False,,,,,,,,,,,,65
2026-07-14T03:36:52Z,EPL,333084,epl-team-to-qualify-for-uefa-conference-league,EPL: Team to qualify for UEFA Conference League,2026-04-01T17:27:13.650134Z,1818371,will-brighton-hove-albion-qualify-for-the-league-phase-of-the-2026-27-uefa-conference-league,Will Brighton & Hove Albion qualify for the League Phase of the 2026-27 UEFA Conference League?,0x4e11ad07550e879b771bb74aa2ac543182c0b555f4fd86aaa8c9818d64b91f25,"[""91139930726622392742704198140499166850579482457098783277042371092513674941494"", ""75555949500072945185762043512718261040129266196955015758692797567174442576587""]",91139930726622392742704198140499166850579482457098783277042371092513674941494|75555949500072945185762043512718261040129266196955015758692797567174442576587,91139930726622392742704198140499166850579482457098783277042371092513674941494,Yes,True,0.95,5.1,0.979,73.6,0.9644999999999999,0.029000000000000026,65b0171a9ef7c59ba16a623bba1d9fd6bffcda12,0.001,5,,170.76811,751.4608939999999
2026-07-14T03:36:52Z,EPL,333084,epl-team-to-qualify-for-uefa-conference-league,EPL: Team to qualify for UEFA Conference League,2026-04-01T17:27:13.650134Z,1818371,will-brighton-hove-albion-qualify-for-the-league-phase-of-the-2026-27-uefa-conference-league,Will Brighton & Hove Albion qualify for the League Phase of the 2026-27 UEFA Conference League?,0x4e11ad07550e879b771bb74aa2ac543182c0b555f4fd86aaa8c9818d64b91f25,"[""91139930726622392742704198140499166850579482457098783277042371092513674941494"", ""75555949500072945185762043512718261040129266196955015758692797567174442576587""]",91139930726622392742704198140499166850579482457098783277042371092513674941494|75555949500072945185762043512718261040129266196955015758692797567174442576587,75555949500072945185762043512718261040129266196955015758692797567174442576587,No,True,0.021,73.6,0.05,5.1,0.035500000000000004,0.029,7e8a9a4f139816ab3fae266061035489fd4b3a0a,0.001,5,,170.76811,751.4608939999999
2026-07-14T03:36:52Z,EPL,333084,epl-team-to-qualify-for-uefa-conference-league,EPL: Team to qualify for UEFA Conference League,2026-04-01T17:27:13.650134Z,1818372,will-chelsea-qualify-for-the-league-phase-of-the-2026-27-uefa-conference-league,Will Chelsea qualify for the League Phase of the 2026-27 UEFA Conference League?,0xa0a419e4b455bbeb1ac06050bf572bbf636c70dc688f201eda6beb257e0ecccf,"[""24304404136401853611354679156736471836167449603878002382670170418575244748347"", ""34932573794344542041315686660932662303391519134203250572504686994553601884919""]",24304404136401853611354679156736471836167449603878002382670170418575244748347|34932573794344542041315686660932662303391519134203250572504686994553601884919,24304404136401853611354679156736471836167449603878002382670170418575244748347,Yes,False,,,,,,,,,,,,193.140308
2026-07-14T03:36:52Z,EPL,333084,epl-team-to-qualify-for-uefa-conference-league,EPL: Team to qualify for UEFA Conference League,2026-04-01T17:27:13.650134Z,1818372,will-chelsea-qualify-for-the-league-phase-of-the-2026-27-uefa-conference-league,Will Chelsea qualify for the League Phase of the 2026-27 UEFA Conference League?,0xa0a419e4b455bbeb1ac06050bf572bbf636c70dc688f201eda6beb257e0ecccf,"[""24304404136401853611354679156736471836167449603878002382670170418575244748347"", ""34932573794344542041315686660932662303391519134203250572504686994553601884919""]",24304404136401853611354679156736471836167449603878002382670170418575244748347|34932573794344542041315686660932662303391519134203250572504686994553601884919,34932573794344542041315686660932662303391519134203250572504686994553601884919,No,False,,,,,,,,,,,,193.140308
2026-07-14T03:36:52Z,EPL,333084,epl-team-to-qualify-for-uefa-conference-league,EPL: Team to qualify for UEFA Conference League,2026-04-01T17:27:13.650134Z,1818373,will-crystal-palace-qualify-for-the-league-phase-of-the-2026-27-uefa-conference-league,Will Crystal Palace qualify for the League Phase of the 2026-27 UEFA Conference League?,0x7fcff1b74a273c0e48b01dafa03fd994fc6d6a80faf2f401808a1f7c906231e2,"[""83595360800340582836220415327748792858014632655765677024450652227649872829217"", ""8722778550304158158775908112102831721712668882628498669387415627760731221547""]",83595360800340582836220415327748792858014632655765677024450652227649872829217|8722778550304158158775908112102831721712668882628498669387415627760731221547,83595360800340582836220415327748792858014632655765677024450652227649872829217,Yes,False,,,,,,,,,,,,55.10415
2026-07-14T03:36:52Z,EPL,333084,epl-team-to-qualify-for-uefa-conference-league,EPL: Team to qualify for UEFA Conference League,2026-04-01T17:27:13.650134Z,1818373,will-crystal-palace-qualify-for-the-league-phase-of-the-2026-27-uefa-conference-league,Will Crystal Palace qualify for the League Phase of the 2026-27 UEFA Conference League?,0x7fcff1b74a273c0e48b01dafa03fd994fc6d6a80faf2f401808a1f7c906231e2,"[""83595360800340582836220415327748792858014632655765677024450652227649872829217"", ""8722778550304158158775908112102831721712668882628498669387415627760731221547""]",83595360800340582836220415327748792858014632655765677024450652227649872829217|8722778550304158158775908112102831721712668882628498669387415627760731221547,8722778550304158158775908112102831721712668882628498669387415627760731221547,No,False,,,,,,,,,,,,55.10415
2026-07-14T03:36:52Z,EPL,333084,epl-team-to-qualify-for-uefa-conference-league,EPL: Team to qualify for UEFA Conference League,2026-04-01T17:27:13.650134Z,1818374,will-everton-qualify-for-the-league-phase-of-the-2026-27-uefa-conference-league,Will Everton qualify for the League Phase of the 2026-27 UEFA Conference League?,0xc2d06ea1b36aa2af374778802062278b37c0681e80b8b30d440eea8c89c69efa,"[""4166923647964243798214643118596450748550925708271797356837126450441673128307"", ""38675784671269789218225363889508272390729885225646140690421495748338190385226""]",4166923647964243798214643118596450748550925708271797356837126450441673128307|38675784671269789218225363889508272390729885225646140690421495748338190385226,4166923647964243798214643118596450748550925708271797356837126450441673128307,Yes,False,,,,,,,,,,,,481.81
2026-07-14T03:36:52Z,EPL,333084,epl-team-to-qualify-for-uefa-conference-league,EPL: Team to qualify for UEFA Conference League,2026-04-01T17:27:13.650134Z,1818374,will-everton-qualify-for-the-league-phase-of-the-2026-27-uefa-conference-league,Will Everton qualify for the League Phase of the 2026-27 UEFA Conference League?,0xc2d06ea1b36aa2af374778802062278b37c0681e80b8b30d440eea8c89c69efa,"[""4166923647964243798214643118596450748550925708271797356837126450441673128307"", ""38675784671269789218225363889508272390729885225646140690421495748338190385226""]",4166923647964243798214643118596450748550925708271797356837126450441673128307|38675784671269789218225363889508272390729885225646140690421495748338190385226,38675784671269789218225363889508272390729885225646140690421495748338190385226,No,False,,,,,,,,,,,,481.81
2026-07-14T03:36:52Z,EPL,333084,epl-team-to-qualify-for-uefa-conference-league,EPL: Team to qualify for UEFA Conference League,2026-04-01T17:27:13.650134Z,1818375,will-fulham-qualify-for-the-league-phase-of-the-2026-27-uefa-conference-league,Will Fulham qualify for the League Phase of the 2026-27 UEFA Conference League?,0xa9c80d9e6d42b63441eb65788fa6715dd14e46e84e92ab0af524aa71de00e9fe,"[""58173349290615436261874750189700214187364770220706840363443501392029514828013"", ""68870830613563352664780739176635792396465611522859759407689581346809698393825""]",58173349290615436261874750189700214187364770220706840363443501392029514828013|68870830613563352664780739176635792396465611522859759407689581346809698393825,58173349290615436261874750189700214187364770220706840363443501392029514828013,Yes,False,,,,,,,,,,,,529.6700000000001
2026-07-14T03:36:52Z,EPL,333084,epl-team-to-qualify-for-uefa-conference-league,EPL: Team to qualify for UEFA Conference League,2026-04-01T17:27:13.650134Z,1818375,will-fulham-qualify-for-the-league-phase-of-the-2026-27-uefa-conference-league,Will Fulham qualify for the League Phase of the 2026-27 UEFA Conference League?,0xa9c80d9e6d42b63441eb65788fa6715dd14e46e84e92ab0af524aa71de00e9fe,"[""58173349290615436261874750189700214187364770220706840363443501392029514828013"", ""68870830613563352664780739176635792396465611522859759407689581346809698393825""]",58173349290615436261874750189700214187364770220706840363443501392029514828013|68870830613563352664780739176635792396465611522859759407689581346809698393825,68870830613563352664780739176635792396465611522859759407689581346809698393825,No,False,,,,,,,,,,,,529.6700000000001
2026-07-14T03:36:52Z,EPL,333084,epl-team-to-qualify-for-uefa-conference-league,EPL: Team to qualify for UEFA Conference League,2026-04-01T17:27:13.650134Z,1818376,will-ipswich-town-qualify-for-the-league-phase-of-the-2026-27-uefa-conference-league,Will Ipswich Town qualify for the League Phase of the 2026-27 UEFA Conference League?,0xfd1fd6c7c9106ccdc0a48fb64385b352808d5f6a4eb0157cb37b834002772000,"[""34575040317828011543308948862359294748447343494151397521995978862299718496252"", ""32703218917373905712439402416747473136357574974365039086658033726899781984701""]",34575040317828011543308948862359294748447343494151397521995978862299718496252|32703218917373905712439402416747473136357574974365039086658033726899781984701,34575040317828011543308948862359294748447343494151397521995978862299718496252,Yes,False,,,,,,,,,,,,185.7979
2026-07-14T03:36:52Z,EPL,333084,epl-team-to-qualify-for-uefa-conference-league,EPL: Team to qualify for UEFA Conference League,2026-04-01T17:27:13.650134Z,1818376,will-ipswich-town-qualify-for-the-league-phase-of-the-2026-27-uefa-conference-league,Will Ipswich Town qualify for the League Phase of the 2026-27 UEFA Conference League?,0xfd1fd6c7c9106ccdc0a48fb64385b352808d5f6a4eb0157cb37b834002772000,"[""34575040317828011543308948862359294748447343494151397521995978862299718496252"", ""32703218917373905712439402416747473136357574974365039086658033726899781984701""]",34575040317828011543308948862359294748447343494151397521995978862299718496252|32703218917373905712439402416747473136357574974365039086658033726899781984701,32703218917373905712439402416747473136357574974365039086658033726899781984701,No,False,,,,,,,,,,,,185.7979
2026-07-14T03:36:52Z,EPL,333084,epl-team-to-qualify-for-uefa-conference-league,EPL: Team to qualify for UEFA Conference League,2026-04-01T17:27:13.650134Z,1818377,will-leicester-city-qualify-for-the-league-phase-of-the-2026-27-uefa-conference-league,Will Leicester City qualify for the League Phase of the 2026-27 UEFA Conference League?,0x7f23bad03e49e8691193b374466a982f76952cc0658302268f2122380250f91d,"[""36855782576831156580765175743466253787995589729798761982205435744452738857165"", ""63267615403020851545105138792098005654530731396339683005908577788229989628684""]",36855782576831156580765175743466253787995589729798761982205435744452738857165|63267615403020851545105138792098005654530731396339683005908577788229989628684,36855782576831156580765175743466253787995589729798761982205435744452738857165,Yes,False,,,,,,,,,,,,185.5555
2026-07-14T03:36:52Z,EPL,333084,epl-team-to-qualify-for-uefa-conference-league,EPL: Team to qualify for UEFA Conference League,2026-04-01T17:27:13.650134Z,1818377,will-leicester-city-qualify-for-the-league-phase-of-the-2026-27-uefa-conference-league,Will Leicester City qualify for the League Phase of the 2026-27 UEFA Conference League?,0x7f23bad03e49e8691193b374466a982f76952cc0658302268f2122380250f91d,"[""36855782576831156580765175743466253787995589729798761982205435744452738857165"", ""63267615403020851545105138792098005654530731396339683005908577788229989628684""]",36855782576831156580765175743466253787995589729798761982205435744452738857165|63267615403020851545105138792098005654530731396339683005908577788229989628684,63267615403020851545105138792098005654530731396339683005908577788229989628684,No,False,,,,,,,,,,,,185.5555
2026-07-14T03:36:52Z,EPL,333084,epl-team-to-qualify-for-uefa-conference-league,EPL: Team to qualify for UEFA Conference League,2026-04-01T17:27:13.650134Z,1818378,will-liverpool-qualify-for-the-league-phase-of-the-2026-27-uefa-conference-league,Will Liverpool qualify for the League Phase of the 2026-27 UEFA Conference League?,0x0f39d177f78abd438be984b36f264c13de879b346ae40bfea0ababc108b83f64,"[""65988948624774144931622911564364302133312968519504468408474435267221324233196"", ""115130602602129428285461614417924472558165741430309539659330809798396288056300""]",65988948624774144931622911564364302133312968519504468408474435267221324233196|115130602602129428285461614417924472558165741430309539659330809798396288056300,65988948624774144931622911564364302133312968519504468408474435267221324233196,Yes,False,,,,,,,,,,,0,175.5
2026-07-14T03:36:52Z,EPL,333084,epl-team-to-qualify-for-uefa-conference-league,EPL: Team to qualify for UEFA Conference League,2026-04-01T17:27:13.650134Z,1818378,will-liverpool-qualify-for-the-league-phase-of-the-2026-27-uefa-conference-league,Will Liverpool qualify for the League Phase of the 2026-27 UEFA Conference League?,0x0f39d177f78abd438be984b36f264c13de879b346ae40bfea0ababc108b83f64,"[""65988948624774144931622911564364302133312968519504468408474435267221324233196"", ""115130602602129428285461614417924472558165741430309539659330809798396288056300""]",65988948624774144931622911564364302133312968519504468408474435267221324233196|115130602602129428285461614417924472558165741430309539659330809798396288056300,115130602602129428285461614417924472558165741430309539659330809798396288056300,No,False,,,,,,,,,,,0,175.5
2026-07-14T03:36:52Z,EPL,333084,epl-team-to-qualify-for-uefa-conference-league,EPL: Team to qualify for UEFA Conference League,2026-04-01T17:27:13.650134Z,1818379,will-manchester-city-qualify-for-the-league-phase-of-the-2026-27-uefa-conference-league,Will Manchester City qualify for the League Phase of the 2026-27 UEFA Conference League?,0x9f502be87b77866442714675eeb0ceec67b36469dab587b15862716b95a22a65,"[""81955707153623233000480445669873960416969320182377332341762765419704043622092"", ""63903621190034107756618838956749324043719317201688365281214818158837560760762""]",81955707153623233000480445669873960416969320182377332341762765419704043622092|63903621190034107756618838956749324043719317201688365281214818158837560760762,81955707153623233000480445669873960416969320182377332341762765419704043622092,Yes,False,,,,,,,,,,,,239.96210000000002
2026-07-14T03:36:52Z,EPL,333084,epl-team-to-qualify-for-uefa-conference-league,EPL: Team to qualify for UEFA Conference League,2026-04-01T17:27:13.650134Z,1818379,will-manchester-city-qualify-for-the-league-phase-of-the-2026-27-uefa-conference-league,Will Manchester City qualify for the League Phase of the 2026-27 UEFA Conference League?,0x9f502be87b77866442714675eeb0ceec67b36469dab587b15862716b95a22a65,"[""81955707153623233000480445669873960416969320182377332341762765419704043622092"", ""63903621190034107756618838956749324043719317201688365281214818158837560760762""]",81955707153623233000480445669873960416969320182377332341762765419704043622092|63903621190034107756618838956749324043719317201688365281214818158837560760762,63903621190034107756618838956749324043719317201688365281214818158837560760762,No,False,,,,,,,,,,,,239.96210000000002
2026-07-14T03:36:52Z,EPL,333084,epl-team-to-qualify-for-uefa-conference-league,EPL: Team to qualify for UEFA Conference League,2026-04-01T17:27:13.650134Z,1818380,will-manchester-united-qualify-for-the-league-phase-of-the-2026-27-uefa-conference-league,Will Manchester United qualify for the League Phase of the 2026-27 UEFA Conference League?,0x10faa15e034abb4d8b58e96fa9cceaeba84182d8d26061672b3090ef60c474c7,"[""14537963265850539015090671292913129800573442530565687433985001158662408488535"", ""24584985274241329793529868323709359334793457968867512216477798918303927163120""]",14537963265850539015090671292913129800573442530565687433985001158662408488535|24584985274241329793529868323709359334793457968867512216477798918303927163120,14537963265850539015090671292913129800573442530565687433985001158662408488535,Yes,False,,,,,,,,,,,,654.06
2026-07-14T03:36:52Z,EPL,333084,epl-team-to-qualify-for-uefa-conference-league,EPL: Team to qualify for UEFA Conference League,2026-04-01T17:27:13.650134Z,1818380,will-manchester-united-qualify-for-the-league-phase-of-the-2026-27-uefa-conference-league,Will Manchester United qualify for the League Phase of the 2026-27 UEFA Conference League?,0x10faa15e034abb4d8b58e96fa9cceaeba84182d8d26061672b3090ef60c474c7,"[""14537963265850539015090671292913129800573442530565687433985001158662408488535"", ""24584985274241329793529868323709359334793457968867512216477798918303927163120""]",14537963265850539015090671292913129800573442530565687433985001158662408488535|24584985274241329793529868323709359334793457968867512216477798918303927163120,24584985274241329793529868323709359334793457968867512216477798918303927163120,No,False,,,,,,,,,,,,654.06
2026-07-14T03:36:52Z,EPL,333084,epl-team-to-qualify-for-uefa-conference-league,EPL: Team to qualify for UEFA Conference League,2026-04-01T17:27:13.650134Z,1818381,will-newcastle-united-qualify-for-the-league-phase-of-the-2026-27-uefa-conference-league,Will Newcastle United qualify for the League Phase of the 2026-27 UEFA Conference League?,0xb0716d2b36fd90dd54c600a9e7647616490002987e3eb1ecb3d10ead4d62d33c,"[""59224980280942325666569394558997382798882386438436610001858371645471216555919"", ""79970515927998557660930530711963196679174481368659736459630565505379849389257""]",59224980280942325666569394558997382798882386438436610001858371645471216555919|79970515927998557660930530711963196679174481368659736459630565505379849389257,59224980280942325666569394558997382798882386438436610001858371645471216555919,Yes,False,,,,,,,,,,,,411.9
2026-07-14T03:36:52Z,EPL,333084,epl-team-to-qualify-for-uefa-conference-league,EPL: Team to qualify for UEFA Conference League,2026-04-01T17:27:13.650134Z,1818381,will-newcastle-united-qualify-for-the-league-phase-of-the-2026-27-uefa-conference-league,Will Newcastle United qualify for the League Phase of the 2026-27 UEFA Conference League?,0xb0716d2b36fd90dd54c600a9e7647616490002987e3eb1ecb3d10ead4d62d33c,"[""59224980280942325666569394558997382798882386438436610001858371645471216555919"", ""79970515927998557660930530711963196679174481368659736459630565505379849389257""]",59224980280942325666569394558997382798882386438436610001858371645471216555919|79970515927998557660930530711963196679174481368659736459630565505379849389257,79970515927998557660930530711963196679174481368659736459630565505379849389257,No,False,,,,,,,,,,,,411.9
2026-07-14T03:36:52Z,EPL,333084,epl-team-to-qualify-for-uefa-conference-league,EPL: Team to qualify for UEFA Conference League,2026-04-01T17:27:13.650134Z,1818382,will-nottingham-forest-qualify-for-the-league-phase-of-the-2026-27-uefa-conference-league,Will Nottingham Forest qualify for the League Phase of the 2026-27 UEFA Conference League?,0xe911ed8e88ee4d94cb587ed6128a6c15596d9338a4d90b78b9ea20b0578fc156,"[""19481881546917834293067497074329377518935142669934498853237227966392229142245"", ""57602898067754327037427882833634701750997153547931685588132390215919583981742""]",19481881546917834293067497074329377518935142669934498853237227966392229142245|57602898067754327037427882833634701750997153547931685588132390215919583981742,19481881546917834293067497074329377518935142669934498853237227966392229142245,Yes,False,,,,,,,,,,,,407.7161
2026-07-14T03:36:52Z,EPL,333084,epl-team-to-qualify-for-uefa-conference-league,EPL: Team to qualify for UEFA Conference League,2026-04-01T17:27:13.650134Z,1818382,will-nottingham-forest-qualify-for-the-league-phase-of-the-2026-27-uefa-conference-league,Will Nottingham Forest qualify for the League Phase of the 2026-27 UEFA Conference League?,0xe911ed8e88ee4d94cb587ed6128a6c15596d9338a4d90b78b9ea20b0578fc156,"[""19481881546917834293067497074329377518935142669934498853237227966392229142245"", ""57602898067754327037427882833634701750997153547931685588132390215919583981742""]",19481881546917834293067497074329377518935142669934498853237227966392229142245|57602898067754327037427882833634701750997153547931685588132390215919583981742,57602898067754327037427882833634701750997153547931685588132390215919583981742,No,False,,,,,,,,,,,,407.7161
2026-07-14T03:36:52Z,EPL,333084,epl-team-to-qualify-for-uefa-conference-league,EPL: Team to qualify for UEFA Conference League,2026-04-01T17:27:13.650134Z,1818383,will-southampton-qualify-for-the-league-phase-of-the-2026-27-uefa-conference-league,Will Southampton qualify for the League Phase of the 2026-27 UEFA Conference League?,0x7ca2adbbd88851add0e546dd78574d7e79fc00c76e8c490e5692bf8023c11e75,"[""26877828097379119176280047098274709531228788895296330595994436624390898867911"", ""115748130349087715420332870666315257990045222809843222754054247382701059943674""]",26877828097379119176280047098274709531228788895296330595994436624390898867911|115748130349087715420332870666315257990045222809843222754054247382701059943674,26877828097379119176280047098274709531228788895296330595994436624390898867911,Yes,False,,,,,,,,,,,0,617.6899999999999
2026-07-14T03:36:52Z,EPL,333084,epl-team-to-qualify-for-uefa-conference-league,EPL: Team to qualify for UEFA Conference League,2026-04-01T17:27:13.650134Z,1818383,will-southampton-qualify-for-the-league-phase-of-the-2026-27-uefa-conference-league,Will Southampton qualify for the League Phase of the 2026-27 UEFA Conference League?,0x7ca2adbbd88851add0e546dd78574d7e79fc00c76e8c490e5692bf8023c11e75,"[""26877828097379119176280047098274709531228788895296330595994436624390898867911"", ""115748130349087715420332870666315257990045222809843222754054247382701059943674""]",26877828097379119176280047098274709531228788895296330595994436624390898867911|115748130349087715420332870666315257990045222809843222754054247382701059943674,115748130349087715420332870666315257990045222809843222754054247382701059943674,No,False,,,,,,,,,,,0,617.6899999999999
2026-07-14T03:36:52Z,EPL,333084,epl-team-to-qualify-for-uefa-conference-league,EPL: Team to qualify for UEFA Conference League,2026-04-01T17:27:13.650134Z,1818384,will-tottenham-hotspur-qualify-for-the-league-phase-of-the-2026-27-uefa-conference-league,Will Tottenham Hotspur qualify for the League Phase of the 2026-27 UEFA Conference League?,0xe98b7da9a346eb2aced5b9300c7a53e4d7c147741b546f005de0b3c0d89e0ae1,"[""16165000919596414242427788888124743916698715129044155178467657105167009019476"", ""114828181514576721851254739097127564151815507804110569853443476924908844910766""]",16165000919596414242427788888124743916698715129044155178467657105167009019476|114828181514576721851254739097127564151815507804110569853443476924908844910766,16165000919596414242427788888124743916698715129044155178467657105167009019476,Yes,False,,,,,,,,,,,,1126.7675
2026-07-14T03:36:52Z,EPL,333084,epl-team-to-qualify-for-uefa-conference-league,EPL: Team to qualify for UEFA Conference League,2026-04-01T17:27:13.650134Z,1818384,will-tottenham-hotspur-qualify-for-the-league-phase-of-the-2026-27-uefa-conference-league,Will Tottenham Hotspur qualify for the League Phase of the 2026-27 UEFA Conference League?,0xe98b7da9a346eb2aced5b9300c7a53e4d7c147741b546f005de0b3c0d89e0ae1,"[""16165000919596414242427788888124743916698715129044155178467657105167009019476"", ""114828181514576721851254739097127564151815507804110569853443476924908844910766""]",16165000919596414242427788888124743916698715129044155178467657105167009019476|114828181514576721851254739097127564151815507804110569853443476924908844910766,114828181514576721851254739097127564151815507804110569853443476924908844910766,No,False,,,,,,,,,,,,1126.7675
2026-07-14T03:36:52Z,EPL,333084,epl-team-to-qualify-for-uefa-conference-league,EPL: Team to qualify for UEFA Conference League,2026-04-01T17:27:13.650134Z,1818385,will-west-ham-united-qualify-for-the-league-phase-of-the-2026-27-uefa-conference-league,Will West Ham United qualify for the League Phase of the 2026-27 UEFA Conference League?,0xbc79053a1f7691b55171b4a210da33b3c3fba449c9df4fd954856635f8da0e8e,"[""54894379652853834326297942957419603346481276275403414881816173756537774757640"", ""33108900391203812803918822219418560079370282336069888352885661677363224124116""]",54894379652853834326297942957419603346481276275403414881816173756537774757640|33108900391203812803918822219418560079370282336069888352885661677363224124116,54894379652853834326297942957419603346481276275403414881816173756537774757640,Yes,False,,,,,,,,,,,,207.137
2026-07-14T03:36:52Z,EPL,333084,epl-team-to-qualify-for-uefa-conference-league,EPL: Team to qualify for UEFA Conference League,2026-04-01T17:27:13.650134Z,1818385,will-west-ham-united-qualify-for-the-league-phase-of-the-2026-27-uefa-conference-league,Will West Ham United qualify for the League Phase of the 2026-27 UEFA Conference League?,0xbc79053a1f7691b55171b4a210da33b3c3fba449c9df4fd954856635f8da0e8e,"[""54894379652853834326297942957419603346481276275403414881816173756537774757640"", ""33108900391203812803918822219418560079370282336069888352885661677363224124116""]",54894379652853834326297942957419603346481276275403414881816173756537774757640|33108900391203812803918822219418560079370282336069888352885661677363224124116,33108900391203812803918822219418560079370282336069888352885661677363224124116,No,False,,,,,,,,,,,,207.137
2026-07-14T03:36:52Z,EPL,333084,epl-team-to-qualify-for-uefa-conference-league,EPL: Team to qualify for UEFA Conference League,2026-04-01T17:27:13.650134Z,1818386,will-wolverhampton-wanderers-qualify-for-the-league-phase-of-the-2026-27-uefa-conference-league,Will Wolverhampton Wanderers qualify for the League Phase of the 2026-27 UEFA Conference League?,0x612a47d48e42fc85f4b3099edd0779c399e7393325bae5ef494fbec0b518be97,"[""39645891629689350247020865542579082583944711546641819664090458601825821008952"", ""27752113810792547257158395279414992925826179248970504390132410269490063597360""]",39645891629689350247020865542579082583944711546641819664090458601825821008952|27752113810792547257158395279414992925826179248970504390132410269490063597360,39645891629689350247020865542579082583944711546641819664090458601825821008952,Yes,False,,,,,,,,,,,,216.45
2026-07-14T03:36:52Z,EPL,333084,epl-team-to-qualify-for-uefa-conference-league,EPL: Team to qualify for UEFA Conference League,2026-04-01T17:27:13.650134Z,1818386,will-wolverhampton-wanderers-qualify-for-the-league-phase-of-the-2026-27-uefa-conference-league,Will Wolverhampton Wanderers qualify for the League Phase of the 2026-27 UEFA Conference League?,0x612a47d48e42fc85f4b3099edd0779c399e7393325bae5ef494fbec0b518be97,"[""39645891629689350247020865542579082583944711546641819664090458601825821008952"", ""27752113810792547257158395279414992925826179248970504390132410269490063597360""]",39645891629689350247020865542579082583944711546641819664090458601825821008952|27752113810792547257158395279414992925826179248970504390132410269490063597360,27752113810792547257158395279414992925826179248970504390132410269490063597360,No,False,,,,,,,,,,,,216.45
2026-07-14T03:36:52Z,EPL,435490,epl-2026-team-of-the-season,EPL: 2026 PFA Team of the Year,2026-05-01T16:17:58.439577Z,2127663,will-david-raya-be-named-to-the-2026-pfa-premier-league-team-of-the-year,Will David Raya be named to the 2026 PFA Premier League Team of the Year?,0x50561f0ac9fb48ce9b1dc8f78f84dea5e43d9d30bd507eb93fa57b11a996ffeb,"[""3488261232009523381576281256634840719226792569353110860105294590188599877555"", ""33896607823388600558222421347266613674976673770405419631622989961143438148884""]",3488261232009523381576281256634840719226792569353110860105294590188599877555|33896607823388600558222421347266613674976673770405419631622989961143438148884,3488261232009523381576281256634840719226792569353110860105294590188599877555,Yes,True,0.06,5.61,0.96,10.77,0.51,0.8999999999999999,41b8bae8b3cff8ccfd0a168287a507006571aee5,0.01,5,,3.8972,
2026-07-14T03:36:52Z,EPL,435490,epl-2026-team-of-the-season,EPL: 2026 PFA Team of the Year,2026-05-01T16:17:58.439577Z,2127663,will-david-raya-be-named-to-the-2026-pfa-premier-league-team-of-the-year,Will David Raya be named to the 2026 PFA Premier League Team of the Year?,0x50561f0ac9fb48ce9b1dc8f78f84dea5e43d9d30bd507eb93fa57b11a996ffeb,"[""3488261232009523381576281256634840719226792569353110860105294590188599877555"", ""33896607823388600558222421347266613674976673770405419631622989961143438148884""]",3488261232009523381576281256634840719226792569353110860105294590188599877555|33896607823388600558222421347266613674976673770405419631622989961143438148884,33896607823388600558222421347266613674976673770405419631622989961143438148884,No,True,0.04,10.77,0.94,5.61,0.49,0.8999999999999999,bdf44d4a3ad6a078b455f7dab1075fbd79c66149,0.01,5,,3.8972,
2026-07-14T03:36:52Z,EPL,435490,epl-2026-team-of-the-season,EPL: 2026 PFA Team of the Year,2026-05-01T16:17:58.439577Z,2127664,will-jordan-pickford-be-named-to-the-2026-pfa-premier-league-team-of-the-year,Will Jordan Pickford be named to the 2026 PFA Premier League Team of the Year?,0x206d3cf11b86b16708f160e1e5223e75f4f0b126fbfecb52300077792e4a978f,"[""69002409170326112222673578355907486486435514190626080376764720483535336436602"", ""29764786967669041151836718379664776749611256940389381248189333088896507813340""]",69002409170326112222673578355907486486435514190626080376764720483535336436602|29764786967669041151836718379664776749611256940389381248189333088896507813340,69002409170326112222673578355907486486435514190626080376764720483535336436602,Yes,True,0.04,11.82,0.94,5.61,0.49,0.8999999999999999,15b3c9bea8f52b566688e0d12581289f65377600,0.01,5,,3.9669,
2026-07-14T03:36:52Z,EPL,435490,epl-2026-team-of-the-season,EPL: 2026 PFA Team of the Year,2026-05-01T16:17:58.439577Z,2127664,will-jordan-pickford-be-named-to-the-2026-pfa-premier-league-team-of-the-year,Will Jordan Pickford be named to the 2026 PFA Premier League Team of the Year?,0x206d3cf11b86b16708f160e1e5223e75f4f0b126fbfecb52300077792e4a978f,"[""69002409170326112222673578355907486486435514190626080376764720483535336436602"", ""29764786967669041151836718379664776749611256940389381248189333088896507813340""]",69002409170326112222673578355907486486435514190626080376764720483535336436602|29764786967669041151836718379664776749611256940389381248189333088896507813340,29764786967669041151836718379664776749611256940389381248189333088896507813340,No,True,0.06,5.61,0.96,11.82,0.51,0.8999999999999999,6cb3628060b483b8ed68e7db099184bacc60980e,0.01,5,,3.9669,
2026-07-14T03:36:52Z,EPL,435490,epl-2026-team-of-the-season,EPL: 2026 PFA Team of the Year,2026-05-01T16:17:58.439577Z,2127665,will-dean-henderson-be-named-to-the-2026-pfa-premier-league-team-of-the-year,Will Dean Henderson be named to the 2026 PFA Premier League Team of the Year?,0x67ebb7796df1324b1b084b0aaa59e3379513583ac93e3c8e968935e7dbb1f535,"[""77730449116026385251216021681478758817188404733132958155748625297475510396335"", ""86484569427189395298179892127162282618369840953731094949208918944830421003973""]",77730449116026385251216021681478758817188404733132958155748625297475510396335|86484569427189395298179892127162282618369840953731094949208918944830421003973,77730449116026385251216021681478758817188404733132958155748625297475510396335,Yes,True,0.04,11.82,0.94,5.61,0.49,0.8999999999999999,f5afc7199fc536eb299aba107f34bc6faf1f5eb4,0.01,5,,3.9669,
2026-07-14T03:36:52Z,EPL,435490,epl-2026-team-of-the-season,EPL: 2026 PFA Team of the Year,2026-05-01T16:17:58.439577Z,2127665,will-dean-henderson-be-named-to-the-2026-pfa-premier-league-team-of-the-year,Will Dean Henderson be named to the 2026 PFA Premier League Team of the Year?,0x67ebb7796df1324b1b084b0aaa59e3379513583ac93e3c8e968935e7dbb1f535,"[""77730449116026385251216021681478758817188404733132958155748625297475510396335"", ""86484569427189395298179892127162282618369840953731094949208918944830421003973""]",77730449116026385251216021681478758817188404733132958155748625297475510396335|86484569427189395298179892127162282618369840953731094949208918944830421003973,86484569427189395298179892127162282618369840953731094949208918944830421003973,No,True,0.06,5.61,0.96,11.82,0.51,0.8999999999999999,6426f86c1b68b47156bc2493b049dd3658fde682,0.01,5,,3.9669,
2026-07-14T03:36:52Z,EPL,435490,epl-2026-team-of-the-season,EPL: 2026 PFA Team of the Year,2026-05-01T16:17:58.439577Z,2127666,will-robin-roefs-be-named-to-the-2026-pfa-premier-league-team-of-the-year,Will Robin Roefs be named to the 2026 PFA Premier League Team of the Year?,0xdae0f14d1b5ea256638164c6578853226408702f44e238ca8fa692998fdc6332,"[""70182957445101902779363373709716695169810926012757858042099415085409463195888"", ""90699863564786576085723598309072905823666331748016080742800846290619606364496""]",70182957445101902779363373709716695169810926012757858042099415085409463195888|90699863564786576085723598309072905823666331748016080742800846290619606364496,70182957445101902779363373709716695169810926012757858042099415085409463195888,Yes,True,0.04,10.77,0.94,5.61,0.49,0.8999999999999999,e8c23143bcaa858b2b4bfe19e19df48246477345,0.01,5,,3.7653,
2026-07-14T03:36:52Z,EPL,435490,epl-2026-team-of-the-season,EPL: 2026 PFA Team of the Year,2026-05-01T16:17:58.439577Z,2127666,will-robin-roefs-be-named-to-the-2026-pfa-premier-league-team-of-the-year,Will Robin Roefs be named to the 2026 PFA Premier League Team of the Year?,0xdae0f14d1b5ea256638164c6578853226408702f44e238ca8fa692998fdc6332,"[""70182957445101902779363373709716695169810926012757858042099415085409463195888"", ""90699863564786576085723598309072905823666331748016080742800846290619606364496""]",70182957445101902779363373709716695169810926012757858042099415085409463195888|90699863564786576085723598309072905823666331748016080742800846290619606364496,90699863564786576085723598309072905823666331748016080742800846290619606364496,No,True,0.06,5.61,0.96,10.77,0.51,0.8999999999999999,80837c5d86073fc7fcdfae0531e6115d840b2100,0.01,5,,3.7653,
2026-07-14T03:36:52Z,EPL,435490,epl-2026-team-of-the-season,EPL: 2026 PFA Team of the Year,2026-05-01T16:17:58.439577Z,2127667,will-gianluigi-donnarumma-be-named-to-the-2026-pfa-premier-league-team-of-the-year,Will Gianluigi Donnarumma be named to the 2026 PFA Premier League Team of the Year?,0x322441734b9f23744de899e345ef48ec25e0055f8b1bfc19fe4612055a8ff2df,"[""65007673257262595676530056363240287641293306267550009290432560084643152028010"", ""97388027101380065799871752579213229783305736941572715830099055292320933629215""]",65007673257262595676530056363240287641293306267550009290432560084643152028010|97388027101380065799871752579213229783305736941572715830099055292320933629215,65007673257262595676530056363240287641293306267550009290432560084643152028010,Yes,True,0.04,11.7,0.96,11.7,0.5,0.9199999999999999,7b734d887340f45260437eed8393cc27512c8101,0.01,5,,4.2519,
2026-07-14T03:36:52Z,EPL,435490,epl-2026-team-of-the-season,EPL: 2026 PFA Team of the Year,2026-05-01T16:17:58.439577Z,2127667,will-gianluigi-donnarumma-be-named-to-the-2026-pfa-premier-league-team-of-the-year,Will Gianluigi Donnarumma be named to the 2026 PFA Premier League Team of the Year?,0x322441734b9f23744de899e345ef48ec25e0055f8b1bfc19fe4612055a8ff2df,"[""65007673257262595676530056363240287641293306267550009290432560084643152028010"", ""97388027101380065799871752579213229783305736941572715830099055292320933629215""]",65007673257262595676530056363240287641293306267550009290432560084643152028010|97388027101380065799871752579213229783305736941572715830099055292320933629215,97388027101380065799871752579213229783305736941572715830099055292320933629215,No,True,0.04,11.7,0.96,11.7,0.5,0.9199999999999999,e30ea0c0e1d1c9b17610fa8c732ecfb690c65485,0.01,5,,4.2519,
2026-07-14T03:36:52Z,EPL,435490,epl-2026-team-of-the-season,EPL: 2026 PFA Team of the Year,2026-05-01T16:17:58.439577Z,2127668,will-jurrien-timber-be-named-to-the-2026-pfa-premier-league-team-of-the-year,Will Jurrien Timber be named to the 2026 PFA Premier League Team of the Year?,0x97ca47da99683bddec8036ce29388c2e400e7cecfea8ac4dbef54ac0791cc593,"[""58745854058166153005664210409408254918505117901359386106376082227012206838503"", ""43365583002812118163534009703280808191029196488960918105614424745527498298109""]",58745854058166153005664210409408254918505117901359386106376082227012206838503|43365583002812118163534009703280808191029196488960918105614424745527498298109,58745854058166153005664210409408254918505117901359386106376082227012206838503,Yes,True,0.04,10.77,0.96,10.77,0.5,0.9199999999999999,10d2e80c63ff7e84f6d35c0e63f8186e37610f1b,0.01,5,,4.0462,
2026-07-14T03:36:52Z,EPL,435490,epl-2026-team-of-the-season,EPL: 2026 PFA Team of the Year,2026-05-01T16:17:58.439577Z,2127668,will-jurrien-timber-be-named-to-the-2026-pfa-premier-league-team-of-the-year,Will Jurrien Timber be named to the 2026 PFA Premier League Team of the Year?,0x97ca47da99683bddec8036ce29388c2e400e7cecfea8ac4dbef54ac0791cc593,"[""58745854058166153005664210409408254918505117901359386106376082227012206838503"", ""43365583002812118163534009703280808191029196488960918105614424745527498298109""]",58745854058166153005664210409408254918505117901359386106376082227012206838503|43365583002812118163534009703280808191029196488960918105614424745527498298109,43365583002812118163534009703280808191029196488960918105614424745527498298109,No,True,0.04,10.77,0.96,10.77,0.5,0.9199999999999999,979d29b1f73f4a36bb0cbf8bf8ce481ff1b04c16,0.01,5,,4.0462,
2026-07-14T03:36:52Z,EPL,435490,epl-2026-team-of-the-season,EPL: 2026 PFA Team of the Year,2026-05-01T16:17:58.439577Z,2127669,will-matheus-nunes-be-named-to-the-2026-pfa-premier-league-team-of-the-year,Will Matheus Nunes be named to the 2026 PFA Premier League Team of the Year?,0x236166693870332c38cc1f290d2de8a00eafa1b78519182663a58811b1011705,"[""71852886829417081758693278389180020836881806315641141653569411011094941385487"", ""27873264127773337044236459909692649813557879461485496445916977915515730222703""]",71852886829417081758693278389180020836881806315641141653569411011094941385487|27873264127773337044236459909692649813557879461485496445916977915515730222703,71852886829417081758693278389180020836881806315641141653569411011094941385487,Yes,True,0.04,7.58,0.96,10.77,0.5,0.9199999999999999,3e961e2dbbe45f3f7a3b9c6ddbaa07bfe6a6f5f7,0.01,5,,4.7013,
2026-07-14T03:36:52Z,EPL,435490,epl-2026-team-of-the-season,EPL: 2026 PFA Team of the Year,2026-05-01T16:17:58.439577Z,2127669,will-matheus-nunes-be-named-to-the-2026-pfa-premier-league-team-of-the-year,Will Matheus Nunes be named to the 2026 PFA Premier League Team of the Year?,0x236166693870332c38cc1f290d2de8a00eafa1b78519182663a58811b1011705,"[""71852886829417081758693278389180020836881806315641141653569411011094941385487"", ""27873264127773337044236459909692649813557879461485496445916977915515730222703""]",71852886829417081758693278389180020836881806315641141653569411011094941385487|27873264127773337044236459909692649813557879461485496445916977915515730222703,27873264127773337044236459909692649813557879461485496445916977915515730222703,No,True,0.04,10.77,0.96,7.58,0.5,0.9199999999999999,c9ae7f03927228733fc312c7027b04e5053d29db,0.01,5,,4.7013,
2026-07-14T03:36:52Z,EPL,435490,epl-2026-team-of-the-season,EPL: 2026 PFA Team of the Year,2026-05-01T16:17:58.439577Z,2127670,will-gabriel-magalhes-be-named-to-the-2026-pfa-premier-league-team-of-the-year,Will Gabriel Magalhães be named to the 2026 PFA Premier League Team of the Year?,0xd3d8a97f490967ba04bcf06a1f1fa0b8e14ff08f5f0781bccb14c7eb1cf34ca6,"[""112756383879220814577105643520650901454791316512357676513193784191480344438666"", ""7697378624768914483353901406042873706810082834244678754453720343911008090965""]",112756383879220814577105643520650901454791316512357676513193784191480344438666|7697378624768914483353901406042873706810082834244678754453720343911008090965,112756383879220814577105643520650901454791316512357676513193784191480344438666,Yes,True,0.06,5.61,0.96,10.77,0.51,0.8999999999999999,5bde81fc41aaa792a26fe09d64332e7ab6b47019,0.01,5,,3.5005,
2026-07-14T03:36:52Z,EPL,435490,epl-2026-team-of-the-season,EPL: 2026 PFA Team of the Year,2026-05-01T16:17:58.439577Z,2127670,will-gabriel-magalhes-be-named-to-the-2026-pfa-premier-league-team-of-the-year,Will Gabriel Magalhães be named to the 2026 PFA Premier League Team of the Year?,0xd3d8a97f490967ba04bcf06a1f1fa0b8e14ff08f5f0781bccb14c7eb1cf34ca6,"[""112756383879220814577105643520650901454791316512357676513193784191480344438666"", ""7697378624768914483353901406042873706810082834244678754453720343911008090965""]",112756383879220814577105643520650901454791316512357676513193784191480344438666|7697378624768914483353901406042873706810082834244678754453720343911008090965,7697378624768914483353901406042873706810082834244678754453720343911008090965,No,True,0.04,10.77,0.94,5.61,0.49,0.8999999999999999,ee772e15df4a5f1798ee51a66815fe924fc8397a,0.01,5,,3.5005,
2026-07-14T03:36:52Z,EPL,435490,epl-2026-team-of-the-season,EPL: 2026 PFA Team of the Year,2026-05-01T16:17:58.439577Z,2127671,will-william-saliba-be-named-to-the-2026-pfa-premier-league-team-of-the-year,Will William Saliba be named to the 2026 PFA Premier League Team of the Year?,0xc344b5f7891b8617e7118aaa24bac3840a587691c1a36daa479a61de0b79bcb6,"[""47207660538745167295586664941849591121956044929877358537501900994850424263330"", ""105234782857798608331719124706582304874620432378282673665444164066431160124095""]",47207660538745167295586664941849591121956044929877358537501900994850424263330|105234782857798608331719124706582304874620432378282673665444164066431160124095,47207660538745167295586664941849591121956044929877358537501900994850424263330,Yes,True,0.04,10.77,0.96,10.77,0.5,0.9199999999999999,8f94a5d6e80b561a9191298527784c16eeacafd1,0.01,5,,4.1822,
2026-07-14T03:36:52Z,EPL,435490,epl-2026-team-of-the-season,EPL: 2026 PFA Team of the Year,2026-05-01T16:17:58.439577Z,2127671,will-william-saliba-be-named-to-the-2026-pfa-premier-league-team-of-the-year,Will William Saliba be named to the 2026 PFA Premier League Team of the Year?,0xc344b5f7891b8617e7118aaa24bac3840a587691c1a36daa479a61de0b79bcb6,"[""47207660538745167295586664941849591121956044929877358537501900994850424263330"", ""105234782857798608331719124706582304874620432378282673665444164066431160124095""]",47207660538745167295586664941849591121956044929877358537501900994850424263330|105234782857798608331719124706582304874620432378282673665444164066431160124095,105234782857798608331719124706582304874620432378282673665444164066431160124095,No,True,0.04,10.77,0.96,10.77,0.5,0.9199999999999999,1ff2ad18eb75e17f5986f972b77162c159a2f5b9,0.01,5,,4.1822,
2026-07-14T03:36:52Z,EPL,435490,epl-2026-team-of-the-season,EPL: 2026 PFA Team of the Year,2026-05-01T16:17:58.439577Z,2127672,will-marc-guehi-be-named-to-the-2026-pfa-premier-league-team-of-the-year,Will Marc Guehi be named to the 2026 PFA Premier League Team of the Year?,0x9a7829bcaf4bd65e903739dace6db739a8b68a396fd2c71a3d23d2a2cf2e88c5,"[""18774341203836696417330165615678664168245576790259527905518242337305438497157"", ""17833812615529939189123941305353432679112045501201563425472779980851390683424""]",18774341203836696417330165615678664168245576790259527905518242337305438497157|17833812615529939189123941305353432679112045501201563425472779980851390683424,18774341203836696417330165615678664168245576790259527905518242337305438497157,Yes,True,0.04,10.77,0.96,11.82,0.5,0.9199999999999999,2509a509719edbc831fc39c6ed33ee8a440328cb,0.01,5,,4.1823,
2026-07-14T03:36:52Z,EPL,435490,epl-2026-team-of-the-season,EPL: 2026 PFA Team of the Year,2026-05-01T16:17:58.439577Z,2127672,will-marc-guehi-be-named-to-the-2026-pfa-premier-league-team-of-the-year,Will Marc Guehi be named to the 2026 PFA Premier League Team of the Year?,0x9a7829bcaf4bd65e903739dace6db739a8b68a396fd2c71a3d23d2a2cf2e88c5,"[""18774341203836696417330165615678664168245576790259527905518242337305438497157"", ""17833812615529939189123941305353432679112045501201563425472779980851390683424""]",18774341203836696417330165615678664168245576790259527905518242337305438497157|17833812615529939189123941305353432679112045501201563425472779980851390683424,17833812615529939189123941305353432679112045501201563425472779980851390683424,No,True,0.04,11.82,0.96,10.77,0.5,0.9199999999999999,aaa69fc475a1e6054e23f6e4a229318f539b70af,0.01,5,,4.1823,
2026-07-14T03:36:52Z,EPL,435490,epl-2026-team-of-the-season,EPL: 2026 PFA Team of the Year,2026-05-01T16:17:58.439577Z,2127673,will-virgil-van-dijk-be-named-to-the-2026-pfa-premier-league-team-of-the-year,Will Virgil van Dijk be named to the 2026 PFA Premier League Team of the Year?,0x644231d6b178ebd20f0ab0b061a790f9dee4479ce96ab40686c8ade6f50a0238,"[""31721429411257768645758803262981554412084956132795321375044902571901613004887"", ""113776996666262784023568460080999498147130358875198884777079734831639187945943""]",31721429411257768645758803262981554412084956132795321375044902571901613004887|113776996666262784023568460080999498147130358875198884777079734831639187945943,31721429411257768645758803262981554412084956132795321375044902571901613004887,Yes,True,0.01,83.39,0.97,20.38,0.49,0.96,ca3ae9669d28d792fda46fd814e8f196ae791e38,0.01,5,,5.0941,1.694914
2026-07-14T03:36:52Z,EPL,435490,epl-2026-team-of-the-season,EPL: 2026 PFA Team of the Year,2026-05-01T16:17:58.439577Z,2127673,will-virgil-van-dijk-be-named-to-the-2026-pfa-premier-league-team-of-the-year,Will Virgil van Dijk be named to the 2026 PFA Premier League Team of the Year?,0x644231d6b178ebd20f0ab0b061a790f9dee4479ce96ab40686c8ade6f50a0238,"[""31721429411257768645758803262981554412084956132795321375044902571901613004887"", ""113776996666262784023568460080999498147130358875198884777079734831639187945943""]",31721429411257768645758803262981554412084956132795321375044902571901613004887|113776996666262784023568460080999498147130358875198884777079734831639187945943,113776996666262784023568460080999498147130358875198884777079734831639187945943,No,True,0.03,20.38,0.99,83.39,0.51,0.96,f37b04ae074f717cf31202dd2b5385ea5841b27d,0.01,5,,5.0941,1.694914
2026-07-14T03:36:52Z,EPL,435490,epl-2026-team-of-the-season,EPL: 2026 PFA Team of the Year,2026-05-01T16:17:58.439577Z,2127674,will-marc-cucurella-be-named-to-the-2026-pfa-premier-league-team-of-the-year,Will Marc Cucurella be named to the 2026 PFA Premier League Team of the Year?,0xe74cf34bab6946206532fd38cbf5a7eb4b346f7d13bffc6ae16eb3a69a4225d0,"[""59830425161161665808750586172447751894718446914006207206558327469584286337472"", ""85414521652635437338276097105191648874111759265882984452544936528659374053637""]",59830425161161665808750586172447751894718446914006207206558327469584286337472|85414521652635437338276097105191648874111759265882984452544936528659374053637,59830425161161665808750586172447751894718446914006207206558327469584286337472,Yes,True,0.04,10.77,0.96,10.77,0.5,0.9199999999999999,b0d58f0ae0c4a8e9a7c76dfcb21ff79fdb3262f5,0.01,5,,3.9806,
2026-07-14T03:36:52Z,EPL,435490,epl-2026-team-of-the-season,EPL: 2026 PFA Team of the Year,2026-05-01T16:17:58.439577Z,2127674,will-marc-cucurella-be-named-to-the-2026-pfa-premier-league-team-of-the-year,Will Marc Cucurella be named to the 2026 PFA Premier League Team of the Year?,0xe74cf34bab6946206532fd38cbf5a7eb4b346f7d13bffc6ae16eb3a69a4225d0,"[""59830425161161665808750586172447751894718446914006207206558327469584286337472"", ""85414521652635437338276097105191648874111759265882984452544936528659374053637""]",59830425161161665808750586172447751894718446914006207206558327469584286337472|85414521652635437338276097105191648874111759265882984452544936528659374053637,85414521652635437338276097105191648874111759265882984452544936528659374053637,No,True,0.04,10.77,0.96,10.77,0.5,0.9199999999999999,5cd625e785adff3e01fa31693bf8acdef61d9bfe,0.01,5,,3.9806,
2026-07-14T03:36:52Z,EPL,435490,epl-2026-team-of-the-season,EPL: 2026 PFA Team of the Year,2026-05-01T16:17:58.439577Z,2127675,will-piero-hincapie-be-named-to-the-2026-pfa-premier-league-team-of-the-year,Will Piero Hincapie be named to the 2026 PFA Premier League Team of the Year?,0x1d5d1e655085db69c387488aa7e661d4719bfa9c0bb392dd05652008c40b4a9a,"[""108011205392215304373394466135742493782019922749752404322686744906595861300763"", ""73789363813582664474158671396757087735667554782131752276569900280712319722369""]",108011205392215304373394466135742493782019922749752404322686744906595861300763|73789363813582664474158671396757087735667554782131752276569900280712319722369,108011205392215304373394466135742493782019922749752404322686744906595861300763,Yes,True,0.04,10.77,0.94,5.61,0.49,0.8999999999999999,517c8b3938832d9013fdf2b2b6bd2fe6bde4582b,0.01,5,,3.8972,
2026-07-14T03:36:52Z,EPL,435490,epl-2026-team-of-the-season,EPL: 2026 PFA Team of the Year,2026-05-01T16:17:58.439577Z,2127675,will-piero-hincapie-be-named-to-the-2026-pfa-premier-league-team-of-the-year,Will Piero Hincapie be named to the 2026 PFA Premier League Team of the Year?,0x1d5d1e655085db69c387488aa7e661d4719bfa9c0bb392dd05652008c40b4a9a,"[""108011205392215304373394466135742493782019922749752404322686744906595861300763"", ""73789363813582664474158671396757087735667554782131752276569900280712319722369""]",108011205392215304373394466135742493782019922749752404322686744906595861300763|73789363813582664474158671396757087735667554782131752276569900280712319722369,73789363813582664474158671396757087735667554782131752276569900280712319722369,No,True,0.06,5.61,0.96,10.77,0.51,0.8999999999999999,f315181d70c5615e59ebf683b4c6149dc9c7bd2a,0.01,5,,3.8972,
2026-07-14T03:36:52Z,EPL,435490,epl-2026-team-of-the-season,EPL: 2026 PFA Team of the Year,2026-05-01T16:17:58.439577Z,2127676,will-declan-rice-be-named-to-the-2026-pfa-premier-league-team-of-the-year,Will Declan Rice be named to the 2026 PFA Premier League Team of the Year?,0x898bbb37bb3e8e03480b52c31bc12b12019e84f4d4042d25622f9a9b9f1a21f2,"[""11523245240526311970979368164866348724509187066335918581337691503956313417913"", ""16544219157755328462914309364144553632877138543113142832790826044960896254419""]",11523245240526311970979368164866348724509187066335918581337691503956313417913|16544219157755328462914309364144553632877138543113142832790826044960896254419,11523245240526311970979368164866348724509187066335918581337691503956313417913,Yes,True,0.06,5.61,0.96,21.64,0.51,0.8999999999999999,e708e60da412669dab56f61d1b51dd6dd2803e94,0.01,5,,4.2563,16.114284
2026-07-14T03:36:52Z,EPL,435490,epl-2026-team-of-the-season,EPL: 2026 PFA Team of the Year,2026-05-01T16:17:58.439577Z,2127676,will-declan-rice-be-named-to-the-2026-pfa-premier-league-team-of-the-year,Will Declan Rice be named to the 2026 PFA Premier League Team of the Year?,0x898bbb37bb3e8e03480b52c31bc12b12019e84f4d4042d25622f9a9b9f1a21f2,"[""11523245240526311970979368164866348724509187066335918581337691503956313417913"", ""16544219157755328462914309364144553632877138543113142832790826044960896254419""]",11523245240526311970979368164866348724509187066335918581337691503956313417913|16544219157755328462914309364144553632877138543113142832790826044960896254419,16544219157755328462914309364144553632877138543113142832790826044960896254419,No,True,0.04,21.64,0.94,5.61,0.49,0.8999999999999999,67eba44837f30a264febb1151a7dea564d33adf6,0.01,5,,4.2563,16.114284
2026-07-14T03:36:52Z,EPL,435490,epl-2026-team-of-the-season,EPL: 2026 PFA Team of the Year,2026-05-01T16:17:58.439577Z,2127677,will-bruno-fernandes-be-named-to-the-2026-pfa-premier-league-team-of-the-year,Will Bruno Fernandes be named to the 2026 PFA Premier League Team of the Year?,0x679720492bcbff900bde0e29eb7e812c77909bccb3c32b79a3186fc1db03b854,"[""86859495495502891076141743940914617575208033060738396981338088715869715113963"", ""65620697419400192059458180949993387679798824363092322581187835468683093164088""]",86859495495502891076141743940914617575208033060738396981338088715869715113963|65620697419400192059458180949993387679798824363092322581187835468683093164088,86859495495502891076141743940914617575208033060738396981338088715869715113963,Yes,True,0.156,11.96,0.992,11.4,0.574,0.836,28520bbfac3c40de29e7650fcdc077b360ae473c,0.001,5,,16.69755,440.10643600000003
2026-07-14T03:36:52Z,EPL,435490,epl-2026-team-of-the-season,EPL: 2026 PFA Team of the Year,2026-05-01T16:17:58.439577Z,2127677,will-bruno-fernandes-be-named-to-the-2026-pfa-premier-league-team-of-the-year,Will Bruno Fernandes be named to the 2026 PFA Premier League Team of the Year?,0x679720492bcbff900bde0e29eb7e812c77909bccb3c32b79a3186fc1db03b854,"[""86859495495502891076141743940914617575208033060738396981338088715869715113963"", ""65620697419400192059458180949993387679798824363092322581187835468683093164088""]",86859495495502891076141743940914617575208033060738396981338088715869715113963|65620697419400192059458180949993387679798824363092322581187835468683093164088,65620697419400192059458180949993387679798824363092322581187835468683093164088,No,True,0.008,11.4,0.844,11.96,0.426,0.836,9403cc9c8fda15f49d67e427b9c390909662f0cc,0.001,5,,16.69755,440.10643600000003
2026-07-14T03:36:52Z,EPL,435490,epl-2026-team-of-the-season,EPL: 2026 PFA Team of the Year,2026-05-01T16:17:58.439577Z,2127678,will-rodri-be-named-to-the-2026-pfa-premier-league-team-of-the-year,Will Rodri be named to the 2026 PFA Premier League Team of the Year?,0xf9de760ff713bdc5ebdc87ea4a88fb9423ef31bc59d2abb917df50b5b44482c1,"[""92734106880343514385310320083033583888695626897895802880610705682382451590633"", ""56976958810450515743106834354983994802402840862579527495329062688335275234740""]",92734106880343514385310320083033583888695626897895802880610705682382451590633|56976958810450515743106834354983994802402840862579527495329062688335275234740,92734106880343514385310320083033583888695626897895802880610705682382451590633,Yes,True,0.04,10.77,0.96,10.77,0.5,0.9199999999999999,aec4322f60e205dec4a7fed4197d75f3bade0434,0.01,5,,4.0466,
2026-07-14T03:36:52Z,EPL,435490,epl-2026-team-of-the-season,EPL: 2026 PFA Team of the Year,2026-05-01T16:17:58.439577Z,2127678,will-rodri-be-named-to-the-2026-pfa-premier-league-team-of-the-year,Will Rodri be named to the 2026 PFA Premier League Team of the Year?,0xf9de760ff713bdc5ebdc87ea4a88fb9423ef31bc59d2abb917df50b5b44482c1,"[""92734106880343514385310320083033583888695626897895802880610705682382451590633"", ""56976958810450515743106834354983994802402840862579527495329062688335275234740""]",92734106880343514385310320083033583888695626897895802880610705682382451590633|56976958810450515743106834354983994802402840862579527495329062688335275234740,56976958810450515743106834354983994802402840862579527495329062688335275234740,No,True,0.04,10.77,0.96,10.77,0.5,0.9199999999999999,cb69edf20d3177e1a0275692d5556e20c279d3fb,0.01,5,,4.0466,
2026-07-14T03:36:52Z,EPL,435490,epl-2026-team-of-the-season,EPL: 2026 PFA Team of the Year,2026-05-01T16:17:58.439577Z,2127679,will-rayan-cherki-be-named-to-the-2026-pfa-premier-league-team-of-the-year,Will Rayan Cherki be named to the 2026 PFA Premier League Team of the Year?,0xf1bef1d60925998b7577b014ea907965209b9045c197e79e77eb14439d7c431a,"[""44002481860388892740183335966007748831643129921411222940033401480764334836407"", ""47465498507287502475094187263593898643776563896680345103863507875745126656121""]",44002481860388892740183335966007748831643129921411222940033401480764334836407|47465498507287502475094187263593898643776563896680345103863507875745126656121,44002481860388892740183335966007748831643129921411222940033401480764334836407,Yes,True,0.04,11.82,0.96,11.7,0.5,0.9199999999999999,93e2441718e52e5c92bafaea970d4ae9ab4156e9,0.01,5,,4.2519,
2026-07-14T03:36:52Z,EPL,435490,epl-2026-team-of-the-season,EPL: 2026 PFA Team of the Year,2026-05-01T16:17:58.439577Z,2127679,will-rayan-cherki-be-named-to-the-2026-pfa-premier-league-team-of-the-year,Will Rayan Cherki be named to the 2026 PFA Premier League Team of the Year?,0xf1bef1d60925998b7577b014ea907965209b9045c197e79e77eb14439d7c431a,"[""44002481860388892740183335966007748831643129921411222940033401480764334836407"", ""47465498507287502475094187263593898643776563896680345103863507875745126656121""]",44002481860388892740183335966007748831643129921411222940033401480764334836407|47465498507287502475094187263593898643776563896680345103863507875745126656121,47465498507287502475094187263593898643776563896680345103863507875745126656121,No,True,0.04,11.7,0.96,11.82,0.5,0.9199999999999999,fea344be0d44fe18dd97091959572e12de4fc97a,0.01,5,,4.2519,
2026-07-14T03:36:52Z,EPL,435490,epl-2026-team-of-the-season,EPL: 2026 PFA Team of the Year,2026-05-01T16:17:58.439577Z,2127680,will-dominik-szoboszlai-be-named-to-the-2026-pfa-premier-league-team-of-the-year,Will Dominik Szoboszlai be named to the 2026 PFA Premier League Team of the Year?,0xd5a172faaf27f951f5bc5c2d19f18367ab85e9c963e7357a8433da84e895507e,"[""10904347939559348084889283384973600207001307228767801114856379948987944051302"", ""63514807846207217791796334733580770155958510280638850911506455990693175502240""]",10904347939559348084889283384973600207001307228767801114856379948987944051302|63514807846207217791796334733580770155958510280638850911506455990693175502240,10904347939559348084889283384973600207001307228767801114856379948987944051302,Yes,True,0.04,10.77,0.96,10.77,0.5,0.9199999999999999,366fbd8f2d1322c46d1dc146d5924d6aba987a01,0.01,5,,4.1122,
2026-07-14T03:36:52Z,EPL,435490,epl-2026-team-of-the-season,EPL: 2026 PFA Team of the Year,2026-05-01T16:17:58.439577Z,2127680,will-dominik-szoboszlai-be-named-to-the-2026-pfa-premier-league-team-of-the-year,Will Dominik Szoboszlai be named to the 2026 PFA Premier League Team of the Year?,0xd5a172faaf27f951f5bc5c2d19f18367ab85e9c963e7357a8433da84e895507e,"[""10904347939559348084889283384973600207001307228767801114856379948987944051302"", ""63514807846207217791796334733580770155958510280638850911506455990693175502240""]",10904347939559348084889283384973600207001307228767801114856379948987944051302|63514807846207217791796334733580770155958510280638850911506455990693175502240,63514807846207217791796334733580770155958510280638850911506455990693175502240,No,True,0.04,10.77,0.96,10.77,0.5,0.9199999999999999,e8614aa4b3e84cef75ab719bae9b00c8de792409,0.01,5,,4.1122,
2026-07-14T03:36:52Z,EPL,435490,epl-2026-team-of-the-season,EPL: 2026 PFA Team of the Year,2026-05-01T16:17:58.439577Z,2127681,will-moises-caicedo-be-named-to-the-2026-pfa-premier-league-team-of-the-year,Will Moises Caicedo be named to the 2026 PFA Premier League Team of the Year?,0x6a8a0e28a90c3880e21bb6de9eb98f12d5e81a8d88570a2c5b855ee60b6263ba,"[""13244409081849499988815460722411109697257731580831464114667102436005675343259"", ""41998463599395516608520033462694074004839767261466278584344671813809549672424""]",13244409081849499988815460722411109697257731580831464114667102436005675343259|41998463599395516608520033462694074004839767261466278584344671813809549672424,13244409081849499988815460722411109697257731580831464114667102436005675343259,Yes,True,0.04,11.7,0.96,10.77,0.5,0.9199999999999999,4b9a0d2edfa487a779419ee44ff137f08f7a0357,0.01,5,,4.1822,
2026-07-14T03:36:52Z,EPL,435490,epl-2026-team-of-the-season,EPL: 2026 PFA Team of the Year,2026-05-01T16:17:58.439577Z,2127681,will-moises-caicedo-be-named-to-the-2026-pfa-premier-league-team-of-the-year,Will Moises Caicedo be named to the 2026 PFA Premier League Team of the Year?,0x6a8a0e28a90c3880e21bb6de9eb98f12d5e81a8d88570a2c5b855ee60b6263ba,"[""13244409081849499988815460722411109697257731580831464114667102436005675343259"", ""41998463599395516608520033462694074004839767261466278584344671813809549672424""]",13244409081849499988815460722411109697257731580831464114667102436005675343259|41998463599395516608520033462694074004839767261466278584344671813809549672424,41998463599395516608520033462694074004839767261466278584344671813809549672424,No,True,0.04,10.77,0.96,11.7,0.5,0.9199999999999999,b108f6c1ff71e9b6225b36c724405f389f6d11a9,0.01,5,,4.1822,
2026-07-14T03:36:52Z,EPL,435490,epl-2026-team-of-the-season,EPL: 2026 PFA Team of the Year,2026-05-01T16:17:58.439577Z,2127682,will-elliot-anderson-be-named-to-the-2026-pfa-premier-league-team-of-the-year,Will Elliot Anderson be named to the 2026 PFA Premier League Team of the Year?,0x3e7b9aff81e624e4f9ef7677696f2d4fae5837bdf83bd9ed2d62ec7a87aaf7a6,"[""2770428290325312677871192984476250158140993595717599201621714256969118294243"", ""87005572382727825804817777311897399081855387101457739624425019964385877189800""]",2770428290325312677871192984476250158140993595717599201621714256969118294243|87005572382727825804817777311897399081855387101457739624425019964385877189800,2770428290325312677871192984476250158140993595717599201621714256969118294243,Yes,True,0.04,11.7,0.96,10.77,0.5,0.9199999999999999,0e3fc8712015578bd1d28bd436c6ae114fb2db58,0.01,5,,4.2479,
2026-07-14T03:36:52Z,EPL,435490,epl-2026-team-of-the-season,EPL: 2026 PFA Team of the Year,2026-05-01T16:17:58.439577Z,2127682,will-elliot-anderson-be-named-to-the-2026-pfa-premier-league-team-of-the-year,Will Elliot Anderson be named to the 2026 PFA Premier League Team of the Year?,0x3e7b9aff81e624e4f9ef7677696f2d4fae5837bdf83bd9ed2d62ec7a87aaf7a6,"[""2770428290325312677871192984476250158140993595717599201621714256969118294243"", ""87005572382727825804817777311897399081855387101457739624425019964385877189800""]",2770428290325312677871192984476250158140993595717599201621714256969118294243|87005572382727825804817777311897399081855387101457739624425019964385877189800,87005572382727825804817777311897399081855387101457739624425019964385877189800,No,True,0.04,10.77,0.96,11.7,0.5,0.9199999999999999,2ab537797908b9d78c61eab6ad1b97c1eeb872c9,0.01,5,,4.2479,
2026-07-14T03:36:52Z,EPL,435490,epl-2026-team-of-the-season,EPL: 2026 PFA Team of the Year,2026-05-01T16:17:58.439577Z,2127683,will-erling-haaland-be-named-to-the-2026-pfa-premier-league-team-of-the-year,Will Erling Haaland be named to the 2026 PFA Premier League Team of the Year?,0x0a3ee85120cf7d2febbaba00b787db1bd1fdc7f80f8277d89675736a430e2065,"[""36505760582912364024564187063352953937975349358323597571083864672476590879653"", ""36939641234709193046881505450280116016622287455799963152747536559103079527590""]",36505760582912364024564187063352953937975349358323597571083864672476590879653|36939641234709193046881505450280116016622287455799963152747536559103079527590,36505760582912364024564187063352953937975349358323597571083864672476590879653,Yes,True,0.04,10.77,0.96,10.77,0.5,0.9199999999999999,8d4d3cdfe0a71424b5372145a8dd1f76ebfa6908,0.01,5,,4.0463,
2026-07-14T03:36:52Z,EPL,435490,epl-2026-team-of-the-season,EPL: 2026 PFA Team of the Year,2026-05-01T16:17:58.439577Z,2127683,will-erling-haaland-be-named-to-the-2026-pfa-premier-league-team-of-the-year,Will Erling Haaland be named to the 2026 PFA Premier League Team of the Year?,0x0a3ee85120cf7d2febbaba00b787db1bd1fdc7f80f8277d89675736a430e2065,"[""36505760582912364024564187063352953937975349358323597571083864672476590879653"", ""36939641234709193046881505450280116016622287455799963152747536559103079527590""]",36505760582912364024564187063352953937975349358323597571083864672476590879653|36939641234709193046881505450280116016622287455799963152747536559103079527590,36939641234709193046881505450280116016622287455799963152747536559103079527590,No,True,0.04,10.77,0.96,10.77,0.5,0.9199999999999999,f52494a541e773785dba25812d369db7c6eb91ab,0.01,5,,4.0463,
2026-07-14T03:36:52Z,EPL,435490,epl-2026-team-of-the-season,EPL: 2026 PFA Team of the Year,2026-05-01T16:17:58.439577Z,2127684,will-hugo-ekitike-be-named-to-the-2026-pfa-premier-league-team-of-the-year,Will Hugo Ekitike be named to the 2026 PFA Premier League Team of the Year?,0x3ac387fc809af29edadb0c1881ecd88319f8b4ebb5b0a89a77a84e85f4a2099c,"[""21160761171799050394335213154237360537464294007297740615880003417666696561468"", ""57509889980199562878580001207297131252053963359675973392844979135378456666743""]",21160761171799050394335213154237360537464294007297740615880003417666696561468|57509889980199562878580001207297131252053963359675973392844979135378456666743,21160761171799050394335213154237360537464294007297740615880003417666696561468,Yes,True,0.04,11.52,0.94,5.61,0.49,0.8999999999999999,38bf2f42f0f5a658871f866dda9728c5eebd955c,0.01,5,,3.9669,
2026-07-14T03:36:52Z,EPL,435490,epl-2026-team-of-the-season,EPL: 2026 PFA Team of the Year,2026-05-01T16:17:58.439577Z,2127684,will-hugo-ekitike-be-named-to-the-2026-pfa-premier-league-team-of-the-year,Will Hugo Ekitike be named to the 2026 PFA Premier League Team of the Year?,0x3ac387fc809af29edadb0c1881ecd88319f8b4ebb5b0a89a77a84e85f4a2099c,"[""21160761171799050394335213154237360537464294007297740615880003417666696561468"", ""57509889980199562878580001207297131252053963359675973392844979135378456666743""]",21160761171799050394335213154237360537464294007297740615880003417666696561468|57509889980199562878580001207297131252053963359675973392844979135378456666743,57509889980199562878580001207297131252053963359675973392844979135378456666743,No,True,0.06,5.61,0.96,11.52,0.51,0.8999999999999999,e5fbc2c8676b0debb06e656df9f0c1565921d34b,0.01,5,,3.9669,
2026-07-14T03:36:52Z,EPL,435490,epl-2026-team-of-the-season,EPL: 2026 PFA Team of the Year,2026-05-01T16:17:58.439577Z,2127685,will-igor-thiago-be-named-to-the-2026-pfa-premier-league-team-of-the-year,Will Igor Thiago be named to the 2026 PFA Premier League Team of the Year?,0x2565964258328ceff81b8dd027a9b4bfae11353bbfbb3e27625da025fffc2d97,"[""45116472354972988677943929968423217543948497597214084731838340702588569592863"", ""57509607526871690199395719807389480255858394821926865896302284337840164838738""]",45116472354972988677943929968423217543948497597214084731838340702588569592863|57509607526871690199395719807389480255858394821926865896302284337840164838738,45116472354972988677943929968423217543948497597214084731838340702588569592863,Yes,True,0.04,11.82,0.96,10.77,0.5,0.9199999999999999,53f560f7d61f06cafc64c50db9d99eabe324ee8c,0.01,5,,3.9133,
2026-07-14T03:36:52Z,EPL,435490,epl-2026-team-of-the-season,EPL: 2026 PFA Team of the Year,2026-05-01T16:17:58.439577Z,2127685,will-igor-thiago-be-named-to-the-2026-pfa-premier-league-team-of-the-year,Will Igor Thiago be named to the 2026 PFA Premier League Team of the Year?,0x2565964258328ceff81b8dd027a9b4bfae11353bbfbb3e27625da025fffc2d97,"[""45116472354972988677943929968423217543948497597214084731838340702588569592863"", ""57509607526871690199395719807389480255858394821926865896302284337840164838738""]",45116472354972988677943929968423217543948497597214084731838340702588569592863|57509607526871690199395719807389480255858394821926865896302284337840164838738,57509607526871690199395719807389480255858394821926865896302284337840164838738,No,True,0.04,10.77,0.96,11.82,0.5,0.9199999999999999,46625755e0f636dedf0646f44ede52b9a93b5187,0.01,5,,3.9133,
2026-07-14T03:36:52Z,EPL,435490,epl-2026-team-of-the-season,EPL: 2026 PFA Team of the Year,2026-05-01T16:17:58.439577Z,2127686,will-joo-pedro-be-named-to-the-2026-pfa-premier-league-team-of-the-year,Will João Pedro be named to the 2026 PFA Premier League Team of the Year?,0x6fce5bfb34549a3a2c919a87ed5948038ae259334b99c7626269b54b5aec2e0e,"[""32710637391248437289327028678783582535502723443825413307615920275857755767269"", ""76494283295406840675256483217001111989666469664619203128145658200939942333539""]",32710637391248437289327028678783582535502723443825413307615920275857755767269|76494283295406840675256483217001111989666469664619203128145658200939942333539,32710637391248437289327028678783582535502723443825413307615920275857755767269,Yes,True,0.04,10.77,0.94,5.61,0.49,0.8999999999999999,882093fc86fa5fd738c5af35bb4b604c67467da0,0.01,5,,3.8972,
2026-07-14T03:36:52Z,EPL,435490,epl-2026-team-of-the-season,EPL: 2026 PFA Team of the Year,2026-05-01T16:17:58.439577Z,2127686,will-joo-pedro-be-named-to-the-2026-pfa-premier-league-team-of-the-year,Will João Pedro be named to the 2026 PFA Premier League Team of the Year?,0x6fce5bfb34549a3a2c919a87ed5948038ae259334b99c7626269b54b5aec2e0e,"[""32710637391248437289327028678783582535502723443825413307615920275857755767269"", ""76494283295406840675256483217001111989666469664619203128145658200939942333539""]",32710637391248437289327028678783582535502723443825413307615920275857755767269|76494283295406840675256483217001111989666469664619203128145658200939942333539,76494283295406840675256483217001111989666469664619203128145658200939942333539,No,True,0.06,5.61,0.96,10.77,0.51,0.8999999999999999,3a6c1c1168ea21d8e98d29f59fd8ad77af9d35f7,0.01,5,,3.8972,
2026-07-14T03:36:52Z,EPL,435490,epl-2026-team-of-the-season,EPL: 2026 PFA Team of the Year,2026-05-01T16:17:58.439577Z,2127687,will-morgan-rogers-be-named-to-the-2026-pfa-premier-league-team-of-the-year,Will Morgan Rogers be named to the 2026 PFA Premier League Team of the Year?,0x96b8591e61ab8153068ed93e54c013f0e6b89cea2aa4e133fdfd9dafcded9277,"[""35606525977135678474506342380680226214353069361032301286284296655225714906882"", ""21333608757853284524355908501060578820412665842300321107531640970971045399525""]",35606525977135678474506342380680226214353069361032301286284296655225714906882|21333608757853284524355908501060578820412665842300321107531640970971045399525,35606525977135678474506342380680226214353069361032301286284296655225714906882,Yes,True,0.04,10.77,0.96,10.77,0.5,0.9199999999999999,ecd9913ec76f35506cac69f1da426453e08fe36d,0.01,5,,3.9806,
2026-07-14T03:36:52Z,EPL,435490,epl-2026-team-of-the-season,EPL: 2026 PFA Team of the Year,2026-05-01T16:17:58.439577Z,2127687,will-morgan-rogers-be-named-to-the-2026-pfa-premier-league-team-of-the-year,Will Morgan Rogers be named to the 2026 PFA Premier League Team of the Year?,0x96b8591e61ab8153068ed93e54c013f0e6b89cea2aa4e133fdfd9dafcded9277,"[""35606525977135678474506342380680226214353069361032301286284296655225714906882"", ""21333608757853284524355908501060578820412665842300321107531640970971045399525""]",35606525977135678474506342380680226214353069361032301286284296655225714906882|21333608757853284524355908501060578820412665842300321107531640970971045399525,21333608757853284524355908501060578820412665842300321107531640970971045399525,No,True,0.04,10.77,0.96,10.77,0.5,0.9199999999999999,b3de1a88a96a063975fcc479b3f0a4572bb43dbd,0.01,5,,3.9806,
2026-07-14T03:36:52Z,EPL,435490,epl-2026-team-of-the-season,EPL: 2026 PFA Team of the Year,2026-05-01T16:17:58.439577Z,2127688,will-antoine-semenyo-be-named-to-the-2026-pfa-premier-league-team-of-the-year,Will Antoine Semenyo be named to the 2026 PFA Premier League Team of the Year?,0x1220c8ad3de1b3e3a079e832ec53f3cd4c3f014685820c7364e6feeec413e4d8,"[""76296603541032491222249921378613877627058194760954506807014743183408941333618"", ""21304560232739094042644316740439641499393814233414419162298081903469670924441""]",76296603541032491222249921378613877627058194760954506807014743183408941333618|21304560232739094042644316740439641499393814233414419162298081903469670924441,76296603541032491222249921378613877627058194760954506807014743183408941333618,Yes,True,0.04,13.63,0.96,21.93,0.5,0.9199999999999999,0f6f209ba14263f43f76194e019f8e577b464bda,0.01,5,,3.3104,2.08165
2026-07-14T03:36:52Z,EPL,435490,epl-2026-team-of-the-season,EPL: 2026 PFA Team of the Year,2026-05-01T16:17:58.439577Z,2127688,will-antoine-semenyo-be-named-to-the-2026-pfa-premier-league-team-of-the-year,Will Antoine Semenyo be named to the 2026 PFA Premier League Team of the Year?,0x1220c8ad3de1b3e3a079e832ec53f3cd4c3f014685820c7364e6feeec413e4d8,"[""76296603541032491222249921378613877627058194760954506807014743183408941333618"", ""21304560232739094042644316740439641499393814233414419162298081903469670924441""]",76296603541032491222249921378613877627058194760954506807014743183408941333618|21304560232739094042644316740439641499393814233414419162298081903469670924441,21304560232739094042644316740439641499393814233414419162298081903469670924441,No,True,0.04,21.93,0.96,13.63,0.5,0.9199999999999999,fe89664ca39e10070612dda45d036ecfc6fea2ed,0.01,5,,3.3104,2.08165
2026-07-14T03:36:52Z,EPL,435490,epl-2026-team-of-the-season,EPL: 2026 PFA Team of the Year,2026-05-01T16:17:58.439577Z,2127689,will-jeremy-doku-be-named-to-the-2026-pfa-premier-league-team-of-the-year,Will Jeremy Doku be named to the 2026 PFA Premier League Team of the Year?,0xa879be670c7ecf3087a8bf9fc8cf43b4e415502e71e7910dd63ac8f80a56d87b,"[""3879696626646145930128886354978365884788235204398514844964568164322230593973"", ""79551627668553765432569263846776420950508270405186694496807348421004929288226""]",3879696626646145930128886354978365884788235204398514844964568164322230593973|79551627668553765432569263846776420950508270405186694496807348421004929288226,3879696626646145930128886354978365884788235204398514844964568164322230593973,Yes,True,0.04,10.77,0.96,10.77,0.5,0.9199999999999999,b7dd18506b4556cfa8ff4f3ce0f642f329de486a,0.01,5,,4.1126,
2026-07-14T03:36:52Z,EPL,435490,epl-2026-team-of-the-season,EPL: 2026 PFA Team of the Year,2026-05-01T16:17:58.439577Z,2127689,will-jeremy-doku-be-named-to-the-2026-pfa-premier-league-team-of-the-year,Will Jeremy Doku be named to the 2026 PFA Premier League Team of the Year?,0xa879be670c7ecf3087a8bf9fc8cf43b4e415502e71e7910dd63ac8f80a56d87b,"[""3879696626646145930128886354978365884788235204398514844964568164322230593973"", ""79551627668553765432569263846776420950508270405186694496807348421004929288226""]",3879696626646145930128886354978365884788235204398514844964568164322230593973|79551627668553765432569263846776420950508270405186694496807348421004929288226,79551627668553765432569263846776420950508270405186694496807348421004929288226,No,True,0.04,10.77,0.96,10.77,0.5,0.9199999999999999,a7c1f6444a2862ec0bb8508ae8a99e1f6779de34,0.01,5,,4.1126,
2026-07-14T03:36:52Z,EPL,435490,epl-2026-team-of-the-season,EPL: 2026 PFA Team of the Year,2026-05-01T16:17:58.439577Z,2127690,will-bryan-mbeumo-be-named-to-the-2026-pfa-premier-league-team-of-the-year,Will Bryan Mbeumo be named to the 2026 PFA Premier League Team of the Year?,0xbc5c1fe3e7dd57070ca528cd85b158334b7aa9ee0c87b22c861586f82f115f53,"[""91785058119765698978951103847186849259631214663163177270696303972172010570357"", ""57423228513700841810717133678013622282899538997222385821885417665448518434118""]",91785058119765698978951103847186849259631214663163177270696303972172010570357|57423228513700841810717133678013622282899538997222385821885417665448518434118,91785058119765698978951103847186849259631214663163177270696303972172010570357,Yes,True,0.04,11.82,0.94,5.61,0.49,0.8999999999999999,fec8565337010278c00fbacfff01e6d1e095b4c4,0.01,5,,3.9669,
2026-07-14T03:36:52Z,EPL,435490,epl-2026-team-of-the-season,EPL: 2026 PFA Team of the Year,2026-05-01T16:17:58.439577Z,2127690,will-bryan-mbeumo-be-named-to-the-2026-pfa-premier-league-team-of-the-year,Will Bryan Mbeumo be named to the 2026 PFA Premier League Team of the Year?,0xbc5c1fe3e7dd57070ca528cd85b158334b7aa9ee0c87b22c861586f82f115f53,"[""91785058119765698978951103847186849259631214663163177270696303972172010570357"", ""57423228513700841810717133678013622282899538997222385821885417665448518434118""]",91785058119765698978951103847186849259631214663163177270696303972172010570357|57423228513700841810717133678013622282899538997222385821885417665448518434118,57423228513700841810717133678013622282899538997222385821885417665448518434118,No,True,0.06,5.61,0.96,11.82,0.51,0.8999999999999999,b16fb3737224e562297628982bf26096dacd7aa2,0.01,5,,3.9669,
2026-07-14T03:36:52Z,EPL,435490,epl-2026-team-of-the-season,EPL: 2026 PFA Team of the Year,2026-05-01T16:17:58.439577Z,2127691,will-jarrod-bowen-be-named-to-the-2026-pfa-premier-league-team-of-the-year,Will Jarrod Bowen be named to the 2026 PFA Premier League Team of the Year?,0x7352d3b05ddd64c22487c855e05c0485348e49d0dad74d9bde2c0478db43701e,"[""72676667720459668200165137999841534576126998576490942457742996617745849748718"", ""93972487936526721423770075279455909737407561133246099106446256232697159064557""]",72676667720459668200165137999841534576126998576490942457742996617745849748718|93972487936526721423770075279455909737407561133246099106446256232697159064557,72676667720459668200165137999841534576126998576490942457742996617745849748718,Yes,True,0.04,11.82,0.94,5.61,0.49,0.8999999999999999,5ec73726bcb54c3957ba441fa9b71b05be83f753,0.01,5,,3.9669,
2026-07-14T03:36:52Z,EPL,435490,epl-2026-team-of-the-season,EPL: 2026 PFA Team of the Year,2026-05-01T16:17:58.439577Z,2127691,will-jarrod-bowen-be-named-to-the-2026-pfa-premier-league-team-of-the-year,Will Jarrod Bowen be named to the 2026 PFA Premier League Team of the Year?,0x7352d3b05ddd64c22487c855e05c0485348e49d0dad74d9bde2c0478db43701e,"[""72676667720459668200165137999841534576126998576490942457742996617745849748718"", ""93972487936526721423770075279455909737407561133246099106446256232697159064557""]",72676667720459668200165137999841534576126998576490942457742996617745849748718|93972487936526721423770075279455909737407561133246099106446256232697159064557,93972487936526721423770075279455909737407561133246099106446256232697159064557,No,True,0.06,5.61,0.96,11.82,0.51,0.8999999999999999,d5c1e95e8cd11aa86531af2028d583941ea15fc6,0.01,5,,3.9669,
2026-07-14T03:36:52Z,EPL,435490,epl-2026-team-of-the-season,EPL: 2026 PFA Team of the Year,2026-05-01T16:17:58.439577Z,2127692,will-phil-foden-be-named-to-the-2026-pfa-premier-league-team-of-the-year,Will Phil Foden be named to the 2026 PFA Premier League Team of the Year?,0x0f4085f5c4961b9029c600d4f976d0594a302e9f365552b48f500b655f2ac4fa,"[""8033894410953638407847681522327346336043237396295679948351222439635117761656"", ""89182645560093896409280692775338915223534298743660692930735700909064064285484""]",8033894410953638407847681522327346336043237396295679948351222439635117761656|89182645560093896409280692775338915223534298743660692930735700909064064285484,8033894410953638407847681522327346336043237396295679948351222439635117761656,Yes,True,0.04,10.77,0.94,5.61,0.49,0.8999999999999999,a752513c74479f95583cf6c1b673a886172b3ffc,0.01,5,,3.8972,
2026-07-14T03:36:52Z,EPL,435490,epl-2026-team-of-the-season,EPL: 2026 PFA Team of the Year,2026-05-01T16:17:58.439577Z,2127692,will-phil-foden-be-named-to-the-2026-pfa-premier-league-team-of-the-year,Will Phil Foden be named to the 2026 PFA Premier League Team of the Year?,0x0f4085f5c4961b9029c600d4f976d0594a302e9f365552b48f500b655f2ac4fa,"[""8033894410953638407847681522327346336043237396295679948351222439635117761656"", ""89182645560093896409280692775338915223534298743660692930735700909064064285484""]",8033894410953638407847681522327346336043237396295679948351222439635117761656|89182645560093896409280692775338915223534298743660692930735700909064064285484,89182645560093896409280692775338915223534298743660692930735700909064064285484,No,True,0.06,5.61,0.96,10.77,0.51,0.8999999999999999,ecca98259dc697a2ea50e8b971fc66cacf37ea3b,0.01,5,,3.8972,
2026-07-14T03:36:52Z,EPL,435490,epl-2026-team-of-the-season,EPL: 2026 PFA Team of the Year,2026-05-01T16:17:58.439577Z,2127693,will-bukayo-saka-be-named-to-the-2026-pfa-premier-league-team-of-the-year,Will Bukayo Saka be named to the 2026 PFA Premier League Team of the Year?,0xb31d5274c8acbc2b023593c03fe1cb6367f42a9596ebb5d61b3204457b980730,"[""3899512605908669133631802955015968710467998848723391934123440957914049621850"", ""50079801685037680014087676599806731271595381000363699907442053815397821742247""]",3899512605908669133631802955015968710467998848723391934123440957914049621850|50079801685037680014087676599806731271595381000363699907442053815397821742247,3899512605908669133631802955015968710467998848723391934123440957914049621850,Yes,True,0.02,10.05,0.96,21.7,0.49,0.94,32c3b07e51e397dbd74f172c59acecbec3d25d33,0.01,5,,5.4013,5.434775
2026-07-14T03:36:52Z,EPL,435490,epl-2026-team-of-the-season,EPL: 2026 PFA Team of the Year,2026-05-01T16:17:58.439577Z,2127693,will-bukayo-saka-be-named-to-the-2026-pfa-premier-league-team-of-the-year,Will Bukayo Saka be named to the 2026 PFA Premier League Team of the Year?,0xb31d5274c8acbc2b023593c03fe1cb6367f42a9596ebb5d61b3204457b980730,"[""3899512605908669133631802955015968710467998848723391934123440957914049621850"", ""50079801685037680014087676599806731271595381000363699907442053815397821742247""]",3899512605908669133631802955015968710467998848723391934123440957914049621850|50079801685037680014087676599806731271595381000363699907442053815397821742247,50079801685037680014087676599806731271595381000363699907442053815397821742247,No,True,0.04,21.7,0.98,10.05,0.51,0.94,69900dedd0aa43bc5d094d65eb29ae03408eb6ee,0.01,5,,5.4013,5.434775
2026-07-14T06:00:21Z,EPL,333084,epl-team-to-qualify-for-uefa-conference-league,EPL: Team to qualify for UEFA Conference League,2026-04-01T17:27:13.650134Z,1818367,will-arsenal-qualify-for-the-league-phase-of-the-2026-27-uefa-conference-league,Will Arsenal qualify for the League Phase of the 2026-27 UEFA Conference League?,0xe303639e6e879ac5dac9632362583523a2c1ff1ac46645f45fd5c1e7034b3ef7,"[""68901380712839851395966644282518000143877097473327410904576810621084636054002"", ""14101352633367703776049560107649243928150035657062243340231594815518398887879""]",68901380712839851395966644282518000143877097473327410904576810621084636054002|14101352633367703776049560107649243928150035657062243340231594815518398887879,68901380712839851395966644282518000143877097473327410904576810621084636054002,Yes,False,,,,,,,,,,,,467.35890000000006
2026-07-14T06:00:21Z,EPL,333084,epl-team-to-qualify-for-uefa-conference-league,EPL: Team to qualify for UEFA Conference League,2026-04-01T17:27:13.650134Z,1818367,will-arsenal-qualify-for-the-league-phase-of-the-2026-27-uefa-conference-league,Will Arsenal qualify for the League Phase of the 2026-27 UEFA Conference League?,0xe303639e6e879ac5dac9632362583523a2c1ff1ac46645f45fd5c1e7034b3ef7,"[""68901380712839851395966644282518000143877097473327410904576810621084636054002"", ""14101352633367703776049560107649243928150035657062243340231594815518398887879""]",68901380712839851395966644282518000143877097473327410904576810621084636054002|14101352633367703776049560107649243928150035657062243340231594815518398887879,14101352633367703776049560107649243928150035657062243340231594815518398887879,No,False,,,,,,,,,,,,467.35890000000006
2026-07-14T06:00:21Z,EPL,333084,epl-team-to-qualify-for-uefa-conference-league,EPL: Team to qualify for UEFA Conference League,2026-04-01T17:27:13.650134Z,1818368,will-aston-villa-qualify-for-the-league-phase-of-the-2026-27-uefa-conference-league,Will Aston Villa qualify for the League Phase of the 2026-27 UEFA Conference League?,0x28177c964d8b9d218ddc13dac289b4d63545aec7329fb69b12413e1a10a75457,"[""31823132354185101528875214330987706903655516243832510690074648671327601851551"", ""24610182176230826024523430019874907375950075107195029433984156474474467506756""]",31823132354185101528875214330987706903655516243832510690074648671327601851551|24610182176230826024523430019874907375950075107195029433984156474474467506756,31823132354185101528875214330987706903655516243832510690074648671327601851551,Yes,False,,,,,,,,,,,,118.34
2026-07-14T06:00:21Z,EPL,333084,epl-team-to-qualify-for-uefa-conference-league,EPL: Team to qualify for UEFA Conference League,2026-04-01T17:27:13.650134Z,1818368,will-aston-villa-qualify-for-the-league-phase-of-the-2026-27-uefa-conference-league,Will Aston Villa qualify for the League Phase of the 2026-27 UEFA Conference League?,0x28177c964d8b9d218ddc13dac289b4d63545aec7329fb69b12413e1a10a75457,"[""31823132354185101528875214330987706903655516243832510690074648671327601851551"", ""24610182176230826024523430019874907375950075107195029433984156474474467506756""]",31823132354185101528875214330987706903655516243832510690074648671327601851551|24610182176230826024523430019874907375950075107195029433984156474474467506756,24610182176230826024523430019874907375950075107195029433984156474474467506756,No,False,,,,,,,,,,,,118.34
2026-07-14T06:00:21Z,EPL,333084,epl-team-to-qualify-for-uefa-conference-league,EPL: Team to qualify for UEFA Conference League,2026-04-01T17:27:13.650134Z,1818369,will-bournemouth-qualify-for-the-league-phase-of-the-2026-27-uefa-conference-league,Will Bournemouth qualify for the League Phase of the 2026-27 UEFA Conference League?,0x767a11689ea743287c46af43309a57c52055b201a44546f1151ebe770848a4c2,"[""51037068800800327301977700578792391802166844203670527997794112211084782282749"", ""49880512765242008305101129568216821495775216606287544487246019230820484318812""]",51037068800800327301977700578792391802166844203670527997794112211084782282749|49880512765242008305101129568216821495775216606287544487246019230820484318812,51037068800800327301977700578792391802166844203670527997794112211084782282749,Yes,False,,,,,,,,,,,,104.230768
2026-07-14T06:00:21Z,EPL,333084,epl-team-to-qualify-for-uefa-conference-league,EPL: Team to qualify for UEFA Conference League,2026-04-01T17:27:13.650134Z,1818369,will-bournemouth-qualify-for-the-league-phase-of-the-2026-27-uefa-conference-league,Will Bournemouth qualify for the League Phase of the 2026-27 UEFA Conference League?,0x767a11689ea743287c46af43309a57c52055b201a44546f1151ebe770848a4c2,"[""51037068800800327301977700578792391802166844203670527997794112211084782282749"", ""49880512765242008305101129568216821495775216606287544487246019230820484318812""]",51037068800800327301977700578792391802166844203670527997794112211084782282749|49880512765242008305101129568216821495775216606287544487246019230820484318812,49880512765242008305101129568216821495775216606287544487246019230820484318812,No,False,,,,,,,,,,,,104.230768
2026-07-14T06:00:21Z,EPL,333084,epl-team-to-qualify-for-uefa-conference-league,EPL: Team to qualify for UEFA Conference League,2026-04-01T17:27:13.650134Z,1818370,will-brentford-qualify-for-the-league-phase-of-the-2026-27-uefa-conference-league,Will Brentford qualify for the League Phase of the 2026-27 UEFA Conference League?,0x0389abffb5ab63bd6aa4c5a51d9d3aa9448f20cd4ce3aa635fefd2f2349c3a31,"[""28387783984422789854592851598345905688234938653031916751801472369971729754741"", ""114832188258694701659066568174555689813627221405189198849646410747085620840644""]",28387783984422789854592851598345905688234938653031916751801472369971729754741|114832188258694701659066568174555689813627221405189198849646410747085620840644,28387783984422789854592851598345905688234938653031916751801472369971729754741,Yes,False,,,,,,,,,,,,65
2026-07-14T06:00:21Z,EPL,333084,epl-team-to-qualify-for-uefa-conference-league,EPL: Team to qualify for UEFA Conference League,2026-04-01T17:27:13.650134Z,1818370,will-brentford-qualify-for-the-league-phase-of-the-2026-27-uefa-conference-league,Will Brentford qualify for the League Phase of the 2026-27 UEFA Conference League?,0x0389abffb5ab63bd6aa4c5a51d9d3aa9448f20cd4ce3aa635fefd2f2349c3a31,"[""28387783984422789854592851598345905688234938653031916751801472369971729754741"", ""114832188258694701659066568174555689813627221405189198849646410747085620840644""]",28387783984422789854592851598345905688234938653031916751801472369971729754741|114832188258694701659066568174555689813627221405189198849646410747085620840644,114832188258694701659066568174555689813627221405189198849646410747085620840644,No,False,,,,,,,,,,,,65
2026-07-14T06:00:21Z,EPL,333084,epl-team-to-qualify-for-uefa-conference-league,EPL: Team to qualify for UEFA Conference League,2026-04-01T17:27:13.650134Z,1818371,will-brighton-hove-albion-qualify-for-the-league-phase-of-the-2026-27-uefa-conference-league,Will Brighton & Hove Albion qualify for the League Phase of the 2026-27 UEFA Conference League?,0x4e11ad07550e879b771bb74aa2ac543182c0b555f4fd86aaa8c9818d64b91f25,"[""91139930726622392742704198140499166850579482457098783277042371092513674941494"", ""75555949500072945185762043512718261040129266196955015758692797567174442576587""]",91139930726622392742704198140499166850579482457098783277042371092513674941494|75555949500072945185762043512718261040129266196955015758692797567174442576587,91139930726622392742704198140499166850579482457098783277042371092513674941494,Yes,True,0.95,5.1,0.979,73.6,0.9644999999999999,0.029000000000000026,78d4741304a1408f3aa354b301bd65634ab3bd24,0.001,5,,170.76811,751.4608939999999
2026-07-14T06:00:21Z,EPL,333084,epl-team-to-qualify-for-uefa-conference-league,EPL: Team to qualify for UEFA Conference League,2026-04-01T17:27:13.650134Z,1818371,will-brighton-hove-albion-qualify-for-the-league-phase-of-the-2026-27-uefa-conference-league,Will Brighton & Hove Albion qualify for the League Phase of the 2026-27 UEFA Conference League?,0x4e11ad07550e879b771bb74aa2ac543182c0b555f4fd86aaa8c9818d64b91f25,"[""91139930726622392742704198140499166850579482457098783277042371092513674941494"", ""75555949500072945185762043512718261040129266196955015758692797567174442576587""]",91139930726622392742704198140499166850579482457098783277042371092513674941494|75555949500072945185762043512718261040129266196955015758692797567174442576587,75555949500072945185762043512718261040129266196955015758692797567174442576587,No,True,0.021,73.6,0.05,5.1,0.035500000000000004,0.029,4459e608c363c6726dc0d355c6287a79d43d4b9e,0.001,5,,170.76811,751.4608939999999
2026-07-14T06:00:21Z,EPL,333084,epl-team-to-qualify-for-uefa-conference-league,EPL: Team to qualify for UEFA Conference League,2026-04-01T17:27:13.650134Z,1818372,will-chelsea-qualify-for-the-league-phase-of-the-2026-27-uefa-conference-league,Will Chelsea qualify for the League Phase of the 2026-27 UEFA Conference League?,0xa0a419e4b455bbeb1ac06050bf572bbf636c70dc688f201eda6beb257e0ecccf,"[""24304404136401853611354679156736471836167449603878002382670170418575244748347"", ""34932573794344542041315686660932662303391519134203250572504686994553601884919""]",24304404136401853611354679156736471836167449603878002382670170418575244748347|34932573794344542041315686660932662303391519134203250572504686994553601884919,24304404136401853611354679156736471836167449603878002382670170418575244748347,Yes,False,,,,,,,,,,,,193.140308
2026-07-14T06:00:21Z,EPL,333084,epl-team-to-qualify-for-uefa-conference-league,EPL: Team to qualify for UEFA Conference League,2026-04-01T17:27:13.650134Z,1818372,will-chelsea-qualify-for-the-league-phase-of-the-2026-27-uefa-conference-league,Will Chelsea qualify for the League Phase of the 2026-27 UEFA Conference League?,0xa0a419e4b455bbeb1ac06050bf572bbf636c70dc688f201eda6beb257e0ecccf,"[""24304404136401853611354679156736471836167449603878002382670170418575244748347"", ""34932573794344542041315686660932662303391519134203250572504686994553601884919""]",24304404136401853611354679156736471836167449603878002382670170418575244748347|34932573794344542041315686660932662303391519134203250572504686994553601884919,34932573794344542041315686660932662303391519134203250572504686994553601884919,No,False,,,,,,,,,,,,193.140308
2026-07-14T06:00:21Z,EPL,333084,epl-team-to-qualify-for-uefa-conference-league,EPL: Team to qualify for UEFA Conference League,2026-04-01T17:27:13.650134Z,1818373,will-crystal-palace-qualify-for-the-league-phase-of-the-2026-27-uefa-conference-league,Will Crystal Palace qualify for the League Phase of the 2026-27 UEFA Conference League?,0x7fcff1b74a273c0e48b01dafa03fd994fc6d6a80faf2f401808a1f7c906231e2,"[""83595360800340582836220415327748792858014632655765677024450652227649872829217"", ""8722778550304158158775908112102831721712668882628498669387415627760731221547""]",83595360800340582836220415327748792858014632655765677024450652227649872829217|8722778550304158158775908112102831721712668882628498669387415627760731221547,83595360800340582836220415327748792858014632655765677024450652227649872829217,Yes,False,,,,,,,,,,,,55.10415
2026-07-14T06:00:21Z,EPL,333084,epl-team-to-qualify-for-uefa-conference-league,EPL: Team to qualify for UEFA Conference League,2026-04-01T17:27:13.650134Z,1818373,will-crystal-palace-qualify-for-the-league-phase-of-the-2026-27-uefa-conference-league,Will Crystal Palace qualify for the League Phase of the 2026-27 UEFA Conference League?,0x7fcff1b74a273c0e48b01dafa03fd994fc6d6a80faf2f401808a1f7c906231e2,"[""83595360800340582836220415327748792858014632655765677024450652227649872829217"", ""8722778550304158158775908112102831721712668882628498669387415627760731221547""]",83595360800340582836220415327748792858014632655765677024450652227649872829217|8722778550304158158775908112102831721712668882628498669387415627760731221547,8722778550304158158775908112102831721712668882628498669387415627760731221547,No,False,,,,,,,,,,,,55.10415
2026-07-14T06:00:21Z,EPL,333084,epl-team-to-qualify-for-uefa-conference-league,EPL: Team to qualify for UEFA Conference League,2026-04-01T17:27:13.650134Z,1818374,will-everton-qualify-for-the-league-phase-of-the-2026-27-uefa-conference-league,Will Everton qualify for the League Phase of the 2026-27 UEFA Conference League?,0xc2d06ea1b36aa2af374778802062278b37c0681e80b8b30d440eea8c89c69efa,"[""4166923647964243798214643118596450748550925708271797356837126450441673128307"", ""38675784671269789218225363889508272390729885225646140690421495748338190385226""]",4166923647964243798214643118596450748550925708271797356837126450441673128307|38675784671269789218225363889508272390729885225646140690421495748338190385226,4166923647964243798214643118596450748550925708271797356837126450441673128307,Yes,False,,,,,,,,,,,,481.81
2026-07-14T06:00:21Z,EPL,333084,epl-team-to-qualify-for-uefa-conference-league,EPL: Team to qualify for UEFA Conference League,2026-04-01T17:27:13.650134Z,1818374,will-everton-qualify-for-the-league-phase-of-the-2026-27-uefa-conference-league,Will Everton qualify for the League Phase of the 2026-27 UEFA Conference League?,0xc2d06ea1b36aa2af374778802062278b37c0681e80b8b30d440eea8c89c69efa,"[""4166923647964243798214643118596450748550925708271797356837126450441673128307"", ""38675784671269789218225363889508272390729885225646140690421495748338190385226""]",4166923647964243798214643118596450748550925708271797356837126450441673128307|38675784671269789218225363889508272390729885225646140690421495748338190385226,38675784671269789218225363889508272390729885225646140690421495748338190385226,No,False,,,,,,,,,,,,481.81
2026-07-14T06:00:21Z,EPL,333084,epl-team-to-qualify-for-uefa-conference-league,EPL: Team to qualify for UEFA Conference League,2026-04-01T17:27:13.650134Z,1818375,will-fulham-qualify-for-the-league-phase-of-the-2026-27-uefa-conference-league,Will Fulham qualify for the League Phase of the 2026-27 UEFA Conference League?,0xa9c80d9e6d42b63441eb65788fa6715dd14e46e84e92ab0af524aa71de00e9fe,"[""58173349290615436261874750189700214187364770220706840363443501392029514828013"", ""68870830613563352664780739176635792396465611522859759407689581346809698393825""]",58173349290615436261874750189700214187364770220706840363443501392029514828013|68870830613563352664780739176635792396465611522859759407689581346809698393825,58173349290615436261874750189700214187364770220706840363443501392029514828013,Yes,False,,,,,,,,,,,,529.6700000000001
2026-07-14T06:00:21Z,EPL,333084,epl-team-to-qualify-for-uefa-conference-league,EPL: Team to qualify for UEFA Conference League,2026-04-01T17:27:13.650134Z,1818375,will-fulham-qualify-for-the-league-phase-of-the-2026-27-uefa-conference-league,Will Fulham qualify for the League Phase of the 2026-27 UEFA Conference League?,0xa9c80d9e6d42b63441eb65788fa6715dd14e46e84e92ab0af524aa71de00e9fe,"[""58173349290615436261874750189700214187364770220706840363443501392029514828013"", ""68870830613563352664780739176635792396465611522859759407689581346809698393825""]",58173349290615436261874750189700214187364770220706840363443501392029514828013|68870830613563352664780739176635792396465611522859759407689581346809698393825,68870830613563352664780739176635792396465611522859759407689581346809698393825,No,False,,,,,,,,,,,,529.6700000000001
2026-07-14T06:00:21Z,EPL,333084,epl-team-to-qualify-for-uefa-conference-league,EPL: Team to qualify for UEFA Conference League,2026-04-01T17:27:13.650134Z,1818376,will-ipswich-town-qualify-for-the-league-phase-of-the-2026-27-uefa-conference-league,Will Ipswich Town qualify for the League Phase of the 2026-27 UEFA Conference League?,0xfd1fd6c7c9106ccdc0a48fb64385b352808d5f6a4eb0157cb37b834002772000,"[""34575040317828011543308948862359294748447343494151397521995978862299718496252"", ""32703218917373905712439402416747473136357574974365039086658033726899781984701""]",34575040317828011543308948862359294748447343494151397521995978862299718496252|32703218917373905712439402416747473136357574974365039086658033726899781984701,34575040317828011543308948862359294748447343494151397521995978862299718496252,Yes,False,,,,,,,,,,,,185.7979
2026-07-14T06:00:21Z,EPL,333084,epl-team-to-qualify-for-uefa-conference-league,EPL: Team to qualify for UEFA Conference League,2026-04-01T17:27:13.650134Z,1818376,will-ipswich-town-qualify-for-the-league-phase-of-the-2026-27-uefa-conference-league,Will Ipswich Town qualify for the League Phase of the 2026-27 UEFA Conference League?,0xfd1fd6c7c9106ccdc0a48fb64385b352808d5f6a4eb0157cb37b834002772000,"[""34575040317828011543308948862359294748447343494151397521995978862299718496252"", ""32703218917373905712439402416747473136357574974365039086658033726899781984701""]",34575040317828011543308948862359294748447343494151397521995978862299718496252|32703218917373905712439402416747473136357574974365039086658033726899781984701,32703218917373905712439402416747473136357574974365039086658033726899781984701,No,False,,,,,,,,,,,,185.7979
2026-07-14T06:00:21Z,EPL,333084,epl-team-to-qualify-for-uefa-conference-league,EPL: Team to qualify for UEFA Conference League,2026-04-01T17:27:13.650134Z,1818377,will-leicester-city-qualify-for-the-league-phase-of-the-2026-27-uefa-conference-league,Will Leicester City qualify for the League Phase of the 2026-27 UEFA Conference League?,0x7f23bad03e49e8691193b374466a982f76952cc0658302268f2122380250f91d,"[""36855782576831156580765175743466253787995589729798761982205435744452738857165"", ""63267615403020851545105138792098005654530731396339683005908577788229989628684""]",36855782576831156580765175743466253787995589729798761982205435744452738857165|63267615403020851545105138792098005654530731396339683005908577788229989628684,36855782576831156580765175743466253787995589729798761982205435744452738857165,Yes,False,,,,,,,,,,,,185.5555
2026-07-14T06:00:21Z,EPL,333084,epl-team-to-qualify-for-uefa-conference-league,EPL: Team to qualify for UEFA Conference League,2026-04-01T17:27:13.650134Z,1818377,will-leicester-city-qualify-for-the-league-phase-of-the-2026-27-uefa-conference-league,Will Leicester City qualify for the League Phase of the 2026-27 UEFA Conference League?,0x7f23bad03e49e8691193b374466a982f76952cc0658302268f2122380250f91d,"[""36855782576831156580765175743466253787995589729798761982205435744452738857165"", ""63267615403020851545105138792098005654530731396339683005908577788229989628684""]",36855782576831156580765175743466253787995589729798761982205435744452738857165|63267615403020851545105138792098005654530731396339683005908577788229989628684,63267615403020851545105138792098005654530731396339683005908577788229989628684,No,False,,,,,,,,,,,,185.5555
2026-07-14T06:00:21Z,EPL,333084,epl-team-to-qualify-for-uefa-conference-league,EPL: Team to qualify for UEFA Conference League,2026-04-01T17:27:13.650134Z,1818378,will-liverpool-qualify-for-the-league-phase-of-the-2026-27-uefa-conference-league,Will Liverpool qualify for the League Phase of the 2026-27 UEFA Conference League?,0x0f39d177f78abd438be984b36f264c13de879b346ae40bfea0ababc108b83f64,"[""65988948624774144931622911564364302133312968519504468408474435267221324233196"", ""115130602602129428285461614417924472558165741430309539659330809798396288056300""]",65988948624774144931622911564364302133312968519504468408474435267221324233196|115130602602129428285461614417924472558165741430309539659330809798396288056300,65988948624774144931622911564364302133312968519504468408474435267221324233196,Yes,False,,,,,,,,,,,0,175.5
2026-07-14T06:00:21Z,EPL,333084,epl-team-to-qualify-for-uefa-conference-league,EPL: Team to qualify for UEFA Conference League,2026-04-01T17:27:13.650134Z,1818378,will-liverpool-qualify-for-the-league-phase-of-the-2026-27-uefa-conference-league,Will Liverpool qualify for the League Phase of the 2026-27 UEFA Conference League?,0x0f39d177f78abd438be984b36f264c13de879b346ae40bfea0ababc108b83f64,"[""65988948624774144931622911564364302133312968519504468408474435267221324233196"", ""115130602602129428285461614417924472558165741430309539659330809798396288056300""]",65988948624774144931622911564364302133312968519504468408474435267221324233196|115130602602129428285461614417924472558165741430309539659330809798396288056300,115130602602129428285461614417924472558165741430309539659330809798396288056300,No,False,,,,,,,,,,,0,175.5
2026-07-14T06:00:21Z,EPL,333084,epl-team-to-qualify-for-uefa-conference-league,EPL: Team to qualify for UEFA Conference League,2026-04-01T17:27:13.650134Z,1818379,will-manchester-city-qualify-for-the-league-phase-of-the-2026-27-uefa-conference-league,Will Manchester City qualify for the League Phase of the 2026-27 UEFA Conference League?,0x9f502be87b77866442714675eeb0ceec67b36469dab587b15862716b95a22a65,"[""81955707153623233000480445669873960416969320182377332341762765419704043622092"", ""63903621190034107756618838956749324043719317201688365281214818158837560760762""]",81955707153623233000480445669873960416969320182377332341762765419704043622092|63903621190034107756618838956749324043719317201688365281214818158837560760762,81955707153623233000480445669873960416969320182377332341762765419704043622092,Yes,False,,,,,,,,,,,,239.96210000000002
2026-07-14T06:00:21Z,EPL,333084,epl-team-to-qualify-for-uefa-conference-league,EPL: Team to qualify for UEFA Conference League,2026-04-01T17:27:13.650134Z,1818379,will-manchester-city-qualify-for-the-league-phase-of-the-2026-27-uefa-conference-league,Will Manchester City qualify for the League Phase of the 2026-27 UEFA Conference League?,0x9f502be87b77866442714675eeb0ceec67b36469dab587b15862716b95a22a65,"[""81955707153623233000480445669873960416969320182377332341762765419704043622092"", ""63903621190034107756618838956749324043719317201688365281214818158837560760762""]",81955707153623233000480445669873960416969320182377332341762765419704043622092|63903621190034107756618838956749324043719317201688365281214818158837560760762,63903621190034107756618838956749324043719317201688365281214818158837560760762,No,False,,,,,,,,,,,,239.96210000000002
2026-07-14T06:00:21Z,EPL,333084,epl-team-to-qualify-for-uefa-conference-league,EPL: Team to qualify for UEFA Conference League,2026-04-01T17:27:13.650134Z,1818380,will-manchester-united-qualify-for-the-league-phase-of-the-2026-27-uefa-conference-league,Will Manchester United qualify for the League Phase of the 2026-27 UEFA Conference League?,0x10faa15e034abb4d8b58e96fa9cceaeba84182d8d26061672b3090ef60c474c7,"[""14537963265850539015090671292913129800573442530565687433985001158662408488535"", ""24584985274241329793529868323709359334793457968867512216477798918303927163120""]",14537963265850539015090671292913129800573442530565687433985001158662408488535|24584985274241329793529868323709359334793457968867512216477798918303927163120,14537963265850539015090671292913129800573442530565687433985001158662408488535,Yes,False,,,,,,,,,,,,654.06
2026-07-14T06:00:21Z,EPL,333084,epl-team-to-qualify-for-uefa-conference-league,EPL: Team to qualify for UEFA Conference League,2026-04-01T17:27:13.650134Z,1818380,will-manchester-united-qualify-for-the-league-phase-of-the-2026-27-uefa-conference-league,Will Manchester United qualify for the League Phase of the 2026-27 UEFA Conference League?,0x10faa15e034abb4d8b58e96fa9cceaeba84182d8d26061672b3090ef60c474c7,"[""14537963265850539015090671292913129800573442530565687433985001158662408488535"", ""24584985274241329793529868323709359334793457968867512216477798918303927163120""]",14537963265850539015090671292913129800573442530565687433985001158662408488535|24584985274241329793529868323709359334793457968867512216477798918303927163120,24584985274241329793529868323709359334793457968867512216477798918303927163120,No,False,,,,,,,,,,,,654.06
2026-07-14T06:00:21Z,EPL,333084,epl-team-to-qualify-for-uefa-conference-league,EPL: Team to qualify for UEFA Conference League,2026-04-01T17:27:13.650134Z,1818381,will-newcastle-united-qualify-for-the-league-phase-of-the-2026-27-uefa-conference-league,Will Newcastle United qualify for the League Phase of the 2026-27 UEFA Conference League?,0xb0716d2b36fd90dd54c600a9e7647616490002987e3eb1ecb3d10ead4d62d33c,"[""59224980280942325666569394558997382798882386438436610001858371645471216555919"", ""79970515927998557660930530711963196679174481368659736459630565505379849389257""]",59224980280942325666569394558997382798882386438436610001858371645471216555919|79970515927998557660930530711963196679174481368659736459630565505379849389257,59224980280942325666569394558997382798882386438436610001858371645471216555919,Yes,False,,,,,,,,,,,,411.9
2026-07-14T06:00:21Z,EPL,333084,epl-team-to-qualify-for-uefa-conference-league,EPL: Team to qualify for UEFA Conference League,2026-04-01T17:27:13.650134Z,1818381,will-newcastle-united-qualify-for-the-league-phase-of-the-2026-27-uefa-conference-league,Will Newcastle United qualify for the League Phase of the 2026-27 UEFA Conference League?,0xb0716d2b36fd90dd54c600a9e7647616490002987e3eb1ecb3d10ead4d62d33c,"[""59224980280942325666569394558997382798882386438436610001858371645471216555919"", ""79970515927998557660930530711963196679174481368659736459630565505379849389257""]",59224980280942325666569394558997382798882386438436610001858371645471216555919|79970515927998557660930530711963196679174481368659736459630565505379849389257,79970515927998557660930530711963196679174481368659736459630565505379849389257,No,False,,,,,,,,,,,,411.9
2026-07-14T06:00:21Z,EPL,333084,epl-team-to-qualify-for-uefa-conference-league,EPL: Team to qualify for UEFA Conference League,2026-04-01T17:27:13.650134Z,1818382,will-nottingham-forest-qualify-for-the-league-phase-of-the-2026-27-uefa-conference-league,Will Nottingham Forest qualify for the League Phase of the 2026-27 UEFA Conference League?,0xe911ed8e88ee4d94cb587ed6128a6c15596d9338a4d90b78b9ea20b0578fc156,"[""19481881546917834293067497074329377518935142669934498853237227966392229142245"", ""57602898067754327037427882833634701750997153547931685588132390215919583981742""]",19481881546917834293067497074329377518935142669934498853237227966392229142245|57602898067754327037427882833634701750997153547931685588132390215919583981742,19481881546917834293067497074329377518935142669934498853237227966392229142245,Yes,False,,,,,,,,,,,,407.7161
2026-07-14T06:00:21Z,EPL,333084,epl-team-to-qualify-for-uefa-conference-league,EPL: Team to qualify for UEFA Conference League,2026-04-01T17:27:13.650134Z,1818382,will-nottingham-forest-qualify-for-the-league-phase-of-the-2026-27-uefa-conference-league,Will Nottingham Forest qualify for the League Phase of the 2026-27 UEFA Conference League?,0xe911ed8e88ee4d94cb587ed6128a6c15596d9338a4d90b78b9ea20b0578fc156,"[""19481881546917834293067497074329377518935142669934498853237227966392229142245"", ""57602898067754327037427882833634701750997153547931685588132390215919583981742""]",19481881546917834293067497074329377518935142669934498853237227966392229142245|57602898067754327037427882833634701750997153547931685588132390215919583981742,57602898067754327037427882833634701750997153547931685588132390215919583981742,No,False,,,,,,,,,,,,407.7161
2026-07-14T06:00:21Z,EPL,333084,epl-team-to-qualify-for-uefa-conference-league,EPL: Team to qualify for UEFA Conference League,2026-04-01T17:27:13.650134Z,1818383,will-southampton-qualify-for-the-league-phase-of-the-2026-27-uefa-conference-league,Will Southampton qualify for the League Phase of the 2026-27 UEFA Conference League?,0x7ca2adbbd88851add0e546dd78574d7e79fc00c76e8c490e5692bf8023c11e75,"[""26877828097379119176280047098274709531228788895296330595994436624390898867911"", ""115748130349087715420332870666315257990045222809843222754054247382701059943674""]",26877828097379119176280047098274709531228788895296330595994436624390898867911|115748130349087715420332870666315257990045222809843222754054247382701059943674,26877828097379119176280047098274709531228788895296330595994436624390898867911,Yes,False,,,,,,,,,,,0,617.6899999999999
2026-07-14T06:00:21Z,EPL,333084,epl-team-to-qualify-for-uefa-conference-league,EPL: Team to qualify for UEFA Conference League,2026-04-01T17:27:13.650134Z,1818383,will-southampton-qualify-for-the-league-phase-of-the-2026-27-uefa-conference-league,Will Southampton qualify for the League Phase of the 2026-27 UEFA Conference League?,0x7ca2adbbd88851add0e546dd78574d7e79fc00c76e8c490e5692bf8023c11e75,"[""26877828097379119176280047098274709531228788895296330595994436624390898867911"", ""115748130349087715420332870666315257990045222809843222754054247382701059943674""]",26877828097379119176280047098274709531228788895296330595994436624390898867911|115748130349087715420332870666315257990045222809843222754054247382701059943674,115748130349087715420332870666315257990045222809843222754054247382701059943674,No,False,,,,,,,,,,,0,617.6899999999999
2026-07-14T06:00:21Z,EPL,333084,epl-team-to-qualify-for-uefa-conference-league,EPL: Team to qualify for UEFA Conference League,2026-04-01T17:27:13.650134Z,1818384,will-tottenham-hotspur-qualify-for-the-league-phase-of-the-2026-27-uefa-conference-league,Will Tottenham Hotspur qualify for the League Phase of the 2026-27 UEFA Conference League?,0xe98b7da9a346eb2aced5b9300c7a53e4d7c147741b546f005de0b3c0d89e0ae1,"[""16165000919596414242427788888124743916698715129044155178467657105167009019476"", ""114828181514576721851254739097127564151815507804110569853443476924908844910766""]",16165000919596414242427788888124743916698715129044155178467657105167009019476|114828181514576721851254739097127564151815507804110569853443476924908844910766,16165000919596414242427788888124743916698715129044155178467657105167009019476,Yes,False,,,,,,,,,,,,1126.7675
2026-07-14T06:00:21Z,EPL,333084,epl-team-to-qualify-for-uefa-conference-league,EPL: Team to qualify for UEFA Conference League,2026-04-01T17:27:13.650134Z,1818384,will-tottenham-hotspur-qualify-for-the-league-phase-of-the-2026-27-uefa-conference-league,Will Tottenham Hotspur qualify for the League Phase of the 2026-27 UEFA Conference League?,0xe98b7da9a346eb2aced5b9300c7a53e4d7c147741b546f005de0b3c0d89e0ae1,"[""16165000919596414242427788888124743916698715129044155178467657105167009019476"", ""114828181514576721851254739097127564151815507804110569853443476924908844910766""]",16165000919596414242427788888124743916698715129044155178467657105167009019476|114828181514576721851254739097127564151815507804110569853443476924908844910766,114828181514576721851254739097127564151815507804110569853443476924908844910766,No,False,,,,,,,,,,,,1126.7675
2026-07-14T06:00:21Z,EPL,333084,epl-team-to-qualify-for-uefa-conference-league,EPL: Team to qualify for UEFA Conference League,2026-04-01T17:27:13.650134Z,1818385,will-west-ham-united-qualify-for-the-league-phase-of-the-2026-27-uefa-conference-league,Will West Ham United qualify for the League Phase of the 2026-27 UEFA Conference League?,0xbc79053a1f7691b55171b4a210da33b3c3fba449c9df4fd954856635f8da0e8e,"[""54894379652853834326297942957419603346481276275403414881816173756537774757640"", ""33108900391203812803918822219418560079370282336069888352885661677363224124116""]",54894379652853834326297942957419603346481276275403414881816173756537774757640|33108900391203812803918822219418560079370282336069888352885661677363224124116,54894379652853834326297942957419603346481276275403414881816173756537774757640,Yes,False,,,,,,,,,,,,207.137
2026-07-14T06:00:21Z,EPL,333084,epl-team-to-qualify-for-uefa-conference-league,EPL: Team to qualify for UEFA Conference League,2026-04-01T17:27:13.650134Z,1818385,will-west-ham-united-qualify-for-the-league-phase-of-the-2026-27-uefa-conference-league,Will West Ham United qualify for the League Phase of the 2026-27 UEFA Conference League?,0xbc79053a1f7691b55171b4a210da33b3c3fba449c9df4fd954856635f8da0e8e,"[""54894379652853834326297942957419603346481276275403414881816173756537774757640"", ""33108900391203812803918822219418560079370282336069888352885661677363224124116""]",54894379652853834326297942957419603346481276275403414881816173756537774757640|33108900391203812803918822219418560079370282336069888352885661677363224124116,33108900391203812803918822219418560079370282336069888352885661677363224124116,No,False,,,,,,,,,,,,207.137
2026-07-14T06:00:21Z,EPL,333084,epl-team-to-qualify-for-uefa-conference-league,EPL: Team to qualify for UEFA Conference League,2026-04-01T17:27:13.650134Z,1818386,will-wolverhampton-wanderers-qualify-for-the-league-phase-of-the-2026-27-uefa-conference-league,Will Wolverhampton Wanderers qualify for the League Phase of the 2026-27 UEFA Conference League?,0x612a47d48e42fc85f4b3099edd0779c399e7393325bae5ef494fbec0b518be97,"[""39645891629689350247020865542579082583944711546641819664090458601825821008952"", ""27752113810792547257158395279414992925826179248970504390132410269490063597360""]",39645891629689350247020865542579082583944711546641819664090458601825821008952|27752113810792547257158395279414992925826179248970504390132410269490063597360,39645891629689350247020865542579082583944711546641819664090458601825821008952,Yes,False,,,,,,,,,,,,216.45
2026-07-14T06:00:21Z,EPL,333084,epl-team-to-qualify-for-uefa-conference-league,EPL: Team to qualify for UEFA Conference League,2026-04-01T17:27:13.650134Z,1818386,will-wolverhampton-wanderers-qualify-for-the-league-phase-of-the-2026-27-uefa-conference-league,Will Wolverhampton Wanderers qualify for the League Phase of the 2026-27 UEFA Conference League?,0x612a47d48e42fc85f4b3099edd0779c399e7393325bae5ef494fbec0b518be97,"[""39645891629689350247020865542579082583944711546641819664090458601825821008952"", ""27752113810792547257158395279414992925826179248970504390132410269490063597360""]",39645891629689350247020865542579082583944711546641819664090458601825821008952|27752113810792547257158395279414992925826179248970504390132410269490063597360,27752113810792547257158395279414992925826179248970504390132410269490063597360,No,False,,,,,,,,,,,,216.45
2026-07-14T06:00:21Z,EPL,435490,epl-2026-team-of-the-season,EPL: 2026 PFA Team of the Year,2026-05-01T16:17:58.439577Z,2127663,will-david-raya-be-named-to-the-2026-pfa-premier-league-team-of-the-year,Will David Raya be named to the 2026 PFA Premier League Team of the Year?,0x50561f0ac9fb48ce9b1dc8f78f84dea5e43d9d30bd507eb93fa57b11a996ffeb,"[""3488261232009523381576281256634840719226792569353110860105294590188599877555"", ""33896607823388600558222421347266613674976673770405419631622989961143438148884""]",3488261232009523381576281256634840719226792569353110860105294590188599877555|33896607823388600558222421347266613674976673770405419631622989961143438148884,3488261232009523381576281256634840719226792569353110860105294590188599877555,Yes,True,0.06,5.61,0.96,10.77,0.51,0.8999999999999999,f41fe46abb969d0837659871006f3a7285265c56,0.01,5,,3.8973,
2026-07-14T06:00:21Z,EPL,435490,epl-2026-team-of-the-season,EPL: 2026 PFA Team of the Year,2026-05-01T16:17:58.439577Z,2127663,will-david-raya-be-named-to-the-2026-pfa-premier-league-team-of-the-year,Will David Raya be named to the 2026 PFA Premier League Team of the Year?,0x50561f0ac9fb48ce9b1dc8f78f84dea5e43d9d30bd507eb93fa57b11a996ffeb,"[""3488261232009523381576281256634840719226792569353110860105294590188599877555"", ""33896607823388600558222421347266613674976673770405419631622989961143438148884""]",3488261232009523381576281256634840719226792569353110860105294590188599877555|33896607823388600558222421347266613674976673770405419631622989961143438148884,33896607823388600558222421347266613674976673770405419631622989961143438148884,No,True,0.04,10.77,0.94,5.61,0.49,0.8999999999999999,6bef573c4856aa143d687f6700c86347ed16f9a5,0.01,5,,3.8973,
2026-07-14T06:00:21Z,EPL,435490,epl-2026-team-of-the-season,EPL: 2026 PFA Team of the Year,2026-05-01T16:17:58.439577Z,2127664,will-jordan-pickford-be-named-to-the-2026-pfa-premier-league-team-of-the-year,Will Jordan Pickford be named to the 2026 PFA Premier League Team of the Year?,0x206d3cf11b86b16708f160e1e5223e75f4f0b126fbfecb52300077792e4a978f,"[""69002409170326112222673578355907486486435514190626080376764720483535336436602"", ""29764786967669041151836718379664776749611256940389381248189333088896507813340""]",69002409170326112222673578355907486486435514190626080376764720483535336436602|29764786967669041151836718379664776749611256940389381248189333088896507813340,69002409170326112222673578355907486486435514190626080376764720483535336436602,Yes,True,0.04,11.82,0.94,5.61,0.49,0.8999999999999999,acaa27cd010f69953a0a7bcb363bde735c00a5f6,0.01,5,,3.967,
2026-07-14T06:00:21Z,EPL,435490,epl-2026-team-of-the-season,EPL: 2026 PFA Team of the Year,2026-05-01T16:17:58.439577Z,2127664,will-jordan-pickford-be-named-to-the-2026-pfa-premier-league-team-of-the-year,Will Jordan Pickford be named to the 2026 PFA Premier League Team of the Year?,0x206d3cf11b86b16708f160e1e5223e75f4f0b126fbfecb52300077792e4a978f,"[""69002409170326112222673578355907486486435514190626080376764720483535336436602"", ""29764786967669041151836718379664776749611256940389381248189333088896507813340""]",69002409170326112222673578355907486486435514190626080376764720483535336436602|29764786967669041151836718379664776749611256940389381248189333088896507813340,29764786967669041151836718379664776749611256940389381248189333088896507813340,No,True,0.06,5.61,0.96,11.82,0.51,0.8999999999999999,cf9b22e0c809e6668e87322478b30e334e07e5cd,0.01,5,,3.967,
2026-07-14T06:00:21Z,EPL,435490,epl-2026-team-of-the-season,EPL: 2026 PFA Team of the Year,2026-05-01T16:17:58.439577Z,2127665,will-dean-henderson-be-named-to-the-2026-pfa-premier-league-team-of-the-year,Will Dean Henderson be named to the 2026 PFA Premier League Team of the Year?,0x67ebb7796df1324b1b084b0aaa59e3379513583ac93e3c8e968935e7dbb1f535,"[""77730449116026385251216021681478758817188404733132958155748625297475510396335"", ""86484569427189395298179892127162282618369840953731094949208918944830421003973""]",77730449116026385251216021681478758817188404733132958155748625297475510396335|86484569427189395298179892127162282618369840953731094949208918944830421003973,77730449116026385251216021681478758817188404733132958155748625297475510396335,Yes,True,0.04,11.82,0.94,5.61,0.49,0.8999999999999999,15b9b9861da8c6fca9d3ffa42d5182f590407b79,0.01,5,,3.967,
2026-07-14T06:00:21Z,EPL,435490,epl-2026-team-of-the-season,EPL: 2026 PFA Team of the Year,2026-05-01T16:17:58.439577Z,2127665,will-dean-henderson-be-named-to-the-2026-pfa-premier-league-team-of-the-year,Will Dean Henderson be named to the 2026 PFA Premier League Team of the Year?,0x67ebb7796df1324b1b084b0aaa59e3379513583ac93e3c8e968935e7dbb1f535,"[""77730449116026385251216021681478758817188404733132958155748625297475510396335"", ""86484569427189395298179892127162282618369840953731094949208918944830421003973""]",77730449116026385251216021681478758817188404733132958155748625297475510396335|86484569427189395298179892127162282618369840953731094949208918944830421003973,86484569427189395298179892127162282618369840953731094949208918944830421003973,No,True,0.06,5.61,0.96,11.82,0.51,0.8999999999999999,86854b875db2ffdcb22c2c59b8344c6b6ab1b40f,0.01,5,,3.967,
2026-07-14T06:00:21Z,EPL,435490,epl-2026-team-of-the-season,EPL: 2026 PFA Team of the Year,2026-05-01T16:17:58.439577Z,2127666,will-robin-roefs-be-named-to-the-2026-pfa-premier-league-team-of-the-year,Will Robin Roefs be named to the 2026 PFA Premier League Team of the Year?,0xdae0f14d1b5ea256638164c6578853226408702f44e238ca8fa692998fdc6332,"[""70182957445101902779363373709716695169810926012757858042099415085409463195888"", ""90699863564786576085723598309072905823666331748016080742800846290619606364496""]",70182957445101902779363373709716695169810926012757858042099415085409463195888|90699863564786576085723598309072905823666331748016080742800846290619606364496,70182957445101902779363373709716695169810926012757858042099415085409463195888,Yes,True,0.04,10.77,0.94,5.61,0.49,0.8999999999999999,174efc92f0188e8fbc5ec0114d57da0d7bc14946,0.01,5,,3.7653,
2026-07-14T06:00:21Z,EPL,435490,epl-2026-team-of-the-season,EPL: 2026 PFA Team of the Year,2026-05-01T16:17:58.439577Z,2127666,will-robin-roefs-be-named-to-the-2026-pfa-premier-league-team-of-the-year,Will Robin Roefs be named to the 2026 PFA Premier League Team of the Year?,0xdae0f14d1b5ea256638164c6578853226408702f44e238ca8fa692998fdc6332,"[""70182957445101902779363373709716695169810926012757858042099415085409463195888"", ""90699863564786576085723598309072905823666331748016080742800846290619606364496""]",70182957445101902779363373709716695169810926012757858042099415085409463195888|90699863564786576085723598309072905823666331748016080742800846290619606364496,90699863564786576085723598309072905823666331748016080742800846290619606364496,No,True,0.06,5.61,0.96,10.77,0.51,0.8999999999999999,054074bc58a2b640a9897e9f7464934e3174f276,0.01,5,,3.7653,
2026-07-14T06:00:21Z,EPL,435490,epl-2026-team-of-the-season,EPL: 2026 PFA Team of the Year,2026-05-01T16:17:58.439577Z,2127667,will-gianluigi-donnarumma-be-named-to-the-2026-pfa-premier-league-team-of-the-year,Will Gianluigi Donnarumma be named to the 2026 PFA Premier League Team of the Year?,0x322441734b9f23744de899e345ef48ec25e0055f8b1bfc19fe4612055a8ff2df,"[""65007673257262595676530056363240287641293306267550009290432560084643152028010"", ""97388027101380065799871752579213229783305736941572715830099055292320933629215""]",65007673257262595676530056363240287641293306267550009290432560084643152028010|97388027101380065799871752579213229783305736941572715830099055292320933629215,65007673257262595676530056363240287641293306267550009290432560084643152028010,Yes,True,0.04,11.7,0.96,11.7,0.5,0.9199999999999999,cf84e36452652e628a52b185078c735138e3bd82,0.01,5,,4.252,
2026-07-14T06:00:21Z,EPL,435490,epl-2026-team-of-the-season,EPL: 2026 PFA Team of the Year,2026-05-01T16:17:58.439577Z,2127667,will-gianluigi-donnarumma-be-named-to-the-2026-pfa-premier-league-team-of-the-year,Will Gianluigi Donnarumma be named to the 2026 PFA Premier League Team of the Year?,0x322441734b9f23744de899e345ef48ec25e0055f8b1bfc19fe4612055a8ff2df,"[""65007673257262595676530056363240287641293306267550009290432560084643152028010"", ""97388027101380065799871752579213229783305736941572715830099055292320933629215""]",65007673257262595676530056363240287641293306267550009290432560084643152028010|97388027101380065799871752579213229783305736941572715830099055292320933629215,97388027101380065799871752579213229783305736941572715830099055292320933629215,No,True,0.04,11.7,0.96,11.7,0.5,0.9199999999999999,7adf8091cb4a33ef10e0625aa044ae8e2cb2c226,0.01,5,,4.252,
2026-07-14T06:00:21Z,EPL,435490,epl-2026-team-of-the-season,EPL: 2026 PFA Team of the Year,2026-05-01T16:17:58.439577Z,2127668,will-jurrien-timber-be-named-to-the-2026-pfa-premier-league-team-of-the-year,Will Jurrien Timber be named to the 2026 PFA Premier League Team of the Year?,0x97ca47da99683bddec8036ce29388c2e400e7cecfea8ac4dbef54ac0791cc593,"[""58745854058166153005664210409408254918505117901359386106376082227012206838503"", ""43365583002812118163534009703280808191029196488960918105614424745527498298109""]",58745854058166153005664210409408254918505117901359386106376082227012206838503|43365583002812118163534009703280808191029196488960918105614424745527498298109,58745854058166153005664210409408254918505117901359386106376082227012206838503,Yes,True,0.04,11.98,0.96,10.77,0.5,0.9199999999999999,903921d7dfab6f7ba1a257ce2cc1e82b3b9151fd,0.01,5,,4.066,
2026-07-14T06:00:21Z,EPL,435490,epl-2026-team-of-the-season,EPL: 2026 PFA Team of the Year,2026-05-01T16:17:58.439577Z,2127668,will-jurrien-timber-be-named-to-the-2026-pfa-premier-league-team-of-the-year,Will Jurrien Timber be named to the 2026 PFA Premier League Team of the Year?,0x97ca47da99683bddec8036ce29388c2e400e7cecfea8ac4dbef54ac0791cc593,"[""58745854058166153005664210409408254918505117901359386106376082227012206838503"", ""43365583002812118163534009703280808191029196488960918105614424745527498298109""]",58745854058166153005664210409408254918505117901359386106376082227012206838503|43365583002812118163534009703280808191029196488960918105614424745527498298109,43365583002812118163534009703280808191029196488960918105614424745527498298109,No,True,0.04,10.77,0.96,11.98,0.5,0.9199999999999999,3cb0df8948cd8c5e4f4c065da2f9549ec0b93d74,0.01,5,,4.066,
2026-07-14T06:00:21Z,EPL,435490,epl-2026-team-of-the-season,EPL: 2026 PFA Team of the Year,2026-05-01T16:17:58.439577Z,2127669,will-matheus-nunes-be-named-to-the-2026-pfa-premier-league-team-of-the-year,Will Matheus Nunes be named to the 2026 PFA Premier League Team of the Year?,0x236166693870332c38cc1f290d2de8a00eafa1b78519182663a58811b1011705,"[""71852886829417081758693278389180020836881806315641141653569411011094941385487"", ""27873264127773337044236459909692649813557879461485496445916977915515730222703""]",71852886829417081758693278389180020836881806315641141653569411011094941385487|27873264127773337044236459909692649813557879461485496445916977915515730222703,71852886829417081758693278389180020836881806315641141653569411011094941385487,Yes,True,0.04,7.58,0.96,10.77,0.5,0.9199999999999999,3e961e2dbbe45f3f7a3b9c6ddbaa07bfe6a6f5f7,0.01,5,,4.7013,
2026-07-14T06:00:21Z,EPL,435490,epl-2026-team-of-the-season,EPL: 2026 PFA Team of the Year,2026-05-01T16:17:58.439577Z,2127669,will-matheus-nunes-be-named-to-the-2026-pfa-premier-league-team-of-the-year,Will Matheus Nunes be named to the 2026 PFA Premier League Team of the Year?,0x236166693870332c38cc1f290d2de8a00eafa1b78519182663a58811b1011705,"[""71852886829417081758693278389180020836881806315641141653569411011094941385487"", ""27873264127773337044236459909692649813557879461485496445916977915515730222703""]",71852886829417081758693278389180020836881806315641141653569411011094941385487|27873264127773337044236459909692649813557879461485496445916977915515730222703,27873264127773337044236459909692649813557879461485496445916977915515730222703,No,True,0.04,10.77,0.96,7.58,0.5,0.9199999999999999,c9ae7f03927228733fc312c7027b04e5053d29db,0.01,5,,4.7013,
2026-07-14T06:00:21Z,EPL,435490,epl-2026-team-of-the-season,EPL: 2026 PFA Team of the Year,2026-05-01T16:17:58.439577Z,2127670,will-gabriel-magalhes-be-named-to-the-2026-pfa-premier-league-team-of-the-year,Will Gabriel Magalhães be named to the 2026 PFA Premier League Team of the Year?,0xd3d8a97f490967ba04bcf06a1f1fa0b8e14ff08f5f0781bccb14c7eb1cf34ca6,"[""112756383879220814577105643520650901454791316512357676513193784191480344438666"", ""7697378624768914483353901406042873706810082834244678754453720343911008090965""]",112756383879220814577105643520650901454791316512357676513193784191480344438666|7697378624768914483353901406042873706810082834244678754453720343911008090965,112756383879220814577105643520650901454791316512357676513193784191480344438666,Yes,True,0.06,5.61,0.96,10.77,0.51,0.8999999999999999,ac5e2fca266533bb6329b0c35c16c7a636a9525d,0.01,5,,3.7653,
2026-07-14T06:00:21Z,EPL,435490,epl-2026-team-of-the-season,EPL: 2026 PFA Team of the Year,2026-05-01T16:17:58.439577Z,2127670,will-gabriel-magalhes-be-named-to-the-2026-pfa-premier-league-team-of-the-year,Will Gabriel Magalhães be named to the 2026 PFA Premier League Team of the Year?,0xd3d8a97f490967ba04bcf06a1f1fa0b8e14ff08f5f0781bccb14c7eb1cf34ca6,"[""112756383879220814577105643520650901454791316512357676513193784191480344438666"", ""7697378624768914483353901406042873706810082834244678754453720343911008090965""]",112756383879220814577105643520650901454791316512357676513193784191480344438666|7697378624768914483353901406042873706810082834244678754453720343911008090965,7697378624768914483353901406042873706810082834244678754453720343911008090965,No,True,0.04,10.77,0.94,5.61,0.49,0.8999999999999999,95a60138b9f7621bcf97b31bbe35603f91e4511d,0.01,5,,3.7653,
2026-07-14T06:00:21Z,EPL,435490,epl-2026-team-of-the-season,EPL: 2026 PFA Team of the Year,2026-05-01T16:17:58.439577Z,2127671,will-william-saliba-be-named-to-the-2026-pfa-premier-league-team-of-the-year,Will William Saliba be named to the 2026 PFA Premier League Team of the Year?,0xc344b5f7891b8617e7118aaa24bac3840a587691c1a36daa479a61de0b79bcb6,"[""47207660538745167295586664941849591121956044929877358537501900994850424263330"", ""105234782857798608331719124706582304874620432378282673665444164066431160124095""]",47207660538745167295586664941849591121956044929877358537501900994850424263330|105234782857798608331719124706582304874620432378282673665444164066431160124095,47207660538745167295586664941849591121956044929877358537501900994850424263330,Yes,True,0.04,10.77,0.96,10.77,0.5,0.9199999999999999,40ad89d5495b878f7258c2542e6809ccf289a31f,0.01,5,,4.1822,
2026-07-14T06:00:21Z,EPL,435490,epl-2026-team-of-the-season,EPL: 2026 PFA Team of the Year,2026-05-01T16:17:58.439577Z,2127671,will-william-saliba-be-named-to-the-2026-pfa-premier-league-team-of-the-year,Will William Saliba be named to the 2026 PFA Premier League Team of the Year?,0xc344b5f7891b8617e7118aaa24bac3840a587691c1a36daa479a61de0b79bcb6,"[""47207660538745167295586664941849591121956044929877358537501900994850424263330"", ""105234782857798608331719124706582304874620432378282673665444164066431160124095""]",47207660538745167295586664941849591121956044929877358537501900994850424263330|105234782857798608331719124706582304874620432378282673665444164066431160124095,105234782857798608331719124706582304874620432378282673665444164066431160124095,No,True,0.04,10.77,0.96,10.77,0.5,0.9199999999999999,f5582e9a0c53c18948eda7f16dfb1a0c5d58da5b,0.01,5,,4.1822,
2026-07-14T06:00:21Z,EPL,435490,epl-2026-team-of-the-season,EPL: 2026 PFA Team of the Year,2026-05-01T16:17:58.439577Z,2127672,will-marc-guehi-be-named-to-the-2026-pfa-premier-league-team-of-the-year,Will Marc Guehi be named to the 2026 PFA Premier League Team of the Year?,0x9a7829bcaf4bd65e903739dace6db739a8b68a396fd2c71a3d23d2a2cf2e88c5,"[""18774341203836696417330165615678664168245576790259527905518242337305438497157"", ""17833812615529939189123941305353432679112045501201563425472779980851390683424""]",18774341203836696417330165615678664168245576790259527905518242337305438497157|17833812615529939189123941305353432679112045501201563425472779980851390683424,18774341203836696417330165615678664168245576790259527905518242337305438497157,Yes,True,0.04,10.77,0.96,11.82,0.5,0.9199999999999999,032434f5deba4c7d92bd62ce33babaf3824b1f85,0.01,5,,4.1823,
2026-07-14T06:00:21Z,EPL,435490,epl-2026-team-of-the-season,EPL: 2026 PFA Team of the Year,2026-05-01T16:17:58.439577Z,2127672,will-marc-guehi-be-named-to-the-2026-pfa-premier-league-team-of-the-year,Will Marc Guehi be named to the 2026 PFA Premier League Team of the Year?,0x9a7829bcaf4bd65e903739dace6db739a8b68a396fd2c71a3d23d2a2cf2e88c5,"[""18774341203836696417330165615678664168245576790259527905518242337305438497157"", ""17833812615529939189123941305353432679112045501201563425472779980851390683424""]",18774341203836696417330165615678664168245576790259527905518242337305438497157|17833812615529939189123941305353432679112045501201563425472779980851390683424,17833812615529939189123941305353432679112045501201563425472779980851390683424,No,True,0.04,11.82,0.96,10.77,0.5,0.9199999999999999,61ce15dbad1e50a9f11afb3694ad6c82a1a3b1c2,0.01,5,,4.1823,
2026-07-14T06:00:21Z,EPL,435490,epl-2026-team-of-the-season,EPL: 2026 PFA Team of the Year,2026-05-01T16:17:58.439577Z,2127673,will-virgil-van-dijk-be-named-to-the-2026-pfa-premier-league-team-of-the-year,Will Virgil van Dijk be named to the 2026 PFA Premier League Team of the Year?,0x644231d6b178ebd20f0ab0b061a790f9dee4479ce96ab40686c8ade6f50a0238,"[""31721429411257768645758803262981554412084956132795321375044902571901613004887"", ""113776996666262784023568460080999498147130358875198884777079734831639187945943""]",31721429411257768645758803262981554412084956132795321375044902571901613004887|113776996666262784023568460080999498147130358875198884777079734831639187945943,31721429411257768645758803262981554412084956132795321375044902571901613004887,Yes,True,0.04,11.82,0.97,18.07,0.505,0.9299999999999999,2386dbcbcdd54a7869e53b7bf311b050c1652bd0,0.01,5,,4.8128,1.694914
2026-07-14T06:00:21Z,EPL,435490,epl-2026-team-of-the-season,EPL: 2026 PFA Team of the Year,2026-05-01T16:17:58.439577Z,2127673,will-virgil-van-dijk-be-named-to-the-2026-pfa-premier-league-team-of-the-year,Will Virgil van Dijk be named to the 2026 PFA Premier League Team of the Year?,0x644231d6b178ebd20f0ab0b061a790f9dee4479ce96ab40686c8ade6f50a0238,"[""31721429411257768645758803262981554412084956132795321375044902571901613004887"", ""113776996666262784023568460080999498147130358875198884777079734831639187945943""]",31721429411257768645758803262981554412084956132795321375044902571901613004887|113776996666262784023568460080999498147130358875198884777079734831639187945943,113776996666262784023568460080999498147130358875198884777079734831639187945943,No,True,0.03,18.07,0.96,11.82,0.495,0.9299999999999999,56b4b942328ddb7dc25d54d8e6dffd5f8aa5d58b,0.01,5,,4.8128,1.694914
2026-07-14T06:00:21Z,EPL,435490,epl-2026-team-of-the-season,EPL: 2026 PFA Team of the Year,2026-05-01T16:17:58.439577Z,2127674,will-marc-cucurella-be-named-to-the-2026-pfa-premier-league-team-of-the-year,Will Marc Cucurella be named to the 2026 PFA Premier League Team of the Year?,0xe74cf34bab6946206532fd38cbf5a7eb4b346f7d13bffc6ae16eb3a69a4225d0,"[""59830425161161665808750586172447751894718446914006207206558327469584286337472"", ""85414521652635437338276097105191648874111759265882984452544936528659374053637""]",59830425161161665808750586172447751894718446914006207206558327469584286337472|85414521652635437338276097105191648874111759265882984452544936528659374053637,59830425161161665808750586172447751894718446914006207206558327469584286337472,Yes,True,0.04,10.77,0.96,10.77,0.5,0.9199999999999999,90b540a9cce4f7956df4bdf6f60ba490f0835124,0.01,5,,4.0502,
2026-07-14T06:00:21Z,EPL,435490,epl-2026-team-of-the-season,EPL: 2026 PFA Team of the Year,2026-05-01T16:17:58.439577Z,2127674,will-marc-cucurella-be-named-to-the-2026-pfa-premier-league-team-of-the-year,Will Marc Cucurella be named to the 2026 PFA Premier League Team of the Year?,0xe74cf34bab6946206532fd38cbf5a7eb4b346f7d13bffc6ae16eb3a69a4225d0,"[""59830425161161665808750586172447751894718446914006207206558327469584286337472"", ""85414521652635437338276097105191648874111759265882984452544936528659374053637""]",59830425161161665808750586172447751894718446914006207206558327469584286337472|85414521652635437338276097105191648874111759265882984452544936528659374053637,85414521652635437338276097105191648874111759265882984452544936528659374053637,No,True,0.04,10.77,0.96,10.77,0.5,0.9199999999999999,6b120a51448595457d097ed3ea1c06ba9f48ea90,0.01,5,,4.0502,
2026-07-14T06:00:21Z,EPL,435490,epl-2026-team-of-the-season,EPL: 2026 PFA Team of the Year,2026-05-01T16:17:58.439577Z,2127675,will-piero-hincapie-be-named-to-the-2026-pfa-premier-league-team-of-the-year,Will Piero Hincapie be named to the 2026 PFA Premier League Team of the Year?,0x1d5d1e655085db69c387488aa7e661d4719bfa9c0bb392dd05652008c40b4a9a,"[""108011205392215304373394466135742493782019922749752404322686744906595861300763"", ""73789363813582664474158671396757087735667554782131752276569900280712319722369""]",108011205392215304373394466135742493782019922749752404322686744906595861300763|73789363813582664474158671396757087735667554782131752276569900280712319722369,108011205392215304373394466135742493782019922749752404322686744906595861300763,Yes,True,0.04,10.77,0.94,5.61,0.49,0.8999999999999999,96839d68e540df54eb15fe8868c4e20542aea61c,0.01,5,,3.8973,
2026-07-14T06:00:21Z,EPL,435490,epl-2026-team-of-the-season,EPL: 2026 PFA Team of the Year,2026-05-01T16:17:58.439577Z,2127675,will-piero-hincapie-be-named-to-the-2026-pfa-premier-league-team-of-the-year,Will Piero Hincapie be named to the 2026 PFA Premier League Team of the Year?,0x1d5d1e655085db69c387488aa7e661d4719bfa9c0bb392dd05652008c40b4a9a,"[""108011205392215304373394466135742493782019922749752404322686744906595861300763"", ""73789363813582664474158671396757087735667554782131752276569900280712319722369""]",108011205392215304373394466135742493782019922749752404322686744906595861300763|73789363813582664474158671396757087735667554782131752276569900280712319722369,73789363813582664474158671396757087735667554782131752276569900280712319722369,No,True,0.06,5.61,0.96,10.77,0.51,0.8999999999999999,38bd79e5403aac426486bad5a7dc42a012725c87,0.01,5,,3.8973,
2026-07-14T06:00:21Z,EPL,435490,epl-2026-team-of-the-season,EPL: 2026 PFA Team of the Year,2026-05-01T16:17:58.439577Z,2127676,will-declan-rice-be-named-to-the-2026-pfa-premier-league-team-of-the-year,Will Declan Rice be named to the 2026 PFA Premier League Team of the Year?,0x898bbb37bb3e8e03480b52c31bc12b12019e84f4d4042d25622f9a9b9f1a21f2,"[""11523245240526311970979368164866348724509187066335918581337691503956313417913"", ""16544219157755328462914309364144553632877138543113142832790826044960896254419""]",11523245240526311970979368164866348724509187066335918581337691503956313417913|16544219157755328462914309364144553632877138543113142832790826044960896254419,11523245240526311970979368164866348724509187066335918581337691503956313417913,Yes,True,0.06,5.61,0.95,8.0,0.505,0.8899999999999999,235703e1ee09423b599596d6800363b87458c693,0.01,5,,3.7849,16.114284
2026-07-14T06:00:21Z,EPL,435490,epl-2026-team-of-the-season,EPL: 2026 PFA Team of the Year,2026-05-01T16:17:58.439577Z,2127676,will-declan-rice-be-named-to-the-2026-pfa-premier-league-team-of-the-year,Will Declan Rice be named to the 2026 PFA Premier League Team of the Year?,0x898bbb37bb3e8e03480b52c31bc12b12019e84f4d4042d25622f9a9b9f1a21f2,"[""11523245240526311970979368164866348724509187066335918581337691503956313417913"", ""16544219157755328462914309364144553632877138543113142832790826044960896254419""]",11523245240526311970979368164866348724509187066335918581337691503956313417913|16544219157755328462914309364144553632877138543113142832790826044960896254419,16544219157755328462914309364144553632877138543113142832790826044960896254419,No,True,0.05,8.0,0.94,5.61,0.495,0.8899999999999999,6d6f37e0f7579e70070a6eee33328645d7392b9f,0.01,5,,3.7849,16.114284
2026-07-14T06:00:21Z,EPL,435490,epl-2026-team-of-the-season,EPL: 2026 PFA Team of the Year,2026-05-01T16:17:58.439577Z,2127677,will-bruno-fernandes-be-named-to-the-2026-pfa-premier-league-team-of-the-year,Will Bruno Fernandes be named to the 2026 PFA Premier League Team of the Year?,0x679720492bcbff900bde0e29eb7e812c77909bccb3c32b79a3186fc1db03b854,"[""86859495495502891076141743940914617575208033060738396981338088715869715113963"", ""65620697419400192059458180949993387679798824363092322581187835468683093164088""]",86859495495502891076141743940914617575208033060738396981338088715869715113963|65620697419400192059458180949993387679798824363092322581187835468683093164088,86859495495502891076141743940914617575208033060738396981338088715869715113963,Yes,True,0.24,13.86,0.997,55.36,0.6185,0.757,4d648d6175a18b12c7e27c4bd2b446fe5df94961,0.001,5,,22.3292,440.10643600000003
2026-07-14T06:00:21Z,EPL,435490,epl-2026-team-of-the-season,EPL: 2026 PFA Team of the Year,2026-05-01T16:17:58.439577Z,2127677,will-bruno-fernandes-be-named-to-the-2026-pfa-premier-league-team-of-the-year,Will Bruno Fernandes be named to the 2026 PFA Premier League Team of the Year?,0x679720492bcbff900bde0e29eb7e812c77909bccb3c32b79a3186fc1db03b854,"[""86859495495502891076141743940914617575208033060738396981338088715869715113963"", ""65620697419400192059458180949993387679798824363092322581187835468683093164088""]",86859495495502891076141743940914617575208033060738396981338088715869715113963|65620697419400192059458180949993387679798824363092322581187835468683093164088,65620697419400192059458180949993387679798824363092322581187835468683093164088,No,True,0.003,55.36,0.76,13.86,0.3815,0.757,7df6fbe04e9bf6875aea888ae62ad9d441e0476f,0.001,5,,22.3292,440.10643600000003
2026-07-14T06:00:21Z,EPL,435490,epl-2026-team-of-the-season,EPL: 2026 PFA Team of the Year,2026-05-01T16:17:58.439577Z,2127678,will-rodri-be-named-to-the-2026-pfa-premier-league-team-of-the-year,Will Rodri be named to the 2026 PFA Premier League Team of the Year?,0xf9de760ff713bdc5ebdc87ea4a88fb9423ef31bc59d2abb917df50b5b44482c1,"[""92734106880343514385310320083033583888695626897895802880610705682382451590633"", ""56976958810450515743106834354983994802402840862579527495329062688335275234740""]",92734106880343514385310320083033583888695626897895802880610705682382451590633|56976958810450515743106834354983994802402840862579527495329062688335275234740,92734106880343514385310320083033583888695626897895802880610705682382451590633,Yes,True,0.04,10.77,0.96,10.77,0.5,0.9199999999999999,aec4322f60e205dec4a7fed4197d75f3bade0434,0.01,5,,4.0466,
2026-07-14T06:00:21Z,EPL,435490,epl-2026-team-of-the-season,EPL: 2026 PFA Team of the Year,2026-05-01T16:17:58.439577Z,2127678,will-rodri-be-named-to-the-2026-pfa-premier-league-team-of-the-year,Will Rodri be named to the 2026 PFA Premier League Team of the Year?,0xf9de760ff713bdc5ebdc87ea4a88fb9423ef31bc59d2abb917df50b5b44482c1,"[""92734106880343514385310320083033583888695626897895802880610705682382451590633"", ""56976958810450515743106834354983994802402840862579527495329062688335275234740""]",92734106880343514385310320083033583888695626897895802880610705682382451590633|56976958810450515743106834354983994802402840862579527495329062688335275234740,56976958810450515743106834354983994802402840862579527495329062688335275234740,No,True,0.04,10.77,0.96,10.77,0.5,0.9199999999999999,cb69edf20d3177e1a0275692d5556e20c279d3fb,0.01,5,,4.0466,
2026-07-14T06:00:21Z,EPL,435490,epl-2026-team-of-the-season,EPL: 2026 PFA Team of the Year,2026-05-01T16:17:58.439577Z,2127679,will-rayan-cherki-be-named-to-the-2026-pfa-premier-league-team-of-the-year,Will Rayan Cherki be named to the 2026 PFA Premier League Team of the Year?,0xf1bef1d60925998b7577b014ea907965209b9045c197e79e77eb14439d7c431a,"[""44002481860388892740183335966007748831643129921411222940033401480764334836407"", ""47465498507287502475094187263593898643776563896680345103863507875745126656121""]",44002481860388892740183335966007748831643129921411222940033401480764334836407|47465498507287502475094187263593898643776563896680345103863507875745126656121,44002481860388892740183335966007748831643129921411222940033401480764334836407,Yes,True,0.04,11.82,0.96,11.7,0.5,0.9199999999999999,85a01bbf706338737456456bc17d5d2a75dc4e6b,0.01,5,,4.252,
2026-07-14T06:00:21Z,EPL,435490,epl-2026-team-of-the-season,EPL: 2026 PFA Team of the Year,2026-05-01T16:17:58.439577Z,2127679,will-rayan-cherki-be-named-to-the-2026-pfa-premier-league-team-of-the-year,Will Rayan Cherki be named to the 2026 PFA Premier League Team of the Year?,0xf1bef1d60925998b7577b014ea907965209b9045c197e79e77eb14439d7c431a,"[""44002481860388892740183335966007748831643129921411222940033401480764334836407"", ""47465498507287502475094187263593898643776563896680345103863507875745126656121""]",44002481860388892740183335966007748831643129921411222940033401480764334836407|47465498507287502475094187263593898643776563896680345103863507875745126656121,47465498507287502475094187263593898643776563896680345103863507875745126656121,No,True,0.04,11.7,0.96,11.82,0.5,0.9199999999999999,ab76262799f443762d88c3d634f23708fa025fb4,0.01,5,,4.252,
2026-07-14T06:00:21Z,EPL,435490,epl-2026-team-of-the-season,EPL: 2026 PFA Team of the Year,2026-05-01T16:17:58.439577Z,2127680,will-dominik-szoboszlai-be-named-to-the-2026-pfa-premier-league-team-of-the-year,Will Dominik Szoboszlai be named to the 2026 PFA Premier League Team of the Year?,0xd5a172faaf27f951f5bc5c2d19f18367ab85e9c963e7357a8433da84e895507e,"[""10904347939559348084889283384973600207001307228767801114856379948987944051302"", ""63514807846207217791796334733580770155958510280638850911506455990693175502240""]",10904347939559348084889283384973600207001307228767801114856379948987944051302|63514807846207217791796334733580770155958510280638850911506455990693175502240,10904347939559348084889283384973600207001307228767801114856379948987944051302,Yes,True,0.04,10.77,0.96,10.77,0.5,0.9199999999999999,3e827a99ddbdce3ee2839cef105242e0baf2bf11,0.01,5,,4.252,
2026-07-14T06:00:21Z,EPL,435490,epl-2026-team-of-the-season,EPL: 2026 PFA Team of the Year,2026-05-01T16:17:58.439577Z,2127680,will-dominik-szoboszlai-be-named-to-the-2026-pfa-premier-league-team-of-the-year,Will Dominik Szoboszlai be named to the 2026 PFA Premier League Team of the Year?,0xd5a172faaf27f951f5bc5c2d19f18367ab85e9c963e7357a8433da84e895507e,"[""10904347939559348084889283384973600207001307228767801114856379948987944051302"", ""63514807846207217791796334733580770155958510280638850911506455990693175502240""]",10904347939559348084889283384973600207001307228767801114856379948987944051302|63514807846207217791796334733580770155958510280638850911506455990693175502240,63514807846207217791796334733580770155958510280638850911506455990693175502240,No,True,0.04,10.77,0.96,10.77,0.5,0.9199999999999999,d83644e1f448fdb429f592e4ecf7500e10b4f620,0.01,5,,4.252,
2026-07-14T06:00:21Z,EPL,435490,epl-2026-team-of-the-season,EPL: 2026 PFA Team of the Year,2026-05-01T16:17:58.439577Z,2127681,will-moises-caicedo-be-named-to-the-2026-pfa-premier-league-team-of-the-year,Will Moises Caicedo be named to the 2026 PFA Premier League Team of the Year?,0x6a8a0e28a90c3880e21bb6de9eb98f12d5e81a8d88570a2c5b855ee60b6263ba,"[""13244409081849499988815460722411109697257731580831464114667102436005675343259"", ""41998463599395516608520033462694074004839767261466278584344671813809549672424""]",13244409081849499988815460722411109697257731580831464114667102436005675343259|41998463599395516608520033462694074004839767261466278584344671813809549672424,13244409081849499988815460722411109697257731580831464114667102436005675343259,Yes,True,0.04,11.7,0.96,10.77,0.5,0.9199999999999999,8beacc957db710e425847eab068fe003b18da239,0.01,5,,4.1822,
2026-07-14T06:00:21Z,EPL,435490,epl-2026-team-of-the-season,EPL: 2026 PFA Team of the Year,2026-05-01T16:17:58.439577Z,2127681,will-moises-caicedo-be-named-to-the-2026-pfa-premier-league-team-of-the-year,Will Moises Caicedo be named to the 2026 PFA Premier League Team of the Year?,0x6a8a0e28a90c3880e21bb6de9eb98f12d5e81a8d88570a2c5b855ee60b6263ba,"[""13244409081849499988815460722411109697257731580831464114667102436005675343259"", ""41998463599395516608520033462694074004839767261466278584344671813809549672424""]",13244409081849499988815460722411109697257731580831464114667102436005675343259|41998463599395516608520033462694074004839767261466278584344671813809549672424,41998463599395516608520033462694074004839767261466278584344671813809549672424,No,True,0.04,10.77,0.96,11.7,0.5,0.9199999999999999,3f15f8a8b2eb4aa6e561487327abd07f79fb6679,0.01,5,,4.1822,
2026-07-14T06:00:21Z,EPL,435490,epl-2026-team-of-the-season,EPL: 2026 PFA Team of the Year,2026-05-01T16:17:58.439577Z,2127682,will-elliot-anderson-be-named-to-the-2026-pfa-premier-league-team-of-the-year,Will Elliot Anderson be named to the 2026 PFA Premier League Team of the Year?,0x3e7b9aff81e624e4f9ef7677696f2d4fae5837bdf83bd9ed2d62ec7a87aaf7a6,"[""2770428290325312677871192984476250158140993595717599201621714256969118294243"", ""87005572382727825804817777311897399081855387101457739624425019964385877189800""]",2770428290325312677871192984476250158140993595717599201621714256969118294243|87005572382727825804817777311897399081855387101457739624425019964385877189800,2770428290325312677871192984476250158140993595717599201621714256969118294243,Yes,True,0.04,11.7,0.96,10.77,0.5,0.9199999999999999,cdcef191e90e5e2c6ce33b549735c85d4a9583b8,0.01,5,,4.248,
2026-07-14T06:00:21Z,EPL,435490,epl-2026-team-of-the-season,EPL: 2026 PFA Team of the Year,2026-05-01T16:17:58.439577Z,2127682,will-elliot-anderson-be-named-to-the-2026-pfa-premier-league-team-of-the-year,Will Elliot Anderson be named to the 2026 PFA Premier League Team of the Year?,0x3e7b9aff81e624e4f9ef7677696f2d4fae5837bdf83bd9ed2d62ec7a87aaf7a6,"[""2770428290325312677871192984476250158140993595717599201621714256969118294243"", ""87005572382727825804817777311897399081855387101457739624425019964385877189800""]",2770428290325312677871192984476250158140993595717599201621714256969118294243|87005572382727825804817777311897399081855387101457739624425019964385877189800,87005572382727825804817777311897399081855387101457739624425019964385877189800,No,True,0.04,10.77,0.96,11.7,0.5,0.9199999999999999,3bd0236ae3b4a5482f58df2b6b9a44df6a7c3492,0.01,5,,4.248,
2026-07-14T06:00:21Z,EPL,435490,epl-2026-team-of-the-season,EPL: 2026 PFA Team of the Year,2026-05-01T16:17:58.439577Z,2127683,will-erling-haaland-be-named-to-the-2026-pfa-premier-league-team-of-the-year,Will Erling Haaland be named to the 2026 PFA Premier League Team of the Year?,0x0a3ee85120cf7d2febbaba00b787db1bd1fdc7f80f8277d89675736a430e2065,"[""36505760582912364024564187063352953937975349358323597571083864672476590879653"", ""36939641234709193046881505450280116016622287455799963152747536559103079527590""]",36505760582912364024564187063352953937975349358323597571083864672476590879653|36939641234709193046881505450280116016622287455799963152747536559103079527590,36505760582912364024564187063352953937975349358323597571083864672476590879653,Yes,True,0.04,10.77,0.96,10.77,0.5,0.9199999999999999,8d4d3cdfe0a71424b5372145a8dd1f76ebfa6908,0.01,5,,4.0463,
2026-07-14T06:00:21Z,EPL,435490,epl-2026-team-of-the-season,EPL: 2026 PFA Team of the Year,2026-05-01T16:17:58.439577Z,2127683,will-erling-haaland-be-named-to-the-2026-pfa-premier-league-team-of-the-year,Will Erling Haaland be named to the 2026 PFA Premier League Team of the Year?,0x0a3ee85120cf7d2febbaba00b787db1bd1fdc7f80f8277d89675736a430e2065,"[""36505760582912364024564187063352953937975349358323597571083864672476590879653"", ""36939641234709193046881505450280116016622287455799963152747536559103079527590""]",36505760582912364024564187063352953937975349358323597571083864672476590879653|36939641234709193046881505450280116016622287455799963152747536559103079527590,36939641234709193046881505450280116016622287455799963152747536559103079527590,No,True,0.04,10.77,0.96,10.77,0.5,0.9199999999999999,f52494a541e773785dba25812d369db7c6eb91ab,0.01,5,,4.0463,
2026-07-14T06:00:21Z,EPL,435490,epl-2026-team-of-the-season,EPL: 2026 PFA Team of the Year,2026-05-01T16:17:58.439577Z,2127684,will-hugo-ekitike-be-named-to-the-2026-pfa-premier-league-team-of-the-year,Will Hugo Ekitike be named to the 2026 PFA Premier League Team of the Year?,0x3ac387fc809af29edadb0c1881ecd88319f8b4ebb5b0a89a77a84e85f4a2099c,"[""21160761171799050394335213154237360537464294007297740615880003417666696561468"", ""57509889980199562878580001207297131252053963359675973392844979135378456666743""]",21160761171799050394335213154237360537464294007297740615880003417666696561468|57509889980199562878580001207297131252053963359675973392844979135378456666743,21160761171799050394335213154237360537464294007297740615880003417666696561468,Yes,True,0.04,11.52,0.94,5.61,0.49,0.8999999999999999,e1dc0ffa1629ec60dccda6ca022dc629d689223e,0.01,5,,3.967,
2026-07-14T06:00:21Z,EPL,435490,epl-2026-team-of-the-season,EPL: 2026 PFA Team of the Year,2026-05-01T16:17:58.439577Z,2127684,will-hugo-ekitike-be-named-to-the-2026-pfa-premier-league-team-of-the-year,Will Hugo Ekitike be named to the 2026 PFA Premier League Team of the Year?,0x3ac387fc809af29edadb0c1881ecd88319f8b4ebb5b0a89a77a84e85f4a2099c,"[""21160761171799050394335213154237360537464294007297740615880003417666696561468"", ""57509889980199562878580001207297131252053963359675973392844979135378456666743""]",21160761171799050394335213154237360537464294007297740615880003417666696561468|57509889980199562878580001207297131252053963359675973392844979135378456666743,57509889980199562878580001207297131252053963359675973392844979135378456666743,No,True,0.06,5.61,0.96,11.52,0.51,0.8999999999999999,0a65869843c5ca50639e1ac8702cbcf6cb5eaee7,0.01,5,,3.967,
2026-07-14T06:00:21Z,EPL,435490,epl-2026-team-of-the-season,EPL: 2026 PFA Team of the Year,2026-05-01T16:17:58.439577Z,2127685,will-igor-thiago-be-named-to-the-2026-pfa-premier-league-team-of-the-year,Will Igor Thiago be named to the 2026 PFA Premier League Team of the Year?,0x2565964258328ceff81b8dd027a9b4bfae11353bbfbb3e27625da025fffc2d97,"[""45116472354972988677943929968423217543948497597214084731838340702588569592863"", ""57509607526871690199395719807389480255858394821926865896302284337840164838738""]",45116472354972988677943929968423217543948497597214084731838340702588569592863|57509607526871690199395719807389480255858394821926865896302284337840164838738,45116472354972988677943929968423217543948497597214084731838340702588569592863,Yes,True,0.04,11.82,0.96,10.77,0.5,0.9199999999999999,e0340f05fbe762b1c2c0dacd59768c4be306da53,0.01,5,,4.1163,
2026-07-14T06:00:21Z,EPL,435490,epl-2026-team-of-the-season,EPL: 2026 PFA Team of the Year,2026-05-01T16:17:58.439577Z,2127685,will-igor-thiago-be-named-to-the-2026-pfa-premier-league-team-of-the-year,Will Igor Thiago be named to the 2026 PFA Premier League Team of the Year?,0x2565964258328ceff81b8dd027a9b4bfae11353bbfbb3e27625da025fffc2d97,"[""45116472354972988677943929968423217543948497597214084731838340702588569592863"", ""57509607526871690199395719807389480255858394821926865896302284337840164838738""]",45116472354972988677943929968423217543948497597214084731838340702588569592863|57509607526871690199395719807389480255858394821926865896302284337840164838738,57509607526871690199395719807389480255858394821926865896302284337840164838738,No,True,0.04,10.77,0.96,11.82,0.5,0.9199999999999999,4dc2ccc73a5743d4266b6cc95528e9263c979e11,0.01,5,,4.1163,
2026-07-14T06:00:21Z,EPL,435490,epl-2026-team-of-the-season,EPL: 2026 PFA Team of the Year,2026-05-01T16:17:58.439577Z,2127686,will-joo-pedro-be-named-to-the-2026-pfa-premier-league-team-of-the-year,Will João Pedro be named to the 2026 PFA Premier League Team of the Year?,0x6fce5bfb34549a3a2c919a87ed5948038ae259334b99c7626269b54b5aec2e0e,"[""32710637391248437289327028678783582535502723443825413307615920275857755767269"", ""76494283295406840675256483217001111989666469664619203128145658200939942333539""]",32710637391248437289327028678783582535502723443825413307615920275857755767269|76494283295406840675256483217001111989666469664619203128145658200939942333539,32710637391248437289327028678783582535502723443825413307615920275857755767269,Yes,True,0.04,10.77,0.94,5.61,0.49,0.8999999999999999,205446fa418621f8dc61069d5981f5cb727811d1,0.01,5,,3.8421,
2026-07-14T06:00:21Z,EPL,435490,epl-2026-team-of-the-season,EPL: 2026 PFA Team of the Year,2026-05-01T16:17:58.439577Z,2127686,will-joo-pedro-be-named-to-the-2026-pfa-premier-league-team-of-the-year,Will João Pedro be named to the 2026 PFA Premier League Team of the Year?,0x6fce5bfb34549a3a2c919a87ed5948038ae259334b99c7626269b54b5aec2e0e,"[""32710637391248437289327028678783582535502723443825413307615920275857755767269"", ""76494283295406840675256483217001111989666469664619203128145658200939942333539""]",32710637391248437289327028678783582535502723443825413307615920275857755767269|76494283295406840675256483217001111989666469664619203128145658200939942333539,76494283295406840675256483217001111989666469664619203128145658200939942333539,No,True,0.06,5.61,0.96,10.77,0.51,0.8999999999999999,6a7b384af82f168614bb344311accccd00f991b3,0.01,5,,3.8421,
2026-07-14T06:00:21Z,EPL,435490,epl-2026-team-of-the-season,EPL: 2026 PFA Team of the Year,2026-05-01T16:17:58.439577Z,2127687,will-morgan-rogers-be-named-to-the-2026-pfa-premier-league-team-of-the-year,Will Morgan Rogers be named to the 2026 PFA Premier League Team of the Year?,0x96b8591e61ab8153068ed93e54c013f0e6b89cea2aa4e133fdfd9dafcded9277,"[""35606525977135678474506342380680226214353069361032301286284296655225714906882"", ""21333608757853284524355908501060578820412665842300321107531640970971045399525""]",35606525977135678474506342380680226214353069361032301286284296655225714906882|21333608757853284524355908501060578820412665842300321107531640970971045399525,35606525977135678474506342380680226214353069361032301286284296655225714906882,Yes,True,0.04,10.77,0.96,10.77,0.5,0.9199999999999999,e1907950841512d636fb4993529dcf09852c4063,0.01,5,,3.9806,
2026-07-14T06:00:21Z,EPL,435490,epl-2026-team-of-the-season,EPL: 2026 PFA Team of the Year,2026-05-01T16:17:58.439577Z,2127687,will-morgan-rogers-be-named-to-the-2026-pfa-premier-league-team-of-the-year,Will Morgan Rogers be named to the 2026 PFA Premier League Team of the Year?,0x96b8591e61ab8153068ed93e54c013f0e6b89cea2aa4e133fdfd9dafcded9277,"[""35606525977135678474506342380680226214353069361032301286284296655225714906882"", ""21333608757853284524355908501060578820412665842300321107531640970971045399525""]",35606525977135678474506342380680226214353069361032301286284296655225714906882|21333608757853284524355908501060578820412665842300321107531640970971045399525,21333608757853284524355908501060578820412665842300321107531640970971045399525,No,True,0.04,10.77,0.96,10.77,0.5,0.9199999999999999,ecb170ae2bf2dedd59b9e4f398636496f58e5924,0.01,5,,3.9806,
2026-07-14T06:00:21Z,EPL,435490,epl-2026-team-of-the-season,EPL: 2026 PFA Team of the Year,2026-05-01T16:17:58.439577Z,2127688,will-antoine-semenyo-be-named-to-the-2026-pfa-premier-league-team-of-the-year,Will Antoine Semenyo be named to the 2026 PFA Premier League Team of the Year?,0x1220c8ad3de1b3e3a079e832ec53f3cd4c3f014685820c7364e6feeec413e4d8,"[""76296603541032491222249921378613877627058194760954506807014743183408941333618"", ""21304560232739094042644316740439641499393814233414419162298081903469670924441""]",76296603541032491222249921378613877627058194760954506807014743183408941333618|21304560232739094042644316740439641499393814233414419162298081903469670924441,76296603541032491222249921378613877627058194760954506807014743183408941333618,Yes,True,0.04,13.63,0.94,6.06,0.49,0.8999999999999999,9cb18ac786d152489c7e66a66ed1e6b1c56176df,0.01,5,,4.6484,2.08165
2026-07-14T06:00:21Z,EPL,435490,epl-2026-team-of-the-season,EPL: 2026 PFA Team of the Year,2026-05-01T16:17:58.439577Z,2127688,will-antoine-semenyo-be-named-to-the-2026-pfa-premier-league-team-of-the-year,Will Antoine Semenyo be named to the 2026 PFA Premier League Team of the Year?,0x1220c8ad3de1b3e3a079e832ec53f3cd4c3f014685820c7364e6feeec413e4d8,"[""76296603541032491222249921378613877627058194760954506807014743183408941333618"", ""21304560232739094042644316740439641499393814233414419162298081903469670924441""]",76296603541032491222249921378613877627058194760954506807014743183408941333618|21304560232739094042644316740439641499393814233414419162298081903469670924441,21304560232739094042644316740439641499393814233414419162298081903469670924441,No,True,0.06,6.06,0.96,13.63,0.51,0.8999999999999999,d58986976ff5c71a922c530e6a35c6ffe5a7c191,0.01,5,,4.6484,2.08165
2026-07-14T06:00:21Z,EPL,435490,epl-2026-team-of-the-season,EPL: 2026 PFA Team of the Year,2026-05-01T16:17:58.439577Z,2127689,will-jeremy-doku-be-named-to-the-2026-pfa-premier-league-team-of-the-year,Will Jeremy Doku be named to the 2026 PFA Premier League Team of the Year?,0xa879be670c7ecf3087a8bf9fc8cf43b4e415502e71e7910dd63ac8f80a56d87b,"[""3879696626646145930128886354978365884788235204398514844964568164322230593973"", ""79551627668553765432569263846776420950508270405186694496807348421004929288226""]",3879696626646145930128886354978365884788235204398514844964568164322230593973|79551627668553765432569263846776420950508270405186694496807348421004929288226,3879696626646145930128886354978365884788235204398514844964568164322230593973,Yes,True,0.04,10.77,0.96,10.77,0.5,0.9199999999999999,3480f62ae41b497561bb9d5843740ebdd8436745,0.01,5,,4.1803,
2026-07-14T06:00:21Z,EPL,435490,epl-2026-team-of-the-season,EPL: 2026 PFA Team of the Year,2026-05-01T16:17:58.439577Z,2127689,will-jeremy-doku-be-named-to-the-2026-pfa-premier-league-team-of-the-year,Will Jeremy Doku be named to the 2026 PFA Premier League Team of the Year?,0xa879be670c7ecf3087a8bf9fc8cf43b4e415502e71e7910dd63ac8f80a56d87b,"[""3879696626646145930128886354978365884788235204398514844964568164322230593973"", ""79551627668553765432569263846776420950508270405186694496807348421004929288226""]",3879696626646145930128886354978365884788235204398514844964568164322230593973|79551627668553765432569263846776420950508270405186694496807348421004929288226,79551627668553765432569263846776420950508270405186694496807348421004929288226,No,True,0.04,10.77,0.96,10.77,0.5,0.9199999999999999,0b41e663259f494a196a78a81aab5a58c692c985,0.01,5,,4.1803,
2026-07-14T06:00:21Z,EPL,435490,epl-2026-team-of-the-season,EPL: 2026 PFA Team of the Year,2026-05-01T16:17:58.439577Z,2127690,will-bryan-mbeumo-be-named-to-the-2026-pfa-premier-league-team-of-the-year,Will Bryan Mbeumo be named to the 2026 PFA Premier League Team of the Year?,0xbc5c1fe3e7dd57070ca528cd85b158334b7aa9ee0c87b22c861586f82f115f53,"[""91785058119765698978951103847186849259631214663163177270696303972172010570357"", ""57423228513700841810717133678013622282899538997222385821885417665448518434118""]",91785058119765698978951103847186849259631214663163177270696303972172010570357|57423228513700841810717133678013622282899538997222385821885417665448518434118,91785058119765698978951103847186849259631214663163177270696303972172010570357,Yes,True,0.04,11.82,0.94,5.61,0.49,0.8999999999999999,562b1d6802b9dfe8346ab83755d2f56955aee2b7,0.01,5,,3.9669,
2026-07-14T06:00:21Z,EPL,435490,epl-2026-team-of-the-season,EPL: 2026 PFA Team of the Year,2026-05-01T16:17:58.439577Z,2127690,will-bryan-mbeumo-be-named-to-the-2026-pfa-premier-league-team-of-the-year,Will Bryan Mbeumo be named to the 2026 PFA Premier League Team of the Year?,0xbc5c1fe3e7dd57070ca528cd85b158334b7aa9ee0c87b22c861586f82f115f53,"[""91785058119765698978951103847186849259631214663163177270696303972172010570357"", ""57423228513700841810717133678013622282899538997222385821885417665448518434118""]",91785058119765698978951103847186849259631214663163177270696303972172010570357|57423228513700841810717133678013622282899538997222385821885417665448518434118,57423228513700841810717133678013622282899538997222385821885417665448518434118,No,True,0.06,5.61,0.96,11.82,0.51,0.8999999999999999,6fa5661ab9d68448731c35b39cbaa1d5185ab370,0.01,5,,3.9669,
2026-07-14T06:00:21Z,EPL,435490,epl-2026-team-of-the-season,EPL: 2026 PFA Team of the Year,2026-05-01T16:17:58.439577Z,2127691,will-jarrod-bowen-be-named-to-the-2026-pfa-premier-league-team-of-the-year,Will Jarrod Bowen be named to the 2026 PFA Premier League Team of the Year?,0x7352d3b05ddd64c22487c855e05c0485348e49d0dad74d9bde2c0478db43701e,"[""72676667720459668200165137999841534576126998576490942457742996617745849748718"", ""93972487936526721423770075279455909737407561133246099106446256232697159064557""]",72676667720459668200165137999841534576126998576490942457742996617745849748718|93972487936526721423770075279455909737407561133246099106446256232697159064557,72676667720459668200165137999841534576126998576490942457742996617745849748718,Yes,True,0.04,11.82,0.94,5.61,0.49,0.8999999999999999,5a04ad4064ad2bf4a006cb827abf12925eb4a7cb,0.01,5,,3.9667,
2026-07-14T06:00:21Z,EPL,435490,epl-2026-team-of-the-season,EPL: 2026 PFA Team of the Year,2026-05-01T16:17:58.439577Z,2127691,will-jarrod-bowen-be-named-to-the-2026-pfa-premier-league-team-of-the-year,Will Jarrod Bowen be named to the 2026 PFA Premier League Team of the Year?,0x7352d3b05ddd64c22487c855e05c0485348e49d0dad74d9bde2c0478db43701e,"[""72676667720459668200165137999841534576126998576490942457742996617745849748718"", ""93972487936526721423770075279455909737407561133246099106446256232697159064557""]",72676667720459668200165137999841534576126998576490942457742996617745849748718|93972487936526721423770075279455909737407561133246099106446256232697159064557,93972487936526721423770075279455909737407561133246099106446256232697159064557,No,True,0.06,5.61,0.96,11.82,0.51,0.8999999999999999,1a710496bee297301fc69b05d6791744036696b4,0.01,5,,3.9667,
2026-07-14T06:00:21Z,EPL,435490,epl-2026-team-of-the-season,EPL: 2026 PFA Team of the Year,2026-05-01T16:17:58.439577Z,2127692,will-phil-foden-be-named-to-the-2026-pfa-premier-league-team-of-the-year,Will Phil Foden be named to the 2026 PFA Premier League Team of the Year?,0x0f4085f5c4961b9029c600d4f976d0594a302e9f365552b48f500b655f2ac4fa,"[""8033894410953638407847681522327346336043237396295679948351222439635117761656"", ""89182645560093896409280692775338915223534298743660692930735700909064064285484""]",8033894410953638407847681522327346336043237396295679948351222439635117761656|89182645560093896409280692775338915223534298743660692930735700909064064285484,8033894410953638407847681522327346336043237396295679948351222439635117761656,Yes,True,0.04,10.77,0.94,5.61,0.49,0.8999999999999999,af5367acfb4b5f1f2677a2c2e39496f111890b36,0.01,5,,3.8973,
2026-07-14T06:00:21Z,EPL,435490,epl-2026-team-of-the-season,EPL: 2026 PFA Team of the Year,2026-05-01T16:17:58.439577Z,2127692,will-phil-foden-be-named-to-the-2026-pfa-premier-league-team-of-the-year,Will Phil Foden be named to the 2026 PFA Premier League Team of the Year?,0x0f4085f5c4961b9029c600d4f976d0594a302e9f365552b48f500b655f2ac4fa,"[""8033894410953638407847681522327346336043237396295679948351222439635117761656"", ""89182645560093896409280692775338915223534298743660692930735700909064064285484""]",8033894410953638407847681522327346336043237396295679948351222439635117761656|89182645560093896409280692775338915223534298743660692930735700909064064285484,89182645560093896409280692775338915223534298743660692930735700909064064285484,No,True,0.06,5.61,0.96,10.77,0.51,0.8999999999999999,c31f9595b3dd55f5c6cebf82cfad613a90338243,0.01,5,,3.8973,
2026-07-14T06:00:21Z,EPL,435490,epl-2026-team-of-the-season,EPL: 2026 PFA Team of the Year,2026-05-01T16:17:58.439577Z,2127693,will-bukayo-saka-be-named-to-the-2026-pfa-premier-league-team-of-the-year,Will Bukayo Saka be named to the 2026 PFA Premier League Team of the Year?,0xb31d5274c8acbc2b023593c03fe1cb6367f42a9596ebb5d61b3204457b980730,"[""3899512605908669133631802955015968710467998848723391934123440957914049621850"", ""50079801685037680014087676599806731271595381000363699907442053815397821742247""]",3899512605908669133631802955015968710467998848723391934123440957914049621850|50079801685037680014087676599806731271595381000363699907442053815397821742247,3899512605908669133631802955015968710467998848723391934123440957914049621850,Yes,True,0.02,10.77,0.95,8.22,0.485,0.9299999999999999,07105f882023a63741ff629780330c9a789245c7,0.01,5,,4.2557,5.434775
2026-07-14T06:00:21Z,EPL,435490,epl-2026-team-of-the-season,EPL: 2026 PFA Team of the Year,2026-05-01T16:17:58.439577Z,2127693,will-bukayo-saka-be-named-to-the-2026-pfa-premier-league-team-of-the-year,Will Bukayo Saka be named to the 2026 PFA Premier League Team of the Year?,0xb31d5274c8acbc2b023593c03fe1cb6367f42a9596ebb5d61b3204457b980730,"[""3899512605908669133631802955015968710467998848723391934123440957914049621850"", ""50079801685037680014087676599806731271595381000363699907442053815397821742247""]",3899512605908669133631802955015968710467998848723391934123440957914049621850|50079801685037680014087676599806731271595381000363699907442053815397821742247,50079801685037680014087676599806731271595381000363699907442053815397821742247,No,True,0.05,8.22,0.98,10.77,0.515,0.9299999999999999,cc221e18bc1692cc26ed96c9c32c0780a757cd31,0.01,5,,4.2557,5.434775
2026-07-14T07:53:37Z,EPL,333084,epl-team-to-qualify-for-uefa-conference-league,EPL: Team to qualify for UEFA Conference League,2026-04-01T17:27:13.650134Z,1818367,will-arsenal-qualify-for-the-league-phase-of-the-2026-27-uefa-conference-league,Will Arsenal qualify for the League Phase of the 2026-27 UEFA Conference League?,0xe303639e6e879ac5dac9632362583523a2c1ff1ac46645f45fd5c1e7034b3ef7,"[""68901380712839851395966644282518000143877097473327410904576810621084636054002"", ""14101352633367703776049560107649243928150035657062243340231594815518398887879""]",68901380712839851395966644282518000143877097473327410904576810621084636054002|14101352633367703776049560107649243928150035657062243340231594815518398887879,68901380712839851395966644282518000143877097473327410904576810621084636054002,Yes,False,,,,,,,,,,,,467.35890000000006
2026-07-14T07:53:37Z,EPL,333084,epl-team-to-qualify-for-uefa-conference-league,EPL: Team to qualify for UEFA Conference League,2026-04-01T17:27:13.650134Z,1818367,will-arsenal-qualify-for-the-league-phase-of-the-2026-27-uefa-conference-league,Will Arsenal qualify for the League Phase of the 2026-27 UEFA Conference League?,0xe303639e6e879ac5dac9632362583523a2c1ff1ac46645f45fd5c1e7034b3ef7,"[""68901380712839851395966644282518000143877097473327410904576810621084636054002"", ""14101352633367703776049560107649243928150035657062243340231594815518398887879""]",68901380712839851395966644282518000143877097473327410904576810621084636054002|14101352633367703776049560107649243928150035657062243340231594815518398887879,14101352633367703776049560107649243928150035657062243340231594815518398887879,No,False,,,,,,,,,,,,467.35890000000006
2026-07-14T07:53:37Z,EPL,333084,epl-team-to-qualify-for-uefa-conference-league,EPL: Team to qualify for UEFA Conference League,2026-04-01T17:27:13.650134Z,1818368,will-aston-villa-qualify-for-the-league-phase-of-the-2026-27-uefa-conference-league,Will Aston Villa qualify for the League Phase of the 2026-27 UEFA Conference League?,0x28177c964d8b9d218ddc13dac289b4d63545aec7329fb69b12413e1a10a75457,"[""31823132354185101528875214330987706903655516243832510690074648671327601851551"", ""24610182176230826024523430019874907375950075107195029433984156474474467506756""]",31823132354185101528875214330987706903655516243832510690074648671327601851551|24610182176230826024523430019874907375950075107195029433984156474474467506756,31823132354185101528875214330987706903655516243832510690074648671327601851551,Yes,False,,,,,,,,,,,,118.34
2026-07-14T07:53:37Z,EPL,333084,epl-team-to-qualify-for-uefa-conference-league,EPL: Team to qualify for UEFA Conference League,2026-04-01T17:27:13.650134Z,1818368,will-aston-villa-qualify-for-the-league-phase-of-the-2026-27-uefa-conference-league,Will Aston Villa qualify for the League Phase of the 2026-27 UEFA Conference League?,0x28177c964d8b9d218ddc13dac289b4d63545aec7329fb69b12413e1a10a75457,"[""31823132354185101528875214330987706903655516243832510690074648671327601851551"", ""24610182176230826024523430019874907375950075107195029433984156474474467506756""]",31823132354185101528875214330987706903655516243832510690074648671327601851551|24610182176230826024523430019874907375950075107195029433984156474474467506756,24610182176230826024523430019874907375950075107195029433984156474474467506756,No,False,,,,,,,,,,,,118.34
2026-07-14T07:53:37Z,EPL,333084,epl-team-to-qualify-for-uefa-conference-league,EPL: Team to qualify for UEFA Conference League,2026-04-01T17:27:13.650134Z,1818369,will-bournemouth-qualify-for-the-league-phase-of-the-2026-27-uefa-conference-league,Will Bournemouth qualify for the League Phase of the 2026-27 UEFA Conference League?,0x767a11689ea743287c46af43309a57c52055b201a44546f1151ebe770848a4c2,"[""51037068800800327301977700578792391802166844203670527997794112211084782282749"", ""49880512765242008305101129568216821495775216606287544487246019230820484318812""]",51037068800800327301977700578792391802166844203670527997794112211084782282749|49880512765242008305101129568216821495775216606287544487246019230820484318812,51037068800800327301977700578792391802166844203670527997794112211084782282749,Yes,False,,,,,,,,,,,,104.230768
2026-07-14T07:53:37Z,EPL,333084,epl-team-to-qualify-for-uefa-conference-league,EPL: Team to qualify for UEFA Conference League,2026-04-01T17:27:13.650134Z,1818369,will-bournemouth-qualify-for-the-league-phase-of-the-2026-27-uefa-conference-league,Will Bournemouth qualify for the League Phase of the 2026-27 UEFA Conference League?,0x767a11689ea743287c46af43309a57c52055b201a44546f1151ebe770848a4c2,"[""51037068800800327301977700578792391802166844203670527997794112211084782282749"", ""49880512765242008305101129568216821495775216606287544487246019230820484318812""]",51037068800800327301977700578792391802166844203670527997794112211084782282749|49880512765242008305101129568216821495775216606287544487246019230820484318812,49880512765242008305101129568216821495775216606287544487246019230820484318812,No,False,,,,,,,,,,,,104.230768
2026-07-14T07:53:37Z,EPL,333084,epl-team-to-qualify-for-uefa-conference-league,EPL: Team to qualify for UEFA Conference League,2026-04-01T17:27:13.650134Z,1818370,will-brentford-qualify-for-the-league-phase-of-the-2026-27-uefa-conference-league,Will Brentford qualify for the League Phase of the 2026-27 UEFA Conference League?,0x0389abffb5ab63bd6aa4c5a51d9d3aa9448f20cd4ce3aa635fefd2f2349c3a31,"[""28387783984422789854592851598345905688234938653031916751801472369971729754741"", ""114832188258694701659066568174555689813627221405189198849646410747085620840644""]",28387783984422789854592851598345905688234938653031916751801472369971729754741|114832188258694701659066568174555689813627221405189198849646410747085620840644,28387783984422789854592851598345905688234938653031916751801472369971729754741,Yes,False,,,,,,,,,,,,65
2026-07-14T07:53:37Z,EPL,333084,epl-team-to-qualify-for-uefa-conference-league,EPL: Team to qualify for UEFA Conference League,2026-04-01T17:27:13.650134Z,1818370,will-brentford-qualify-for-the-league-phase-of-the-2026-27-uefa-conference-league,Will Brentford qualify for the League Phase of the 2026-27 UEFA Conference League?,0x0389abffb5ab63bd6aa4c5a51d9d3aa9448f20cd4ce3aa635fefd2f2349c3a31,"[""28387783984422789854592851598345905688234938653031916751801472369971729754741"", ""114832188258694701659066568174555689813627221405189198849646410747085620840644""]",28387783984422789854592851598345905688234938653031916751801472369971729754741|114832188258694701659066568174555689813627221405189198849646410747085620840644,114832188258694701659066568174555689813627221405189198849646410747085620840644,No,False,,,,,,,,,,,,65
2026-07-14T07:53:37Z,EPL,333084,epl-team-to-qualify-for-uefa-conference-league,EPL: Team to qualify for UEFA Conference League,2026-04-01T17:27:13.650134Z,1818371,will-brighton-hove-albion-qualify-for-the-league-phase-of-the-2026-27-uefa-conference-league,Will Brighton & Hove Albion qualify for the League Phase of the 2026-27 UEFA Conference League?,0x4e11ad07550e879b771bb74aa2ac543182c0b555f4fd86aaa8c9818d64b91f25,"[""91139930726622392742704198140499166850579482457098783277042371092513674941494"", ""75555949500072945185762043512718261040129266196955015758692797567174442576587""]",91139930726622392742704198140499166850579482457098783277042371092513674941494|75555949500072945185762043512718261040129266196955015758692797567174442576587,91139930726622392742704198140499166850579482457098783277042371092513674941494,Yes,True,0.95,5.1,0.979,73.6,0.9644999999999999,0.029000000000000026,d693beaad4a27cdbf03d9e51681fbab3d36bab2e,0.001,5,,170.76811,751.4608939999999
2026-07-14T07:53:37Z,EPL,333084,epl-team-to-qualify-for-uefa-conference-league,EPL: Team to qualify for UEFA Conference League,2026-04-01T17:27:13.650134Z,1818371,will-brighton-hove-albion-qualify-for-the-league-phase-of-the-2026-27-uefa-conference-league,Will Brighton & Hove Albion qualify for the League Phase of the 2026-27 UEFA Conference League?,0x4e11ad07550e879b771bb74aa2ac543182c0b555f4fd86aaa8c9818d64b91f25,"[""91139930726622392742704198140499166850579482457098783277042371092513674941494"", ""75555949500072945185762043512718261040129266196955015758692797567174442576587""]",91139930726622392742704198140499166850579482457098783277042371092513674941494|75555949500072945185762043512718261040129266196955015758692797567174442576587,75555949500072945185762043512718261040129266196955015758692797567174442576587,No,True,0.021,73.6,0.05,5.1,0.035500000000000004,0.029,ae9b67e2becd5c37655b564e2d47421cd4e149a9,0.001,5,,170.76811,751.4608939999999
2026-07-14T07:53:37Z,EPL,333084,epl-team-to-qualify-for-uefa-conference-league,EPL: Team to qualify for UEFA Conference League,2026-04-01T17:27:13.650134Z,1818372,will-chelsea-qualify-for-the-league-phase-of-the-2026-27-uefa-conference-league,Will Chelsea qualify for the League Phase of the 2026-27 UEFA Conference League?,0xa0a419e4b455bbeb1ac06050bf572bbf636c70dc688f201eda6beb257e0ecccf,"[""24304404136401853611354679156736471836167449603878002382670170418575244748347"", ""34932573794344542041315686660932662303391519134203250572504686994553601884919""]",24304404136401853611354679156736471836167449603878002382670170418575244748347|34932573794344542041315686660932662303391519134203250572504686994553601884919,24304404136401853611354679156736471836167449603878002382670170418575244748347,Yes,False,,,,,,,,,,,,193.140308
2026-07-14T07:53:37Z,EPL,333084,epl-team-to-qualify-for-uefa-conference-league,EPL: Team to qualify for UEFA Conference League,2026-04-01T17:27:13.650134Z,1818372,will-chelsea-qualify-for-the-league-phase-of-the-2026-27-uefa-conference-league,Will Chelsea qualify for the League Phase of the 2026-27 UEFA Conference League?,0xa0a419e4b455bbeb1ac06050bf572bbf636c70dc688f201eda6beb257e0ecccf,"[""24304404136401853611354679156736471836167449603878002382670170418575244748347"", ""34932573794344542041315686660932662303391519134203250572504686994553601884919""]",24304404136401853611354679156736471836167449603878002382670170418575244748347|34932573794344542041315686660932662303391519134203250572504686994553601884919,34932573794344542041315686660932662303391519134203250572504686994553601884919,No,False,,,,,,,,,,,,193.140308
2026-07-14T07:53:37Z,EPL,333084,epl-team-to-qualify-for-uefa-conference-league,EPL: Team to qualify for UEFA Conference League,2026-04-01T17:27:13.650134Z,1818373,will-crystal-palace-qualify-for-the-league-phase-of-the-2026-27-uefa-conference-league,Will Crystal Palace qualify for the League Phase of the 2026-27 UEFA Conference League?,0x7fcff1b74a273c0e48b01dafa03fd994fc6d6a80faf2f401808a1f7c906231e2,"[""83595360800340582836220415327748792858014632655765677024450652227649872829217"", ""8722778550304158158775908112102831721712668882628498669387415627760731221547""]",83595360800340582836220415327748792858014632655765677024450652227649872829217|8722778550304158158775908112102831721712668882628498669387415627760731221547,83595360800340582836220415327748792858014632655765677024450652227649872829217,Yes,False,,,,,,,,,,,,55.10415
2026-07-14T07:53:37Z,EPL,333084,epl-team-to-qualify-for-uefa-conference-league,EPL: Team to qualify for UEFA Conference League,2026-04-01T17:27:13.650134Z,1818373,will-crystal-palace-qualify-for-the-league-phase-of-the-2026-27-uefa-conference-league,Will Crystal Palace qualify for the League Phase of the 2026-27 UEFA Conference League?,0x7fcff1b74a273c0e48b01dafa03fd994fc6d6a80faf2f401808a1f7c906231e2,"[""83595360800340582836220415327748792858014632655765677024450652227649872829217"", ""8722778550304158158775908112102831721712668882628498669387415627760731221547""]",83595360800340582836220415327748792858014632655765677024450652227649872829217|8722778550304158158775908112102831721712668882628498669387415627760731221547,8722778550304158158775908112102831721712668882628498669387415627760731221547,No,False,,,,,,,,,,,,55.10415
2026-07-14T07:53:37Z,EPL,333084,epl-team-to-qualify-for-uefa-conference-league,EPL: Team to qualify for UEFA Conference League,2026-04-01T17:27:13.650134Z,1818374,will-everton-qualify-for-the-league-phase-of-the-2026-27-uefa-conference-league,Will Everton qualify for the League Phase of the 2026-27 UEFA Conference League?,0xc2d06ea1b36aa2af374778802062278b37c0681e80b8b30d440eea8c89c69efa,"[""4166923647964243798214643118596450748550925708271797356837126450441673128307"", ""38675784671269789218225363889508272390729885225646140690421495748338190385226""]",4166923647964243798214643118596450748550925708271797356837126450441673128307|38675784671269789218225363889508272390729885225646140690421495748338190385226,4166923647964243798214643118596450748550925708271797356837126450441673128307,Yes,False,,,,,,,,,,,,481.81
2026-07-14T07:53:37Z,EPL,333084,epl-team-to-qualify-for-uefa-conference-league,EPL: Team to qualify for UEFA Conference League,2026-04-01T17:27:13.650134Z,1818374,will-everton-qualify-for-the-league-phase-of-the-2026-27-uefa-conference-league,Will Everton qualify for the League Phase of the 2026-27 UEFA Conference League?,0xc2d06ea1b36aa2af374778802062278b37c0681e80b8b30d440eea8c89c69efa,"[""4166923647964243798214643118596450748550925708271797356837126450441673128307"", ""38675784671269789218225363889508272390729885225646140690421495748338190385226""]",4166923647964243798214643118596450748550925708271797356837126450441673128307|38675784671269789218225363889508272390729885225646140690421495748338190385226,38675784671269789218225363889508272390729885225646140690421495748338190385226,No,False,,,,,,,,,,,,481.81
2026-07-14T07:53:37Z,EPL,333084,epl-team-to-qualify-for-uefa-conference-league,EPL: Team to qualify for UEFA Conference League,2026-04-01T17:27:13.650134Z,1818375,will-fulham-qualify-for-the-league-phase-of-the-2026-27-uefa-conference-league,Will Fulham qualify for the League Phase of the 2026-27 UEFA Conference League?,0xa9c80d9e6d42b63441eb65788fa6715dd14e46e84e92ab0af524aa71de00e9fe,"[""58173349290615436261874750189700214187364770220706840363443501392029514828013"", ""68870830613563352664780739176635792396465611522859759407689581346809698393825""]",58173349290615436261874750189700214187364770220706840363443501392029514828013|68870830613563352664780739176635792396465611522859759407689581346809698393825,58173349290615436261874750189700214187364770220706840363443501392029514828013,Yes,False,,,,,,,,,,,,529.6700000000001
2026-07-14T07:53:37Z,EPL,333084,epl-team-to-qualify-for-uefa-conference-league,EPL: Team to qualify for UEFA Conference League,2026-04-01T17:27:13.650134Z,1818375,will-fulham-qualify-for-the-league-phase-of-the-2026-27-uefa-conference-league,Will Fulham qualify for the League Phase of the 2026-27 UEFA Conference League?,0xa9c80d9e6d42b63441eb65788fa6715dd14e46e84e92ab0af524aa71de00e9fe,"[""58173349290615436261874750189700214187364770220706840363443501392029514828013"", ""68870830613563352664780739176635792396465611522859759407689581346809698393825""]",58173349290615436261874750189700214187364770220706840363443501392029514828013|68870830613563352664780739176635792396465611522859759407689581346809698393825,68870830613563352664780739176635792396465611522859759407689581346809698393825,No,False,,,,,,,,,,,,529.6700000000001
2026-07-14T07:53:37Z,EPL,333084,epl-team-to-qualify-for-uefa-conference-league,EPL: Team to qualify for UEFA Conference League,2026-04-01T17:27:13.650134Z,1818376,will-ipswich-town-qualify-for-the-league-phase-of-the-2026-27-uefa-conference-league,Will Ipswich Town qualify for the League Phase of the 2026-27 UEFA Conference League?,0xfd1fd6c7c9106ccdc0a48fb64385b352808d5f6a4eb0157cb37b834002772000,"[""34575040317828011543308948862359294748447343494151397521995978862299718496252"", ""32703218917373905712439402416747473136357574974365039086658033726899781984701""]",34575040317828011543308948862359294748447343494151397521995978862299718496252|32703218917373905712439402416747473136357574974365039086658033726899781984701,34575040317828011543308948862359294748447343494151397521995978862299718496252,Yes,False,,,,,,,,,,,,185.7979
2026-07-14T07:53:37Z,EPL,333084,epl-team-to-qualify-for-uefa-conference-league,EPL: Team to qualify for UEFA Conference League,2026-04-01T17:27:13.650134Z,1818376,will-ipswich-town-qualify-for-the-league-phase-of-the-2026-27-uefa-conference-league,Will Ipswich Town qualify for the League Phase of the 2026-27 UEFA Conference League?,0xfd1fd6c7c9106ccdc0a48fb64385b352808d5f6a4eb0157cb37b834002772000,"[""34575040317828011543308948862359294748447343494151397521995978862299718496252"", ""32703218917373905712439402416747473136357574974365039086658033726899781984701""]",34575040317828011543308948862359294748447343494151397521995978862299718496252|32703218917373905712439402416747473136357574974365039086658033726899781984701,32703218917373905712439402416747473136357574974365039086658033726899781984701,No,False,,,,,,,,,,,,185.7979
2026-07-14T07:53:37Z,EPL,333084,epl-team-to-qualify-for-uefa-conference-league,EPL: Team to qualify for UEFA Conference League,2026-04-01T17:27:13.650134Z,1818377,will-leicester-city-qualify-for-the-league-phase-of-the-2026-27-uefa-conference-league,Will Leicester City qualify for the League Phase of the 2026-27 UEFA Conference League?,0x7f23bad03e49e8691193b374466a982f76952cc0658302268f2122380250f91d,"[""36855782576831156580765175743466253787995589729798761982205435744452738857165"", ""63267615403020851545105138792098005654530731396339683005908577788229989628684""]",36855782576831156580765175743466253787995589729798761982205435744452738857165|63267615403020851545105138792098005654530731396339683005908577788229989628684,36855782576831156580765175743466253787995589729798761982205435744452738857165,Yes,False,,,,,,,,,,,,185.5555
2026-07-14T07:53:37Z,EPL,333084,epl-team-to-qualify-for-uefa-conference-league,EPL: Team to qualify for UEFA Conference League,2026-04-01T17:27:13.650134Z,1818377,will-leicester-city-qualify-for-the-league-phase-of-the-2026-27-uefa-conference-league,Will Leicester City qualify for the League Phase of the 2026-27 UEFA Conference League?,0x7f23bad03e49e8691193b374466a982f76952cc0658302268f2122380250f91d,"[""36855782576831156580765175743466253787995589729798761982205435744452738857165"", ""63267615403020851545105138792098005654530731396339683005908577788229989628684""]",36855782576831156580765175743466253787995589729798761982205435744452738857165|63267615403020851545105138792098005654530731396339683005908577788229989628684,63267615403020851545105138792098005654530731396339683005908577788229989628684,No,False,,,,,,,,,,,,185.5555
2026-07-14T07:53:37Z,EPL,333084,epl-team-to-qualify-for-uefa-conference-league,EPL: Team to qualify for UEFA Conference League,2026-04-01T17:27:13.650134Z,1818378,will-liverpool-qualify-for-the-league-phase-of-the-2026-27-uefa-conference-league,Will Liverpool qualify for the League Phase of the 2026-27 UEFA Conference League?,0x0f39d177f78abd438be984b36f264c13de879b346ae40bfea0ababc108b83f64,"[""65988948624774144931622911564364302133312968519504468408474435267221324233196"", ""115130602602129428285461614417924472558165741430309539659330809798396288056300""]",65988948624774144931622911564364302133312968519504468408474435267221324233196|115130602602129428285461614417924472558165741430309539659330809798396288056300,65988948624774144931622911564364302133312968519504468408474435267221324233196,Yes,False,,,,,,,,,,,0,175.5
2026-07-14T07:53:37Z,EPL,333084,epl-team-to-qualify-for-uefa-conference-league,EPL: Team to qualify for UEFA Conference League,2026-04-01T17:27:13.650134Z,1818378,will-liverpool-qualify-for-the-league-phase-of-the-2026-27-uefa-conference-league,Will Liverpool qualify for the League Phase of the 2026-27 UEFA Conference League?,0x0f39d177f78abd438be984b36f264c13de879b346ae40bfea0ababc108b83f64,"[""65988948624774144931622911564364302133312968519504468408474435267221324233196"", ""115130602602129428285461614417924472558165741430309539659330809798396288056300""]",65988948624774144931622911564364302133312968519504468408474435267221324233196|115130602602129428285461614417924472558165741430309539659330809798396288056300,115130602602129428285461614417924472558165741430309539659330809798396288056300,No,False,,,,,,,,,,,0,175.5
2026-07-14T07:53:37Z,EPL,333084,epl-team-to-qualify-for-uefa-conference-league,EPL: Team to qualify for UEFA Conference League,2026-04-01T17:27:13.650134Z,1818379,will-manchester-city-qualify-for-the-league-phase-of-the-2026-27-uefa-conference-league,Will Manchester City qualify for the League Phase of the 2026-27 UEFA Conference League?,0x9f502be87b77866442714675eeb0ceec67b36469dab587b15862716b95a22a65,"[""81955707153623233000480445669873960416969320182377332341762765419704043622092"", ""63903621190034107756618838956749324043719317201688365281214818158837560760762""]",81955707153623233000480445669873960416969320182377332341762765419704043622092|63903621190034107756618838956749324043719317201688365281214818158837560760762,81955707153623233000480445669873960416969320182377332341762765419704043622092,Yes,False,,,,,,,,,,,,239.96210000000002
2026-07-14T07:53:37Z,EPL,333084,epl-team-to-qualify-for-uefa-conference-league,EPL: Team to qualify for UEFA Conference League,2026-04-01T17:27:13.650134Z,1818379,will-manchester-city-qualify-for-the-league-phase-of-the-2026-27-uefa-conference-league,Will Manchester City qualify for the League Phase of the 2026-27 UEFA Conference League?,0x9f502be87b77866442714675eeb0ceec67b36469dab587b15862716b95a22a65,"[""81955707153623233000480445669873960416969320182377332341762765419704043622092"", ""63903621190034107756618838956749324043719317201688365281214818158837560760762""]",81955707153623233000480445669873960416969320182377332341762765419704043622092|63903621190034107756618838956749324043719317201688365281214818158837560760762,63903621190034107756618838956749324043719317201688365281214818158837560760762,No,False,,,,,,,,,,,,239.96210000000002
2026-07-14T07:53:37Z,EPL,333084,epl-team-to-qualify-for-uefa-conference-league,EPL: Team to qualify for UEFA Conference League,2026-04-01T17:27:13.650134Z,1818380,will-manchester-united-qualify-for-the-league-phase-of-the-2026-27-uefa-conference-league,Will Manchester United qualify for the League Phase of the 2026-27 UEFA Conference League?,0x10faa15e034abb4d8b58e96fa9cceaeba84182d8d26061672b3090ef60c474c7,"[""14537963265850539015090671292913129800573442530565687433985001158662408488535"", ""24584985274241329793529868323709359334793457968867512216477798918303927163120""]",14537963265850539015090671292913129800573442530565687433985001158662408488535|24584985274241329793529868323709359334793457968867512216477798918303927163120,14537963265850539015090671292913129800573442530565687433985001158662408488535,Yes,False,,,,,,,,,,,,654.06
2026-07-14T07:53:37Z,EPL,333084,epl-team-to-qualify-for-uefa-conference-league,EPL: Team to qualify for UEFA Conference League,2026-04-01T17:27:13.650134Z,1818380,will-manchester-united-qualify-for-the-league-phase-of-the-2026-27-uefa-conference-league,Will Manchester United qualify for the League Phase of the 2026-27 UEFA Conference League?,0x10faa15e034abb4d8b58e96fa9cceaeba84182d8d26061672b3090ef60c474c7,"[""14537963265850539015090671292913129800573442530565687433985001158662408488535"", ""24584985274241329793529868323709359334793457968867512216477798918303927163120""]",14537963265850539015090671292913129800573442530565687433985001158662408488535|24584985274241329793529868323709359334793457968867512216477798918303927163120,24584985274241329793529868323709359334793457968867512216477798918303927163120,No,False,,,,,,,,,,,,654.06
2026-07-14T07:53:37Z,EPL,333084,epl-team-to-qualify-for-uefa-conference-league,EPL: Team to qualify for UEFA Conference League,2026-04-01T17:27:13.650134Z,1818381,will-newcastle-united-qualify-for-the-league-phase-of-the-2026-27-uefa-conference-league,Will Newcastle United qualify for the League Phase of the 2026-27 UEFA Conference League?,0xb0716d2b36fd90dd54c600a9e7647616490002987e3eb1ecb3d10ead4d62d33c,"[""59224980280942325666569394558997382798882386438436610001858371645471216555919"", ""79970515927998557660930530711963196679174481368659736459630565505379849389257""]",59224980280942325666569394558997382798882386438436610001858371645471216555919|79970515927998557660930530711963196679174481368659736459630565505379849389257,59224980280942325666569394558997382798882386438436610001858371645471216555919,Yes,False,,,,,,,,,,,,411.9
2026-07-14T07:53:37Z,EPL,333084,epl-team-to-qualify-for-uefa-conference-league,EPL: Team to qualify for UEFA Conference League,2026-04-01T17:27:13.650134Z,1818381,will-newcastle-united-qualify-for-the-league-phase-of-the-2026-27-uefa-conference-league,Will Newcastle United qualify for the League Phase of the 2026-27 UEFA Conference League?,0xb0716d2b36fd90dd54c600a9e7647616490002987e3eb1ecb3d10ead4d62d33c,"[""59224980280942325666569394558997382798882386438436610001858371645471216555919"", ""79970515927998557660930530711963196679174481368659736459630565505379849389257""]",59224980280942325666569394558997382798882386438436610001858371645471216555919|79970515927998557660930530711963196679174481368659736459630565505379849389257,79970515927998557660930530711963196679174481368659736459630565505379849389257,No,False,,,,,,,,,,,,411.9
2026-07-14T07:53:37Z,EPL,333084,epl-team-to-qualify-for-uefa-conference-league,EPL: Team to qualify for UEFA Conference League,2026-04-01T17:27:13.650134Z,1818382,will-nottingham-forest-qualify-for-the-league-phase-of-the-2026-27-uefa-conference-league,Will Nottingham Forest qualify for the League Phase of the 2026-27 UEFA Conference League?,0xe911ed8e88ee4d94cb587ed6128a6c15596d9338a4d90b78b9ea20b0578fc156,"[""19481881546917834293067497074329377518935142669934498853237227966392229142245"", ""57602898067754327037427882833634701750997153547931685588132390215919583981742""]",19481881546917834293067497074329377518935142669934498853237227966392229142245|57602898067754327037427882833634701750997153547931685588132390215919583981742,19481881546917834293067497074329377518935142669934498853237227966392229142245,Yes,False,,,,,,,,,,,,407.7161
2026-07-14T07:53:37Z,EPL,333084,epl-team-to-qualify-for-uefa-conference-league,EPL: Team to qualify for UEFA Conference League,2026-04-01T17:27:13.650134Z,1818382,will-nottingham-forest-qualify-for-the-league-phase-of-the-2026-27-uefa-conference-league,Will Nottingham Forest qualify for the League Phase of the 2026-27 UEFA Conference League?,0xe911ed8e88ee4d94cb587ed6128a6c15596d9338a4d90b78b9ea20b0578fc156,"[""19481881546917834293067497074329377518935142669934498853237227966392229142245"", ""57602898067754327037427882833634701750997153547931685588132390215919583981742""]",19481881546917834293067497074329377518935142669934498853237227966392229142245|57602898067754327037427882833634701750997153547931685588132390215919583981742,57602898067754327037427882833634701750997153547931685588132390215919583981742,No,False,,,,,,,,,,,,407.7161
2026-07-14T07:53:37Z,EPL,333084,epl-team-to-qualify-for-uefa-conference-league,EPL: Team to qualify for UEFA Conference League,2026-04-01T17:27:13.650134Z,1818383,will-southampton-qualify-for-the-league-phase-of-the-2026-27-uefa-conference-league,Will Southampton qualify for the League Phase of the 2026-27 UEFA Conference League?,0x7ca2adbbd88851add0e546dd78574d7e79fc00c76e8c490e5692bf8023c11e75,"[""26877828097379119176280047098274709531228788895296330595994436624390898867911"", ""115748130349087715420332870666315257990045222809843222754054247382701059943674""]",26877828097379119176280047098274709531228788895296330595994436624390898867911|115748130349087715420332870666315257990045222809843222754054247382701059943674,26877828097379119176280047098274709531228788895296330595994436624390898867911,Yes,False,,,,,,,,,,,0,617.6899999999999
2026-07-14T07:53:37Z,EPL,333084,epl-team-to-qualify-for-uefa-conference-league,EPL: Team to qualify for UEFA Conference League,2026-04-01T17:27:13.650134Z,1818383,will-southampton-qualify-for-the-league-phase-of-the-2026-27-uefa-conference-league,Will Southampton qualify for the League Phase of the 2026-27 UEFA Conference League?,0x7ca2adbbd88851add0e546dd78574d7e79fc00c76e8c490e5692bf8023c11e75,"[""26877828097379119176280047098274709531228788895296330595994436624390898867911"", ""115748130349087715420332870666315257990045222809843222754054247382701059943674""]",26877828097379119176280047098274709531228788895296330595994436624390898867911|115748130349087715420332870666315257990045222809843222754054247382701059943674,115748130349087715420332870666315257990045222809843222754054247382701059943674,No,False,,,,,,,,,,,0,617.6899999999999
2026-07-14T07:53:37Z,EPL,333084,epl-team-to-qualify-for-uefa-conference-league,EPL: Team to qualify for UEFA Conference League,2026-04-01T17:27:13.650134Z,1818384,will-tottenham-hotspur-qualify-for-the-league-phase-of-the-2026-27-uefa-conference-league,Will Tottenham Hotspur qualify for the League Phase of the 2026-27 UEFA Conference League?,0xe98b7da9a346eb2aced5b9300c7a53e4d7c147741b546f005de0b3c0d89e0ae1,"[""16165000919596414242427788888124743916698715129044155178467657105167009019476"", ""114828181514576721851254739097127564151815507804110569853443476924908844910766""]",16165000919596414242427788888124743916698715129044155178467657105167009019476|114828181514576721851254739097127564151815507804110569853443476924908844910766,16165000919596414242427788888124743916698715129044155178467657105167009019476,Yes,False,,,,,,,,,,,,1126.7675
2026-07-14T07:53:37Z,EPL,333084,epl-team-to-qualify-for-uefa-conference-league,EPL: Team to qualify for UEFA Conference League,2026-04-01T17:27:13.650134Z,1818384,will-tottenham-hotspur-qualify-for-the-league-phase-of-the-2026-27-uefa-conference-league,Will Tottenham Hotspur qualify for the League Phase of the 2026-27 UEFA Conference League?,0xe98b7da9a346eb2aced5b9300c7a53e4d7c147741b546f005de0b3c0d89e0ae1,"[""16165000919596414242427788888124743916698715129044155178467657105167009019476"", ""114828181514576721851254739097127564151815507804110569853443476924908844910766""]",16165000919596414242427788888124743916698715129044155178467657105167009019476|114828181514576721851254739097127564151815507804110569853443476924908844910766,114828181514576721851254739097127564151815507804110569853443476924908844910766,No,False,,,,,,,,,,,,1126.7675
2026-07-14T07:53:37Z,EPL,333084,epl-team-to-qualify-for-uefa-conference-league,EPL: Team to qualify for UEFA Conference League,2026-04-01T17:27:13.650134Z,1818385,will-west-ham-united-qualify-for-the-league-phase-of-the-2026-27-uefa-conference-league,Will West Ham United qualify for the League Phase of the 2026-27 UEFA Conference League?,0xbc79053a1f7691b55171b4a210da33b3c3fba449c9df4fd954856635f8da0e8e,"[""54894379652853834326297942957419603346481276275403414881816173756537774757640"", ""33108900391203812803918822219418560079370282336069888352885661677363224124116""]",54894379652853834326297942957419603346481276275403414881816173756537774757640|33108900391203812803918822219418560079370282336069888352885661677363224124116,54894379652853834326297942957419603346481276275403414881816173756537774757640,Yes,False,,,,,,,,,,,,207.137
2026-07-14T07:53:37Z,EPL,333084,epl-team-to-qualify-for-uefa-conference-league,EPL: Team to qualify for UEFA Conference League,2026-04-01T17:27:13.650134Z,1818385,will-west-ham-united-qualify-for-the-league-phase-of-the-2026-27-uefa-conference-league,Will West Ham United qualify for the League Phase of the 2026-27 UEFA Conference League?,0xbc79053a1f7691b55171b4a210da33b3c3fba449c9df4fd954856635f8da0e8e,"[""54894379652853834326297942957419603346481276275403414881816173756537774757640"", ""33108900391203812803918822219418560079370282336069888352885661677363224124116""]",54894379652853834326297942957419603346481276275403414881816173756537774757640|33108900391203812803918822219418560079370282336069888352885661677363224124116,33108900391203812803918822219418560079370282336069888352885661677363224124116,No,False,,,,,,,,,,,,207.137
2026-07-14T07:53:37Z,EPL,333084,epl-team-to-qualify-for-uefa-conference-league,EPL: Team to qualify for UEFA Conference League,2026-04-01T17:27:13.650134Z,1818386,will-wolverhampton-wanderers-qualify-for-the-league-phase-of-the-2026-27-uefa-conference-league,Will Wolverhampton Wanderers qualify for the League Phase of the 2026-27 UEFA Conference League?,0x612a47d48e42fc85f4b3099edd0779c399e7393325bae5ef494fbec0b518be97,"[""39645891629689350247020865542579082583944711546641819664090458601825821008952"", ""27752113810792547257158395279414992925826179248970504390132410269490063597360""]",39645891629689350247020865542579082583944711546641819664090458601825821008952|27752113810792547257158395279414992925826179248970504390132410269490063597360,39645891629689350247020865542579082583944711546641819664090458601825821008952,Yes,False,,,,,,,,,,,,216.45
2026-07-14T07:53:37Z,EPL,333084,epl-team-to-qualify-for-uefa-conference-league,EPL: Team to qualify for UEFA Conference League,2026-04-01T17:27:13.650134Z,1818386,will-wolverhampton-wanderers-qualify-for-the-league-phase-of-the-2026-27-uefa-conference-league,Will Wolverhampton Wanderers qualify for the League Phase of the 2026-27 UEFA Conference League?,0x612a47d48e42fc85f4b3099edd0779c399e7393325bae5ef494fbec0b518be97,"[""39645891629689350247020865542579082583944711546641819664090458601825821008952"", ""27752113810792547257158395279414992925826179248970504390132410269490063597360""]",39645891629689350247020865542579082583944711546641819664090458601825821008952|27752113810792547257158395279414992925826179248970504390132410269490063597360,27752113810792547257158395279414992925826179248970504390132410269490063597360,No,False,,,,,,,,,,,,216.45
2026-07-14T07:53:37Z,EPL,435490,epl-2026-team-of-the-season,EPL: 2026 PFA Team of the Year,2026-05-01T16:17:58.439577Z,2127663,will-david-raya-be-named-to-the-2026-pfa-premier-league-team-of-the-year,Will David Raya be named to the 2026 PFA Premier League Team of the Year?,0x50561f0ac9fb48ce9b1dc8f78f84dea5e43d9d30bd507eb93fa57b11a996ffeb,"[""3488261232009523381576281256634840719226792569353110860105294590188599877555"", ""33896607823388600558222421347266613674976673770405419631622989961143438148884""]",3488261232009523381576281256634840719226792569353110860105294590188599877555|33896607823388600558222421347266613674976673770405419631622989961143438148884,3488261232009523381576281256634840719226792569353110860105294590188599877555,Yes,True,0.06,5.61,0.96,10.77,0.51,0.8999999999999999,47b2f0e431c662426311d7f396c16e310807d7c7,0.01,5,,4.1619,
2026-07-14T07:53:37Z,EPL,435490,epl-2026-team-of-the-season,EPL: 2026 PFA Team of the Year,2026-05-01T16:17:58.439577Z,2127663,will-david-raya-be-named-to-the-2026-pfa-premier-league-team-of-the-year,Will David Raya be named to the 2026 PFA Premier League Team of the Year?,0x50561f0ac9fb48ce9b1dc8f78f84dea5e43d9d30bd507eb93fa57b11a996ffeb,"[""3488261232009523381576281256634840719226792569353110860105294590188599877555"", ""33896607823388600558222421347266613674976673770405419631622989961143438148884""]",3488261232009523381576281256634840719226792569353110860105294590188599877555|33896607823388600558222421347266613674976673770405419631622989961143438148884,33896607823388600558222421347266613674976673770405419631622989961143438148884,No,True,0.04,10.77,0.94,5.61,0.49,0.8999999999999999,66019abd3e6fceb44425f8dee462ae6158809e18,0.01,5,,4.1619,
2026-07-14T07:53:37Z,EPL,435490,epl-2026-team-of-the-season,EPL: 2026 PFA Team of the Year,2026-05-01T16:17:58.439577Z,2127664,will-jordan-pickford-be-named-to-the-2026-pfa-premier-league-team-of-the-year,Will Jordan Pickford be named to the 2026 PFA Premier League Team of the Year?,0x206d3cf11b86b16708f160e1e5223e75f4f0b126fbfecb52300077792e4a978f,"[""69002409170326112222673578355907486486435514190626080376764720483535336436602"", ""29764786967669041151836718379664776749611256940389381248189333088896507813340""]",69002409170326112222673578355907486486435514190626080376764720483535336436602|29764786967669041151836718379664776749611256940389381248189333088896507813340,69002409170326112222673578355907486486435514190626080376764720483535336436602,Yes,True,0.04,11.82,0.94,5.61,0.49,0.8999999999999999,7cfac9d69e8aa95791f3ff788e4235ad0bfa7bfc,0.01,5,,4.2612,
2026-07-14T07:53:37Z,EPL,435490,epl-2026-team-of-the-season,EPL: 2026 PFA Team of the Year,2026-05-01T16:17:58.439577Z,2127664,will-jordan-pickford-be-named-to-the-2026-pfa-premier-league-team-of-the-year,Will Jordan Pickford be named to the 2026 PFA Premier League Team of the Year?,0x206d3cf11b86b16708f160e1e5223e75f4f0b126fbfecb52300077792e4a978f,"[""69002409170326112222673578355907486486435514190626080376764720483535336436602"", ""29764786967669041151836718379664776749611256940389381248189333088896507813340""]",69002409170326112222673578355907486486435514190626080376764720483535336436602|29764786967669041151836718379664776749611256940389381248189333088896507813340,29764786967669041151836718379664776749611256940389381248189333088896507813340,No,True,0.06,5.61,0.96,11.82,0.51,0.8999999999999999,3afacd958f246ae11c24389c794adac95c170185,0.01,5,,4.2612,
2026-07-14T07:53:37Z,EPL,435490,epl-2026-team-of-the-season,EPL: 2026 PFA Team of the Year,2026-05-01T16:17:58.439577Z,2127665,will-dean-henderson-be-named-to-the-2026-pfa-premier-league-team-of-the-year,Will Dean Henderson be named to the 2026 PFA Premier League Team of the Year?,0x67ebb7796df1324b1b084b0aaa59e3379513583ac93e3c8e968935e7dbb1f535,"[""77730449116026385251216021681478758817188404733132958155748625297475510396335"", ""86484569427189395298179892127162282618369840953731094949208918944830421003973""]",77730449116026385251216021681478758817188404733132958155748625297475510396335|86484569427189395298179892127162282618369840953731094949208918944830421003973,77730449116026385251216021681478758817188404733132958155748625297475510396335,Yes,True,0.04,11.82,0.94,5.61,0.49,0.8999999999999999,0b6d3892f88eeaa7a620eb5ec25de20c2ac14c35,0.01,5,,3.9118,
2026-07-14T07:53:37Z,EPL,435490,epl-2026-team-of-the-season,EPL: 2026 PFA Team of the Year,2026-05-01T16:17:58.439577Z,2127665,will-dean-henderson-be-named-to-the-2026-pfa-premier-league-team-of-the-year,Will Dean Henderson be named to the 2026 PFA Premier League Team of the Year?,0x67ebb7796df1324b1b084b0aaa59e3379513583ac93e3c8e968935e7dbb1f535,"[""77730449116026385251216021681478758817188404733132958155748625297475510396335"", ""86484569427189395298179892127162282618369840953731094949208918944830421003973""]",77730449116026385251216021681478758817188404733132958155748625297475510396335|86484569427189395298179892127162282618369840953731094949208918944830421003973,86484569427189395298179892127162282618369840953731094949208918944830421003973,No,True,0.06,5.61,0.96,11.82,0.51,0.8999999999999999,8801d32a14f784c91f17d34823378f91e2a7027f,0.01,5,,3.9118,
2026-07-14T07:53:37Z,EPL,435490,epl-2026-team-of-the-season,EPL: 2026 PFA Team of the Year,2026-05-01T16:17:58.439577Z,2127666,will-robin-roefs-be-named-to-the-2026-pfa-premier-league-team-of-the-year,Will Robin Roefs be named to the 2026 PFA Premier League Team of the Year?,0xdae0f14d1b5ea256638164c6578853226408702f44e238ca8fa692998fdc6332,"[""70182957445101902779363373709716695169810926012757858042099415085409463195888"", ""90699863564786576085723598309072905823666331748016080742800846290619606364496""]",70182957445101902779363373709716695169810926012757858042099415085409463195888|90699863564786576085723598309072905823666331748016080742800846290619606364496,70182957445101902779363373709716695169810926012757858042099415085409463195888,Yes,True,0.04,10.77,0.94,5.61,0.49,0.8999999999999999,116712b6b7485e9c41442916fc7b5868ca3e67b9,0.01,5,,3.7653,
2026-07-14T07:53:37Z,EPL,435490,epl-2026-team-of-the-season,EPL: 2026 PFA Team of the Year,2026-05-01T16:17:58.439577Z,2127666,will-robin-roefs-be-named-to-the-2026-pfa-premier-league-team-of-the-year,Will Robin Roefs be named to the 2026 PFA Premier League Team of the Year?,0xdae0f14d1b5ea256638164c6578853226408702f44e238ca8fa692998fdc6332,"[""70182957445101902779363373709716695169810926012757858042099415085409463195888"", ""90699863564786576085723598309072905823666331748016080742800846290619606364496""]",70182957445101902779363373709716695169810926012757858042099415085409463195888|90699863564786576085723598309072905823666331748016080742800846290619606364496,90699863564786576085723598309072905823666331748016080742800846290619606364496,No,True,0.06,5.61,0.96,10.77,0.51,0.8999999999999999,8c8682e55390a97cef39e5f50c4da6000506ae9b,0.01,5,,3.7653,
2026-07-14T07:53:37Z,EPL,435490,epl-2026-team-of-the-season,EPL: 2026 PFA Team of the Year,2026-05-01T16:17:58.439577Z,2127667,will-gianluigi-donnarumma-be-named-to-the-2026-pfa-premier-league-team-of-the-year,Will Gianluigi Donnarumma be named to the 2026 PFA Premier League Team of the Year?,0x322441734b9f23744de899e345ef48ec25e0055f8b1bfc19fe4612055a8ff2df,"[""65007673257262595676530056363240287641293306267550009290432560084643152028010"", ""97388027101380065799871752579213229783305736941572715830099055292320933629215""]",65007673257262595676530056363240287641293306267550009290432560084643152028010|97388027101380065799871752579213229783305736941572715830099055292320933629215,65007673257262595676530056363240287641293306267550009290432560084643152028010,Yes,True,0.04,11.7,0.96,11.7,0.5,0.9199999999999999,559bd1429a801bb0bc8dfc6765879a8e0642fb5f,0.01,5,,4.252,
2026-07-14T07:53:37Z,EPL,435490,epl-2026-team-of-the-season,EPL: 2026 PFA Team of the Year,2026-05-01T16:17:58.439577Z,2127667,will-gianluigi-donnarumma-be-named-to-the-2026-pfa-premier-league-team-of-the-year,Will Gianluigi Donnarumma be named to the 2026 PFA Premier League Team of the Year?,0x322441734b9f23744de899e345ef48ec25e0055f8b1bfc19fe4612055a8ff2df,"[""65007673257262595676530056363240287641293306267550009290432560084643152028010"", ""97388027101380065799871752579213229783305736941572715830099055292320933629215""]",65007673257262595676530056363240287641293306267550009290432560084643152028010|97388027101380065799871752579213229783305736941572715830099055292320933629215,97388027101380065799871752579213229783305736941572715830099055292320933629215,No,True,0.04,11.7,0.96,11.7,0.5,0.9199999999999999,b76549fce17ead3ce029e55be8d8b9b171f265d6,0.01,5,,4.252,
2026-07-14T07:53:37Z,EPL,435490,epl-2026-team-of-the-season,EPL: 2026 PFA Team of the Year,2026-05-01T16:17:58.439577Z,2127668,will-jurrien-timber-be-named-to-the-2026-pfa-premier-league-team-of-the-year,Will Jurrien Timber be named to the 2026 PFA Premier League Team of the Year?,0x97ca47da99683bddec8036ce29388c2e400e7cecfea8ac4dbef54ac0791cc593,"[""58745854058166153005664210409408254918505117901359386106376082227012206838503"", ""43365583002812118163534009703280808191029196488960918105614424745527498298109""]",58745854058166153005664210409408254918505117901359386106376082227012206838503|43365583002812118163534009703280808191029196488960918105614424745527498298109,58745854058166153005664210409408254918505117901359386106376082227012206838503,Yes,True,0.04,11.98,0.96,10.77,0.5,0.9199999999999999,903921d7dfab6f7ba1a257ce2cc1e82b3b9151fd,0.01,5,,4.116,
2026-07-14T07:53:37Z,EPL,435490,epl-2026-team-of-the-season,EPL: 2026 PFA Team of the Year,2026-05-01T16:17:58.439577Z,2127668,will-jurrien-timber-be-named-to-the-2026-pfa-premier-league-team-of-the-year,Will Jurrien Timber be named to the 2026 PFA Premier League Team of the Year?,0x97ca47da99683bddec8036ce29388c2e400e7cecfea8ac4dbef54ac0791cc593,"[""58745854058166153005664210409408254918505117901359386106376082227012206838503"", ""43365583002812118163534009703280808191029196488960918105614424745527498298109""]",58745854058166153005664210409408254918505117901359386106376082227012206838503|43365583002812118163534009703280808191029196488960918105614424745527498298109,43365583002812118163534009703280808191029196488960918105614424745527498298109,No,True,0.04,10.77,0.96,11.98,0.5,0.9199999999999999,3cb0df8948cd8c5e4f4c065da2f9549ec0b93d74,0.01,5,,4.116,
2026-07-14T07:53:37Z,EPL,435490,epl-2026-team-of-the-season,EPL: 2026 PFA Team of the Year,2026-05-01T16:17:58.439577Z,2127669,will-matheus-nunes-be-named-to-the-2026-pfa-premier-league-team-of-the-year,Will Matheus Nunes be named to the 2026 PFA Premier League Team of the Year?,0x236166693870332c38cc1f290d2de8a00eafa1b78519182663a58811b1011705,"[""71852886829417081758693278389180020836881806315641141653569411011094941385487"", ""27873264127773337044236459909692649813557879461485496445916977915515730222703""]",71852886829417081758693278389180020836881806315641141653569411011094941385487|27873264127773337044236459909692649813557879461485496445916977915515730222703,71852886829417081758693278389180020836881806315641141653569411011094941385487,Yes,True,0.04,7.58,0.96,10.77,0.5,0.9199999999999999,3e961e2dbbe45f3f7a3b9c6ddbaa07bfe6a6f5f7,0.01,5,,4.7013,
2026-07-14T07:53:37Z,EPL,435490,epl-2026-team-of-the-season,EPL: 2026 PFA Team of the Year,2026-05-01T16:17:58.439577Z,2127669,will-matheus-nunes-be-named-to-the-2026-pfa-premier-league-team-of-the-year,Will Matheus Nunes be named to the 2026 PFA Premier League Team of the Year?,0x236166693870332c38cc1f290d2de8a00eafa1b78519182663a58811b1011705,"[""71852886829417081758693278389180020836881806315641141653569411011094941385487"", ""27873264127773337044236459909692649813557879461485496445916977915515730222703""]",71852886829417081758693278389180020836881806315641141653569411011094941385487|27873264127773337044236459909692649813557879461485496445916977915515730222703,27873264127773337044236459909692649813557879461485496445916977915515730222703,No,True,0.04,10.77,0.96,7.58,0.5,0.9199999999999999,c9ae7f03927228733fc312c7027b04e5053d29db,0.01,5,,4.7013,
2026-07-14T07:53:37Z,EPL,435490,epl-2026-team-of-the-season,EPL: 2026 PFA Team of the Year,2026-05-01T16:17:58.439577Z,2127670,will-gabriel-magalhes-be-named-to-the-2026-pfa-premier-league-team-of-the-year,Will Gabriel Magalhães be named to the 2026 PFA Premier League Team of the Year?,0xd3d8a97f490967ba04bcf06a1f1fa0b8e14ff08f5f0781bccb14c7eb1cf34ca6,"[""112756383879220814577105643520650901454791316512357676513193784191480344438666"", ""7697378624768914483353901406042873706810082834244678754453720343911008090965""]",112756383879220814577105643520650901454791316512357676513193784191480344438666|7697378624768914483353901406042873706810082834244678754453720343911008090965,112756383879220814577105643520650901454791316512357676513193784191480344438666,Yes,True,0.06,5.61,0.96,10.77,0.51,0.8999999999999999,0f253a3b4a2ea00dedc4407f7c95c48062baa6d8,0.01,5,,3.7653,
2026-07-14T07:53:37Z,EPL,435490,epl-2026-team-of-the-season,EPL: 2026 PFA Team of the Year,2026-05-01T16:17:58.439577Z,2127670,will-gabriel-magalhes-be-named-to-the-2026-pfa-premier-league-team-of-the-year,Will Gabriel Magalhães be named to the 2026 PFA Premier League Team of the Year?,0xd3d8a97f490967ba04bcf06a1f1fa0b8e14ff08f5f0781bccb14c7eb1cf34ca6,"[""112756383879220814577105643520650901454791316512357676513193784191480344438666"", ""7697378624768914483353901406042873706810082834244678754453720343911008090965""]",112756383879220814577105643520650901454791316512357676513193784191480344438666|7697378624768914483353901406042873706810082834244678754453720343911008090965,7697378624768914483353901406042873706810082834244678754453720343911008090965,No,True,0.04,10.77,0.94,5.61,0.49,0.8999999999999999,d26fa214cb3feadcf3f005e274ba26d457c19799,0.01,5,,3.7653,
2026-07-14T07:53:37Z,EPL,435490,epl-2026-team-of-the-season,EPL: 2026 PFA Team of the Year,2026-05-01T16:17:58.439577Z,2127671,will-william-saliba-be-named-to-the-2026-pfa-premier-league-team-of-the-year,Will William Saliba be named to the 2026 PFA Premier League Team of the Year?,0xc344b5f7891b8617e7118aaa24bac3840a587691c1a36daa479a61de0b79bcb6,"[""47207660538745167295586664941849591121956044929877358537501900994850424263330"", ""105234782857798608331719124706582304874620432378282673665444164066431160124095""]",47207660538745167295586664941849591121956044929877358537501900994850424263330|105234782857798608331719124706582304874620432378282673665444164066431160124095,47207660538745167295586664941849591121956044929877358537501900994850424263330,Yes,True,0.04,10.77,0.96,10.77,0.5,0.9199999999999999,a458b49626fdbac4f3ba003ce4fe50a0840d3ed8,0.01,5,,4.1822,
2026-07-14T07:53:37Z,EPL,435490,epl-2026-team-of-the-season,EPL: 2026 PFA Team of the Year,2026-05-01T16:17:58.439577Z,2127671,will-william-saliba-be-named-to-the-2026-pfa-premier-league-team-of-the-year,Will William Saliba be named to the 2026 PFA Premier League Team of the Year?,0xc344b5f7891b8617e7118aaa24bac3840a587691c1a36daa479a61de0b79bcb6,"[""47207660538745167295586664941849591121956044929877358537501900994850424263330"", ""105234782857798608331719124706582304874620432378282673665444164066431160124095""]",47207660538745167295586664941849591121956044929877358537501900994850424263330|105234782857798608331719124706582304874620432378282673665444164066431160124095,105234782857798608331719124706582304874620432378282673665444164066431160124095,No,True,0.04,10.77,0.96,10.77,0.5,0.9199999999999999,bbb149c76383fcfafe232a22d80f6260569a4783,0.01,5,,4.1822,
2026-07-14T07:53:37Z,EPL,435490,epl-2026-team-of-the-season,EPL: 2026 PFA Team of the Year,2026-05-01T16:17:58.439577Z,2127672,will-marc-guehi-be-named-to-the-2026-pfa-premier-league-team-of-the-year,Will Marc Guehi be named to the 2026 PFA Premier League Team of the Year?,0x9a7829bcaf4bd65e903739dace6db739a8b68a396fd2c71a3d23d2a2cf2e88c5,"[""18774341203836696417330165615678664168245576790259527905518242337305438497157"", ""17833812615529939189123941305353432679112045501201563425472779980851390683424""]",18774341203836696417330165615678664168245576790259527905518242337305438497157|17833812615529939189123941305353432679112045501201563425472779980851390683424,18774341203836696417330165615678664168245576790259527905518242337305438497157,Yes,True,0.04,10.77,0.96,11.82,0.5,0.9199999999999999,81ec197108113227c9d5b298a744136f6fd83266,0.01,5,,4.1823,
2026-07-14T07:53:37Z,EPL,435490,epl-2026-team-of-the-season,EPL: 2026 PFA Team of the Year,2026-05-01T16:17:58.439577Z,2127672,will-marc-guehi-be-named-to-the-2026-pfa-premier-league-team-of-the-year,Will Marc Guehi be named to the 2026 PFA Premier League Team of the Year?,0x9a7829bcaf4bd65e903739dace6db739a8b68a396fd2c71a3d23d2a2cf2e88c5,"[""18774341203836696417330165615678664168245576790259527905518242337305438497157"", ""17833812615529939189123941305353432679112045501201563425472779980851390683424""]",18774341203836696417330165615678664168245576790259527905518242337305438497157|17833812615529939189123941305353432679112045501201563425472779980851390683424,17833812615529939189123941305353432679112045501201563425472779980851390683424,No,True,0.04,11.82,0.96,10.77,0.5,0.9199999999999999,c0ae25199084fa4b781ed6a0dcca212a246932c6,0.01,5,,4.1823,
2026-07-14T07:53:37Z,EPL,435490,epl-2026-team-of-the-season,EPL: 2026 PFA Team of the Year,2026-05-01T16:17:58.439577Z,2127673,will-virgil-van-dijk-be-named-to-the-2026-pfa-premier-league-team-of-the-year,Will Virgil van Dijk be named to the 2026 PFA Premier League Team of the Year?,0x644231d6b178ebd20f0ab0b061a790f9dee4479ce96ab40686c8ade6f50a0238,"[""31721429411257768645758803262981554412084956132795321375044902571901613004887"", ""113776996666262784023568460080999498147130358875198884777079734831639187945943""]",31721429411257768645758803262981554412084956132795321375044902571901613004887|113776996666262784023568460080999498147130358875198884777079734831639187945943,31721429411257768645758803262981554412084956132795321375044902571901613004887,Yes,True,0.04,13.63,0.97,20.48,0.505,0.9299999999999999,4b2c5c42b5fbb3de201e826e4af3d39a7663568a,0.01,5,,4.8763,1.694914
2026-07-14T07:53:37Z,EPL,435490,epl-2026-team-of-the-season,EPL: 2026 PFA Team of the Year,2026-05-01T16:17:58.439577Z,2127673,will-virgil-van-dijk-be-named-to-the-2026-pfa-premier-league-team-of-the-year,Will Virgil van Dijk be named to the 2026 PFA Premier League Team of the Year?,0x644231d6b178ebd20f0ab0b061a790f9dee4479ce96ab40686c8ade6f50a0238,"[""31721429411257768645758803262981554412084956132795321375044902571901613004887"", ""113776996666262784023568460080999498147130358875198884777079734831639187945943""]",31721429411257768645758803262981554412084956132795321375044902571901613004887|113776996666262784023568460080999498147130358875198884777079734831639187945943,113776996666262784023568460080999498147130358875198884777079734831639187945943,No,True,0.03,20.48,0.96,13.63,0.495,0.9299999999999999,d17633f048074937b093d7e87ca21b1bf5039f0f,0.01,5,,4.8763,1.694914
2026-07-14T07:53:37Z,EPL,435490,epl-2026-team-of-the-season,EPL: 2026 PFA Team of the Year,2026-05-01T16:17:58.439577Z,2127674,will-marc-cucurella-be-named-to-the-2026-pfa-premier-league-team-of-the-year,Will Marc Cucurella be named to the 2026 PFA Premier League Team of the Year?,0xe74cf34bab6946206532fd38cbf5a7eb4b346f7d13bffc6ae16eb3a69a4225d0,"[""59830425161161665808750586172447751894718446914006207206558327469584286337472"", ""85414521652635437338276097105191648874111759265882984452544936528659374053637""]",59830425161161665808750586172447751894718446914006207206558327469584286337472|85414521652635437338276097105191648874111759265882984452544936528659374053637,59830425161161665808750586172447751894718446914006207206558327469584286337472,Yes,True,0.04,10.77,0.96,10.77,0.5,0.9199999999999999,68af9e0bc53ea2efb777a935e4ab92fa2debc376,0.01,5,,4.0503,
2026-07-14T07:53:37Z,EPL,435490,epl-2026-team-of-the-season,EPL: 2026 PFA Team of the Year,2026-05-01T16:17:58.439577Z,2127674,will-marc-cucurella-be-named-to-the-2026-pfa-premier-league-team-of-the-year,Will Marc Cucurella be named to the 2026 PFA Premier League Team of the Year?,0xe74cf34bab6946206532fd38cbf5a7eb4b346f7d13bffc6ae16eb3a69a4225d0,"[""59830425161161665808750586172447751894718446914006207206558327469584286337472"", ""85414521652635437338276097105191648874111759265882984452544936528659374053637""]",59830425161161665808750586172447751894718446914006207206558327469584286337472|85414521652635437338276097105191648874111759265882984452544936528659374053637,85414521652635437338276097105191648874111759265882984452544936528659374053637,No,True,0.04,10.77,0.96,10.77,0.5,0.9199999999999999,d909c37beb535d8479b5c13634d6956c3563d3af,0.01,5,,4.0503,
2026-07-14T07:53:37Z,EPL,435490,epl-2026-team-of-the-season,EPL: 2026 PFA Team of the Year,2026-05-01T16:17:58.439577Z,2127675,will-piero-hincapie-be-named-to-the-2026-pfa-premier-league-team-of-the-year,Will Piero Hincapie be named to the 2026 PFA Premier League Team of the Year?,0x1d5d1e655085db69c387488aa7e661d4719bfa9c0bb392dd05652008c40b4a9a,"[""108011205392215304373394466135742493782019922749752404322686744906595861300763"", ""73789363813582664474158671396757087735667554782131752276569900280712319722369""]",108011205392215304373394466135742493782019922749752404322686744906595861300763|73789363813582664474158671396757087735667554782131752276569900280712319722369,108011205392215304373394466135742493782019922749752404322686744906595861300763,Yes,True,0.04,10.77,0.94,5.61,0.49,0.8999999999999999,24597b4e7c7c85bf0731354d16f83573d11c15df,0.01,5,,3.8973,
2026-07-14T07:53:37Z,EPL,435490,epl-2026-team-of-the-season,EPL: 2026 PFA Team of the Year,2026-05-01T16:17:58.439577Z,2127675,will-piero-hincapie-be-named-to-the-2026-pfa-premier-league-team-of-the-year,Will Piero Hincapie be named to the 2026 PFA Premier League Team of the Year?,0x1d5d1e655085db69c387488aa7e661d4719bfa9c0bb392dd05652008c40b4a9a,"[""108011205392215304373394466135742493782019922749752404322686744906595861300763"", ""73789363813582664474158671396757087735667554782131752276569900280712319722369""]",108011205392215304373394466135742493782019922749752404322686744906595861300763|73789363813582664474158671396757087735667554782131752276569900280712319722369,73789363813582664474158671396757087735667554782131752276569900280712319722369,No,True,0.06,5.61,0.96,10.77,0.51,0.8999999999999999,44859be2ad05e2206ea3e578a26bc6f909eaab91,0.01,5,,3.8973,
2026-07-14T07:53:37Z,EPL,435490,epl-2026-team-of-the-season,EPL: 2026 PFA Team of the Year,2026-05-01T16:17:58.439577Z,2127676,will-declan-rice-be-named-to-the-2026-pfa-premier-league-team-of-the-year,Will Declan Rice be named to the 2026 PFA Premier League Team of the Year?,0x898bbb37bb3e8e03480b52c31bc12b12019e84f4d4042d25622f9a9b9f1a21f2,"[""11523245240526311970979368164866348724509187066335918581337691503956313417913"", ""16544219157755328462914309364144553632877138543113142832790826044960896254419""]",11523245240526311970979368164866348724509187066335918581337691503956313417913|16544219157755328462914309364144553632877138543113142832790826044960896254419,11523245240526311970979368164866348724509187066335918581337691503956313417913,Yes,True,0.06,15.61,0.99,113.4,0.525,0.9299999999999999,3f46b2e96e732c1d763cc056e8f16c1713d279f9,0.01,5,,3.142,16.114284
2026-07-14T07:53:37Z,EPL,435490,epl-2026-team-of-the-season,EPL: 2026 PFA Team of the Year,2026-05-01T16:17:58.439577Z,2127676,will-declan-rice-be-named-to-the-2026-pfa-premier-league-team-of-the-year,Will Declan Rice be named to the 2026 PFA Premier League Team of the Year?,0x898bbb37bb3e8e03480b52c31bc12b12019e84f4d4042d25622f9a9b9f1a21f2,"[""11523245240526311970979368164866348724509187066335918581337691503956313417913"", ""16544219157755328462914309364144553632877138543113142832790826044960896254419""]",11523245240526311970979368164866348724509187066335918581337691503956313417913|16544219157755328462914309364144553632877138543113142832790826044960896254419,16544219157755328462914309364144553632877138543113142832790826044960896254419,No,True,0.01,113.4,0.94,15.61,0.475,0.9299999999999999,b2dcfa6cd63730b7a6cb49fb7b4d1c64cdda1a87,0.01,5,,3.142,16.114284
2026-07-14T07:53:37Z,EPL,435490,epl-2026-team-of-the-season,EPL: 2026 PFA Team of the Year,2026-05-01T16:17:58.439577Z,2127677,will-bruno-fernandes-be-named-to-the-2026-pfa-premier-league-team-of-the-year,Will Bruno Fernandes be named to the 2026 PFA Premier League Team of the Year?,0x679720492bcbff900bde0e29eb7e812c77909bccb3c32b79a3186fc1db03b854,"[""86859495495502891076141743940914617575208033060738396981338088715869715113963"", ""65620697419400192059458180949993387679798824363092322581187835468683093164088""]",86859495495502891076141743940914617575208033060738396981338088715869715113963|65620697419400192059458180949993387679798824363092322581187835468683093164088,86859495495502891076141743940914617575208033060738396981338088715869715113963,Yes,True,0.195,40.0,0.991,7.19,0.593,0.796,4fb56f36c591ac715ee291f4821e33836a0c84a7,0.001,5,,19.24544,440.10643600000003
2026-07-14T07:53:37Z,EPL,435490,epl-2026-team-of-the-season,EPL: 2026 PFA Team of the Year,2026-05-01T16:17:58.439577Z,2127677,will-bruno-fernandes-be-named-to-the-2026-pfa-premier-league-team-of-the-year,Will Bruno Fernandes be named to the 2026 PFA Premier League Team of the Year?,0x679720492bcbff900bde0e29eb7e812c77909bccb3c32b79a3186fc1db03b854,"[""86859495495502891076141743940914617575208033060738396981338088715869715113963"", ""65620697419400192059458180949993387679798824363092322581187835468683093164088""]",86859495495502891076141743940914617575208033060738396981338088715869715113963|65620697419400192059458180949993387679798824363092322581187835468683093164088,65620697419400192059458180949993387679798824363092322581187835468683093164088,No,True,0.009,7.19,0.805,40.0,0.40700000000000003,0.796,2c3abd89b159e1da3ca80f2322fd17b7abc78fa7,0.001,5,,19.24544,440.10643600000003
2026-07-14T07:53:37Z,EPL,435490,epl-2026-team-of-the-season,EPL: 2026 PFA Team of the Year,2026-05-01T16:17:58.439577Z,2127678,will-rodri-be-named-to-the-2026-pfa-premier-league-team-of-the-year,Will Rodri be named to the 2026 PFA Premier League Team of the Year?,0xf9de760ff713bdc5ebdc87ea4a88fb9423ef31bc59d2abb917df50b5b44482c1,"[""92734106880343514385310320083033583888695626897895802880610705682382451590633"", ""56976958810450515743106834354983994802402840862579527495329062688335275234740""]",92734106880343514385310320083033583888695626897895802880610705682382451590633|56976958810450515743106834354983994802402840862579527495329062688335275234740,92734106880343514385310320083033583888695626897895802880610705682382451590633,Yes,True,0.04,10.77,0.96,10.77,0.5,0.9199999999999999,aec4322f60e205dec4a7fed4197d75f3bade0434,0.01,5,,4.0466,
2026-07-14T07:53:37Z,EPL,435490,epl-2026-team-of-the-season,EPL: 2026 PFA Team of the Year,2026-05-01T16:17:58.439577Z,2127678,will-rodri-be-named-to-the-2026-pfa-premier-league-team-of-the-year,Will Rodri be named to the 2026 PFA Premier League Team of the Year?,0xf9de760ff713bdc5ebdc87ea4a88fb9423ef31bc59d2abb917df50b5b44482c1,"[""92734106880343514385310320083033583888695626897895802880610705682382451590633"", ""56976958810450515743106834354983994802402840862579527495329062688335275234740""]",92734106880343514385310320083033583888695626897895802880610705682382451590633|56976958810450515743106834354983994802402840862579527495329062688335275234740,56976958810450515743106834354983994802402840862579527495329062688335275234740,No,True,0.04,10.77,0.96,10.77,0.5,0.9199999999999999,cb69edf20d3177e1a0275692d5556e20c279d3fb,0.01,5,,4.0466,
2026-07-14T07:53:37Z,EPL,435490,epl-2026-team-of-the-season,EPL: 2026 PFA Team of the Year,2026-05-01T16:17:58.439577Z,2127679,will-rayan-cherki-be-named-to-the-2026-pfa-premier-league-team-of-the-year,Will Rayan Cherki be named to the 2026 PFA Premier League Team of the Year?,0xf1bef1d60925998b7577b014ea907965209b9045c197e79e77eb14439d7c431a,"[""44002481860388892740183335966007748831643129921411222940033401480764334836407"", ""47465498507287502475094187263593898643776563896680345103863507875745126656121""]",44002481860388892740183335966007748831643129921411222940033401480764334836407|47465498507287502475094187263593898643776563896680345103863507875745126656121,44002481860388892740183335966007748831643129921411222940033401480764334836407,Yes,True,0.04,11.82,0.96,11.7,0.5,0.9199999999999999,76e85975e142377db909869286983ff87c1869a6,0.01,5,,4.252,
2026-07-14T07:53:37Z,EPL,435490,epl-2026-team-of-the-season,EPL: 2026 PFA Team of the Year,2026-05-01T16:17:58.439577Z,2127679,will-rayan-cherki-be-named-to-the-2026-pfa-premier-league-team-of-the-year,Will Rayan Cherki be named to the 2026 PFA Premier League Team of the Year?,0xf1bef1d60925998b7577b014ea907965209b9045c197e79e77eb14439d7c431a,"[""44002481860388892740183335966007748831643129921411222940033401480764334836407"", ""47465498507287502475094187263593898643776563896680345103863507875745126656121""]",44002481860388892740183335966007748831643129921411222940033401480764334836407|47465498507287502475094187263593898643776563896680345103863507875745126656121,47465498507287502475094187263593898643776563896680345103863507875745126656121,No,True,0.04,11.7,0.96,11.82,0.5,0.9199999999999999,a23b2e4e66a022af85bb3b067d570f6c6c9b602f,0.01,5,,4.252,
2026-07-14T07:53:37Z,EPL,435490,epl-2026-team-of-the-season,EPL: 2026 PFA Team of the Year,2026-05-01T16:17:58.439577Z,2127680,will-dominik-szoboszlai-be-named-to-the-2026-pfa-premier-league-team-of-the-year,Will Dominik Szoboszlai be named to the 2026 PFA Premier League Team of the Year?,0xd5a172faaf27f951f5bc5c2d19f18367ab85e9c963e7357a8433da84e895507e,"[""10904347939559348084889283384973600207001307228767801114856379948987944051302"", ""63514807846207217791796334733580770155958510280638850911506455990693175502240""]",10904347939559348084889283384973600207001307228767801114856379948987944051302|63514807846207217791796334733580770155958510280638850911506455990693175502240,10904347939559348084889283384973600207001307228767801114856379948987944051302,Yes,True,0.04,10.77,0.96,10.77,0.5,0.9199999999999999,b24779bfc5ee928871a6bc1fae6c4718c64a376e,0.01,5,,4.2519,
2026-07-14T07:53:37Z,EPL,435490,epl-2026-team-of-the-season,EPL: 2026 PFA Team of the Year,2026-05-01T16:17:58.439577Z,2127680,will-dominik-szoboszlai-be-named-to-the-2026-pfa-premier-league-team-of-the-year,Will Dominik Szoboszlai be named to the 2026 PFA Premier League Team of the Year?,0xd5a172faaf27f951f5bc5c2d19f18367ab85e9c963e7357a8433da84e895507e,"[""10904347939559348084889283384973600207001307228767801114856379948987944051302"", ""63514807846207217791796334733580770155958510280638850911506455990693175502240""]",10904347939559348084889283384973600207001307228767801114856379948987944051302|63514807846207217791796334733580770155958510280638850911506455990693175502240,63514807846207217791796334733580770155958510280638850911506455990693175502240,No,True,0.04,10.77,0.96,10.77,0.5,0.9199999999999999,376c5c1631bb9cab2a5a037ac8e42ef767201bd4,0.01,5,,4.2519,
2026-07-14T07:53:37Z,EPL,435490,epl-2026-team-of-the-season,EPL: 2026 PFA Team of the Year,2026-05-01T16:17:58.439577Z,2127681,will-moises-caicedo-be-named-to-the-2026-pfa-premier-league-team-of-the-year,Will Moises Caicedo be named to the 2026 PFA Premier League Team of the Year?,0x6a8a0e28a90c3880e21bb6de9eb98f12d5e81a8d88570a2c5b855ee60b6263ba,"[""13244409081849499988815460722411109697257731580831464114667102436005675343259"", ""41998463599395516608520033462694074004839767261466278584344671813809549672424""]",13244409081849499988815460722411109697257731580831464114667102436005675343259|41998463599395516608520033462694074004839767261466278584344671813809549672424,13244409081849499988815460722411109697257731580831464114667102436005675343259,Yes,True,0.04,11.7,0.96,10.77,0.5,0.9199999999999999,97cda1e398bdfcdeda5d75e909d8a8f564cb6543,0.01,5,,4.1823,
2026-07-14T07:53:37Z,EPL,435490,epl-2026-team-of-the-season,EPL: 2026 PFA Team of the Year,2026-05-01T16:17:58.439577Z,2127681,will-moises-caicedo-be-named-to-the-2026-pfa-premier-league-team-of-the-year,Will Moises Caicedo be named to the 2026 PFA Premier League Team of the Year?,0x6a8a0e28a90c3880e21bb6de9eb98f12d5e81a8d88570a2c5b855ee60b6263ba,"[""13244409081849499988815460722411109697257731580831464114667102436005675343259"", ""41998463599395516608520033462694074004839767261466278584344671813809549672424""]",13244409081849499988815460722411109697257731580831464114667102436005675343259|41998463599395516608520033462694074004839767261466278584344671813809549672424,41998463599395516608520033462694074004839767261466278584344671813809549672424,No,True,0.04,10.77,0.96,11.7,0.5,0.9199999999999999,1609682e224d425041801f6a1979d612029aa19e,0.01,5,,4.1823,
2026-07-14T07:53:37Z,EPL,435490,epl-2026-team-of-the-season,EPL: 2026 PFA Team of the Year,2026-05-01T16:17:58.439577Z,2127682,will-elliot-anderson-be-named-to-the-2026-pfa-premier-league-team-of-the-year,Will Elliot Anderson be named to the 2026 PFA Premier League Team of the Year?,0x3e7b9aff81e624e4f9ef7677696f2d4fae5837bdf83bd9ed2d62ec7a87aaf7a6,"[""2770428290325312677871192984476250158140993595717599201621714256969118294243"", ""87005572382727825804817777311897399081855387101457739624425019964385877189800""]",2770428290325312677871192984476250158140993595717599201621714256969118294243|87005572382727825804817777311897399081855387101457739624425019964385877189800,2770428290325312677871192984476250158140993595717599201621714256969118294243,Yes,True,0.04,11.7,0.96,10.77,0.5,0.9199999999999999,b8d54bb30e1509b0022088f06e392e8240e5c830,0.01,5,,4.248,
2026-07-14T07:53:37Z,EPL,435490,epl-2026-team-of-the-season,EPL: 2026 PFA Team of the Year,2026-05-01T16:17:58.439577Z,2127682,will-elliot-anderson-be-named-to-the-2026-pfa-premier-league-team-of-the-year,Will Elliot Anderson be named to the 2026 PFA Premier League Team of the Year?,0x3e7b9aff81e624e4f9ef7677696f2d4fae5837bdf83bd9ed2d62ec7a87aaf7a6,"[""2770428290325312677871192984476250158140993595717599201621714256969118294243"", ""87005572382727825804817777311897399081855387101457739624425019964385877189800""]",2770428290325312677871192984476250158140993595717599201621714256969118294243|87005572382727825804817777311897399081855387101457739624425019964385877189800,87005572382727825804817777311897399081855387101457739624425019964385877189800,No,True,0.04,10.77,0.96,11.7,0.5,0.9199999999999999,4503498566d273c179aa370a78c4e19a68859b3a,0.01,5,,4.248,
2026-07-14T07:53:37Z,EPL,435490,epl-2026-team-of-the-season,EPL: 2026 PFA Team of the Year,2026-05-01T16:17:58.439577Z,2127683,will-erling-haaland-be-named-to-the-2026-pfa-premier-league-team-of-the-year,Will Erling Haaland be named to the 2026 PFA Premier League Team of the Year?,0x0a3ee85120cf7d2febbaba00b787db1bd1fdc7f80f8277d89675736a430e2065,"[""36505760582912364024564187063352953937975349358323597571083864672476590879653"", ""36939641234709193046881505450280116016622287455799963152747536559103079527590""]",36505760582912364024564187063352953937975349358323597571083864672476590879653|36939641234709193046881505450280116016622287455799963152747536559103079527590,36505760582912364024564187063352953937975349358323597571083864672476590879653,Yes,True,0.04,10.77,0.96,10.77,0.5,0.9199999999999999,8d4d3cdfe0a71424b5372145a8dd1f76ebfa6908,0.01,5,,4.0463,
2026-07-14T07:53:37Z,EPL,435490,epl-2026-team-of-the-season,EPL: 2026 PFA Team of the Year,2026-05-01T16:17:58.439577Z,2127683,will-erling-haaland-be-named-to-the-2026-pfa-premier-league-team-of-the-year,Will Erling Haaland be named to the 2026 PFA Premier League Team of the Year?,0x0a3ee85120cf7d2febbaba00b787db1bd1fdc7f80f8277d89675736a430e2065,"[""36505760582912364024564187063352953937975349358323597571083864672476590879653"", ""36939641234709193046881505450280116016622287455799963152747536559103079527590""]",36505760582912364024564187063352953937975349358323597571083864672476590879653|36939641234709193046881505450280116016622287455799963152747536559103079527590,36939641234709193046881505450280116016622287455799963152747536559103079527590,No,True,0.04,10.77,0.96,10.77,0.5,0.9199999999999999,f52494a541e773785dba25812d369db7c6eb91ab,0.01,5,,4.0463,
2026-07-14T07:53:37Z,EPL,435490,epl-2026-team-of-the-season,EPL: 2026 PFA Team of the Year,2026-05-01T16:17:58.439577Z,2127684,will-hugo-ekitike-be-named-to-the-2026-pfa-premier-league-team-of-the-year,Will Hugo Ekitike be named to the 2026 PFA Premier League Team of the Year?,0x3ac387fc809af29edadb0c1881ecd88319f8b4ebb5b0a89a77a84e85f4a2099c,"[""21160761171799050394335213154237360537464294007297740615880003417666696561468"", ""57509889980199562878580001207297131252053963359675973392844979135378456666743""]",21160761171799050394335213154237360537464294007297740615880003417666696561468|57509889980199562878580001207297131252053963359675973392844979135378456666743,21160761171799050394335213154237360537464294007297740615880003417666696561468,Yes,True,0.04,11.52,0.94,5.61,0.49,0.8999999999999999,53260f58009343782278fa87b0b6242e58ac77ca,0.01,5,,3.967,
2026-07-14T07:53:37Z,EPL,435490,epl-2026-team-of-the-season,EPL: 2026 PFA Team of the Year,2026-05-01T16:17:58.439577Z,2127684,will-hugo-ekitike-be-named-to-the-2026-pfa-premier-league-team-of-the-year,Will Hugo Ekitike be named to the 2026 PFA Premier League Team of the Year?,0x3ac387fc809af29edadb0c1881ecd88319f8b4ebb5b0a89a77a84e85f4a2099c,"[""21160761171799050394335213154237360537464294007297740615880003417666696561468"", ""57509889980199562878580001207297131252053963359675973392844979135378456666743""]",21160761171799050394335213154237360537464294007297740615880003417666696561468|57509889980199562878580001207297131252053963359675973392844979135378456666743,57509889980199562878580001207297131252053963359675973392844979135378456666743,No,True,0.06,5.61,0.96,11.52,0.51,0.8999999999999999,277ad615c7058376fc9a85b4361a2bfedb2343e9,0.01,5,,3.967,
2026-07-14T07:53:37Z,EPL,435490,epl-2026-team-of-the-season,EPL: 2026 PFA Team of the Year,2026-05-01T16:17:58.439577Z,2127685,will-igor-thiago-be-named-to-the-2026-pfa-premier-league-team-of-the-year,Will Igor Thiago be named to the 2026 PFA Premier League Team of the Year?,0x2565964258328ceff81b8dd027a9b4bfae11353bbfbb3e27625da025fffc2d97,"[""45116472354972988677943929968423217543948497597214084731838340702588569592863"", ""57509607526871690199395719807389480255858394821926865896302284337840164838738""]",45116472354972988677943929968423217543948497597214084731838340702588569592863|57509607526871690199395719807389480255858394821926865896302284337840164838738,45116472354972988677943929968423217543948497597214084731838340702588569592863,Yes,True,0.04,11.82,0.96,10.77,0.5,0.9199999999999999,416e46981e750af5d93569c7ca43e64e6ae25eb6,0.01,5,,4.1163,
2026-07-14T07:53:37Z,EPL,435490,epl-2026-team-of-the-season,EPL: 2026 PFA Team of the Year,2026-05-01T16:17:58.439577Z,2127685,will-igor-thiago-be-named-to-the-2026-pfa-premier-league-team-of-the-year,Will Igor Thiago be named to the 2026 PFA Premier League Team of the Year?,0x2565964258328ceff81b8dd027a9b4bfae11353bbfbb3e27625da025fffc2d97,"[""45116472354972988677943929968423217543948497597214084731838340702588569592863"", ""57509607526871690199395719807389480255858394821926865896302284337840164838738""]",45116472354972988677943929968423217543948497597214084731838340702588569592863|57509607526871690199395719807389480255858394821926865896302284337840164838738,57509607526871690199395719807389480255858394821926865896302284337840164838738,No,True,0.04,10.77,0.96,11.82,0.5,0.9199999999999999,36dafb2a7e057006941bc9c2d00bd750ae6fc395,0.01,5,,4.1163,
2026-07-14T07:53:37Z,EPL,435490,epl-2026-team-of-the-season,EPL: 2026 PFA Team of the Year,2026-05-01T16:17:58.439577Z,2127686,will-joo-pedro-be-named-to-the-2026-pfa-premier-league-team-of-the-year,Will João Pedro be named to the 2026 PFA Premier League Team of the Year?,0x6fce5bfb34549a3a2c919a87ed5948038ae259334b99c7626269b54b5aec2e0e,"[""32710637391248437289327028678783582535502723443825413307615920275857755767269"", ""76494283295406840675256483217001111989666469664619203128145658200939942333539""]",32710637391248437289327028678783582535502723443825413307615920275857755767269|76494283295406840675256483217001111989666469664619203128145658200939942333539,32710637391248437289327028678783582535502723443825413307615920275857755767269,Yes,True,0.04,10.77,0.94,5.61,0.49,0.8999999999999999,205446fa418621f8dc61069d5981f5cb727811d1,0.01,5,,3.8421,
2026-07-14T07:53:37Z,EPL,435490,epl-2026-team-of-the-season,EPL: 2026 PFA Team of the Year,2026-05-01T16:17:58.439577Z,2127686,will-joo-pedro-be-named-to-the-2026-pfa-premier-league-team-of-the-year,Will João Pedro be named to the 2026 PFA Premier League Team of the Year?,0x6fce5bfb34549a3a2c919a87ed5948038ae259334b99c7626269b54b5aec2e0e,"[""32710637391248437289327028678783582535502723443825413307615920275857755767269"", ""76494283295406840675256483217001111989666469664619203128145658200939942333539""]",32710637391248437289327028678783582535502723443825413307615920275857755767269|76494283295406840675256483217001111989666469664619203128145658200939942333539,76494283295406840675256483217001111989666469664619203128145658200939942333539,No,True,0.06,5.61,0.96,10.77,0.51,0.8999999999999999,6a7b384af82f168614bb344311accccd00f991b3,0.01,5,,3.8421,
2026-07-14T07:53:37Z,EPL,435490,epl-2026-team-of-the-season,EPL: 2026 PFA Team of the Year,2026-05-01T16:17:58.439577Z,2127687,will-morgan-rogers-be-named-to-the-2026-pfa-premier-league-team-of-the-year,Will Morgan Rogers be named to the 2026 PFA Premier League Team of the Year?,0x96b8591e61ab8153068ed93e54c013f0e6b89cea2aa4e133fdfd9dafcded9277,"[""35606525977135678474506342380680226214353069361032301286284296655225714906882"", ""21333608757853284524355908501060578820412665842300321107531640970971045399525""]",35606525977135678474506342380680226214353069361032301286284296655225714906882|21333608757853284524355908501060578820412665842300321107531640970971045399525,35606525977135678474506342380680226214353069361032301286284296655225714906882,Yes,True,0.04,10.77,0.96,10.77,0.5,0.9199999999999999,e1907950841512d636fb4993529dcf09852c4063,0.01,5,,3.9806,
2026-07-14T07:53:37Z,EPL,435490,epl-2026-team-of-the-season,EPL: 2026 PFA Team of the Year,2026-05-01T16:17:58.439577Z,2127687,will-morgan-rogers-be-named-to-the-2026-pfa-premier-league-team-of-the-year,Will Morgan Rogers be named to the 2026 PFA Premier League Team of the Year?,0x96b8591e61ab8153068ed93e54c013f0e6b89cea2aa4e133fdfd9dafcded9277,"[""35606525977135678474506342380680226214353069361032301286284296655225714906882"", ""21333608757853284524355908501060578820412665842300321107531640970971045399525""]",35606525977135678474506342380680226214353069361032301286284296655225714906882|21333608757853284524355908501060578820412665842300321107531640970971045399525,21333608757853284524355908501060578820412665842300321107531640970971045399525,No,True,0.04,10.77,0.96,10.77,0.5,0.9199999999999999,ecb170ae2bf2dedd59b9e4f398636496f58e5924,0.01,5,,3.9806,
2026-07-14T07:53:37Z,EPL,435490,epl-2026-team-of-the-season,EPL: 2026 PFA Team of the Year,2026-05-01T16:17:58.439577Z,2127688,will-antoine-semenyo-be-named-to-the-2026-pfa-premier-league-team-of-the-year,Will Antoine Semenyo be named to the 2026 PFA Premier League Team of the Year?,0x1220c8ad3de1b3e3a079e832ec53f3cd4c3f014685820c7364e6feeec413e4d8,"[""76296603541032491222249921378613877627058194760954506807014743183408941333618"", ""21304560232739094042644316740439641499393814233414419162298081903469670924441""]",76296603541032491222249921378613877627058194760954506807014743183408941333618|21304560232739094042644316740439641499393814233414419162298081903469670924441,76296603541032491222249921378613877627058194760954506807014743183408941333618,Yes,True,0.04,13.63,0.95,6.44,0.495,0.9099999999999999,f5927669b8af64defdfd25b6d85c8cab6ebbbee8,0.01,5,,4.3944,2.08165
2026-07-14T07:53:37Z,EPL,435490,epl-2026-team-of-the-season,EPL: 2026 PFA Team of the Year,2026-05-01T16:17:58.439577Z,2127688,will-antoine-semenyo-be-named-to-the-2026-pfa-premier-league-team-of-the-year,Will Antoine Semenyo be named to the 2026 PFA Premier League Team of the Year?,0x1220c8ad3de1b3e3a079e832ec53f3cd4c3f014685820c7364e6feeec413e4d8,"[""76296603541032491222249921378613877627058194760954506807014743183408941333618"", ""21304560232739094042644316740439641499393814233414419162298081903469670924441""]",76296603541032491222249921378613877627058194760954506807014743183408941333618|21304560232739094042644316740439641499393814233414419162298081903469670924441,21304560232739094042644316740439641499393814233414419162298081903469670924441,No,True,0.05,6.44,0.96,13.63,0.505,0.9099999999999999,182eecb195fa7bfbb222979054f1b6384b92ce32,0.01,5,,4.3944,2.08165
2026-07-14T07:53:37Z,EPL,435490,epl-2026-team-of-the-season,EPL: 2026 PFA Team of the Year,2026-05-01T16:17:58.439577Z,2127689,will-jeremy-doku-be-named-to-the-2026-pfa-premier-league-team-of-the-year,Will Jeremy Doku be named to the 2026 PFA Premier League Team of the Year?,0xa879be670c7ecf3087a8bf9fc8cf43b4e415502e71e7910dd63ac8f80a56d87b,"[""3879696626646145930128886354978365884788235204398514844964568164322230593973"", ""79551627668553765432569263846776420950508270405186694496807348421004929288226""]",3879696626646145930128886354978365884788235204398514844964568164322230593973|79551627668553765432569263846776420950508270405186694496807348421004929288226,3879696626646145930128886354978365884788235204398514844964568164322230593973,Yes,True,0.04,10.77,0.96,10.77,0.5,0.9199999999999999,7a86b411d9ddbf8341d93fb7011b4c5e269df0f4,0.01,5,,4.1803,
2026-07-14T07:53:37Z,EPL,435490,epl-2026-team-of-the-season,EPL: 2026 PFA Team of the Year,2026-05-01T16:17:58.439577Z,2127689,will-jeremy-doku-be-named-to-the-2026-pfa-premier-league-team-of-the-year,Will Jeremy Doku be named to the 2026 PFA Premier League Team of the Year?,0xa879be670c7ecf3087a8bf9fc8cf43b4e415502e71e7910dd63ac8f80a56d87b,"[""3879696626646145930128886354978365884788235204398514844964568164322230593973"", ""79551627668553765432569263846776420950508270405186694496807348421004929288226""]",3879696626646145930128886354978365884788235204398514844964568164322230593973|79551627668553765432569263846776420950508270405186694496807348421004929288226,79551627668553765432569263846776420950508270405186694496807348421004929288226,No,True,0.04,10.77,0.96,10.77,0.5,0.9199999999999999,06a8e5d8d07d7ffad7de670751cdeeb9d528309d,0.01,5,,4.1803,
2026-07-14T07:53:37Z,EPL,435490,epl-2026-team-of-the-season,EPL: 2026 PFA Team of the Year,2026-05-01T16:17:58.439577Z,2127690,will-bryan-mbeumo-be-named-to-the-2026-pfa-premier-league-team-of-the-year,Will Bryan Mbeumo be named to the 2026 PFA Premier League Team of the Year?,0xbc5c1fe3e7dd57070ca528cd85b158334b7aa9ee0c87b22c861586f82f115f53,"[""91785058119765698978951103847186849259631214663163177270696303972172010570357"", ""57423228513700841810717133678013622282899538997222385821885417665448518434118""]",91785058119765698978951103847186849259631214663163177270696303972172010570357|57423228513700841810717133678013622282899538997222385821885417665448518434118,91785058119765698978951103847186849259631214663163177270696303972172010570357,Yes,True,0.04,11.82,0.94,5.61,0.49,0.8999999999999999,c49cd82a0673cc18e43c3efbff0589608234c915,0.01,5,,3.967,
2026-07-14T07:53:37Z,EPL,435490,epl-2026-team-of-the-season,EPL: 2026 PFA Team of the Year,2026-05-01T16:17:58.439577Z,2127690,will-bryan-mbeumo-be-named-to-the-2026-pfa-premier-league-team-of-the-year,Will Bryan Mbeumo be named to the 2026 PFA Premier League Team of the Year?,0xbc5c1fe3e7dd57070ca528cd85b158334b7aa9ee0c87b22c861586f82f115f53,"[""91785058119765698978951103847186849259631214663163177270696303972172010570357"", ""57423228513700841810717133678013622282899538997222385821885417665448518434118""]",91785058119765698978951103847186849259631214663163177270696303972172010570357|57423228513700841810717133678013622282899538997222385821885417665448518434118,57423228513700841810717133678013622282899538997222385821885417665448518434118,No,True,0.06,5.61,0.96,11.82,0.51,0.8999999999999999,25605e89a35072f6bbf7cbf698d76144da28dc77,0.01,5,,3.967,
2026-07-14T07:53:37Z,EPL,435490,epl-2026-team-of-the-season,EPL: 2026 PFA Team of the Year,2026-05-01T16:17:58.439577Z,2127691,will-jarrod-bowen-be-named-to-the-2026-pfa-premier-league-team-of-the-year,Will Jarrod Bowen be named to the 2026 PFA Premier League Team of the Year?,0x7352d3b05ddd64c22487c855e05c0485348e49d0dad74d9bde2c0478db43701e,"[""72676667720459668200165137999841534576126998576490942457742996617745849748718"", ""93972487936526721423770075279455909737407561133246099106446256232697159064557""]",72676667720459668200165137999841534576126998576490942457742996617745849748718|93972487936526721423770075279455909737407561133246099106446256232697159064557,72676667720459668200165137999841534576126998576490942457742996617745849748718,Yes,True,0.04,11.82,0.94,5.61,0.49,0.8999999999999999,ee022e947105537290d75a1fca6ac932fa70b093,0.01,5,,3.967,
2026-07-14T07:53:37Z,EPL,435490,epl-2026-team-of-the-season,EPL: 2026 PFA Team of the Year,2026-05-01T16:17:58.439577Z,2127691,will-jarrod-bowen-be-named-to-the-2026-pfa-premier-league-team-of-the-year,Will Jarrod Bowen be named to the 2026 PFA Premier League Team of the Year?,0x7352d3b05ddd64c22487c855e05c0485348e49d0dad74d9bde2c0478db43701e,"[""72676667720459668200165137999841534576126998576490942457742996617745849748718"", ""93972487936526721423770075279455909737407561133246099106446256232697159064557""]",72676667720459668200165137999841534576126998576490942457742996617745849748718|93972487936526721423770075279455909737407561133246099106446256232697159064557,93972487936526721423770075279455909737407561133246099106446256232697159064557,No,True,0.06,5.61,0.96,11.82,0.51,0.8999999999999999,2285c6d8369db8814373f60cd5bf0261b65b9661,0.01,5,,3.967,
2026-07-14T07:53:37Z,EPL,435490,epl-2026-team-of-the-season,EPL: 2026 PFA Team of the Year,2026-05-01T16:17:58.439577Z,2127692,will-phil-foden-be-named-to-the-2026-pfa-premier-league-team-of-the-year,Will Phil Foden be named to the 2026 PFA Premier League Team of the Year?,0x0f4085f5c4961b9029c600d4f976d0594a302e9f365552b48f500b655f2ac4fa,"[""8033894410953638407847681522327346336043237396295679948351222439635117761656"", ""89182645560093896409280692775338915223534298743660692930735700909064064285484""]",8033894410953638407847681522327346336043237396295679948351222439635117761656|89182645560093896409280692775338915223534298743660692930735700909064064285484,8033894410953638407847681522327346336043237396295679948351222439635117761656,Yes,True,0.04,10.77,0.94,5.61,0.49,0.8999999999999999,9faca8693c4b4671e716cf7199e578b5b8b4d273,0.01,5,,3.9669,
2026-07-14T07:53:37Z,EPL,435490,epl-2026-team-of-the-season,EPL: 2026 PFA Team of the Year,2026-05-01T16:17:58.439577Z,2127692,will-phil-foden-be-named-to-the-2026-pfa-premier-league-team-of-the-year,Will Phil Foden be named to the 2026 PFA Premier League Team of the Year?,0x0f4085f5c4961b9029c600d4f976d0594a302e9f365552b48f500b655f2ac4fa,"[""8033894410953638407847681522327346336043237396295679948351222439635117761656"", ""89182645560093896409280692775338915223534298743660692930735700909064064285484""]",8033894410953638407847681522327346336043237396295679948351222439635117761656|89182645560093896409280692775338915223534298743660692930735700909064064285484,89182645560093896409280692775338915223534298743660692930735700909064064285484,No,True,0.06,5.61,0.96,10.77,0.51,0.8999999999999999,874bac89930e1113ee5292fc39a9cb78310c4a4c,0.01,5,,3.9669,
2026-07-14T07:53:37Z,EPL,435490,epl-2026-team-of-the-season,EPL: 2026 PFA Team of the Year,2026-05-01T16:17:58.439577Z,2127693,will-bukayo-saka-be-named-to-the-2026-pfa-premier-league-team-of-the-year,Will Bukayo Saka be named to the 2026 PFA Premier League Team of the Year?,0xb31d5274c8acbc2b023593c03fe1cb6367f42a9596ebb5d61b3204457b980730,"[""3899512605908669133631802955015968710467998848723391934123440957914049621850"", ""50079801685037680014087676599806731271595381000363699907442053815397821742247""]",3899512605908669133631802955015968710467998848723391934123440957914049621850|50079801685037680014087676599806731271595381000363699907442053815397821742247,3899512605908669133631802955015968710467998848723391934123440957914049621850,Yes,True,0.01,113.4,0.97,20.31,0.49,0.96,c7c3206661ee9e21dad41a01d10a76984c1bc78d,0.01,5,,3.1491,5.434775
2026-07-14T07:53:37Z,EPL,435490,epl-2026-team-of-the-season,EPL: 2026 PFA Team of the Year,2026-05-01T16:17:58.439577Z,2127693,will-bukayo-saka-be-named-to-the-2026-pfa-premier-league-team-of-the-year,Will Bukayo Saka be named to the 2026 PFA Premier League Team of the Year?,0xb31d5274c8acbc2b023593c03fe1cb6367f42a9596ebb5d61b3204457b980730,"[""3899512605908669133631802955015968710467998848723391934123440957914049621850"", ""50079801685037680014087676599806731271595381000363699907442053815397821742247""]",3899512605908669133631802955015968710467998848723391934123440957914049621850|50079801685037680014087676599806731271595381000363699907442053815397821742247,50079801685037680014087676599806731271595381000363699907442053815397821742247,No,True,0.03,20.31,0.99,113.4,0.51,0.96,f9c202fc83cce63cee6d407bb5303c3dccd2d2a2,0.01,5,,3.1491,5.434775
2026-07-14T09:38:58Z,EPL,333084,epl-team-to-qualify-for-uefa-conference-league,EPL: Team to qualify for UEFA Conference League,2026-04-01T17:27:13.650134Z,1818367,will-arsenal-qualify-for-the-league-phase-of-the-2026-27-uefa-conference-league,Will Arsenal qualify for the League Phase of the 2026-27 UEFA Conference League?,0xe303639e6e879ac5dac9632362583523a2c1ff1ac46645f45fd5c1e7034b3ef7,"[""68901380712839851395966644282518000143877097473327410904576810621084636054002"", ""14101352633367703776049560107649243928150035657062243340231594815518398887879""]",68901380712839851395966644282518000143877097473327410904576810621084636054002|14101352633367703776049560107649243928150035657062243340231594815518398887879,68901380712839851395966644282518000143877097473327410904576810621084636054002,Yes,False,,,,,,,,,,,,467.35890000000006
2026-07-14T09:38:58Z,EPL,333084,epl-team-to-qualify-for-uefa-conference-league,EPL: Team to qualify for UEFA Conference League,2026-04-01T17:27:13.650134Z,1818367,will-arsenal-qualify-for-the-league-phase-of-the-2026-27-uefa-conference-league,Will Arsenal qualify for the League Phase of the 2026-27 UEFA Conference League?,0xe303639e6e879ac5dac9632362583523a2c1ff1ac46645f45fd5c1e7034b3ef7,"[""68901380712839851395966644282518000143877097473327410904576810621084636054002"", ""14101352633367703776049560107649243928150035657062243340231594815518398887879""]",68901380712839851395966644282518000143877097473327410904576810621084636054002|14101352633367703776049560107649243928150035657062243340231594815518398887879,14101352633367703776049560107649243928150035657062243340231594815518398887879,No,False,,,,,,,,,,,,467.35890000000006
2026-07-14T09:38:58Z,EPL,333084,epl-team-to-qualify-for-uefa-conference-league,EPL: Team to qualify for UEFA Conference League,2026-04-01T17:27:13.650134Z,1818368,will-aston-villa-qualify-for-the-league-phase-of-the-2026-27-uefa-conference-league,Will Aston Villa qualify for the League Phase of the 2026-27 UEFA Conference League?,0x28177c964d8b9d218ddc13dac289b4d63545aec7329fb69b12413e1a10a75457,"[""31823132354185101528875214330987706903655516243832510690074648671327601851551"", ""24610182176230826024523430019874907375950075107195029433984156474474467506756""]",31823132354185101528875214330987706903655516243832510690074648671327601851551|24610182176230826024523430019874907375950075107195029433984156474474467506756,31823132354185101528875214330987706903655516243832510690074648671327601851551,Yes,False,,,,,,,,,,,,118.34
2026-07-14T09:38:58Z,EPL,333084,epl-team-to-qualify-for-uefa-conference-league,EPL: Team to qualify for UEFA Conference League,2026-04-01T17:27:13.650134Z,1818368,will-aston-villa-qualify-for-the-league-phase-of-the-2026-27-uefa-conference-league,Will Aston Villa qualify for the League Phase of the 2026-27 UEFA Conference League?,0x28177c964d8b9d218ddc13dac289b4d63545aec7329fb69b12413e1a10a75457,"[""31823132354185101528875214330987706903655516243832510690074648671327601851551"", ""24610182176230826024523430019874907375950075107195029433984156474474467506756""]",31823132354185101528875214330987706903655516243832510690074648671327601851551|24610182176230826024523430019874907375950075107195029433984156474474467506756,24610182176230826024523430019874907375950075107195029433984156474474467506756,No,False,,,,,,,,,,,,118.34
2026-07-14T09:38:58Z,EPL,333084,epl-team-to-qualify-for-uefa-conference-league,EPL: Team to qualify for UEFA Conference League,2026-04-01T17:27:13.650134Z,1818369,will-bournemouth-qualify-for-the-league-phase-of-the-2026-27-uefa-conference-league,Will Bournemouth qualify for the League Phase of the 2026-27 UEFA Conference League?,0x767a11689ea743287c46af43309a57c52055b201a44546f1151ebe770848a4c2,"[""51037068800800327301977700578792391802166844203670527997794112211084782282749"", ""49880512765242008305101129568216821495775216606287544487246019230820484318812""]",51037068800800327301977700578792391802166844203670527997794112211084782282749|49880512765242008305101129568216821495775216606287544487246019230820484318812,51037068800800327301977700578792391802166844203670527997794112211084782282749,Yes,False,,,,,,,,,,,,104.230768
2026-07-14T09:38:58Z,EPL,333084,epl-team-to-qualify-for-uefa-conference-league,EPL: Team to qualify for UEFA Conference League,2026-04-01T17:27:13.650134Z,1818369,will-bournemouth-qualify-for-the-league-phase-of-the-2026-27-uefa-conference-league,Will Bournemouth qualify for the League Phase of the 2026-27 UEFA Conference League?,0x767a11689ea743287c46af43309a57c52055b201a44546f1151ebe770848a4c2,"[""51037068800800327301977700578792391802166844203670527997794112211084782282749"", ""49880512765242008305101129568216821495775216606287544487246019230820484318812""]",51037068800800327301977700578792391802166844203670527997794112211084782282749|49880512765242008305101129568216821495775216606287544487246019230820484318812,49880512765242008305101129568216821495775216606287544487246019230820484318812,No,False,,,,,,,,,,,,104.230768
2026-07-14T09:38:58Z,EPL,333084,epl-team-to-qualify-for-uefa-conference-league,EPL: Team to qualify for UEFA Conference League,2026-04-01T17:27:13.650134Z,1818370,will-brentford-qualify-for-the-league-phase-of-the-2026-27-uefa-conference-league,Will Brentford qualify for the League Phase of the 2026-27 UEFA Conference League?,0x0389abffb5ab63bd6aa4c5a51d9d3aa9448f20cd4ce3aa635fefd2f2349c3a31,"[""28387783984422789854592851598345905688234938653031916751801472369971729754741"", ""114832188258694701659066568174555689813627221405189198849646410747085620840644""]",28387783984422789854592851598345905688234938653031916751801472369971729754741|114832188258694701659066568174555689813627221405189198849646410747085620840644,28387783984422789854592851598345905688234938653031916751801472369971729754741,Yes,False,,,,,,,,,,,,65
2026-07-14T09:38:58Z,EPL,333084,epl-team-to-qualify-for-uefa-conference-league,EPL: Team to qualify for UEFA Conference League,2026-04-01T17:27:13.650134Z,1818370,will-brentford-qualify-for-the-league-phase-of-the-2026-27-uefa-conference-league,Will Brentford qualify for the League Phase of the 2026-27 UEFA Conference League?,0x0389abffb5ab63bd6aa4c5a51d9d3aa9448f20cd4ce3aa635fefd2f2349c3a31,"[""28387783984422789854592851598345905688234938653031916751801472369971729754741"", ""114832188258694701659066568174555689813627221405189198849646410747085620840644""]",28387783984422789854592851598345905688234938653031916751801472369971729754741|114832188258694701659066568174555689813627221405189198849646410747085620840644,114832188258694701659066568174555689813627221405189198849646410747085620840644,No,False,,,,,,,,,,,,65
2026-07-14T09:38:58Z,EPL,333084,epl-team-to-qualify-for-uefa-conference-league,EPL: Team to qualify for UEFA Conference League,2026-04-01T17:27:13.650134Z,1818371,will-brighton-hove-albion-qualify-for-the-league-phase-of-the-2026-27-uefa-conference-league,Will Brighton & Hove Albion qualify for the League Phase of the 2026-27 UEFA Conference League?,0x4e11ad07550e879b771bb74aa2ac543182c0b555f4fd86aaa8c9818d64b91f25,"[""91139930726622392742704198140499166850579482457098783277042371092513674941494"", ""75555949500072945185762043512718261040129266196955015758692797567174442576587""]",91139930726622392742704198140499166850579482457098783277042371092513674941494|75555949500072945185762043512718261040129266196955015758692797567174442576587,91139930726622392742704198140499166850579482457098783277042371092513674941494,Yes,True,0.95,5.1,0.979,73.6,0.9644999999999999,0.029000000000000026,4ce5520411df4d2a1324d4a1bf80a7012e0d3f16,0.001,5,,170.76811,751.4608939999999
2026-07-14T09:38:58Z,EPL,333084,epl-team-to-qualify-for-uefa-conference-league,EPL: Team to qualify for UEFA Conference League,2026-04-01T17:27:13.650134Z,1818371,will-brighton-hove-albion-qualify-for-the-league-phase-of-the-2026-27-uefa-conference-league,Will Brighton & Hove Albion qualify for the League Phase of the 2026-27 UEFA Conference League?,0x4e11ad07550e879b771bb74aa2ac543182c0b555f4fd86aaa8c9818d64b91f25,"[""91139930726622392742704198140499166850579482457098783277042371092513674941494"", ""75555949500072945185762043512718261040129266196955015758692797567174442576587""]",91139930726622392742704198140499166850579482457098783277042371092513674941494|75555949500072945185762043512718261040129266196955015758692797567174442576587,75555949500072945185762043512718261040129266196955015758692797567174442576587,No,True,0.021,73.6,0.05,5.1,0.035500000000000004,0.029,0879911c711219f80b2437b41f91120cc9cf6e0e,0.001,5,,170.76811,751.4608939999999
2026-07-14T09:38:58Z,EPL,333084,epl-team-to-qualify-for-uefa-conference-league,EPL: Team to qualify for UEFA Conference League,2026-04-01T17:27:13.650134Z,1818372,will-chelsea-qualify-for-the-league-phase-of-the-2026-27-uefa-conference-league,Will Chelsea qualify for the League Phase of the 2026-27 UEFA Conference League?,0xa0a419e4b455bbeb1ac06050bf572bbf636c70dc688f201eda6beb257e0ecccf,"[""24304404136401853611354679156736471836167449603878002382670170418575244748347"", ""34932573794344542041315686660932662303391519134203250572504686994553601884919""]",24304404136401853611354679156736471836167449603878002382670170418575244748347|34932573794344542041315686660932662303391519134203250572504686994553601884919,24304404136401853611354679156736471836167449603878002382670170418575244748347,Yes,False,,,,,,,,,,,,193.140308
2026-07-14T09:38:58Z,EPL,333084,epl-team-to-qualify-for-uefa-conference-league,EPL: Team to qualify for UEFA Conference League,2026-04-01T17:27:13.650134Z,1818372,will-chelsea-qualify-for-the-league-phase-of-the-2026-27-uefa-conference-league,Will Chelsea qualify for the League Phase of the 2026-27 UEFA Conference League?,0xa0a419e4b455bbeb1ac06050bf572bbf636c70dc688f201eda6beb257e0ecccf,"[""24304404136401853611354679156736471836167449603878002382670170418575244748347"", ""34932573794344542041315686660932662303391519134203250572504686994553601884919""]",24304404136401853611354679156736471836167449603878002382670170418575244748347|34932573794344542041315686660932662303391519134203250572504686994553601884919,34932573794344542041315686660932662303391519134203250572504686994553601884919,No,False,,,,,,,,,,,,193.140308
2026-07-14T09:38:58Z,EPL,333084,epl-team-to-qualify-for-uefa-conference-league,EPL: Team to qualify for UEFA Conference League,2026-04-01T17:27:13.650134Z,1818373,will-crystal-palace-qualify-for-the-league-phase-of-the-2026-27-uefa-conference-league,Will Crystal Palace qualify for the League Phase of the 2026-27 UEFA Conference League?,0x7fcff1b74a273c0e48b01dafa03fd994fc6d6a80faf2f401808a1f7c906231e2,"[""83595360800340582836220415327748792858014632655765677024450652227649872829217"", ""8722778550304158158775908112102831721712668882628498669387415627760731221547""]",83595360800340582836220415327748792858014632655765677024450652227649872829217|8722778550304158158775908112102831721712668882628498669387415627760731221547,83595360800340582836220415327748792858014632655765677024450652227649872829217,Yes,False,,,,,,,,,,,,55.10415
2026-07-14T09:38:58Z,EPL,333084,epl-team-to-qualify-for-uefa-conference-league,EPL: Team to qualify for UEFA Conference League,2026-04-01T17:27:13.650134Z,1818373,will-crystal-palace-qualify-for-the-league-phase-of-the-2026-27-uefa-conference-league,Will Crystal Palace qualify for the League Phase of the 2026-27 UEFA Conference League?,0x7fcff1b74a273c0e48b01dafa03fd994fc6d6a80faf2f401808a1f7c906231e2,"[""83595360800340582836220415327748792858014632655765677024450652227649872829217"", ""8722778550304158158775908112102831721712668882628498669387415627760731221547""]",83595360800340582836220415327748792858014632655765677024450652227649872829217|8722778550304158158775908112102831721712668882628498669387415627760731221547,8722778550304158158775908112102831721712668882628498669387415627760731221547,No,False,,,,,,,,,,,,55.10415
2026-07-14T09:38:58Z,EPL,333084,epl-team-to-qualify-for-uefa-conference-league,EPL: Team to qualify for UEFA Conference League,2026-04-01T17:27:13.650134Z,1818374,will-everton-qualify-for-the-league-phase-of-the-2026-27-uefa-conference-league,Will Everton qualify for the League Phase of the 2026-27 UEFA Conference League?,0xc2d06ea1b36aa2af374778802062278b37c0681e80b8b30d440eea8c89c69efa,"[""4166923647964243798214643118596450748550925708271797356837126450441673128307"", ""38675784671269789218225363889508272390729885225646140690421495748338190385226""]",4166923647964243798214643118596450748550925708271797356837126450441673128307|38675784671269789218225363889508272390729885225646140690421495748338190385226,4166923647964243798214643118596450748550925708271797356837126450441673128307,Yes,False,,,,,,,,,,,,481.81
2026-07-14T09:38:58Z,EPL,333084,epl-team-to-qualify-for-uefa-conference-league,EPL: Team to qualify for UEFA Conference League,2026-04-01T17:27:13.650134Z,1818374,will-everton-qualify-for-the-league-phase-of-the-2026-27-uefa-conference-league,Will Everton qualify for the League Phase of the 2026-27 UEFA Conference League?,0xc2d06ea1b36aa2af374778802062278b37c0681e80b8b30d440eea8c89c69efa,"[""4166923647964243798214643118596450748550925708271797356837126450441673128307"", ""38675784671269789218225363889508272390729885225646140690421495748338190385226""]",4166923647964243798214643118596450748550925708271797356837126450441673128307|38675784671269789218225363889508272390729885225646140690421495748338190385226,38675784671269789218225363889508272390729885225646140690421495748338190385226,No,False,,,,,,,,,,,,481.81
2026-07-14T09:38:58Z,EPL,333084,epl-team-to-qualify-for-uefa-conference-league,EPL: Team to qualify for UEFA Conference League,2026-04-01T17:27:13.650134Z,1818375,will-fulham-qualify-for-the-league-phase-of-the-2026-27-uefa-conference-league,Will Fulham qualify for the League Phase of the 2026-27 UEFA Conference League?,0xa9c80d9e6d42b63441eb65788fa6715dd14e46e84e92ab0af524aa71de00e9fe,"[""58173349290615436261874750189700214187364770220706840363443501392029514828013"", ""68870830613563352664780739176635792396465611522859759407689581346809698393825""]",58173349290615436261874750189700214187364770220706840363443501392029514828013|68870830613563352664780739176635792396465611522859759407689581346809698393825,58173349290615436261874750189700214187364770220706840363443501392029514828013,Yes,False,,,,,,,,,,,,529.6700000000001
2026-07-14T09:38:58Z,EPL,333084,epl-team-to-qualify-for-uefa-conference-league,EPL: Team to qualify for UEFA Conference League,2026-04-01T17:27:13.650134Z,1818375,will-fulham-qualify-for-the-league-phase-of-the-2026-27-uefa-conference-league,Will Fulham qualify for the League Phase of the 2026-27 UEFA Conference League?,0xa9c80d9e6d42b63441eb65788fa6715dd14e46e84e92ab0af524aa71de00e9fe,"[""58173349290615436261874750189700214187364770220706840363443501392029514828013"", ""68870830613563352664780739176635792396465611522859759407689581346809698393825""]",58173349290615436261874750189700214187364770220706840363443501392029514828013|68870830613563352664780739176635792396465611522859759407689581346809698393825,68870830613563352664780739176635792396465611522859759407689581346809698393825,No,False,,,,,,,,,,,,529.6700000000001
2026-07-14T09:38:58Z,EPL,333084,epl-team-to-qualify-for-uefa-conference-league,EPL: Team to qualify for UEFA Conference League,2026-04-01T17:27:13.650134Z,1818376,will-ipswich-town-qualify-for-the-league-phase-of-the-2026-27-uefa-conference-league,Will Ipswich Town qualify for the League Phase of the 2026-27 UEFA Conference League?,0xfd1fd6c7c9106ccdc0a48fb64385b352808d5f6a4eb0157cb37b834002772000,"[""34575040317828011543308948862359294748447343494151397521995978862299718496252"", ""32703218917373905712439402416747473136357574974365039086658033726899781984701""]",34575040317828011543308948862359294748447343494151397521995978862299718496252|32703218917373905712439402416747473136357574974365039086658033726899781984701,34575040317828011543308948862359294748447343494151397521995978862299718496252,Yes,False,,,,,,,,,,,,185.7979
2026-07-14T09:38:58Z,EPL,333084,epl-team-to-qualify-for-uefa-conference-league,EPL: Team to qualify for UEFA Conference League,2026-04-01T17:27:13.650134Z,1818376,will-ipswich-town-qualify-for-the-league-phase-of-the-2026-27-uefa-conference-league,Will Ipswich Town qualify for the League Phase of the 2026-27 UEFA Conference League?,0xfd1fd6c7c9106ccdc0a48fb64385b352808d5f6a4eb0157cb37b834002772000,"[""34575040317828011543308948862359294748447343494151397521995978862299718496252"", ""32703218917373905712439402416747473136357574974365039086658033726899781984701""]",34575040317828011543308948862359294748447343494151397521995978862299718496252|32703218917373905712439402416747473136357574974365039086658033726899781984701,32703218917373905712439402416747473136357574974365039086658033726899781984701,No,False,,,,,,,,,,,,185.7979
2026-07-14T09:38:58Z,EPL,333084,epl-team-to-qualify-for-uefa-conference-league,EPL: Team to qualify for UEFA Conference League,2026-04-01T17:27:13.650134Z,1818377,will-leicester-city-qualify-for-the-league-phase-of-the-2026-27-uefa-conference-league,Will Leicester City qualify for the League Phase of the 2026-27 UEFA Conference League?,0x7f23bad03e49e8691193b374466a982f76952cc0658302268f2122380250f91d,"[""36855782576831156580765175743466253787995589729798761982205435744452738857165"", ""63267615403020851545105138792098005654530731396339683005908577788229989628684""]",36855782576831156580765175743466253787995589729798761982205435744452738857165|63267615403020851545105138792098005654530731396339683005908577788229989628684,36855782576831156580765175743466253787995589729798761982205435744452738857165,Yes,False,,,,,,,,,,,,185.5555
2026-07-14T09:38:58Z,EPL,333084,epl-team-to-qualify-for-uefa-conference-league,EPL: Team to qualify for UEFA Conference League,2026-04-01T17:27:13.650134Z,1818377,will-leicester-city-qualify-for-the-league-phase-of-the-2026-27-uefa-conference-league,Will Leicester City qualify for the League Phase of the 2026-27 UEFA Conference League?,0x7f23bad03e49e8691193b374466a982f76952cc0658302268f2122380250f91d,"[""36855782576831156580765175743466253787995589729798761982205435744452738857165"", ""63267615403020851545105138792098005654530731396339683005908577788229989628684""]",36855782576831156580765175743466253787995589729798761982205435744452738857165|63267615403020851545105138792098005654530731396339683005908577788229989628684,63267615403020851545105138792098005654530731396339683005908577788229989628684,No,False,,,,,,,,,,,,185.5555
2026-07-14T09:38:58Z,EPL,333084,epl-team-to-qualify-for-uefa-conference-league,EPL: Team to qualify for UEFA Conference League,2026-04-01T17:27:13.650134Z,1818378,will-liverpool-qualify-for-the-league-phase-of-the-2026-27-uefa-conference-league,Will Liverpool qualify for the League Phase of the 2026-27 UEFA Conference League?,0x0f39d177f78abd438be984b36f264c13de879b346ae40bfea0ababc108b83f64,"[""65988948624774144931622911564364302133312968519504468408474435267221324233196"", ""115130602602129428285461614417924472558165741430309539659330809798396288056300""]",65988948624774144931622911564364302133312968519504468408474435267221324233196|115130602602129428285461614417924472558165741430309539659330809798396288056300,65988948624774144931622911564364302133312968519504468408474435267221324233196,Yes,False,,,,,,,,,,,0,175.5
2026-07-14T09:38:58Z,EPL,333084,epl-team-to-qualify-for-uefa-conference-league,EPL: Team to qualify for UEFA Conference League,2026-04-01T17:27:13.650134Z,1818378,will-liverpool-qualify-for-the-league-phase-of-the-2026-27-uefa-conference-league,Will Liverpool qualify for the League Phase of the 2026-27 UEFA Conference League?,0x0f39d177f78abd438be984b36f264c13de879b346ae40bfea0ababc108b83f64,"[""65988948624774144931622911564364302133312968519504468408474435267221324233196"", ""115130602602129428285461614417924472558165741430309539659330809798396288056300""]",65988948624774144931622911564364302133312968519504468408474435267221324233196|115130602602129428285461614417924472558165741430309539659330809798396288056300,115130602602129428285461614417924472558165741430309539659330809798396288056300,No,False,,,,,,,,,,,0,175.5
2026-07-14T09:38:58Z,EPL,333084,epl-team-to-qualify-for-uefa-conference-league,EPL: Team to qualify for UEFA Conference League,2026-04-01T17:27:13.650134Z,1818379,will-manchester-city-qualify-for-the-league-phase-of-the-2026-27-uefa-conference-league,Will Manchester City qualify for the League Phase of the 2026-27 UEFA Conference League?,0x9f502be87b77866442714675eeb0ceec67b36469dab587b15862716b95a22a65,"[""81955707153623233000480445669873960416969320182377332341762765419704043622092"", ""63903621190034107756618838956749324043719317201688365281214818158837560760762""]",81955707153623233000480445669873960416969320182377332341762765419704043622092|63903621190034107756618838956749324043719317201688365281214818158837560760762,81955707153623233000480445669873960416969320182377332341762765419704043622092,Yes,False,,,,,,,,,,,,239.96210000000002
2026-07-14T09:38:58Z,EPL,333084,epl-team-to-qualify-for-uefa-conference-league,EPL: Team to qualify for UEFA Conference League,2026-04-01T17:27:13.650134Z,1818379,will-manchester-city-qualify-for-the-league-phase-of-the-2026-27-uefa-conference-league,Will Manchester City qualify for the League Phase of the 2026-27 UEFA Conference League?,0x9f502be87b77866442714675eeb0ceec67b36469dab587b15862716b95a22a65,"[""81955707153623233000480445669873960416969320182377332341762765419704043622092"", ""63903621190034107756618838956749324043719317201688365281214818158837560760762""]",81955707153623233000480445669873960416969320182377332341762765419704043622092|63903621190034107756618838956749324043719317201688365281214818158837560760762,63903621190034107756618838956749324043719317201688365281214818158837560760762,No,False,,,,,,,,,,,,239.96210000000002
2026-07-14T09:38:58Z,EPL,333084,epl-team-to-qualify-for-uefa-conference-league,EPL: Team to qualify for UEFA Conference League,2026-04-01T17:27:13.650134Z,1818380,will-manchester-united-qualify-for-the-league-phase-of-the-2026-27-uefa-conference-league,Will Manchester United qualify for the League Phase of the 2026-27 UEFA Conference League?,0x10faa15e034abb4d8b58e96fa9cceaeba84182d8d26061672b3090ef60c474c7,"[""14537963265850539015090671292913129800573442530565687433985001158662408488535"", ""24584985274241329793529868323709359334793457968867512216477798918303927163120""]",14537963265850539015090671292913129800573442530565687433985001158662408488535|24584985274241329793529868323709359334793457968867512216477798918303927163120,14537963265850539015090671292913129800573442530565687433985001158662408488535,Yes,False,,,,,,,,,,,,654.06
2026-07-14T09:38:58Z,EPL,333084,epl-team-to-qualify-for-uefa-conference-league,EPL: Team to qualify for UEFA Conference League,2026-04-01T17:27:13.650134Z,1818380,will-manchester-united-qualify-for-the-league-phase-of-the-2026-27-uefa-conference-league,Will Manchester United qualify for the League Phase of the 2026-27 UEFA Conference League?,0x10faa15e034abb4d8b58e96fa9cceaeba84182d8d26061672b3090ef60c474c7,"[""14537963265850539015090671292913129800573442530565687433985001158662408488535"", ""24584985274241329793529868323709359334793457968867512216477798918303927163120""]",14537963265850539015090671292913129800573442530565687433985001158662408488535|24584985274241329793529868323709359334793457968867512216477798918303927163120,24584985274241329793529868323709359334793457968867512216477798918303927163120,No,False,,,,,,,,,,,,654.06
2026-07-14T09:38:58Z,EPL,333084,epl-team-to-qualify-for-uefa-conference-league,EPL: Team to qualify for UEFA Conference League,2026-04-01T17:27:13.650134Z,1818381,will-newcastle-united-qualify-for-the-league-phase-of-the-2026-27-uefa-conference-league,Will Newcastle United qualify for the League Phase of the 2026-27 UEFA Conference League?,0xb0716d2b36fd90dd54c600a9e7647616490002987e3eb1ecb3d10ead4d62d33c,"[""59224980280942325666569394558997382798882386438436610001858371645471216555919"", ""79970515927998557660930530711963196679174481368659736459630565505379849389257""]",59224980280942325666569394558997382798882386438436610001858371645471216555919|79970515927998557660930530711963196679174481368659736459630565505379849389257,59224980280942325666569394558997382798882386438436610001858371645471216555919,Yes,False,,,,,,,,,,,,411.9
2026-07-14T09:38:58Z,EPL,333084,epl-team-to-qualify-for-uefa-conference-league,EPL: Team to qualify for UEFA Conference League,2026-04-01T17:27:13.650134Z,1818381,will-newcastle-united-qualify-for-the-league-phase-of-the-2026-27-uefa-conference-league,Will Newcastle United qualify for the League Phase of the 2026-27 UEFA Conference League?,0xb0716d2b36fd90dd54c600a9e7647616490002987e3eb1ecb3d10ead4d62d33c,"[""59224980280942325666569394558997382798882386438436610001858371645471216555919"", ""79970515927998557660930530711963196679174481368659736459630565505379849389257""]",59224980280942325666569394558997382798882386438436610001858371645471216555919|79970515927998557660930530711963196679174481368659736459630565505379849389257,79970515927998557660930530711963196679174481368659736459630565505379849389257,No,False,,,,,,,,,,,,411.9
2026-07-14T09:38:58Z,EPL,333084,epl-team-to-qualify-for-uefa-conference-league,EPL: Team to qualify for UEFA Conference League,2026-04-01T17:27:13.650134Z,1818382,will-nottingham-forest-qualify-for-the-league-phase-of-the-2026-27-uefa-conference-league,Will Nottingham Forest qualify for the League Phase of the 2026-27 UEFA Conference League?,0xe911ed8e88ee4d94cb587ed6128a6c15596d9338a4d90b78b9ea20b0578fc156,"[""19481881546917834293067497074329377518935142669934498853237227966392229142245"", ""57602898067754327037427882833634701750997153547931685588132390215919583981742""]",19481881546917834293067497074329377518935142669934498853237227966392229142245|57602898067754327037427882833634701750997153547931685588132390215919583981742,19481881546917834293067497074329377518935142669934498853237227966392229142245,Yes,False,,,,,,,,,,,,407.7161
2026-07-14T09:38:58Z,EPL,333084,epl-team-to-qualify-for-uefa-conference-league,EPL: Team to qualify for UEFA Conference League,2026-04-01T17:27:13.650134Z,1818382,will-nottingham-forest-qualify-for-the-league-phase-of-the-2026-27-uefa-conference-league,Will Nottingham Forest qualify for the League Phase of the 2026-27 UEFA Conference League?,0xe911ed8e88ee4d94cb587ed6128a6c15596d9338a4d90b78b9ea20b0578fc156,"[""19481881546917834293067497074329377518935142669934498853237227966392229142245"", ""57602898067754327037427882833634701750997153547931685588132390215919583981742""]",19481881546917834293067497074329377518935142669934498853237227966392229142245|57602898067754327037427882833634701750997153547931685588132390215919583981742,57602898067754327037427882833634701750997153547931685588132390215919583981742,No,False,,,,,,,,,,,,407.7161
2026-07-14T09:38:58Z,EPL,333084,epl-team-to-qualify-for-uefa-conference-league,EPL: Team to qualify for UEFA Conference League,2026-04-01T17:27:13.650134Z,1818383,will-southampton-qualify-for-the-league-phase-of-the-2026-27-uefa-conference-league,Will Southampton qualify for the League Phase of the 2026-27 UEFA Conference League?,0x7ca2adbbd88851add0e546dd78574d7e79fc00c76e8c490e5692bf8023c11e75,"[""26877828097379119176280047098274709531228788895296330595994436624390898867911"", ""115748130349087715420332870666315257990045222809843222754054247382701059943674""]",26877828097379119176280047098274709531228788895296330595994436624390898867911|115748130349087715420332870666315257990045222809843222754054247382701059943674,26877828097379119176280047098274709531228788895296330595994436624390898867911,Yes,False,,,,,,,,,,,0,617.6899999999999
2026-07-14T09:38:58Z,EPL,333084,epl-team-to-qualify-for-uefa-conference-league,EPL: Team to qualify for UEFA Conference League,2026-04-01T17:27:13.650134Z,1818383,will-southampton-qualify-for-the-league-phase-of-the-2026-27-uefa-conference-league,Will Southampton qualify for the League Phase of the 2026-27 UEFA Conference League?,0x7ca2adbbd88851add0e546dd78574d7e79fc00c76e8c490e5692bf8023c11e75,"[""26877828097379119176280047098274709531228788895296330595994436624390898867911"", ""115748130349087715420332870666315257990045222809843222754054247382701059943674""]",26877828097379119176280047098274709531228788895296330595994436624390898867911|115748130349087715420332870666315257990045222809843222754054247382701059943674,115748130349087715420332870666315257990045222809843222754054247382701059943674,No,False,,,,,,,,,,,0,617.6899999999999
2026-07-14T09:38:58Z,EPL,333084,epl-team-to-qualify-for-uefa-conference-league,EPL: Team to qualify for UEFA Conference League,2026-04-01T17:27:13.650134Z,1818384,will-tottenham-hotspur-qualify-for-the-league-phase-of-the-2026-27-uefa-conference-league,Will Tottenham Hotspur qualify for the League Phase of the 2026-27 UEFA Conference League?,0xe98b7da9a346eb2aced5b9300c7a53e4d7c147741b546f005de0b3c0d89e0ae1,"[""16165000919596414242427788888124743916698715129044155178467657105167009019476"", ""114828181514576721851254739097127564151815507804110569853443476924908844910766""]",16165000919596414242427788888124743916698715129044155178467657105167009019476|114828181514576721851254739097127564151815507804110569853443476924908844910766,16165000919596414242427788888124743916698715129044155178467657105167009019476,Yes,False,,,,,,,,,,,,1126.7675
2026-07-14T09:38:58Z,EPL,333084,epl-team-to-qualify-for-uefa-conference-league,EPL: Team to qualify for UEFA Conference League,2026-04-01T17:27:13.650134Z,1818384,will-tottenham-hotspur-qualify-for-the-league-phase-of-the-2026-27-uefa-conference-league,Will Tottenham Hotspur qualify for the League Phase of the 2026-27 UEFA Conference League?,0xe98b7da9a346eb2aced5b9300c7a53e4d7c147741b546f005de0b3c0d89e0ae1,"[""16165000919596414242427788888124743916698715129044155178467657105167009019476"", ""114828181514576721851254739097127564151815507804110569853443476924908844910766""]",16165000919596414242427788888124743916698715129044155178467657105167009019476|114828181514576721851254739097127564151815507804110569853443476924908844910766,114828181514576721851254739097127564151815507804110569853443476924908844910766,No,False,,,,,,,,,,,,1126.7675
2026-07-14T09:38:58Z,EPL,333084,epl-team-to-qualify-for-uefa-conference-league,EPL: Team to qualify for UEFA Conference League,2026-04-01T17:27:13.650134Z,1818385,will-west-ham-united-qualify-for-the-league-phase-of-the-2026-27-uefa-conference-league,Will West Ham United qualify for the League Phase of the 2026-27 UEFA Conference League?,0xbc79053a1f7691b55171b4a210da33b3c3fba449c9df4fd954856635f8da0e8e,"[""54894379652853834326297942957419603346481276275403414881816173756537774757640"", ""33108900391203812803918822219418560079370282336069888352885661677363224124116""]",54894379652853834326297942957419603346481276275403414881816173756537774757640|33108900391203812803918822219418560079370282336069888352885661677363224124116,54894379652853834326297942957419603346481276275403414881816173756537774757640,Yes,False,,,,,,,,,,,,207.137
2026-07-14T09:38:58Z,EPL,333084,epl-team-to-qualify-for-uefa-conference-league,EPL: Team to qualify for UEFA Conference League,2026-04-01T17:27:13.650134Z,1818385,will-west-ham-united-qualify-for-the-league-phase-of-the-2026-27-uefa-conference-league,Will West Ham United qualify for the League Phase of the 2026-27 UEFA Conference League?,0xbc79053a1f7691b55171b4a210da33b3c3fba449c9df4fd954856635f8da0e8e,"[""54894379652853834326297942957419603346481276275403414881816173756537774757640"", ""33108900391203812803918822219418560079370282336069888352885661677363224124116""]",54894379652853834326297942957419603346481276275403414881816173756537774757640|33108900391203812803918822219418560079370282336069888352885661677363224124116,33108900391203812803918822219418560079370282336069888352885661677363224124116,No,False,,,,,,,,,,,,207.137
2026-07-14T09:38:58Z,EPL,333084,epl-team-to-qualify-for-uefa-conference-league,EPL: Team to qualify for UEFA Conference League,2026-04-01T17:27:13.650134Z,1818386,will-wolverhampton-wanderers-qualify-for-the-league-phase-of-the-2026-27-uefa-conference-league,Will Wolverhampton Wanderers qualify for the League Phase of the 2026-27 UEFA Conference League?,0x612a47d48e42fc85f4b3099edd0779c399e7393325bae5ef494fbec0b518be97,"[""39645891629689350247020865542579082583944711546641819664090458601825821008952"", ""27752113810792547257158395279414992925826179248970504390132410269490063597360""]",39645891629689350247020865542579082583944711546641819664090458601825821008952|27752113810792547257158395279414992925826179248970504390132410269490063597360,39645891629689350247020865542579082583944711546641819664090458601825821008952,Yes,False,,,,,,,,,,,,216.45
2026-07-14T09:38:58Z,EPL,333084,epl-team-to-qualify-for-uefa-conference-league,EPL: Team to qualify for UEFA Conference League,2026-04-01T17:27:13.650134Z,1818386,will-wolverhampton-wanderers-qualify-for-the-league-phase-of-the-2026-27-uefa-conference-league,Will Wolverhampton Wanderers qualify for the League Phase of the 2026-27 UEFA Conference League?,0x612a47d48e42fc85f4b3099edd0779c399e7393325bae5ef494fbec0b518be97,"[""39645891629689350247020865542579082583944711546641819664090458601825821008952"", ""27752113810792547257158395279414992925826179248970504390132410269490063597360""]",39645891629689350247020865542579082583944711546641819664090458601825821008952|27752113810792547257158395279414992925826179248970504390132410269490063597360,27752113810792547257158395279414992925826179248970504390132410269490063597360,No,False,,,,,,,,,,,,216.45
2026-07-14T09:38:58Z,EPL,435490,epl-2026-team-of-the-season,EPL: 2026 PFA Team of the Year,2026-05-01T16:17:58.439577Z,2127663,will-david-raya-be-named-to-the-2026-pfa-premier-league-team-of-the-year,Will David Raya be named to the 2026 PFA Premier League Team of the Year?,0x50561f0ac9fb48ce9b1dc8f78f84dea5e43d9d30bd507eb93fa57b11a996ffeb,"[""3488261232009523381576281256634840719226792569353110860105294590188599877555"", ""33896607823388600558222421347266613674976673770405419631622989961143438148884""]",3488261232009523381576281256634840719226792569353110860105294590188599877555|33896607823388600558222421347266613674976673770405419631622989961143438148884,3488261232009523381576281256634840719226792569353110860105294590188599877555,Yes,True,0.06,5.61,0.96,10.77,0.51,0.8999999999999999,547cfe3277c39edb8259d607fc61738a173a482e,0.01,5,,3.8973,
2026-07-14T09:38:58Z,EPL,435490,epl-2026-team-of-the-season,EPL: 2026 PFA Team of the Year,2026-05-01T16:17:58.439577Z,2127663,will-david-raya-be-named-to-the-2026-pfa-premier-league-team-of-the-year,Will David Raya be named to the 2026 PFA Premier League Team of the Year?,0x50561f0ac9fb48ce9b1dc8f78f84dea5e43d9d30bd507eb93fa57b11a996ffeb,"[""3488261232009523381576281256634840719226792569353110860105294590188599877555"", ""33896607823388600558222421347266613674976673770405419631622989961143438148884""]",3488261232009523381576281256634840719226792569353110860105294590188599877555|33896607823388600558222421347266613674976673770405419631622989961143438148884,33896607823388600558222421347266613674976673770405419631622989961143438148884,No,True,0.04,10.77,0.94,5.61,0.49,0.8999999999999999,f2b9b651ebfafd307ba11ed147e7eeda0a7ed4ed,0.01,5,,3.8973,
2026-07-14T09:38:58Z,EPL,435490,epl-2026-team-of-the-season,EPL: 2026 PFA Team of the Year,2026-05-01T16:17:58.439577Z,2127664,will-jordan-pickford-be-named-to-the-2026-pfa-premier-league-team-of-the-year,Will Jordan Pickford be named to the 2026 PFA Premier League Team of the Year?,0x206d3cf11b86b16708f160e1e5223e75f4f0b126fbfecb52300077792e4a978f,"[""69002409170326112222673578355907486486435514190626080376764720483535336436602"", ""29764786967669041151836718379664776749611256940389381248189333088896507813340""]",69002409170326112222673578355907486486435514190626080376764720483535336436602|29764786967669041151836718379664776749611256940389381248189333088896507813340,69002409170326112222673578355907486486435514190626080376764720483535336436602,Yes,True,0.04,11.82,0.94,5.61,0.49,0.8999999999999999,24f37c977f0a2895b7953136e727ac14d4ca5fa0,0.01,5,,3.967,
2026-07-14T09:38:58Z,EPL,435490,epl-2026-team-of-the-season,EPL: 2026 PFA Team of the Year,2026-05-01T16:17:58.439577Z,2127664,will-jordan-pickford-be-named-to-the-2026-pfa-premier-league-team-of-the-year,Will Jordan Pickford be named to the 2026 PFA Premier League Team of the Year?,0x206d3cf11b86b16708f160e1e5223e75f4f0b126fbfecb52300077792e4a978f,"[""69002409170326112222673578355907486486435514190626080376764720483535336436602"", ""29764786967669041151836718379664776749611256940389381248189333088896507813340""]",69002409170326112222673578355907486486435514190626080376764720483535336436602|29764786967669041151836718379664776749611256940389381248189333088896507813340,29764786967669041151836718379664776749611256940389381248189333088896507813340,No,True,0.06,5.61,0.96,11.82,0.51,0.8999999999999999,4dd57f321e25f9b8d9f333bb17e45d4ce33dacbc,0.01,5,,3.967,
2026-07-14T09:38:58Z,EPL,435490,epl-2026-team-of-the-season,EPL: 2026 PFA Team of the Year,2026-05-01T16:17:58.439577Z,2127665,will-dean-henderson-be-named-to-the-2026-pfa-premier-league-team-of-the-year,Will Dean Henderson be named to the 2026 PFA Premier League Team of the Year?,0x67ebb7796df1324b1b084b0aaa59e3379513583ac93e3c8e968935e7dbb1f535,"[""77730449116026385251216021681478758817188404733132958155748625297475510396335"", ""86484569427189395298179892127162282618369840953731094949208918944830421003973""]",77730449116026385251216021681478758817188404733132958155748625297475510396335|86484569427189395298179892127162282618369840953731094949208918944830421003973,77730449116026385251216021681478758817188404733132958155748625297475510396335,Yes,True,0.04,11.82,0.94,5.61,0.49,0.8999999999999999,2136fecff25d79e9a0a4a334f55c1f73e10fb603,0.01,5,,3.9118,
2026-07-14T09:38:58Z,EPL,435490,epl-2026-team-of-the-season,EPL: 2026 PFA Team of the Year,2026-05-01T16:17:58.439577Z,2127665,will-dean-henderson-be-named-to-the-2026-pfa-premier-league-team-of-the-year,Will Dean Henderson be named to the 2026 PFA Premier League Team of the Year?,0x67ebb7796df1324b1b084b0aaa59e3379513583ac93e3c8e968935e7dbb1f535,"[""77730449116026385251216021681478758817188404733132958155748625297475510396335"", ""86484569427189395298179892127162282618369840953731094949208918944830421003973""]",77730449116026385251216021681478758817188404733132958155748625297475510396335|86484569427189395298179892127162282618369840953731094949208918944830421003973,86484569427189395298179892127162282618369840953731094949208918944830421003973,No,True,0.06,5.61,0.96,11.82,0.51,0.8999999999999999,1084f18de57341233d1b1a1e762bd827f0696b16,0.01,5,,3.9118,
2026-07-14T09:38:58Z,EPL,435490,epl-2026-team-of-the-season,EPL: 2026 PFA Team of the Year,2026-05-01T16:17:58.439577Z,2127666,will-robin-roefs-be-named-to-the-2026-pfa-premier-league-team-of-the-year,Will Robin Roefs be named to the 2026 PFA Premier League Team of the Year?,0xdae0f14d1b5ea256638164c6578853226408702f44e238ca8fa692998fdc6332,"[""70182957445101902779363373709716695169810926012757858042099415085409463195888"", ""90699863564786576085723598309072905823666331748016080742800846290619606364496""]",70182957445101902779363373709716695169810926012757858042099415085409463195888|90699863564786576085723598309072905823666331748016080742800846290619606364496,70182957445101902779363373709716695169810926012757858042099415085409463195888,Yes,True,0.04,10.77,0.94,5.61,0.49,0.8999999999999999,86903eeca42496838dba372ec3658ec8369ae19c,0.01,5,,3.8489,
2026-07-14T09:38:58Z,EPL,435490,epl-2026-team-of-the-season,EPL: 2026 PFA Team of the Year,2026-05-01T16:17:58.439577Z,2127666,will-robin-roefs-be-named-to-the-2026-pfa-premier-league-team-of-the-year,Will Robin Roefs be named to the 2026 PFA Premier League Team of the Year?,0xdae0f14d1b5ea256638164c6578853226408702f44e238ca8fa692998fdc6332,"[""70182957445101902779363373709716695169810926012757858042099415085409463195888"", ""90699863564786576085723598309072905823666331748016080742800846290619606364496""]",70182957445101902779363373709716695169810926012757858042099415085409463195888|90699863564786576085723598309072905823666331748016080742800846290619606364496,90699863564786576085723598309072905823666331748016080742800846290619606364496,No,True,0.06,5.61,0.96,10.77,0.51,0.8999999999999999,07c2f676bca902e4bef6f55e931d18b36791d75f,0.01,5,,3.8489,
2026-07-14T09:38:58Z,EPL,435490,epl-2026-team-of-the-season,EPL: 2026 PFA Team of the Year,2026-05-01T16:17:58.439577Z,2127667,will-gianluigi-donnarumma-be-named-to-the-2026-pfa-premier-league-team-of-the-year,Will Gianluigi Donnarumma be named to the 2026 PFA Premier League Team of the Year?,0x322441734b9f23744de899e345ef48ec25e0055f8b1bfc19fe4612055a8ff2df,"[""65007673257262595676530056363240287641293306267550009290432560084643152028010"", ""97388027101380065799871752579213229783305736941572715830099055292320933629215""]",65007673257262595676530056363240287641293306267550009290432560084643152028010|97388027101380065799871752579213229783305736941572715830099055292320933629215,65007673257262595676530056363240287641293306267550009290432560084643152028010,Yes,True,0.04,11.7,0.96,11.7,0.5,0.9199999999999999,0ae7baada13ea37eccfb74dac23baa6b7f7c06d4,0.01,5,,4.252,
2026-07-14T09:38:58Z,EPL,435490,epl-2026-team-of-the-season,EPL: 2026 PFA Team of the Year,2026-05-01T16:17:58.439577Z,2127667,will-gianluigi-donnarumma-be-named-to-the-2026-pfa-premier-league-team-of-the-year,Will Gianluigi Donnarumma be named to the 2026 PFA Premier League Team of the Year?,0x322441734b9f23744de899e345ef48ec25e0055f8b1bfc19fe4612055a8ff2df,"[""65007673257262595676530056363240287641293306267550009290432560084643152028010"", ""97388027101380065799871752579213229783305736941572715830099055292320933629215""]",65007673257262595676530056363240287641293306267550009290432560084643152028010|97388027101380065799871752579213229783305736941572715830099055292320933629215,97388027101380065799871752579213229783305736941572715830099055292320933629215,No,True,0.04,11.7,0.96,11.7,0.5,0.9199999999999999,f7b52daedae890359497a80ac237a7438cc86c00,0.01,5,,4.252,
2026-07-14T09:38:58Z,EPL,435490,epl-2026-team-of-the-season,EPL: 2026 PFA Team of the Year,2026-05-01T16:17:58.439577Z,2127668,will-jurrien-timber-be-named-to-the-2026-pfa-premier-league-team-of-the-year,Will Jurrien Timber be named to the 2026 PFA Premier League Team of the Year?,0x97ca47da99683bddec8036ce29388c2e400e7cecfea8ac4dbef54ac0791cc593,"[""58745854058166153005664210409408254918505117901359386106376082227012206838503"", ""43365583002812118163534009703280808191029196488960918105614424745527498298109""]",58745854058166153005664210409408254918505117901359386106376082227012206838503|43365583002812118163534009703280808191029196488960918105614424745527498298109,58745854058166153005664210409408254918505117901359386106376082227012206838503,Yes,True,0.04,11.98,0.96,10.77,0.5,0.9199999999999999,903921d7dfab6f7ba1a257ce2cc1e82b3b9151fd,0.01,5,,4.116,
2026-07-14T09:38:58Z,EPL,435490,epl-2026-team-of-the-season,EPL: 2026 PFA Team of the Year,2026-05-01T16:17:58.439577Z,2127668,will-jurrien-timber-be-named-to-the-2026-pfa-premier-league-team-of-the-year,Will Jurrien Timber be named to the 2026 PFA Premier League Team of the Year?,0x97ca47da99683bddec8036ce29388c2e400e7cecfea8ac4dbef54ac0791cc593,"[""58745854058166153005664210409408254918505117901359386106376082227012206838503"", ""43365583002812118163534009703280808191029196488960918105614424745527498298109""]",58745854058166153005664210409408254918505117901359386106376082227012206838503|43365583002812118163534009703280808191029196488960918105614424745527498298109,43365583002812118163534009703280808191029196488960918105614424745527498298109,No,True,0.04,10.77,0.96,11.98,0.5,0.9199999999999999,3cb0df8948cd8c5e4f4c065da2f9549ec0b93d74,0.01,5,,4.116,
2026-07-14T09:38:58Z,EPL,435490,epl-2026-team-of-the-season,EPL: 2026 PFA Team of the Year,2026-05-01T16:17:58.439577Z,2127669,will-matheus-nunes-be-named-to-the-2026-pfa-premier-league-team-of-the-year,Will Matheus Nunes be named to the 2026 PFA Premier League Team of the Year?,0x236166693870332c38cc1f290d2de8a00eafa1b78519182663a58811b1011705,"[""71852886829417081758693278389180020836881806315641141653569411011094941385487"", ""27873264127773337044236459909692649813557879461485496445916977915515730222703""]",71852886829417081758693278389180020836881806315641141653569411011094941385487|27873264127773337044236459909692649813557879461485496445916977915515730222703,71852886829417081758693278389180020836881806315641141653569411011094941385487,Yes,True,0.04,7.58,0.96,10.77,0.5,0.9199999999999999,3e961e2dbbe45f3f7a3b9c6ddbaa07bfe6a6f5f7,0.01,5,,4.7013,
2026-07-14T09:38:58Z,EPL,435490,epl-2026-team-of-the-season,EPL: 2026 PFA Team of the Year,2026-05-01T16:17:58.439577Z,2127669,will-matheus-nunes-be-named-to-the-2026-pfa-premier-league-team-of-the-year,Will Matheus Nunes be named to the 2026 PFA Premier League Team of the Year?,0x236166693870332c38cc1f290d2de8a00eafa1b78519182663a58811b1011705,"[""71852886829417081758693278389180020836881806315641141653569411011094941385487"", ""27873264127773337044236459909692649813557879461485496445916977915515730222703""]",71852886829417081758693278389180020836881806315641141653569411011094941385487|27873264127773337044236459909692649813557879461485496445916977915515730222703,27873264127773337044236459909692649813557879461485496445916977915515730222703,No,True,0.04,10.77,0.96,7.58,0.5,0.9199999999999999,c9ae7f03927228733fc312c7027b04e5053d29db,0.01,5,,4.7013,
2026-07-14T09:38:58Z,EPL,435490,epl-2026-team-of-the-season,EPL: 2026 PFA Team of the Year,2026-05-01T16:17:58.439577Z,2127670,will-gabriel-magalhes-be-named-to-the-2026-pfa-premier-league-team-of-the-year,Will Gabriel Magalhães be named to the 2026 PFA Premier League Team of the Year?,0xd3d8a97f490967ba04bcf06a1f1fa0b8e14ff08f5f0781bccb14c7eb1cf34ca6,"[""112756383879220814577105643520650901454791316512357676513193784191480344438666"", ""7697378624768914483353901406042873706810082834244678754453720343911008090965""]",112756383879220814577105643520650901454791316512357676513193784191480344438666|7697378624768914483353901406042873706810082834244678754453720343911008090965,112756383879220814577105643520650901454791316512357676513193784191480344438666,Yes,True,0.06,5.61,0.96,10.77,0.51,0.8999999999999999,74dd93f15779f5e30e76105c30b6f81b763546ab,0.01,5,,3.7653,
2026-07-14T09:38:58Z,EPL,435490,epl-2026-team-of-the-season,EPL: 2026 PFA Team of the Year,2026-05-01T16:17:58.439577Z,2127670,will-gabriel-magalhes-be-named-to-the-2026-pfa-premier-league-team-of-the-year,Will Gabriel Magalhães be named to the 2026 PFA Premier League Team of the Year?,0xd3d8a97f490967ba04bcf06a1f1fa0b8e14ff08f5f0781bccb14c7eb1cf34ca6,"[""112756383879220814577105643520650901454791316512357676513193784191480344438666"", ""7697378624768914483353901406042873706810082834244678754453720343911008090965""]",112756383879220814577105643520650901454791316512357676513193784191480344438666|7697378624768914483353901406042873706810082834244678754453720343911008090965,7697378624768914483353901406042873706810082834244678754453720343911008090965,No,True,0.04,10.77,0.94,5.61,0.49,0.8999999999999999,dd722d39098e15c508b0d988bdf74ddec7d152d1,0.01,5,,3.7653,
2026-07-14T09:38:58Z,EPL,435490,epl-2026-team-of-the-season,EPL: 2026 PFA Team of the Year,2026-05-01T16:17:58.439577Z,2127671,will-william-saliba-be-named-to-the-2026-pfa-premier-league-team-of-the-year,Will William Saliba be named to the 2026 PFA Premier League Team of the Year?,0xc344b5f7891b8617e7118aaa24bac3840a587691c1a36daa479a61de0b79bcb6,"[""47207660538745167295586664941849591121956044929877358537501900994850424263330"", ""105234782857798608331719124706582304874620432378282673665444164066431160124095""]",47207660538745167295586664941849591121956044929877358537501900994850424263330|105234782857798608331719124706582304874620432378282673665444164066431160124095,47207660538745167295586664941849591121956044929877358537501900994850424263330,Yes,True,0.04,10.77,0.96,10.77,0.5,0.9199999999999999,f2aa852049c4cd75e480f364b1a5be2a36a5f8eb,0.01,5,,4.1822,
2026-07-14T09:38:58Z,EPL,435490,epl-2026-team-of-the-season,EPL: 2026 PFA Team of the Year,2026-05-01T16:17:58.439577Z,2127671,will-william-saliba-be-named-to-the-2026-pfa-premier-league-team-of-the-year,Will William Saliba be named to the 2026 PFA Premier League Team of the Year?,0xc344b5f7891b8617e7118aaa24bac3840a587691c1a36daa479a61de0b79bcb6,"[""47207660538745167295586664941849591121956044929877358537501900994850424263330"", ""105234782857798608331719124706582304874620432378282673665444164066431160124095""]",47207660538745167295586664941849591121956044929877358537501900994850424263330|105234782857798608331719124706582304874620432378282673665444164066431160124095,105234782857798608331719124706582304874620432378282673665444164066431160124095,No,True,0.04,10.77,0.96,10.77,0.5,0.9199999999999999,2edb41e89199f651ff97c47195f1dc640699f167,0.01,5,,4.1822,
2026-07-14T09:38:58Z,EPL,435490,epl-2026-team-of-the-season,EPL: 2026 PFA Team of the Year,2026-05-01T16:17:58.439577Z,2127672,will-marc-guehi-be-named-to-the-2026-pfa-premier-league-team-of-the-year,Will Marc Guehi be named to the 2026 PFA Premier League Team of the Year?,0x9a7829bcaf4bd65e903739dace6db739a8b68a396fd2c71a3d23d2a2cf2e88c5,"[""18774341203836696417330165615678664168245576790259527905518242337305438497157"", ""17833812615529939189123941305353432679112045501201563425472779980851390683424""]",18774341203836696417330165615678664168245576790259527905518242337305438497157|17833812615529939189123941305353432679112045501201563425472779980851390683424,18774341203836696417330165615678664168245576790259527905518242337305438497157,Yes,True,0.04,10.77,0.96,11.82,0.5,0.9199999999999999,566311f7edfb93c8dde33bc7a0a72bd8eecbc8e3,0.01,5,,4.1823,
2026-07-14T09:38:58Z,EPL,435490,epl-2026-team-of-the-season,EPL: 2026 PFA Team of the Year,2026-05-01T16:17:58.439577Z,2127672,will-marc-guehi-be-named-to-the-2026-pfa-premier-league-team-of-the-year,Will Marc Guehi be named to the 2026 PFA Premier League Team of the Year?,0x9a7829bcaf4bd65e903739dace6db739a8b68a396fd2c71a3d23d2a2cf2e88c5,"[""18774341203836696417330165615678664168245576790259527905518242337305438497157"", ""17833812615529939189123941305353432679112045501201563425472779980851390683424""]",18774341203836696417330165615678664168245576790259527905518242337305438497157|17833812615529939189123941305353432679112045501201563425472779980851390683424,17833812615529939189123941305353432679112045501201563425472779980851390683424,No,True,0.04,11.82,0.96,10.77,0.5,0.9199999999999999,890d0b3e7bed7c1563a8aba42e5d3b71af71ca19,0.01,5,,4.1823,
2026-07-14T09:38:58Z,EPL,435490,epl-2026-team-of-the-season,EPL: 2026 PFA Team of the Year,2026-05-01T16:17:58.439577Z,2127673,will-virgil-van-dijk-be-named-to-the-2026-pfa-premier-league-team-of-the-year,Will Virgil van Dijk be named to the 2026 PFA Premier League Team of the Year?,0x644231d6b178ebd20f0ab0b061a790f9dee4479ce96ab40686c8ade6f50a0238,"[""31721429411257768645758803262981554412084956132795321375044902571901613004887"", ""113776996666262784023568460080999498147130358875198884777079734831639187945943""]",31721429411257768645758803262981554412084956132795321375044902571901613004887|113776996666262784023568460080999498147130358875198884777079734831639187945943,31721429411257768645758803262981554412084956132795321375044902571901613004887,Yes,True,0.04,13.63,0.97,18.07,0.505,0.9299999999999999,357dbc58c2b566322a21669cb3d22ae41cef218f,0.01,5,,4.8558,1.694914
2026-07-14T09:38:58Z,EPL,435490,epl-2026-team-of-the-season,EPL: 2026 PFA Team of the Year,2026-05-01T16:17:58.439577Z,2127673,will-virgil-van-dijk-be-named-to-the-2026-pfa-premier-league-team-of-the-year,Will Virgil van Dijk be named to the 2026 PFA Premier League Team of the Year?,0x644231d6b178ebd20f0ab0b061a790f9dee4479ce96ab40686c8ade6f50a0238,"[""31721429411257768645758803262981554412084956132795321375044902571901613004887"", ""113776996666262784023568460080999498147130358875198884777079734831639187945943""]",31721429411257768645758803262981554412084956132795321375044902571901613004887|113776996666262784023568460080999498147130358875198884777079734831639187945943,113776996666262784023568460080999498147130358875198884777079734831639187945943,No,True,0.03,18.07,0.96,13.63,0.495,0.9299999999999999,0f0c3a10b3498dbd1b60de4926eff4bfe66377e0,0.01,5,,4.8558,1.694914
2026-07-14T09:38:58Z,EPL,435490,epl-2026-team-of-the-season,EPL: 2026 PFA Team of the Year,2026-05-01T16:17:58.439577Z,2127674,will-marc-cucurella-be-named-to-the-2026-pfa-premier-league-team-of-the-year,Will Marc Cucurella be named to the 2026 PFA Premier League Team of the Year?,0xe74cf34bab6946206532fd38cbf5a7eb4b346f7d13bffc6ae16eb3a69a4225d0,"[""59830425161161665808750586172447751894718446914006207206558327469584286337472"", ""85414521652635437338276097105191648874111759265882984452544936528659374053637""]",59830425161161665808750586172447751894718446914006207206558327469584286337472|85414521652635437338276097105191648874111759265882984452544936528659374053637,59830425161161665808750586172447751894718446914006207206558327469584286337472,Yes,True,0.05,8.31,0.96,10.77,0.505,0.9099999999999999,a7eb764e55714ef38d035b15cb7dcd15e1e2d35a,0.01,5,,4.0503,
2026-07-14T09:38:58Z,EPL,435490,epl-2026-team-of-the-season,EPL: 2026 PFA Team of the Year,2026-05-01T16:17:58.439577Z,2127674,will-marc-cucurella-be-named-to-the-2026-pfa-premier-league-team-of-the-year,Will Marc Cucurella be named to the 2026 PFA Premier League Team of the Year?,0xe74cf34bab6946206532fd38cbf5a7eb4b346f7d13bffc6ae16eb3a69a4225d0,"[""59830425161161665808750586172447751894718446914006207206558327469584286337472"", ""85414521652635437338276097105191648874111759265882984452544936528659374053637""]",59830425161161665808750586172447751894718446914006207206558327469584286337472|85414521652635437338276097105191648874111759265882984452544936528659374053637,85414521652635437338276097105191648874111759265882984452544936528659374053637,No,True,0.04,10.77,0.95,8.31,0.495,0.9099999999999999,882efd80dd71b063b9588aa281a4def19d7872ef,0.01,5,,4.0503,
2026-07-14T09:38:58Z,EPL,435490,epl-2026-team-of-the-season,EPL: 2026 PFA Team of the Year,2026-05-01T16:17:58.439577Z,2127675,will-piero-hincapie-be-named-to-the-2026-pfa-premier-league-team-of-the-year,Will Piero Hincapie be named to the 2026 PFA Premier League Team of the Year?,0x1d5d1e655085db69c387488aa7e661d4719bfa9c0bb392dd05652008c40b4a9a,"[""108011205392215304373394466135742493782019922749752404322686744906595861300763"", ""73789363813582664474158671396757087735667554782131752276569900280712319722369""]",108011205392215304373394466135742493782019922749752404322686744906595861300763|73789363813582664474158671396757087735667554782131752276569900280712319722369,108011205392215304373394466135742493782019922749752404322686744906595861300763,Yes,True,0.04,10.77,0.94,5.61,0.49,0.8999999999999999,2a4493d376d56a74aca9836fddc6e4a5306ad52c,0.01,5,,3.8973,
2026-07-14T09:38:58Z,EPL,435490,epl-2026-team-of-the-season,EPL: 2026 PFA Team of the Year,2026-05-01T16:17:58.439577Z,2127675,will-piero-hincapie-be-named-to-the-2026-pfa-premier-league-team-of-the-year,Will Piero Hincapie be named to the 2026 PFA Premier League Team of the Year?,0x1d5d1e655085db69c387488aa7e661d4719bfa9c0bb392dd05652008c40b4a9a,"[""108011205392215304373394466135742493782019922749752404322686744906595861300763"", ""73789363813582664474158671396757087735667554782131752276569900280712319722369""]",108011205392215304373394466135742493782019922749752404322686744906595861300763|73789363813582664474158671396757087735667554782131752276569900280712319722369,73789363813582664474158671396757087735667554782131752276569900280712319722369,No,True,0.06,5.61,0.96,10.77,0.51,0.8999999999999999,5b109668dff8da3a0ba98631ea47d380634f5809,0.01,5,,3.8973,
2026-07-14T09:38:58Z,EPL,435490,epl-2026-team-of-the-season,EPL: 2026 PFA Team of the Year,2026-05-01T16:17:58.439577Z,2127676,will-declan-rice-be-named-to-the-2026-pfa-premier-league-team-of-the-year,Will Declan Rice be named to the 2026 PFA Premier League Team of the Year?,0x898bbb37bb3e8e03480b52c31bc12b12019e84f4d4042d25622f9a9b9f1a21f2,"[""11523245240526311970979368164866348724509187066335918581337691503956313417913"", ""16544219157755328462914309364144553632877138543113142832790826044960896254419""]",11523245240526311970979368164866348724509187066335918581337691503956313417913|16544219157755328462914309364144553632877138543113142832790826044960896254419,11523245240526311970979368164866348724509187066335918581337691503956313417913,Yes,True,0.06,5.61,0.99,83.4,0.525,0.9299999999999999,8f98070843693cfc2c6185af3fc5af8bffe3ede4,0.01,5,,3.0868,16.114284
2026-07-14T09:38:58Z,EPL,435490,epl-2026-team-of-the-season,EPL: 2026 PFA Team of the Year,2026-05-01T16:17:58.439577Z,2127676,will-declan-rice-be-named-to-the-2026-pfa-premier-league-team-of-the-year,Will Declan Rice be named to the 2026 PFA Premier League Team of the Year?,0x898bbb37bb3e8e03480b52c31bc12b12019e84f4d4042d25622f9a9b9f1a21f2,"[""11523245240526311970979368164866348724509187066335918581337691503956313417913"", ""16544219157755328462914309364144553632877138543113142832790826044960896254419""]",11523245240526311970979368164866348724509187066335918581337691503956313417913|16544219157755328462914309364144553632877138543113142832790826044960896254419,16544219157755328462914309364144553632877138543113142832790826044960896254419,No,True,0.01,83.4,0.94,5.61,0.475,0.9299999999999999,ee7aa09509bfb15d2874340980ce3df1b515bdd6,0.01,5,,3.0868,16.114284
2026-07-14T09:38:58Z,EPL,435490,epl-2026-team-of-the-season,EPL: 2026 PFA Team of the Year,2026-05-01T16:17:58.439577Z,2127677,will-bruno-fernandes-be-named-to-the-2026-pfa-premier-league-team-of-the-year,Will Bruno Fernandes be named to the 2026 PFA Premier League Team of the Year?,0x679720492bcbff900bde0e29eb7e812c77909bccb3c32b79a3186fc1db03b854,"[""86859495495502891076141743940914617575208033060738396981338088715869715113963"", ""65620697419400192059458180949993387679798824363092322581187835468683093164088""]",86859495495502891076141743940914617575208033060738396981338088715869715113963|65620697419400192059458180949993387679798824363092322581187835468683093164088,86859495495502891076141743940914617575208033060738396981338088715869715113963,Yes,True,0.139,40.21,0.992,8.3,0.5655,0.853,d9f937a440893f1881f45c7fc76f2d938faefba7,0.001,5,,16.4424,440.10643600000003
2026-07-14T09:38:58Z,EPL,435490,epl-2026-team-of-the-season,EPL: 2026 PFA Team of the Year,2026-05-01T16:17:58.439577Z,2127677,will-bruno-fernandes-be-named-to-the-2026-pfa-premier-league-team-of-the-year,Will Bruno Fernandes be named to the 2026 PFA Premier League Team of the Year?,0x679720492bcbff900bde0e29eb7e812c77909bccb3c32b79a3186fc1db03b854,"[""86859495495502891076141743940914617575208033060738396981338088715869715113963"", ""65620697419400192059458180949993387679798824363092322581187835468683093164088""]",86859495495502891076141743940914617575208033060738396981338088715869715113963|65620697419400192059458180949993387679798824363092322581187835468683093164088,65620697419400192059458180949993387679798824363092322581187835468683093164088,No,True,0.008,8.3,0.861,40.21,0.4345,0.853,835bf457a9af6bbf21bf5047e86ebf679008ce25,0.001,5,,16.4424,440.10643600000003
2026-07-14T09:38:58Z,EPL,435490,epl-2026-team-of-the-season,EPL: 2026 PFA Team of the Year,2026-05-01T16:17:58.439577Z,2127678,will-rodri-be-named-to-the-2026-pfa-premier-league-team-of-the-year,Will Rodri be named to the 2026 PFA Premier League Team of the Year?,0xf9de760ff713bdc5ebdc87ea4a88fb9423ef31bc59d2abb917df50b5b44482c1,"[""92734106880343514385310320083033583888695626897895802880610705682382451590633"", ""56976958810450515743106834354983994802402840862579527495329062688335275234740""]",92734106880343514385310320083033583888695626897895802880610705682382451590633|56976958810450515743106834354983994802402840862579527495329062688335275234740,92734106880343514385310320083033583888695626897895802880610705682382451590633,Yes,True,0.04,10.77,0.96,10.77,0.5,0.9199999999999999,aec4322f60e205dec4a7fed4197d75f3bade0434,0.01,5,,4.0466,
2026-07-14T09:38:58Z,EPL,435490,epl-2026-team-of-the-season,EPL: 2026 PFA Team of the Year,2026-05-01T16:17:58.439577Z,2127678,will-rodri-be-named-to-the-2026-pfa-premier-league-team-of-the-year,Will Rodri be named to the 2026 PFA Premier League Team of the Year?,0xf9de760ff713bdc5ebdc87ea4a88fb9423ef31bc59d2abb917df50b5b44482c1,"[""92734106880343514385310320083033583888695626897895802880610705682382451590633"", ""56976958810450515743106834354983994802402840862579527495329062688335275234740""]",92734106880343514385310320083033583888695626897895802880610705682382451590633|56976958810450515743106834354983994802402840862579527495329062688335275234740,56976958810450515743106834354983994802402840862579527495329062688335275234740,No,True,0.04,10.77,0.96,10.77,0.5,0.9199999999999999,cb69edf20d3177e1a0275692d5556e20c279d3fb,0.01,5,,4.0466,
2026-07-14T09:38:58Z,EPL,435490,epl-2026-team-of-the-season,EPL: 2026 PFA Team of the Year,2026-05-01T16:17:58.439577Z,2127679,will-rayan-cherki-be-named-to-the-2026-pfa-premier-league-team-of-the-year,Will Rayan Cherki be named to the 2026 PFA Premier League Team of the Year?,0xf1bef1d60925998b7577b014ea907965209b9045c197e79e77eb14439d7c431a,"[""44002481860388892740183335966007748831643129921411222940033401480764334836407"", ""47465498507287502475094187263593898643776563896680345103863507875745126656121""]",44002481860388892740183335966007748831643129921411222940033401480764334836407|47465498507287502475094187263593898643776563896680345103863507875745126656121,44002481860388892740183335966007748831643129921411222940033401480764334836407,Yes,True,0.04,11.82,0.96,11.7,0.5,0.9199999999999999,1f240d1825c505bf6eb70a1c9de4fc18114be4ad,0.01,5,,4.252,
2026-07-14T09:38:58Z,EPL,435490,epl-2026-team-of-the-season,EPL: 2026 PFA Team of the Year,2026-05-01T16:17:58.439577Z,2127679,will-rayan-cherki-be-named-to-the-2026-pfa-premier-league-team-of-the-year,Will Rayan Cherki be named to the 2026 PFA Premier League Team of the Year?,0xf1bef1d60925998b7577b014ea907965209b9045c197e79e77eb14439d7c431a,"[""44002481860388892740183335966007748831643129921411222940033401480764334836407"", ""47465498507287502475094187263593898643776563896680345103863507875745126656121""]",44002481860388892740183335966007748831643129921411222940033401480764334836407|47465498507287502475094187263593898643776563896680345103863507875745126656121,47465498507287502475094187263593898643776563896680345103863507875745126656121,No,True,0.04,11.7,0.96,11.82,0.5,0.9199999999999999,da649dca33197c183d0b102a0f35a55ad02e7957,0.01,5,,4.252,
2026-07-14T09:38:58Z,EPL,435490,epl-2026-team-of-the-season,EPL: 2026 PFA Team of the Year,2026-05-01T16:17:58.439577Z,2127680,will-dominik-szoboszlai-be-named-to-the-2026-pfa-premier-league-team-of-the-year,Will Dominik Szoboszlai be named to the 2026 PFA Premier League Team of the Year?,0xd5a172faaf27f951f5bc5c2d19f18367ab85e9c963e7357a8433da84e895507e,"[""10904347939559348084889283384973600207001307228767801114856379948987944051302"", ""63514807846207217791796334733580770155958510280638850911506455990693175502240""]",10904347939559348084889283384973600207001307228767801114856379948987944051302|63514807846207217791796334733580770155958510280638850911506455990693175502240,10904347939559348084889283384973600207001307228767801114856379948987944051302,Yes,True,0.04,10.77,0.96,10.77,0.5,0.9199999999999999,6122db313768b99f23caad5beb1c02eed8e0159e,0.01,5,,4.2519,
2026-07-14T09:38:58Z,EPL,435490,epl-2026-team-of-the-season,EPL: 2026 PFA Team of the Year,2026-05-01T16:17:58.439577Z,2127680,will-dominik-szoboszlai-be-named-to-the-2026-pfa-premier-league-team-of-the-year,Will Dominik Szoboszlai be named to the 2026 PFA Premier League Team of the Year?,0xd5a172faaf27f951f5bc5c2d19f18367ab85e9c963e7357a8433da84e895507e,"[""10904347939559348084889283384973600207001307228767801114856379948987944051302"", ""63514807846207217791796334733580770155958510280638850911506455990693175502240""]",10904347939559348084889283384973600207001307228767801114856379948987944051302|63514807846207217791796334733580770155958510280638850911506455990693175502240,63514807846207217791796334733580770155958510280638850911506455990693175502240,No,True,0.04,10.77,0.96,10.77,0.5,0.9199999999999999,e905b8b435d3531c6b37fc407f68231b75839208,0.01,5,,4.2519,
2026-07-14T09:38:58Z,EPL,435490,epl-2026-team-of-the-season,EPL: 2026 PFA Team of the Year,2026-05-01T16:17:58.439577Z,2127681,will-moises-caicedo-be-named-to-the-2026-pfa-premier-league-team-of-the-year,Will Moises Caicedo be named to the 2026 PFA Premier League Team of the Year?,0x6a8a0e28a90c3880e21bb6de9eb98f12d5e81a8d88570a2c5b855ee60b6263ba,"[""13244409081849499988815460722411109697257731580831464114667102436005675343259"", ""41998463599395516608520033462694074004839767261466278584344671813809549672424""]",13244409081849499988815460722411109697257731580831464114667102436005675343259|41998463599395516608520033462694074004839767261466278584344671813809549672424,13244409081849499988815460722411109697257731580831464114667102436005675343259,Yes,True,0.04,11.7,0.96,11.82,0.5,0.9199999999999999,52e670e5ca4a1d5609d2cf6fbe1f6130c025c1f1,0.01,5,,4.252,
2026-07-14T09:38:58Z,EPL,435490,epl-2026-team-of-the-season,EPL: 2026 PFA Team of the Year,2026-05-01T16:17:58.439577Z,2127681,will-moises-caicedo-be-named-to-the-2026-pfa-premier-league-team-of-the-year,Will Moises Caicedo be named to the 2026 PFA Premier League Team of the Year?,0x6a8a0e28a90c3880e21bb6de9eb98f12d5e81a8d88570a2c5b855ee60b6263ba,"[""13244409081849499988815460722411109697257731580831464114667102436005675343259"", ""41998463599395516608520033462694074004839767261466278584344671813809549672424""]",13244409081849499988815460722411109697257731580831464114667102436005675343259|41998463599395516608520033462694074004839767261466278584344671813809549672424,41998463599395516608520033462694074004839767261466278584344671813809549672424,No,True,0.04,11.82,0.96,11.7,0.5,0.9199999999999999,66222acc196c92cb1a7a3a1da2ce74d055b93afa,0.01,5,,4.252,
2026-07-14T09:38:58Z,EPL,435490,epl-2026-team-of-the-season,EPL: 2026 PFA Team of the Year,2026-05-01T16:17:58.439577Z,2127682,will-elliot-anderson-be-named-to-the-2026-pfa-premier-league-team-of-the-year,Will Elliot Anderson be named to the 2026 PFA Premier League Team of the Year?,0x3e7b9aff81e624e4f9ef7677696f2d4fae5837bdf83bd9ed2d62ec7a87aaf7a6,"[""2770428290325312677871192984476250158140993595717599201621714256969118294243"", ""87005572382727825804817777311897399081855387101457739624425019964385877189800""]",2770428290325312677871192984476250158140993595717599201621714256969118294243|87005572382727825804817777311897399081855387101457739624425019964385877189800,2770428290325312677871192984476250158140993595717599201621714256969118294243,Yes,True,0.04,11.7,0.96,10.77,0.5,0.9199999999999999,8ef37fe7b36ed406ddbf2ec42890c31701cc67e9,0.01,5,,4.2479,
2026-07-14T09:38:58Z,EPL,435490,epl-2026-team-of-the-season,EPL: 2026 PFA Team of the Year,2026-05-01T16:17:58.439577Z,2127682,will-elliot-anderson-be-named-to-the-2026-pfa-premier-league-team-of-the-year,Will Elliot Anderson be named to the 2026 PFA Premier League Team of the Year?,0x3e7b9aff81e624e4f9ef7677696f2d4fae5837bdf83bd9ed2d62ec7a87aaf7a6,"[""2770428290325312677871192984476250158140993595717599201621714256969118294243"", ""87005572382727825804817777311897399081855387101457739624425019964385877189800""]",2770428290325312677871192984476250158140993595717599201621714256969118294243|87005572382727825804817777311897399081855387101457739624425019964385877189800,87005572382727825804817777311897399081855387101457739624425019964385877189800,No,True,0.04,10.77,0.96,11.7,0.5,0.9199999999999999,3843231bd349ac07ada93ffc5a20713cecf5fc1c,0.01,5,,4.2479,
2026-07-14T09:38:58Z,EPL,435490,epl-2026-team-of-the-season,EPL: 2026 PFA Team of the Year,2026-05-01T16:17:58.439577Z,2127683,will-erling-haaland-be-named-to-the-2026-pfa-premier-league-team-of-the-year,Will Erling Haaland be named to the 2026 PFA Premier League Team of the Year?,0x0a3ee85120cf7d2febbaba00b787db1bd1fdc7f80f8277d89675736a430e2065,"[""36505760582912364024564187063352953937975349358323597571083864672476590879653"", ""36939641234709193046881505450280116016622287455799963152747536559103079527590""]",36505760582912364024564187063352953937975349358323597571083864672476590879653|36939641234709193046881505450280116016622287455799963152747536559103079527590,36505760582912364024564187063352953937975349358323597571083864672476590879653,Yes,True,0.04,10.77,0.96,10.77,0.5,0.9199999999999999,8d4d3cdfe0a71424b5372145a8dd1f76ebfa6908,0.01,5,,4.0463,
2026-07-14T09:38:58Z,EPL,435490,epl-2026-team-of-the-season,EPL: 2026 PFA Team of the Year,2026-05-01T16:17:58.439577Z,2127683,will-erling-haaland-be-named-to-the-2026-pfa-premier-league-team-of-the-year,Will Erling Haaland be named to the 2026 PFA Premier League Team of the Year?,0x0a3ee85120cf7d2febbaba00b787db1bd1fdc7f80f8277d89675736a430e2065,"[""36505760582912364024564187063352953937975349358323597571083864672476590879653"", ""36939641234709193046881505450280116016622287455799963152747536559103079527590""]",36505760582912364024564187063352953937975349358323597571083864672476590879653|36939641234709193046881505450280116016622287455799963152747536559103079527590,36939641234709193046881505450280116016622287455799963152747536559103079527590,No,True,0.04,10.77,0.96,10.77,0.5,0.9199999999999999,f52494a541e773785dba25812d369db7c6eb91ab,0.01,5,,4.0463,
2026-07-14T09:38:58Z,EPL,435490,epl-2026-team-of-the-season,EPL: 2026 PFA Team of the Year,2026-05-01T16:17:58.439577Z,2127684,will-hugo-ekitike-be-named-to-the-2026-pfa-premier-league-team-of-the-year,Will Hugo Ekitike be named to the 2026 PFA Premier League Team of the Year?,0x3ac387fc809af29edadb0c1881ecd88319f8b4ebb5b0a89a77a84e85f4a2099c,"[""21160761171799050394335213154237360537464294007297740615880003417666696561468"", ""57509889980199562878580001207297131252053963359675973392844979135378456666743""]",21160761171799050394335213154237360537464294007297740615880003417666696561468|57509889980199562878580001207297131252053963359675973392844979135378456666743,21160761171799050394335213154237360537464294007297740615880003417666696561468,Yes,True,0.04,11.52,0.94,5.61,0.49,0.8999999999999999,a6242d360f8baea7b5e9d35f4983f0156993b5d5,0.01,5,,3.967,
2026-07-14T09:38:58Z,EPL,435490,epl-2026-team-of-the-season,EPL: 2026 PFA Team of the Year,2026-05-01T16:17:58.439577Z,2127684,will-hugo-ekitike-be-named-to-the-2026-pfa-premier-league-team-of-the-year,Will Hugo Ekitike be named to the 2026 PFA Premier League Team of the Year?,0x3ac387fc809af29edadb0c1881ecd88319f8b4ebb5b0a89a77a84e85f4a2099c,"[""21160761171799050394335213154237360537464294007297740615880003417666696561468"", ""57509889980199562878580001207297131252053963359675973392844979135378456666743""]",21160761171799050394335213154237360537464294007297740615880003417666696561468|57509889980199562878580001207297131252053963359675973392844979135378456666743,57509889980199562878580001207297131252053963359675973392844979135378456666743,No,True,0.06,5.61,0.96,11.52,0.51,0.8999999999999999,2b6cccb60d5bea71c0406ea77f1ab87339632c86,0.01,5,,3.967,
2026-07-14T09:38:58Z,EPL,435490,epl-2026-team-of-the-season,EPL: 2026 PFA Team of the Year,2026-05-01T16:17:58.439577Z,2127685,will-igor-thiago-be-named-to-the-2026-pfa-premier-league-team-of-the-year,Will Igor Thiago be named to the 2026 PFA Premier League Team of the Year?,0x2565964258328ceff81b8dd027a9b4bfae11353bbfbb3e27625da025fffc2d97,"[""45116472354972988677943929968423217543948497597214084731838340702588569592863"", ""57509607526871690199395719807389480255858394821926865896302284337840164838738""]",45116472354972988677943929968423217543948497597214084731838340702588569592863|57509607526871690199395719807389480255858394821926865896302284337840164838738,45116472354972988677943929968423217543948497597214084731838340702588569592863,Yes,True,0.04,11.82,0.96,10.77,0.5,0.9199999999999999,2f5e01b10565bde4173797cea70dd7da032ba095,0.01,5,,4.1163,
2026-07-14T09:38:58Z,EPL,435490,epl-2026-team-of-the-season,EPL: 2026 PFA Team of the Year,2026-05-01T16:17:58.439577Z,2127685,will-igor-thiago-be-named-to-the-2026-pfa-premier-league-team-of-the-year,Will Igor Thiago be named to the 2026 PFA Premier League Team of the Year?,0x2565964258328ceff81b8dd027a9b4bfae11353bbfbb3e27625da025fffc2d97,"[""45116472354972988677943929968423217543948497597214084731838340702588569592863"", ""57509607526871690199395719807389480255858394821926865896302284337840164838738""]",45116472354972988677943929968423217543948497597214084731838340702588569592863|57509607526871690199395719807389480255858394821926865896302284337840164838738,57509607526871690199395719807389480255858394821926865896302284337840164838738,No,True,0.04,10.77,0.96,11.82,0.5,0.9199999999999999,4b94b809e01a3021631376abb69b728a5b399849,0.01,5,,4.1163,
2026-07-14T09:38:58Z,EPL,435490,epl-2026-team-of-the-season,EPL: 2026 PFA Team of the Year,2026-05-01T16:17:58.439577Z,2127686,will-joo-pedro-be-named-to-the-2026-pfa-premier-league-team-of-the-year,Will João Pedro be named to the 2026 PFA Premier League Team of the Year?,0x6fce5bfb34549a3a2c919a87ed5948038ae259334b99c7626269b54b5aec2e0e,"[""32710637391248437289327028678783582535502723443825413307615920275857755767269"", ""76494283295406840675256483217001111989666469664619203128145658200939942333539""]",32710637391248437289327028678783582535502723443825413307615920275857755767269|76494283295406840675256483217001111989666469664619203128145658200939942333539,32710637391248437289327028678783582535502723443825413307615920275857755767269,Yes,True,0.04,10.77,0.94,5.61,0.49,0.8999999999999999,2ab3a8ded2d903e0f92cc0b1e23aecd1798aea60,0.01,5,,3.8421,
2026-07-14T09:38:58Z,EPL,435490,epl-2026-team-of-the-season,EPL: 2026 PFA Team of the Year,2026-05-01T16:17:58.439577Z,2127686,will-joo-pedro-be-named-to-the-2026-pfa-premier-league-team-of-the-year,Will João Pedro be named to the 2026 PFA Premier League Team of the Year?,0x6fce5bfb34549a3a2c919a87ed5948038ae259334b99c7626269b54b5aec2e0e,"[""32710637391248437289327028678783582535502723443825413307615920275857755767269"", ""76494283295406840675256483217001111989666469664619203128145658200939942333539""]",32710637391248437289327028678783582535502723443825413307615920275857755767269|76494283295406840675256483217001111989666469664619203128145658200939942333539,76494283295406840675256483217001111989666469664619203128145658200939942333539,No,True,0.06,5.61,0.96,10.77,0.51,0.8999999999999999,14b51a95fcd4d6e47c62e35bb3422b823bcfece2,0.01,5,,3.8421,
2026-07-14T09:38:58Z,EPL,435490,epl-2026-team-of-the-season,EPL: 2026 PFA Team of the Year,2026-05-01T16:17:58.439577Z,2127687,will-morgan-rogers-be-named-to-the-2026-pfa-premier-league-team-of-the-year,Will Morgan Rogers be named to the 2026 PFA Premier League Team of the Year?,0x96b8591e61ab8153068ed93e54c013f0e6b89cea2aa4e133fdfd9dafcded9277,"[""35606525977135678474506342380680226214353069361032301286284296655225714906882"", ""21333608757853284524355908501060578820412665842300321107531640970971045399525""]",35606525977135678474506342380680226214353069361032301286284296655225714906882|21333608757853284524355908501060578820412665842300321107531640970971045399525,35606525977135678474506342380680226214353069361032301286284296655225714906882,Yes,True,0.04,10.77,0.96,10.77,0.5,0.9199999999999999,e1907950841512d636fb4993529dcf09852c4063,0.01,5,,3.9806,
2026-07-14T09:38:58Z,EPL,435490,epl-2026-team-of-the-season,EPL: 2026 PFA Team of the Year,2026-05-01T16:17:58.439577Z,2127687,will-morgan-rogers-be-named-to-the-2026-pfa-premier-league-team-of-the-year,Will Morgan Rogers be named to the 2026 PFA Premier League Team of the Year?,0x96b8591e61ab8153068ed93e54c013f0e6b89cea2aa4e133fdfd9dafcded9277,"[""35606525977135678474506342380680226214353069361032301286284296655225714906882"", ""21333608757853284524355908501060578820412665842300321107531640970971045399525""]",35606525977135678474506342380680226214353069361032301286284296655225714906882|21333608757853284524355908501060578820412665842300321107531640970971045399525,21333608757853284524355908501060578820412665842300321107531640970971045399525,No,True,0.04,10.77,0.96,10.77,0.5,0.9199999999999999,ecb170ae2bf2dedd59b9e4f398636496f58e5924,0.01,5,,3.9806,
2026-07-14T09:38:58Z,EPL,435490,epl-2026-team-of-the-season,EPL: 2026 PFA Team of the Year,2026-05-01T16:17:58.439577Z,2127688,will-antoine-semenyo-be-named-to-the-2026-pfa-premier-league-team-of-the-year,Will Antoine Semenyo be named to the 2026 PFA Premier League Team of the Year?,0x1220c8ad3de1b3e3a079e832ec53f3cd4c3f014685820c7364e6feeec413e4d8,"[""76296603541032491222249921378613877627058194760954506807014743183408941333618"", ""21304560232739094042644316740439641499393814233414419162298081903469670924441""]",76296603541032491222249921378613877627058194760954506807014743183408941333618|21304560232739094042644316740439641499393814233414419162298081903469670924441,76296603541032491222249921378613877627058194760954506807014743183408941333618,Yes,True,0.04,13.63,0.97,23.1,0.505,0.9299999999999999,869cb3fcfd74dc4968b382802ee81ad43f924251,0.01,5,,3.4732,2.08165
2026-07-14T09:38:58Z,EPL,435490,epl-2026-team-of-the-season,EPL: 2026 PFA Team of the Year,2026-05-01T16:17:58.439577Z,2127688,will-antoine-semenyo-be-named-to-the-2026-pfa-premier-league-team-of-the-year,Will Antoine Semenyo be named to the 2026 PFA Premier League Team of the Year?,0x1220c8ad3de1b3e3a079e832ec53f3cd4c3f014685820c7364e6feeec413e4d8,"[""76296603541032491222249921378613877627058194760954506807014743183408941333618"", ""21304560232739094042644316740439641499393814233414419162298081903469670924441""]",76296603541032491222249921378613877627058194760954506807014743183408941333618|21304560232739094042644316740439641499393814233414419162298081903469670924441,21304560232739094042644316740439641499393814233414419162298081903469670924441,No,True,0.03,23.1,0.96,13.63,0.495,0.9299999999999999,70693d18bd026cbd9bc9020d403b54360e82a5fc,0.01,5,,3.4732,2.08165
2026-07-14T09:38:58Z,EPL,435490,epl-2026-team-of-the-season,EPL: 2026 PFA Team of the Year,2026-05-01T16:17:58.439577Z,2127689,will-jeremy-doku-be-named-to-the-2026-pfa-premier-league-team-of-the-year,Will Jeremy Doku be named to the 2026 PFA Premier League Team of the Year?,0xa879be670c7ecf3087a8bf9fc8cf43b4e415502e71e7910dd63ac8f80a56d87b,"[""3879696626646145930128886354978365884788235204398514844964568164322230593973"", ""79551627668553765432569263846776420950508270405186694496807348421004929288226""]",3879696626646145930128886354978365884788235204398514844964568164322230593973|79551627668553765432569263846776420950508270405186694496807348421004929288226,3879696626646145930128886354978365884788235204398514844964568164322230593973,Yes,True,0.04,10.77,0.96,10.77,0.5,0.9199999999999999,4fe4df2e02f3c0413fdf02cea136310387e17dbc,0.01,5,,4.1803,
2026-07-14T09:38:58Z,EPL,435490,epl-2026-team-of-the-season,EPL: 2026 PFA Team of the Year,2026-05-01T16:17:58.439577Z,2127689,will-jeremy-doku-be-named-to-the-2026-pfa-premier-league-team-of-the-year,Will Jeremy Doku be named to the 2026 PFA Premier League Team of the Year?,0xa879be670c7ecf3087a8bf9fc8cf43b4e415502e71e7910dd63ac8f80a56d87b,"[""3879696626646145930128886354978365884788235204398514844964568164322230593973"", ""79551627668553765432569263846776420950508270405186694496807348421004929288226""]",3879696626646145930128886354978365884788235204398514844964568164322230593973|79551627668553765432569263846776420950508270405186694496807348421004929288226,79551627668553765432569263846776420950508270405186694496807348421004929288226,No,True,0.04,10.77,0.96,10.77,0.5,0.9199999999999999,f71dac01a1ed1db01e2b9918ebe9ec7a1c4f79c9,0.01,5,,4.1803,
2026-07-14T09:38:58Z,EPL,435490,epl-2026-team-of-the-season,EPL: 2026 PFA Team of the Year,2026-05-01T16:17:58.439577Z,2127690,will-bryan-mbeumo-be-named-to-the-2026-pfa-premier-league-team-of-the-year,Will Bryan Mbeumo be named to the 2026 PFA Premier League Team of the Year?,0xbc5c1fe3e7dd57070ca528cd85b158334b7aa9ee0c87b22c861586f82f115f53,"[""91785058119765698978951103847186849259631214663163177270696303972172010570357"", ""57423228513700841810717133678013622282899538997222385821885417665448518434118""]",91785058119765698978951103847186849259631214663163177270696303972172010570357|57423228513700841810717133678013622282899538997222385821885417665448518434118,91785058119765698978951103847186849259631214663163177270696303972172010570357,Yes,True,0.04,11.82,0.94,5.61,0.49,0.8999999999999999,da001f8af02c6ba191ea5b979e8ec996370d314c,0.01,5,,3.9669,
2026-07-14T09:38:58Z,EPL,435490,epl-2026-team-of-the-season,EPL: 2026 PFA Team of the Year,2026-05-01T16:17:58.439577Z,2127690,will-bryan-mbeumo-be-named-to-the-2026-pfa-premier-league-team-of-the-year,Will Bryan Mbeumo be named to the 2026 PFA Premier League Team of the Year?,0xbc5c1fe3e7dd57070ca528cd85b158334b7aa9ee0c87b22c861586f82f115f53,"[""91785058119765698978951103847186849259631214663163177270696303972172010570357"", ""57423228513700841810717133678013622282899538997222385821885417665448518434118""]",91785058119765698978951103847186849259631214663163177270696303972172010570357|57423228513700841810717133678013622282899538997222385821885417665448518434118,57423228513700841810717133678013622282899538997222385821885417665448518434118,No,True,0.06,5.61,0.96,11.82,0.51,0.8999999999999999,efe03c906d74d1cc59ebf8047520e7b6c700f6de,0.01,5,,3.9669,
2026-07-14T09:38:58Z,EPL,435490,epl-2026-team-of-the-season,EPL: 2026 PFA Team of the Year,2026-05-01T16:17:58.439577Z,2127691,will-jarrod-bowen-be-named-to-the-2026-pfa-premier-league-team-of-the-year,Will Jarrod Bowen be named to the 2026 PFA Premier League Team of the Year?,0x7352d3b05ddd64c22487c855e05c0485348e49d0dad74d9bde2c0478db43701e,"[""72676667720459668200165137999841534576126998576490942457742996617745849748718"", ""93972487936526721423770075279455909737407561133246099106446256232697159064557""]",72676667720459668200165137999841534576126998576490942457742996617745849748718|93972487936526721423770075279455909737407561133246099106446256232697159064557,72676667720459668200165137999841534576126998576490942457742996617745849748718,Yes,True,0.04,11.82,0.94,5.61,0.49,0.8999999999999999,41c5088ea8d57bbde7b8f99ef37aa2c7df14efb8,0.01,5,,3.967,
2026-07-14T09:38:58Z,EPL,435490,epl-2026-team-of-the-season,EPL: 2026 PFA Team of the Year,2026-05-01T16:17:58.439577Z,2127691,will-jarrod-bowen-be-named-to-the-2026-pfa-premier-league-team-of-the-year,Will Jarrod Bowen be named to the 2026 PFA Premier League Team of the Year?,0x7352d3b05ddd64c22487c855e05c0485348e49d0dad74d9bde2c0478db43701e,"[""72676667720459668200165137999841534576126998576490942457742996617745849748718"", ""93972487936526721423770075279455909737407561133246099106446256232697159064557""]",72676667720459668200165137999841534576126998576490942457742996617745849748718|93972487936526721423770075279455909737407561133246099106446256232697159064557,93972487936526721423770075279455909737407561133246099106446256232697159064557,No,True,0.06,5.61,0.96,11.82,0.51,0.8999999999999999,b19f864bc32580c3931e2ea148d57a5d02f8d06d,0.01,5,,3.967,
2026-07-14T09:38:58Z,EPL,435490,epl-2026-team-of-the-season,EPL: 2026 PFA Team of the Year,2026-05-01T16:17:58.439577Z,2127692,will-phil-foden-be-named-to-the-2026-pfa-premier-league-team-of-the-year,Will Phil Foden be named to the 2026 PFA Premier League Team of the Year?,0x0f4085f5c4961b9029c600d4f976d0594a302e9f365552b48f500b655f2ac4fa,"[""8033894410953638407847681522327346336043237396295679948351222439635117761656"", ""89182645560093896409280692775338915223534298743660692930735700909064064285484""]",8033894410953638407847681522327346336043237396295679948351222439635117761656|89182645560093896409280692775338915223534298743660692930735700909064064285484,8033894410953638407847681522327346336043237396295679948351222439635117761656,Yes,True,0.04,10.77,0.94,5.61,0.49,0.8999999999999999,244e033644e9fc45f46d0246aaad371c98936252,0.01,5,,3.9006,
2026-07-14T09:38:58Z,EPL,435490,epl-2026-team-of-the-season,EPL: 2026 PFA Team of the Year,2026-05-01T16:17:58.439577Z,2127692,will-phil-foden-be-named-to-the-2026-pfa-premier-league-team-of-the-year,Will Phil Foden be named to the 2026 PFA Premier League Team of the Year?,0x0f4085f5c4961b9029c600d4f976d0594a302e9f365552b48f500b655f2ac4fa,"[""8033894410953638407847681522327346336043237396295679948351222439635117761656"", ""89182645560093896409280692775338915223534298743660692930735700909064064285484""]",8033894410953638407847681522327346336043237396295679948351222439635117761656|89182645560093896409280692775338915223534298743660692930735700909064064285484,89182645560093896409280692775338915223534298743660692930735700909064064285484,No,True,0.06,5.61,0.96,10.77,0.51,0.8999999999999999,e561205eb14dcfe469244975f9ad20539af5a232,0.01,5,,3.9006,
2026-07-14T09:38:58Z,EPL,435490,epl-2026-team-of-the-season,EPL: 2026 PFA Team of the Year,2026-05-01T16:17:58.439577Z,2127693,will-bukayo-saka-be-named-to-the-2026-pfa-premier-league-team-of-the-year,Will Bukayo Saka be named to the 2026 PFA Premier League Team of the Year?,0xb31d5274c8acbc2b023593c03fe1cb6367f42a9596ebb5d61b3204457b980730,"[""3899512605908669133631802955015968710467998848723391934123440957914049621850"", ""50079801685037680014087676599806731271595381000363699907442053815397821742247""]",3899512605908669133631802955015968710467998848723391934123440957914049621850|50079801685037680014087676599806731271595381000363699907442053815397821742247,3899512605908669133631802955015968710467998848723391934123440957914049621850,Yes,True,0.01,83.4,0.97,20.31,0.49,0.96,be2391107d9bbcd12bd72c1f809bf287dfd00b0b,0.01,5,,4.7176,5.434775
2026-07-14T09:38:58Z,EPL,435490,epl-2026-team-of-the-season,EPL: 2026 PFA Team of the Year,2026-05-01T16:17:58.439577Z,2127693,will-bukayo-saka-be-named-to-the-2026-pfa-premier-league-team-of-the-year,Will Bukayo Saka be named to the 2026 PFA Premier League Team of the Year?,0xb31d5274c8acbc2b023593c03fe1cb6367f42a9596ebb5d61b3204457b980730,"[""3899512605908669133631802955015968710467998848723391934123440957914049621850"", ""50079801685037680014087676599806731271595381000363699907442053815397821742247""]",3899512605908669133631802955015968710467998848723391934123440957914049621850|50079801685037680014087676599806731271595381000363699907442053815397821742247,50079801685037680014087676599806731271595381000363699907442053815397821742247,No,True,0.03,20.31,0.99,83.4,0.51,0.96,541cb584ba430030fe78125667f3c554f45aa1bd,0.01,5,,4.7176,5.434775
2026-07-14T11:16:32Z,EPL,333084,epl-team-to-qualify-for-uefa-conference-league,EPL: Team to qualify for UEFA Conference League,2026-04-01T17:27:13.650134Z,1818367,will-arsenal-qualify-for-the-league-phase-of-the-2026-27-uefa-conference-league,Will Arsenal qualify for the League Phase of the 2026-27 UEFA Conference League?,0xe303639e6e879ac5dac9632362583523a2c1ff1ac46645f45fd5c1e7034b3ef7,"[""68901380712839851395966644282518000143877097473327410904576810621084636054002"", ""14101352633367703776049560107649243928150035657062243340231594815518398887879""]",68901380712839851395966644282518000143877097473327410904576810621084636054002|14101352633367703776049560107649243928150035657062243340231594815518398887879,68901380712839851395966644282518000143877097473327410904576810621084636054002,Yes,False,,,,,,,,,,,,467.35890000000006
2026-07-14T11:16:32Z,EPL,333084,epl-team-to-qualify-for-uefa-conference-league,EPL: Team to qualify for UEFA Conference League,2026-04-01T17:27:13.650134Z,1818367,will-arsenal-qualify-for-the-league-phase-of-the-2026-27-uefa-conference-league,Will Arsenal qualify for the League Phase of the 2026-27 UEFA Conference League?,0xe303639e6e879ac5dac9632362583523a2c1ff1ac46645f45fd5c1e7034b3ef7,"[""68901380712839851395966644282518000143877097473327410904576810621084636054002"", ""14101352633367703776049560107649243928150035657062243340231594815518398887879""]",68901380712839851395966644282518000143877097473327410904576810621084636054002|14101352633367703776049560107649243928150035657062243340231594815518398887879,14101352633367703776049560107649243928150035657062243340231594815518398887879,No,False,,,,,,,,,,,,467.35890000000006
2026-07-14T11:16:32Z,EPL,333084,epl-team-to-qualify-for-uefa-conference-league,EPL: Team to qualify for UEFA Conference League,2026-04-01T17:27:13.650134Z,1818368,will-aston-villa-qualify-for-the-league-phase-of-the-2026-27-uefa-conference-league,Will Aston Villa qualify for the League Phase of the 2026-27 UEFA Conference League?,0x28177c964d8b9d218ddc13dac289b4d63545aec7329fb69b12413e1a10a75457,"[""31823132354185101528875214330987706903655516243832510690074648671327601851551"", ""24610182176230826024523430019874907375950075107195029433984156474474467506756""]",31823132354185101528875214330987706903655516243832510690074648671327601851551|24610182176230826024523430019874907375950075107195029433984156474474467506756,31823132354185101528875214330987706903655516243832510690074648671327601851551,Yes,False,,,,,,,,,,,,118.34
2026-07-14T11:16:32Z,EPL,333084,epl-team-to-qualify-for-uefa-conference-league,EPL: Team to qualify for UEFA Conference League,2026-04-01T17:27:13.650134Z,1818368,will-aston-villa-qualify-for-the-league-phase-of-the-2026-27-uefa-conference-league,Will Aston Villa qualify for the League Phase of the 2026-27 UEFA Conference League?,0x28177c964d8b9d218ddc13dac289b4d63545aec7329fb69b12413e1a10a75457,"[""31823132354185101528875214330987706903655516243832510690074648671327601851551"", ""24610182176230826024523430019874907375950075107195029433984156474474467506756""]",31823132354185101528875214330987706903655516243832510690074648671327601851551|24610182176230826024523430019874907375950075107195029433984156474474467506756,24610182176230826024523430019874907375950075107195029433984156474474467506756,No,False,,,,,,,,,,,,118.34
2026-07-14T11:16:32Z,EPL,333084,epl-team-to-qualify-for-uefa-conference-league,EPL: Team to qualify for UEFA Conference League,2026-04-01T17:27:13.650134Z,1818369,will-bournemouth-qualify-for-the-league-phase-of-the-2026-27-uefa-conference-league,Will Bournemouth qualify for the League Phase of the 2026-27 UEFA Conference League?,0x767a11689ea743287c46af43309a57c52055b201a44546f1151ebe770848a4c2,"[""51037068800800327301977700578792391802166844203670527997794112211084782282749"", ""49880512765242008305101129568216821495775216606287544487246019230820484318812""]",51037068800800327301977700578792391802166844203670527997794112211084782282749|49880512765242008305101129568216821495775216606287544487246019230820484318812,51037068800800327301977700578792391802166844203670527997794112211084782282749,Yes,False,,,,,,,,,,,,104.230768
2026-07-14T11:16:32Z,EPL,333084,epl-team-to-qualify-for-uefa-conference-league,EPL: Team to qualify for UEFA Conference League,2026-04-01T17:27:13.650134Z,1818369,will-bournemouth-qualify-for-the-league-phase-of-the-2026-27-uefa-conference-league,Will Bournemouth qualify for the League Phase of the 2026-27 UEFA Conference League?,0x767a11689ea743287c46af43309a57c52055b201a44546f1151ebe770848a4c2,"[""51037068800800327301977700578792391802166844203670527997794112211084782282749"", ""49880512765242008305101129568216821495775216606287544487246019230820484318812""]",51037068800800327301977700578792391802166844203670527997794112211084782282749|49880512765242008305101129568216821495775216606287544487246019230820484318812,49880512765242008305101129568216821495775216606287544487246019230820484318812,No,False,,,,,,,,,,,,104.230768
2026-07-14T11:16:32Z,EPL,333084,epl-team-to-qualify-for-uefa-conference-league,EPL: Team to qualify for UEFA Conference League,2026-04-01T17:27:13.650134Z,1818370,will-brentford-qualify-for-the-league-phase-of-the-2026-27-uefa-conference-league,Will Brentford qualify for the League Phase of the 2026-27 UEFA Conference League?,0x0389abffb5ab63bd6aa4c5a51d9d3aa9448f20cd4ce3aa635fefd2f2349c3a31,"[""28387783984422789854592851598345905688234938653031916751801472369971729754741"", ""114832188258694701659066568174555689813627221405189198849646410747085620840644""]",28387783984422789854592851598345905688234938653031916751801472369971729754741|114832188258694701659066568174555689813627221405189198849646410747085620840644,28387783984422789854592851598345905688234938653031916751801472369971729754741,Yes,False,,,,,,,,,,,,65
2026-07-14T11:16:32Z,EPL,333084,epl-team-to-qualify-for-uefa-conference-league,EPL: Team to qualify for UEFA Conference League,2026-04-01T17:27:13.650134Z,1818370,will-brentford-qualify-for-the-league-phase-of-the-2026-27-uefa-conference-league,Will Brentford qualify for the League Phase of the 2026-27 UEFA Conference League?,0x0389abffb5ab63bd6aa4c5a51d9d3aa9448f20cd4ce3aa635fefd2f2349c3a31,"[""28387783984422789854592851598345905688234938653031916751801472369971729754741"", ""114832188258694701659066568174555689813627221405189198849646410747085620840644""]",28387783984422789854592851598345905688234938653031916751801472369971729754741|114832188258694701659066568174555689813627221405189198849646410747085620840644,114832188258694701659066568174555689813627221405189198849646410747085620840644,No,False,,,,,,,,,,,,65
2026-07-14T11:16:32Z,EPL,333084,epl-team-to-qualify-for-uefa-conference-league,EPL: Team to qualify for UEFA Conference League,2026-04-01T17:27:13.650134Z,1818371,will-brighton-hove-albion-qualify-for-the-league-phase-of-the-2026-27-uefa-conference-league,Will Brighton & Hove Albion qualify for the League Phase of the 2026-27 UEFA Conference League?,0x4e11ad07550e879b771bb74aa2ac543182c0b555f4fd86aaa8c9818d64b91f25,"[""91139930726622392742704198140499166850579482457098783277042371092513674941494"", ""75555949500072945185762043512718261040129266196955015758692797567174442576587""]",91139930726622392742704198140499166850579482457098783277042371092513674941494|75555949500072945185762043512718261040129266196955015758692797567174442576587,91139930726622392742704198140499166850579482457098783277042371092513674941494,Yes,True,0.95,5.1,0.979,73.6,0.9644999999999999,0.029000000000000026,636c4bc7dc13b432ec607651bec6688357a77c41,0.001,5,,170.76811,751.4608939999999
2026-07-14T11:16:32Z,EPL,333084,epl-team-to-qualify-for-uefa-conference-league,EPL: Team to qualify for UEFA Conference League,2026-04-01T17:27:13.650134Z,1818371,will-brighton-hove-albion-qualify-for-the-league-phase-of-the-2026-27-uefa-conference-league,Will Brighton & Hove Albion qualify for the League Phase of the 2026-27 UEFA Conference League?,0x4e11ad07550e879b771bb74aa2ac543182c0b555f4fd86aaa8c9818d64b91f25,"[""91139930726622392742704198140499166850579482457098783277042371092513674941494"", ""75555949500072945185762043512718261040129266196955015758692797567174442576587""]",91139930726622392742704198140499166850579482457098783277042371092513674941494|75555949500072945185762043512718261040129266196955015758692797567174442576587,75555949500072945185762043512718261040129266196955015758692797567174442576587,No,True,0.021,73.6,0.05,5.1,0.035500000000000004,0.029,394a130906bb16b922fce5b070b1a82c1dbfa7a5,0.001,5,,170.76811,751.4608939999999
2026-07-14T11:16:32Z,EPL,333084,epl-team-to-qualify-for-uefa-conference-league,EPL: Team to qualify for UEFA Conference League,2026-04-01T17:27:13.650134Z,1818372,will-chelsea-qualify-for-the-league-phase-of-the-2026-27-uefa-conference-league,Will Chelsea qualify for the League Phase of the 2026-27 UEFA Conference League?,0xa0a419e4b455bbeb1ac06050bf572bbf636c70dc688f201eda6beb257e0ecccf,"[""24304404136401853611354679156736471836167449603878002382670170418575244748347"", ""34932573794344542041315686660932662303391519134203250572504686994553601884919""]",24304404136401853611354679156736471836167449603878002382670170418575244748347|34932573794344542041315686660932662303391519134203250572504686994553601884919,24304404136401853611354679156736471836167449603878002382670170418575244748347,Yes,False,,,,,,,,,,,,193.140308
2026-07-14T11:16:32Z,EPL,333084,epl-team-to-qualify-for-uefa-conference-league,EPL: Team to qualify for UEFA Conference League,2026-04-01T17:27:13.650134Z,1818372,will-chelsea-qualify-for-the-league-phase-of-the-2026-27-uefa-conference-league,Will Chelsea qualify for the League Phase of the 2026-27 UEFA Conference League?,0xa0a419e4b455bbeb1ac06050bf572bbf636c70dc688f201eda6beb257e0ecccf,"[""24304404136401853611354679156736471836167449603878002382670170418575244748347"", ""34932573794344542041315686660932662303391519134203250572504686994553601884919""]",24304404136401853611354679156736471836167449603878002382670170418575244748347|34932573794344542041315686660932662303391519134203250572504686994553601884919,34932573794344542041315686660932662303391519134203250572504686994553601884919,No,False,,,,,,,,,,,,193.140308
2026-07-14T11:16:32Z,EPL,333084,epl-team-to-qualify-for-uefa-conference-league,EPL: Team to qualify for UEFA Conference League,2026-04-01T17:27:13.650134Z,1818373,will-crystal-palace-qualify-for-the-league-phase-of-the-2026-27-uefa-conference-league,Will Crystal Palace qualify for the League Phase of the 2026-27 UEFA Conference League?,0x7fcff1b74a273c0e48b01dafa03fd994fc6d6a80faf2f401808a1f7c906231e2,"[""83595360800340582836220415327748792858014632655765677024450652227649872829217"", ""8722778550304158158775908112102831721712668882628498669387415627760731221547""]",83595360800340582836220415327748792858014632655765677024450652227649872829217|8722778550304158158775908112102831721712668882628498669387415627760731221547,83595360800340582836220415327748792858014632655765677024450652227649872829217,Yes,False,,,,,,,,,,,,55.10415
2026-07-14T11:16:32Z,EPL,333084,epl-team-to-qualify-for-uefa-conference-league,EPL: Team to qualify for UEFA Conference League,2026-04-01T17:27:13.650134Z,1818373,will-crystal-palace-qualify-for-the-league-phase-of-the-2026-27-uefa-conference-league,Will Crystal Palace qualify for the League Phase of the 2026-27 UEFA Conference League?,0x7fcff1b74a273c0e48b01dafa03fd994fc6d6a80faf2f401808a1f7c906231e2,"[""83595360800340582836220415327748792858014632655765677024450652227649872829217"", ""8722778550304158158775908112102831721712668882628498669387415627760731221547""]",83595360800340582836220415327748792858014632655765677024450652227649872829217|8722778550304158158775908112102831721712668882628498669387415627760731221547,8722778550304158158775908112102831721712668882628498669387415627760731221547,No,False,,,,,,,,,,,,55.10415
2026-07-14T11:16:32Z,EPL,333084,epl-team-to-qualify-for-uefa-conference-league,EPL: Team to qualify for UEFA Conference League,2026-04-01T17:27:13.650134Z,1818374,will-everton-qualify-for-the-league-phase-of-the-2026-27-uefa-conference-league,Will Everton qualify for the League Phase of the 2026-27 UEFA Conference League?,0xc2d06ea1b36aa2af374778802062278b37c0681e80b8b30d440eea8c89c69efa,"[""4166923647964243798214643118596450748550925708271797356837126450441673128307"", ""38675784671269789218225363889508272390729885225646140690421495748338190385226""]",4166923647964243798214643118596450748550925708271797356837126450441673128307|38675784671269789218225363889508272390729885225646140690421495748338190385226,4166923647964243798214643118596450748550925708271797356837126450441673128307,Yes,False,,,,,,,,,,,,481.81
2026-07-14T11:16:32Z,EPL,333084,epl-team-to-qualify-for-uefa-conference-league,EPL: Team to qualify for UEFA Conference League,2026-04-01T17:27:13.650134Z,1818374,will-everton-qualify-for-the-league-phase-of-the-2026-27-uefa-conference-league,Will Everton qualify for the League Phase of the 2026-27 UEFA Conference League?,0xc2d06ea1b36aa2af374778802062278b37c0681e80b8b30d440eea8c89c69efa,"[""4166923647964243798214643118596450748550925708271797356837126450441673128307"", ""38675784671269789218225363889508272390729885225646140690421495748338190385226""]",4166923647964243798214643118596450748550925708271797356837126450441673128307|38675784671269789218225363889508272390729885225646140690421495748338190385226,38675784671269789218225363889508272390729885225646140690421495748338190385226,No,False,,,,,,,,,,,,481.81
2026-07-14T11:16:32Z,EPL,333084,epl-team-to-qualify-for-uefa-conference-league,EPL: Team to qualify for UEFA Conference League,2026-04-01T17:27:13.650134Z,1818375,will-fulham-qualify-for-the-league-phase-of-the-2026-27-uefa-conference-league,Will Fulham qualify for the League Phase of the 2026-27 UEFA Conference League?,0xa9c80d9e6d42b63441eb65788fa6715dd14e46e84e92ab0af524aa71de00e9fe,"[""58173349290615436261874750189700214187364770220706840363443501392029514828013"", ""68870830613563352664780739176635792396465611522859759407689581346809698393825""]",58173349290615436261874750189700214187364770220706840363443501392029514828013|68870830613563352664780739176635792396465611522859759407689581346809698393825,58173349290615436261874750189700214187364770220706840363443501392029514828013,Yes,False,,,,,,,,,,,,529.6700000000001
2026-07-14T11:16:32Z,EPL,333084,epl-team-to-qualify-for-uefa-conference-league,EPL: Team to qualify for UEFA Conference League,2026-04-01T17:27:13.650134Z,1818375,will-fulham-qualify-for-the-league-phase-of-the-2026-27-uefa-conference-league,Will Fulham qualify for the League Phase of the 2026-27 UEFA Conference League?,0xa9c80d9e6d42b63441eb65788fa6715dd14e46e84e92ab0af524aa71de00e9fe,"[""58173349290615436261874750189700214187364770220706840363443501392029514828013"", ""68870830613563352664780739176635792396465611522859759407689581346809698393825""]",58173349290615436261874750189700214187364770220706840363443501392029514828013|68870830613563352664780739176635792396465611522859759407689581346809698393825,68870830613563352664780739176635792396465611522859759407689581346809698393825,No,False,,,,,,,,,,,,529.6700000000001
2026-07-14T11:16:32Z,EPL,333084,epl-team-to-qualify-for-uefa-conference-league,EPL: Team to qualify for UEFA Conference League,2026-04-01T17:27:13.650134Z,1818376,will-ipswich-town-qualify-for-the-league-phase-of-the-2026-27-uefa-conference-league,Will Ipswich Town qualify for the League Phase of the 2026-27 UEFA Conference League?,0xfd1fd6c7c9106ccdc0a48fb64385b352808d5f6a4eb0157cb37b834002772000,"[""34575040317828011543308948862359294748447343494151397521995978862299718496252"", ""32703218917373905712439402416747473136357574974365039086658033726899781984701""]",34575040317828011543308948862359294748447343494151397521995978862299718496252|32703218917373905712439402416747473136357574974365039086658033726899781984701,34575040317828011543308948862359294748447343494151397521995978862299718496252,Yes,False,,,,,,,,,,,,185.7979
2026-07-14T11:16:32Z,EPL,333084,epl-team-to-qualify-for-uefa-conference-league,EPL: Team to qualify for UEFA Conference League,2026-04-01T17:27:13.650134Z,1818376,will-ipswich-town-qualify-for-the-league-phase-of-the-2026-27-uefa-conference-league,Will Ipswich Town qualify for the League Phase of the 2026-27 UEFA Conference League?,0xfd1fd6c7c9106ccdc0a48fb64385b352808d5f6a4eb0157cb37b834002772000,"[""34575040317828011543308948862359294748447343494151397521995978862299718496252"", ""32703218917373905712439402416747473136357574974365039086658033726899781984701""]",34575040317828011543308948862359294748447343494151397521995978862299718496252|32703218917373905712439402416747473136357574974365039086658033726899781984701,32703218917373905712439402416747473136357574974365039086658033726899781984701,No,False,,,,,,,,,,,,185.7979
2026-07-14T11:16:32Z,EPL,333084,epl-team-to-qualify-for-uefa-conference-league,EPL: Team to qualify for UEFA Conference League,2026-04-01T17:27:13.650134Z,1818377,will-leicester-city-qualify-for-the-league-phase-of-the-2026-27-uefa-conference-league,Will Leicester City qualify for the League Phase of the 2026-27 UEFA Conference League?,0x7f23bad03e49e8691193b374466a982f76952cc0658302268f2122380250f91d,"[""36855782576831156580765175743466253787995589729798761982205435744452738857165"", ""63267615403020851545105138792098005654530731396339683005908577788229989628684""]",36855782576831156580765175743466253787995589729798761982205435744452738857165|63267615403020851545105138792098005654530731396339683005908577788229989628684,36855782576831156580765175743466253787995589729798761982205435744452738857165,Yes,False,,,,,,,,,,,,185.5555
2026-07-14T11:16:32Z,EPL,333084,epl-team-to-qualify-for-uefa-conference-league,EPL: Team to qualify for UEFA Conference League,2026-04-01T17:27:13.650134Z,1818377,will-leicester-city-qualify-for-the-league-phase-of-the-2026-27-uefa-conference-league,Will Leicester City qualify for the League Phase of the 2026-27 UEFA Conference League?,0x7f23bad03e49e8691193b374466a982f76952cc0658302268f2122380250f91d,"[""36855782576831156580765175743466253787995589729798761982205435744452738857165"", ""63267615403020851545105138792098005654530731396339683005908577788229989628684""]",36855782576831156580765175743466253787995589729798761982205435744452738857165|63267615403020851545105138792098005654530731396339683005908577788229989628684,63267615403020851545105138792098005654530731396339683005908577788229989628684,No,False,,,,,,,,,,,,185.5555
2026-07-14T11:16:32Z,EPL,333084,epl-team-to-qualify-for-uefa-conference-league,EPL: Team to qualify for UEFA Conference League,2026-04-01T17:27:13.650134Z,1818378,will-liverpool-qualify-for-the-league-phase-of-the-2026-27-uefa-conference-league,Will Liverpool qualify for the League Phase of the 2026-27 UEFA Conference League?,0x0f39d177f78abd438be984b36f264c13de879b346ae40bfea0ababc108b83f64,"[""65988948624774144931622911564364302133312968519504468408474435267221324233196"", ""115130602602129428285461614417924472558165741430309539659330809798396288056300""]",65988948624774144931622911564364302133312968519504468408474435267221324233196|115130602602129428285461614417924472558165741430309539659330809798396288056300,65988948624774144931622911564364302133312968519504468408474435267221324233196,Yes,False,,,,,,,,,,,0,175.5
2026-07-14T11:16:32Z,EPL,333084,epl-team-to-qualify-for-uefa-conference-league,EPL: Team to qualify for UEFA Conference League,2026-04-01T17:27:13.650134Z,1818378,will-liverpool-qualify-for-the-league-phase-of-the-2026-27-uefa-conference-league,Will Liverpool qualify for the League Phase of the 2026-27 UEFA Conference League?,0x0f39d177f78abd438be984b36f264c13de879b346ae40bfea0ababc108b83f64,"[""65988948624774144931622911564364302133312968519504468408474435267221324233196"", ""115130602602129428285461614417924472558165741430309539659330809798396288056300""]",65988948624774144931622911564364302133312968519504468408474435267221324233196|115130602602129428285461614417924472558165741430309539659330809798396288056300,115130602602129428285461614417924472558165741430309539659330809798396288056300,No,False,,,,,,,,,,,0,175.5
2026-07-14T11:16:32Z,EPL,333084,epl-team-to-qualify-for-uefa-conference-league,EPL: Team to qualify for UEFA Conference League,2026-04-01T17:27:13.650134Z,1818379,will-manchester-city-qualify-for-the-league-phase-of-the-2026-27-uefa-conference-league,Will Manchester City qualify for the League Phase of the 2026-27 UEFA Conference League?,0x9f502be87b77866442714675eeb0ceec67b36469dab587b15862716b95a22a65,"[""81955707153623233000480445669873960416969320182377332341762765419704043622092"", ""63903621190034107756618838956749324043719317201688365281214818158837560760762""]",81955707153623233000480445669873960416969320182377332341762765419704043622092|63903621190034107756618838956749324043719317201688365281214818158837560760762,81955707153623233000480445669873960416969320182377332341762765419704043622092,Yes,False,,,,,,,,,,,,239.96210000000002
2026-07-14T11:16:32Z,EPL,333084,epl-team-to-qualify-for-uefa-conference-league,EPL: Team to qualify for UEFA Conference League,2026-04-01T17:27:13.650134Z,1818379,will-manchester-city-qualify-for-the-league-phase-of-the-2026-27-uefa-conference-league,Will Manchester City qualify for the League Phase of the 2026-27 UEFA Conference League?,0x9f502be87b77866442714675eeb0ceec67b36469dab587b15862716b95a22a65,"[""81955707153623233000480445669873960416969320182377332341762765419704043622092"", ""63903621190034107756618838956749324043719317201688365281214818158837560760762""]",81955707153623233000480445669873960416969320182377332341762765419704043622092|63903621190034107756618838956749324043719317201688365281214818158837560760762,63903621190034107756618838956749324043719317201688365281214818158837560760762,No,False,,,,,,,,,,,,239.96210000000002
2026-07-14T11:16:32Z,EPL,333084,epl-team-to-qualify-for-uefa-conference-league,EPL: Team to qualify for UEFA Conference League,2026-04-01T17:27:13.650134Z,1818380,will-manchester-united-qualify-for-the-league-phase-of-the-2026-27-uefa-conference-league,Will Manchester United qualify for the League Phase of the 2026-27 UEFA Conference League?,0x10faa15e034abb4d8b58e96fa9cceaeba84182d8d26061672b3090ef60c474c7,"[""14537963265850539015090671292913129800573442530565687433985001158662408488535"", ""24584985274241329793529868323709359334793457968867512216477798918303927163120""]",14537963265850539015090671292913129800573442530565687433985001158662408488535|24584985274241329793529868323709359334793457968867512216477798918303927163120,14537963265850539015090671292913129800573442530565687433985001158662408488535,Yes,False,,,,,,,,,,,,654.06
2026-07-14T11:16:32Z,EPL,333084,epl-team-to-qualify-for-uefa-conference-league,EPL: Team to qualify for UEFA Conference League,2026-04-01T17:27:13.650134Z,1818380,will-manchester-united-qualify-for-the-league-phase-of-the-2026-27-uefa-conference-league,Will Manchester United qualify for the League Phase of the 2026-27 UEFA Conference League?,0x10faa15e034abb4d8b58e96fa9cceaeba84182d8d26061672b3090ef60c474c7,"[""14537963265850539015090671292913129800573442530565687433985001158662408488535"", ""24584985274241329793529868323709359334793457968867512216477798918303927163120""]",14537963265850539015090671292913129800573442530565687433985001158662408488535|24584985274241329793529868323709359334793457968867512216477798918303927163120,24584985274241329793529868323709359334793457968867512216477798918303927163120,No,False,,,,,,,,,,,,654.06
2026-07-14T11:16:32Z,EPL,333084,epl-team-to-qualify-for-uefa-conference-league,EPL: Team to qualify for UEFA Conference League,2026-04-01T17:27:13.650134Z,1818381,will-newcastle-united-qualify-for-the-league-phase-of-the-2026-27-uefa-conference-league,Will Newcastle United qualify for the League Phase of the 2026-27 UEFA Conference League?,0xb0716d2b36fd90dd54c600a9e7647616490002987e3eb1ecb3d10ead4d62d33c,"[""59224980280942325666569394558997382798882386438436610001858371645471216555919"", ""79970515927998557660930530711963196679174481368659736459630565505379849389257""]",59224980280942325666569394558997382798882386438436610001858371645471216555919|79970515927998557660930530711963196679174481368659736459630565505379849389257,59224980280942325666569394558997382798882386438436610001858371645471216555919,Yes,False,,,,,,,,,,,,411.9
2026-07-14T11:16:32Z,EPL,333084,epl-team-to-qualify-for-uefa-conference-league,EPL: Team to qualify for UEFA Conference League,2026-04-01T17:27:13.650134Z,1818381,will-newcastle-united-qualify-for-the-league-phase-of-the-2026-27-uefa-conference-league,Will Newcastle United qualify for the League Phase of the 2026-27 UEFA Conference League?,0xb0716d2b36fd90dd54c600a9e7647616490002987e3eb1ecb3d10ead4d62d33c,"[""59224980280942325666569394558997382798882386438436610001858371645471216555919"", ""79970515927998557660930530711963196679174481368659736459630565505379849389257""]",59224980280942325666569394558997382798882386438436610001858371645471216555919|79970515927998557660930530711963196679174481368659736459630565505379849389257,79970515927998557660930530711963196679174481368659736459630565505379849389257,No,False,,,,,,,,,,,,411.9
2026-07-14T11:16:32Z,EPL,333084,epl-team-to-qualify-for-uefa-conference-league,EPL: Team to qualify for UEFA Conference League,2026-04-01T17:27:13.650134Z,1818382,will-nottingham-forest-qualify-for-the-league-phase-of-the-2026-27-uefa-conference-league,Will Nottingham Forest qualify for the League Phase of the 2026-27 UEFA Conference League?,0xe911ed8e88ee4d94cb587ed6128a6c15596d9338a4d90b78b9ea20b0578fc156,"[""19481881546917834293067497074329377518935142669934498853237227966392229142245"", ""57602898067754327037427882833634701750997153547931685588132390215919583981742""]",19481881546917834293067497074329377518935142669934498853237227966392229142245|57602898067754327037427882833634701750997153547931685588132390215919583981742,19481881546917834293067497074329377518935142669934498853237227966392229142245,Yes,False,,,,,,,,,,,,407.7161
2026-07-14T11:16:32Z,EPL,333084,epl-team-to-qualify-for-uefa-conference-league,EPL: Team to qualify for UEFA Conference League,2026-04-01T17:27:13.650134Z,1818382,will-nottingham-forest-qualify-for-the-league-phase-of-the-2026-27-uefa-conference-league,Will Nottingham Forest qualify for the League Phase of the 2026-27 UEFA Conference League?,0xe911ed8e88ee4d94cb587ed6128a6c15596d9338a4d90b78b9ea20b0578fc156,"[""19481881546917834293067497074329377518935142669934498853237227966392229142245"", ""57602898067754327037427882833634701750997153547931685588132390215919583981742""]",19481881546917834293067497074329377518935142669934498853237227966392229142245|57602898067754327037427882833634701750997153547931685588132390215919583981742,57602898067754327037427882833634701750997153547931685588132390215919583981742,No,False,,,,,,,,,,,,407.7161
2026-07-14T11:16:32Z,EPL,333084,epl-team-to-qualify-for-uefa-conference-league,EPL: Team to qualify for UEFA Conference League,2026-04-01T17:27:13.650134Z,1818383,will-southampton-qualify-for-the-league-phase-of-the-2026-27-uefa-conference-league,Will Southampton qualify for the League Phase of the 2026-27 UEFA Conference League?,0x7ca2adbbd88851add0e546dd78574d7e79fc00c76e8c490e5692bf8023c11e75,"[""26877828097379119176280047098274709531228788895296330595994436624390898867911"", ""115748130349087715420332870666315257990045222809843222754054247382701059943674""]",26877828097379119176280047098274709531228788895296330595994436624390898867911|115748130349087715420332870666315257990045222809843222754054247382701059943674,26877828097379119176280047098274709531228788895296330595994436624390898867911,Yes,False,,,,,,,,,,,0,617.6899999999999
2026-07-14T11:16:32Z,EPL,333084,epl-team-to-qualify-for-uefa-conference-league,EPL: Team to qualify for UEFA Conference League,2026-04-01T17:27:13.650134Z,1818383,will-southampton-qualify-for-the-league-phase-of-the-2026-27-uefa-conference-league,Will Southampton qualify for the League Phase of the 2026-27 UEFA Conference League?,0x7ca2adbbd88851add0e546dd78574d7e79fc00c76e8c490e5692bf8023c11e75,"[""26877828097379119176280047098274709531228788895296330595994436624390898867911"", ""115748130349087715420332870666315257990045222809843222754054247382701059943674""]",26877828097379119176280047098274709531228788895296330595994436624390898867911|115748130349087715420332870666315257990045222809843222754054247382701059943674,115748130349087715420332870666315257990045222809843222754054247382701059943674,No,False,,,,,,,,,,,0,617.6899999999999
2026-07-14T11:16:32Z,EPL,333084,epl-team-to-qualify-for-uefa-conference-league,EPL: Team to qualify for UEFA Conference League,2026-04-01T17:27:13.650134Z,1818384,will-tottenham-hotspur-qualify-for-the-league-phase-of-the-2026-27-uefa-conference-league,Will Tottenham Hotspur qualify for the League Phase of the 2026-27 UEFA Conference League?,0xe98b7da9a346eb2aced5b9300c7a53e4d7c147741b546f005de0b3c0d89e0ae1,"[""16165000919596414242427788888124743916698715129044155178467657105167009019476"", ""114828181514576721851254739097127564151815507804110569853443476924908844910766""]",16165000919596414242427788888124743916698715129044155178467657105167009019476|114828181514576721851254739097127564151815507804110569853443476924908844910766,16165000919596414242427788888124743916698715129044155178467657105167009019476,Yes,False,,,,,,,,,,,,1126.7675
2026-07-14T11:16:32Z,EPL,333084,epl-team-to-qualify-for-uefa-conference-league,EPL: Team to qualify for UEFA Conference League,2026-04-01T17:27:13.650134Z,1818384,will-tottenham-hotspur-qualify-for-the-league-phase-of-the-2026-27-uefa-conference-league,Will Tottenham Hotspur qualify for the League Phase of the 2026-27 UEFA Conference League?,0xe98b7da9a346eb2aced5b9300c7a53e4d7c147741b546f005de0b3c0d89e0ae1,"[""16165000919596414242427788888124743916698715129044155178467657105167009019476"", ""114828181514576721851254739097127564151815507804110569853443476924908844910766""]",16165000919596414242427788888124743916698715129044155178467657105167009019476|114828181514576721851254739097127564151815507804110569853443476924908844910766,114828181514576721851254739097127564151815507804110569853443476924908844910766,No,False,,,,,,,,,,,,1126.7675
2026-07-14T11:16:32Z,EPL,333084,epl-team-to-qualify-for-uefa-conference-league,EPL: Team to qualify for UEFA Conference League,2026-04-01T17:27:13.650134Z,1818385,will-west-ham-united-qualify-for-the-league-phase-of-the-2026-27-uefa-conference-league,Will West Ham United qualify for the League Phase of the 2026-27 UEFA Conference League?,0xbc79053a1f7691b55171b4a210da33b3c3fba449c9df4fd954856635f8da0e8e,"[""54894379652853834326297942957419603346481276275403414881816173756537774757640"", ""33108900391203812803918822219418560079370282336069888352885661677363224124116""]",54894379652853834326297942957419603346481276275403414881816173756537774757640|33108900391203812803918822219418560079370282336069888352885661677363224124116,54894379652853834326297942957419603346481276275403414881816173756537774757640,Yes,False,,,,,,,,,,,,207.137
2026-07-14T11:16:32Z,EPL,333084,epl-team-to-qualify-for-uefa-conference-league,EPL: Team to qualify for UEFA Conference League,2026-04-01T17:27:13.650134Z,1818385,will-west-ham-united-qualify-for-the-league-phase-of-the-2026-27-uefa-conference-league,Will West Ham United qualify for the League Phase of the 2026-27 UEFA Conference League?,0xbc79053a1f7691b55171b4a210da33b3c3fba449c9df4fd954856635f8da0e8e,"[""54894379652853834326297942957419603346481276275403414881816173756537774757640"", ""33108900391203812803918822219418560079370282336069888352885661677363224124116""]",54894379652853834326297942957419603346481276275403414881816173756537774757640|33108900391203812803918822219418560079370282336069888352885661677363224124116,33108900391203812803918822219418560079370282336069888352885661677363224124116,No,False,,,,,,,,,,,,207.137
2026-07-14T11:16:32Z,EPL,333084,epl-team-to-qualify-for-uefa-conference-league,EPL: Team to qualify for UEFA Conference League,2026-04-01T17:27:13.650134Z,1818386,will-wolverhampton-wanderers-qualify-for-the-league-phase-of-the-2026-27-uefa-conference-league,Will Wolverhampton Wanderers qualify for the League Phase of the 2026-27 UEFA Conference League?,0x612a47d48e42fc85f4b3099edd0779c399e7393325bae5ef494fbec0b518be97,"[""39645891629689350247020865542579082583944711546641819664090458601825821008952"", ""27752113810792547257158395279414992925826179248970504390132410269490063597360""]",39645891629689350247020865542579082583944711546641819664090458601825821008952|27752113810792547257158395279414992925826179248970504390132410269490063597360,39645891629689350247020865542579082583944711546641819664090458601825821008952,Yes,False,,,,,,,,,,,,216.45
2026-07-14T11:16:32Z,EPL,333084,epl-team-to-qualify-for-uefa-conference-league,EPL: Team to qualify for UEFA Conference League,2026-04-01T17:27:13.650134Z,1818386,will-wolverhampton-wanderers-qualify-for-the-league-phase-of-the-2026-27-uefa-conference-league,Will Wolverhampton Wanderers qualify for the League Phase of the 2026-27 UEFA Conference League?,0x612a47d48e42fc85f4b3099edd0779c399e7393325bae5ef494fbec0b518be97,"[""39645891629689350247020865542579082583944711546641819664090458601825821008952"", ""27752113810792547257158395279414992925826179248970504390132410269490063597360""]",39645891629689350247020865542579082583944711546641819664090458601825821008952|27752113810792547257158395279414992925826179248970504390132410269490063597360,27752113810792547257158395279414992925826179248970504390132410269490063597360,No,False,,,,,,,,,,,,216.45
2026-07-14T11:16:32Z,EPL,435490,epl-2026-team-of-the-season,EPL: 2026 PFA Team of the Year,2026-05-01T16:17:58.439577Z,2127663,will-david-raya-be-named-to-the-2026-pfa-premier-league-team-of-the-year,Will David Raya be named to the 2026 PFA Premier League Team of the Year?,0x50561f0ac9fb48ce9b1dc8f78f84dea5e43d9d30bd507eb93fa57b11a996ffeb,"[""3488261232009523381576281256634840719226792569353110860105294590188599877555"", ""33896607823388600558222421347266613674976673770405419631622989961143438148884""]",3488261232009523381576281256634840719226792569353110860105294590188599877555|33896607823388600558222421347266613674976673770405419631622989961143438148884,3488261232009523381576281256634840719226792569353110860105294590188599877555,Yes,True,0.06,5.61,0.96,11.82,0.51,0.8999999999999999,129cf09640ec54e3051ff49a0061f359c42cbd6e,0.01,5,,3.967,
2026-07-14T11:16:32Z,EPL,435490,epl-2026-team-of-the-season,EPL: 2026 PFA Team of the Year,2026-05-01T16:17:58.439577Z,2127663,will-david-raya-be-named-to-the-2026-pfa-premier-league-team-of-the-year,Will David Raya be named to the 2026 PFA Premier League Team of the Year?,0x50561f0ac9fb48ce9b1dc8f78f84dea5e43d9d30bd507eb93fa57b11a996ffeb,"[""3488261232009523381576281256634840719226792569353110860105294590188599877555"", ""33896607823388600558222421347266613674976673770405419631622989961143438148884""]",3488261232009523381576281256634840719226792569353110860105294590188599877555|33896607823388600558222421347266613674976673770405419631622989961143438148884,33896607823388600558222421347266613674976673770405419631622989961143438148884,No,True,0.04,11.82,0.94,5.61,0.49,0.8999999999999999,14e477d8c27cf492b31fe4b64bd7974d54f81ed4,0.01,5,,3.967,
2026-07-14T11:16:32Z,EPL,435490,epl-2026-team-of-the-season,EPL: 2026 PFA Team of the Year,2026-05-01T16:17:58.439577Z,2127664,will-jordan-pickford-be-named-to-the-2026-pfa-premier-league-team-of-the-year,Will Jordan Pickford be named to the 2026 PFA Premier League Team of the Year?,0x206d3cf11b86b16708f160e1e5223e75f4f0b126fbfecb52300077792e4a978f,"[""69002409170326112222673578355907486486435514190626080376764720483535336436602"", ""29764786967669041151836718379664776749611256940389381248189333088896507813340""]",69002409170326112222673578355907486486435514190626080376764720483535336436602|29764786967669041151836718379664776749611256940389381248189333088896507813340,69002409170326112222673578355907486486435514190626080376764720483535336436602,Yes,True,0.04,11.82,0.94,5.61,0.49,0.8999999999999999,3a2bb6863c547e3b98e0cfd85e6aa43fbd4cbb66,0.01,5,,3.967,
2026-07-14T11:16:32Z,EPL,435490,epl-2026-team-of-the-season,EPL: 2026 PFA Team of the Year,2026-05-01T16:17:58.439577Z,2127664,will-jordan-pickford-be-named-to-the-2026-pfa-premier-league-team-of-the-year,Will Jordan Pickford be named to the 2026 PFA Premier League Team of the Year?,0x206d3cf11b86b16708f160e1e5223e75f4f0b126fbfecb52300077792e4a978f,"[""69002409170326112222673578355907486486435514190626080376764720483535336436602"", ""29764786967669041151836718379664776749611256940389381248189333088896507813340""]",69002409170326112222673578355907486486435514190626080376764720483535336436602|29764786967669041151836718379664776749611256940389381248189333088896507813340,29764786967669041151836718379664776749611256940389381248189333088896507813340,No,True,0.06,5.61,0.96,11.82,0.51,0.8999999999999999,4b2c01ad6758c4968836f5a08841574dcc61cb44,0.01,5,,3.967,
2026-07-14T11:16:32Z,EPL,435490,epl-2026-team-of-the-season,EPL: 2026 PFA Team of the Year,2026-05-01T16:17:58.439577Z,2127665,will-dean-henderson-be-named-to-the-2026-pfa-premier-league-team-of-the-year,Will Dean Henderson be named to the 2026 PFA Premier League Team of the Year?,0x67ebb7796df1324b1b084b0aaa59e3379513583ac93e3c8e968935e7dbb1f535,"[""77730449116026385251216021681478758817188404733132958155748625297475510396335"", ""86484569427189395298179892127162282618369840953731094949208918944830421003973""]",77730449116026385251216021681478758817188404733132958155748625297475510396335|86484569427189395298179892127162282618369840953731094949208918944830421003973,77730449116026385251216021681478758817188404733132958155748625297475510396335,Yes,True,0.04,11.82,0.94,5.61,0.49,0.8999999999999999,4eb7f7e2dddaed8f8a0371cfae41533097b220f5,0.01,5,,3.9118,
2026-07-14T11:16:32Z,EPL,435490,epl-2026-team-of-the-season,EPL: 2026 PFA Team of the Year,2026-05-01T16:17:58.439577Z,2127665,will-dean-henderson-be-named-to-the-2026-pfa-premier-league-team-of-the-year,Will Dean Henderson be named to the 2026 PFA Premier League Team of the Year?,0x67ebb7796df1324b1b084b0aaa59e3379513583ac93e3c8e968935e7dbb1f535,"[""77730449116026385251216021681478758817188404733132958155748625297475510396335"", ""86484569427189395298179892127162282618369840953731094949208918944830421003973""]",77730449116026385251216021681478758817188404733132958155748625297475510396335|86484569427189395298179892127162282618369840953731094949208918944830421003973,86484569427189395298179892127162282618369840953731094949208918944830421003973,No,True,0.06,5.61,0.96,11.82,0.51,0.8999999999999999,6e57c62c60d557427a386cf9e1d0606c3ec96829,0.01,5,,3.9118,
2026-07-14T11:16:32Z,EPL,435490,epl-2026-team-of-the-season,EPL: 2026 PFA Team of the Year,2026-05-01T16:17:58.439577Z,2127666,will-robin-roefs-be-named-to-the-2026-pfa-premier-league-team-of-the-year,Will Robin Roefs be named to the 2026 PFA Premier League Team of the Year?,0xdae0f14d1b5ea256638164c6578853226408702f44e238ca8fa692998fdc6332,"[""70182957445101902779363373709716695169810926012757858042099415085409463195888"", ""90699863564786576085723598309072905823666331748016080742800846290619606364496""]",70182957445101902779363373709716695169810926012757858042099415085409463195888|90699863564786576085723598309072905823666331748016080742800846290619606364496,70182957445101902779363373709716695169810926012757858042099415085409463195888,Yes,True,0.04,10.77,0.94,5.61,0.49,0.8999999999999999,824e4180f41b1c6e06a6cbe31c21ba4d7777099e,0.01,5,,3.7653,
2026-07-14T11:16:32Z,EPL,435490,epl-2026-team-of-the-season,EPL: 2026 PFA Team of the Year,2026-05-01T16:17:58.439577Z,2127666,will-robin-roefs-be-named-to-the-2026-pfa-premier-league-team-of-the-year,Will Robin Roefs be named to the 2026 PFA Premier League Team of the Year?,0xdae0f14d1b5ea256638164c6578853226408702f44e238ca8fa692998fdc6332,"[""70182957445101902779363373709716695169810926012757858042099415085409463195888"", ""90699863564786576085723598309072905823666331748016080742800846290619606364496""]",70182957445101902779363373709716695169810926012757858042099415085409463195888|90699863564786576085723598309072905823666331748016080742800846290619606364496,90699863564786576085723598309072905823666331748016080742800846290619606364496,No,True,0.06,5.61,0.96,10.77,0.51,0.8999999999999999,2efdca53abfd448540d0d115364f08c959395505,0.01,5,,3.7653,
2026-07-14T11:16:32Z,EPL,435490,epl-2026-team-of-the-season,EPL: 2026 PFA Team of the Year,2026-05-01T16:17:58.439577Z,2127667,will-gianluigi-donnarumma-be-named-to-the-2026-pfa-premier-league-team-of-the-year,Will Gianluigi Donnarumma be named to the 2026 PFA Premier League Team of the Year?,0x322441734b9f23744de899e345ef48ec25e0055f8b1bfc19fe4612055a8ff2df,"[""65007673257262595676530056363240287641293306267550009290432560084643152028010"", ""97388027101380065799871752579213229783305736941572715830099055292320933629215""]",65007673257262595676530056363240287641293306267550009290432560084643152028010|97388027101380065799871752579213229783305736941572715830099055292320933629215,65007673257262595676530056363240287641293306267550009290432560084643152028010,Yes,True,0.04,11.7,0.96,11.7,0.5,0.9199999999999999,26ba47207df2ebae18467e6f8ebf526e2b35fa4b,0.01,5,,4.252,
2026-07-14T11:16:32Z,EPL,435490,epl-2026-team-of-the-season,EPL: 2026 PFA Team of the Year,2026-05-01T16:17:58.439577Z,2127667,will-gianluigi-donnarumma-be-named-to-the-2026-pfa-premier-league-team-of-the-year,Will Gianluigi Donnarumma be named to the 2026 PFA Premier League Team of the Year?,0x322441734b9f23744de899e345ef48ec25e0055f8b1bfc19fe4612055a8ff2df,"[""65007673257262595676530056363240287641293306267550009290432560084643152028010"", ""97388027101380065799871752579213229783305736941572715830099055292320933629215""]",65007673257262595676530056363240287641293306267550009290432560084643152028010|97388027101380065799871752579213229783305736941572715830099055292320933629215,97388027101380065799871752579213229783305736941572715830099055292320933629215,No,True,0.04,11.7,0.96,11.7,0.5,0.9199999999999999,e62264cadbdfc7cd4f8febf8f746488d899b7141,0.01,5,,4.252,
2026-07-14T11:16:32Z,EPL,435490,epl-2026-team-of-the-season,EPL: 2026 PFA Team of the Year,2026-05-01T16:17:58.439577Z,2127668,will-jurrien-timber-be-named-to-the-2026-pfa-premier-league-team-of-the-year,Will Jurrien Timber be named to the 2026 PFA Premier League Team of the Year?,0x97ca47da99683bddec8036ce29388c2e400e7cecfea8ac4dbef54ac0791cc593,"[""58745854058166153005664210409408254918505117901359386106376082227012206838503"", ""43365583002812118163534009703280808191029196488960918105614424745527498298109""]",58745854058166153005664210409408254918505117901359386106376082227012206838503|43365583002812118163534009703280808191029196488960918105614424745527498298109,58745854058166153005664210409408254918505117901359386106376082227012206838503,Yes,True,0.04,11.98,0.96,10.77,0.5,0.9199999999999999,903921d7dfab6f7ba1a257ce2cc1e82b3b9151fd,0.01,5,,4.116,
2026-07-14T11:16:32Z,EPL,435490,epl-2026-team-of-the-season,EPL: 2026 PFA Team of the Year,2026-05-01T16:17:58.439577Z,2127668,will-jurrien-timber-be-named-to-the-2026-pfa-premier-league-team-of-the-year,Will Jurrien Timber be named to the 2026 PFA Premier League Team of the Year?,0x97ca47da99683bddec8036ce29388c2e400e7cecfea8ac4dbef54ac0791cc593,"[""58745854058166153005664210409408254918505117901359386106376082227012206838503"", ""43365583002812118163534009703280808191029196488960918105614424745527498298109""]",58745854058166153005664210409408254918505117901359386106376082227012206838503|43365583002812118163534009703280808191029196488960918105614424745527498298109,43365583002812118163534009703280808191029196488960918105614424745527498298109,No,True,0.04,10.77,0.96,11.98,0.5,0.9199999999999999,3cb0df8948cd8c5e4f4c065da2f9549ec0b93d74,0.01,5,,4.116,
2026-07-14T11:16:32Z,EPL,435490,epl-2026-team-of-the-season,EPL: 2026 PFA Team of the Year,2026-05-01T16:17:58.439577Z,2127669,will-matheus-nunes-be-named-to-the-2026-pfa-premier-league-team-of-the-year,Will Matheus Nunes be named to the 2026 PFA Premier League Team of the Year?,0x236166693870332c38cc1f290d2de8a00eafa1b78519182663a58811b1011705,"[""71852886829417081758693278389180020836881806315641141653569411011094941385487"", ""27873264127773337044236459909692649813557879461485496445916977915515730222703""]",71852886829417081758693278389180020836881806315641141653569411011094941385487|27873264127773337044236459909692649813557879461485496445916977915515730222703,71852886829417081758693278389180020836881806315641141653569411011094941385487,Yes,True,0.05,6.06,0.96,10.77,0.505,0.9099999999999999,e7f0fce01c34476ff7bd2f212dfafc7688759c28,0.01,5,,4.7012,
2026-07-14T11:16:32Z,EPL,435490,epl-2026-team-of-the-season,EPL: 2026 PFA Team of the Year,2026-05-01T16:17:58.439577Z,2127669,will-matheus-nunes-be-named-to-the-2026-pfa-premier-league-team-of-the-year,Will Matheus Nunes be named to the 2026 PFA Premier League Team of the Year?,0x236166693870332c38cc1f290d2de8a00eafa1b78519182663a58811b1011705,"[""71852886829417081758693278389180020836881806315641141653569411011094941385487"", ""27873264127773337044236459909692649813557879461485496445916977915515730222703""]",71852886829417081758693278389180020836881806315641141653569411011094941385487|27873264127773337044236459909692649813557879461485496445916977915515730222703,27873264127773337044236459909692649813557879461485496445916977915515730222703,No,True,0.04,10.77,0.95,6.06,0.495,0.9099999999999999,67ce4ce3fb95bc0c441b55bdf2739940566a7119,0.01,5,,4.7012,
2026-07-14T11:16:32Z,EPL,435490,epl-2026-team-of-the-season,EPL: 2026 PFA Team of the Year,2026-05-01T16:17:58.439577Z,2127670,will-gabriel-magalhes-be-named-to-the-2026-pfa-premier-league-team-of-the-year,Will Gabriel Magalhães be named to the 2026 PFA Premier League Team of the Year?,0xd3d8a97f490967ba04bcf06a1f1fa0b8e14ff08f5f0781bccb14c7eb1cf34ca6,"[""112756383879220814577105643520650901454791316512357676513193784191480344438666"", ""7697378624768914483353901406042873706810082834244678754453720343911008090965""]",112756383879220814577105643520650901454791316512357676513193784191480344438666|7697378624768914483353901406042873706810082834244678754453720343911008090965,112756383879220814577105643520650901454791316512357676513193784191480344438666,Yes,True,0.06,5.61,0.96,10.77,0.51,0.8999999999999999,37b370724edc4a4c0e8f927dc8e7d9eedc043c99,0.01,5,,3.7653,
2026-07-14T11:16:32Z,EPL,435490,epl-2026-team-of-the-season,EPL: 2026 PFA Team of the Year,2026-05-01T16:17:58.439577Z,2127670,will-gabriel-magalhes-be-named-to-the-2026-pfa-premier-league-team-of-the-year,Will Gabriel Magalhães be named to the 2026 PFA Premier League Team of the Year?,0xd3d8a97f490967ba04bcf06a1f1fa0b8e14ff08f5f0781bccb14c7eb1cf34ca6,"[""112756383879220814577105643520650901454791316512357676513193784191480344438666"", ""7697378624768914483353901406042873706810082834244678754453720343911008090965""]",112756383879220814577105643520650901454791316512357676513193784191480344438666|7697378624768914483353901406042873706810082834244678754453720343911008090965,7697378624768914483353901406042873706810082834244678754453720343911008090965,No,True,0.04,10.77,0.94,5.61,0.49,0.8999999999999999,bf6bda52e5cd517a3a5ee9b5d438a4100e989e52,0.01,5,,3.7653,
2026-07-14T11:16:32Z,EPL,435490,epl-2026-team-of-the-season,EPL: 2026 PFA Team of the Year,2026-05-01T16:17:58.439577Z,2127671,will-william-saliba-be-named-to-the-2026-pfa-premier-league-team-of-the-year,Will William Saliba be named to the 2026 PFA Premier League Team of the Year?,0xc344b5f7891b8617e7118aaa24bac3840a587691c1a36daa479a61de0b79bcb6,"[""47207660538745167295586664941849591121956044929877358537501900994850424263330"", ""105234782857798608331719124706582304874620432378282673665444164066431160124095""]",47207660538745167295586664941849591121956044929877358537501900994850424263330|105234782857798608331719124706582304874620432378282673665444164066431160124095,47207660538745167295586664941849591121956044929877358537501900994850424263330,Yes,True,0.04,10.77,0.96,10.77,0.5,0.9199999999999999,ad882e2e0628920e338b71c50da36a298c77256f,0.01,5,,4.1822,
2026-07-14T11:16:32Z,EPL,435490,epl-2026-team-of-the-season,EPL: 2026 PFA Team of the Year,2026-05-01T16:17:58.439577Z,2127671,will-william-saliba-be-named-to-the-2026-pfa-premier-league-team-of-the-year,Will William Saliba be named to the 2026 PFA Premier League Team of the Year?,0xc344b5f7891b8617e7118aaa24bac3840a587691c1a36daa479a61de0b79bcb6,"[""47207660538745167295586664941849591121956044929877358537501900994850424263330"", ""105234782857798608331719124706582304874620432378282673665444164066431160124095""]",47207660538745167295586664941849591121956044929877358537501900994850424263330|105234782857798608331719124706582304874620432378282673665444164066431160124095,105234782857798608331719124706582304874620432378282673665444164066431160124095,No,True,0.04,10.77,0.96,10.77,0.5,0.9199999999999999,35659ae34d17f0b50270f635eee22126c1309039,0.01,5,,4.1822,
2026-07-14T11:16:32Z,EPL,435490,epl-2026-team-of-the-season,EPL: 2026 PFA Team of the Year,2026-05-01T16:17:58.439577Z,2127672,will-marc-guehi-be-named-to-the-2026-pfa-premier-league-team-of-the-year,Will Marc Guehi be named to the 2026 PFA Premier League Team of the Year?,0x9a7829bcaf4bd65e903739dace6db739a8b68a396fd2c71a3d23d2a2cf2e88c5,"[""18774341203836696417330165615678664168245576790259527905518242337305438497157"", ""17833812615529939189123941305353432679112045501201563425472779980851390683424""]",18774341203836696417330165615678664168245576790259527905518242337305438497157|17833812615529939189123941305353432679112045501201563425472779980851390683424,18774341203836696417330165615678664168245576790259527905518242337305438497157,Yes,True,0.04,10.77,0.96,11.82,0.5,0.9199999999999999,6802b0131e4c9dce67d5791e39b183d32fc492fa,0.01,5,,4.1823,
2026-07-14T11:16:32Z,EPL,435490,epl-2026-team-of-the-season,EPL: 2026 PFA Team of the Year,2026-05-01T16:17:58.439577Z,2127672,will-marc-guehi-be-named-to-the-2026-pfa-premier-league-team-of-the-year,Will Marc Guehi be named to the 2026 PFA Premier League Team of the Year?,0x9a7829bcaf4bd65e903739dace6db739a8b68a396fd2c71a3d23d2a2cf2e88c5,"[""18774341203836696417330165615678664168245576790259527905518242337305438497157"", ""17833812615529939189123941305353432679112045501201563425472779980851390683424""]",18774341203836696417330165615678664168245576790259527905518242337305438497157|17833812615529939189123941305353432679112045501201563425472779980851390683424,17833812615529939189123941305353432679112045501201563425472779980851390683424,No,True,0.04,11.82,0.96,10.77,0.5,0.9199999999999999,de529203101dbe9cf0ede15bb17f5ee1f6a3a70c,0.01,5,,4.1823,
2026-07-14T11:16:32Z,EPL,435490,epl-2026-team-of-the-season,EPL: 2026 PFA Team of the Year,2026-05-01T16:17:58.439577Z,2127673,will-virgil-van-dijk-be-named-to-the-2026-pfa-premier-league-team-of-the-year,Will Virgil van Dijk be named to the 2026 PFA Premier League Team of the Year?,0x644231d6b178ebd20f0ab0b061a790f9dee4479ce96ab40686c8ade6f50a0238,"[""31721429411257768645758803262981554412084956132795321375044902571901613004887"", ""113776996666262784023568460080999498147130358875198884777079734831639187945943""]",31721429411257768645758803262981554412084956132795321375044902571901613004887|113776996666262784023568460080999498147130358875198884777079734831639187945943,31721429411257768645758803262981554412084956132795321375044902571901613004887,Yes,True,0.04,13.63,0.96,11.7,0.5,0.9199999999999999,b867e4fbbc7e946f24bc80e58b65dacdf7b99521,0.01,5,,5.2563,1.694914
2026-07-14T11:16:32Z,EPL,435490,epl-2026-team-of-the-season,EPL: 2026 PFA Team of the Year,2026-05-01T16:17:58.439577Z,2127673,will-virgil-van-dijk-be-named-to-the-2026-pfa-premier-league-team-of-the-year,Will Virgil van Dijk be named to the 2026 PFA Premier League Team of the Year?,0x644231d6b178ebd20f0ab0b061a790f9dee4479ce96ab40686c8ade6f50a0238,"[""31721429411257768645758803262981554412084956132795321375044902571901613004887"", ""113776996666262784023568460080999498147130358875198884777079734831639187945943""]",31721429411257768645758803262981554412084956132795321375044902571901613004887|113776996666262784023568460080999498147130358875198884777079734831639187945943,113776996666262784023568460080999498147130358875198884777079734831639187945943,No,True,0.04,11.7,0.96,13.63,0.5,0.9199999999999999,e16ab59908e159f26cddf07d5ac3f429f5a96194,0.01,5,,5.2563,1.694914
2026-07-14T11:16:32Z,EPL,435490,epl-2026-team-of-the-season,EPL: 2026 PFA Team of the Year,2026-05-01T16:17:58.439577Z,2127674,will-marc-cucurella-be-named-to-the-2026-pfa-premier-league-team-of-the-year,Will Marc Cucurella be named to the 2026 PFA Premier League Team of the Year?,0xe74cf34bab6946206532fd38cbf5a7eb4b346f7d13bffc6ae16eb3a69a4225d0,"[""59830425161161665808750586172447751894718446914006207206558327469584286337472"", ""85414521652635437338276097105191648874111759265882984452544936528659374053637""]",59830425161161665808750586172447751894718446914006207206558327469584286337472|85414521652635437338276097105191648874111759265882984452544936528659374053637,59830425161161665808750586172447751894718446914006207206558327469584286337472,Yes,True,0.04,11.82,0.96,10.77,0.5,0.9199999999999999,e28c8197edd8d657d9bcb4fe69aae93f9638350e,0.01,5,,4.12,
2026-07-14T11:16:32Z,EPL,435490,epl-2026-team-of-the-season,EPL: 2026 PFA Team of the Year,2026-05-01T16:17:58.439577Z,2127674,will-marc-cucurella-be-named-to-the-2026-pfa-premier-league-team-of-the-year,Will Marc Cucurella be named to the 2026 PFA Premier League Team of the Year?,0xe74cf34bab6946206532fd38cbf5a7eb4b346f7d13bffc6ae16eb3a69a4225d0,"[""59830425161161665808750586172447751894718446914006207206558327469584286337472"", ""85414521652635437338276097105191648874111759265882984452544936528659374053637""]",59830425161161665808750586172447751894718446914006207206558327469584286337472|85414521652635437338276097105191648874111759265882984452544936528659374053637,85414521652635437338276097105191648874111759265882984452544936528659374053637,No,True,0.04,10.77,0.96,11.82,0.5,0.9199999999999999,22202f8c3fb5cc572cef4b2651dccdc95125ecfb,0.01,5,,4.12,
2026-07-14T11:16:32Z,EPL,435490,epl-2026-team-of-the-season,EPL: 2026 PFA Team of the Year,2026-05-01T16:17:58.439577Z,2127675,will-piero-hincapie-be-named-to-the-2026-pfa-premier-league-team-of-the-year,Will Piero Hincapie be named to the 2026 PFA Premier League Team of the Year?,0x1d5d1e655085db69c387488aa7e661d4719bfa9c0bb392dd05652008c40b4a9a,"[""108011205392215304373394466135742493782019922749752404322686744906595861300763"", ""73789363813582664474158671396757087735667554782131752276569900280712319722369""]",108011205392215304373394466135742493782019922749752404322686744906595861300763|73789363813582664474158671396757087735667554782131752276569900280712319722369,108011205392215304373394466135742493782019922749752404322686744906595861300763,Yes,True,0.04,10.77,0.94,5.61,0.49,0.8999999999999999,903c3eebb807373b0eab1f4bae2238e37931e954,0.01,5,,3.8973,
2026-07-14T11:16:32Z,EPL,435490,epl-2026-team-of-the-season,EPL: 2026 PFA Team of the Year,2026-05-01T16:17:58.439577Z,2127675,will-piero-hincapie-be-named-to-the-2026-pfa-premier-league-team-of-the-year,Will Piero Hincapie be named to the 2026 PFA Premier League Team of the Year?,0x1d5d1e655085db69c387488aa7e661d4719bfa9c0bb392dd05652008c40b4a9a,"[""108011205392215304373394466135742493782019922749752404322686744906595861300763"", ""73789363813582664474158671396757087735667554782131752276569900280712319722369""]",108011205392215304373394466135742493782019922749752404322686744906595861300763|73789363813582664474158671396757087735667554782131752276569900280712319722369,73789363813582664474158671396757087735667554782131752276569900280712319722369,No,True,0.06,5.61,0.96,10.77,0.51,0.8999999999999999,3f27af3f6e6ed7f87f74d3b1db4cdd66b6befc5e,0.01,5,,3.8973,
2026-07-14T11:16:32Z,EPL,435490,epl-2026-team-of-the-season,EPL: 2026 PFA Team of the Year,2026-05-01T16:17:58.439577Z,2127676,will-declan-rice-be-named-to-the-2026-pfa-premier-league-team-of-the-year,Will Declan Rice be named to the 2026 PFA Premier League Team of the Year?,0x898bbb37bb3e8e03480b52c31bc12b12019e84f4d4042d25622f9a9b9f1a21f2,"[""11523245240526311970979368164866348724509187066335918581337691503956313417913"", ""16544219157755328462914309364144553632877138543113142832790826044960896254419""]",11523245240526311970979368164866348724509187066335918581337691503956313417913|16544219157755328462914309364144553632877138543113142832790826044960896254419,11523245240526311970979368164866348724509187066335918581337691503956313417913,Yes,True,0.06,5.61,0.96,11.7,0.51,0.8999999999999999,f900f43ff7f99b822fbe73e79813a8a76ef1b9e9,0.01,5,,3.9118,16.114284
2026-07-14T11:16:32Z,EPL,435490,epl-2026-team-of-the-season,EPL: 2026 PFA Team of the Year,2026-05-01T16:17:58.439577Z,2127676,will-declan-rice-be-named-to-the-2026-pfa-premier-league-team-of-the-year,Will Declan Rice be named to the 2026 PFA Premier League Team of the Year?,0x898bbb37bb3e8e03480b52c31bc12b12019e84f4d4042d25622f9a9b9f1a21f2,"[""11523245240526311970979368164866348724509187066335918581337691503956313417913"", ""16544219157755328462914309364144553632877138543113142832790826044960896254419""]",11523245240526311970979368164866348724509187066335918581337691503956313417913|16544219157755328462914309364144553632877138543113142832790826044960896254419,16544219157755328462914309364144553632877138543113142832790826044960896254419,No,True,0.04,11.7,0.94,5.61,0.49,0.8999999999999999,c5aa2e30facd8b643e9e3d7bf70361a15648ce5a,0.01,5,,3.9118,16.114284
2026-07-14T11:16:32Z,EPL,435490,epl-2026-team-of-the-season,EPL: 2026 PFA Team of the Year,2026-05-01T16:17:58.439577Z,2127677,will-bruno-fernandes-be-named-to-the-2026-pfa-premier-league-team-of-the-year,Will Bruno Fernandes be named to the 2026 PFA Premier League Team of the Year?,0x679720492bcbff900bde0e29eb7e812c77909bccb3c32b79a3186fc1db03b854,"[""86859495495502891076141743940914617575208033060738396981338088715869715113963"", ""65620697419400192059458180949993387679798824363092322581187835468683093164088""]",86859495495502891076141743940914617575208033060738396981338088715869715113963|65620697419400192059458180949993387679798824363092322581187835468683093164088,86859495495502891076141743940914617575208033060738396981338088715869715113963,Yes,True,0.243,15.71,0.997,177.0,0.62,0.754,75789b3ff7ac0517381e1201475f0d5b606dc5ac,0.001,5,,23.12422,440.10643600000003
2026-07-14T11:16:32Z,EPL,435490,epl-2026-team-of-the-season,EPL: 2026 PFA Team of the Year,2026-05-01T16:17:58.439577Z,2127677,will-bruno-fernandes-be-named-to-the-2026-pfa-premier-league-team-of-the-year,Will Bruno Fernandes be named to the 2026 PFA Premier League Team of the Year?,0x679720492bcbff900bde0e29eb7e812c77909bccb3c32b79a3186fc1db03b854,"[""86859495495502891076141743940914617575208033060738396981338088715869715113963"", ""65620697419400192059458180949993387679798824363092322581187835468683093164088""]",86859495495502891076141743940914617575208033060738396981338088715869715113963|65620697419400192059458180949993387679798824363092322581187835468683093164088,65620697419400192059458180949993387679798824363092322581187835468683093164088,No,True,0.003,177.0,0.757,15.71,0.38,0.754,5cbd7b2bedd2d1535e0ad660c562cfbafc3563b9,0.001,5,,23.12422,440.10643600000003
2026-07-14T11:16:32Z,EPL,435490,epl-2026-team-of-the-season,EPL: 2026 PFA Team of the Year,2026-05-01T16:17:58.439577Z,2127678,will-rodri-be-named-to-the-2026-pfa-premier-league-team-of-the-year,Will Rodri be named to the 2026 PFA Premier League Team of the Year?,0xf9de760ff713bdc5ebdc87ea4a88fb9423ef31bc59d2abb917df50b5b44482c1,"[""92734106880343514385310320083033583888695626897895802880610705682382451590633"", ""56976958810450515743106834354983994802402840862579527495329062688335275234740""]",92734106880343514385310320083033583888695626897895802880610705682382451590633|56976958810450515743106834354983994802402840862579527495329062688335275234740,92734106880343514385310320083033583888695626897895802880610705682382451590633,Yes,True,0.04,10.77,0.96,10.77,0.5,0.9199999999999999,aec4322f60e205dec4a7fed4197d75f3bade0434,0.01,5,,4.0466,
2026-07-14T11:16:32Z,EPL,435490,epl-2026-team-of-the-season,EPL: 2026 PFA Team of the Year,2026-05-01T16:17:58.439577Z,2127678,will-rodri-be-named-to-the-2026-pfa-premier-league-team-of-the-year,Will Rodri be named to the 2026 PFA Premier League Team of the Year?,0xf9de760ff713bdc5ebdc87ea4a88fb9423ef31bc59d2abb917df50b5b44482c1,"[""92734106880343514385310320083033583888695626897895802880610705682382451590633"", ""56976958810450515743106834354983994802402840862579527495329062688335275234740""]",92734106880343514385310320083033583888695626897895802880610705682382451590633|56976958810450515743106834354983994802402840862579527495329062688335275234740,56976958810450515743106834354983994802402840862579527495329062688335275234740,No,True,0.04,10.77,0.96,10.77,0.5,0.9199999999999999,cb69edf20d3177e1a0275692d5556e20c279d3fb,0.01,5,,4.0466,
2026-07-14T11:16:32Z,EPL,435490,epl-2026-team-of-the-season,EPL: 2026 PFA Team of the Year,2026-05-01T16:17:58.439577Z,2127679,will-rayan-cherki-be-named-to-the-2026-pfa-premier-league-team-of-the-year,Will Rayan Cherki be named to the 2026 PFA Premier League Team of the Year?,0xf1bef1d60925998b7577b014ea907965209b9045c197e79e77eb14439d7c431a,"[""44002481860388892740183335966007748831643129921411222940033401480764334836407"", ""47465498507287502475094187263593898643776563896680345103863507875745126656121""]",44002481860388892740183335966007748831643129921411222940033401480764334836407|47465498507287502475094187263593898643776563896680345103863507875745126656121,44002481860388892740183335966007748831643129921411222940033401480764334836407,Yes,True,0.04,11.82,0.96,11.7,0.5,0.9199999999999999,b8955ef16d31a6227dfdb52bd2baa1ea17f4853e,0.01,5,,4.252,
2026-07-14T11:16:32Z,EPL,435490,epl-2026-team-of-the-season,EPL: 2026 PFA Team of the Year,2026-05-01T16:17:58.439577Z,2127679,will-rayan-cherki-be-named-to-the-2026-pfa-premier-league-team-of-the-year,Will Rayan Cherki be named to the 2026 PFA Premier League Team of the Year?,0xf1bef1d60925998b7577b014ea907965209b9045c197e79e77eb14439d7c431a,"[""44002481860388892740183335966007748831643129921411222940033401480764334836407"", ""47465498507287502475094187263593898643776563896680345103863507875745126656121""]",44002481860388892740183335966007748831643129921411222940033401480764334836407|47465498507287502475094187263593898643776563896680345103863507875745126656121,47465498507287502475094187263593898643776563896680345103863507875745126656121,No,True,0.04,11.7,0.96,11.82,0.5,0.9199999999999999,475595a8d8cf0e9fcea840050872893b9cf8e5ef,0.01,5,,4.252,
2026-07-14T11:16:32Z,EPL,435490,epl-2026-team-of-the-season,EPL: 2026 PFA Team of the Year,2026-05-01T16:17:58.439577Z,2127680,will-dominik-szoboszlai-be-named-to-the-2026-pfa-premier-league-team-of-the-year,Will Dominik Szoboszlai be named to the 2026 PFA Premier League Team of the Year?,0xd5a172faaf27f951f5bc5c2d19f18367ab85e9c963e7357a8433da84e895507e,"[""10904347939559348084889283384973600207001307228767801114856379948987944051302"", ""63514807846207217791796334733580770155958510280638850911506455990693175502240""]",10904347939559348084889283384973600207001307228767801114856379948987944051302|63514807846207217791796334733580770155958510280638850911506455990693175502240,10904347939559348084889283384973600207001307228767801114856379948987944051302,Yes,True,0.04,10.77,0.96,10.77,0.5,0.9199999999999999,8d7b113131730e61e8ea444afcdefb9bbc7c3e2e,0.01,5,,4.252,
2026-07-14T11:16:32Z,EPL,435490,epl-2026-team-of-the-season,EPL: 2026 PFA Team of the Year,2026-05-01T16:17:58.439577Z,2127680,will-dominik-szoboszlai-be-named-to-the-2026-pfa-premier-league-team-of-the-year,Will Dominik Szoboszlai be named to the 2026 PFA Premier League Team of the Year?,0xd5a172faaf27f951f5bc5c2d19f18367ab85e9c963e7357a8433da84e895507e,"[""10904347939559348084889283384973600207001307228767801114856379948987944051302"", ""63514807846207217791796334733580770155958510280638850911506455990693175502240""]",10904347939559348084889283384973600207001307228767801114856379948987944051302|63514807846207217791796334733580770155958510280638850911506455990693175502240,63514807846207217791796334733580770155958510280638850911506455990693175502240,No,True,0.04,10.77,0.96,10.77,0.5,0.9199999999999999,d2546ac6c8e4f52d22f699f5b42d615dea9f36ee,0.01,5,,4.252,
2026-07-14T11:16:32Z,EPL,435490,epl-2026-team-of-the-season,EPL: 2026 PFA Team of the Year,2026-05-01T16:17:58.439577Z,2127681,will-moises-caicedo-be-named-to-the-2026-pfa-premier-league-team-of-the-year,Will Moises Caicedo be named to the 2026 PFA Premier League Team of the Year?,0x6a8a0e28a90c3880e21bb6de9eb98f12d5e81a8d88570a2c5b855ee60b6263ba,"[""13244409081849499988815460722411109697257731580831464114667102436005675343259"", ""41998463599395516608520033462694074004839767261466278584344671813809549672424""]",13244409081849499988815460722411109697257731580831464114667102436005675343259|41998463599395516608520033462694074004839767261466278584344671813809549672424,13244409081849499988815460722411109697257731580831464114667102436005675343259,Yes,True,0.04,11.7,0.96,11.82,0.5,0.9199999999999999,6848ad1ef5d80853ae5d8c4a80664808e1f6fcd6,0.01,5,,4.2519,
2026-07-14T11:16:32Z,EPL,435490,epl-2026-team-of-the-season,EPL: 2026 PFA Team of the Year,2026-05-01T16:17:58.439577Z,2127681,will-moises-caicedo-be-named-to-the-2026-pfa-premier-league-team-of-the-year,Will Moises Caicedo be named to the 2026 PFA Premier League Team of the Year?,0x6a8a0e28a90c3880e21bb6de9eb98f12d5e81a8d88570a2c5b855ee60b6263ba,"[""13244409081849499988815460722411109697257731580831464114667102436005675343259"", ""41998463599395516608520033462694074004839767261466278584344671813809549672424""]",13244409081849499988815460722411109697257731580831464114667102436005675343259|41998463599395516608520033462694074004839767261466278584344671813809549672424,41998463599395516608520033462694074004839767261466278584344671813809549672424,No,True,0.04,11.82,0.96,11.7,0.5,0.9199999999999999,f7c38015ad48f741104f3c08cd3ba78477f85a0c,0.01,5,,4.2519,
2026-07-14T11:16:32Z,EPL,435490,epl-2026-team-of-the-season,EPL: 2026 PFA Team of the Year,2026-05-01T16:17:58.439577Z,2127682,will-elliot-anderson-be-named-to-the-2026-pfa-premier-league-team-of-the-year,Will Elliot Anderson be named to the 2026 PFA Premier League Team of the Year?,0x3e7b9aff81e624e4f9ef7677696f2d4fae5837bdf83bd9ed2d62ec7a87aaf7a6,"[""2770428290325312677871192984476250158140993595717599201621714256969118294243"", ""87005572382727825804817777311897399081855387101457739624425019964385877189800""]",2770428290325312677871192984476250158140993595717599201621714256969118294243|87005572382727825804817777311897399081855387101457739624425019964385877189800,2770428290325312677871192984476250158140993595717599201621714256969118294243,Yes,True,0.04,11.7,0.96,10.77,0.5,0.9199999999999999,a1a9f11d9256b30f2debd4da7b1d73084323f28e,0.01,5,,4.248,
2026-07-14T11:16:32Z,EPL,435490,epl-2026-team-of-the-season,EPL: 2026 PFA Team of the Year,2026-05-01T16:17:58.439577Z,2127682,will-elliot-anderson-be-named-to-the-2026-pfa-premier-league-team-of-the-year,Will Elliot Anderson be named to the 2026 PFA Premier League Team of the Year?,0x3e7b9aff81e624e4f9ef7677696f2d4fae5837bdf83bd9ed2d62ec7a87aaf7a6,"[""2770428290325312677871192984476250158140993595717599201621714256969118294243"", ""87005572382727825804817777311897399081855387101457739624425019964385877189800""]",2770428290325312677871192984476250158140993595717599201621714256969118294243|87005572382727825804817777311897399081855387101457739624425019964385877189800,87005572382727825804817777311897399081855387101457739624425019964385877189800,No,True,0.04,10.77,0.96,11.7,0.5,0.9199999999999999,fbd09afcba0353d900a3e4abeb1addcb22093643,0.01,5,,4.248,
2026-07-14T11:16:32Z,EPL,435490,epl-2026-team-of-the-season,EPL: 2026 PFA Team of the Year,2026-05-01T16:17:58.439577Z,2127683,will-erling-haaland-be-named-to-the-2026-pfa-premier-league-team-of-the-year,Will Erling Haaland be named to the 2026 PFA Premier League Team of the Year?,0x0a3ee85120cf7d2febbaba00b787db1bd1fdc7f80f8277d89675736a430e2065,"[""36505760582912364024564187063352953937975349358323597571083864672476590879653"", ""36939641234709193046881505450280116016622287455799963152747536559103079527590""]",36505760582912364024564187063352953937975349358323597571083864672476590879653|36939641234709193046881505450280116016622287455799963152747536559103079527590,36505760582912364024564187063352953937975349358323597571083864672476590879653,Yes,True,0.04,11.82,0.96,10.77,0.5,0.9199999999999999,a61771596c192469378401704a4228e0d68a928a,0.01,5,,4.116,
2026-07-14T11:16:32Z,EPL,435490,epl-2026-team-of-the-season,EPL: 2026 PFA Team of the Year,2026-05-01T16:17:58.439577Z,2127683,will-erling-haaland-be-named-to-the-2026-pfa-premier-league-team-of-the-year,Will Erling Haaland be named to the 2026 PFA Premier League Team of the Year?,0x0a3ee85120cf7d2febbaba00b787db1bd1fdc7f80f8277d89675736a430e2065,"[""36505760582912364024564187063352953937975349358323597571083864672476590879653"", ""36939641234709193046881505450280116016622287455799963152747536559103079527590""]",36505760582912364024564187063352953937975349358323597571083864672476590879653|36939641234709193046881505450280116016622287455799963152747536559103079527590,36939641234709193046881505450280116016622287455799963152747536559103079527590,No,True,0.04,10.77,0.96,11.82,0.5,0.9199999999999999,c0f22f7e0cab500a53281172f7f28e2491194d5c,0.01,5,,4.116,
2026-07-14T11:16:32Z,EPL,435490,epl-2026-team-of-the-season,EPL: 2026 PFA Team of the Year,2026-05-01T16:17:58.439577Z,2127684,will-hugo-ekitike-be-named-to-the-2026-pfa-premier-league-team-of-the-year,Will Hugo Ekitike be named to the 2026 PFA Premier League Team of the Year?,0x3ac387fc809af29edadb0c1881ecd88319f8b4ebb5b0a89a77a84e85f4a2099c,"[""21160761171799050394335213154237360537464294007297740615880003417666696561468"", ""57509889980199562878580001207297131252053963359675973392844979135378456666743""]",21160761171799050394335213154237360537464294007297740615880003417666696561468|57509889980199562878580001207297131252053963359675973392844979135378456666743,21160761171799050394335213154237360537464294007297740615880003417666696561468,Yes,True,0.04,11.52,0.94,5.61,0.49,0.8999999999999999,d2612732004b7793a852dc69b274c8bec215a000,0.01,5,,3.9118,
2026-07-14T11:16:32Z,EPL,435490,epl-2026-team-of-the-season,EPL: 2026 PFA Team of the Year,2026-05-01T16:17:58.439577Z,2127684,will-hugo-ekitike-be-named-to-the-2026-pfa-premier-league-team-of-the-year,Will Hugo Ekitike be named to the 2026 PFA Premier League Team of the Year?,0x3ac387fc809af29edadb0c1881ecd88319f8b4ebb5b0a89a77a84e85f4a2099c,"[""21160761171799050394335213154237360537464294007297740615880003417666696561468"", ""57509889980199562878580001207297131252053963359675973392844979135378456666743""]",21160761171799050394335213154237360537464294007297740615880003417666696561468|57509889980199562878580001207297131252053963359675973392844979135378456666743,57509889980199562878580001207297131252053963359675973392844979135378456666743,No,True,0.06,5.61,0.96,11.52,0.51,0.8999999999999999,326edb0e303cafb6e6b77af51fb37a49591b9cc0,0.01,5,,3.9118,
2026-07-14T11:16:32Z,EPL,435490,epl-2026-team-of-the-season,EPL: 2026 PFA Team of the Year,2026-05-01T16:17:58.439577Z,2127685,will-igor-thiago-be-named-to-the-2026-pfa-premier-league-team-of-the-year,Will Igor Thiago be named to the 2026 PFA Premier League Team of the Year?,0x2565964258328ceff81b8dd027a9b4bfae11353bbfbb3e27625da025fffc2d97,"[""45116472354972988677943929968423217543948497597214084731838340702588569592863"", ""57509607526871690199395719807389480255858394821926865896302284337840164838738""]",45116472354972988677943929968423217543948497597214084731838340702588569592863|57509607526871690199395719807389480255858394821926865896302284337840164838738,45116472354972988677943929968423217543948497597214084731838340702588569592863,Yes,True,0.04,11.82,0.96,10.77,0.5,0.9199999999999999,eef6f3e33f9464e5701044bcefdb03f0c2317224,0.01,5,,4.1163,
2026-07-14T11:16:32Z,EPL,435490,epl-2026-team-of-the-season,EPL: 2026 PFA Team of the Year,2026-05-01T16:17:58.439577Z,2127685,will-igor-thiago-be-named-to-the-2026-pfa-premier-league-team-of-the-year,Will Igor Thiago be named to the 2026 PFA Premier League Team of the Year?,0x2565964258328ceff81b8dd027a9b4bfae11353bbfbb3e27625da025fffc2d97,"[""45116472354972988677943929968423217543948497597214084731838340702588569592863"", ""57509607526871690199395719807389480255858394821926865896302284337840164838738""]",45116472354972988677943929968423217543948497597214084731838340702588569592863|57509607526871690199395719807389480255858394821926865896302284337840164838738,57509607526871690199395719807389480255858394821926865896302284337840164838738,No,True,0.04,10.77,0.96,11.82,0.5,0.9199999999999999,cab9650b241c83e5f2371a22fc16ba5da45ac8e8,0.01,5,,4.1163,
2026-07-14T11:16:32Z,EPL,435490,epl-2026-team-of-the-season,EPL: 2026 PFA Team of the Year,2026-05-01T16:17:58.439577Z,2127686,will-joo-pedro-be-named-to-the-2026-pfa-premier-league-team-of-the-year,Will João Pedro be named to the 2026 PFA Premier League Team of the Year?,0x6fce5bfb34549a3a2c919a87ed5948038ae259334b99c7626269b54b5aec2e0e,"[""32710637391248437289327028678783582535502723443825413307615920275857755767269"", ""76494283295406840675256483217001111989666469664619203128145658200939942333539""]",32710637391248437289327028678783582535502723443825413307615920275857755767269|76494283295406840675256483217001111989666469664619203128145658200939942333539,32710637391248437289327028678783582535502723443825413307615920275857755767269,Yes,True,0.04,10.77,0.94,5.61,0.49,0.8999999999999999,2ab3a8ded2d903e0f92cc0b1e23aecd1798aea60,0.01,5,,3.8421,
2026-07-14T11:16:32Z,EPL,435490,epl-2026-team-of-the-season,EPL: 2026 PFA Team of the Year,2026-05-01T16:17:58.439577Z,2127686,will-joo-pedro-be-named-to-the-2026-pfa-premier-league-team-of-the-year,Will João Pedro be named to the 2026 PFA Premier League Team of the Year?,0x6fce5bfb34549a3a2c919a87ed5948038ae259334b99c7626269b54b5aec2e0e,"[""32710637391248437289327028678783582535502723443825413307615920275857755767269"", ""76494283295406840675256483217001111989666469664619203128145658200939942333539""]",32710637391248437289327028678783582535502723443825413307615920275857755767269|76494283295406840675256483217001111989666469664619203128145658200939942333539,76494283295406840675256483217001111989666469664619203128145658200939942333539,No,True,0.06,5.61,0.96,10.77,0.51,0.8999999999999999,14b51a95fcd4d6e47c62e35bb3422b823bcfece2,0.01,5,,3.8421,
2026-07-14T11:16:32Z,EPL,435490,epl-2026-team-of-the-season,EPL: 2026 PFA Team of the Year,2026-05-01T16:17:58.439577Z,2127687,will-morgan-rogers-be-named-to-the-2026-pfa-premier-league-team-of-the-year,Will Morgan Rogers be named to the 2026 PFA Premier League Team of the Year?,0x96b8591e61ab8153068ed93e54c013f0e6b89cea2aa4e133fdfd9dafcded9277,"[""35606525977135678474506342380680226214353069361032301286284296655225714906882"", ""21333608757853284524355908501060578820412665842300321107531640970971045399525""]",35606525977135678474506342380680226214353069361032301286284296655225714906882|21333608757853284524355908501060578820412665842300321107531640970971045399525,35606525977135678474506342380680226214353069361032301286284296655225714906882,Yes,True,0.04,10.77,0.96,10.77,0.5,0.9199999999999999,e1907950841512d636fb4993529dcf09852c4063,0.01,5,,3.9806,
2026-07-14T11:16:32Z,EPL,435490,epl-2026-team-of-the-season,EPL: 2026 PFA Team of the Year,2026-05-01T16:17:58.439577Z,2127687,will-morgan-rogers-be-named-to-the-2026-pfa-premier-league-team-of-the-year,Will Morgan Rogers be named to the 2026 PFA Premier League Team of the Year?,0x96b8591e61ab8153068ed93e54c013f0e6b89cea2aa4e133fdfd9dafcded9277,"[""35606525977135678474506342380680226214353069361032301286284296655225714906882"", ""21333608757853284524355908501060578820412665842300321107531640970971045399525""]",35606525977135678474506342380680226214353069361032301286284296655225714906882|21333608757853284524355908501060578820412665842300321107531640970971045399525,21333608757853284524355908501060578820412665842300321107531640970971045399525,No,True,0.04,10.77,0.96,10.77,0.5,0.9199999999999999,ecb170ae2bf2dedd59b9e4f398636496f58e5924,0.01,5,,3.9806,
2026-07-14T11:16:32Z,EPL,435490,epl-2026-team-of-the-season,EPL: 2026 PFA Team of the Year,2026-05-01T16:17:58.439577Z,2127688,will-antoine-semenyo-be-named-to-the-2026-pfa-premier-league-team-of-the-year,Will Antoine Semenyo be named to the 2026 PFA Premier League Team of the Year?,0x1220c8ad3de1b3e3a079e832ec53f3cd4c3f014685820c7364e6feeec413e4d8,"[""76296603541032491222249921378613877627058194760954506807014743183408941333618"", ""21304560232739094042644316740439641499393814233414419162298081903469670924441""]",76296603541032491222249921378613877627058194760954506807014743183408941333618|21304560232739094042644316740439641499393814233414419162298081903469670924441,76296603541032491222249921378613877627058194760954506807014743183408941333618,Yes,True,0.04,13.64,0.96,14.25,0.5,0.9199999999999999,d1bc670eb69a9f3f790673062b3c20eedaf05573,0.01,5,,4.4537,2.08165
2026-07-14T11:16:32Z,EPL,435490,epl-2026-team-of-the-season,EPL: 2026 PFA Team of the Year,2026-05-01T16:17:58.439577Z,2127688,will-antoine-semenyo-be-named-to-the-2026-pfa-premier-league-team-of-the-year,Will Antoine Semenyo be named to the 2026 PFA Premier League Team of the Year?,0x1220c8ad3de1b3e3a079e832ec53f3cd4c3f014685820c7364e6feeec413e4d8,"[""76296603541032491222249921378613877627058194760954506807014743183408941333618"", ""21304560232739094042644316740439641499393814233414419162298081903469670924441""]",76296603541032491222249921378613877627058194760954506807014743183408941333618|21304560232739094042644316740439641499393814233414419162298081903469670924441,21304560232739094042644316740439641499393814233414419162298081903469670924441,No,True,0.04,14.25,0.96,13.64,0.5,0.9199999999999999,0ed3a027802fa9875db2a7c0077592db211cccc3,0.01,5,,4.4537,2.08165
2026-07-14T11:16:32Z,EPL,435490,epl-2026-team-of-the-season,EPL: 2026 PFA Team of the Year,2026-05-01T16:17:58.439577Z,2127689,will-jeremy-doku-be-named-to-the-2026-pfa-premier-league-team-of-the-year,Will Jeremy Doku be named to the 2026 PFA Premier League Team of the Year?,0xa879be670c7ecf3087a8bf9fc8cf43b4e415502e71e7910dd63ac8f80a56d87b,"[""3879696626646145930128886354978365884788235204398514844964568164322230593973"", ""79551627668553765432569263846776420950508270405186694496807348421004929288226""]",3879696626646145930128886354978365884788235204398514844964568164322230593973|79551627668553765432569263846776420950508270405186694496807348421004929288226,3879696626646145930128886354978365884788235204398514844964568164322230593973,Yes,True,0.04,10.77,0.96,10.77,0.5,0.9199999999999999,aaf44961030eaff1dea5786ac1d1cbb9e0a6931a,0.01,5,,4.1802,
2026-07-14T11:16:32Z,EPL,435490,epl-2026-team-of-the-season,EPL: 2026 PFA Team of the Year,2026-05-01T16:17:58.439577Z,2127689,will-jeremy-doku-be-named-to-the-2026-pfa-premier-league-team-of-the-year,Will Jeremy Doku be named to the 2026 PFA Premier League Team of the Year?,0xa879be670c7ecf3087a8bf9fc8cf43b4e415502e71e7910dd63ac8f80a56d87b,"[""3879696626646145930128886354978365884788235204398514844964568164322230593973"", ""79551627668553765432569263846776420950508270405186694496807348421004929288226""]",3879696626646145930128886354978365884788235204398514844964568164322230593973|79551627668553765432569263846776420950508270405186694496807348421004929288226,79551627668553765432569263846776420950508270405186694496807348421004929288226,No,True,0.04,10.77,0.96,10.77,0.5,0.9199999999999999,3052266b1fa57fb6e58e859cafa0336517b14692,0.01,5,,4.1802,
2026-07-14T11:16:32Z,EPL,435490,epl-2026-team-of-the-season,EPL: 2026 PFA Team of the Year,2026-05-01T16:17:58.439577Z,2127690,will-bryan-mbeumo-be-named-to-the-2026-pfa-premier-league-team-of-the-year,Will Bryan Mbeumo be named to the 2026 PFA Premier League Team of the Year?,0xbc5c1fe3e7dd57070ca528cd85b158334b7aa9ee0c87b22c861586f82f115f53,"[""91785058119765698978951103847186849259631214663163177270696303972172010570357"", ""57423228513700841810717133678013622282899538997222385821885417665448518434118""]",91785058119765698978951103847186849259631214663163177270696303972172010570357|57423228513700841810717133678013622282899538997222385821885417665448518434118,91785058119765698978951103847186849259631214663163177270696303972172010570357,Yes,True,0.04,11.82,0.94,5.61,0.49,0.8999999999999999,43f2503de7a9b0cb398174080ce12b598cd137ae,0.01,5,,3.9669,
2026-07-14T11:16:32Z,EPL,435490,epl-2026-team-of-the-season,EPL: 2026 PFA Team of the Year,2026-05-01T16:17:58.439577Z,2127690,will-bryan-mbeumo-be-named-to-the-2026-pfa-premier-league-team-of-the-year,Will Bryan Mbeumo be named to the 2026 PFA Premier League Team of the Year?,0xbc5c1fe3e7dd57070ca528cd85b158334b7aa9ee0c87b22c861586f82f115f53,"[""91785058119765698978951103847186849259631214663163177270696303972172010570357"", ""57423228513700841810717133678013622282899538997222385821885417665448518434118""]",91785058119765698978951103847186849259631214663163177270696303972172010570357|57423228513700841810717133678013622282899538997222385821885417665448518434118,57423228513700841810717133678013622282899538997222385821885417665448518434118,No,True,0.06,5.61,0.96,11.82,0.51,0.8999999999999999,5880398ac264c6574409d936318f4dcf18ae2205,0.01,5,,3.9669,
2026-07-14T11:16:32Z,EPL,435490,epl-2026-team-of-the-season,EPL: 2026 PFA Team of the Year,2026-05-01T16:17:58.439577Z,2127691,will-jarrod-bowen-be-named-to-the-2026-pfa-premier-league-team-of-the-year,Will Jarrod Bowen be named to the 2026 PFA Premier League Team of the Year?,0x7352d3b05ddd64c22487c855e05c0485348e49d0dad74d9bde2c0478db43701e,"[""72676667720459668200165137999841534576126998576490942457742996617745849748718"", ""93972487936526721423770075279455909737407561133246099106446256232697159064557""]",72676667720459668200165137999841534576126998576490942457742996617745849748718|93972487936526721423770075279455909737407561133246099106446256232697159064557,72676667720459668200165137999841534576126998576490942457742996617745849748718,Yes,True,0.04,11.82,0.94,5.61,0.49,0.8999999999999999,3366305049454f2d9425eca5ce04f1d6d005df0f,0.01,5,,3.967,
2026-07-14T11:16:32Z,EPL,435490,epl-2026-team-of-the-season,EPL: 2026 PFA Team of the Year,2026-05-01T16:17:58.439577Z,2127691,will-jarrod-bowen-be-named-to-the-2026-pfa-premier-league-team-of-the-year,Will Jarrod Bowen be named to the 2026 PFA Premier League Team of the Year?,0x7352d3b05ddd64c22487c855e05c0485348e49d0dad74d9bde2c0478db43701e,"[""72676667720459668200165137999841534576126998576490942457742996617745849748718"", ""93972487936526721423770075279455909737407561133246099106446256232697159064557""]",72676667720459668200165137999841534576126998576490942457742996617745849748718|93972487936526721423770075279455909737407561133246099106446256232697159064557,93972487936526721423770075279455909737407561133246099106446256232697159064557,No,True,0.06,5.61,0.96,11.82,0.51,0.8999999999999999,46313e35de747eb38b74c2d863bdaa06627a5fb7,0.01,5,,3.967,
2026-07-14T11:16:32Z,EPL,435490,epl-2026-team-of-the-season,EPL: 2026 PFA Team of the Year,2026-05-01T16:17:58.439577Z,2127692,will-phil-foden-be-named-to-the-2026-pfa-premier-league-team-of-the-year,Will Phil Foden be named to the 2026 PFA Premier League Team of the Year?,0x0f4085f5c4961b9029c600d4f976d0594a302e9f365552b48f500b655f2ac4fa,"[""8033894410953638407847681522327346336043237396295679948351222439635117761656"", ""89182645560093896409280692775338915223534298743660692930735700909064064285484""]",8033894410953638407847681522327346336043237396295679948351222439635117761656|89182645560093896409280692775338915223534298743660692930735700909064064285484,8033894410953638407847681522327346336043237396295679948351222439635117761656,Yes,True,0.04,11.7,0.94,5.61,0.49,0.8999999999999999,46b96dfed7f78e7e34e75f1b436c802575fc77b2,0.01,5,,3.9118,
2026-07-14T11:16:32Z,EPL,435490,epl-2026-team-of-the-season,EPL: 2026 PFA Team of the Year,2026-05-01T16:17:58.439577Z,2127692,will-phil-foden-be-named-to-the-2026-pfa-premier-league-team-of-the-year,Will Phil Foden be named to the 2026 PFA Premier League Team of the Year?,0x0f4085f5c4961b9029c600d4f976d0594a302e9f365552b48f500b655f2ac4fa,"[""8033894410953638407847681522327346336043237396295679948351222439635117761656"", ""89182645560093896409280692775338915223534298743660692930735700909064064285484""]",8033894410953638407847681522327346336043237396295679948351222439635117761656|89182645560093896409280692775338915223534298743660692930735700909064064285484,89182645560093896409280692775338915223534298743660692930735700909064064285484,No,True,0.06,5.61,0.96,11.7,0.51,0.8999999999999999,b9d57d6b69decca4ec45aa637cfa37483f1fc341,0.01,5,,3.9118,
2026-07-14T11:16:32Z,EPL,435490,epl-2026-team-of-the-season,EPL: 2026 PFA Team of the Year,2026-05-01T16:17:58.439577Z,2127693,will-bukayo-saka-be-named-to-the-2026-pfa-premier-league-team-of-the-year,Will Bukayo Saka be named to the 2026 PFA Premier League Team of the Year?,0xb31d5274c8acbc2b023593c03fe1cb6367f42a9596ebb5d61b3204457b980730,"[""3899512605908669133631802955015968710467998848723391934123440957914049621850"", ""50079801685037680014087676599806731271595381000363699907442053815397821742247""]",3899512605908669133631802955015968710467998848723391934123440957914049621850|50079801685037680014087676599806731271595381000363699907442053815397821742247,3899512605908669133631802955015968710467998848723391934123440957914049621850,Yes,True,0.05,9.46,0.96,11.7,0.505,0.9099999999999999,74440e9df40b16cedcc820ebf800e9b2150dbe61,0.01,5,,4.7695,5.434775
2026-07-14T11:16:32Z,EPL,435490,epl-2026-team-of-the-season,EPL: 2026 PFA Team of the Year,2026-05-01T16:17:58.439577Z,2127693,will-bukayo-saka-be-named-to-the-2026-pfa-premier-league-team-of-the-year,Will Bukayo Saka be named to the 2026 PFA Premier League Team of the Year?,0xb31d5274c8acbc2b023593c03fe1cb6367f42a9596ebb5d61b3204457b980730,"[""3899512605908669133631802955015968710467998848723391934123440957914049621850"", ""50079801685037680014087676599806731271595381000363699907442053815397821742247""]",3899512605908669133631802955015968710467998848723391934123440957914049621850|50079801685037680014087676599806731271595381000363699907442053815397821742247,50079801685037680014087676599806731271595381000363699907442053815397821742247,No,True,0.04,11.7,0.95,9.46,0.495,0.9099999999999999,63df2c85194e5c6bd80954d548d6b21b75df5f89,0.01,5,,4.7695,5.434775
2026-07-14T12:45:29Z,EPL,333084,epl-team-to-qualify-for-uefa-conference-league,EPL: Team to qualify for UEFA Conference League,2026-04-01T17:27:13.650134Z,1818367,will-arsenal-qualify-for-the-league-phase-of-the-2026-27-uefa-conference-league,Will Arsenal qualify for the League Phase of the 2026-27 UEFA Conference League?,0xe303639e6e879ac5dac9632362583523a2c1ff1ac46645f45fd5c1e7034b3ef7,"[""68901380712839851395966644282518000143877097473327410904576810621084636054002"", ""14101352633367703776049560107649243928150035657062243340231594815518398887879""]",68901380712839851395966644282518000143877097473327410904576810621084636054002|14101352633367703776049560107649243928150035657062243340231594815518398887879,68901380712839851395966644282518000143877097473327410904576810621084636054002,Yes,False,,,,,,,,,,,,467.35890000000006
2026-07-14T12:45:29Z,EPL,333084,epl-team-to-qualify-for-uefa-conference-league,EPL: Team to qualify for UEFA Conference League,2026-04-01T17:27:13.650134Z,1818367,will-arsenal-qualify-for-the-league-phase-of-the-2026-27-uefa-conference-league,Will Arsenal qualify for the League Phase of the 2026-27 UEFA Conference League?,0xe303639e6e879ac5dac9632362583523a2c1ff1ac46645f45fd5c1e7034b3ef7,"[""68901380712839851395966644282518000143877097473327410904576810621084636054002"", ""14101352633367703776049560107649243928150035657062243340231594815518398887879""]",68901380712839851395966644282518000143877097473327410904576810621084636054002|14101352633367703776049560107649243928150035657062243340231594815518398887879,14101352633367703776049560107649243928150035657062243340231594815518398887879,No,False,,,,,,,,,,,,467.35890000000006
2026-07-14T12:45:29Z,EPL,333084,epl-team-to-qualify-for-uefa-conference-league,EPL: Team to qualify for UEFA Conference League,2026-04-01T17:27:13.650134Z,1818368,will-aston-villa-qualify-for-the-league-phase-of-the-2026-27-uefa-conference-league,Will Aston Villa qualify for the League Phase of the 2026-27 UEFA Conference League?,0x28177c964d8b9d218ddc13dac289b4d63545aec7329fb69b12413e1a10a75457,"[""31823132354185101528875214330987706903655516243832510690074648671327601851551"", ""24610182176230826024523430019874907375950075107195029433984156474474467506756""]",31823132354185101528875214330987706903655516243832510690074648671327601851551|24610182176230826024523430019874907375950075107195029433984156474474467506756,31823132354185101528875214330987706903655516243832510690074648671327601851551,Yes,False,,,,,,,,,,,,118.34
2026-07-14T12:45:29Z,EPL,333084,epl-team-to-qualify-for-uefa-conference-league,EPL: Team to qualify for UEFA Conference League,2026-04-01T17:27:13.650134Z,1818368,will-aston-villa-qualify-for-the-league-phase-of-the-2026-27-uefa-conference-league,Will Aston Villa qualify for the League Phase of the 2026-27 UEFA Conference League?,0x28177c964d8b9d218ddc13dac289b4d63545aec7329fb69b12413e1a10a75457,"[""31823132354185101528875214330987706903655516243832510690074648671327601851551"", ""24610182176230826024523430019874907375950075107195029433984156474474467506756""]",31823132354185101528875214330987706903655516243832510690074648671327601851551|24610182176230826024523430019874907375950075107195029433984156474474467506756,24610182176230826024523430019874907375950075107195029433984156474474467506756,No,False,,,,,,,,,,,,118.34
2026-07-14T12:45:29Z,EPL,333084,epl-team-to-qualify-for-uefa-conference-league,EPL: Team to qualify for UEFA Conference League,2026-04-01T17:27:13.650134Z,1818369,will-bournemouth-qualify-for-the-league-phase-of-the-2026-27-uefa-conference-league,Will Bournemouth qualify for the League Phase of the 2026-27 UEFA Conference League?,0x767a11689ea743287c46af43309a57c52055b201a44546f1151ebe770848a4c2,"[""51037068800800327301977700578792391802166844203670527997794112211084782282749"", ""49880512765242008305101129568216821495775216606287544487246019230820484318812""]",51037068800800327301977700578792391802166844203670527997794112211084782282749|49880512765242008305101129568216821495775216606287544487246019230820484318812,51037068800800327301977700578792391802166844203670527997794112211084782282749,Yes,False,,,,,,,,,,,,104.230768
2026-07-14T12:45:29Z,EPL,333084,epl-team-to-qualify-for-uefa-conference-league,EPL: Team to qualify for UEFA Conference League,2026-04-01T17:27:13.650134Z,1818369,will-bournemouth-qualify-for-the-league-phase-of-the-2026-27-uefa-conference-league,Will Bournemouth qualify for the League Phase of the 2026-27 UEFA Conference League?,0x767a11689ea743287c46af43309a57c52055b201a44546f1151ebe770848a4c2,"[""51037068800800327301977700578792391802166844203670527997794112211084782282749"", ""49880512765242008305101129568216821495775216606287544487246019230820484318812""]",51037068800800327301977700578792391802166844203670527997794112211084782282749|49880512765242008305101129568216821495775216606287544487246019230820484318812,49880512765242008305101129568216821495775216606287544487246019230820484318812,No,False,,,,,,,,,,,,104.230768
2026-07-14T12:45:29Z,EPL,333084,epl-team-to-qualify-for-uefa-conference-league,EPL: Team to qualify for UEFA Conference League,2026-04-01T17:27:13.650134Z,1818370,will-brentford-qualify-for-the-league-phase-of-the-2026-27-uefa-conference-league,Will Brentford qualify for the League Phase of the 2026-27 UEFA Conference League?,0x0389abffb5ab63bd6aa4c5a51d9d3aa9448f20cd4ce3aa635fefd2f2349c3a31,"[""28387783984422789854592851598345905688234938653031916751801472369971729754741"", ""114832188258694701659066568174555689813627221405189198849646410747085620840644""]",28387783984422789854592851598345905688234938653031916751801472369971729754741|114832188258694701659066568174555689813627221405189198849646410747085620840644,28387783984422789854592851598345905688234938653031916751801472369971729754741,Yes,False,,,,,,,,,,,,65
2026-07-14T12:45:29Z,EPL,333084,epl-team-to-qualify-for-uefa-conference-league,EPL: Team to qualify for UEFA Conference League,2026-04-01T17:27:13.650134Z,1818370,will-brentford-qualify-for-the-league-phase-of-the-2026-27-uefa-conference-league,Will Brentford qualify for the League Phase of the 2026-27 UEFA Conference League?,0x0389abffb5ab63bd6aa4c5a51d9d3aa9448f20cd4ce3aa635fefd2f2349c3a31,"[""28387783984422789854592851598345905688234938653031916751801472369971729754741"", ""114832188258694701659066568174555689813627221405189198849646410747085620840644""]",28387783984422789854592851598345905688234938653031916751801472369971729754741|114832188258694701659066568174555689813627221405189198849646410747085620840644,114832188258694701659066568174555689813627221405189198849646410747085620840644,No,False,,,,,,,,,,,,65
2026-07-14T12:45:29Z,EPL,333084,epl-team-to-qualify-for-uefa-conference-league,EPL: Team to qualify for UEFA Conference League,2026-04-01T17:27:13.650134Z,1818371,will-brighton-hove-albion-qualify-for-the-league-phase-of-the-2026-27-uefa-conference-league,Will Brighton & Hove Albion qualify for the League Phase of the 2026-27 UEFA Conference League?,0x4e11ad07550e879b771bb74aa2ac543182c0b555f4fd86aaa8c9818d64b91f25,"[""91139930726622392742704198140499166850579482457098783277042371092513674941494"", ""75555949500072945185762043512718261040129266196955015758692797567174442576587""]",91139930726622392742704198140499166850579482457098783277042371092513674941494|75555949500072945185762043512718261040129266196955015758692797567174442576587,91139930726622392742704198140499166850579482457098783277042371092513674941494,Yes,True,0.95,5.1,0.979,73.6,0.9644999999999999,0.029000000000000026,c64c4fb125474c8a5be18de07bc07a0b0f5141ee,0.001,5,,170.77933,751.4608939999999
2026-07-14T12:45:29Z,EPL,333084,epl-team-to-qualify-for-uefa-conference-league,EPL: Team to qualify for UEFA Conference League,2026-04-01T17:27:13.650134Z,1818371,will-brighton-hove-albion-qualify-for-the-league-phase-of-the-2026-27-uefa-conference-league,Will Brighton & Hove Albion qualify for the League Phase of the 2026-27 UEFA Conference League?,0x4e11ad07550e879b771bb74aa2ac543182c0b555f4fd86aaa8c9818d64b91f25,"[""91139930726622392742704198140499166850579482457098783277042371092513674941494"", ""75555949500072945185762043512718261040129266196955015758692797567174442576587""]",91139930726622392742704198140499166850579482457098783277042371092513674941494|75555949500072945185762043512718261040129266196955015758692797567174442576587,75555949500072945185762043512718261040129266196955015758692797567174442576587,No,True,0.021,73.6,0.05,5.1,0.035500000000000004,0.029,d142dcc240b189cf260949c1a6eba8a10f19744b,0.001,5,,170.77933,751.4608939999999
2026-07-14T12:45:29Z,EPL,333084,epl-team-to-qualify-for-uefa-conference-league,EPL: Team to qualify for UEFA Conference League,2026-04-01T17:27:13.650134Z,1818372,will-chelsea-qualify-for-the-league-phase-of-the-2026-27-uefa-conference-league,Will Chelsea qualify for the League Phase of the 2026-27 UEFA Conference League?,0xa0a419e4b455bbeb1ac06050bf572bbf636c70dc688f201eda6beb257e0ecccf,"[""24304404136401853611354679156736471836167449603878002382670170418575244748347"", ""34932573794344542041315686660932662303391519134203250572504686994553601884919""]",24304404136401853611354679156736471836167449603878002382670170418575244748347|34932573794344542041315686660932662303391519134203250572504686994553601884919,24304404136401853611354679156736471836167449603878002382670170418575244748347,Yes,False,,,,,,,,,,,,193.140308
2026-07-14T12:45:29Z,EPL,333084,epl-team-to-qualify-for-uefa-conference-league,EPL: Team to qualify for UEFA Conference League,2026-04-01T17:27:13.650134Z,1818372,will-chelsea-qualify-for-the-league-phase-of-the-2026-27-uefa-conference-league,Will Chelsea qualify for the League Phase of the 2026-27 UEFA Conference League?,0xa0a419e4b455bbeb1ac06050bf572bbf636c70dc688f201eda6beb257e0ecccf,"[""24304404136401853611354679156736471836167449603878002382670170418575244748347"", ""34932573794344542041315686660932662303391519134203250572504686994553601884919""]",24304404136401853611354679156736471836167449603878002382670170418575244748347|34932573794344542041315686660932662303391519134203250572504686994553601884919,34932573794344542041315686660932662303391519134203250572504686994553601884919,No,False,,,,,,,,,,,,193.140308
2026-07-14T12:45:29Z,EPL,333084,epl-team-to-qualify-for-uefa-conference-league,EPL: Team to qualify for UEFA Conference League,2026-04-01T17:27:13.650134Z,1818373,will-crystal-palace-qualify-for-the-league-phase-of-the-2026-27-uefa-conference-league,Will Crystal Palace qualify for the League Phase of the 2026-27 UEFA Conference League?,0x7fcff1b74a273c0e48b01dafa03fd994fc6d6a80faf2f401808a1f7c906231e2,"[""83595360800340582836220415327748792858014632655765677024450652227649872829217"", ""8722778550304158158775908112102831721712668882628498669387415627760731221547""]",83595360800340582836220415327748792858014632655765677024450652227649872829217|8722778550304158158775908112102831721712668882628498669387415627760731221547,83595360800340582836220415327748792858014632655765677024450652227649872829217,Yes,False,,,,,,,,,,,,55.10415
2026-07-14T12:45:29Z,EPL,333084,epl-team-to-qualify-for-uefa-conference-league,EPL: Team to qualify for UEFA Conference League,2026-04-01T17:27:13.650134Z,1818373,will-crystal-palace-qualify-for-the-league-phase-of-the-2026-27-uefa-conference-league,Will Crystal Palace qualify for the League Phase of the 2026-27 UEFA Conference League?,0x7fcff1b74a273c0e48b01dafa03fd994fc6d6a80faf2f401808a1f7c906231e2,"[""83595360800340582836220415327748792858014632655765677024450652227649872829217"", ""8722778550304158158775908112102831721712668882628498669387415627760731221547""]",83595360800340582836220415327748792858014632655765677024450652227649872829217|8722778550304158158775908112102831721712668882628498669387415627760731221547,8722778550304158158775908112102831721712668882628498669387415627760731221547,No,False,,,,,,,,,,,,55.10415
2026-07-14T12:45:29Z,EPL,333084,epl-team-to-qualify-for-uefa-conference-league,EPL: Team to qualify for UEFA Conference League,2026-04-01T17:27:13.650134Z,1818374,will-everton-qualify-for-the-league-phase-of-the-2026-27-uefa-conference-league,Will Everton qualify for the League Phase of the 2026-27 UEFA Conference League?,0xc2d06ea1b36aa2af374778802062278b37c0681e80b8b30d440eea8c89c69efa,"[""4166923647964243798214643118596450748550925708271797356837126450441673128307"", ""38675784671269789218225363889508272390729885225646140690421495748338190385226""]",4166923647964243798214643118596450748550925708271797356837126450441673128307|38675784671269789218225363889508272390729885225646140690421495748338190385226,4166923647964243798214643118596450748550925708271797356837126450441673128307,Yes,False,,,,,,,,,,,,481.81
2026-07-14T12:45:29Z,EPL,333084,epl-team-to-qualify-for-uefa-conference-league,EPL: Team to qualify for UEFA Conference League,2026-04-01T17:27:13.650134Z,1818374,will-everton-qualify-for-the-league-phase-of-the-2026-27-uefa-conference-league,Will Everton qualify for the League Phase of the 2026-27 UEFA Conference League?,0xc2d06ea1b36aa2af374778802062278b37c0681e80b8b30d440eea8c89c69efa,"[""4166923647964243798214643118596450748550925708271797356837126450441673128307"", ""38675784671269789218225363889508272390729885225646140690421495748338190385226""]",4166923647964243798214643118596450748550925708271797356837126450441673128307|38675784671269789218225363889508272390729885225646140690421495748338190385226,38675784671269789218225363889508272390729885225646140690421495748338190385226,No,False,,,,,,,,,,,,481.81
2026-07-14T12:45:29Z,EPL,333084,epl-team-to-qualify-for-uefa-conference-league,EPL: Team to qualify for UEFA Conference League,2026-04-01T17:27:13.650134Z,1818375,will-fulham-qualify-for-the-league-phase-of-the-2026-27-uefa-conference-league,Will Fulham qualify for the League Phase of the 2026-27 UEFA Conference League?,0xa9c80d9e6d42b63441eb65788fa6715dd14e46e84e92ab0af524aa71de00e9fe,"[""58173349290615436261874750189700214187364770220706840363443501392029514828013"", ""68870830613563352664780739176635792396465611522859759407689581346809698393825""]",58173349290615436261874750189700214187364770220706840363443501392029514828013|68870830613563352664780739176635792396465611522859759407689581346809698393825,58173349290615436261874750189700214187364770220706840363443501392029514828013,Yes,False,,,,,,,,,,,,529.6700000000001
2026-07-14T12:45:29Z,EPL,333084,epl-team-to-qualify-for-uefa-conference-league,EPL: Team to qualify for UEFA Conference League,2026-04-01T17:27:13.650134Z,1818375,will-fulham-qualify-for-the-league-phase-of-the-2026-27-uefa-conference-league,Will Fulham qualify for the League Phase of the 2026-27 UEFA Conference League?,0xa9c80d9e6d42b63441eb65788fa6715dd14e46e84e92ab0af524aa71de00e9fe,"[""58173349290615436261874750189700214187364770220706840363443501392029514828013"", ""68870830613563352664780739176635792396465611522859759407689581346809698393825""]",58173349290615436261874750189700214187364770220706840363443501392029514828013|68870830613563352664780739176635792396465611522859759407689581346809698393825,68870830613563352664780739176635792396465611522859759407689581346809698393825,No,False,,,,,,,,,,,,529.6700000000001
2026-07-14T12:45:29Z,EPL,333084,epl-team-to-qualify-for-uefa-conference-league,EPL: Team to qualify for UEFA Conference League,2026-04-01T17:27:13.650134Z,1818376,will-ipswich-town-qualify-for-the-league-phase-of-the-2026-27-uefa-conference-league,Will Ipswich Town qualify for the League Phase of the 2026-27 UEFA Conference League?,0xfd1fd6c7c9106ccdc0a48fb64385b352808d5f6a4eb0157cb37b834002772000,"[""34575040317828011543308948862359294748447343494151397521995978862299718496252"", ""32703218917373905712439402416747473136357574974365039086658033726899781984701""]",34575040317828011543308948862359294748447343494151397521995978862299718496252|32703218917373905712439402416747473136357574974365039086658033726899781984701,34575040317828011543308948862359294748447343494151397521995978862299718496252,Yes,False,,,,,,,,,,,,185.7979
2026-07-14T12:45:29Z,EPL,333084,epl-team-to-qualify-for-uefa-conference-league,EPL: Team to qualify for UEFA Conference League,2026-04-01T17:27:13.650134Z,1818376,will-ipswich-town-qualify-for-the-league-phase-of-the-2026-27-uefa-conference-league,Will Ipswich Town qualify for the League Phase of the 2026-27 UEFA Conference League?,0xfd1fd6c7c9106ccdc0a48fb64385b352808d5f6a4eb0157cb37b834002772000,"[""34575040317828011543308948862359294748447343494151397521995978862299718496252"", ""32703218917373905712439402416747473136357574974365039086658033726899781984701""]",34575040317828011543308948862359294748447343494151397521995978862299718496252|32703218917373905712439402416747473136357574974365039086658033726899781984701,32703218917373905712439402416747473136357574974365039086658033726899781984701,No,False,,,,,,,,,,,,185.7979
2026-07-14T12:45:29Z,EPL,333084,epl-team-to-qualify-for-uefa-conference-league,EPL: Team to qualify for UEFA Conference League,2026-04-01T17:27:13.650134Z,1818377,will-leicester-city-qualify-for-the-league-phase-of-the-2026-27-uefa-conference-league,Will Leicester City qualify for the League Phase of the 2026-27 UEFA Conference League?,0x7f23bad03e49e8691193b374466a982f76952cc0658302268f2122380250f91d,"[""36855782576831156580765175743466253787995589729798761982205435744452738857165"", ""63267615403020851545105138792098005654530731396339683005908577788229989628684""]",36855782576831156580765175743466253787995589729798761982205435744452738857165|63267615403020851545105138792098005654530731396339683005908577788229989628684,36855782576831156580765175743466253787995589729798761982205435744452738857165,Yes,False,,,,,,,,,,,,185.5555
2026-07-14T12:45:29Z,EPL,333084,epl-team-to-qualify-for-uefa-conference-league,EPL: Team to qualify for UEFA Conference League,2026-04-01T17:27:13.650134Z,1818377,will-leicester-city-qualify-for-the-league-phase-of-the-2026-27-uefa-conference-league,Will Leicester City qualify for the League Phase of the 2026-27 UEFA Conference League?,0x7f23bad03e49e8691193b374466a982f76952cc0658302268f2122380250f91d,"[""36855782576831156580765175743466253787995589729798761982205435744452738857165"", ""63267615403020851545105138792098005654530731396339683005908577788229989628684""]",36855782576831156580765175743466253787995589729798761982205435744452738857165|63267615403020851545105138792098005654530731396339683005908577788229989628684,63267615403020851545105138792098005654530731396339683005908577788229989628684,No,False,,,,,,,,,,,,185.5555
2026-07-14T12:45:29Z,EPL,333084,epl-team-to-qualify-for-uefa-conference-league,EPL: Team to qualify for UEFA Conference League,2026-04-01T17:27:13.650134Z,1818378,will-liverpool-qualify-for-the-league-phase-of-the-2026-27-uefa-conference-league,Will Liverpool qualify for the League Phase of the 2026-27 UEFA Conference League?,0x0f39d177f78abd438be984b36f264c13de879b346ae40bfea0ababc108b83f64,"[""65988948624774144931622911564364302133312968519504468408474435267221324233196"", ""115130602602129428285461614417924472558165741430309539659330809798396288056300""]",65988948624774144931622911564364302133312968519504468408474435267221324233196|115130602602129428285461614417924472558165741430309539659330809798396288056300,65988948624774144931622911564364302133312968519504468408474435267221324233196,Yes,False,,,,,,,,,,,0,175.5
2026-07-14T12:45:29Z,EPL,333084,epl-team-to-qualify-for-uefa-conference-league,EPL: Team to qualify for UEFA Conference League,2026-04-01T17:27:13.650134Z,1818378,will-liverpool-qualify-for-the-league-phase-of-the-2026-27-uefa-conference-league,Will Liverpool qualify for the League Phase of the 2026-27 UEFA Conference League?,0x0f39d177f78abd438be984b36f264c13de879b346ae40bfea0ababc108b83f64,"[""65988948624774144931622911564364302133312968519504468408474435267221324233196"", ""115130602602129428285461614417924472558165741430309539659330809798396288056300""]",65988948624774144931622911564364302133312968519504468408474435267221324233196|115130602602129428285461614417924472558165741430309539659330809798396288056300,115130602602129428285461614417924472558165741430309539659330809798396288056300,No,False,,,,,,,,,,,0,175.5
2026-07-14T12:45:29Z,EPL,333084,epl-team-to-qualify-for-uefa-conference-league,EPL: Team to qualify for UEFA Conference League,2026-04-01T17:27:13.650134Z,1818379,will-manchester-city-qualify-for-the-league-phase-of-the-2026-27-uefa-conference-league,Will Manchester City qualify for the League Phase of the 2026-27 UEFA Conference League?,0x9f502be87b77866442714675eeb0ceec67b36469dab587b15862716b95a22a65,"[""81955707153623233000480445669873960416969320182377332341762765419704043622092"", ""63903621190034107756618838956749324043719317201688365281214818158837560760762""]",81955707153623233000480445669873960416969320182377332341762765419704043622092|63903621190034107756618838956749324043719317201688365281214818158837560760762,81955707153623233000480445669873960416969320182377332341762765419704043622092,Yes,False,,,,,,,,,,,,239.96210000000002
2026-07-14T12:45:29Z,EPL,333084,epl-team-to-qualify-for-uefa-conference-league,EPL: Team to qualify for UEFA Conference League,2026-04-01T17:27:13.650134Z,1818379,will-manchester-city-qualify-for-the-league-phase-of-the-2026-27-uefa-conference-league,Will Manchester City qualify for the League Phase of the 2026-27 UEFA Conference League?,0x9f502be87b77866442714675eeb0ceec67b36469dab587b15862716b95a22a65,"[""81955707153623233000480445669873960416969320182377332341762765419704043622092"", ""63903621190034107756618838956749324043719317201688365281214818158837560760762""]",81955707153623233000480445669873960416969320182377332341762765419704043622092|63903621190034107756618838956749324043719317201688365281214818158837560760762,63903621190034107756618838956749324043719317201688365281214818158837560760762,No,False,,,,,,,,,,,,239.96210000000002
2026-07-14T12:45:29Z,EPL,333084,epl-team-to-qualify-for-uefa-conference-league,EPL: Team to qualify for UEFA Conference League,2026-04-01T17:27:13.650134Z,1818380,will-manchester-united-qualify-for-the-league-phase-of-the-2026-27-uefa-conference-league,Will Manchester United qualify for the League Phase of the 2026-27 UEFA Conference League?,0x10faa15e034abb4d8b58e96fa9cceaeba84182d8d26061672b3090ef60c474c7,"[""14537963265850539015090671292913129800573442530565687433985001158662408488535"", ""24584985274241329793529868323709359334793457968867512216477798918303927163120""]",14537963265850539015090671292913129800573442530565687433985001158662408488535|24584985274241329793529868323709359334793457968867512216477798918303927163120,14537963265850539015090671292913129800573442530565687433985001158662408488535,Yes,False,,,,,,,,,,,,654.06
2026-07-14T12:45:29Z,EPL,333084,epl-team-to-qualify-for-uefa-conference-league,EPL: Team to qualify for UEFA Conference League,2026-04-01T17:27:13.650134Z,1818380,will-manchester-united-qualify-for-the-league-phase-of-the-2026-27-uefa-conference-league,Will Manchester United qualify for the League Phase of the 2026-27 UEFA Conference League?,0x10faa15e034abb4d8b58e96fa9cceaeba84182d8d26061672b3090ef60c474c7,"[""14537963265850539015090671292913129800573442530565687433985001158662408488535"", ""24584985274241329793529868323709359334793457968867512216477798918303927163120""]",14537963265850539015090671292913129800573442530565687433985001158662408488535|24584985274241329793529868323709359334793457968867512216477798918303927163120,24584985274241329793529868323709359334793457968867512216477798918303927163120,No,False,,,,,,,,,,,,654.06
2026-07-14T12:45:29Z,EPL,333084,epl-team-to-qualify-for-uefa-conference-league,EPL: Team to qualify for UEFA Conference League,2026-04-01T17:27:13.650134Z,1818381,will-newcastle-united-qualify-for-the-league-phase-of-the-2026-27-uefa-conference-league,Will Newcastle United qualify for the League Phase of the 2026-27 UEFA Conference League?,0xb0716d2b36fd90dd54c600a9e7647616490002987e3eb1ecb3d10ead4d62d33c,"[""59224980280942325666569394558997382798882386438436610001858371645471216555919"", ""79970515927998557660930530711963196679174481368659736459630565505379849389257""]",59224980280942325666569394558997382798882386438436610001858371645471216555919|79970515927998557660930530711963196679174481368659736459630565505379849389257,59224980280942325666569394558997382798882386438436610001858371645471216555919,Yes,False,,,,,,,,,,,,411.9
2026-07-14T12:45:29Z,EPL,333084,epl-team-to-qualify-for-uefa-conference-league,EPL: Team to qualify for UEFA Conference League,2026-04-01T17:27:13.650134Z,1818381,will-newcastle-united-qualify-for-the-league-phase-of-the-2026-27-uefa-conference-league,Will Newcastle United qualify for the League Phase of the 2026-27 UEFA Conference League?,0xb0716d2b36fd90dd54c600a9e7647616490002987e3eb1ecb3d10ead4d62d33c,"[""59224980280942325666569394558997382798882386438436610001858371645471216555919"", ""79970515927998557660930530711963196679174481368659736459630565505379849389257""]",59224980280942325666569394558997382798882386438436610001858371645471216555919|79970515927998557660930530711963196679174481368659736459630565505379849389257,79970515927998557660930530711963196679174481368659736459630565505379849389257,No,False,,,,,,,,,,,,411.9
2026-07-14T12:45:29Z,EPL,333084,epl-team-to-qualify-for-uefa-conference-league,EPL: Team to qualify for UEFA Conference League,2026-04-01T17:27:13.650134Z,1818382,will-nottingham-forest-qualify-for-the-league-phase-of-the-2026-27-uefa-conference-league,Will Nottingham Forest qualify for the League Phase of the 2026-27 UEFA Conference League?,0xe911ed8e88ee4d94cb587ed6128a6c15596d9338a4d90b78b9ea20b0578fc156,"[""19481881546917834293067497074329377518935142669934498853237227966392229142245"", ""57602898067754327037427882833634701750997153547931685588132390215919583981742""]",19481881546917834293067497074329377518935142669934498853237227966392229142245|57602898067754327037427882833634701750997153547931685588132390215919583981742,19481881546917834293067497074329377518935142669934498853237227966392229142245,Yes,False,,,,,,,,,,,,407.7161
2026-07-14T12:45:29Z,EPL,333084,epl-team-to-qualify-for-uefa-conference-league,EPL: Team to qualify for UEFA Conference League,2026-04-01T17:27:13.650134Z,1818382,will-nottingham-forest-qualify-for-the-league-phase-of-the-2026-27-uefa-conference-league,Will Nottingham Forest qualify for the League Phase of the 2026-27 UEFA Conference League?,0xe911ed8e88ee4d94cb587ed6128a6c15596d9338a4d90b78b9ea20b0578fc156,"[""19481881546917834293067497074329377518935142669934498853237227966392229142245"", ""57602898067754327037427882833634701750997153547931685588132390215919583981742""]",19481881546917834293067497074329377518935142669934498853237227966392229142245|57602898067754327037427882833634701750997153547931685588132390215919583981742,57602898067754327037427882833634701750997153547931685588132390215919583981742,No,False,,,,,,,,,,,,407.7161
2026-07-14T12:45:29Z,EPL,333084,epl-team-to-qualify-for-uefa-conference-league,EPL: Team to qualify for UEFA Conference League,2026-04-01T17:27:13.650134Z,1818383,will-southampton-qualify-for-the-league-phase-of-the-2026-27-uefa-conference-league,Will Southampton qualify for the League Phase of the 2026-27 UEFA Conference League?,0x7ca2adbbd88851add0e546dd78574d7e79fc00c76e8c490e5692bf8023c11e75,"[""26877828097379119176280047098274709531228788895296330595994436624390898867911"", ""115748130349087715420332870666315257990045222809843222754054247382701059943674""]",26877828097379119176280047098274709531228788895296330595994436624390898867911|115748130349087715420332870666315257990045222809843222754054247382701059943674,26877828097379119176280047098274709531228788895296330595994436624390898867911,Yes,False,,,,,,,,,,,0,617.6899999999999
2026-07-14T12:45:29Z,EPL,333084,epl-team-to-qualify-for-uefa-conference-league,EPL: Team to qualify for UEFA Conference League,2026-04-01T17:27:13.650134Z,1818383,will-southampton-qualify-for-the-league-phase-of-the-2026-27-uefa-conference-league,Will Southampton qualify for the League Phase of the 2026-27 UEFA Conference League?,0x7ca2adbbd88851add0e546dd78574d7e79fc00c76e8c490e5692bf8023c11e75,"[""26877828097379119176280047098274709531228788895296330595994436624390898867911"", ""115748130349087715420332870666315257990045222809843222754054247382701059943674""]",26877828097379119176280047098274709531228788895296330595994436624390898867911|115748130349087715420332870666315257990045222809843222754054247382701059943674,115748130349087715420332870666315257990045222809843222754054247382701059943674,No,False,,,,,,,,,,,0,617.6899999999999
2026-07-14T12:45:29Z,EPL,333084,epl-team-to-qualify-for-uefa-conference-league,EPL: Team to qualify for UEFA Conference League,2026-04-01T17:27:13.650134Z,1818384,will-tottenham-hotspur-qualify-for-the-league-phase-of-the-2026-27-uefa-conference-league,Will Tottenham Hotspur qualify for the League Phase of the 2026-27 UEFA Conference League?,0xe98b7da9a346eb2aced5b9300c7a53e4d7c147741b546f005de0b3c0d89e0ae1,"[""16165000919596414242427788888124743916698715129044155178467657105167009019476"", ""114828181514576721851254739097127564151815507804110569853443476924908844910766""]",16165000919596414242427788888124743916698715129044155178467657105167009019476|114828181514576721851254739097127564151815507804110569853443476924908844910766,16165000919596414242427788888124743916698715129044155178467657105167009019476,Yes,False,,,,,,,,,,,,1126.7675
2026-07-14T12:45:29Z,EPL,333084,epl-team-to-qualify-for-uefa-conference-league,EPL: Team to qualify for UEFA Conference League,2026-04-01T17:27:13.650134Z,1818384,will-tottenham-hotspur-qualify-for-the-league-phase-of-the-2026-27-uefa-conference-league,Will Tottenham Hotspur qualify for the League Phase of the 2026-27 UEFA Conference League?,0xe98b7da9a346eb2aced5b9300c7a53e4d7c147741b546f005de0b3c0d89e0ae1,"[""16165000919596414242427788888124743916698715129044155178467657105167009019476"", ""114828181514576721851254739097127564151815507804110569853443476924908844910766""]",16165000919596414242427788888124743916698715129044155178467657105167009019476|114828181514576721851254739097127564151815507804110569853443476924908844910766,114828181514576721851254739097127564151815507804110569853443476924908844910766,No,False,,,,,,,,,,,,1126.7675
2026-07-14T12:45:29Z,EPL,333084,epl-team-to-qualify-for-uefa-conference-league,EPL: Team to qualify for UEFA Conference League,2026-04-01T17:27:13.650134Z,1818385,will-west-ham-united-qualify-for-the-league-phase-of-the-2026-27-uefa-conference-league,Will West Ham United qualify for the League Phase of the 2026-27 UEFA Conference League?,0xbc79053a1f7691b55171b4a210da33b3c3fba449c9df4fd954856635f8da0e8e,"[""54894379652853834326297942957419603346481276275403414881816173756537774757640"", ""33108900391203812803918822219418560079370282336069888352885661677363224124116""]",54894379652853834326297942957419603346481276275403414881816173756537774757640|33108900391203812803918822219418560079370282336069888352885661677363224124116,54894379652853834326297942957419603346481276275403414881816173756537774757640,Yes,False,,,,,,,,,,,,207.137
2026-07-14T12:45:29Z,EPL,333084,epl-team-to-qualify-for-uefa-conference-league,EPL: Team to qualify for UEFA Conference League,2026-04-01T17:27:13.650134Z,1818385,will-west-ham-united-qualify-for-the-league-phase-of-the-2026-27-uefa-conference-league,Will West Ham United qualify for the League Phase of the 2026-27 UEFA Conference League?,0xbc79053a1f7691b55171b4a210da33b3c3fba449c9df4fd954856635f8da0e8e,"[""54894379652853834326297942957419603346481276275403414881816173756537774757640"", ""33108900391203812803918822219418560079370282336069888352885661677363224124116""]",54894379652853834326297942957419603346481276275403414881816173756537774757640|33108900391203812803918822219418560079370282336069888352885661677363224124116,33108900391203812803918822219418560079370282336069888352885661677363224124116,No,False,,,,,,,,,,,,207.137
2026-07-14T12:45:29Z,EPL,333084,epl-team-to-qualify-for-uefa-conference-league,EPL: Team to qualify for UEFA Conference League,2026-04-01T17:27:13.650134Z,1818386,will-wolverhampton-wanderers-qualify-for-the-league-phase-of-the-2026-27-uefa-conference-league,Will Wolverhampton Wanderers qualify for the League Phase of the 2026-27 UEFA Conference League?,0x612a47d48e42fc85f4b3099edd0779c399e7393325bae5ef494fbec0b518be97,"[""39645891629689350247020865542579082583944711546641819664090458601825821008952"", ""27752113810792547257158395279414992925826179248970504390132410269490063597360""]",39645891629689350247020865542579082583944711546641819664090458601825821008952|27752113810792547257158395279414992925826179248970504390132410269490063597360,39645891629689350247020865542579082583944711546641819664090458601825821008952,Yes,False,,,,,,,,,,,,216.45
2026-07-14T12:45:29Z,EPL,333084,epl-team-to-qualify-for-uefa-conference-league,EPL: Team to qualify for UEFA Conference League,2026-04-01T17:27:13.650134Z,1818386,will-wolverhampton-wanderers-qualify-for-the-league-phase-of-the-2026-27-uefa-conference-league,Will Wolverhampton Wanderers qualify for the League Phase of the 2026-27 UEFA Conference League?,0x612a47d48e42fc85f4b3099edd0779c399e7393325bae5ef494fbec0b518be97,"[""39645891629689350247020865542579082583944711546641819664090458601825821008952"", ""27752113810792547257158395279414992925826179248970504390132410269490063597360""]",39645891629689350247020865542579082583944711546641819664090458601825821008952|27752113810792547257158395279414992925826179248970504390132410269490063597360,27752113810792547257158395279414992925826179248970504390132410269490063597360,No,False,,,,,,,,,,,,216.45
2026-07-14T12:45:29Z,EPL,435490,epl-2026-team-of-the-season,EPL: 2026 PFA Team of the Year,2026-05-01T16:17:58.439577Z,2127663,will-david-raya-be-named-to-the-2026-pfa-premier-league-team-of-the-year,Will David Raya be named to the 2026 PFA Premier League Team of the Year?,0x50561f0ac9fb48ce9b1dc8f78f84dea5e43d9d30bd507eb93fa57b11a996ffeb,"[""3488261232009523381576281256634840719226792569353110860105294590188599877555"", ""33896607823388600558222421347266613674976673770405419631622989961143438148884""]",3488261232009523381576281256634840719226792569353110860105294590188599877555|33896607823388600558222421347266613674976673770405419631622989961143438148884,3488261232009523381576281256634840719226792569353110860105294590188599877555,Yes,True,0.06,5.61,0.96,11.82,0.51,0.8999999999999999,405b516dc10c0206f38789f3daa41864936d48f8,0.01,5,,3.967,
2026-07-14T12:45:29Z,EPL,435490,epl-2026-team-of-the-season,EPL: 2026 PFA Team of the Year,2026-05-01T16:17:58.439577Z,2127663,will-david-raya-be-named-to-the-2026-pfa-premier-league-team-of-the-year,Will David Raya be named to the 2026 PFA Premier League Team of the Year?,0x50561f0ac9fb48ce9b1dc8f78f84dea5e43d9d30bd507eb93fa57b11a996ffeb,"[""3488261232009523381576281256634840719226792569353110860105294590188599877555"", ""33896607823388600558222421347266613674976673770405419631622989961143438148884""]",3488261232009523381576281256634840719226792569353110860105294590188599877555|33896607823388600558222421347266613674976673770405419631622989961143438148884,33896607823388600558222421347266613674976673770405419631622989961143438148884,No,True,0.04,11.82,0.94,5.61,0.49,0.8999999999999999,1fb7a91c21fd2d8b859631cd508731a287f9965b,0.01,5,,3.967,
2026-07-14T12:45:29Z,EPL,435490,epl-2026-team-of-the-season,EPL: 2026 PFA Team of the Year,2026-05-01T16:17:58.439577Z,2127664,will-jordan-pickford-be-named-to-the-2026-pfa-premier-league-team-of-the-year,Will Jordan Pickford be named to the 2026 PFA Premier League Team of the Year?,0x206d3cf11b86b16708f160e1e5223e75f4f0b126fbfecb52300077792e4a978f,"[""69002409170326112222673578355907486486435514190626080376764720483535336436602"", ""29764786967669041151836718379664776749611256940389381248189333088896507813340""]",69002409170326112222673578355907486486435514190626080376764720483535336436602|29764786967669041151836718379664776749611256940389381248189333088896507813340,69002409170326112222673578355907486486435514190626080376764720483535336436602,Yes,True,0.04,11.82,0.94,5.61,0.49,0.8999999999999999,da4ad634678131ae93e2cb52539717e65148f589,0.01,5,,3.967,
2026-07-14T12:45:29Z,EPL,435490,epl-2026-team-of-the-season,EPL: 2026 PFA Team of the Year,2026-05-01T16:17:58.439577Z,2127664,will-jordan-pickford-be-named-to-the-2026-pfa-premier-league-team-of-the-year,Will Jordan Pickford be named to the 2026 PFA Premier League Team of the Year?,0x206d3cf11b86b16708f160e1e5223e75f4f0b126fbfecb52300077792e4a978f,"[""69002409170326112222673578355907486486435514190626080376764720483535336436602"", ""29764786967669041151836718379664776749611256940389381248189333088896507813340""]",69002409170326112222673578355907486486435514190626080376764720483535336436602|29764786967669041151836718379664776749611256940389381248189333088896507813340,29764786967669041151836718379664776749611256940389381248189333088896507813340,No,True,0.06,5.61,0.96,11.82,0.51,0.8999999999999999,76b6b71cd4ef20c508d9f66cd6a71743a61e8682,0.01,5,,3.967,
2026-07-14T12:45:29Z,EPL,435490,epl-2026-team-of-the-season,EPL: 2026 PFA Team of the Year,2026-05-01T16:17:58.439577Z,2127665,will-dean-henderson-be-named-to-the-2026-pfa-premier-league-team-of-the-year,Will Dean Henderson be named to the 2026 PFA Premier League Team of the Year?,0x67ebb7796df1324b1b084b0aaa59e3379513583ac93e3c8e968935e7dbb1f535,"[""77730449116026385251216021681478758817188404733132958155748625297475510396335"", ""86484569427189395298179892127162282618369840953731094949208918944830421003973""]",77730449116026385251216021681478758817188404733132958155748625297475510396335|86484569427189395298179892127162282618369840953731094949208918944830421003973,77730449116026385251216021681478758817188404733132958155748625297475510396335,Yes,True,0.04,11.82,0.94,5.61,0.49,0.8999999999999999,933c653e3ee3231ad9067340f26f9ac764d2f14b,0.01,5,,3.9118,
2026-07-14T12:45:29Z,EPL,435490,epl-2026-team-of-the-season,EPL: 2026 PFA Team of the Year,2026-05-01T16:17:58.439577Z,2127665,will-dean-henderson-be-named-to-the-2026-pfa-premier-league-team-of-the-year,Will Dean Henderson be named to the 2026 PFA Premier League Team of the Year?,0x67ebb7796df1324b1b084b0aaa59e3379513583ac93e3c8e968935e7dbb1f535,"[""77730449116026385251216021681478758817188404733132958155748625297475510396335"", ""86484569427189395298179892127162282618369840953731094949208918944830421003973""]",77730449116026385251216021681478758817188404733132958155748625297475510396335|86484569427189395298179892127162282618369840953731094949208918944830421003973,86484569427189395298179892127162282618369840953731094949208918944830421003973,No,True,0.06,5.61,0.96,11.82,0.51,0.8999999999999999,6dc75eeb635b127023ce9167396ce9a0fe5c7fbf,0.01,5,,3.9118,
2026-07-14T12:45:29Z,EPL,435490,epl-2026-team-of-the-season,EPL: 2026 PFA Team of the Year,2026-05-01T16:17:58.439577Z,2127666,will-robin-roefs-be-named-to-the-2026-pfa-premier-league-team-of-the-year,Will Robin Roefs be named to the 2026 PFA Premier League Team of the Year?,0xdae0f14d1b5ea256638164c6578853226408702f44e238ca8fa692998fdc6332,"[""70182957445101902779363373709716695169810926012757858042099415085409463195888"", ""90699863564786576085723598309072905823666331748016080742800846290619606364496""]",70182957445101902779363373709716695169810926012757858042099415085409463195888|90699863564786576085723598309072905823666331748016080742800846290619606364496,70182957445101902779363373709716695169810926012757858042099415085409463195888,Yes,True,0.04,10.77,0.94,5.61,0.49,0.8999999999999999,22f0d1f2f912339e0624395a0bad9e4a6aaf3749,0.01,5,,3.7653,
2026-07-14T12:45:29Z,EPL,435490,epl-2026-team-of-the-season,EPL: 2026 PFA Team of the Year,2026-05-01T16:17:58.439577Z,2127666,will-robin-roefs-be-named-to-the-2026-pfa-premier-league-team-of-the-year,Will Robin Roefs be named to the 2026 PFA Premier League Team of the Year?,0xdae0f14d1b5ea256638164c6578853226408702f44e238ca8fa692998fdc6332,"[""70182957445101902779363373709716695169810926012757858042099415085409463195888"", ""90699863564786576085723598309072905823666331748016080742800846290619606364496""]",70182957445101902779363373709716695169810926012757858042099415085409463195888|90699863564786576085723598309072905823666331748016080742800846290619606364496,90699863564786576085723598309072905823666331748016080742800846290619606364496,No,True,0.06,5.61,0.96,10.77,0.51,0.8999999999999999,6a9ddbb993b080096bd8b9c99408e4eb2b7c2cde,0.01,5,,3.7653,
2026-07-14T12:45:29Z,EPL,435490,epl-2026-team-of-the-season,EPL: 2026 PFA Team of the Year,2026-05-01T16:17:58.439577Z,2127667,will-gianluigi-donnarumma-be-named-to-the-2026-pfa-premier-league-team-of-the-year,Will Gianluigi Donnarumma be named to the 2026 PFA Premier League Team of the Year?,0x322441734b9f23744de899e345ef48ec25e0055f8b1bfc19fe4612055a8ff2df,"[""65007673257262595676530056363240287641293306267550009290432560084643152028010"", ""97388027101380065799871752579213229783305736941572715830099055292320933629215""]",65007673257262595676530056363240287641293306267550009290432560084643152028010|97388027101380065799871752579213229783305736941572715830099055292320933629215,65007673257262595676530056363240287641293306267550009290432560084643152028010,Yes,True,0.04,11.7,0.96,11.7,0.5,0.9199999999999999,d96bf30488d4860bc884f9aa65ce4e4a954e0da6,0.01,5,,4.2519,
2026-07-14T12:45:29Z,EPL,435490,epl-2026-team-of-the-season,EPL: 2026 PFA Team of the Year,2026-05-01T16:17:58.439577Z,2127667,will-gianluigi-donnarumma-be-named-to-the-2026-pfa-premier-league-team-of-the-year,Will Gianluigi Donnarumma be named to the 2026 PFA Premier League Team of the Year?,0x322441734b9f23744de899e345ef48ec25e0055f8b1bfc19fe4612055a8ff2df,"[""65007673257262595676530056363240287641293306267550009290432560084643152028010"", ""97388027101380065799871752579213229783305736941572715830099055292320933629215""]",65007673257262595676530056363240287641293306267550009290432560084643152028010|97388027101380065799871752579213229783305736941572715830099055292320933629215,97388027101380065799871752579213229783305736941572715830099055292320933629215,No,True,0.04,11.7,0.96,11.7,0.5,0.9199999999999999,29d7edf32e842d82d066415d13b354b1b9c6a7bf,0.01,5,,4.2519,
2026-07-14T12:45:29Z,EPL,435490,epl-2026-team-of-the-season,EPL: 2026 PFA Team of the Year,2026-05-01T16:17:58.439577Z,2127668,will-jurrien-timber-be-named-to-the-2026-pfa-premier-league-team-of-the-year,Will Jurrien Timber be named to the 2026 PFA Premier League Team of the Year?,0x97ca47da99683bddec8036ce29388c2e400e7cecfea8ac4dbef54ac0791cc593,"[""58745854058166153005664210409408254918505117901359386106376082227012206838503"", ""43365583002812118163534009703280808191029196488960918105614424745527498298109""]",58745854058166153005664210409408254918505117901359386106376082227012206838503|43365583002812118163534009703280808191029196488960918105614424745527498298109,58745854058166153005664210409408254918505117901359386106376082227012206838503,Yes,True,0.04,11.98,0.96,10.77,0.5,0.9199999999999999,903921d7dfab6f7ba1a257ce2cc1e82b3b9151fd,0.01,5,,4.116,
2026-07-14T12:45:29Z,EPL,435490,epl-2026-team-of-the-season,EPL: 2026 PFA Team of the Year,2026-05-01T16:17:58.439577Z,2127668,will-jurrien-timber-be-named-to-the-2026-pfa-premier-league-team-of-the-year,Will Jurrien Timber be named to the 2026 PFA Premier League Team of the Year?,0x97ca47da99683bddec8036ce29388c2e400e7cecfea8ac4dbef54ac0791cc593,"[""58745854058166153005664210409408254918505117901359386106376082227012206838503"", ""43365583002812118163534009703280808191029196488960918105614424745527498298109""]",58745854058166153005664210409408254918505117901359386106376082227012206838503|43365583002812118163534009703280808191029196488960918105614424745527498298109,43365583002812118163534009703280808191029196488960918105614424745527498298109,No,True,0.04,10.77,0.96,11.98,0.5,0.9199999999999999,3cb0df8948cd8c5e4f4c065da2f9549ec0b93d74,0.01,5,,4.116,
2026-07-14T12:45:29Z,EPL,435490,epl-2026-team-of-the-season,EPL: 2026 PFA Team of the Year,2026-05-01T16:17:58.439577Z,2127669,will-matheus-nunes-be-named-to-the-2026-pfa-premier-league-team-of-the-year,Will Matheus Nunes be named to the 2026 PFA Premier League Team of the Year?,0x236166693870332c38cc1f290d2de8a00eafa1b78519182663a58811b1011705,"[""71852886829417081758693278389180020836881806315641141653569411011094941385487"", ""27873264127773337044236459909692649813557879461485496445916977915515730222703""]",71852886829417081758693278389180020836881806315641141653569411011094941385487|27873264127773337044236459909692649813557879461485496445916977915515730222703,71852886829417081758693278389180020836881806315641141653569411011094941385487,Yes,True,0.04,7.58,0.96,10.77,0.5,0.9199999999999999,6be63f51e79343465c68b950d6f541fb90814ad8,0.01,5,,4.7013,
2026-07-14T12:45:29Z,EPL,435490,epl-2026-team-of-the-season,EPL: 2026 PFA Team of the Year,2026-05-01T16:17:58.439577Z,2127669,will-matheus-nunes-be-named-to-the-2026-pfa-premier-league-team-of-the-year,Will Matheus Nunes be named to the 2026 PFA Premier League Team of the Year?,0x236166693870332c38cc1f290d2de8a00eafa1b78519182663a58811b1011705,"[""71852886829417081758693278389180020836881806315641141653569411011094941385487"", ""27873264127773337044236459909692649813557879461485496445916977915515730222703""]",71852886829417081758693278389180020836881806315641141653569411011094941385487|27873264127773337044236459909692649813557879461485496445916977915515730222703,27873264127773337044236459909692649813557879461485496445916977915515730222703,No,True,0.04,10.77,0.96,7.58,0.5,0.9199999999999999,9ba413d1f7335b20e050da901732f7f52b382c60,0.01,5,,4.7013,
2026-07-14T12:45:29Z,EPL,435490,epl-2026-team-of-the-season,EPL: 2026 PFA Team of the Year,2026-05-01T16:17:58.439577Z,2127670,will-gabriel-magalhes-be-named-to-the-2026-pfa-premier-league-team-of-the-year,Will Gabriel Magalhães be named to the 2026 PFA Premier League Team of the Year?,0xd3d8a97f490967ba04bcf06a1f1fa0b8e14ff08f5f0781bccb14c7eb1cf34ca6,"[""112756383879220814577105643520650901454791316512357676513193784191480344438666"", ""7697378624768914483353901406042873706810082834244678754453720343911008090965""]",112756383879220814577105643520650901454791316512357676513193784191480344438666|7697378624768914483353901406042873706810082834244678754453720343911008090965,112756383879220814577105643520650901454791316512357676513193784191480344438666,Yes,True,0.06,5.61,0.96,10.77,0.51,0.8999999999999999,a0142f67d8346e189ab8cb23a1b35c7b78396a1d,0.01,5,,3.7653,
2026-07-14T12:45:29Z,EPL,435490,epl-2026-team-of-the-season,EPL: 2026 PFA Team of the Year,2026-05-01T16:17:58.439577Z,2127670,will-gabriel-magalhes-be-named-to-the-2026-pfa-premier-league-team-of-the-year,Will Gabriel Magalhães be named to the 2026 PFA Premier League Team of the Year?,0xd3d8a97f490967ba04bcf06a1f1fa0b8e14ff08f5f0781bccb14c7eb1cf34ca6,"[""112756383879220814577105643520650901454791316512357676513193784191480344438666"", ""7697378624768914483353901406042873706810082834244678754453720343911008090965""]",112756383879220814577105643520650901454791316512357676513193784191480344438666|7697378624768914483353901406042873706810082834244678754453720343911008090965,7697378624768914483353901406042873706810082834244678754453720343911008090965,No,True,0.04,10.77,0.94,5.61,0.49,0.8999999999999999,b44b63b6466beb88bbbff038f237c4ff25fb3d69,0.01,5,,3.7653,
2026-07-14T12:45:29Z,EPL,435490,epl-2026-team-of-the-season,EPL: 2026 PFA Team of the Year,2026-05-01T16:17:58.439577Z,2127671,will-william-saliba-be-named-to-the-2026-pfa-premier-league-team-of-the-year,Will William Saliba be named to the 2026 PFA Premier League Team of the Year?,0xc344b5f7891b8617e7118aaa24bac3840a587691c1a36daa479a61de0b79bcb6,"[""47207660538745167295586664941849591121956044929877358537501900994850424263330"", ""105234782857798608331719124706582304874620432378282673665444164066431160124095""]",47207660538745167295586664941849591121956044929877358537501900994850424263330|105234782857798608331719124706582304874620432378282673665444164066431160124095,47207660538745167295586664941849591121956044929877358537501900994850424263330,Yes,True,0.04,10.77,0.96,10.77,0.5,0.9199999999999999,1487fbcb4e1d0472fcb892bef2dd250bfd8dcea5,0.01,5,,4.1822,
2026-07-14T12:45:29Z,EPL,435490,epl-2026-team-of-the-season,EPL: 2026 PFA Team of the Year,2026-05-01T16:17:58.439577Z,2127671,will-william-saliba-be-named-to-the-2026-pfa-premier-league-team-of-the-year,Will William Saliba be named to the 2026 PFA Premier League Team of the Year?,0xc344b5f7891b8617e7118aaa24bac3840a587691c1a36daa479a61de0b79bcb6,"[""47207660538745167295586664941849591121956044929877358537501900994850424263330"", ""105234782857798608331719124706582304874620432378282673665444164066431160124095""]",47207660538745167295586664941849591121956044929877358537501900994850424263330|105234782857798608331719124706582304874620432378282673665444164066431160124095,105234782857798608331719124706582304874620432378282673665444164066431160124095,No,True,0.04,10.77,0.96,10.77,0.5,0.9199999999999999,982ea572e37ec86c16a82d5ce2b2c650f94e9f5f,0.01,5,,4.1822,
2026-07-14T12:45:29Z,EPL,435490,epl-2026-team-of-the-season,EPL: 2026 PFA Team of the Year,2026-05-01T16:17:58.439577Z,2127672,will-marc-guehi-be-named-to-the-2026-pfa-premier-league-team-of-the-year,Will Marc Guehi be named to the 2026 PFA Premier League Team of the Year?,0x9a7829bcaf4bd65e903739dace6db739a8b68a396fd2c71a3d23d2a2cf2e88c5,"[""18774341203836696417330165615678664168245576790259527905518242337305438497157"", ""17833812615529939189123941305353432679112045501201563425472779980851390683424""]",18774341203836696417330165615678664168245576790259527905518242337305438497157|17833812615529939189123941305353432679112045501201563425472779980851390683424,18774341203836696417330165615678664168245576790259527905518242337305438497157,Yes,True,0.04,10.77,0.96,11.82,0.5,0.9199999999999999,5bc9ce0d2c6ca3f1baf680a52abdc9fc5f57ce2c,0.01,5,,4.1823,
2026-07-14T12:45:29Z,EPL,435490,epl-2026-team-of-the-season,EPL: 2026 PFA Team of the Year,2026-05-01T16:17:58.439577Z,2127672,will-marc-guehi-be-named-to-the-2026-pfa-premier-league-team-of-the-year,Will Marc Guehi be named to the 2026 PFA Premier League Team of the Year?,0x9a7829bcaf4bd65e903739dace6db739a8b68a396fd2c71a3d23d2a2cf2e88c5,"[""18774341203836696417330165615678664168245576790259527905518242337305438497157"", ""17833812615529939189123941305353432679112045501201563425472779980851390683424""]",18774341203836696417330165615678664168245576790259527905518242337305438497157|17833812615529939189123941305353432679112045501201563425472779980851390683424,17833812615529939189123941305353432679112045501201563425472779980851390683424,No,True,0.04,11.82,0.96,10.77,0.5,0.9199999999999999,65546e68759d403e788c1ddfec5bc5ce596dedee,0.01,5,,4.1823,
2026-07-14T12:45:29Z,EPL,435490,epl-2026-team-of-the-season,EPL: 2026 PFA Team of the Year,2026-05-01T16:17:58.439577Z,2127673,will-virgil-van-dijk-be-named-to-the-2026-pfa-premier-league-team-of-the-year,Will Virgil van Dijk be named to the 2026 PFA Premier League Team of the Year?,0x644231d6b178ebd20f0ab0b061a790f9dee4479ce96ab40686c8ade6f50a0238,"[""31721429411257768645758803262981554412084956132795321375044902571901613004887"", ""113776996666262784023568460080999498147130358875198884777079734831639187945943""]",31721429411257768645758803262981554412084956132795321375044902571901613004887|113776996666262784023568460080999498147130358875198884777079734831639187945943,31721429411257768645758803262981554412084956132795321375044902571901613004887,Yes,True,0.04,13.63,0.97,18.07,0.505,0.9299999999999999,16dab5c17309dde80d682fe70564b484a2355ea3,0.01,5,,5.3221,1.694914
2026-07-14T12:45:29Z,EPL,435490,epl-2026-team-of-the-season,EPL: 2026 PFA Team of the Year,2026-05-01T16:17:58.439577Z,2127673,will-virgil-van-dijk-be-named-to-the-2026-pfa-premier-league-team-of-the-year,Will Virgil van Dijk be named to the 2026 PFA Premier League Team of the Year?,0x644231d6b178ebd20f0ab0b061a790f9dee4479ce96ab40686c8ade6f50a0238,"[""31721429411257768645758803262981554412084956132795321375044902571901613004887"", ""113776996666262784023568460080999498147130358875198884777079734831639187945943""]",31721429411257768645758803262981554412084956132795321375044902571901613004887|113776996666262784023568460080999498147130358875198884777079734831639187945943,113776996666262784023568460080999498147130358875198884777079734831639187945943,No,True,0.03,18.07,0.96,13.63,0.495,0.9299999999999999,012e496e1276be7c5d0aa2863f311e894f057b83,0.01,5,,5.3221,1.694914
2026-07-14T12:45:29Z,EPL,435490,epl-2026-team-of-the-season,EPL: 2026 PFA Team of the Year,2026-05-01T16:17:58.439577Z,2127674,will-marc-cucurella-be-named-to-the-2026-pfa-premier-league-team-of-the-year,Will Marc Cucurella be named to the 2026 PFA Premier League Team of the Year?,0xe74cf34bab6946206532fd38cbf5a7eb4b346f7d13bffc6ae16eb3a69a4225d0,"[""59830425161161665808750586172447751894718446914006207206558327469584286337472"", ""85414521652635437338276097105191648874111759265882984452544936528659374053637""]",59830425161161665808750586172447751894718446914006207206558327469584286337472|85414521652635437338276097105191648874111759265882984452544936528659374053637,59830425161161665808750586172447751894718446914006207206558327469584286337472,Yes,True,0.04,11.82,0.96,10.77,0.5,0.9199999999999999,7f270f0eb443f5b134276819e734d30f887cd529,0.01,5,,4.12,
2026-07-14T12:45:29Z,EPL,435490,epl-2026-team-of-the-season,EPL: 2026 PFA Team of the Year,2026-05-01T16:17:58.439577Z,2127674,will-marc-cucurella-be-named-to-the-2026-pfa-premier-league-team-of-the-year,Will Marc Cucurella be named to the 2026 PFA Premier League Team of the Year?,0xe74cf34bab6946206532fd38cbf5a7eb4b346f7d13bffc6ae16eb3a69a4225d0,"[""59830425161161665808750586172447751894718446914006207206558327469584286337472"", ""85414521652635437338276097105191648874111759265882984452544936528659374053637""]",59830425161161665808750586172447751894718446914006207206558327469584286337472|85414521652635437338276097105191648874111759265882984452544936528659374053637,85414521652635437338276097105191648874111759265882984452544936528659374053637,No,True,0.04,10.77,0.96,11.82,0.5,0.9199999999999999,4ca24bdee8c2331b575485071813131be2a22855,0.01,5,,4.12,
2026-07-14T12:45:29Z,EPL,435490,epl-2026-team-of-the-season,EPL: 2026 PFA Team of the Year,2026-05-01T16:17:58.439577Z,2127675,will-piero-hincapie-be-named-to-the-2026-pfa-premier-league-team-of-the-year,Will Piero Hincapie be named to the 2026 PFA Premier League Team of the Year?,0x1d5d1e655085db69c387488aa7e661d4719bfa9c0bb392dd05652008c40b4a9a,"[""108011205392215304373394466135742493782019922749752404322686744906595861300763"", ""73789363813582664474158671396757087735667554782131752276569900280712319722369""]",108011205392215304373394466135742493782019922749752404322686744906595861300763|73789363813582664474158671396757087735667554782131752276569900280712319722369,108011205392215304373394466135742493782019922749752404322686744906595861300763,Yes,True,0.04,10.77,0.94,5.61,0.49,0.8999999999999999,3534c0d0d9d73a66c1541b9172156637bcb570ac,0.01,5,,3.8973,
2026-07-14T12:45:29Z,EPL,435490,epl-2026-team-of-the-season,EPL: 2026 PFA Team of the Year,2026-05-01T16:17:58.439577Z,2127675,will-piero-hincapie-be-named-to-the-2026-pfa-premier-league-team-of-the-year,Will Piero Hincapie be named to the 2026 PFA Premier League Team of the Year?,0x1d5d1e655085db69c387488aa7e661d4719bfa9c0bb392dd05652008c40b4a9a,"[""108011205392215304373394466135742493782019922749752404322686744906595861300763"", ""73789363813582664474158671396757087735667554782131752276569900280712319722369""]",108011205392215304373394466135742493782019922749752404322686744906595861300763|73789363813582664474158671396757087735667554782131752276569900280712319722369,73789363813582664474158671396757087735667554782131752276569900280712319722369,No,True,0.06,5.61,0.96,10.77,0.51,0.8999999999999999,788728e2097eb18674c2167a4359aba52c577565,0.01,5,,3.8973,
2026-07-14T12:45:29Z,EPL,435490,epl-2026-team-of-the-season,EPL: 2026 PFA Team of the Year,2026-05-01T16:17:58.439577Z,2127676,will-declan-rice-be-named-to-the-2026-pfa-premier-league-team-of-the-year,Will Declan Rice be named to the 2026 PFA Premier League Team of the Year?,0x898bbb37bb3e8e03480b52c31bc12b12019e84f4d4042d25622f9a9b9f1a21f2,"[""11523245240526311970979368164866348724509187066335918581337691503956313417913"", ""16544219157755328462914309364144553632877138543113142832790826044960896254419""]",11523245240526311970979368164866348724509187066335918581337691503956313417913|16544219157755328462914309364144553632877138543113142832790826044960896254419,11523245240526311970979368164866348724509187066335918581337691503956313417913,Yes,True,0.06,5.61,0.96,11.82,0.51,0.8999999999999999,32dcb2ce2b8489389b7b9054b68dec46b54ff7e1,0.01,5,,3.7168,16.114284
2026-07-14T12:45:29Z,EPL,435490,epl-2026-team-of-the-season,EPL: 2026 PFA Team of the Year,2026-05-01T16:17:58.439577Z,2127676,will-declan-rice-be-named-to-the-2026-pfa-premier-league-team-of-the-year,Will Declan Rice be named to the 2026 PFA Premier League Team of the Year?,0x898bbb37bb3e8e03480b52c31bc12b12019e84f4d4042d25622f9a9b9f1a21f2,"[""11523245240526311970979368164866348724509187066335918581337691503956313417913"", ""16544219157755328462914309364144553632877138543113142832790826044960896254419""]",11523245240526311970979368164866348724509187066335918581337691503956313417913|16544219157755328462914309364144553632877138543113142832790826044960896254419,16544219157755328462914309364144553632877138543113142832790826044960896254419,No,True,0.04,11.82,0.94,5.61,0.49,0.8999999999999999,de12abaab552ee1082075418c66226ae60d23cdf,0.01,5,,3.7168,16.114284
2026-07-14T12:45:29Z,EPL,435490,epl-2026-team-of-the-season,EPL: 2026 PFA Team of the Year,2026-05-01T16:17:58.439577Z,2127677,will-bruno-fernandes-be-named-to-the-2026-pfa-premier-league-team-of-the-year,Will Bruno Fernandes be named to the 2026 PFA Premier League Team of the Year?,0x679720492bcbff900bde0e29eb7e812c77909bccb3c32b79a3186fc1db03b854,"[""86859495495502891076141743940914617575208033060738396981338088715869715113963"", ""65620697419400192059458180949993387679798824363092322581187835468683093164088""]",86859495495502891076141743940914617575208033060738396981338088715869715113963|65620697419400192059458180949993387679798824363092322581187835468683093164088,86859495495502891076141743940914617575208033060738396981338088715869715113963,Yes,True,0.149,5.95,0.995,10.0,0.572,0.846,2d34536e42f6d5097bc9bddb78aea26f1949be55,0.001,5,,14.77337,440.10643600000003
2026-07-14T12:45:29Z,EPL,435490,epl-2026-team-of-the-season,EPL: 2026 PFA Team of the Year,2026-05-01T16:17:58.439577Z,2127677,will-bruno-fernandes-be-named-to-the-2026-pfa-premier-league-team-of-the-year,Will Bruno Fernandes be named to the 2026 PFA Premier League Team of the Year?,0x679720492bcbff900bde0e29eb7e812c77909bccb3c32b79a3186fc1db03b854,"[""86859495495502891076141743940914617575208033060738396981338088715869715113963"", ""65620697419400192059458180949993387679798824363092322581187835468683093164088""]",86859495495502891076141743940914617575208033060738396981338088715869715113963|65620697419400192059458180949993387679798824363092322581187835468683093164088,65620697419400192059458180949993387679798824363092322581187835468683093164088,No,True,0.005,10.0,0.851,5.95,0.428,0.846,dfad549cfa0d85279b1cb72e04cd756beddd2686,0.001,5,,14.77337,440.10643600000003
2026-07-14T12:45:29Z,EPL,435490,epl-2026-team-of-the-season,EPL: 2026 PFA Team of the Year,2026-05-01T16:17:58.439577Z,2127678,will-rodri-be-named-to-the-2026-pfa-premier-league-team-of-the-year,Will Rodri be named to the 2026 PFA Premier League Team of the Year?,0xf9de760ff713bdc5ebdc87ea4a88fb9423ef31bc59d2abb917df50b5b44482c1,"[""92734106880343514385310320083033583888695626897895802880610705682382451590633"", ""56976958810450515743106834354983994802402840862579527495329062688335275234740""]",92734106880343514385310320083033583888695626897895802880610705682382451590633|56976958810450515743106834354983994802402840862579527495329062688335275234740,92734106880343514385310320083033583888695626897895802880610705682382451590633,Yes,True,0.04,10.77,0.96,10.77,0.5,0.9199999999999999,aec4322f60e205dec4a7fed4197d75f3bade0434,0.01,5,,4.0466,
2026-07-14T12:45:29Z,EPL,435490,epl-2026-team-of-the-season,EPL: 2026 PFA Team of the Year,2026-05-01T16:17:58.439577Z,2127678,will-rodri-be-named-to-the-2026-pfa-premier-league-team-of-the-year,Will Rodri be named to the 2026 PFA Premier League Team of the Year?,0xf9de760ff713bdc5ebdc87ea4a88fb9423ef31bc59d2abb917df50b5b44482c1,"[""92734106880343514385310320083033583888695626897895802880610705682382451590633"", ""56976958810450515743106834354983994802402840862579527495329062688335275234740""]",92734106880343514385310320083033583888695626897895802880610705682382451590633|56976958810450515743106834354983994802402840862579527495329062688335275234740,56976958810450515743106834354983994802402840862579527495329062688335275234740,No,True,0.04,10.77,0.96,10.77,0.5,0.9199999999999999,cb69edf20d3177e1a0275692d5556e20c279d3fb,0.01,5,,4.0466,
2026-07-14T12:45:29Z,EPL,435490,epl-2026-team-of-the-season,EPL: 2026 PFA Team of the Year,2026-05-01T16:17:58.439577Z,2127679,will-rayan-cherki-be-named-to-the-2026-pfa-premier-league-team-of-the-year,Will Rayan Cherki be named to the 2026 PFA Premier League Team of the Year?,0xf1bef1d60925998b7577b014ea907965209b9045c197e79e77eb14439d7c431a,"[""44002481860388892740183335966007748831643129921411222940033401480764334836407"", ""47465498507287502475094187263593898643776563896680345103863507875745126656121""]",44002481860388892740183335966007748831643129921411222940033401480764334836407|47465498507287502475094187263593898643776563896680345103863507875745126656121,44002481860388892740183335966007748831643129921411222940033401480764334836407,Yes,True,0.04,11.82,0.96,11.7,0.5,0.9199999999999999,885e2759c5f0401c9ec552bcd18a1de58fd74544,0.01,5,,4.252,
2026-07-14T12:45:29Z,EPL,435490,epl-2026-team-of-the-season,EPL: 2026 PFA Team of the Year,2026-05-01T16:17:58.439577Z,2127679,will-rayan-cherki-be-named-to-the-2026-pfa-premier-league-team-of-the-year,Will Rayan Cherki be named to the 2026 PFA Premier League Team of the Year?,0xf1bef1d60925998b7577b014ea907965209b9045c197e79e77eb14439d7c431a,"[""44002481860388892740183335966007748831643129921411222940033401480764334836407"", ""47465498507287502475094187263593898643776563896680345103863507875745126656121""]",44002481860388892740183335966007748831643129921411222940033401480764334836407|47465498507287502475094187263593898643776563896680345103863507875745126656121,47465498507287502475094187263593898643776563896680345103863507875745126656121,No,True,0.04,11.7,0.96,11.82,0.5,0.9199999999999999,f07448cdac57b37caab5e8e71b58c0f3bb512817,0.01,5,,4.252,
2026-07-14T12:45:29Z,EPL,435490,epl-2026-team-of-the-season,EPL: 2026 PFA Team of the Year,2026-05-01T16:17:58.439577Z,2127680,will-dominik-szoboszlai-be-named-to-the-2026-pfa-premier-league-team-of-the-year,Will Dominik Szoboszlai be named to the 2026 PFA Premier League Team of the Year?,0xd5a172faaf27f951f5bc5c2d19f18367ab85e9c963e7357a8433da84e895507e,"[""10904347939559348084889283384973600207001307228767801114856379948987944051302"", ""63514807846207217791796334733580770155958510280638850911506455990693175502240""]",10904347939559348084889283384973600207001307228767801114856379948987944051302|63514807846207217791796334733580770155958510280638850911506455990693175502240,10904347939559348084889283384973600207001307228767801114856379948987944051302,Yes,True,0.04,10.77,0.96,10.77,0.5,0.9199999999999999,c602e52300590142cae822d557e15b2790533fa3,0.01,5,,4.252,
2026-07-14T12:45:29Z,EPL,435490,epl-2026-team-of-the-season,EPL: 2026 PFA Team of the Year,2026-05-01T16:17:58.439577Z,2127680,will-dominik-szoboszlai-be-named-to-the-2026-pfa-premier-league-team-of-the-year,Will Dominik Szoboszlai be named to the 2026 PFA Premier League Team of the Year?,0xd5a172faaf27f951f5bc5c2d19f18367ab85e9c963e7357a8433da84e895507e,"[""10904347939559348084889283384973600207001307228767801114856379948987944051302"", ""63514807846207217791796334733580770155958510280638850911506455990693175502240""]",10904347939559348084889283384973600207001307228767801114856379948987944051302|63514807846207217791796334733580770155958510280638850911506455990693175502240,63514807846207217791796334733580770155958510280638850911506455990693175502240,No,True,0.04,10.77,0.96,10.77,0.5,0.9199999999999999,98fd37d8d36961f99fb28a303876a4589df23286,0.01,5,,4.252,
2026-07-14T12:45:29Z,EPL,435490,epl-2026-team-of-the-season,EPL: 2026 PFA Team of the Year,2026-05-01T16:17:58.439577Z,2127681,will-moises-caicedo-be-named-to-the-2026-pfa-premier-league-team-of-the-year,Will Moises Caicedo be named to the 2026 PFA Premier League Team of the Year?,0x6a8a0e28a90c3880e21bb6de9eb98f12d5e81a8d88570a2c5b855ee60b6263ba,"[""13244409081849499988815460722411109697257731580831464114667102436005675343259"", ""41998463599395516608520033462694074004839767261466278584344671813809549672424""]",13244409081849499988815460722411109697257731580831464114667102436005675343259|41998463599395516608520033462694074004839767261466278584344671813809549672424,13244409081849499988815460722411109697257731580831464114667102436005675343259,Yes,True,0.04,11.7,0.96,11.82,0.5,0.9199999999999999,0176347f4883aa1d333090f3c757109450df06d3,0.01,5,,4.252,
2026-07-14T12:45:29Z,EPL,435490,epl-2026-team-of-the-season,EPL: 2026 PFA Team of the Year,2026-05-01T16:17:58.439577Z,2127681,will-moises-caicedo-be-named-to-the-2026-pfa-premier-league-team-of-the-year,Will Moises Caicedo be named to the 2026 PFA Premier League Team of the Year?,0x6a8a0e28a90c3880e21bb6de9eb98f12d5e81a8d88570a2c5b855ee60b6263ba,"[""13244409081849499988815460722411109697257731580831464114667102436005675343259"", ""41998463599395516608520033462694074004839767261466278584344671813809549672424""]",13244409081849499988815460722411109697257731580831464114667102436005675343259|41998463599395516608520033462694074004839767261466278584344671813809549672424,41998463599395516608520033462694074004839767261466278584344671813809549672424,No,True,0.04,11.82,0.96,11.7,0.5,0.9199999999999999,5288dfaaccfb30b50a1bef7b8b2ee3104aba5f44,0.01,5,,4.252,
2026-07-14T12:45:29Z,EPL,435490,epl-2026-team-of-the-season,EPL: 2026 PFA Team of the Year,2026-05-01T16:17:58.439577Z,2127682,will-elliot-anderson-be-named-to-the-2026-pfa-premier-league-team-of-the-year,Will Elliot Anderson be named to the 2026 PFA Premier League Team of the Year?,0x3e7b9aff81e624e4f9ef7677696f2d4fae5837bdf83bd9ed2d62ec7a87aaf7a6,"[""2770428290325312677871192984476250158140993595717599201621714256969118294243"", ""87005572382727825804817777311897399081855387101457739624425019964385877189800""]",2770428290325312677871192984476250158140993595717599201621714256969118294243|87005572382727825804817777311897399081855387101457739624425019964385877189800,2770428290325312677871192984476250158140993595717599201621714256969118294243,Yes,True,0.04,11.7,0.96,10.77,0.5,0.9199999999999999,aaa6ad6e5ab1a95204a21f6657d1a321d94a7b49,0.01,5,,4.248,
2026-07-14T12:45:29Z,EPL,435490,epl-2026-team-of-the-season,EPL: 2026 PFA Team of the Year,2026-05-01T16:17:58.439577Z,2127682,will-elliot-anderson-be-named-to-the-2026-pfa-premier-league-team-of-the-year,Will Elliot Anderson be named to the 2026 PFA Premier League Team of the Year?,0x3e7b9aff81e624e4f9ef7677696f2d4fae5837bdf83bd9ed2d62ec7a87aaf7a6,"[""2770428290325312677871192984476250158140993595717599201621714256969118294243"", ""87005572382727825804817777311897399081855387101457739624425019964385877189800""]",2770428290325312677871192984476250158140993595717599201621714256969118294243|87005572382727825804817777311897399081855387101457739624425019964385877189800,87005572382727825804817777311897399081855387101457739624425019964385877189800,No,True,0.04,10.77,0.96,11.7,0.5,0.9199999999999999,2fd10db572486873b209f240598ab3adb2dc1026,0.01,5,,4.248,
2026-07-14T12:45:29Z,EPL,435490,epl-2026-team-of-the-season,EPL: 2026 PFA Team of the Year,2026-05-01T16:17:58.439577Z,2127683,will-erling-haaland-be-named-to-the-2026-pfa-premier-league-team-of-the-year,Will Erling Haaland be named to the 2026 PFA Premier League Team of the Year?,0x0a3ee85120cf7d2febbaba00b787db1bd1fdc7f80f8277d89675736a430e2065,"[""36505760582912364024564187063352953937975349358323597571083864672476590879653"", ""36939641234709193046881505450280116016622287455799963152747536559103079527590""]",36505760582912364024564187063352953937975349358323597571083864672476590879653|36939641234709193046881505450280116016622287455799963152747536559103079527590,36505760582912364024564187063352953937975349358323597571083864672476590879653,Yes,True,0.04,11.82,0.96,10.77,0.5,0.9199999999999999,2ce858363d17f6b4fc18ec539f35181d1e9de675,0.01,5,,4.116,
2026-07-14T12:45:29Z,EPL,435490,epl-2026-team-of-the-season,EPL: 2026 PFA Team of the Year,2026-05-01T16:17:58.439577Z,2127683,will-erling-haaland-be-named-to-the-2026-pfa-premier-league-team-of-the-year,Will Erling Haaland be named to the 2026 PFA Premier League Team of the Year?,0x0a3ee85120cf7d2febbaba00b787db1bd1fdc7f80f8277d89675736a430e2065,"[""36505760582912364024564187063352953937975349358323597571083864672476590879653"", ""36939641234709193046881505450280116016622287455799963152747536559103079527590""]",36505760582912364024564187063352953937975349358323597571083864672476590879653|36939641234709193046881505450280116016622287455799963152747536559103079527590,36939641234709193046881505450280116016622287455799963152747536559103079527590,No,True,0.04,10.77,0.96,11.82,0.5,0.9199999999999999,c4ef40ba0b89a5126e268ccfa25d50d2c6270ba8,0.01,5,,4.116,
2026-07-14T12:45:29Z,EPL,435490,epl-2026-team-of-the-season,EPL: 2026 PFA Team of the Year,2026-05-01T16:17:58.439577Z,2127684,will-hugo-ekitike-be-named-to-the-2026-pfa-premier-league-team-of-the-year,Will Hugo Ekitike be named to the 2026 PFA Premier League Team of the Year?,0x3ac387fc809af29edadb0c1881ecd88319f8b4ebb5b0a89a77a84e85f4a2099c,"[""21160761171799050394335213154237360537464294007297740615880003417666696561468"", ""57509889980199562878580001207297131252053963359675973392844979135378456666743""]",21160761171799050394335213154237360537464294007297740615880003417666696561468|57509889980199562878580001207297131252053963359675973392844979135378456666743,21160761171799050394335213154237360537464294007297740615880003417666696561468,Yes,True,0.04,11.52,0.94,5.61,0.49,0.8999999999999999,e416ce43727bb4894e271b6efa29db91087a0158,0.01,5,,3.9118,
2026-07-14T12:45:29Z,EPL,435490,epl-2026-team-of-the-season,EPL: 2026 PFA Team of the Year,2026-05-01T16:17:58.439577Z,2127684,will-hugo-ekitike-be-named-to-the-2026-pfa-premier-league-team-of-the-year,Will Hugo Ekitike be named to the 2026 PFA Premier League Team of the Year?,0x3ac387fc809af29edadb0c1881ecd88319f8b4ebb5b0a89a77a84e85f4a2099c,"[""21160761171799050394335213154237360537464294007297740615880003417666696561468"", ""57509889980199562878580001207297131252053963359675973392844979135378456666743""]",21160761171799050394335213154237360537464294007297740615880003417666696561468|57509889980199562878580001207297131252053963359675973392844979135378456666743,57509889980199562878580001207297131252053963359675973392844979135378456666743,No,True,0.06,5.61,0.96,11.52,0.51,0.8999999999999999,7222b61487e2b7a7c61d23490560886a8872d711,0.01,5,,3.9118,
2026-07-14T12:45:29Z,EPL,435490,epl-2026-team-of-the-season,EPL: 2026 PFA Team of the Year,2026-05-01T16:17:58.439577Z,2127685,will-igor-thiago-be-named-to-the-2026-pfa-premier-league-team-of-the-year,Will Igor Thiago be named to the 2026 PFA Premier League Team of the Year?,0x2565964258328ceff81b8dd027a9b4bfae11353bbfbb3e27625da025fffc2d97,"[""45116472354972988677943929968423217543948497597214084731838340702588569592863"", ""57509607526871690199395719807389480255858394821926865896302284337840164838738""]",45116472354972988677943929968423217543948497597214084731838340702588569592863|57509607526871690199395719807389480255858394821926865896302284337840164838738,45116472354972988677943929968423217543948497597214084731838340702588569592863,Yes,True,0.04,11.82,0.96,10.77,0.5,0.9199999999999999,23df922e3f6899f7fadc0f129ac4ccfa28f78c6b,0.01,5,,4.1163,
2026-07-14T12:45:29Z,EPL,435490,epl-2026-team-of-the-season,EPL: 2026 PFA Team of the Year,2026-05-01T16:17:58.439577Z,2127685,will-igor-thiago-be-named-to-the-2026-pfa-premier-league-team-of-the-year,Will Igor Thiago be named to the 2026 PFA Premier League Team of the Year?,0x2565964258328ceff81b8dd027a9b4bfae11353bbfbb3e27625da025fffc2d97,"[""45116472354972988677943929968423217543948497597214084731838340702588569592863"", ""57509607526871690199395719807389480255858394821926865896302284337840164838738""]",45116472354972988677943929968423217543948497597214084731838340702588569592863|57509607526871690199395719807389480255858394821926865896302284337840164838738,57509607526871690199395719807389480255858394821926865896302284337840164838738,No,True,0.04,10.77,0.96,11.82,0.5,0.9199999999999999,268bbf19b5a276f14bd2b6380bfeedfc9632ea9f,0.01,5,,4.1163,
2026-07-14T12:45:29Z,EPL,435490,epl-2026-team-of-the-season,EPL: 2026 PFA Team of the Year,2026-05-01T16:17:58.439577Z,2127686,will-joo-pedro-be-named-to-the-2026-pfa-premier-league-team-of-the-year,Will João Pedro be named to the 2026 PFA Premier League Team of the Year?,0x6fce5bfb34549a3a2c919a87ed5948038ae259334b99c7626269b54b5aec2e0e,"[""32710637391248437289327028678783582535502723443825413307615920275857755767269"", ""76494283295406840675256483217001111989666469664619203128145658200939942333539""]",32710637391248437289327028678783582535502723443825413307615920275857755767269|76494283295406840675256483217001111989666469664619203128145658200939942333539,32710637391248437289327028678783582535502723443825413307615920275857755767269,Yes,True,0.04,10.77,0.94,5.61,0.49,0.8999999999999999,2ab3a8ded2d903e0f92cc0b1e23aecd1798aea60,0.01,5,,3.8421,
2026-07-14T12:45:29Z,EPL,435490,epl-2026-team-of-the-season,EPL: 2026 PFA Team of the Year,2026-05-01T16:17:58.439577Z,2127686,will-joo-pedro-be-named-to-the-2026-pfa-premier-league-team-of-the-year,Will João Pedro be named to the 2026 PFA Premier League Team of the Year?,0x6fce5bfb34549a3a2c919a87ed5948038ae259334b99c7626269b54b5aec2e0e,"[""32710637391248437289327028678783582535502723443825413307615920275857755767269"", ""76494283295406840675256483217001111989666469664619203128145658200939942333539""]",32710637391248437289327028678783582535502723443825413307615920275857755767269|76494283295406840675256483217001111989666469664619203128145658200939942333539,76494283295406840675256483217001111989666469664619203128145658200939942333539,No,True,0.06,5.61,0.96,10.77,0.51,0.8999999999999999,14b51a95fcd4d6e47c62e35bb3422b823bcfece2,0.01,5,,3.8421,
2026-07-14T12:45:29Z,EPL,435490,epl-2026-team-of-the-season,EPL: 2026 PFA Team of the Year,2026-05-01T16:17:58.439577Z,2127687,will-morgan-rogers-be-named-to-the-2026-pfa-premier-league-team-of-the-year,Will Morgan Rogers be named to the 2026 PFA Premier League Team of the Year?,0x96b8591e61ab8153068ed93e54c013f0e6b89cea2aa4e133fdfd9dafcded9277,"[""35606525977135678474506342380680226214353069361032301286284296655225714906882"", ""21333608757853284524355908501060578820412665842300321107531640970971045399525""]",35606525977135678474506342380680226214353069361032301286284296655225714906882|21333608757853284524355908501060578820412665842300321107531640970971045399525,35606525977135678474506342380680226214353069361032301286284296655225714906882,Yes,True,0.04,10.77,0.96,10.77,0.5,0.9199999999999999,e1907950841512d636fb4993529dcf09852c4063,0.01,5,,3.9806,
2026-07-14T12:45:29Z,EPL,435490,epl-2026-team-of-the-season,EPL: 2026 PFA Team of the Year,2026-05-01T16:17:58.439577Z,2127687,will-morgan-rogers-be-named-to-the-2026-pfa-premier-league-team-of-the-year,Will Morgan Rogers be named to the 2026 PFA Premier League Team of the Year?,0x96b8591e61ab8153068ed93e54c013f0e6b89cea2aa4e133fdfd9dafcded9277,"[""35606525977135678474506342380680226214353069361032301286284296655225714906882"", ""21333608757853284524355908501060578820412665842300321107531640970971045399525""]",35606525977135678474506342380680226214353069361032301286284296655225714906882|21333608757853284524355908501060578820412665842300321107531640970971045399525,21333608757853284524355908501060578820412665842300321107531640970971045399525,No,True,0.04,10.77,0.96,10.77,0.5,0.9199999999999999,ecb170ae2bf2dedd59b9e4f398636496f58e5924,0.01,5,,3.9806,
2026-07-14T12:45:29Z,EPL,435490,epl-2026-team-of-the-season,EPL: 2026 PFA Team of the Year,2026-05-01T16:17:58.439577Z,2127688,will-antoine-semenyo-be-named-to-the-2026-pfa-premier-league-team-of-the-year,Will Antoine Semenyo be named to the 2026 PFA Premier League Team of the Year?,0x1220c8ad3de1b3e3a079e832ec53f3cd4c3f014685820c7364e6feeec413e4d8,"[""76296603541032491222249921378613877627058194760954506807014743183408941333618"", ""21304560232739094042644316740439641499393814233414419162298081903469670924441""]",76296603541032491222249921378613877627058194760954506807014743183408941333618|21304560232739094042644316740439641499393814233414419162298081903469670924441,76296603541032491222249921378613877627058194760954506807014743183408941333618,Yes,True,0.04,13.64,0.96,24.25,0.5,0.9199999999999999,4420e6b252c6366622e8e0b1ce465b2dfe0bdf93,0.01,5,,4.0537,2.08165
2026-07-14T12:45:29Z,EPL,435490,epl-2026-team-of-the-season,EPL: 2026 PFA Team of the Year,2026-05-01T16:17:58.439577Z,2127688,will-antoine-semenyo-be-named-to-the-2026-pfa-premier-league-team-of-the-year,Will Antoine Semenyo be named to the 2026 PFA Premier League Team of the Year?,0x1220c8ad3de1b3e3a079e832ec53f3cd4c3f014685820c7364e6feeec413e4d8,"[""76296603541032491222249921378613877627058194760954506807014743183408941333618"", ""21304560232739094042644316740439641499393814233414419162298081903469670924441""]",76296603541032491222249921378613877627058194760954506807014743183408941333618|21304560232739094042644316740439641499393814233414419162298081903469670924441,21304560232739094042644316740439641499393814233414419162298081903469670924441,No,True,0.04,24.25,0.96,13.64,0.5,0.9199999999999999,981dd190a6ad43ac53148653d724b4a4f75c5ca8,0.01,5,,4.0537,2.08165
2026-07-14T12:45:29Z,EPL,435490,epl-2026-team-of-the-season,EPL: 2026 PFA Team of the Year,2026-05-01T16:17:58.439577Z,2127689,will-jeremy-doku-be-named-to-the-2026-pfa-premier-league-team-of-the-year,Will Jeremy Doku be named to the 2026 PFA Premier League Team of the Year?,0xa879be670c7ecf3087a8bf9fc8cf43b4e415502e71e7910dd63ac8f80a56d87b,"[""3879696626646145930128886354978365884788235204398514844964568164322230593973"", ""79551627668553765432569263846776420950508270405186694496807348421004929288226""]",3879696626646145930128886354978365884788235204398514844964568164322230593973|79551627668553765432569263846776420950508270405186694496807348421004929288226,3879696626646145930128886354978365884788235204398514844964568164322230593973,Yes,True,0.04,10.77,0.96,10.77,0.5,0.9199999999999999,5ecbc9b7568cd57a6bd4f1c68d6d82cc8d7f25dc,0.01,5,,4.1802,
2026-07-14T12:45:29Z,EPL,435490,epl-2026-team-of-the-season,EPL: 2026 PFA Team of the Year,2026-05-01T16:17:58.439577Z,2127689,will-jeremy-doku-be-named-to-the-2026-pfa-premier-league-team-of-the-year,Will Jeremy Doku be named to the 2026 PFA Premier League Team of the Year?,0xa879be670c7ecf3087a8bf9fc8cf43b4e415502e71e7910dd63ac8f80a56d87b,"[""3879696626646145930128886354978365884788235204398514844964568164322230593973"", ""79551627668553765432569263846776420950508270405186694496807348421004929288226""]",3879696626646145930128886354978365884788235204398514844964568164322230593973|79551627668553765432569263846776420950508270405186694496807348421004929288226,79551627668553765432569263846776420950508270405186694496807348421004929288226,No,True,0.04,10.77,0.96,10.77,0.5,0.9199999999999999,d60c91d3eff99c356797972bac4b413416e3d2b3,0.01,5,,4.1802,
2026-07-14T12:45:29Z,EPL,435490,epl-2026-team-of-the-season,EPL: 2026 PFA Team of the Year,2026-05-01T16:17:58.439577Z,2127690,will-bryan-mbeumo-be-named-to-the-2026-pfa-premier-league-team-of-the-year,Will Bryan Mbeumo be named to the 2026 PFA Premier League Team of the Year?,0xbc5c1fe3e7dd57070ca528cd85b158334b7aa9ee0c87b22c861586f82f115f53,"[""91785058119765698978951103847186849259631214663163177270696303972172010570357"", ""57423228513700841810717133678013622282899538997222385821885417665448518434118""]",91785058119765698978951103847186849259631214663163177270696303972172010570357|57423228513700841810717133678013622282899538997222385821885417665448518434118,91785058119765698978951103847186849259631214663163177270696303972172010570357,Yes,True,0.04,11.82,0.94,5.61,0.49,0.8999999999999999,2b51c74018dbc54ba4495c260acb94a6ce3dd0e5,0.01,5,,3.9669,
2026-07-14T12:45:29Z,EPL,435490,epl-2026-team-of-the-season,EPL: 2026 PFA Team of the Year,2026-05-01T16:17:58.439577Z,2127690,will-bryan-mbeumo-be-named-to-the-2026-pfa-premier-league-team-of-the-year,Will Bryan Mbeumo be named to the 2026 PFA Premier League Team of the Year?,0xbc5c1fe3e7dd57070ca528cd85b158334b7aa9ee0c87b22c861586f82f115f53,"[""91785058119765698978951103847186849259631214663163177270696303972172010570357"", ""57423228513700841810717133678013622282899538997222385821885417665448518434118""]",91785058119765698978951103847186849259631214663163177270696303972172010570357|57423228513700841810717133678013622282899538997222385821885417665448518434118,57423228513700841810717133678013622282899538997222385821885417665448518434118,No,True,0.06,5.61,0.96,11.82,0.51,0.8999999999999999,109976d6670ad967822b74ae152f6ffecb17fe66,0.01,5,,3.9669,
2026-07-14T12:45:29Z,EPL,435490,epl-2026-team-of-the-season,EPL: 2026 PFA Team of the Year,2026-05-01T16:17:58.439577Z,2127691,will-jarrod-bowen-be-named-to-the-2026-pfa-premier-league-team-of-the-year,Will Jarrod Bowen be named to the 2026 PFA Premier League Team of the Year?,0x7352d3b05ddd64c22487c855e05c0485348e49d0dad74d9bde2c0478db43701e,"[""72676667720459668200165137999841534576126998576490942457742996617745849748718"", ""93972487936526721423770075279455909737407561133246099106446256232697159064557""]",72676667720459668200165137999841534576126998576490942457742996617745849748718|93972487936526721423770075279455909737407561133246099106446256232697159064557,72676667720459668200165137999841534576126998576490942457742996617745849748718,Yes,True,0.04,11.82,0.94,5.61,0.49,0.8999999999999999,706aebb3480c088b681bc5afa5d314f3799fa59a,0.01,5,,3.967,
2026-07-14T12:45:29Z,EPL,435490,epl-2026-team-of-the-season,EPL: 2026 PFA Team of the Year,2026-05-01T16:17:58.439577Z,2127691,will-jarrod-bowen-be-named-to-the-2026-pfa-premier-league-team-of-the-year,Will Jarrod Bowen be named to the 2026 PFA Premier League Team of the Year?,0x7352d3b05ddd64c22487c855e05c0485348e49d0dad74d9bde2c0478db43701e,"[""72676667720459668200165137999841534576126998576490942457742996617745849748718"", ""93972487936526721423770075279455909737407561133246099106446256232697159064557""]",72676667720459668200165137999841534576126998576490942457742996617745849748718|93972487936526721423770075279455909737407561133246099106446256232697159064557,93972487936526721423770075279455909737407561133246099106446256232697159064557,No,True,0.06,5.61,0.96,11.82,0.51,0.8999999999999999,fca54e993479f3652f7871cda8915c1849b6462d,0.01,5,,3.967,
2026-07-14T12:45:29Z,EPL,435490,epl-2026-team-of-the-season,EPL: 2026 PFA Team of the Year,2026-05-01T16:17:58.439577Z,2127692,will-phil-foden-be-named-to-the-2026-pfa-premier-league-team-of-the-year,Will Phil Foden be named to the 2026 PFA Premier League Team of the Year?,0x0f4085f5c4961b9029c600d4f976d0594a302e9f365552b48f500b655f2ac4fa,"[""8033894410953638407847681522327346336043237396295679948351222439635117761656"", ""89182645560093896409280692775338915223534298743660692930735700909064064285484""]",8033894410953638407847681522327346336043237396295679948351222439635117761656|89182645560093896409280692775338915223534298743660692930735700909064064285484,8033894410953638407847681522327346336043237396295679948351222439635117761656,Yes,True,0.04,11.7,0.94,5.61,0.49,0.8999999999999999,a2453e038650f67aaa0506739e2409fb5819054d,0.01,5,,3.9118,
2026-07-14T12:45:29Z,EPL,435490,epl-2026-team-of-the-season,EPL: 2026 PFA Team of the Year,2026-05-01T16:17:58.439577Z,2127692,will-phil-foden-be-named-to-the-2026-pfa-premier-league-team-of-the-year,Will Phil Foden be named to the 2026 PFA Premier League Team of the Year?,0x0f4085f5c4961b9029c600d4f976d0594a302e9f365552b48f500b655f2ac4fa,"[""8033894410953638407847681522327346336043237396295679948351222439635117761656"", ""89182645560093896409280692775338915223534298743660692930735700909064064285484""]",8033894410953638407847681522327346336043237396295679948351222439635117761656|89182645560093896409280692775338915223534298743660692930735700909064064285484,89182645560093896409280692775338915223534298743660692930735700909064064285484,No,True,0.06,5.61,0.96,11.7,0.51,0.8999999999999999,83c61f86ba8abbbe3c09b023c29ce5b3b95eb43f,0.01,5,,3.9118,
2026-07-14T12:45:29Z,EPL,435490,epl-2026-team-of-the-season,EPL: 2026 PFA Team of the Year,2026-05-01T16:17:58.439577Z,2127693,will-bukayo-saka-be-named-to-the-2026-pfa-premier-league-team-of-the-year,Will Bukayo Saka be named to the 2026 PFA Premier League Team of the Year?,0xb31d5274c8acbc2b023593c03fe1cb6367f42a9596ebb5d61b3204457b980730,"[""3899512605908669133631802955015968710467998848723391934123440957914049621850"", ""50079801685037680014087676599806731271595381000363699907442053815397821742247""]",3899512605908669133631802955015968710467998848723391934123440957914049621850|50079801685037680014087676599806731271595381000363699907442053815397821742247,3899512605908669133631802955015968710467998848723391934123440957914049621850,Yes,True,0.05,8.0,0.95,8.21,0.5,0.8999999999999999,6841a3948e5ccb7d512981807f7af801ef59e431,0.01,5,,4.5859,5.434775
2026-07-14T12:45:29Z,EPL,435490,epl-2026-team-of-the-season,EPL: 2026 PFA Team of the Year,2026-05-01T16:17:58.439577Z,2127693,will-bukayo-saka-be-named-to-the-2026-pfa-premier-league-team-of-the-year,Will Bukayo Saka be named to the 2026 PFA Premier League Team of the Year?,0xb31d5274c8acbc2b023593c03fe1cb6367f42a9596ebb5d61b3204457b980730,"[""3899512605908669133631802955015968710467998848723391934123440957914049621850"", ""50079801685037680014087676599806731271595381000363699907442053815397821742247""]",3899512605908669133631802955015968710467998848723391934123440957914049621850|50079801685037680014087676599806731271595381000363699907442053815397821742247,50079801685037680014087676599806731271595381000363699907442053815397821742247,No,True,0.05,8.21,0.95,8.0,0.5,0.8999999999999999,b52f9973046370a593b4caa6cec8e2fa48dc1deb,0.01,5,,4.5859,5.434775
2026-07-14T14:35:11Z,EPL,333084,epl-team-to-qualify-for-uefa-conference-league,EPL: Team to qualify for UEFA Conference League,2026-04-01T17:27:13.650134Z,1818367,will-arsenal-qualify-for-the-league-phase-of-the-2026-27-uefa-conference-league,Will Arsenal qualify for the League Phase of the 2026-27 UEFA Conference League?,0xe303639e6e879ac5dac9632362583523a2c1ff1ac46645f45fd5c1e7034b3ef7,"[""68901380712839851395966644282518000143877097473327410904576810621084636054002"", ""14101352633367703776049560107649243928150035657062243340231594815518398887879""]",68901380712839851395966644282518000143877097473327410904576810621084636054002|14101352633367703776049560107649243928150035657062243340231594815518398887879,68901380712839851395966644282518000143877097473327410904576810621084636054002,Yes,False,,,,,,,,,,,,467.35890000000006
2026-07-14T14:35:11Z,EPL,333084,epl-team-to-qualify-for-uefa-conference-league,EPL: Team to qualify for UEFA Conference League,2026-04-01T17:27:13.650134Z,1818367,will-arsenal-qualify-for-the-league-phase-of-the-2026-27-uefa-conference-league,Will Arsenal qualify for the League Phase of the 2026-27 UEFA Conference League?,0xe303639e6e879ac5dac9632362583523a2c1ff1ac46645f45fd5c1e7034b3ef7,"[""68901380712839851395966644282518000143877097473327410904576810621084636054002"", ""14101352633367703776049560107649243928150035657062243340231594815518398887879""]",68901380712839851395966644282518000143877097473327410904576810621084636054002|14101352633367703776049560107649243928150035657062243340231594815518398887879,14101352633367703776049560107649243928150035657062243340231594815518398887879,No,False,,,,,,,,,,,,467.35890000000006
2026-07-14T14:35:11Z,EPL,333084,epl-team-to-qualify-for-uefa-conference-league,EPL: Team to qualify for UEFA Conference League,2026-04-01T17:27:13.650134Z,1818368,will-aston-villa-qualify-for-the-league-phase-of-the-2026-27-uefa-conference-league,Will Aston Villa qualify for the League Phase of the 2026-27 UEFA Conference League?,0x28177c964d8b9d218ddc13dac289b4d63545aec7329fb69b12413e1a10a75457,"[""31823132354185101528875214330987706903655516243832510690074648671327601851551"", ""24610182176230826024523430019874907375950075107195029433984156474474467506756""]",31823132354185101528875214330987706903655516243832510690074648671327601851551|24610182176230826024523430019874907375950075107195029433984156474474467506756,31823132354185101528875214330987706903655516243832510690074648671327601851551,Yes,False,,,,,,,,,,,,118.34
2026-07-14T14:35:11Z,EPL,333084,epl-team-to-qualify-for-uefa-conference-league,EPL: Team to qualify for UEFA Conference League,2026-04-01T17:27:13.650134Z,1818368,will-aston-villa-qualify-for-the-league-phase-of-the-2026-27-uefa-conference-league,Will Aston Villa qualify for the League Phase of the 2026-27 UEFA Conference League?,0x28177c964d8b9d218ddc13dac289b4d63545aec7329fb69b12413e1a10a75457,"[""31823132354185101528875214330987706903655516243832510690074648671327601851551"", ""24610182176230826024523430019874907375950075107195029433984156474474467506756""]",31823132354185101528875214330987706903655516243832510690074648671327601851551|24610182176230826024523430019874907375950075107195029433984156474474467506756,24610182176230826024523430019874907375950075107195029433984156474474467506756,No,False,,,,,,,,,,,,118.34
2026-07-14T14:35:11Z,EPL,333084,epl-team-to-qualify-for-uefa-conference-league,EPL: Team to qualify for UEFA Conference League,2026-04-01T17:27:13.650134Z,1818369,will-bournemouth-qualify-for-the-league-phase-of-the-2026-27-uefa-conference-league,Will Bournemouth qualify for the League Phase of the 2026-27 UEFA Conference League?,0x767a11689ea743287c46af43309a57c52055b201a44546f1151ebe770848a4c2,"[""51037068800800327301977700578792391802166844203670527997794112211084782282749"", ""49880512765242008305101129568216821495775216606287544487246019230820484318812""]",51037068800800327301977700578792391802166844203670527997794112211084782282749|49880512765242008305101129568216821495775216606287544487246019230820484318812,51037068800800327301977700578792391802166844203670527997794112211084782282749,Yes,False,,,,,,,,,,,,104.230768
2026-07-14T14:35:11Z,EPL,333084,epl-team-to-qualify-for-uefa-conference-league,EPL: Team to qualify for UEFA Conference League,2026-04-01T17:27:13.650134Z,1818369,will-bournemouth-qualify-for-the-league-phase-of-the-2026-27-uefa-conference-league,Will Bournemouth qualify for the League Phase of the 2026-27 UEFA Conference League?,0x767a11689ea743287c46af43309a57c52055b201a44546f1151ebe770848a4c2,"[""51037068800800327301977700578792391802166844203670527997794112211084782282749"", ""49880512765242008305101129568216821495775216606287544487246019230820484318812""]",51037068800800327301977700578792391802166844203670527997794112211084782282749|49880512765242008305101129568216821495775216606287544487246019230820484318812,49880512765242008305101129568216821495775216606287544487246019230820484318812,No,False,,,,,,,,,,,,104.230768
2026-07-14T14:35:11Z,EPL,333084,epl-team-to-qualify-for-uefa-conference-league,EPL: Team to qualify for UEFA Conference League,2026-04-01T17:27:13.650134Z,1818370,will-brentford-qualify-for-the-league-phase-of-the-2026-27-uefa-conference-league,Will Brentford qualify for the League Phase of the 2026-27 UEFA Conference League?,0x0389abffb5ab63bd6aa4c5a51d9d3aa9448f20cd4ce3aa635fefd2f2349c3a31,"[""28387783984422789854592851598345905688234938653031916751801472369971729754741"", ""114832188258694701659066568174555689813627221405189198849646410747085620840644""]",28387783984422789854592851598345905688234938653031916751801472369971729754741|114832188258694701659066568174555689813627221405189198849646410747085620840644,28387783984422789854592851598345905688234938653031916751801472369971729754741,Yes,False,,,,,,,,,,,,65
2026-07-14T14:35:11Z,EPL,333084,epl-team-to-qualify-for-uefa-conference-league,EPL: Team to qualify for UEFA Conference League,2026-04-01T17:27:13.650134Z,1818370,will-brentford-qualify-for-the-league-phase-of-the-2026-27-uefa-conference-league,Will Brentford qualify for the League Phase of the 2026-27 UEFA Conference League?,0x0389abffb5ab63bd6aa4c5a51d9d3aa9448f20cd4ce3aa635fefd2f2349c3a31,"[""28387783984422789854592851598345905688234938653031916751801472369971729754741"", ""114832188258694701659066568174555689813627221405189198849646410747085620840644""]",28387783984422789854592851598345905688234938653031916751801472369971729754741|114832188258694701659066568174555689813627221405189198849646410747085620840644,114832188258694701659066568174555689813627221405189198849646410747085620840644,No,False,,,,,,,,,,,,65
2026-07-14T14:35:11Z,EPL,333084,epl-team-to-qualify-for-uefa-conference-league,EPL: Team to qualify for UEFA Conference League,2026-04-01T17:27:13.650134Z,1818371,will-brighton-hove-albion-qualify-for-the-league-phase-of-the-2026-27-uefa-conference-league,Will Brighton & Hove Albion qualify for the League Phase of the 2026-27 UEFA Conference League?,0x4e11ad07550e879b771bb74aa2ac543182c0b555f4fd86aaa8c9818d64b91f25,"[""91139930726622392742704198140499166850579482457098783277042371092513674941494"", ""75555949500072945185762043512718261040129266196955015758692797567174442576587""]",91139930726622392742704198140499166850579482457098783277042371092513674941494|75555949500072945185762043512718261040129266196955015758692797567174442576587,91139930726622392742704198140499166850579482457098783277042371092513674941494,Yes,True,0.95,5.1,0.979,73.6,0.9644999999999999,0.029000000000000026,8612c72f54559511afafe1df295946e9c1d4dbb3,0.001,5,,170.766,751.4608939999999
2026-07-14T14:35:11Z,EPL,333084,epl-team-to-qualify-for-uefa-conference-league,EPL: Team to qualify for UEFA Conference League,2026-04-01T17:27:13.650134Z,1818371,will-brighton-hove-albion-qualify-for-the-league-phase-of-the-2026-27-uefa-conference-league,Will Brighton & Hove Albion qualify for the League Phase of the 2026-27 UEFA Conference League?,0x4e11ad07550e879b771bb74aa2ac543182c0b555f4fd86aaa8c9818d64b91f25,"[""91139930726622392742704198140499166850579482457098783277042371092513674941494"", ""75555949500072945185762043512718261040129266196955015758692797567174442576587""]",91139930726622392742704198140499166850579482457098783277042371092513674941494|75555949500072945185762043512718261040129266196955015758692797567174442576587,75555949500072945185762043512718261040129266196955015758692797567174442576587,No,True,0.021,73.6,0.05,5.1,0.035500000000000004,0.029,b7476a738e9e467427a2f08911776b5dc2672228,0.001,5,,170.766,751.4608939999999
2026-07-14T14:35:11Z,EPL,333084,epl-team-to-qualify-for-uefa-conference-league,EPL: Team to qualify for UEFA Conference League,2026-04-01T17:27:13.650134Z,1818372,will-chelsea-qualify-for-the-league-phase-of-the-2026-27-uefa-conference-league,Will Chelsea qualify for the League Phase of the 2026-27 UEFA Conference League?,0xa0a419e4b455bbeb1ac06050bf572bbf636c70dc688f201eda6beb257e0ecccf,"[""24304404136401853611354679156736471836167449603878002382670170418575244748347"", ""34932573794344542041315686660932662303391519134203250572504686994553601884919""]",24304404136401853611354679156736471836167449603878002382670170418575244748347|34932573794344542041315686660932662303391519134203250572504686994553601884919,24304404136401853611354679156736471836167449603878002382670170418575244748347,Yes,False,,,,,,,,,,,,193.140308
2026-07-14T14:35:11Z,EPL,333084,epl-team-to-qualify-for-uefa-conference-league,EPL: Team to qualify for UEFA Conference League,2026-04-01T17:27:13.650134Z,1818372,will-chelsea-qualify-for-the-league-phase-of-the-2026-27-uefa-conference-league,Will Chelsea qualify for the League Phase of the 2026-27 UEFA Conference League?,0xa0a419e4b455bbeb1ac06050bf572bbf636c70dc688f201eda6beb257e0ecccf,"[""24304404136401853611354679156736471836167449603878002382670170418575244748347"", ""34932573794344542041315686660932662303391519134203250572504686994553601884919""]",24304404136401853611354679156736471836167449603878002382670170418575244748347|34932573794344542041315686660932662303391519134203250572504686994553601884919,34932573794344542041315686660932662303391519134203250572504686994553601884919,No,False,,,,,,,,,,,,193.140308
2026-07-14T14:35:11Z,EPL,333084,epl-team-to-qualify-for-uefa-conference-league,EPL: Team to qualify for UEFA Conference League,2026-04-01T17:27:13.650134Z,1818373,will-crystal-palace-qualify-for-the-league-phase-of-the-2026-27-uefa-conference-league,Will Crystal Palace qualify for the League Phase of the 2026-27 UEFA Conference League?,0x7fcff1b74a273c0e48b01dafa03fd994fc6d6a80faf2f401808a1f7c906231e2,"[""83595360800340582836220415327748792858014632655765677024450652227649872829217"", ""8722778550304158158775908112102831721712668882628498669387415627760731221547""]",83595360800340582836220415327748792858014632655765677024450652227649872829217|8722778550304158158775908112102831721712668882628498669387415627760731221547,83595360800340582836220415327748792858014632655765677024450652227649872829217,Yes,False,,,,,,,,,,,,55.10415
2026-07-14T14:35:11Z,EPL,333084,epl-team-to-qualify-for-uefa-conference-league,EPL: Team to qualify for UEFA Conference League,2026-04-01T17:27:13.650134Z,1818373,will-crystal-palace-qualify-for-the-league-phase-of-the-2026-27-uefa-conference-league,Will Crystal Palace qualify for the League Phase of the 2026-27 UEFA Conference League?,0x7fcff1b74a273c0e48b01dafa03fd994fc6d6a80faf2f401808a1f7c906231e2,"[""83595360800340582836220415327748792858014632655765677024450652227649872829217"", ""8722778550304158158775908112102831721712668882628498669387415627760731221547""]",83595360800340582836220415327748792858014632655765677024450652227649872829217|8722778550304158158775908112102831721712668882628498669387415627760731221547,8722778550304158158775908112102831721712668882628498669387415627760731221547,No,False,,,,,,,,,,,,55.10415
2026-07-14T14:35:11Z,EPL,333084,epl-team-to-qualify-for-uefa-conference-league,EPL: Team to qualify for UEFA Conference League,2026-04-01T17:27:13.650134Z,1818374,will-everton-qualify-for-the-league-phase-of-the-2026-27-uefa-conference-league,Will Everton qualify for the League Phase of the 2026-27 UEFA Conference League?,0xc2d06ea1b36aa2af374778802062278b37c0681e80b8b30d440eea8c89c69efa,"[""4166923647964243798214643118596450748550925708271797356837126450441673128307"", ""38675784671269789218225363889508272390729885225646140690421495748338190385226""]",4166923647964243798214643118596450748550925708271797356837126450441673128307|38675784671269789218225363889508272390729885225646140690421495748338190385226,4166923647964243798214643118596450748550925708271797356837126450441673128307,Yes,False,,,,,,,,,,,,481.81
2026-07-14T14:35:11Z,EPL,333084,epl-team-to-qualify-for-uefa-conference-league,EPL: Team to qualify for UEFA Conference League,2026-04-01T17:27:13.650134Z,1818374,will-everton-qualify-for-the-league-phase-of-the-2026-27-uefa-conference-league,Will Everton qualify for the League Phase of the 2026-27 UEFA Conference League?,0xc2d06ea1b36aa2af374778802062278b37c0681e80b8b30d440eea8c89c69efa,"[""4166923647964243798214643118596450748550925708271797356837126450441673128307"", ""38675784671269789218225363889508272390729885225646140690421495748338190385226""]",4166923647964243798214643118596450748550925708271797356837126450441673128307|38675784671269789218225363889508272390729885225646140690421495748338190385226,38675784671269789218225363889508272390729885225646140690421495748338190385226,No,False,,,,,,,,,,,,481.81
2026-07-14T14:35:11Z,EPL,333084,epl-team-to-qualify-for-uefa-conference-league,EPL: Team to qualify for UEFA Conference League,2026-04-01T17:27:13.650134Z,1818375,will-fulham-qualify-for-the-league-phase-of-the-2026-27-uefa-conference-league,Will Fulham qualify for the League Phase of the 2026-27 UEFA Conference League?,0xa9c80d9e6d42b63441eb65788fa6715dd14e46e84e92ab0af524aa71de00e9fe,"[""58173349290615436261874750189700214187364770220706840363443501392029514828013"", ""68870830613563352664780739176635792396465611522859759407689581346809698393825""]",58173349290615436261874750189700214187364770220706840363443501392029514828013|68870830613563352664780739176635792396465611522859759407689581346809698393825,58173349290615436261874750189700214187364770220706840363443501392029514828013,Yes,False,,,,,,,,,,,,529.6700000000001
2026-07-14T14:35:11Z,EPL,333084,epl-team-to-qualify-for-uefa-conference-league,EPL: Team to qualify for UEFA Conference League,2026-04-01T17:27:13.650134Z,1818375,will-fulham-qualify-for-the-league-phase-of-the-2026-27-uefa-conference-league,Will Fulham qualify for the League Phase of the 2026-27 UEFA Conference League?,0xa9c80d9e6d42b63441eb65788fa6715dd14e46e84e92ab0af524aa71de00e9fe,"[""58173349290615436261874750189700214187364770220706840363443501392029514828013"", ""68870830613563352664780739176635792396465611522859759407689581346809698393825""]",58173349290615436261874750189700214187364770220706840363443501392029514828013|68870830613563352664780739176635792396465611522859759407689581346809698393825,68870830613563352664780739176635792396465611522859759407689581346809698393825,No,False,,,,,,,,,,,,529.6700000000001
2026-07-14T14:35:11Z,EPL,333084,epl-team-to-qualify-for-uefa-conference-league,EPL: Team to qualify for UEFA Conference League,2026-04-01T17:27:13.650134Z,1818376,will-ipswich-town-qualify-for-the-league-phase-of-the-2026-27-uefa-conference-league,Will Ipswich Town qualify for the League Phase of the 2026-27 UEFA Conference League?,0xfd1fd6c7c9106ccdc0a48fb64385b352808d5f6a4eb0157cb37b834002772000,"[""34575040317828011543308948862359294748447343494151397521995978862299718496252"", ""32703218917373905712439402416747473136357574974365039086658033726899781984701""]",34575040317828011543308948862359294748447343494151397521995978862299718496252|32703218917373905712439402416747473136357574974365039086658033726899781984701,34575040317828011543308948862359294748447343494151397521995978862299718496252,Yes,False,,,,,,,,,,,,185.7979
2026-07-14T14:35:11Z,EPL,333084,epl-team-to-qualify-for-uefa-conference-league,EPL: Team to qualify for UEFA Conference League,2026-04-01T17:27:13.650134Z,1818376,will-ipswich-town-qualify-for-the-league-phase-of-the-2026-27-uefa-conference-league,Will Ipswich Town qualify for the League Phase of the 2026-27 UEFA Conference League?,0xfd1fd6c7c9106ccdc0a48fb64385b352808d5f6a4eb0157cb37b834002772000,"[""34575040317828011543308948862359294748447343494151397521995978862299718496252"", ""32703218917373905712439402416747473136357574974365039086658033726899781984701""]",34575040317828011543308948862359294748447343494151397521995978862299718496252|32703218917373905712439402416747473136357574974365039086658033726899781984701,32703218917373905712439402416747473136357574974365039086658033726899781984701,No,False,,,,,,,,,,,,185.7979
2026-07-14T14:35:11Z,EPL,333084,epl-team-to-qualify-for-uefa-conference-league,EPL: Team to qualify for UEFA Conference League,2026-04-01T17:27:13.650134Z,1818377,will-leicester-city-qualify-for-the-league-phase-of-the-2026-27-uefa-conference-league,Will Leicester City qualify for the League Phase of the 2026-27 UEFA Conference League?,0x7f23bad03e49e8691193b374466a982f76952cc0658302268f2122380250f91d,"[""36855782576831156580765175743466253787995589729798761982205435744452738857165"", ""63267615403020851545105138792098005654530731396339683005908577788229989628684""]",36855782576831156580765175743466253787995589729798761982205435744452738857165|63267615403020851545105138792098005654530731396339683005908577788229989628684,36855782576831156580765175743466253787995589729798761982205435744452738857165,Yes,False,,,,,,,,,,,,185.5555
2026-07-14T14:35:11Z,EPL,333084,epl-team-to-qualify-for-uefa-conference-league,EPL: Team to qualify for UEFA Conference League,2026-04-01T17:27:13.650134Z,1818377,will-leicester-city-qualify-for-the-league-phase-of-the-2026-27-uefa-conference-league,Will Leicester City qualify for the League Phase of the 2026-27 UEFA Conference League?,0x7f23bad03e49e8691193b374466a982f76952cc0658302268f2122380250f91d,"[""36855782576831156580765175743466253787995589729798761982205435744452738857165"", ""63267615403020851545105138792098005654530731396339683005908577788229989628684""]",36855782576831156580765175743466253787995589729798761982205435744452738857165|63267615403020851545105138792098005654530731396339683005908577788229989628684,63267615403020851545105138792098005654530731396339683005908577788229989628684,No,False,,,,,,,,,,,,185.5555
2026-07-14T14:35:11Z,EPL,333084,epl-team-to-qualify-for-uefa-conference-league,EPL: Team to qualify for UEFA Conference League,2026-04-01T17:27:13.650134Z,1818378,will-liverpool-qualify-for-the-league-phase-of-the-2026-27-uefa-conference-league,Will Liverpool qualify for the League Phase of the 2026-27 UEFA Conference League?,0x0f39d177f78abd438be984b36f264c13de879b346ae40bfea0ababc108b83f64,"[""65988948624774144931622911564364302133312968519504468408474435267221324233196"", ""115130602602129428285461614417924472558165741430309539659330809798396288056300""]",65988948624774144931622911564364302133312968519504468408474435267221324233196|115130602602129428285461614417924472558165741430309539659330809798396288056300,65988948624774144931622911564364302133312968519504468408474435267221324233196,Yes,False,,,,,,,,,,,0,175.5
2026-07-14T14:35:11Z,EPL,333084,epl-team-to-qualify-for-uefa-conference-league,EPL: Team to qualify for UEFA Conference League,2026-04-01T17:27:13.650134Z,1818378,will-liverpool-qualify-for-the-league-phase-of-the-2026-27-uefa-conference-league,Will Liverpool qualify for the League Phase of the 2026-27 UEFA Conference League?,0x0f39d177f78abd438be984b36f264c13de879b346ae40bfea0ababc108b83f64,"[""65988948624774144931622911564364302133312968519504468408474435267221324233196"", ""115130602602129428285461614417924472558165741430309539659330809798396288056300""]",65988948624774144931622911564364302133312968519504468408474435267221324233196|115130602602129428285461614417924472558165741430309539659330809798396288056300,115130602602129428285461614417924472558165741430309539659330809798396288056300,No,False,,,,,,,,,,,0,175.5
2026-07-14T14:35:11Z,EPL,333084,epl-team-to-qualify-for-uefa-conference-league,EPL: Team to qualify for UEFA Conference League,2026-04-01T17:27:13.650134Z,1818379,will-manchester-city-qualify-for-the-league-phase-of-the-2026-27-uefa-conference-league,Will Manchester City qualify for the League Phase of the 2026-27 UEFA Conference League?,0x9f502be87b77866442714675eeb0ceec67b36469dab587b15862716b95a22a65,"[""81955707153623233000480445669873960416969320182377332341762765419704043622092"", ""63903621190034107756618838956749324043719317201688365281214818158837560760762""]",81955707153623233000480445669873960416969320182377332341762765419704043622092|63903621190034107756618838956749324043719317201688365281214818158837560760762,81955707153623233000480445669873960416969320182377332341762765419704043622092,Yes,False,,,,,,,,,,,,239.96210000000002
2026-07-14T14:35:11Z,EPL,333084,epl-team-to-qualify-for-uefa-conference-league,EPL: Team to qualify for UEFA Conference League,2026-04-01T17:27:13.650134Z,1818379,will-manchester-city-qualify-for-the-league-phase-of-the-2026-27-uefa-conference-league,Will Manchester City qualify for the League Phase of the 2026-27 UEFA Conference League?,0x9f502be87b77866442714675eeb0ceec67b36469dab587b15862716b95a22a65,"[""81955707153623233000480445669873960416969320182377332341762765419704043622092"", ""63903621190034107756618838956749324043719317201688365281214818158837560760762""]",81955707153623233000480445669873960416969320182377332341762765419704043622092|63903621190034107756618838956749324043719317201688365281214818158837560760762,63903621190034107756618838956749324043719317201688365281214818158837560760762,No,False,,,,,,,,,,,,239.96210000000002
2026-07-14T14:35:11Z,EPL,333084,epl-team-to-qualify-for-uefa-conference-league,EPL: Team to qualify for UEFA Conference League,2026-04-01T17:27:13.650134Z,1818380,will-manchester-united-qualify-for-the-league-phase-of-the-2026-27-uefa-conference-league,Will Manchester United qualify for the League Phase of the 2026-27 UEFA Conference League?,0x10faa15e034abb4d8b58e96fa9cceaeba84182d8d26061672b3090ef60c474c7,"[""14537963265850539015090671292913129800573442530565687433985001158662408488535"", ""24584985274241329793529868323709359334793457968867512216477798918303927163120""]",14537963265850539015090671292913129800573442530565687433985001158662408488535|24584985274241329793529868323709359334793457968867512216477798918303927163120,14537963265850539015090671292913129800573442530565687433985001158662408488535,Yes,False,,,,,,,,,,,,654.06
2026-07-14T14:35:11Z,EPL,333084,epl-team-to-qualify-for-uefa-conference-league,EPL: Team to qualify for UEFA Conference League,2026-04-01T17:27:13.650134Z,1818380,will-manchester-united-qualify-for-the-league-phase-of-the-2026-27-uefa-conference-league,Will Manchester United qualify for the League Phase of the 2026-27 UEFA Conference League?,0x10faa15e034abb4d8b58e96fa9cceaeba84182d8d26061672b3090ef60c474c7,"[""14537963265850539015090671292913129800573442530565687433985001158662408488535"", ""24584985274241329793529868323709359334793457968867512216477798918303927163120""]",14537963265850539015090671292913129800573442530565687433985001158662408488535|24584985274241329793529868323709359334793457968867512216477798918303927163120,24584985274241329793529868323709359334793457968867512216477798918303927163120,No,False,,,,,,,,,,,,654.06
2026-07-14T14:35:11Z,EPL,333084,epl-team-to-qualify-for-uefa-conference-league,EPL: Team to qualify for UEFA Conference League,2026-04-01T17:27:13.650134Z,1818381,will-newcastle-united-qualify-for-the-league-phase-of-the-2026-27-uefa-conference-league,Will Newcastle United qualify for the League Phase of the 2026-27 UEFA Conference League?,0xb0716d2b36fd90dd54c600a9e7647616490002987e3eb1ecb3d10ead4d62d33c,"[""59224980280942325666569394558997382798882386438436610001858371645471216555919"", ""79970515927998557660930530711963196679174481368659736459630565505379849389257""]",59224980280942325666569394558997382798882386438436610001858371645471216555919|79970515927998557660930530711963196679174481368659736459630565505379849389257,59224980280942325666569394558997382798882386438436610001858371645471216555919,Yes,False,,,,,,,,,,,,411.9
2026-07-14T14:35:11Z,EPL,333084,epl-team-to-qualify-for-uefa-conference-league,EPL: Team to qualify for UEFA Conference League,2026-04-01T17:27:13.650134Z,1818381,will-newcastle-united-qualify-for-the-league-phase-of-the-2026-27-uefa-conference-league,Will Newcastle United qualify for the League Phase of the 2026-27 UEFA Conference League?,0xb0716d2b36fd90dd54c600a9e7647616490002987e3eb1ecb3d10ead4d62d33c,"[""59224980280942325666569394558997382798882386438436610001858371645471216555919"", ""79970515927998557660930530711963196679174481368659736459630565505379849389257""]",59224980280942325666569394558997382798882386438436610001858371645471216555919|79970515927998557660930530711963196679174481368659736459630565505379849389257,79970515927998557660930530711963196679174481368659736459630565505379849389257,No,False,,,,,,,,,,,,411.9
2026-07-14T14:35:11Z,EPL,333084,epl-team-to-qualify-for-uefa-conference-league,EPL: Team to qualify for UEFA Conference League,2026-04-01T17:27:13.650134Z,1818382,will-nottingham-forest-qualify-for-the-league-phase-of-the-2026-27-uefa-conference-league,Will Nottingham Forest qualify for the League Phase of the 2026-27 UEFA Conference League?,0xe911ed8e88ee4d94cb587ed6128a6c15596d9338a4d90b78b9ea20b0578fc156,"[""19481881546917834293067497074329377518935142669934498853237227966392229142245"", ""57602898067754327037427882833634701750997153547931685588132390215919583981742""]",19481881546917834293067497074329377518935142669934498853237227966392229142245|57602898067754327037427882833634701750997153547931685588132390215919583981742,19481881546917834293067497074329377518935142669934498853237227966392229142245,Yes,False,,,,,,,,,,,,407.7161
2026-07-14T14:35:11Z,EPL,333084,epl-team-to-qualify-for-uefa-conference-league,EPL: Team to qualify for UEFA Conference League,2026-04-01T17:27:13.650134Z,1818382,will-nottingham-forest-qualify-for-the-league-phase-of-the-2026-27-uefa-conference-league,Will Nottingham Forest qualify for the League Phase of the 2026-27 UEFA Conference League?,0xe911ed8e88ee4d94cb587ed6128a6c15596d9338a4d90b78b9ea20b0578fc156,"[""19481881546917834293067497074329377518935142669934498853237227966392229142245"", ""57602898067754327037427882833634701750997153547931685588132390215919583981742""]",19481881546917834293067497074329377518935142669934498853237227966392229142245|57602898067754327037427882833634701750997153547931685588132390215919583981742,57602898067754327037427882833634701750997153547931685588132390215919583981742,No,False,,,,,,,,,,,,407.7161
2026-07-14T14:35:11Z,EPL,333084,epl-team-to-qualify-for-uefa-conference-league,EPL: Team to qualify for UEFA Conference League,2026-04-01T17:27:13.650134Z,1818383,will-southampton-qualify-for-the-league-phase-of-the-2026-27-uefa-conference-league,Will Southampton qualify for the League Phase of the 2026-27 UEFA Conference League?,0x7ca2adbbd88851add0e546dd78574d7e79fc00c76e8c490e5692bf8023c11e75,"[""26877828097379119176280047098274709531228788895296330595994436624390898867911"", ""115748130349087715420332870666315257990045222809843222754054247382701059943674""]",26877828097379119176280047098274709531228788895296330595994436624390898867911|115748130349087715420332870666315257990045222809843222754054247382701059943674,26877828097379119176280047098274709531228788895296330595994436624390898867911,Yes,False,,,,,,,,,,,0,617.6899999999999
2026-07-14T14:35:11Z,EPL,333084,epl-team-to-qualify-for-uefa-conference-league,EPL: Team to qualify for UEFA Conference League,2026-04-01T17:27:13.650134Z,1818383,will-southampton-qualify-for-the-league-phase-of-the-2026-27-uefa-conference-league,Will Southampton qualify for the League Phase of the 2026-27 UEFA Conference League?,0x7ca2adbbd88851add0e546dd78574d7e79fc00c76e8c490e5692bf8023c11e75,"[""26877828097379119176280047098274709531228788895296330595994436624390898867911"", ""115748130349087715420332870666315257990045222809843222754054247382701059943674""]",26877828097379119176280047098274709531228788895296330595994436624390898867911|115748130349087715420332870666315257990045222809843222754054247382701059943674,115748130349087715420332870666315257990045222809843222754054247382701059943674,No,False,,,,,,,,,,,0,617.6899999999999
2026-07-14T14:35:11Z,EPL,333084,epl-team-to-qualify-for-uefa-conference-league,EPL: Team to qualify for UEFA Conference League,2026-04-01T17:27:13.650134Z,1818384,will-tottenham-hotspur-qualify-for-the-league-phase-of-the-2026-27-uefa-conference-league,Will Tottenham Hotspur qualify for the League Phase of the 2026-27 UEFA Conference League?,0xe98b7da9a346eb2aced5b9300c7a53e4d7c147741b546f005de0b3c0d89e0ae1,"[""16165000919596414242427788888124743916698715129044155178467657105167009019476"", ""114828181514576721851254739097127564151815507804110569853443476924908844910766""]",16165000919596414242427788888124743916698715129044155178467657105167009019476|114828181514576721851254739097127564151815507804110569853443476924908844910766,16165000919596414242427788888124743916698715129044155178467657105167009019476,Yes,False,,,,,,,,,,,,1126.7675
2026-07-14T14:35:11Z,EPL,333084,epl-team-to-qualify-for-uefa-conference-league,EPL: Team to qualify for UEFA Conference League,2026-04-01T17:27:13.650134Z,1818384,will-tottenham-hotspur-qualify-for-the-league-phase-of-the-2026-27-uefa-conference-league,Will Tottenham Hotspur qualify for the League Phase of the 2026-27 UEFA Conference League?,0xe98b7da9a346eb2aced5b9300c7a53e4d7c147741b546f005de0b3c0d89e0ae1,"[""16165000919596414242427788888124743916698715129044155178467657105167009019476"", ""114828181514576721851254739097127564151815507804110569853443476924908844910766""]",16165000919596414242427788888124743916698715129044155178467657105167009019476|114828181514576721851254739097127564151815507804110569853443476924908844910766,114828181514576721851254739097127564151815507804110569853443476924908844910766,No,False,,,,,,,,,,,,1126.7675
2026-07-14T14:35:11Z,EPL,333084,epl-team-to-qualify-for-uefa-conference-league,EPL: Team to qualify for UEFA Conference League,2026-04-01T17:27:13.650134Z,1818385,will-west-ham-united-qualify-for-the-league-phase-of-the-2026-27-uefa-conference-league,Will West Ham United qualify for the League Phase of the 2026-27 UEFA Conference League?,0xbc79053a1f7691b55171b4a210da33b3c3fba449c9df4fd954856635f8da0e8e,"[""54894379652853834326297942957419603346481276275403414881816173756537774757640"", ""33108900391203812803918822219418560079370282336069888352885661677363224124116""]",54894379652853834326297942957419603346481276275403414881816173756537774757640|33108900391203812803918822219418560079370282336069888352885661677363224124116,54894379652853834326297942957419603346481276275403414881816173756537774757640,Yes,False,,,,,,,,,,,,207.137
2026-07-14T14:35:11Z,EPL,333084,epl-team-to-qualify-for-uefa-conference-league,EPL: Team to qualify for UEFA Conference League,2026-04-01T17:27:13.650134Z,1818385,will-west-ham-united-qualify-for-the-league-phase-of-the-2026-27-uefa-conference-league,Will West Ham United qualify for the League Phase of the 2026-27 UEFA Conference League?,0xbc79053a1f7691b55171b4a210da33b3c3fba449c9df4fd954856635f8da0e8e,"[""54894379652853834326297942957419603346481276275403414881816173756537774757640"", ""33108900391203812803918822219418560079370282336069888352885661677363224124116""]",54894379652853834326297942957419603346481276275403414881816173756537774757640|33108900391203812803918822219418560079370282336069888352885661677363224124116,33108900391203812803918822219418560079370282336069888352885661677363224124116,No,False,,,,,,,,,,,,207.137
2026-07-14T14:35:11Z,EPL,333084,epl-team-to-qualify-for-uefa-conference-league,EPL: Team to qualify for UEFA Conference League,2026-04-01T17:27:13.650134Z,1818386,will-wolverhampton-wanderers-qualify-for-the-league-phase-of-the-2026-27-uefa-conference-league,Will Wolverhampton Wanderers qualify for the League Phase of the 2026-27 UEFA Conference League?,0x612a47d48e42fc85f4b3099edd0779c399e7393325bae5ef494fbec0b518be97,"[""39645891629689350247020865542579082583944711546641819664090458601825821008952"", ""27752113810792547257158395279414992925826179248970504390132410269490063597360""]",39645891629689350247020865542579082583944711546641819664090458601825821008952|27752113810792547257158395279414992925826179248970504390132410269490063597360,39645891629689350247020865542579082583944711546641819664090458601825821008952,Yes,False,,,,,,,,,,,,216.45
2026-07-14T14:35:11Z,EPL,333084,epl-team-to-qualify-for-uefa-conference-league,EPL: Team to qualify for UEFA Conference League,2026-04-01T17:27:13.650134Z,1818386,will-wolverhampton-wanderers-qualify-for-the-league-phase-of-the-2026-27-uefa-conference-league,Will Wolverhampton Wanderers qualify for the League Phase of the 2026-27 UEFA Conference League?,0x612a47d48e42fc85f4b3099edd0779c399e7393325bae5ef494fbec0b518be97,"[""39645891629689350247020865542579082583944711546641819664090458601825821008952"", ""27752113810792547257158395279414992925826179248970504390132410269490063597360""]",39645891629689350247020865542579082583944711546641819664090458601825821008952|27752113810792547257158395279414992925826179248970504390132410269490063597360,27752113810792547257158395279414992925826179248970504390132410269490063597360,No,False,,,,,,,,,,,,216.45
2026-07-14T14:35:11Z,EPL,435490,epl-2026-team-of-the-season,EPL: 2026 PFA Team of the Year,2026-05-01T16:17:58.439577Z,2127663,will-david-raya-be-named-to-the-2026-pfa-premier-league-team-of-the-year,Will David Raya be named to the 2026 PFA Premier League Team of the Year?,0x50561f0ac9fb48ce9b1dc8f78f84dea5e43d9d30bd507eb93fa57b11a996ffeb,"[""3488261232009523381576281256634840719226792569353110860105294590188599877555"", ""33896607823388600558222421347266613674976673770405419631622989961143438148884""]",3488261232009523381576281256634840719226792569353110860105294590188599877555|33896607823388600558222421347266613674976673770405419631622989961143438148884,3488261232009523381576281256634840719226792569353110860105294590188599877555,Yes,True,0.06,5.61,0.96,11.82,0.51,0.8999999999999999,7008cc4b04a3f21bec9d16d96f0c26fe86ee84dc,0.01,5,,3.967,
2026-07-14T14:35:11Z,EPL,435490,epl-2026-team-of-the-season,EPL: 2026 PFA Team of the Year,2026-05-01T16:17:58.439577Z,2127663,will-david-raya-be-named-to-the-2026-pfa-premier-league-team-of-the-year,Will David Raya be named to the 2026 PFA Premier League Team of the Year?,0x50561f0ac9fb48ce9b1dc8f78f84dea5e43d9d30bd507eb93fa57b11a996ffeb,"[""3488261232009523381576281256634840719226792569353110860105294590188599877555"", ""33896607823388600558222421347266613674976673770405419631622989961143438148884""]",3488261232009523381576281256634840719226792569353110860105294590188599877555|33896607823388600558222421347266613674976673770405419631622989961143438148884,33896607823388600558222421347266613674976673770405419631622989961143438148884,No,True,0.04,11.82,0.94,5.61,0.49,0.8999999999999999,6f328615754ad5270cb9977f3b2c12dc78b18167,0.01,5,,3.967,
2026-07-14T14:35:11Z,EPL,435490,epl-2026-team-of-the-season,EPL: 2026 PFA Team of the Year,2026-05-01T16:17:58.439577Z,2127664,will-jordan-pickford-be-named-to-the-2026-pfa-premier-league-team-of-the-year,Will Jordan Pickford be named to the 2026 PFA Premier League Team of the Year?,0x206d3cf11b86b16708f160e1e5223e75f4f0b126fbfecb52300077792e4a978f,"[""69002409170326112222673578355907486486435514190626080376764720483535336436602"", ""29764786967669041151836718379664776749611256940389381248189333088896507813340""]",69002409170326112222673578355907486486435514190626080376764720483535336436602|29764786967669041151836718379664776749611256940389381248189333088896507813340,69002409170326112222673578355907486486435514190626080376764720483535336436602,Yes,True,0.04,11.82,0.94,5.61,0.49,0.8999999999999999,5d47b94ccc54bc33b0c37d48d8c94856951fc7dc,0.01,5,,3.967,
2026-07-14T14:35:11Z,EPL,435490,epl-2026-team-of-the-season,EPL: 2026 PFA Team of the Year,2026-05-01T16:17:58.439577Z,2127664,will-jordan-pickford-be-named-to-the-2026-pfa-premier-league-team-of-the-year,Will Jordan Pickford be named to the 2026 PFA Premier League Team of the Year?,0x206d3cf11b86b16708f160e1e5223e75f4f0b126fbfecb52300077792e4a978f,"[""69002409170326112222673578355907486486435514190626080376764720483535336436602"", ""29764786967669041151836718379664776749611256940389381248189333088896507813340""]",69002409170326112222673578355907486486435514190626080376764720483535336436602|29764786967669041151836718379664776749611256940389381248189333088896507813340,29764786967669041151836718379664776749611256940389381248189333088896507813340,No,True,0.06,5.61,0.96,11.82,0.51,0.8999999999999999,ac0b92e676d6f8fceb44eee95adc500b17640808,0.01,5,,3.967,
2026-07-14T14:35:11Z,EPL,435490,epl-2026-team-of-the-season,EPL: 2026 PFA Team of the Year,2026-05-01T16:17:58.439577Z,2127665,will-dean-henderson-be-named-to-the-2026-pfa-premier-league-team-of-the-year,Will Dean Henderson be named to the 2026 PFA Premier League Team of the Year?,0x67ebb7796df1324b1b084b0aaa59e3379513583ac93e3c8e968935e7dbb1f535,"[""77730449116026385251216021681478758817188404733132958155748625297475510396335"", ""86484569427189395298179892127162282618369840953731094949208918944830421003973""]",77730449116026385251216021681478758817188404733132958155748625297475510396335|86484569427189395298179892127162282618369840953731094949208918944830421003973,77730449116026385251216021681478758817188404733132958155748625297475510396335,Yes,True,0.04,11.82,0.94,5.61,0.49,0.8999999999999999,aeb72a940d64f090897351642019e0f811f49796,0.01,5,,3.9118,
2026-07-14T14:35:11Z,EPL,435490,epl-2026-team-of-the-season,EPL: 2026 PFA Team of the Year,2026-05-01T16:17:58.439577Z,2127665,will-dean-henderson-be-named-to-the-2026-pfa-premier-league-team-of-the-year,Will Dean Henderson be named to the 2026 PFA Premier League Team of the Year?,0x67ebb7796df1324b1b084b0aaa59e3379513583ac93e3c8e968935e7dbb1f535,"[""77730449116026385251216021681478758817188404733132958155748625297475510396335"", ""86484569427189395298179892127162282618369840953731094949208918944830421003973""]",77730449116026385251216021681478758817188404733132958155748625297475510396335|86484569427189395298179892127162282618369840953731094949208918944830421003973,86484569427189395298179892127162282618369840953731094949208918944830421003973,No,True,0.06,5.61,0.96,11.82,0.51,0.8999999999999999,3d17a51260f3bb35abc78073c7599c6866ae1ef3,0.01,5,,3.9118,
2026-07-14T14:35:11Z,EPL,435490,epl-2026-team-of-the-season,EPL: 2026 PFA Team of the Year,2026-05-01T16:17:58.439577Z,2127666,will-robin-roefs-be-named-to-the-2026-pfa-premier-league-team-of-the-year,Will Robin Roefs be named to the 2026 PFA Premier League Team of the Year?,0xdae0f14d1b5ea256638164c6578853226408702f44e238ca8fa692998fdc6332,"[""70182957445101902779363373709716695169810926012757858042099415085409463195888"", ""90699863564786576085723598309072905823666331748016080742800846290619606364496""]",70182957445101902779363373709716695169810926012757858042099415085409463195888|90699863564786576085723598309072905823666331748016080742800846290619606364496,70182957445101902779363373709716695169810926012757858042099415085409463195888,Yes,True,0.04,10.77,0.94,5.61,0.49,0.8999999999999999,865c112aa6c398713a821c4170554d42909cfeb5,0.01,5,,3.7652,
2026-07-14T14:35:11Z,EPL,435490,epl-2026-team-of-the-season,EPL: 2026 PFA Team of the Year,2026-05-01T16:17:58.439577Z,2127666,will-robin-roefs-be-named-to-the-2026-pfa-premier-league-team-of-the-year,Will Robin Roefs be named to the 2026 PFA Premier League Team of the Year?,0xdae0f14d1b5ea256638164c6578853226408702f44e238ca8fa692998fdc6332,"[""70182957445101902779363373709716695169810926012757858042099415085409463195888"", ""90699863564786576085723598309072905823666331748016080742800846290619606364496""]",70182957445101902779363373709716695169810926012757858042099415085409463195888|90699863564786576085723598309072905823666331748016080742800846290619606364496,90699863564786576085723598309072905823666331748016080742800846290619606364496,No,True,0.06,5.61,0.96,10.77,0.51,0.8999999999999999,44c9fb2512fd00a054130d18e6a5ca238318b26c,0.01,5,,3.7652,
2026-07-14T14:35:11Z,EPL,435490,epl-2026-team-of-the-season,EPL: 2026 PFA Team of the Year,2026-05-01T16:17:58.439577Z,2127667,will-gianluigi-donnarumma-be-named-to-the-2026-pfa-premier-league-team-of-the-year,Will Gianluigi Donnarumma be named to the 2026 PFA Premier League Team of the Year?,0x322441734b9f23744de899e345ef48ec25e0055f8b1bfc19fe4612055a8ff2df,"[""65007673257262595676530056363240287641293306267550009290432560084643152028010"", ""97388027101380065799871752579213229783305736941572715830099055292320933629215""]",65007673257262595676530056363240287641293306267550009290432560084643152028010|97388027101380065799871752579213229783305736941572715830099055292320933629215,65007673257262595676530056363240287641293306267550009290432560084643152028010,Yes,True,0.04,11.7,0.96,11.7,0.5,0.9199999999999999,f318407c0c2ecd980e6eb6f553c139eeb3dc3ef9,0.01,5,,4.252,
2026-07-14T14:35:11Z,EPL,435490,epl-2026-team-of-the-season,EPL: 2026 PFA Team of the Year,2026-05-01T16:17:58.439577Z,2127667,will-gianluigi-donnarumma-be-named-to-the-2026-pfa-premier-league-team-of-the-year,Will Gianluigi Donnarumma be named to the 2026 PFA Premier League Team of the Year?,0x322441734b9f23744de899e345ef48ec25e0055f8b1bfc19fe4612055a8ff2df,"[""65007673257262595676530056363240287641293306267550009290432560084643152028010"", ""97388027101380065799871752579213229783305736941572715830099055292320933629215""]",65007673257262595676530056363240287641293306267550009290432560084643152028010|97388027101380065799871752579213229783305736941572715830099055292320933629215,97388027101380065799871752579213229783305736941572715830099055292320933629215,No,True,0.04,11.7,0.96,11.7,0.5,0.9199999999999999,4021ca9915446e9401025992a7b1e663eace19cd,0.01,5,,4.252,
2026-07-14T14:35:11Z,EPL,435490,epl-2026-team-of-the-season,EPL: 2026 PFA Team of the Year,2026-05-01T16:17:58.439577Z,2127668,will-jurrien-timber-be-named-to-the-2026-pfa-premier-league-team-of-the-year,Will Jurrien Timber be named to the 2026 PFA Premier League Team of the Year?,0x97ca47da99683bddec8036ce29388c2e400e7cecfea8ac4dbef54ac0791cc593,"[""58745854058166153005664210409408254918505117901359386106376082227012206838503"", ""43365583002812118163534009703280808191029196488960918105614424745527498298109""]",58745854058166153005664210409408254918505117901359386106376082227012206838503|43365583002812118163534009703280808191029196488960918105614424745527498298109,58745854058166153005664210409408254918505117901359386106376082227012206838503,Yes,True,0.04,11.98,0.96,10.77,0.5,0.9199999999999999,328f5728397739d348ab92563fdcc07f80ab76cd,0.01,5,,4.116,
2026-07-14T14:35:11Z,EPL,435490,epl-2026-team-of-the-season,EPL: 2026 PFA Team of the Year,2026-05-01T16:17:58.439577Z,2127668,will-jurrien-timber-be-named-to-the-2026-pfa-premier-league-team-of-the-year,Will Jurrien Timber be named to the 2026 PFA Premier League Team of the Year?,0x97ca47da99683bddec8036ce29388c2e400e7cecfea8ac4dbef54ac0791cc593,"[""58745854058166153005664210409408254918505117901359386106376082227012206838503"", ""43365583002812118163534009703280808191029196488960918105614424745527498298109""]",58745854058166153005664210409408254918505117901359386106376082227012206838503|43365583002812118163534009703280808191029196488960918105614424745527498298109,43365583002812118163534009703280808191029196488960918105614424745527498298109,No,True,0.04,10.77,0.96,11.98,0.5,0.9199999999999999,d47179caf365fae19dc582f852d61cb15ee67d8d,0.01,5,,4.116,
2026-07-14T14:35:11Z,EPL,435490,epl-2026-team-of-the-season,EPL: 2026 PFA Team of the Year,2026-05-01T16:17:58.439577Z,2127669,will-matheus-nunes-be-named-to-the-2026-pfa-premier-league-team-of-the-year,Will Matheus Nunes be named to the 2026 PFA Premier League Team of the Year?,0x236166693870332c38cc1f290d2de8a00eafa1b78519182663a58811b1011705,"[""71852886829417081758693278389180020836881806315641141653569411011094941385487"", ""27873264127773337044236459909692649813557879461485496445916977915515730222703""]",71852886829417081758693278389180020836881806315641141653569411011094941385487|27873264127773337044236459909692649813557879461485496445916977915515730222703,71852886829417081758693278389180020836881806315641141653569411011094941385487,Yes,True,0.04,12.51,0.96,10.77,0.5,0.9199999999999999,7f1000b76fb8fd5de7c2a30e3cf9e1e2bd950ff3,0.01,5,,5.0043,
2026-07-14T14:35:11Z,EPL,435490,epl-2026-team-of-the-season,EPL: 2026 PFA Team of the Year,2026-05-01T16:17:58.439577Z,2127669,will-matheus-nunes-be-named-to-the-2026-pfa-premier-league-team-of-the-year,Will Matheus Nunes be named to the 2026 PFA Premier League Team of the Year?,0x236166693870332c38cc1f290d2de8a00eafa1b78519182663a58811b1011705,"[""71852886829417081758693278389180020836881806315641141653569411011094941385487"", ""27873264127773337044236459909692649813557879461485496445916977915515730222703""]",71852886829417081758693278389180020836881806315641141653569411011094941385487|27873264127773337044236459909692649813557879461485496445916977915515730222703,27873264127773337044236459909692649813557879461485496445916977915515730222703,No,True,0.04,10.77,0.96,12.51,0.5,0.9199999999999999,cc24f4920617e33395d123328fd6a1a4f2e76b49,0.01,5,,5.0043,
2026-07-14T14:35:11Z,EPL,435490,epl-2026-team-of-the-season,EPL: 2026 PFA Team of the Year,2026-05-01T16:17:58.439577Z,2127670,will-gabriel-magalhes-be-named-to-the-2026-pfa-premier-league-team-of-the-year,Will Gabriel Magalhães be named to the 2026 PFA Premier League Team of the Year?,0xd3d8a97f490967ba04bcf06a1f1fa0b8e14ff08f5f0781bccb14c7eb1cf34ca6,"[""112756383879220814577105643520650901454791316512357676513193784191480344438666"", ""7697378624768914483353901406042873706810082834244678754453720343911008090965""]",112756383879220814577105643520650901454791316512357676513193784191480344438666|7697378624768914483353901406042873706810082834244678754453720343911008090965,112756383879220814577105643520650901454791316512357676513193784191480344438666,Yes,True,0.06,5.61,0.96,10.77,0.51,0.8999999999999999,9e398295cdbe4f12b76eb32c67f385278a20dc31,0.01,5,,3.7653,
2026-07-14T14:35:11Z,EPL,435490,epl-2026-team-of-the-season,EPL: 2026 PFA Team of the Year,2026-05-01T16:17:58.439577Z,2127670,will-gabriel-magalhes-be-named-to-the-2026-pfa-premier-league-team-of-the-year,Will Gabriel Magalhães be named to the 2026 PFA Premier League Team of the Year?,0xd3d8a97f490967ba04bcf06a1f1fa0b8e14ff08f5f0781bccb14c7eb1cf34ca6,"[""112756383879220814577105643520650901454791316512357676513193784191480344438666"", ""7697378624768914483353901406042873706810082834244678754453720343911008090965""]",112756383879220814577105643520650901454791316512357676513193784191480344438666|7697378624768914483353901406042873706810082834244678754453720343911008090965,7697378624768914483353901406042873706810082834244678754453720343911008090965,No,True,0.04,10.77,0.94,5.61,0.49,0.8999999999999999,b547ae2ed2f6f243d3a38a5aff5385a8b184fa50,0.01,5,,3.7653,
2026-07-14T14:35:11Z,EPL,435490,epl-2026-team-of-the-season,EPL: 2026 PFA Team of the Year,2026-05-01T16:17:58.439577Z,2127671,will-william-saliba-be-named-to-the-2026-pfa-premier-league-team-of-the-year,Will William Saliba be named to the 2026 PFA Premier League Team of the Year?,0xc344b5f7891b8617e7118aaa24bac3840a587691c1a36daa479a61de0b79bcb6,"[""47207660538745167295586664941849591121956044929877358537501900994850424263330"", ""105234782857798608331719124706582304874620432378282673665444164066431160124095""]",47207660538745167295586664941849591121956044929877358537501900994850424263330|105234782857798608331719124706582304874620432378282673665444164066431160124095,47207660538745167295586664941849591121956044929877358537501900994850424263330,Yes,True,0.04,10.77,0.96,10.77,0.5,0.9199999999999999,641c9406643074df9e10aeb21aaf9467de65fa7b,0.01,5,,4.1822,
2026-07-14T14:35:11Z,EPL,435490,epl-2026-team-of-the-season,EPL: 2026 PFA Team of the Year,2026-05-01T16:17:58.439577Z,2127671,will-william-saliba-be-named-to-the-2026-pfa-premier-league-team-of-the-year,Will William Saliba be named to the 2026 PFA Premier League Team of the Year?,0xc344b5f7891b8617e7118aaa24bac3840a587691c1a36daa479a61de0b79bcb6,"[""47207660538745167295586664941849591121956044929877358537501900994850424263330"", ""105234782857798608331719124706582304874620432378282673665444164066431160124095""]",47207660538745167295586664941849591121956044929877358537501900994850424263330|105234782857798608331719124706582304874620432378282673665444164066431160124095,105234782857798608331719124706582304874620432378282673665444164066431160124095,No,True,0.04,10.77,0.96,10.77,0.5,0.9199999999999999,b5efa358a1f68762b61418f702606c38011d39cd,0.01,5,,4.1822,
2026-07-14T14:35:11Z,EPL,435490,epl-2026-team-of-the-season,EPL: 2026 PFA Team of the Year,2026-05-01T16:17:58.439577Z,2127672,will-marc-guehi-be-named-to-the-2026-pfa-premier-league-team-of-the-year,Will Marc Guehi be named to the 2026 PFA Premier League Team of the Year?,0x9a7829bcaf4bd65e903739dace6db739a8b68a396fd2c71a3d23d2a2cf2e88c5,"[""18774341203836696417330165615678664168245576790259527905518242337305438497157"", ""17833812615529939189123941305353432679112045501201563425472779980851390683424""]",18774341203836696417330165615678664168245576790259527905518242337305438497157|17833812615529939189123941305353432679112045501201563425472779980851390683424,18774341203836696417330165615678664168245576790259527905518242337305438497157,Yes,True,0.04,10.77,0.96,11.82,0.5,0.9199999999999999,0cb4a2b2e52ba775dc678605f2ae0d6d21671c80,0.01,5,,4.1823,
2026-07-14T14:35:11Z,EPL,435490,epl-2026-team-of-the-season,EPL: 2026 PFA Team of the Year,2026-05-01T16:17:58.439577Z,2127672,will-marc-guehi-be-named-to-the-2026-pfa-premier-league-team-of-the-year,Will Marc Guehi be named to the 2026 PFA Premier League Team of the Year?,0x9a7829bcaf4bd65e903739dace6db739a8b68a396fd2c71a3d23d2a2cf2e88c5,"[""18774341203836696417330165615678664168245576790259527905518242337305438497157"", ""17833812615529939189123941305353432679112045501201563425472779980851390683424""]",18774341203836696417330165615678664168245576790259527905518242337305438497157|17833812615529939189123941305353432679112045501201563425472779980851390683424,17833812615529939189123941305353432679112045501201563425472779980851390683424,No,True,0.04,11.82,0.96,10.77,0.5,0.9199999999999999,0ba8b02ec43557bb0b137f8303f2b4d0d8c3388f,0.01,5,,4.1823,
2026-07-14T14:35:11Z,EPL,435490,epl-2026-team-of-the-season,EPL: 2026 PFA Team of the Year,2026-05-01T16:17:58.439577Z,2127673,will-virgil-van-dijk-be-named-to-the-2026-pfa-premier-league-team-of-the-year,Will Virgil van Dijk be named to the 2026 PFA Premier League Team of the Year?,0x644231d6b178ebd20f0ab0b061a790f9dee4479ce96ab40686c8ade6f50a0238,"[""31721429411257768645758803262981554412084956132795321375044902571901613004887"", ""113776996666262784023568460080999498147130358875198884777079734831639187945943""]",31721429411257768645758803262981554412084956132795321375044902571901613004887|113776996666262784023568460080999498147130358875198884777079734831639187945943,31721429411257768645758803262981554412084956132795321375044902571901613004887,Yes,True,0.04,13.63,0.96,21.82,0.5,0.9199999999999999,29b97500b80bf2713b3fc8f9baac1922cee0148d,0.01,5,,3.3622,1.694914
2026-07-14T14:35:11Z,EPL,435490,epl-2026-team-of-the-season,EPL: 2026 PFA Team of the Year,2026-05-01T16:17:58.439577Z,2127673,will-virgil-van-dijk-be-named-to-the-2026-pfa-premier-league-team-of-the-year,Will Virgil van Dijk be named to the 2026 PFA Premier League Team of the Year?,0x644231d6b178ebd20f0ab0b061a790f9dee4479ce96ab40686c8ade6f50a0238,"[""31721429411257768645758803262981554412084956132795321375044902571901613004887"", ""113776996666262784023568460080999498147130358875198884777079734831639187945943""]",31721429411257768645758803262981554412084956132795321375044902571901613004887|113776996666262784023568460080999498147130358875198884777079734831639187945943,113776996666262784023568460080999498147130358875198884777079734831639187945943,No,True,0.04,21.82,0.96,13.63,0.5,0.9199999999999999,ad283b8a9a125a0b1276b38df048863b4617d291,0.01,5,,3.3622,1.694914
2026-07-14T14:35:11Z,EPL,435490,epl-2026-team-of-the-season,EPL: 2026 PFA Team of the Year,2026-05-01T16:17:58.439577Z,2127674,will-marc-cucurella-be-named-to-the-2026-pfa-premier-league-team-of-the-year,Will Marc Cucurella be named to the 2026 PFA Premier League Team of the Year?,0xe74cf34bab6946206532fd38cbf5a7eb4b346f7d13bffc6ae16eb3a69a4225d0,"[""59830425161161665808750586172447751894718446914006207206558327469584286337472"", ""85414521652635437338276097105191648874111759265882984452544936528659374053637""]",59830425161161665808750586172447751894718446914006207206558327469584286337472|85414521652635437338276097105191648874111759265882984452544936528659374053637,59830425161161665808750586172447751894718446914006207206558327469584286337472,Yes,True,0.04,11.82,0.96,10.77,0.5,0.9199999999999999,12b8f48b3d2261dc6cd9d1816bbdc92bbc117f3a,0.01,5,,4.12,
2026-07-14T14:35:11Z,EPL,435490,epl-2026-team-of-the-season,EPL: 2026 PFA Team of the Year,2026-05-01T16:17:58.439577Z,2127674,will-marc-cucurella-be-named-to-the-2026-pfa-premier-league-team-of-the-year,Will Marc Cucurella be named to the 2026 PFA Premier League Team of the Year?,0xe74cf34bab6946206532fd38cbf5a7eb4b346f7d13bffc6ae16eb3a69a4225d0,"[""59830425161161665808750586172447751894718446914006207206558327469584286337472"", ""85414521652635437338276097105191648874111759265882984452544936528659374053637""]",59830425161161665808750586172447751894718446914006207206558327469584286337472|85414521652635437338276097105191648874111759265882984452544936528659374053637,85414521652635437338276097105191648874111759265882984452544936528659374053637,No,True,0.04,10.77,0.96,11.82,0.5,0.9199999999999999,6f07adc344a565b1204d974f58693d14b524dbc6,0.01,5,,4.12,
2026-07-14T14:35:11Z,EPL,435490,epl-2026-team-of-the-season,EPL: 2026 PFA Team of the Year,2026-05-01T16:17:58.439577Z,2127675,will-piero-hincapie-be-named-to-the-2026-pfa-premier-league-team-of-the-year,Will Piero Hincapie be named to the 2026 PFA Premier League Team of the Year?,0x1d5d1e655085db69c387488aa7e661d4719bfa9c0bb392dd05652008c40b4a9a,"[""108011205392215304373394466135742493782019922749752404322686744906595861300763"", ""73789363813582664474158671396757087735667554782131752276569900280712319722369""]",108011205392215304373394466135742493782019922749752404322686744906595861300763|73789363813582664474158671396757087735667554782131752276569900280712319722369,108011205392215304373394466135742493782019922749752404322686744906595861300763,Yes,True,0.04,10.77,0.94,5.61,0.49,0.8999999999999999,c91d18bffaae4fe177e312955d9f7c51f0b2e295,0.01,5,,3.8973,
2026-07-14T14:35:11Z,EPL,435490,epl-2026-team-of-the-season,EPL: 2026 PFA Team of the Year,2026-05-01T16:17:58.439577Z,2127675,will-piero-hincapie-be-named-to-the-2026-pfa-premier-league-team-of-the-year,Will Piero Hincapie be named to the 2026 PFA Premier League Team of the Year?,0x1d5d1e655085db69c387488aa7e661d4719bfa9c0bb392dd05652008c40b4a9a,"[""108011205392215304373394466135742493782019922749752404322686744906595861300763"", ""73789363813582664474158671396757087735667554782131752276569900280712319722369""]",108011205392215304373394466135742493782019922749752404322686744906595861300763|73789363813582664474158671396757087735667554782131752276569900280712319722369,73789363813582664474158671396757087735667554782131752276569900280712319722369,No,True,0.06,5.61,0.96,10.77,0.51,0.8999999999999999,5e8c0d39c3b3c2324e62068eb6ac0da508eeec16,0.01,5,,3.8973,
2026-07-14T14:35:11Z,EPL,435490,epl-2026-team-of-the-season,EPL: 2026 PFA Team of the Year,2026-05-01T16:17:58.439577Z,2127676,will-declan-rice-be-named-to-the-2026-pfa-premier-league-team-of-the-year,Will Declan Rice be named to the 2026 PFA Premier League Team of the Year?,0x898bbb37bb3e8e03480b52c31bc12b12019e84f4d4042d25622f9a9b9f1a21f2,"[""11523245240526311970979368164866348724509187066335918581337691503956313417913"", ""16544219157755328462914309364144553632877138543113142832790826044960896254419""]",11523245240526311970979368164866348724509187066335918581337691503956313417913|16544219157755328462914309364144553632877138543113142832790826044960896254419,11523245240526311970979368164866348724509187066335918581337691503956313417913,Yes,True,0.06,5.61,0.96,11.82,0.51,0.8999999999999999,0a7d827cf7a652391c6f2bad430b2799b562e907,0.01,5,,3.7795,16.114284
2026-07-14T14:35:11Z,EPL,435490,epl-2026-team-of-the-season,EPL: 2026 PFA Team of the Year,2026-05-01T16:17:58.439577Z,2127676,will-declan-rice-be-named-to-the-2026-pfa-premier-league-team-of-the-year,Will Declan Rice be named to the 2026 PFA Premier League Team of the Year?,0x898bbb37bb3e8e03480b52c31bc12b12019e84f4d4042d25622f9a9b9f1a21f2,"[""11523245240526311970979368164866348724509187066335918581337691503956313417913"", ""16544219157755328462914309364144553632877138543113142832790826044960896254419""]",11523245240526311970979368164866348724509187066335918581337691503956313417913|16544219157755328462914309364144553632877138543113142832790826044960896254419,16544219157755328462914309364144553632877138543113142832790826044960896254419,No,True,0.04,11.82,0.94,5.61,0.49,0.8999999999999999,156707d2f4ef1a386e5b341a655dc16d5fca2504,0.01,5,,3.7795,16.114284
2026-07-14T14:35:11Z,EPL,435490,epl-2026-team-of-the-season,EPL: 2026 PFA Team of the Year,2026-05-01T16:17:58.439577Z,2127677,will-bruno-fernandes-be-named-to-the-2026-pfa-premier-league-team-of-the-year,Will Bruno Fernandes be named to the 2026 PFA Premier League Team of the Year?,0x679720492bcbff900bde0e29eb7e812c77909bccb3c32b79a3186fc1db03b854,"[""86859495495502891076141743940914617575208033060738396981338088715869715113963"", ""65620697419400192059458180949993387679798824363092322581187835468683093164088""]",86859495495502891076141743940914617575208033060738396981338088715869715113963|65620697419400192059458180949993387679798824363092322581187835468683093164088,86859495495502891076141743940914617575208033060738396981338088715869715113963,Yes,True,0.128,10.0,0.993,7.85,0.5605,0.865,37dd2e6e580c217c7e1632a95a4b406f74ea8c9d,0.001,5,,36.59085,440.10643600000003
2026-07-14T14:35:11Z,EPL,435490,epl-2026-team-of-the-season,EPL: 2026 PFA Team of the Year,2026-05-01T16:17:58.439577Z,2127677,will-bruno-fernandes-be-named-to-the-2026-pfa-premier-league-team-of-the-year,Will Bruno Fernandes be named to the 2026 PFA Premier League Team of the Year?,0x679720492bcbff900bde0e29eb7e812c77909bccb3c32b79a3186fc1db03b854,"[""86859495495502891076141743940914617575208033060738396981338088715869715113963"", ""65620697419400192059458180949993387679798824363092322581187835468683093164088""]",86859495495502891076141743940914617575208033060738396981338088715869715113963|65620697419400192059458180949993387679798824363092322581187835468683093164088,65620697419400192059458180949993387679798824363092322581187835468683093164088,No,True,0.007,7.85,0.872,10.0,0.4395,0.865,e35d3ef39c15fe8cf46c40b01528ed2ae4effa64,0.001,5,,36.59085,440.10643600000003
2026-07-14T14:35:11Z,EPL,435490,epl-2026-team-of-the-season,EPL: 2026 PFA Team of the Year,2026-05-01T16:17:58.439577Z,2127678,will-rodri-be-named-to-the-2026-pfa-premier-league-team-of-the-year,Will Rodri be named to the 2026 PFA Premier League Team of the Year?,0xf9de760ff713bdc5ebdc87ea4a88fb9423ef31bc59d2abb917df50b5b44482c1,"[""92734106880343514385310320083033583888695626897895802880610705682382451590633"", ""56976958810450515743106834354983994802402840862579527495329062688335275234740""]",92734106880343514385310320083033583888695626897895802880610705682382451590633|56976958810450515743106834354983994802402840862579527495329062688335275234740,92734106880343514385310320083033583888695626897895802880610705682382451590633,Yes,True,0.04,10.77,0.96,10.77,0.5,0.9199999999999999,7c2c8f9d5a53831d70b5aa3ce3a5b9be30c518bb,0.01,5,,4.0466,
2026-07-14T14:35:11Z,EPL,435490,epl-2026-team-of-the-season,EPL: 2026 PFA Team of the Year,2026-05-01T16:17:58.439577Z,2127678,will-rodri-be-named-to-the-2026-pfa-premier-league-team-of-the-year,Will Rodri be named to the 2026 PFA Premier League Team of the Year?,0xf9de760ff713bdc5ebdc87ea4a88fb9423ef31bc59d2abb917df50b5b44482c1,"[""92734106880343514385310320083033583888695626897895802880610705682382451590633"", ""56976958810450515743106834354983994802402840862579527495329062688335275234740""]",92734106880343514385310320083033583888695626897895802880610705682382451590633|56976958810450515743106834354983994802402840862579527495329062688335275234740,56976958810450515743106834354983994802402840862579527495329062688335275234740,No,True,0.04,10.77,0.96,10.77,0.5,0.9199999999999999,a61950b5066c60296a9d32706cbfbb5004cf0e8c,0.01,5,,4.0466,
2026-07-14T14:35:11Z,EPL,435490,epl-2026-team-of-the-season,EPL: 2026 PFA Team of the Year,2026-05-01T16:17:58.439577Z,2127679,will-rayan-cherki-be-named-to-the-2026-pfa-premier-league-team-of-the-year,Will Rayan Cherki be named to the 2026 PFA Premier League Team of the Year?,0xf1bef1d60925998b7577b014ea907965209b9045c197e79e77eb14439d7c431a,"[""44002481860388892740183335966007748831643129921411222940033401480764334836407"", ""47465498507287502475094187263593898643776563896680345103863507875745126656121""]",44002481860388892740183335966007748831643129921411222940033401480764334836407|47465498507287502475094187263593898643776563896680345103863507875745126656121,44002481860388892740183335966007748831643129921411222940033401480764334836407,Yes,True,0.04,11.82,0.96,11.7,0.5,0.9199999999999999,bac7e8954565ff073b953613a3b721e9431c26ea,0.01,5,,4.252,
2026-07-14T14:35:11Z,EPL,435490,epl-2026-team-of-the-season,EPL: 2026 PFA Team of the Year,2026-05-01T16:17:58.439577Z,2127679,will-rayan-cherki-be-named-to-the-2026-pfa-premier-league-team-of-the-year,Will Rayan Cherki be named to the 2026 PFA Premier League Team of the Year?,0xf1bef1d60925998b7577b014ea907965209b9045c197e79e77eb14439d7c431a,"[""44002481860388892740183335966007748831643129921411222940033401480764334836407"", ""47465498507287502475094187263593898643776563896680345103863507875745126656121""]",44002481860388892740183335966007748831643129921411222940033401480764334836407|47465498507287502475094187263593898643776563896680345103863507875745126656121,47465498507287502475094187263593898643776563896680345103863507875745126656121,No,True,0.04,11.7,0.96,11.82,0.5,0.9199999999999999,78531ecf381882065dfcda32b769e096863a653a,0.01,5,,4.252,
2026-07-14T14:35:11Z,EPL,435490,epl-2026-team-of-the-season,EPL: 2026 PFA Team of the Year,2026-05-01T16:17:58.439577Z,2127680,will-dominik-szoboszlai-be-named-to-the-2026-pfa-premier-league-team-of-the-year,Will Dominik Szoboszlai be named to the 2026 PFA Premier League Team of the Year?,0xd5a172faaf27f951f5bc5c2d19f18367ab85e9c963e7357a8433da84e895507e,"[""10904347939559348084889283384973600207001307228767801114856379948987944051302"", ""63514807846207217791796334733580770155958510280638850911506455990693175502240""]",10904347939559348084889283384973600207001307228767801114856379948987944051302|63514807846207217791796334733580770155958510280638850911506455990693175502240,10904347939559348084889283384973600207001307228767801114856379948987944051302,Yes,True,0.04,10.77,0.96,10.77,0.5,0.9199999999999999,8a598796bbd6a2704f4245c9df35a77e1ad384e4,0.01,5,,4.252,
2026-07-14T14:35:11Z,EPL,435490,epl-2026-team-of-the-season,EPL: 2026 PFA Team of the Year,2026-05-01T16:17:58.439577Z,2127680,will-dominik-szoboszlai-be-named-to-the-2026-pfa-premier-league-team-of-the-year,Will Dominik Szoboszlai be named to the 2026 PFA Premier League Team of the Year?,0xd5a172faaf27f951f5bc5c2d19f18367ab85e9c963e7357a8433da84e895507e,"[""10904347939559348084889283384973600207001307228767801114856379948987944051302"", ""63514807846207217791796334733580770155958510280638850911506455990693175502240""]",10904347939559348084889283384973600207001307228767801114856379948987944051302|63514807846207217791796334733580770155958510280638850911506455990693175502240,63514807846207217791796334733580770155958510280638850911506455990693175502240,No,True,0.04,10.77,0.96,10.77,0.5,0.9199999999999999,a363f969000983115b6bdcfd391268daaf39afa5,0.01,5,,4.252,
2026-07-14T14:35:11Z,EPL,435490,epl-2026-team-of-the-season,EPL: 2026 PFA Team of the Year,2026-05-01T16:17:58.439577Z,2127681,will-moises-caicedo-be-named-to-the-2026-pfa-premier-league-team-of-the-year,Will Moises Caicedo be named to the 2026 PFA Premier League Team of the Year?,0x6a8a0e28a90c3880e21bb6de9eb98f12d5e81a8d88570a2c5b855ee60b6263ba,"[""13244409081849499988815460722411109697257731580831464114667102436005675343259"", ""41998463599395516608520033462694074004839767261466278584344671813809549672424""]",13244409081849499988815460722411109697257731580831464114667102436005675343259|41998463599395516608520033462694074004839767261466278584344671813809549672424,13244409081849499988815460722411109697257731580831464114667102436005675343259,Yes,True,0.04,11.7,0.96,11.82,0.5,0.9199999999999999,e693ac2253e765658897100a9486d4c7626e71c3,0.01,5,,4.252,
2026-07-14T14:35:11Z,EPL,435490,epl-2026-team-of-the-season,EPL: 2026 PFA Team of the Year,2026-05-01T16:17:58.439577Z,2127681,will-moises-caicedo-be-named-to-the-2026-pfa-premier-league-team-of-the-year,Will Moises Caicedo be named to the 2026 PFA Premier League Team of the Year?,0x6a8a0e28a90c3880e21bb6de9eb98f12d5e81a8d88570a2c5b855ee60b6263ba,"[""13244409081849499988815460722411109697257731580831464114667102436005675343259"", ""41998463599395516608520033462694074004839767261466278584344671813809549672424""]",13244409081849499988815460722411109697257731580831464114667102436005675343259|41998463599395516608520033462694074004839767261466278584344671813809549672424,41998463599395516608520033462694074004839767261466278584344671813809549672424,No,True,0.04,11.82,0.96,11.7,0.5,0.9199999999999999,a380df706e2e8033fd57fc72262cdd742b1a9696,0.01,5,,4.252,
2026-07-14T14:35:11Z,EPL,435490,epl-2026-team-of-the-season,EPL: 2026 PFA Team of the Year,2026-05-01T16:17:58.439577Z,2127682,will-elliot-anderson-be-named-to-the-2026-pfa-premier-league-team-of-the-year,Will Elliot Anderson be named to the 2026 PFA Premier League Team of the Year?,0x3e7b9aff81e624e4f9ef7677696f2d4fae5837bdf83bd9ed2d62ec7a87aaf7a6,"[""2770428290325312677871192984476250158140993595717599201621714256969118294243"", ""87005572382727825804817777311897399081855387101457739624425019964385877189800""]",2770428290325312677871192984476250158140993595717599201621714256969118294243|87005572382727825804817777311897399081855387101457739624425019964385877189800,2770428290325312677871192984476250158140993595717599201621714256969118294243,Yes,True,0.04,11.7,0.96,10.77,0.5,0.9199999999999999,1daa1971713c0ba5d69f16d3a8dd8546953d1f2b,0.01,5,,4.248,
2026-07-14T14:35:11Z,EPL,435490,epl-2026-team-of-the-season,EPL: 2026 PFA Team of the Year,2026-05-01T16:17:58.439577Z,2127682,will-elliot-anderson-be-named-to-the-2026-pfa-premier-league-team-of-the-year,Will Elliot Anderson be named to the 2026 PFA Premier League Team of the Year?,0x3e7b9aff81e624e4f9ef7677696f2d4fae5837bdf83bd9ed2d62ec7a87aaf7a6,"[""2770428290325312677871192984476250158140993595717599201621714256969118294243"", ""87005572382727825804817777311897399081855387101457739624425019964385877189800""]",2770428290325312677871192984476250158140993595717599201621714256969118294243|87005572382727825804817777311897399081855387101457739624425019964385877189800,87005572382727825804817777311897399081855387101457739624425019964385877189800,No,True,0.04,10.77,0.96,11.7,0.5,0.9199999999999999,c825bf05b5e2b5e9627fc55bbfe14479c5b3dd0b,0.01,5,,4.248,
2026-07-14T14:35:11Z,EPL,435490,epl-2026-team-of-the-season,EPL: 2026 PFA Team of the Year,2026-05-01T16:17:58.439577Z,2127683,will-erling-haaland-be-named-to-the-2026-pfa-premier-league-team-of-the-year,Will Erling Haaland be named to the 2026 PFA Premier League Team of the Year?,0x0a3ee85120cf7d2febbaba00b787db1bd1fdc7f80f8277d89675736a430e2065,"[""36505760582912364024564187063352953937975349358323597571083864672476590879653"", ""36939641234709193046881505450280116016622287455799963152747536559103079527590""]",36505760582912364024564187063352953937975349358323597571083864672476590879653|36939641234709193046881505450280116016622287455799963152747536559103079527590,36505760582912364024564187063352953937975349358323597571083864672476590879653,Yes,True,0.04,11.82,0.96,10.77,0.5,0.9199999999999999,4c7165e334830c9627ae00876d022d2aceb3fdc7,0.01,5,,4.116,
2026-07-14T14:35:11Z,EPL,435490,epl-2026-team-of-the-season,EPL: 2026 PFA Team of the Year,2026-05-01T16:17:58.439577Z,2127683,will-erling-haaland-be-named-to-the-2026-pfa-premier-league-team-of-the-year,Will Erling Haaland be named to the 2026 PFA Premier League Team of the Year?,0x0a3ee85120cf7d2febbaba00b787db1bd1fdc7f80f8277d89675736a430e2065,"[""36505760582912364024564187063352953937975349358323597571083864672476590879653"", ""36939641234709193046881505450280116016622287455799963152747536559103079527590""]",36505760582912364024564187063352953937975349358323597571083864672476590879653|36939641234709193046881505450280116016622287455799963152747536559103079527590,36939641234709193046881505450280116016622287455799963152747536559103079527590,No,True,0.04,10.77,0.96,11.82,0.5,0.9199999999999999,a5c2ccdacdc6a59cffcfe3888ed5635233b2bfe2,0.01,5,,4.116,
2026-07-14T14:35:11Z,EPL,435490,epl-2026-team-of-the-season,EPL: 2026 PFA Team of the Year,2026-05-01T16:17:58.439577Z,2127684,will-hugo-ekitike-be-named-to-the-2026-pfa-premier-league-team-of-the-year,Will Hugo Ekitike be named to the 2026 PFA Premier League Team of the Year?,0x3ac387fc809af29edadb0c1881ecd88319f8b4ebb5b0a89a77a84e85f4a2099c,"[""21160761171799050394335213154237360537464294007297740615880003417666696561468"", ""57509889980199562878580001207297131252053963359675973392844979135378456666743""]",21160761171799050394335213154237360537464294007297740615880003417666696561468|57509889980199562878580001207297131252053963359675973392844979135378456666743,21160761171799050394335213154237360537464294007297740615880003417666696561468,Yes,True,0.04,11.52,0.94,5.61,0.49,0.8999999999999999,c0f59d1793c0aa8b1e5a4c9e9e3c0924d18b1c4f,0.01,5,,3.9118,
2026-07-14T14:35:11Z,EPL,435490,epl-2026-team-of-the-season,EPL: 2026 PFA Team of the Year,2026-05-01T16:17:58.439577Z,2127684,will-hugo-ekitike-be-named-to-the-2026-pfa-premier-league-team-of-the-year,Will Hugo Ekitike be named to the 2026 PFA Premier League Team of the Year?,0x3ac387fc809af29edadb0c1881ecd88319f8b4ebb5b0a89a77a84e85f4a2099c,"[""21160761171799050394335213154237360537464294007297740615880003417666696561468"", ""57509889980199562878580001207297131252053963359675973392844979135378456666743""]",21160761171799050394335213154237360537464294007297740615880003417666696561468|57509889980199562878580001207297131252053963359675973392844979135378456666743,57509889980199562878580001207297131252053963359675973392844979135378456666743,No,True,0.06,5.61,0.96,11.52,0.51,0.8999999999999999,dc7b6677547f90d3387a48593b3cffc0e0ffa456,0.01,5,,3.9118,
2026-07-14T14:35:11Z,EPL,435490,epl-2026-team-of-the-season,EPL: 2026 PFA Team of the Year,2026-05-01T16:17:58.439577Z,2127685,will-igor-thiago-be-named-to-the-2026-pfa-premier-league-team-of-the-year,Will Igor Thiago be named to the 2026 PFA Premier League Team of the Year?,0x2565964258328ceff81b8dd027a9b4bfae11353bbfbb3e27625da025fffc2d97,"[""45116472354972988677943929968423217543948497597214084731838340702588569592863"", ""57509607526871690199395719807389480255858394821926865896302284337840164838738""]",45116472354972988677943929968423217543948497597214084731838340702588569592863|57509607526871690199395719807389480255858394821926865896302284337840164838738,45116472354972988677943929968423217543948497597214084731838340702588569592863,Yes,True,0.04,11.82,0.96,10.77,0.5,0.9199999999999999,b5c41b3ca12877821b4933c215a3cade113cb40d,0.01,5,,4.1163,
2026-07-14T14:35:11Z,EPL,435490,epl-2026-team-of-the-season,EPL: 2026 PFA Team of the Year,2026-05-01T16:17:58.439577Z,2127685,will-igor-thiago-be-named-to-the-2026-pfa-premier-league-team-of-the-year,Will Igor Thiago be named to the 2026 PFA Premier League Team of the Year?,0x2565964258328ceff81b8dd027a9b4bfae11353bbfbb3e27625da025fffc2d97,"[""45116472354972988677943929968423217543948497597214084731838340702588569592863"", ""57509607526871690199395719807389480255858394821926865896302284337840164838738""]",45116472354972988677943929968423217543948497597214084731838340702588569592863|57509607526871690199395719807389480255858394821926865896302284337840164838738,57509607526871690199395719807389480255858394821926865896302284337840164838738,No,True,0.04,10.77,0.96,11.82,0.5,0.9199999999999999,39873a71c3368ef27509f5440eed9667825b4a2a,0.01,5,,4.1163,
2026-07-14T14:35:11Z,EPL,435490,epl-2026-team-of-the-season,EPL: 2026 PFA Team of the Year,2026-05-01T16:17:58.439577Z,2127686,will-joo-pedro-be-named-to-the-2026-pfa-premier-league-team-of-the-year,Will João Pedro be named to the 2026 PFA Premier League Team of the Year?,0x6fce5bfb34549a3a2c919a87ed5948038ae259334b99c7626269b54b5aec2e0e,"[""32710637391248437289327028678783582535502723443825413307615920275857755767269"", ""76494283295406840675256483217001111989666469664619203128145658200939942333539""]",32710637391248437289327028678783582535502723443825413307615920275857755767269|76494283295406840675256483217001111989666469664619203128145658200939942333539,32710637391248437289327028678783582535502723443825413307615920275857755767269,Yes,True,0.04,10.77,0.94,5.61,0.49,0.8999999999999999,370c667a29a8a1cc6ed8cca4296a72e6cf76490a,0.01,5,,3.8421,
2026-07-14T14:35:11Z,EPL,435490,epl-2026-team-of-the-season,EPL: 2026 PFA Team of the Year,2026-05-01T16:17:58.439577Z,2127686,will-joo-pedro-be-named-to-the-2026-pfa-premier-league-team-of-the-year,Will João Pedro be named to the 2026 PFA Premier League Team of the Year?,0x6fce5bfb34549a3a2c919a87ed5948038ae259334b99c7626269b54b5aec2e0e,"[""32710637391248437289327028678783582535502723443825413307615920275857755767269"", ""76494283295406840675256483217001111989666469664619203128145658200939942333539""]",32710637391248437289327028678783582535502723443825413307615920275857755767269|76494283295406840675256483217001111989666469664619203128145658200939942333539,76494283295406840675256483217001111989666469664619203128145658200939942333539,No,True,0.06,5.61,0.96,10.77,0.51,0.8999999999999999,145f82d36192cf0a8757f3e0281f6a9f9f51ee54,0.01,5,,3.8421,
2026-07-14T14:35:11Z,EPL,435490,epl-2026-team-of-the-season,EPL: 2026 PFA Team of the Year,2026-05-01T16:17:58.439577Z,2127687,will-morgan-rogers-be-named-to-the-2026-pfa-premier-league-team-of-the-year,Will Morgan Rogers be named to the 2026 PFA Premier League Team of the Year?,0x96b8591e61ab8153068ed93e54c013f0e6b89cea2aa4e133fdfd9dafcded9277,"[""35606525977135678474506342380680226214353069361032301286284296655225714906882"", ""21333608757853284524355908501060578820412665842300321107531640970971045399525""]",35606525977135678474506342380680226214353069361032301286284296655225714906882|21333608757853284524355908501060578820412665842300321107531640970971045399525,35606525977135678474506342380680226214353069361032301286284296655225714906882,Yes,True,0.04,10.77,0.96,10.77,0.5,0.9199999999999999,505f059d5cea47aa5fb9d603a06f6fe45aca48ec,0.01,5,,3.9806,
2026-07-14T14:35:11Z,EPL,435490,epl-2026-team-of-the-season,EPL: 2026 PFA Team of the Year,2026-05-01T16:17:58.439577Z,2127687,will-morgan-rogers-be-named-to-the-2026-pfa-premier-league-team-of-the-year,Will Morgan Rogers be named to the 2026 PFA Premier League Team of the Year?,0x96b8591e61ab8153068ed93e54c013f0e6b89cea2aa4e133fdfd9dafcded9277,"[""35606525977135678474506342380680226214353069361032301286284296655225714906882"", ""21333608757853284524355908501060578820412665842300321107531640970971045399525""]",35606525977135678474506342380680226214353069361032301286284296655225714906882|21333608757853284524355908501060578820412665842300321107531640970971045399525,21333608757853284524355908501060578820412665842300321107531640970971045399525,No,True,0.04,10.77,0.96,10.77,0.5,0.9199999999999999,a43e09c4ea29c63bdf98844e3a3e5a4d32af3743,0.01,5,,3.9806,
2026-07-14T14:35:11Z,EPL,435490,epl-2026-team-of-the-season,EPL: 2026 PFA Team of the Year,2026-05-01T16:17:58.439577Z,2127688,will-antoine-semenyo-be-named-to-the-2026-pfa-premier-league-team-of-the-year,Will Antoine Semenyo be named to the 2026 PFA Premier League Team of the Year?,0x1220c8ad3de1b3e3a079e832ec53f3cd4c3f014685820c7364e6feeec413e4d8,"[""76296603541032491222249921378613877627058194760954506807014743183408941333618"", ""21304560232739094042644316740439641499393814233414419162298081903469670924441""]",76296603541032491222249921378613877627058194760954506807014743183408941333618|21304560232739094042644316740439641499393814233414419162298081903469670924441,76296603541032491222249921378613877627058194760954506807014743183408941333618,Yes,True,0.04,13.64,0.96,23.97,0.5,0.9199999999999999,4d2729010e3126cb9803b4284d862abe8d377504,0.01,5,,4.586,2.08165
2026-07-14T14:35:11Z,EPL,435490,epl-2026-team-of-the-season,EPL: 2026 PFA Team of the Year,2026-05-01T16:17:58.439577Z,2127688,will-antoine-semenyo-be-named-to-the-2026-pfa-premier-league-team-of-the-year,Will Antoine Semenyo be named to the 2026 PFA Premier League Team of the Year?,0x1220c8ad3de1b3e3a079e832ec53f3cd4c3f014685820c7364e6feeec413e4d8,"[""76296603541032491222249921378613877627058194760954506807014743183408941333618"", ""21304560232739094042644316740439641499393814233414419162298081903469670924441""]",76296603541032491222249921378613877627058194760954506807014743183408941333618|21304560232739094042644316740439641499393814233414419162298081903469670924441,21304560232739094042644316740439641499393814233414419162298081903469670924441,No,True,0.04,23.97,0.96,13.64,0.5,0.9199999999999999,6c8e84a0b2872e8fb9a28c2952cb7054d4825b78,0.01,5,,4.586,2.08165
2026-07-14T14:35:11Z,EPL,435490,epl-2026-team-of-the-season,EPL: 2026 PFA Team of the Year,2026-05-01T16:17:58.439577Z,2127689,will-jeremy-doku-be-named-to-the-2026-pfa-premier-league-team-of-the-year,Will Jeremy Doku be named to the 2026 PFA Premier League Team of the Year?,0xa879be670c7ecf3087a8bf9fc8cf43b4e415502e71e7910dd63ac8f80a56d87b,"[""3879696626646145930128886354978365884788235204398514844964568164322230593973"", ""79551627668553765432569263846776420950508270405186694496807348421004929288226""]",3879696626646145930128886354978365884788235204398514844964568164322230593973|79551627668553765432569263846776420950508270405186694496807348421004929288226,3879696626646145930128886354978365884788235204398514844964568164322230593973,Yes,True,0.04,10.77,0.96,10.77,0.5,0.9199999999999999,8add60aeb257aadc36ccf3267db49145fc29cb47,0.01,5,,4.1802,
2026-07-14T14:35:11Z,EPL,435490,epl-2026-team-of-the-season,EPL: 2026 PFA Team of the Year,2026-05-01T16:17:58.439577Z,2127689,will-jeremy-doku-be-named-to-the-2026-pfa-premier-league-team-of-the-year,Will Jeremy Doku be named to the 2026 PFA Premier League Team of the Year?,0xa879be670c7ecf3087a8bf9fc8cf43b4e415502e71e7910dd63ac8f80a56d87b,"[""3879696626646145930128886354978365884788235204398514844964568164322230593973"", ""79551627668553765432569263846776420950508270405186694496807348421004929288226""]",3879696626646145930128886354978365884788235204398514844964568164322230593973|79551627668553765432569263846776420950508270405186694496807348421004929288226,79551627668553765432569263846776420950508270405186694496807348421004929288226,No,True,0.04,10.77,0.96,10.77,0.5,0.9199999999999999,c18a80bcffd73d2314cf4a8b98c996ac73f63f7a,0.01,5,,4.1802,
2026-07-14T14:35:11Z,EPL,435490,epl-2026-team-of-the-season,EPL: 2026 PFA Team of the Year,2026-05-01T16:17:58.439577Z,2127690,will-bryan-mbeumo-be-named-to-the-2026-pfa-premier-league-team-of-the-year,Will Bryan Mbeumo be named to the 2026 PFA Premier League Team of the Year?,0xbc5c1fe3e7dd57070ca528cd85b158334b7aa9ee0c87b22c861586f82f115f53,"[""91785058119765698978951103847186849259631214663163177270696303972172010570357"", ""57423228513700841810717133678013622282899538997222385821885417665448518434118""]",91785058119765698978951103847186849259631214663163177270696303972172010570357|57423228513700841810717133678013622282899538997222385821885417665448518434118,91785058119765698978951103847186849259631214663163177270696303972172010570357,Yes,True,0.04,11.82,0.94,5.61,0.49,0.8999999999999999,6225b28131d73aee3f04578a5473d34e295e9a7c,0.01,5,,3.9669,
2026-07-14T14:35:11Z,EPL,435490,epl-2026-team-of-the-season,EPL: 2026 PFA Team of the Year,2026-05-01T16:17:58.439577Z,2127690,will-bryan-mbeumo-be-named-to-the-2026-pfa-premier-league-team-of-the-year,Will Bryan Mbeumo be named to the 2026 PFA Premier League Team of the Year?,0xbc5c1fe3e7dd57070ca528cd85b158334b7aa9ee0c87b22c861586f82f115f53,"[""91785058119765698978951103847186849259631214663163177270696303972172010570357"", ""57423228513700841810717133678013622282899538997222385821885417665448518434118""]",91785058119765698978951103847186849259631214663163177270696303972172010570357|57423228513700841810717133678013622282899538997222385821885417665448518434118,57423228513700841810717133678013622282899538997222385821885417665448518434118,No,True,0.06,5.61,0.96,11.82,0.51,0.8999999999999999,b4fa0d82832f2c4a02c71a62cefc5307be98e0d6,0.01,5,,3.9669,
2026-07-14T14:35:11Z,EPL,435490,epl-2026-team-of-the-season,EPL: 2026 PFA Team of the Year,2026-05-01T16:17:58.439577Z,2127691,will-jarrod-bowen-be-named-to-the-2026-pfa-premier-league-team-of-the-year,Will Jarrod Bowen be named to the 2026 PFA Premier League Team of the Year?,0x7352d3b05ddd64c22487c855e05c0485348e49d0dad74d9bde2c0478db43701e,"[""72676667720459668200165137999841534576126998576490942457742996617745849748718"", ""93972487936526721423770075279455909737407561133246099106446256232697159064557""]",72676667720459668200165137999841534576126998576490942457742996617745849748718|93972487936526721423770075279455909737407561133246099106446256232697159064557,72676667720459668200165137999841534576126998576490942457742996617745849748718,Yes,True,0.04,11.82,0.94,5.61,0.49,0.8999999999999999,40c919b0e89c03199fb810150df2b20b1c7573c8,0.01,5,,3.967,
2026-07-14T14:35:11Z,EPL,435490,epl-2026-team-of-the-season,EPL: 2026 PFA Team of the Year,2026-05-01T16:17:58.439577Z,2127691,will-jarrod-bowen-be-named-to-the-2026-pfa-premier-league-team-of-the-year,Will Jarrod Bowen be named to the 2026 PFA Premier League Team of the Year?,0x7352d3b05ddd64c22487c855e05c0485348e49d0dad74d9bde2c0478db43701e,"[""72676667720459668200165137999841534576126998576490942457742996617745849748718"", ""93972487936526721423770075279455909737407561133246099106446256232697159064557""]",72676667720459668200165137999841534576126998576490942457742996617745849748718|93972487936526721423770075279455909737407561133246099106446256232697159064557,93972487936526721423770075279455909737407561133246099106446256232697159064557,No,True,0.06,5.61,0.96,11.82,0.51,0.8999999999999999,b8b02fff2d364d289b4133042e56cb33a215b799,0.01,5,,3.967,
2026-07-14T14:35:11Z,EPL,435490,epl-2026-team-of-the-season,EPL: 2026 PFA Team of the Year,2026-05-01T16:17:58.439577Z,2127692,will-phil-foden-be-named-to-the-2026-pfa-premier-league-team-of-the-year,Will Phil Foden be named to the 2026 PFA Premier League Team of the Year?,0x0f4085f5c4961b9029c600d4f976d0594a302e9f365552b48f500b655f2ac4fa,"[""8033894410953638407847681522327346336043237396295679948351222439635117761656"", ""89182645560093896409280692775338915223534298743660692930735700909064064285484""]",8033894410953638407847681522327346336043237396295679948351222439635117761656|89182645560093896409280692775338915223534298743660692930735700909064064285484,8033894410953638407847681522327346336043237396295679948351222439635117761656,Yes,True,0.04,11.7,0.94,5.61,0.49,0.8999999999999999,62f8d6e82880f1a8f1b9066a29d1756a152fc75e,0.01,5,,3.9118,
2026-07-14T14:35:11Z,EPL,435490,epl-2026-team-of-the-season,EPL: 2026 PFA Team of the Year,2026-05-01T16:17:58.439577Z,2127692,will-phil-foden-be-named-to-the-2026-pfa-premier-league-team-of-the-year,Will Phil Foden be named to the 2026 PFA Premier League Team of the Year?,0x0f4085f5c4961b9029c600d4f976d0594a302e9f365552b48f500b655f2ac4fa,"[""8033894410953638407847681522327346336043237396295679948351222439635117761656"", ""89182645560093896409280692775338915223534298743660692930735700909064064285484""]",8033894410953638407847681522327346336043237396295679948351222439635117761656|89182645560093896409280692775338915223534298743660692930735700909064064285484,89182645560093896409280692775338915223534298743660692930735700909064064285484,No,True,0.06,5.61,0.96,11.7,0.51,0.8999999999999999,3532f4913c83858a167d177e339acc340e9968eb,0.01,5,,3.9118,
2026-07-14T14:35:11Z,EPL,435490,epl-2026-team-of-the-season,EPL: 2026 PFA Team of the Year,2026-05-01T16:17:58.439577Z,2127693,will-bukayo-saka-be-named-to-the-2026-pfa-premier-league-team-of-the-year,Will Bukayo Saka be named to the 2026 PFA Premier League Team of the Year?,0xb31d5274c8acbc2b023593c03fe1cb6367f42a9596ebb5d61b3204457b980730,"[""3899512605908669133631802955015968710467998848723391934123440957914049621850"", ""50079801685037680014087676599806731271595381000363699907442053815397821742247""]",3899512605908669133631802955015968710467998848723391934123440957914049621850|50079801685037680014087676599806731271595381000363699907442053815397821742247,3899512605908669133631802955015968710467998848723391934123440957914049621850,Yes,True,0.04,11.82,0.96,21.7,0.5,0.9199999999999999,06cbc02d57d67b5d42013bb2ec72c6d854612693,0.01,5,,3.6439,5.434775
2026-07-14T14:35:11Z,EPL,435490,epl-2026-team-of-the-season,EPL: 2026 PFA Team of the Year,2026-05-01T16:17:58.439577Z,2127693,will-bukayo-saka-be-named-to-the-2026-pfa-premier-league-team-of-the-year,Will Bukayo Saka be named to the 2026 PFA Premier League Team of the Year?,0xb31d5274c8acbc2b023593c03fe1cb6367f42a9596ebb5d61b3204457b980730,"[""3899512605908669133631802955015968710467998848723391934123440957914049621850"", ""50079801685037680014087676599806731271595381000363699907442053815397821742247""]",3899512605908669133631802955015968710467998848723391934123440957914049621850|50079801685037680014087676599806731271595381000363699907442053815397821742247,50079801685037680014087676599806731271595381000363699907442053815397821742247,No,True,0.04,21.7,0.96,11.82,0.5,0.9199999999999999,593c25ecffef27efacd49e8dec4007b33b2fc36b,0.01,5,,3.6439,5.434775
2026-07-14T16:05:44Z,EPL,333084,epl-team-to-qualify-for-uefa-conference-league,EPL: Team to qualify for UEFA Conference League,2026-04-01T17:27:13.650134Z,1818367,will-arsenal-qualify-for-the-league-phase-of-the-2026-27-uefa-conference-league,Will Arsenal qualify for the League Phase of the 2026-27 UEFA Conference League?,0xe303639e6e879ac5dac9632362583523a2c1ff1ac46645f45fd5c1e7034b3ef7,"[""68901380712839851395966644282518000143877097473327410904576810621084636054002"", ""14101352633367703776049560107649243928150035657062243340231594815518398887879""]",68901380712839851395966644282518000143877097473327410904576810621084636054002|14101352633367703776049560107649243928150035657062243340231594815518398887879,68901380712839851395966644282518000143877097473327410904576810621084636054002,Yes,False,,,,,,,,,,,,467.35890000000006
2026-07-14T16:05:44Z,EPL,333084,epl-team-to-qualify-for-uefa-conference-league,EPL: Team to qualify for UEFA Conference League,2026-04-01T17:27:13.650134Z,1818367,will-arsenal-qualify-for-the-league-phase-of-the-2026-27-uefa-conference-league,Will Arsenal qualify for the League Phase of the 2026-27 UEFA Conference League?,0xe303639e6e879ac5dac9632362583523a2c1ff1ac46645f45fd5c1e7034b3ef7,"[""68901380712839851395966644282518000143877097473327410904576810621084636054002"", ""14101352633367703776049560107649243928150035657062243340231594815518398887879""]",68901380712839851395966644282518000143877097473327410904576810621084636054002|14101352633367703776049560107649243928150035657062243340231594815518398887879,14101352633367703776049560107649243928150035657062243340231594815518398887879,No,False,,,,,,,,,,,,467.35890000000006
2026-07-14T16:05:44Z,EPL,333084,epl-team-to-qualify-for-uefa-conference-league,EPL: Team to qualify for UEFA Conference League,2026-04-01T17:27:13.650134Z,1818368,will-aston-villa-qualify-for-the-league-phase-of-the-2026-27-uefa-conference-league,Will Aston Villa qualify for the League Phase of the 2026-27 UEFA Conference League?,0x28177c964d8b9d218ddc13dac289b4d63545aec7329fb69b12413e1a10a75457,"[""31823132354185101528875214330987706903655516243832510690074648671327601851551"", ""24610182176230826024523430019874907375950075107195029433984156474474467506756""]",31823132354185101528875214330987706903655516243832510690074648671327601851551|24610182176230826024523430019874907375950075107195029433984156474474467506756,31823132354185101528875214330987706903655516243832510690074648671327601851551,Yes,False,,,,,,,,,,,,118.34
2026-07-14T16:05:44Z,EPL,333084,epl-team-to-qualify-for-uefa-conference-league,EPL: Team to qualify for UEFA Conference League,2026-04-01T17:27:13.650134Z,1818368,will-aston-villa-qualify-for-the-league-phase-of-the-2026-27-uefa-conference-league,Will Aston Villa qualify for the League Phase of the 2026-27 UEFA Conference League?,0x28177c964d8b9d218ddc13dac289b4d63545aec7329fb69b12413e1a10a75457,"[""31823132354185101528875214330987706903655516243832510690074648671327601851551"", ""24610182176230826024523430019874907375950075107195029433984156474474467506756""]",31823132354185101528875214330987706903655516243832510690074648671327601851551|24610182176230826024523430019874907375950075107195029433984156474474467506756,24610182176230826024523430019874907375950075107195029433984156474474467506756,No,False,,,,,,,,,,,,118.34
2026-07-14T16:05:44Z,EPL,333084,epl-team-to-qualify-for-uefa-conference-league,EPL: Team to qualify for UEFA Conference League,2026-04-01T17:27:13.650134Z,1818369,will-bournemouth-qualify-for-the-league-phase-of-the-2026-27-uefa-conference-league,Will Bournemouth qualify for the League Phase of the 2026-27 UEFA Conference League?,0x767a11689ea743287c46af43309a57c52055b201a44546f1151ebe770848a4c2,"[""51037068800800327301977700578792391802166844203670527997794112211084782282749"", ""49880512765242008305101129568216821495775216606287544487246019230820484318812""]",51037068800800327301977700578792391802166844203670527997794112211084782282749|49880512765242008305101129568216821495775216606287544487246019230820484318812,51037068800800327301977700578792391802166844203670527997794112211084782282749,Yes,False,,,,,,,,,,,,104.230768
2026-07-14T16:05:44Z,EPL,333084,epl-team-to-qualify-for-uefa-conference-league,EPL: Team to qualify for UEFA Conference League,2026-04-01T17:27:13.650134Z,1818369,will-bournemouth-qualify-for-the-league-phase-of-the-2026-27-uefa-conference-league,Will Bournemouth qualify for the League Phase of the 2026-27 UEFA Conference League?,0x767a11689ea743287c46af43309a57c52055b201a44546f1151ebe770848a4c2,"[""51037068800800327301977700578792391802166844203670527997794112211084782282749"", ""49880512765242008305101129568216821495775216606287544487246019230820484318812""]",51037068800800327301977700578792391802166844203670527997794112211084782282749|49880512765242008305101129568216821495775216606287544487246019230820484318812,49880512765242008305101129568216821495775216606287544487246019230820484318812,No,False,,,,,,,,,,,,104.230768
2026-07-14T16:05:44Z,EPL,333084,epl-team-to-qualify-for-uefa-conference-league,EPL: Team to qualify for UEFA Conference League,2026-04-01T17:27:13.650134Z,1818370,will-brentford-qualify-for-the-league-phase-of-the-2026-27-uefa-conference-league,Will Brentford qualify for the League Phase of the 2026-27 UEFA Conference League?,0x0389abffb5ab63bd6aa4c5a51d9d3aa9448f20cd4ce3aa635fefd2f2349c3a31,"[""28387783984422789854592851598345905688234938653031916751801472369971729754741"", ""114832188258694701659066568174555689813627221405189198849646410747085620840644""]",28387783984422789854592851598345905688234938653031916751801472369971729754741|114832188258694701659066568174555689813627221405189198849646410747085620840644,28387783984422789854592851598345905688234938653031916751801472369971729754741,Yes,False,,,,,,,,,,,,65
2026-07-14T16:05:44Z,EPL,333084,epl-team-to-qualify-for-uefa-conference-league,EPL: Team to qualify for UEFA Conference League,2026-04-01T17:27:13.650134Z,1818370,will-brentford-qualify-for-the-league-phase-of-the-2026-27-uefa-conference-league,Will Brentford qualify for the League Phase of the 2026-27 UEFA Conference League?,0x0389abffb5ab63bd6aa4c5a51d9d3aa9448f20cd4ce3aa635fefd2f2349c3a31,"[""28387783984422789854592851598345905688234938653031916751801472369971729754741"", ""114832188258694701659066568174555689813627221405189198849646410747085620840644""]",28387783984422789854592851598345905688234938653031916751801472369971729754741|114832188258694701659066568174555689813627221405189198849646410747085620840644,114832188258694701659066568174555689813627221405189198849646410747085620840644,No,False,,,,,,,,,,,,65
2026-07-14T16:05:44Z,EPL,333084,epl-team-to-qualify-for-uefa-conference-league,EPL: Team to qualify for UEFA Conference League,2026-04-01T17:27:13.650134Z,1818371,will-brighton-hove-albion-qualify-for-the-league-phase-of-the-2026-27-uefa-conference-league,Will Brighton & Hove Albion qualify for the League Phase of the 2026-27 UEFA Conference League?,0x4e11ad07550e879b771bb74aa2ac543182c0b555f4fd86aaa8c9818d64b91f25,"[""91139930726622392742704198140499166850579482457098783277042371092513674941494"", ""75555949500072945185762043512718261040129266196955015758692797567174442576587""]",91139930726622392742704198140499166850579482457098783277042371092513674941494|75555949500072945185762043512718261040129266196955015758692797567174442576587,91139930726622392742704198140499166850579482457098783277042371092513674941494,Yes,True,0.95,5.1,0.979,73.6,0.9644999999999999,0.029000000000000026,fcd4961fe8230cb69dcdc5486890d05771e40fb3,0.001,5,,170.766,751.4608939999999
2026-07-14T16:05:44Z,EPL,333084,epl-team-to-qualify-for-uefa-conference-league,EPL: Team to qualify for UEFA Conference League,2026-04-01T17:27:13.650134Z,1818371,will-brighton-hove-albion-qualify-for-the-league-phase-of-the-2026-27-uefa-conference-league,Will Brighton & Hove Albion qualify for the League Phase of the 2026-27 UEFA Conference League?,0x4e11ad07550e879b771bb74aa2ac543182c0b555f4fd86aaa8c9818d64b91f25,"[""91139930726622392742704198140499166850579482457098783277042371092513674941494"", ""75555949500072945185762043512718261040129266196955015758692797567174442576587""]",91139930726622392742704198140499166850579482457098783277042371092513674941494|75555949500072945185762043512718261040129266196955015758692797567174442576587,75555949500072945185762043512718261040129266196955015758692797567174442576587,No,True,0.021,73.6,0.05,5.1,0.035500000000000004,0.029,603fe3c24ba0c7597c1638f19461e6de93a3d277,0.001,5,,170.766,751.4608939999999
2026-07-14T16:05:44Z,EPL,333084,epl-team-to-qualify-for-uefa-conference-league,EPL: Team to qualify for UEFA Conference League,2026-04-01T17:27:13.650134Z,1818372,will-chelsea-qualify-for-the-league-phase-of-the-2026-27-uefa-conference-league,Will Chelsea qualify for the League Phase of the 2026-27 UEFA Conference League?,0xa0a419e4b455bbeb1ac06050bf572bbf636c70dc688f201eda6beb257e0ecccf,"[""24304404136401853611354679156736471836167449603878002382670170418575244748347"", ""34932573794344542041315686660932662303391519134203250572504686994553601884919""]",24304404136401853611354679156736471836167449603878002382670170418575244748347|34932573794344542041315686660932662303391519134203250572504686994553601884919,24304404136401853611354679156736471836167449603878002382670170418575244748347,Yes,False,,,,,,,,,,,,193.140308
2026-07-14T16:05:44Z,EPL,333084,epl-team-to-qualify-for-uefa-conference-league,EPL: Team to qualify for UEFA Conference League,2026-04-01T17:27:13.650134Z,1818372,will-chelsea-qualify-for-the-league-phase-of-the-2026-27-uefa-conference-league,Will Chelsea qualify for the League Phase of the 2026-27 UEFA Conference League?,0xa0a419e4b455bbeb1ac06050bf572bbf636c70dc688f201eda6beb257e0ecccf,"[""24304404136401853611354679156736471836167449603878002382670170418575244748347"", ""34932573794344542041315686660932662303391519134203250572504686994553601884919""]",24304404136401853611354679156736471836167449603878002382670170418575244748347|34932573794344542041315686660932662303391519134203250572504686994553601884919,34932573794344542041315686660932662303391519134203250572504686994553601884919,No,False,,,,,,,,,,,,193.140308
2026-07-14T16:05:44Z,EPL,333084,epl-team-to-qualify-for-uefa-conference-league,EPL: Team to qualify for UEFA Conference League,2026-04-01T17:27:13.650134Z,1818373,will-crystal-palace-qualify-for-the-league-phase-of-the-2026-27-uefa-conference-league,Will Crystal Palace qualify for the League Phase of the 2026-27 UEFA Conference League?,0x7fcff1b74a273c0e48b01dafa03fd994fc6d6a80faf2f401808a1f7c906231e2,"[""83595360800340582836220415327748792858014632655765677024450652227649872829217"", ""8722778550304158158775908112102831721712668882628498669387415627760731221547""]",83595360800340582836220415327748792858014632655765677024450652227649872829217|8722778550304158158775908112102831721712668882628498669387415627760731221547,83595360800340582836220415327748792858014632655765677024450652227649872829217,Yes,False,,,,,,,,,,,,55.10415
2026-07-14T16:05:44Z,EPL,333084,epl-team-to-qualify-for-uefa-conference-league,EPL: Team to qualify for UEFA Conference League,2026-04-01T17:27:13.650134Z,1818373,will-crystal-palace-qualify-for-the-league-phase-of-the-2026-27-uefa-conference-league,Will Crystal Palace qualify for the League Phase of the 2026-27 UEFA Conference League?,0x7fcff1b74a273c0e48b01dafa03fd994fc6d6a80faf2f401808a1f7c906231e2,"[""83595360800340582836220415327748792858014632655765677024450652227649872829217"", ""8722778550304158158775908112102831721712668882628498669387415627760731221547""]",83595360800340582836220415327748792858014632655765677024450652227649872829217|8722778550304158158775908112102831721712668882628498669387415627760731221547,8722778550304158158775908112102831721712668882628498669387415627760731221547,No,False,,,,,,,,,,,,55.10415
2026-07-14T16:05:44Z,EPL,333084,epl-team-to-qualify-for-uefa-conference-league,EPL: Team to qualify for UEFA Conference League,2026-04-01T17:27:13.650134Z,1818374,will-everton-qualify-for-the-league-phase-of-the-2026-27-uefa-conference-league,Will Everton qualify for the League Phase of the 2026-27 UEFA Conference League?,0xc2d06ea1b36aa2af374778802062278b37c0681e80b8b30d440eea8c89c69efa,"[""4166923647964243798214643118596450748550925708271797356837126450441673128307"", ""38675784671269789218225363889508272390729885225646140690421495748338190385226""]",4166923647964243798214643118596450748550925708271797356837126450441673128307|38675784671269789218225363889508272390729885225646140690421495748338190385226,4166923647964243798214643118596450748550925708271797356837126450441673128307,Yes,False,,,,,,,,,,,,481.81
2026-07-14T16:05:44Z,EPL,333084,epl-team-to-qualify-for-uefa-conference-league,EPL: Team to qualify for UEFA Conference League,2026-04-01T17:27:13.650134Z,1818374,will-everton-qualify-for-the-league-phase-of-the-2026-27-uefa-conference-league,Will Everton qualify for the League Phase of the 2026-27 UEFA Conference League?,0xc2d06ea1b36aa2af374778802062278b37c0681e80b8b30d440eea8c89c69efa,"[""4166923647964243798214643118596450748550925708271797356837126450441673128307"", ""38675784671269789218225363889508272390729885225646140690421495748338190385226""]",4166923647964243798214643118596450748550925708271797356837126450441673128307|38675784671269789218225363889508272390729885225646140690421495748338190385226,38675784671269789218225363889508272390729885225646140690421495748338190385226,No,False,,,,,,,,,,,,481.81
2026-07-14T16:05:44Z,EPL,333084,epl-team-to-qualify-for-uefa-conference-league,EPL: Team to qualify for UEFA Conference League,2026-04-01T17:27:13.650134Z,1818375,will-fulham-qualify-for-the-league-phase-of-the-2026-27-uefa-conference-league,Will Fulham qualify for the League Phase of the 2026-27 UEFA Conference League?,0xa9c80d9e6d42b63441eb65788fa6715dd14e46e84e92ab0af524aa71de00e9fe,"[""58173349290615436261874750189700214187364770220706840363443501392029514828013"", ""68870830613563352664780739176635792396465611522859759407689581346809698393825""]",58173349290615436261874750189700214187364770220706840363443501392029514828013|68870830613563352664780739176635792396465611522859759407689581346809698393825,58173349290615436261874750189700214187364770220706840363443501392029514828013,Yes,False,,,,,,,,,,,,529.6700000000001
2026-07-14T16:05:44Z,EPL,333084,epl-team-to-qualify-for-uefa-conference-league,EPL: Team to qualify for UEFA Conference League,2026-04-01T17:27:13.650134Z,1818375,will-fulham-qualify-for-the-league-phase-of-the-2026-27-uefa-conference-league,Will Fulham qualify for the League Phase of the 2026-27 UEFA Conference League?,0xa9c80d9e6d42b63441eb65788fa6715dd14e46e84e92ab0af524aa71de00e9fe,"[""58173349290615436261874750189700214187364770220706840363443501392029514828013"", ""68870830613563352664780739176635792396465611522859759407689581346809698393825""]",58173349290615436261874750189700214187364770220706840363443501392029514828013|68870830613563352664780739176635792396465611522859759407689581346809698393825,68870830613563352664780739176635792396465611522859759407689581346809698393825,No,False,,,,,,,,,,,,529.6700000000001
2026-07-14T16:05:44Z,EPL,333084,epl-team-to-qualify-for-uefa-conference-league,EPL: Team to qualify for UEFA Conference League,2026-04-01T17:27:13.650134Z,1818376,will-ipswich-town-qualify-for-the-league-phase-of-the-2026-27-uefa-conference-league,Will Ipswich Town qualify for the League Phase of the 2026-27 UEFA Conference League?,0xfd1fd6c7c9106ccdc0a48fb64385b352808d5f6a4eb0157cb37b834002772000,"[""34575040317828011543308948862359294748447343494151397521995978862299718496252"", ""32703218917373905712439402416747473136357574974365039086658033726899781984701""]",34575040317828011543308948862359294748447343494151397521995978862299718496252|32703218917373905712439402416747473136357574974365039086658033726899781984701,34575040317828011543308948862359294748447343494151397521995978862299718496252,Yes,False,,,,,,,,,,,,185.7979
2026-07-14T16:05:44Z,EPL,333084,epl-team-to-qualify-for-uefa-conference-league,EPL: Team to qualify for UEFA Conference League,2026-04-01T17:27:13.650134Z,1818376,will-ipswich-town-qualify-for-the-league-phase-of-the-2026-27-uefa-conference-league,Will Ipswich Town qualify for the League Phase of the 2026-27 UEFA Conference League?,0xfd1fd6c7c9106ccdc0a48fb64385b352808d5f6a4eb0157cb37b834002772000,"[""34575040317828011543308948862359294748447343494151397521995978862299718496252"", ""32703218917373905712439402416747473136357574974365039086658033726899781984701""]",34575040317828011543308948862359294748447343494151397521995978862299718496252|32703218917373905712439402416747473136357574974365039086658033726899781984701,32703218917373905712439402416747473136357574974365039086658033726899781984701,No,False,,,,,,,,,,,,185.7979
2026-07-14T16:05:44Z,EPL,333084,epl-team-to-qualify-for-uefa-conference-league,EPL: Team to qualify for UEFA Conference League,2026-04-01T17:27:13.650134Z,1818377,will-leicester-city-qualify-for-the-league-phase-of-the-2026-27-uefa-conference-league,Will Leicester City qualify for the League Phase of the 2026-27 UEFA Conference League?,0x7f23bad03e49e8691193b374466a982f76952cc0658302268f2122380250f91d,"[""36855782576831156580765175743466253787995589729798761982205435744452738857165"", ""63267615403020851545105138792098005654530731396339683005908577788229989628684""]",36855782576831156580765175743466253787995589729798761982205435744452738857165|63267615403020851545105138792098005654530731396339683005908577788229989628684,36855782576831156580765175743466253787995589729798761982205435744452738857165,Yes,False,,,,,,,,,,,,185.5555
2026-07-14T16:05:44Z,EPL,333084,epl-team-to-qualify-for-uefa-conference-league,EPL: Team to qualify for UEFA Conference League,2026-04-01T17:27:13.650134Z,1818377,will-leicester-city-qualify-for-the-league-phase-of-the-2026-27-uefa-conference-league,Will Leicester City qualify for the League Phase of the 2026-27 UEFA Conference League?,0x7f23bad03e49e8691193b374466a982f76952cc0658302268f2122380250f91d,"[""36855782576831156580765175743466253787995589729798761982205435744452738857165"", ""63267615403020851545105138792098005654530731396339683005908577788229989628684""]",36855782576831156580765175743466253787995589729798761982205435744452738857165|63267615403020851545105138792098005654530731396339683005908577788229989628684,63267615403020851545105138792098005654530731396339683005908577788229989628684,No,False,,,,,,,,,,,,185.5555
2026-07-14T16:05:44Z,EPL,333084,epl-team-to-qualify-for-uefa-conference-league,EPL: Team to qualify for UEFA Conference League,2026-04-01T17:27:13.650134Z,1818378,will-liverpool-qualify-for-the-league-phase-of-the-2026-27-uefa-conference-league,Will Liverpool qualify for the League Phase of the 2026-27 UEFA Conference League?,0x0f39d177f78abd438be984b36f264c13de879b346ae40bfea0ababc108b83f64,"[""65988948624774144931622911564364302133312968519504468408474435267221324233196"", ""115130602602129428285461614417924472558165741430309539659330809798396288056300""]",65988948624774144931622911564364302133312968519504468408474435267221324233196|115130602602129428285461614417924472558165741430309539659330809798396288056300,65988948624774144931622911564364302133312968519504468408474435267221324233196,Yes,False,,,,,,,,,,,0,175.5
2026-07-14T16:05:44Z,EPL,333084,epl-team-to-qualify-for-uefa-conference-league,EPL: Team to qualify for UEFA Conference League,2026-04-01T17:27:13.650134Z,1818378,will-liverpool-qualify-for-the-league-phase-of-the-2026-27-uefa-conference-league,Will Liverpool qualify for the League Phase of the 2026-27 UEFA Conference League?,0x0f39d177f78abd438be984b36f264c13de879b346ae40bfea0ababc108b83f64,"[""65988948624774144931622911564364302133312968519504468408474435267221324233196"", ""115130602602129428285461614417924472558165741430309539659330809798396288056300""]",65988948624774144931622911564364302133312968519504468408474435267221324233196|115130602602129428285461614417924472558165741430309539659330809798396288056300,115130602602129428285461614417924472558165741430309539659330809798396288056300,No,False,,,,,,,,,,,0,175.5
2026-07-14T16:05:44Z,EPL,333084,epl-team-to-qualify-for-uefa-conference-league,EPL: Team to qualify for UEFA Conference League,2026-04-01T17:27:13.650134Z,1818379,will-manchester-city-qualify-for-the-league-phase-of-the-2026-27-uefa-conference-league,Will Manchester City qualify for the League Phase of the 2026-27 UEFA Conference League?,0x9f502be87b77866442714675eeb0ceec67b36469dab587b15862716b95a22a65,"[""81955707153623233000480445669873960416969320182377332341762765419704043622092"", ""63903621190034107756618838956749324043719317201688365281214818158837560760762""]",81955707153623233000480445669873960416969320182377332341762765419704043622092|63903621190034107756618838956749324043719317201688365281214818158837560760762,81955707153623233000480445669873960416969320182377332341762765419704043622092,Yes,False,,,,,,,,,,,,239.96210000000002
2026-07-14T16:05:44Z,EPL,333084,epl-team-to-qualify-for-uefa-conference-league,EPL: Team to qualify for UEFA Conference League,2026-04-01T17:27:13.650134Z,1818379,will-manchester-city-qualify-for-the-league-phase-of-the-2026-27-uefa-conference-league,Will Manchester City qualify for the League Phase of the 2026-27 UEFA Conference League?,0x9f502be87b77866442714675eeb0ceec67b36469dab587b15862716b95a22a65,"[""81955707153623233000480445669873960416969320182377332341762765419704043622092"", ""63903621190034107756618838956749324043719317201688365281214818158837560760762""]",81955707153623233000480445669873960416969320182377332341762765419704043622092|63903621190034107756618838956749324043719317201688365281214818158837560760762,63903621190034107756618838956749324043719317201688365281214818158837560760762,No,False,,,,,,,,,,,,239.96210000000002
2026-07-14T16:05:44Z,EPL,333084,epl-team-to-qualify-for-uefa-conference-league,EPL: Team to qualify for UEFA Conference League,2026-04-01T17:27:13.650134Z,1818380,will-manchester-united-qualify-for-the-league-phase-of-the-2026-27-uefa-conference-league,Will Manchester United qualify for the League Phase of the 2026-27 UEFA Conference League?,0x10faa15e034abb4d8b58e96fa9cceaeba84182d8d26061672b3090ef60c474c7,"[""14537963265850539015090671292913129800573442530565687433985001158662408488535"", ""24584985274241329793529868323709359334793457968867512216477798918303927163120""]",14537963265850539015090671292913129800573442530565687433985001158662408488535|24584985274241329793529868323709359334793457968867512216477798918303927163120,14537963265850539015090671292913129800573442530565687433985001158662408488535,Yes,False,,,,,,,,,,,,654.06
2026-07-14T16:05:44Z,EPL,333084,epl-team-to-qualify-for-uefa-conference-league,EPL: Team to qualify for UEFA Conference League,2026-04-01T17:27:13.650134Z,1818380,will-manchester-united-qualify-for-the-league-phase-of-the-2026-27-uefa-conference-league,Will Manchester United qualify for the League Phase of the 2026-27 UEFA Conference League?,0x10faa15e034abb4d8b58e96fa9cceaeba84182d8d26061672b3090ef60c474c7,"[""14537963265850539015090671292913129800573442530565687433985001158662408488535"", ""24584985274241329793529868323709359334793457968867512216477798918303927163120""]",14537963265850539015090671292913129800573442530565687433985001158662408488535|24584985274241329793529868323709359334793457968867512216477798918303927163120,24584985274241329793529868323709359334793457968867512216477798918303927163120,No,False,,,,,,,,,,,,654.06
2026-07-14T16:05:44Z,EPL,333084,epl-team-to-qualify-for-uefa-conference-league,EPL: Team to qualify for UEFA Conference League,2026-04-01T17:27:13.650134Z,1818381,will-newcastle-united-qualify-for-the-league-phase-of-the-2026-27-uefa-conference-league,Will Newcastle United qualify for the League Phase of the 2026-27 UEFA Conference League?,0xb0716d2b36fd90dd54c600a9e7647616490002987e3eb1ecb3d10ead4d62d33c,"[""59224980280942325666569394558997382798882386438436610001858371645471216555919"", ""79970515927998557660930530711963196679174481368659736459630565505379849389257""]",59224980280942325666569394558997382798882386438436610001858371645471216555919|79970515927998557660930530711963196679174481368659736459630565505379849389257,59224980280942325666569394558997382798882386438436610001858371645471216555919,Yes,False,,,,,,,,,,,,411.9
2026-07-14T16:05:44Z,EPL,333084,epl-team-to-qualify-for-uefa-conference-league,EPL: Team to qualify for UEFA Conference League,2026-04-01T17:27:13.650134Z,1818381,will-newcastle-united-qualify-for-the-league-phase-of-the-2026-27-uefa-conference-league,Will Newcastle United qualify for the League Phase of the 2026-27 UEFA Conference League?,0xb0716d2b36fd90dd54c600a9e7647616490002987e3eb1ecb3d10ead4d62d33c,"[""59224980280942325666569394558997382798882386438436610001858371645471216555919"", ""79970515927998557660930530711963196679174481368659736459630565505379849389257""]",59224980280942325666569394558997382798882386438436610001858371645471216555919|79970515927998557660930530711963196679174481368659736459630565505379849389257,79970515927998557660930530711963196679174481368659736459630565505379849389257,No,False,,,,,,,,,,,,411.9
2026-07-14T16:05:44Z,EPL,333084,epl-team-to-qualify-for-uefa-conference-league,EPL: Team to qualify for UEFA Conference League,2026-04-01T17:27:13.650134Z,1818382,will-nottingham-forest-qualify-for-the-league-phase-of-the-2026-27-uefa-conference-league,Will Nottingham Forest qualify for the League Phase of the 2026-27 UEFA Conference League?,0xe911ed8e88ee4d94cb587ed6128a6c15596d9338a4d90b78b9ea20b0578fc156,"[""19481881546917834293067497074329377518935142669934498853237227966392229142245"", ""57602898067754327037427882833634701750997153547931685588132390215919583981742""]",19481881546917834293067497074329377518935142669934498853237227966392229142245|57602898067754327037427882833634701750997153547931685588132390215919583981742,19481881546917834293067497074329377518935142669934498853237227966392229142245,Yes,False,,,,,,,,,,,,407.7161
2026-07-14T16:05:44Z,EPL,333084,epl-team-to-qualify-for-uefa-conference-league,EPL: Team to qualify for UEFA Conference League,2026-04-01T17:27:13.650134Z,1818382,will-nottingham-forest-qualify-for-the-league-phase-of-the-2026-27-uefa-conference-league,Will Nottingham Forest qualify for the League Phase of the 2026-27 UEFA Conference League?,0xe911ed8e88ee4d94cb587ed6128a6c15596d9338a4d90b78b9ea20b0578fc156,"[""19481881546917834293067497074329377518935142669934498853237227966392229142245"", ""57602898067754327037427882833634701750997153547931685588132390215919583981742""]",19481881546917834293067497074329377518935142669934498853237227966392229142245|57602898067754327037427882833634701750997153547931685588132390215919583981742,57602898067754327037427882833634701750997153547931685588132390215919583981742,No,False,,,,,,,,,,,,407.7161
2026-07-14T16:05:44Z,EPL,333084,epl-team-to-qualify-for-uefa-conference-league,EPL: Team to qualify for UEFA Conference League,2026-04-01T17:27:13.650134Z,1818383,will-southampton-qualify-for-the-league-phase-of-the-2026-27-uefa-conference-league,Will Southampton qualify for the League Phase of the 2026-27 UEFA Conference League?,0x7ca2adbbd88851add0e546dd78574d7e79fc00c76e8c490e5692bf8023c11e75,"[""26877828097379119176280047098274709531228788895296330595994436624390898867911"", ""115748130349087715420332870666315257990045222809843222754054247382701059943674""]",26877828097379119176280047098274709531228788895296330595994436624390898867911|115748130349087715420332870666315257990045222809843222754054247382701059943674,26877828097379119176280047098274709531228788895296330595994436624390898867911,Yes,False,,,,,,,,,,,0,617.6899999999999
2026-07-14T16:05:44Z,EPL,333084,epl-team-to-qualify-for-uefa-conference-league,EPL: Team to qualify for UEFA Conference League,2026-04-01T17:27:13.650134Z,1818383,will-southampton-qualify-for-the-league-phase-of-the-2026-27-uefa-conference-league,Will Southampton qualify for the League Phase of the 2026-27 UEFA Conference League?,0x7ca2adbbd88851add0e546dd78574d7e79fc00c76e8c490e5692bf8023c11e75,"[""26877828097379119176280047098274709531228788895296330595994436624390898867911"", ""115748130349087715420332870666315257990045222809843222754054247382701059943674""]",26877828097379119176280047098274709531228788895296330595994436624390898867911|115748130349087715420332870666315257990045222809843222754054247382701059943674,115748130349087715420332870666315257990045222809843222754054247382701059943674,No,False,,,,,,,,,,,0,617.6899999999999
2026-07-14T16:05:44Z,EPL,333084,epl-team-to-qualify-for-uefa-conference-league,EPL: Team to qualify for UEFA Conference League,2026-04-01T17:27:13.650134Z,1818384,will-tottenham-hotspur-qualify-for-the-league-phase-of-the-2026-27-uefa-conference-league,Will Tottenham Hotspur qualify for the League Phase of the 2026-27 UEFA Conference League?,0xe98b7da9a346eb2aced5b9300c7a53e4d7c147741b546f005de0b3c0d89e0ae1,"[""16165000919596414242427788888124743916698715129044155178467657105167009019476"", ""114828181514576721851254739097127564151815507804110569853443476924908844910766""]",16165000919596414242427788888124743916698715129044155178467657105167009019476|114828181514576721851254739097127564151815507804110569853443476924908844910766,16165000919596414242427788888124743916698715129044155178467657105167009019476,Yes,False,,,,,,,,,,,,1126.7675
2026-07-14T16:05:44Z,EPL,333084,epl-team-to-qualify-for-uefa-conference-league,EPL: Team to qualify for UEFA Conference League,2026-04-01T17:27:13.650134Z,1818384,will-tottenham-hotspur-qualify-for-the-league-phase-of-the-2026-27-uefa-conference-league,Will Tottenham Hotspur qualify for the League Phase of the 2026-27 UEFA Conference League?,0xe98b7da9a346eb2aced5b9300c7a53e4d7c147741b546f005de0b3c0d89e0ae1,"[""16165000919596414242427788888124743916698715129044155178467657105167009019476"", ""114828181514576721851254739097127564151815507804110569853443476924908844910766""]",16165000919596414242427788888124743916698715129044155178467657105167009019476|114828181514576721851254739097127564151815507804110569853443476924908844910766,114828181514576721851254739097127564151815507804110569853443476924908844910766,No,False,,,,,,,,,,,,1126.7675
2026-07-14T16:05:44Z,EPL,333084,epl-team-to-qualify-for-uefa-conference-league,EPL: Team to qualify for UEFA Conference League,2026-04-01T17:27:13.650134Z,1818385,will-west-ham-united-qualify-for-the-league-phase-of-the-2026-27-uefa-conference-league,Will West Ham United qualify for the League Phase of the 2026-27 UEFA Conference League?,0xbc79053a1f7691b55171b4a210da33b3c3fba449c9df4fd954856635f8da0e8e,"[""54894379652853834326297942957419603346481276275403414881816173756537774757640"", ""33108900391203812803918822219418560079370282336069888352885661677363224124116""]",54894379652853834326297942957419603346481276275403414881816173756537774757640|33108900391203812803918822219418560079370282336069888352885661677363224124116,54894379652853834326297942957419603346481276275403414881816173756537774757640,Yes,False,,,,,,,,,,,,207.137
2026-07-14T16:05:44Z,EPL,333084,epl-team-to-qualify-for-uefa-conference-league,EPL: Team to qualify for UEFA Conference League,2026-04-01T17:27:13.650134Z,1818385,will-west-ham-united-qualify-for-the-league-phase-of-the-2026-27-uefa-conference-league,Will West Ham United qualify for the League Phase of the 2026-27 UEFA Conference League?,0xbc79053a1f7691b55171b4a210da33b3c3fba449c9df4fd954856635f8da0e8e,"[""54894379652853834326297942957419603346481276275403414881816173756537774757640"", ""33108900391203812803918822219418560079370282336069888352885661677363224124116""]",54894379652853834326297942957419603346481276275403414881816173756537774757640|33108900391203812803918822219418560079370282336069888352885661677363224124116,33108900391203812803918822219418560079370282336069888352885661677363224124116,No,False,,,,,,,,,,,,207.137
2026-07-14T16:05:44Z,EPL,333084,epl-team-to-qualify-for-uefa-conference-league,EPL: Team to qualify for UEFA Conference League,2026-04-01T17:27:13.650134Z,1818386,will-wolverhampton-wanderers-qualify-for-the-league-phase-of-the-2026-27-uefa-conference-league,Will Wolverhampton Wanderers qualify for the League Phase of the 2026-27 UEFA Conference League?,0x612a47d48e42fc85f4b3099edd0779c399e7393325bae5ef494fbec0b518be97,"[""39645891629689350247020865542579082583944711546641819664090458601825821008952"", ""27752113810792547257158395279414992925826179248970504390132410269490063597360""]",39645891629689350247020865542579082583944711546641819664090458601825821008952|27752113810792547257158395279414992925826179248970504390132410269490063597360,39645891629689350247020865542579082583944711546641819664090458601825821008952,Yes,False,,,,,,,,,,,,216.45
2026-07-14T16:05:44Z,EPL,333084,epl-team-to-qualify-for-uefa-conference-league,EPL: Team to qualify for UEFA Conference League,2026-04-01T17:27:13.650134Z,1818386,will-wolverhampton-wanderers-qualify-for-the-league-phase-of-the-2026-27-uefa-conference-league,Will Wolverhampton Wanderers qualify for the League Phase of the 2026-27 UEFA Conference League?,0x612a47d48e42fc85f4b3099edd0779c399e7393325bae5ef494fbec0b518be97,"[""39645891629689350247020865542579082583944711546641819664090458601825821008952"", ""27752113810792547257158395279414992925826179248970504390132410269490063597360""]",39645891629689350247020865542579082583944711546641819664090458601825821008952|27752113810792547257158395279414992925826179248970504390132410269490063597360,27752113810792547257158395279414992925826179248970504390132410269490063597360,No,False,,,,,,,,,,,,216.45
2026-07-14T16:05:44Z,EPL,435490,epl-2026-team-of-the-season,EPL: 2026 PFA Team of the Year,2026-05-01T16:17:58.439577Z,2127663,will-david-raya-be-named-to-the-2026-pfa-premier-league-team-of-the-year,Will David Raya be named to the 2026 PFA Premier League Team of the Year?,0x50561f0ac9fb48ce9b1dc8f78f84dea5e43d9d30bd507eb93fa57b11a996ffeb,"[""3488261232009523381576281256634840719226792569353110860105294590188599877555"", ""33896607823388600558222421347266613674976673770405419631622989961143438148884""]",3488261232009523381576281256634840719226792569353110860105294590188599877555|33896607823388600558222421347266613674976673770405419631622989961143438148884,3488261232009523381576281256634840719226792569353110860105294590188599877555,Yes,True,0.06,5.61,0.96,11.82,0.51,0.8999999999999999,50cd4b11210958b57e39bdc524ff36531f361d91,0.01,5,,3.9669,
2026-07-14T16:05:44Z,EPL,435490,epl-2026-team-of-the-season,EPL: 2026 PFA Team of the Year,2026-05-01T16:17:58.439577Z,2127663,will-david-raya-be-named-to-the-2026-pfa-premier-league-team-of-the-year,Will David Raya be named to the 2026 PFA Premier League Team of the Year?,0x50561f0ac9fb48ce9b1dc8f78f84dea5e43d9d30bd507eb93fa57b11a996ffeb,"[""3488261232009523381576281256634840719226792569353110860105294590188599877555"", ""33896607823388600558222421347266613674976673770405419631622989961143438148884""]",3488261232009523381576281256634840719226792569353110860105294590188599877555|33896607823388600558222421347266613674976673770405419631622989961143438148884,33896607823388600558222421347266613674976673770405419631622989961143438148884,No,True,0.04,11.82,0.94,5.61,0.49,0.8999999999999999,21a6223b55a8a138758d33dfd9ec90ecbecc1f1d,0.01,5,,3.9669,
2026-07-14T16:05:44Z,EPL,435490,epl-2026-team-of-the-season,EPL: 2026 PFA Team of the Year,2026-05-01T16:17:58.439577Z,2127664,will-jordan-pickford-be-named-to-the-2026-pfa-premier-league-team-of-the-year,Will Jordan Pickford be named to the 2026 PFA Premier League Team of the Year?,0x206d3cf11b86b16708f160e1e5223e75f4f0b126fbfecb52300077792e4a978f,"[""69002409170326112222673578355907486486435514190626080376764720483535336436602"", ""29764786967669041151836718379664776749611256940389381248189333088896507813340""]",69002409170326112222673578355907486486435514190626080376764720483535336436602|29764786967669041151836718379664776749611256940389381248189333088896507813340,69002409170326112222673578355907486486435514190626080376764720483535336436602,Yes,True,0.04,11.99,0.94,5.61,0.49,0.8999999999999999,fa748c4117a3b95260ed416b1a9515c08253d7f0,0.01,5,,3.9669,
2026-07-14T16:05:44Z,EPL,435490,epl-2026-team-of-the-season,EPL: 2026 PFA Team of the Year,2026-05-01T16:17:58.439577Z,2127664,will-jordan-pickford-be-named-to-the-2026-pfa-premier-league-team-of-the-year,Will Jordan Pickford be named to the 2026 PFA Premier League Team of the Year?,0x206d3cf11b86b16708f160e1e5223e75f4f0b126fbfecb52300077792e4a978f,"[""69002409170326112222673578355907486486435514190626080376764720483535336436602"", ""29764786967669041151836718379664776749611256940389381248189333088896507813340""]",69002409170326112222673578355907486486435514190626080376764720483535336436602|29764786967669041151836718379664776749611256940389381248189333088896507813340,29764786967669041151836718379664776749611256940389381248189333088896507813340,No,True,0.06,5.61,0.96,11.99,0.51,0.8999999999999999,36599ae476171c6280e49673cd8218d8637186bc,0.01,5,,3.9669,
2026-07-14T16:05:44Z,EPL,435490,epl-2026-team-of-the-season,EPL: 2026 PFA Team of the Year,2026-05-01T16:17:58.439577Z,2127665,will-dean-henderson-be-named-to-the-2026-pfa-premier-league-team-of-the-year,Will Dean Henderson be named to the 2026 PFA Premier League Team of the Year?,0x67ebb7796df1324b1b084b0aaa59e3379513583ac93e3c8e968935e7dbb1f535,"[""77730449116026385251216021681478758817188404733132958155748625297475510396335"", ""86484569427189395298179892127162282618369840953731094949208918944830421003973""]",77730449116026385251216021681478758817188404733132958155748625297475510396335|86484569427189395298179892127162282618369840953731094949208918944830421003973,77730449116026385251216021681478758817188404733132958155748625297475510396335,Yes,True,0.04,11.82,0.94,5.61,0.49,0.8999999999999999,67bae7c629491a07ae8d823b76e3315844ea5fed,0.01,5,,3.9118,
2026-07-14T16:05:44Z,EPL,435490,epl-2026-team-of-the-season,EPL: 2026 PFA Team of the Year,2026-05-01T16:17:58.439577Z,2127665,will-dean-henderson-be-named-to-the-2026-pfa-premier-league-team-of-the-year,Will Dean Henderson be named to the 2026 PFA Premier League Team of the Year?,0x67ebb7796df1324b1b084b0aaa59e3379513583ac93e3c8e968935e7dbb1f535,"[""77730449116026385251216021681478758817188404733132958155748625297475510396335"", ""86484569427189395298179892127162282618369840953731094949208918944830421003973""]",77730449116026385251216021681478758817188404733132958155748625297475510396335|86484569427189395298179892127162282618369840953731094949208918944830421003973,86484569427189395298179892127162282618369840953731094949208918944830421003973,No,True,0.06,5.61,0.96,11.82,0.51,0.8999999999999999,2aec7e6110673206b976d40fd35856e3396698aa,0.01,5,,3.9118,
2026-07-14T16:05:44Z,EPL,435490,epl-2026-team-of-the-season,EPL: 2026 PFA Team of the Year,2026-05-01T16:17:58.439577Z,2127666,will-robin-roefs-be-named-to-the-2026-pfa-premier-league-team-of-the-year,Will Robin Roefs be named to the 2026 PFA Premier League Team of the Year?,0xdae0f14d1b5ea256638164c6578853226408702f44e238ca8fa692998fdc6332,"[""70182957445101902779363373709716695169810926012757858042099415085409463195888"", ""90699863564786576085723598309072905823666331748016080742800846290619606364496""]",70182957445101902779363373709716695169810926012757858042099415085409463195888|90699863564786576085723598309072905823666331748016080742800846290619606364496,70182957445101902779363373709716695169810926012757858042099415085409463195888,Yes,True,0.04,10.77,0.94,5.61,0.49,0.8999999999999999,9a776dc233de922f83f0fa55a5566f75522deb2e,0.01,5,,3.7652,
2026-07-14T16:05:44Z,EPL,435490,epl-2026-team-of-the-season,EPL: 2026 PFA Team of the Year,2026-05-01T16:17:58.439577Z,2127666,will-robin-roefs-be-named-to-the-2026-pfa-premier-league-team-of-the-year,Will Robin Roefs be named to the 2026 PFA Premier League Team of the Year?,0xdae0f14d1b5ea256638164c6578853226408702f44e238ca8fa692998fdc6332,"[""70182957445101902779363373709716695169810926012757858042099415085409463195888"", ""90699863564786576085723598309072905823666331748016080742800846290619606364496""]",70182957445101902779363373709716695169810926012757858042099415085409463195888|90699863564786576085723598309072905823666331748016080742800846290619606364496,90699863564786576085723598309072905823666331748016080742800846290619606364496,No,True,0.06,5.61,0.96,10.77,0.51,0.8999999999999999,670f8a84dc29dcfc9e9a0d9daf2747c66210706c,0.01,5,,3.7652,
2026-07-14T16:05:44Z,EPL,435490,epl-2026-team-of-the-season,EPL: 2026 PFA Team of the Year,2026-05-01T16:17:58.439577Z,2127667,will-gianluigi-donnarumma-be-named-to-the-2026-pfa-premier-league-team-of-the-year,Will Gianluigi Donnarumma be named to the 2026 PFA Premier League Team of the Year?,0x322441734b9f23744de899e345ef48ec25e0055f8b1bfc19fe4612055a8ff2df,"[""65007673257262595676530056363240287641293306267550009290432560084643152028010"", ""97388027101380065799871752579213229783305736941572715830099055292320933629215""]",65007673257262595676530056363240287641293306267550009290432560084643152028010|97388027101380065799871752579213229783305736941572715830099055292320933629215,65007673257262595676530056363240287641293306267550009290432560084643152028010,Yes,True,0.04,11.7,0.96,11.7,0.5,0.9199999999999999,17541b244abca5e22879ef2361cb860d61a3344c,0.01,5,,4.252,
2026-07-14T16:05:44Z,EPL,435490,epl-2026-team-of-the-season,EPL: 2026 PFA Team of the Year,2026-05-01T16:17:58.439577Z,2127667,will-gianluigi-donnarumma-be-named-to-the-2026-pfa-premier-league-team-of-the-year,Will Gianluigi Donnarumma be named to the 2026 PFA Premier League Team of the Year?,0x322441734b9f23744de899e345ef48ec25e0055f8b1bfc19fe4612055a8ff2df,"[""65007673257262595676530056363240287641293306267550009290432560084643152028010"", ""97388027101380065799871752579213229783305736941572715830099055292320933629215""]",65007673257262595676530056363240287641293306267550009290432560084643152028010|97388027101380065799871752579213229783305736941572715830099055292320933629215,97388027101380065799871752579213229783305736941572715830099055292320933629215,No,True,0.04,11.7,0.96,11.7,0.5,0.9199999999999999,53411801721ebe0fd11b09c927dd2801a67bb469,0.01,5,,4.252,
2026-07-14T16:05:44Z,EPL,435490,epl-2026-team-of-the-season,EPL: 2026 PFA Team of the Year,2026-05-01T16:17:58.439577Z,2127668,will-jurrien-timber-be-named-to-the-2026-pfa-premier-league-team-of-the-year,Will Jurrien Timber be named to the 2026 PFA Premier League Team of the Year?,0x97ca47da99683bddec8036ce29388c2e400e7cecfea8ac4dbef54ac0791cc593,"[""58745854058166153005664210409408254918505117901359386106376082227012206838503"", ""43365583002812118163534009703280808191029196488960918105614424745527498298109""]",58745854058166153005664210409408254918505117901359386106376082227012206838503|43365583002812118163534009703280808191029196488960918105614424745527498298109,58745854058166153005664210409408254918505117901359386106376082227012206838503,Yes,True,0.04,11.98,0.96,10.77,0.5,0.9199999999999999,328f5728397739d348ab92563fdcc07f80ab76cd,0.01,5,,4.116,
2026-07-14T16:05:44Z,EPL,435490,epl-2026-team-of-the-season,EPL: 2026 PFA Team of the Year,2026-05-01T16:17:58.439577Z,2127668,will-jurrien-timber-be-named-to-the-2026-pfa-premier-league-team-of-the-year,Will Jurrien Timber be named to the 2026 PFA Premier League Team of the Year?,0x97ca47da99683bddec8036ce29388c2e400e7cecfea8ac4dbef54ac0791cc593,"[""58745854058166153005664210409408254918505117901359386106376082227012206838503"", ""43365583002812118163534009703280808191029196488960918105614424745527498298109""]",58745854058166153005664210409408254918505117901359386106376082227012206838503|43365583002812118163534009703280808191029196488960918105614424745527498298109,43365583002812118163534009703280808191029196488960918105614424745527498298109,No,True,0.04,10.77,0.96,11.98,0.5,0.9199999999999999,d47179caf365fae19dc582f852d61cb15ee67d8d,0.01,5,,4.116,
2026-07-14T16:05:44Z,EPL,435490,epl-2026-team-of-the-season,EPL: 2026 PFA Team of the Year,2026-05-01T16:17:58.439577Z,2127669,will-matheus-nunes-be-named-to-the-2026-pfa-premier-league-team-of-the-year,Will Matheus Nunes be named to the 2026 PFA Premier League Team of the Year?,0x236166693870332c38cc1f290d2de8a00eafa1b78519182663a58811b1011705,"[""71852886829417081758693278389180020836881806315641141653569411011094941385487"", ""27873264127773337044236459909692649813557879461485496445916977915515730222703""]",71852886829417081758693278389180020836881806315641141653569411011094941385487|27873264127773337044236459909692649813557879461485496445916977915515730222703,71852886829417081758693278389180020836881806315641141653569411011094941385487,Yes,True,0.05,6.06,0.96,10.77,0.505,0.9099999999999999,d26480cefd2178e47b24710969d760b5dfaa98fd,0.01,5,,4.1822,
2026-07-14T16:05:44Z,EPL,435490,epl-2026-team-of-the-season,EPL: 2026 PFA Team of the Year,2026-05-01T16:17:58.439577Z,2127669,will-matheus-nunes-be-named-to-the-2026-pfa-premier-league-team-of-the-year,Will Matheus Nunes be named to the 2026 PFA Premier League Team of the Year?,0x236166693870332c38cc1f290d2de8a00eafa1b78519182663a58811b1011705,"[""71852886829417081758693278389180020836881806315641141653569411011094941385487"", ""27873264127773337044236459909692649813557879461485496445916977915515730222703""]",71852886829417081758693278389180020836881806315641141653569411011094941385487|27873264127773337044236459909692649813557879461485496445916977915515730222703,27873264127773337044236459909692649813557879461485496445916977915515730222703,No,True,0.04,10.77,0.95,6.06,0.495,0.9099999999999999,5a81a00d956608299a71885da0955517261160d3,0.01,5,,4.1822,
2026-07-14T16:05:44Z,EPL,435490,epl-2026-team-of-the-season,EPL: 2026 PFA Team of the Year,2026-05-01T16:17:58.439577Z,2127670,will-gabriel-magalhes-be-named-to-the-2026-pfa-premier-league-team-of-the-year,Will Gabriel Magalhães be named to the 2026 PFA Premier League Team of the Year?,0xd3d8a97f490967ba04bcf06a1f1fa0b8e14ff08f5f0781bccb14c7eb1cf34ca6,"[""112756383879220814577105643520650901454791316512357676513193784191480344438666"", ""7697378624768914483353901406042873706810082834244678754453720343911008090965""]",112756383879220814577105643520650901454791316512357676513193784191480344438666|7697378624768914483353901406042873706810082834244678754453720343911008090965,112756383879220814577105643520650901454791316512357676513193784191480344438666,Yes,True,0.06,5.61,0.96,10.77,0.51,0.8999999999999999,1f212fb9685808d374aaaa9767a67a30d9881157,0.01,5,,3.7653,
2026-07-14T16:05:44Z,EPL,435490,epl-2026-team-of-the-season,EPL: 2026 PFA Team of the Year,2026-05-01T16:17:58.439577Z,2127670,will-gabriel-magalhes-be-named-to-the-2026-pfa-premier-league-team-of-the-year,Will Gabriel Magalhães be named to the 2026 PFA Premier League Team of the Year?,0xd3d8a97f490967ba04bcf06a1f1fa0b8e14ff08f5f0781bccb14c7eb1cf34ca6,"[""112756383879220814577105643520650901454791316512357676513193784191480344438666"", ""7697378624768914483353901406042873706810082834244678754453720343911008090965""]",112756383879220814577105643520650901454791316512357676513193784191480344438666|7697378624768914483353901406042873706810082834244678754453720343911008090965,7697378624768914483353901406042873706810082834244678754453720343911008090965,No,True,0.04,10.77,0.94,5.61,0.49,0.8999999999999999,81a33ba699c05b63af894539e2429b03a2bdcbef,0.01,5,,3.7653,
2026-07-14T16:05:44Z,EPL,435490,epl-2026-team-of-the-season,EPL: 2026 PFA Team of the Year,2026-05-01T16:17:58.439577Z,2127671,will-william-saliba-be-named-to-the-2026-pfa-premier-league-team-of-the-year,Will William Saliba be named to the 2026 PFA Premier League Team of the Year?,0xc344b5f7891b8617e7118aaa24bac3840a587691c1a36daa479a61de0b79bcb6,"[""47207660538745167295586664941849591121956044929877358537501900994850424263330"", ""105234782857798608331719124706582304874620432378282673665444164066431160124095""]",47207660538745167295586664941849591121956044929877358537501900994850424263330|105234782857798608331719124706582304874620432378282673665444164066431160124095,47207660538745167295586664941849591121956044929877358537501900994850424263330,Yes,True,0.04,10.77,0.96,10.77,0.5,0.9199999999999999,20d75b985b5a67b4e70c0b7f5d094749dee1c0ea,0.01,5,,4.1822,
2026-07-14T16:05:44Z,EPL,435490,epl-2026-team-of-the-season,EPL: 2026 PFA Team of the Year,2026-05-01T16:17:58.439577Z,2127671,will-william-saliba-be-named-to-the-2026-pfa-premier-league-team-of-the-year,Will William Saliba be named to the 2026 PFA Premier League Team of the Year?,0xc344b5f7891b8617e7118aaa24bac3840a587691c1a36daa479a61de0b79bcb6,"[""47207660538745167295586664941849591121956044929877358537501900994850424263330"", ""105234782857798608331719124706582304874620432378282673665444164066431160124095""]",47207660538745167295586664941849591121956044929877358537501900994850424263330|105234782857798608331719124706582304874620432378282673665444164066431160124095,105234782857798608331719124706582304874620432378282673665444164066431160124095,No,True,0.04,10.77,0.96,10.77,0.5,0.9199999999999999,922663d74bf070d47773db1af72140c6a7c5488b,0.01,5,,4.1822,
2026-07-14T16:05:44Z,EPL,435490,epl-2026-team-of-the-season,EPL: 2026 PFA Team of the Year,2026-05-01T16:17:58.439577Z,2127672,will-marc-guehi-be-named-to-the-2026-pfa-premier-league-team-of-the-year,Will Marc Guehi be named to the 2026 PFA Premier League Team of the Year?,0x9a7829bcaf4bd65e903739dace6db739a8b68a396fd2c71a3d23d2a2cf2e88c5,"[""18774341203836696417330165615678664168245576790259527905518242337305438497157"", ""17833812615529939189123941305353432679112045501201563425472779980851390683424""]",18774341203836696417330165615678664168245576790259527905518242337305438497157|17833812615529939189123941305353432679112045501201563425472779980851390683424,18774341203836696417330165615678664168245576790259527905518242337305438497157,Yes,True,0.04,10.77,0.96,11.82,0.5,0.9199999999999999,4e07f8cf08963ce3b6202a5b55424567b563af22,0.01,5,,4.1823,
2026-07-14T16:05:44Z,EPL,435490,epl-2026-team-of-the-season,EPL: 2026 PFA Team of the Year,2026-05-01T16:17:58.439577Z,2127672,will-marc-guehi-be-named-to-the-2026-pfa-premier-league-team-of-the-year,Will Marc Guehi be named to the 2026 PFA Premier League Team of the Year?,0x9a7829bcaf4bd65e903739dace6db739a8b68a396fd2c71a3d23d2a2cf2e88c5,"[""18774341203836696417330165615678664168245576790259527905518242337305438497157"", ""17833812615529939189123941305353432679112045501201563425472779980851390683424""]",18774341203836696417330165615678664168245576790259527905518242337305438497157|17833812615529939189123941305353432679112045501201563425472779980851390683424,17833812615529939189123941305353432679112045501201563425472779980851390683424,No,True,0.04,11.82,0.96,10.77,0.5,0.9199999999999999,c08f096b3f4b84d5b3d44a889855128213431e25,0.01,5,,4.1823,
2026-07-14T16:05:44Z,EPL,435490,epl-2026-team-of-the-season,EPL: 2026 PFA Team of the Year,2026-05-01T16:17:58.439577Z,2127673,will-virgil-van-dijk-be-named-to-the-2026-pfa-premier-league-team-of-the-year,Will Virgil van Dijk be named to the 2026 PFA Premier League Team of the Year?,0x644231d6b178ebd20f0ab0b061a790f9dee4479ce96ab40686c8ade6f50a0238,"[""31721429411257768645758803262981554412084956132795321375044902571901613004887"", ""113776996666262784023568460080999498147130358875198884777079734831639187945943""]",31721429411257768645758803262981554412084956132795321375044902571901613004887|113776996666262784023568460080999498147130358875198884777079734831639187945943,31721429411257768645758803262981554412084956132795321375044902571901613004887,Yes,True,0.04,13.63,0.95,8.62,0.495,0.9099999999999999,bb64092c2c4f3095deddb2f9e00539c37be279cf,0.01,5,,5.2563,1.694914
2026-07-14T16:05:44Z,EPL,435490,epl-2026-team-of-the-season,EPL: 2026 PFA Team of the Year,2026-05-01T16:17:58.439577Z,2127673,will-virgil-van-dijk-be-named-to-the-2026-pfa-premier-league-team-of-the-year,Will Virgil van Dijk be named to the 2026 PFA Premier League Team of the Year?,0x644231d6b178ebd20f0ab0b061a790f9dee4479ce96ab40686c8ade6f50a0238,"[""31721429411257768645758803262981554412084956132795321375044902571901613004887"", ""113776996666262784023568460080999498147130358875198884777079734831639187945943""]",31721429411257768645758803262981554412084956132795321375044902571901613004887|113776996666262784023568460080999498147130358875198884777079734831639187945943,113776996666262784023568460080999498147130358875198884777079734831639187945943,No,True,0.05,8.62,0.96,13.63,0.505,0.9099999999999999,32680e5383410f71559fb404d9a26ddd47d0a2f8,0.01,5,,5.2563,1.694914
2026-07-14T16:05:44Z,EPL,435490,epl-2026-team-of-the-season,EPL: 2026 PFA Team of the Year,2026-05-01T16:17:58.439577Z,2127674,will-marc-cucurella-be-named-to-the-2026-pfa-premier-league-team-of-the-year,Will Marc Cucurella be named to the 2026 PFA Premier League Team of the Year?,0xe74cf34bab6946206532fd38cbf5a7eb4b346f7d13bffc6ae16eb3a69a4225d0,"[""59830425161161665808750586172447751894718446914006207206558327469584286337472"", ""85414521652635437338276097105191648874111759265882984452544936528659374053637""]",59830425161161665808750586172447751894718446914006207206558327469584286337472|85414521652635437338276097105191648874111759265882984452544936528659374053637,59830425161161665808750586172447751894718446914006207206558327469584286337472,Yes,True,0.04,11.82,0.96,10.77,0.5,0.9199999999999999,a47bcebdcf8bf4f6afd797d091f41506e872cd4a,0.01,5,,4.12,
2026-07-14T16:05:44Z,EPL,435490,epl-2026-team-of-the-season,EPL: 2026 PFA Team of the Year,2026-05-01T16:17:58.439577Z,2127674,will-marc-cucurella-be-named-to-the-2026-pfa-premier-league-team-of-the-year,Will Marc Cucurella be named to the 2026 PFA Premier League Team of the Year?,0xe74cf34bab6946206532fd38cbf5a7eb4b346f7d13bffc6ae16eb3a69a4225d0,"[""59830425161161665808750586172447751894718446914006207206558327469584286337472"", ""85414521652635437338276097105191648874111759265882984452544936528659374053637""]",59830425161161665808750586172447751894718446914006207206558327469584286337472|85414521652635437338276097105191648874111759265882984452544936528659374053637,85414521652635437338276097105191648874111759265882984452544936528659374053637,No,True,0.04,10.77,0.96,11.82,0.5,0.9199999999999999,5b62c0660e1ce60c690cc9e811abdd2cdd93865f,0.01,5,,4.12,
2026-07-14T16:05:44Z,EPL,435490,epl-2026-team-of-the-season,EPL: 2026 PFA Team of the Year,2026-05-01T16:17:58.439577Z,2127675,will-piero-hincapie-be-named-to-the-2026-pfa-premier-league-team-of-the-year,Will Piero Hincapie be named to the 2026 PFA Premier League Team of the Year?,0x1d5d1e655085db69c387488aa7e661d4719bfa9c0bb392dd05652008c40b4a9a,"[""108011205392215304373394466135742493782019922749752404322686744906595861300763"", ""73789363813582664474158671396757087735667554782131752276569900280712319722369""]",108011205392215304373394466135742493782019922749752404322686744906595861300763|73789363813582664474158671396757087735667554782131752276569900280712319722369,108011205392215304373394466135742493782019922749752404322686744906595861300763,Yes,True,0.04,10.77,0.94,5.61,0.49,0.8999999999999999,0d08af1f4ff2fa1ec6482a4a99fca281e564ffc6,0.01,5,,3.8973,
2026-07-14T16:05:44Z,EPL,435490,epl-2026-team-of-the-season,EPL: 2026 PFA Team of the Year,2026-05-01T16:17:58.439577Z,2127675,will-piero-hincapie-be-named-to-the-2026-pfa-premier-league-team-of-the-year,Will Piero Hincapie be named to the 2026 PFA Premier League Team of the Year?,0x1d5d1e655085db69c387488aa7e661d4719bfa9c0bb392dd05652008c40b4a9a,"[""108011205392215304373394466135742493782019922749752404322686744906595861300763"", ""73789363813582664474158671396757087735667554782131752276569900280712319722369""]",108011205392215304373394466135742493782019922749752404322686744906595861300763|73789363813582664474158671396757087735667554782131752276569900280712319722369,73789363813582664474158671396757087735667554782131752276569900280712319722369,No,True,0.06,5.61,0.96,10.77,0.51,0.8999999999999999,457c9334b8cf35a6a818e6cf7da2efa1322b284e,0.01,5,,3.8973,
2026-07-14T16:05:44Z,EPL,435490,epl-2026-team-of-the-season,EPL: 2026 PFA Team of the Year,2026-05-01T16:17:58.439577Z,2127676,will-declan-rice-be-named-to-the-2026-pfa-premier-league-team-of-the-year,Will Declan Rice be named to the 2026 PFA Premier League Team of the Year?,0x898bbb37bb3e8e03480b52c31bc12b12019e84f4d4042d25622f9a9b9f1a21f2,"[""11523245240526311970979368164866348724509187066335918581337691503956313417913"", ""16544219157755328462914309364144553632877138543113142832790826044960896254419""]",11523245240526311970979368164866348724509187066335918581337691503956313417913|16544219157755328462914309364144553632877138543113142832790826044960896254419,11523245240526311970979368164866348724509187066335918581337691503956313417913,Yes,True,0.06,5.61,0.99,83.4,0.525,0.9299999999999999,0a72881163520f0050c58f78fbe843e79e1d2940,0.01,5,,2.5396,16.114284
2026-07-14T16:05:44Z,EPL,435490,epl-2026-team-of-the-season,EPL: 2026 PFA Team of the Year,2026-05-01T16:17:58.439577Z,2127676,will-declan-rice-be-named-to-the-2026-pfa-premier-league-team-of-the-year,Will Declan Rice be named to the 2026 PFA Premier League Team of the Year?,0x898bbb37bb3e8e03480b52c31bc12b12019e84f4d4042d25622f9a9b9f1a21f2,"[""11523245240526311970979368164866348724509187066335918581337691503956313417913"", ""16544219157755328462914309364144553632877138543113142832790826044960896254419""]",11523245240526311970979368164866348724509187066335918581337691503956313417913|16544219157755328462914309364144553632877138543113142832790826044960896254419,16544219157755328462914309364144553632877138543113142832790826044960896254419,No,True,0.01,83.4,0.94,5.61,0.475,0.9299999999999999,c1aa026d67491aef6c17b10c684b9e12058bbcab,0.01,5,,2.5396,16.114284
2026-07-14T16:05:44Z,EPL,435490,epl-2026-team-of-the-season,EPL: 2026 PFA Team of the Year,2026-05-01T16:17:58.439577Z,2127677,will-bruno-fernandes-be-named-to-the-2026-pfa-premier-league-team-of-the-year,Will Bruno Fernandes be named to the 2026 PFA Premier League Team of the Year?,0x679720492bcbff900bde0e29eb7e812c77909bccb3c32b79a3186fc1db03b854,"[""86859495495502891076141743940914617575208033060738396981338088715869715113963"", ""65620697419400192059458180949993387679798824363092322581187835468683093164088""]",86859495495502891076141743940914617575208033060738396981338088715869715113963|65620697419400192059458180949993387679798824363092322581187835468683093164088,86859495495502891076141743940914617575208033060738396981338088715869715113963,Yes,True,0.193,15.4,0.991,20.8,0.592,0.798,8bb3d439d121920486152ecfa5f75eb3da092443,0.001,5,,15.99589,440.10643600000003
2026-07-14T16:05:44Z,EPL,435490,epl-2026-team-of-the-season,EPL: 2026 PFA Team of the Year,2026-05-01T16:17:58.439577Z,2127677,will-bruno-fernandes-be-named-to-the-2026-pfa-premier-league-team-of-the-year,Will Bruno Fernandes be named to the 2026 PFA Premier League Team of the Year?,0x679720492bcbff900bde0e29eb7e812c77909bccb3c32b79a3186fc1db03b854,"[""86859495495502891076141743940914617575208033060738396981338088715869715113963"", ""65620697419400192059458180949993387679798824363092322581187835468683093164088""]",86859495495502891076141743940914617575208033060738396981338088715869715113963|65620697419400192059458180949993387679798824363092322581187835468683093164088,65620697419400192059458180949993387679798824363092322581187835468683093164088,No,True,0.009,20.8,0.807,15.4,0.40800000000000003,0.798,36aa2d7255d743c1ee41e16f034c5c5b61fedc95,0.001,5,,15.99589,440.10643600000003
2026-07-14T16:05:44Z,EPL,435490,epl-2026-team-of-the-season,EPL: 2026 PFA Team of the Year,2026-05-01T16:17:58.439577Z,2127678,will-rodri-be-named-to-the-2026-pfa-premier-league-team-of-the-year,Will Rodri be named to the 2026 PFA Premier League Team of the Year?,0xf9de760ff713bdc5ebdc87ea4a88fb9423ef31bc59d2abb917df50b5b44482c1,"[""92734106880343514385310320083033583888695626897895802880610705682382451590633"", ""56976958810450515743106834354983994802402840862579527495329062688335275234740""]",92734106880343514385310320083033583888695626897895802880610705682382451590633|56976958810450515743106834354983994802402840862579527495329062688335275234740,92734106880343514385310320083033583888695626897895802880610705682382451590633,Yes,True,0.04,10.77,0.96,10.77,0.5,0.9199999999999999,7c2c8f9d5a53831d70b5aa3ce3a5b9be30c518bb,0.01,5,,4.0466,
2026-07-14T16:05:44Z,EPL,435490,epl-2026-team-of-the-season,EPL: 2026 PFA Team of the Year,2026-05-01T16:17:58.439577Z,2127678,will-rodri-be-named-to-the-2026-pfa-premier-league-team-of-the-year,Will Rodri be named to the 2026 PFA Premier League Team of the Year?,0xf9de760ff713bdc5ebdc87ea4a88fb9423ef31bc59d2abb917df50b5b44482c1,"[""92734106880343514385310320083033583888695626897895802880610705682382451590633"", ""56976958810450515743106834354983994802402840862579527495329062688335275234740""]",92734106880343514385310320083033583888695626897895802880610705682382451590633|56976958810450515743106834354983994802402840862579527495329062688335275234740,56976958810450515743106834354983994802402840862579527495329062688335275234740,No,True,0.04,10.77,0.96,10.77,0.5,0.9199999999999999,a61950b5066c60296a9d32706cbfbb5004cf0e8c,0.01,5,,4.0466,
2026-07-14T16:05:44Z,EPL,435490,epl-2026-team-of-the-season,EPL: 2026 PFA Team of the Year,2026-05-01T16:17:58.439577Z,2127679,will-rayan-cherki-be-named-to-the-2026-pfa-premier-league-team-of-the-year,Will Rayan Cherki be named to the 2026 PFA Premier League Team of the Year?,0xf1bef1d60925998b7577b014ea907965209b9045c197e79e77eb14439d7c431a,"[""44002481860388892740183335966007748831643129921411222940033401480764334836407"", ""47465498507287502475094187263593898643776563896680345103863507875745126656121""]",44002481860388892740183335966007748831643129921411222940033401480764334836407|47465498507287502475094187263593898643776563896680345103863507875745126656121,44002481860388892740183335966007748831643129921411222940033401480764334836407,Yes,True,0.04,11.82,0.96,11.7,0.5,0.9199999999999999,03304b19328b4ef2edaafe236cda196f8a571d3d,0.01,5,,4.252,
2026-07-14T16:05:44Z,EPL,435490,epl-2026-team-of-the-season,EPL: 2026 PFA Team of the Year,2026-05-01T16:17:58.439577Z,2127679,will-rayan-cherki-be-named-to-the-2026-pfa-premier-league-team-of-the-year,Will Rayan Cherki be named to the 2026 PFA Premier League Team of the Year?,0xf1bef1d60925998b7577b014ea907965209b9045c197e79e77eb14439d7c431a,"[""44002481860388892740183335966007748831643129921411222940033401480764334836407"", ""47465498507287502475094187263593898643776563896680345103863507875745126656121""]",44002481860388892740183335966007748831643129921411222940033401480764334836407|47465498507287502475094187263593898643776563896680345103863507875745126656121,47465498507287502475094187263593898643776563896680345103863507875745126656121,No,True,0.04,11.7,0.96,11.82,0.5,0.9199999999999999,6ac372e2a0c6b94bd692f79ce981b550d2871ca5,0.01,5,,4.252,
2026-07-14T16:05:44Z,EPL,435490,epl-2026-team-of-the-season,EPL: 2026 PFA Team of the Year,2026-05-01T16:17:58.439577Z,2127680,will-dominik-szoboszlai-be-named-to-the-2026-pfa-premier-league-team-of-the-year,Will Dominik Szoboszlai be named to the 2026 PFA Premier League Team of the Year?,0xd5a172faaf27f951f5bc5c2d19f18367ab85e9c963e7357a8433da84e895507e,"[""10904347939559348084889283384973600207001307228767801114856379948987944051302"", ""63514807846207217791796334733580770155958510280638850911506455990693175502240""]",10904347939559348084889283384973600207001307228767801114856379948987944051302|63514807846207217791796334733580770155958510280638850911506455990693175502240,10904347939559348084889283384973600207001307228767801114856379948987944051302,Yes,True,0.04,10.77,0.96,10.77,0.5,0.9199999999999999,d7c15ab2c1042980c7a8cd36b8fdc75b76723e62,0.01,5,,4.252,
2026-07-14T16:05:44Z,EPL,435490,epl-2026-team-of-the-season,EPL: 2026 PFA Team of the Year,2026-05-01T16:17:58.439577Z,2127680,will-dominik-szoboszlai-be-named-to-the-2026-pfa-premier-league-team-of-the-year,Will Dominik Szoboszlai be named to the 2026 PFA Premier League Team of the Year?,0xd5a172faaf27f951f5bc5c2d19f18367ab85e9c963e7357a8433da84e895507e,"[""10904347939559348084889283384973600207001307228767801114856379948987944051302"", ""63514807846207217791796334733580770155958510280638850911506455990693175502240""]",10904347939559348084889283384973600207001307228767801114856379948987944051302|63514807846207217791796334733580770155958510280638850911506455990693175502240,63514807846207217791796334733580770155958510280638850911506455990693175502240,No,True,0.04,10.77,0.96,10.77,0.5,0.9199999999999999,1a783065aedfd44f50d73b8d869fb9581b1f63f5,0.01,5,,4.252,
2026-07-14T16:05:44Z,EPL,435490,epl-2026-team-of-the-season,EPL: 2026 PFA Team of the Year,2026-05-01T16:17:58.439577Z,2127681,will-moises-caicedo-be-named-to-the-2026-pfa-premier-league-team-of-the-year,Will Moises Caicedo be named to the 2026 PFA Premier League Team of the Year?,0x6a8a0e28a90c3880e21bb6de9eb98f12d5e81a8d88570a2c5b855ee60b6263ba,"[""13244409081849499988815460722411109697257731580831464114667102436005675343259"", ""41998463599395516608520033462694074004839767261466278584344671813809549672424""]",13244409081849499988815460722411109697257731580831464114667102436005675343259|41998463599395516608520033462694074004839767261466278584344671813809549672424,13244409081849499988815460722411109697257731580831464114667102436005675343259,Yes,True,0.04,11.7,0.96,11.82,0.5,0.9199999999999999,58bf0e634edaad8a0c853d2ca62f29ad603bc39e,0.01,5,,4.252,
2026-07-14T16:05:44Z,EPL,435490,epl-2026-team-of-the-season,EPL: 2026 PFA Team of the Year,2026-05-01T16:17:58.439577Z,2127681,will-moises-caicedo-be-named-to-the-2026-pfa-premier-league-team-of-the-year,Will Moises Caicedo be named to the 2026 PFA Premier League Team of the Year?,0x6a8a0e28a90c3880e21bb6de9eb98f12d5e81a8d88570a2c5b855ee60b6263ba,"[""13244409081849499988815460722411109697257731580831464114667102436005675343259"", ""41998463599395516608520033462694074004839767261466278584344671813809549672424""]",13244409081849499988815460722411109697257731580831464114667102436005675343259|41998463599395516608520033462694074004839767261466278584344671813809549672424,41998463599395516608520033462694074004839767261466278584344671813809549672424,No,True,0.04,11.82,0.96,11.7,0.5,0.9199999999999999,04135b2c09ac784804aeac967dd8c236971f0654,0.01,5,,4.252,
2026-07-14T16:05:44Z,EPL,435490,epl-2026-team-of-the-season,EPL: 2026 PFA Team of the Year,2026-05-01T16:17:58.439577Z,2127682,will-elliot-anderson-be-named-to-the-2026-pfa-premier-league-team-of-the-year,Will Elliot Anderson be named to the 2026 PFA Premier League Team of the Year?,0x3e7b9aff81e624e4f9ef7677696f2d4fae5837bdf83bd9ed2d62ec7a87aaf7a6,"[""2770428290325312677871192984476250158140993595717599201621714256969118294243"", ""87005572382727825804817777311897399081855387101457739624425019964385877189800""]",2770428290325312677871192984476250158140993595717599201621714256969118294243|87005572382727825804817777311897399081855387101457739624425019964385877189800,2770428290325312677871192984476250158140993595717599201621714256969118294243,Yes,True,0.04,11.7,0.96,10.77,0.5,0.9199999999999999,eb088c22bd226b4be642de0d7846cb7663e02f0a,0.01,5,,4.248,
2026-07-14T16:05:44Z,EPL,435490,epl-2026-team-of-the-season,EPL: 2026 PFA Team of the Year,2026-05-01T16:17:58.439577Z,2127682,will-elliot-anderson-be-named-to-the-2026-pfa-premier-league-team-of-the-year,Will Elliot Anderson be named to the 2026 PFA Premier League Team of the Year?,0x3e7b9aff81e624e4f9ef7677696f2d4fae5837bdf83bd9ed2d62ec7a87aaf7a6,"[""2770428290325312677871192984476250158140993595717599201621714256969118294243"", ""87005572382727825804817777311897399081855387101457739624425019964385877189800""]",2770428290325312677871192984476250158140993595717599201621714256969118294243|87005572382727825804817777311897399081855387101457739624425019964385877189800,87005572382727825804817777311897399081855387101457739624425019964385877189800,No,True,0.04,10.77,0.96,11.7,0.5,0.9199999999999999,0cda73565a2ec48f15b9383806a4e077e5b323e6,0.01,5,,4.248,
2026-07-14T16:05:44Z,EPL,435490,epl-2026-team-of-the-season,EPL: 2026 PFA Team of the Year,2026-05-01T16:17:58.439577Z,2127683,will-erling-haaland-be-named-to-the-2026-pfa-premier-league-team-of-the-year,Will Erling Haaland be named to the 2026 PFA Premier League Team of the Year?,0x0a3ee85120cf7d2febbaba00b787db1bd1fdc7f80f8277d89675736a430e2065,"[""36505760582912364024564187063352953937975349358323597571083864672476590879653"", ""36939641234709193046881505450280116016622287455799963152747536559103079527590""]",36505760582912364024564187063352953937975349358323597571083864672476590879653|36939641234709193046881505450280116016622287455799963152747536559103079527590,36505760582912364024564187063352953937975349358323597571083864672476590879653,Yes,True,0.04,11.82,0.96,10.77,0.5,0.9199999999999999,89ea8852c6d90967ca4bd9819ec708319f919c25,0.01,5,,4.116,
2026-07-14T16:05:44Z,EPL,435490,epl-2026-team-of-the-season,EPL: 2026 PFA Team of the Year,2026-05-01T16:17:58.439577Z,2127683,will-erling-haaland-be-named-to-the-2026-pfa-premier-league-team-of-the-year,Will Erling Haaland be named to the 2026 PFA Premier League Team of the Year?,0x0a3ee85120cf7d2febbaba00b787db1bd1fdc7f80f8277d89675736a430e2065,"[""36505760582912364024564187063352953937975349358323597571083864672476590879653"", ""36939641234709193046881505450280116016622287455799963152747536559103079527590""]",36505760582912364024564187063352953937975349358323597571083864672476590879653|36939641234709193046881505450280116016622287455799963152747536559103079527590,36939641234709193046881505450280116016622287455799963152747536559103079527590,No,True,0.04,10.77,0.96,11.82,0.5,0.9199999999999999,69648581be9887b689af12e84e46d483ead3c923,0.01,5,,4.116,
2026-07-14T16:05:44Z,EPL,435490,epl-2026-team-of-the-season,EPL: 2026 PFA Team of the Year,2026-05-01T16:17:58.439577Z,2127684,will-hugo-ekitike-be-named-to-the-2026-pfa-premier-league-team-of-the-year,Will Hugo Ekitike be named to the 2026 PFA Premier League Team of the Year?,0x3ac387fc809af29edadb0c1881ecd88319f8b4ebb5b0a89a77a84e85f4a2099c,"[""21160761171799050394335213154237360537464294007297740615880003417666696561468"", ""57509889980199562878580001207297131252053963359675973392844979135378456666743""]",21160761171799050394335213154237360537464294007297740615880003417666696561468|57509889980199562878580001207297131252053963359675973392844979135378456666743,21160761171799050394335213154237360537464294007297740615880003417666696561468,Yes,True,0.04,11.52,0.94,5.61,0.49,0.8999999999999999,81840431b61b51a51f3448db550310c23502fe52,0.01,5,,3.9118,
2026-07-14T16:05:44Z,EPL,435490,epl-2026-team-of-the-season,EPL: 2026 PFA Team of the Year,2026-05-01T16:17:58.439577Z,2127684,will-hugo-ekitike-be-named-to-the-2026-pfa-premier-league-team-of-the-year,Will Hugo Ekitike be named to the 2026 PFA Premier League Team of the Year?,0x3ac387fc809af29edadb0c1881ecd88319f8b4ebb5b0a89a77a84e85f4a2099c,"[""21160761171799050394335213154237360537464294007297740615880003417666696561468"", ""57509889980199562878580001207297131252053963359675973392844979135378456666743""]",21160761171799050394335213154237360537464294007297740615880003417666696561468|57509889980199562878580001207297131252053963359675973392844979135378456666743,57509889980199562878580001207297131252053963359675973392844979135378456666743,No,True,0.06,5.61,0.96,11.52,0.51,0.8999999999999999,3003104f5c096bbe8dc5dcc3ce817644a68f0010,0.01,5,,3.9118,
2026-07-14T16:05:44Z,EPL,435490,epl-2026-team-of-the-season,EPL: 2026 PFA Team of the Year,2026-05-01T16:17:58.439577Z,2127685,will-igor-thiago-be-named-to-the-2026-pfa-premier-league-team-of-the-year,Will Igor Thiago be named to the 2026 PFA Premier League Team of the Year?,0x2565964258328ceff81b8dd027a9b4bfae11353bbfbb3e27625da025fffc2d97,"[""45116472354972988677943929968423217543948497597214084731838340702588569592863"", ""57509607526871690199395719807389480255858394821926865896302284337840164838738""]",45116472354972988677943929968423217543948497597214084731838340702588569592863|57509607526871690199395719807389480255858394821926865896302284337840164838738,45116472354972988677943929968423217543948497597214084731838340702588569592863,Yes,True,0.04,11.82,0.96,10.77,0.5,0.9199999999999999,14917dfba543c610dbdcaa4e2e76f30dea522b87,0.01,5,,4.1163,
2026-07-14T16:05:44Z,EPL,435490,epl-2026-team-of-the-season,EPL: 2026 PFA Team of the Year,2026-05-01T16:17:58.439577Z,2127685,will-igor-thiago-be-named-to-the-2026-pfa-premier-league-team-of-the-year,Will Igor Thiago be named to the 2026 PFA Premier League Team of the Year?,0x2565964258328ceff81b8dd027a9b4bfae11353bbfbb3e27625da025fffc2d97,"[""45116472354972988677943929968423217543948497597214084731838340702588569592863"", ""57509607526871690199395719807389480255858394821926865896302284337840164838738""]",45116472354972988677943929968423217543948497597214084731838340702588569592863|57509607526871690199395719807389480255858394821926865896302284337840164838738,57509607526871690199395719807389480255858394821926865896302284337840164838738,No,True,0.04,10.77,0.96,11.82,0.5,0.9199999999999999,5fe03a4ad056d143c45ee28765f75f7c032950c8,0.01,5,,4.1163,
2026-07-14T16:05:44Z,EPL,435490,epl-2026-team-of-the-season,EPL: 2026 PFA Team of the Year,2026-05-01T16:17:58.439577Z,2127686,will-joo-pedro-be-named-to-the-2026-pfa-premier-league-team-of-the-year,Will João Pedro be named to the 2026 PFA Premier League Team of the Year?,0x6fce5bfb34549a3a2c919a87ed5948038ae259334b99c7626269b54b5aec2e0e,"[""32710637391248437289327028678783582535502723443825413307615920275857755767269"", ""76494283295406840675256483217001111989666469664619203128145658200939942333539""]",32710637391248437289327028678783582535502723443825413307615920275857755767269|76494283295406840675256483217001111989666469664619203128145658200939942333539,32710637391248437289327028678783582535502723443825413307615920275857755767269,Yes,True,0.04,10.77,0.94,5.61,0.49,0.8999999999999999,370c667a29a8a1cc6ed8cca4296a72e6cf76490a,0.01,5,,3.8421,
2026-07-14T16:05:44Z,EPL,435490,epl-2026-team-of-the-season,EPL: 2026 PFA Team of the Year,2026-05-01T16:17:58.439577Z,2127686,will-joo-pedro-be-named-to-the-2026-pfa-premier-league-team-of-the-year,Will João Pedro be named to the 2026 PFA Premier League Team of the Year?,0x6fce5bfb34549a3a2c919a87ed5948038ae259334b99c7626269b54b5aec2e0e,"[""32710637391248437289327028678783582535502723443825413307615920275857755767269"", ""76494283295406840675256483217001111989666469664619203128145658200939942333539""]",32710637391248437289327028678783582535502723443825413307615920275857755767269|76494283295406840675256483217001111989666469664619203128145658200939942333539,76494283295406840675256483217001111989666469664619203128145658200939942333539,No,True,0.06,5.61,0.96,10.77,0.51,0.8999999999999999,145f82d36192cf0a8757f3e0281f6a9f9f51ee54,0.01,5,,3.8421,
2026-07-14T16:05:44Z,EPL,435490,epl-2026-team-of-the-season,EPL: 2026 PFA Team of the Year,2026-05-01T16:17:58.439577Z,2127687,will-morgan-rogers-be-named-to-the-2026-pfa-premier-league-team-of-the-year,Will Morgan Rogers be named to the 2026 PFA Premier League Team of the Year?,0x96b8591e61ab8153068ed93e54c013f0e6b89cea2aa4e133fdfd9dafcded9277,"[""35606525977135678474506342380680226214353069361032301286284296655225714906882"", ""21333608757853284524355908501060578820412665842300321107531640970971045399525""]",35606525977135678474506342380680226214353069361032301286284296655225714906882|21333608757853284524355908501060578820412665842300321107531640970971045399525,35606525977135678474506342380680226214353069361032301286284296655225714906882,Yes,True,0.04,10.77,0.96,10.77,0.5,0.9199999999999999,505f059d5cea47aa5fb9d603a06f6fe45aca48ec,0.01,5,,3.9806,
2026-07-14T16:05:44Z,EPL,435490,epl-2026-team-of-the-season,EPL: 2026 PFA Team of the Year,2026-05-01T16:17:58.439577Z,2127687,will-morgan-rogers-be-named-to-the-2026-pfa-premier-league-team-of-the-year,Will Morgan Rogers be named to the 2026 PFA Premier League Team of the Year?,0x96b8591e61ab8153068ed93e54c013f0e6b89cea2aa4e133fdfd9dafcded9277,"[""35606525977135678474506342380680226214353069361032301286284296655225714906882"", ""21333608757853284524355908501060578820412665842300321107531640970971045399525""]",35606525977135678474506342380680226214353069361032301286284296655225714906882|21333608757853284524355908501060578820412665842300321107531640970971045399525,21333608757853284524355908501060578820412665842300321107531640970971045399525,No,True,0.04,10.77,0.96,10.77,0.5,0.9199999999999999,a43e09c4ea29c63bdf98844e3a3e5a4d32af3743,0.01,5,,3.9806,
2026-07-14T16:05:44Z,EPL,435490,epl-2026-team-of-the-season,EPL: 2026 PFA Team of the Year,2026-05-01T16:17:58.439577Z,2127688,will-antoine-semenyo-be-named-to-the-2026-pfa-premier-league-team-of-the-year,Will Antoine Semenyo be named to the 2026 PFA Premier League Team of the Year?,0x1220c8ad3de1b3e3a079e832ec53f3cd4c3f014685820c7364e6feeec413e4d8,"[""76296603541032491222249921378613877627058194760954506807014743183408941333618"", ""21304560232739094042644316740439641499393814233414419162298081903469670924441""]",76296603541032491222249921378613877627058194760954506807014743183408941333618|21304560232739094042644316740439641499393814233414419162298081903469670924441,76296603541032491222249921378613877627058194760954506807014743183408941333618,Yes,True,0.04,13.64,0.98,32.82,0.51,0.94,5954627f6423d47879706c4d1c4619b934de5374,0.01,5,,4.1859,2.08165
2026-07-14T16:05:44Z,EPL,435490,epl-2026-team-of-the-season,EPL: 2026 PFA Team of the Year,2026-05-01T16:17:58.439577Z,2127688,will-antoine-semenyo-be-named-to-the-2026-pfa-premier-league-team-of-the-year,Will Antoine Semenyo be named to the 2026 PFA Premier League Team of the Year?,0x1220c8ad3de1b3e3a079e832ec53f3cd4c3f014685820c7364e6feeec413e4d8,"[""76296603541032491222249921378613877627058194760954506807014743183408941333618"", ""21304560232739094042644316740439641499393814233414419162298081903469670924441""]",76296603541032491222249921378613877627058194760954506807014743183408941333618|21304560232739094042644316740439641499393814233414419162298081903469670924441,21304560232739094042644316740439641499393814233414419162298081903469670924441,No,True,0.02,32.82,0.96,13.64,0.49,0.94,f723fc319b1f196060be5fa8f13c7edaac6407d6,0.01,5,,4.1859,2.08165
2026-07-14T16:05:44Z,EPL,435490,epl-2026-team-of-the-season,EPL: 2026 PFA Team of the Year,2026-05-01T16:17:58.439577Z,2127689,will-jeremy-doku-be-named-to-the-2026-pfa-premier-league-team-of-the-year,Will Jeremy Doku be named to the 2026 PFA Premier League Team of the Year?,0xa879be670c7ecf3087a8bf9fc8cf43b4e415502e71e7910dd63ac8f80a56d87b,"[""3879696626646145930128886354978365884788235204398514844964568164322230593973"", ""79551627668553765432569263846776420950508270405186694496807348421004929288226""]",3879696626646145930128886354978365884788235204398514844964568164322230593973|79551627668553765432569263846776420950508270405186694496807348421004929288226,3879696626646145930128886354978365884788235204398514844964568164322230593973,Yes,True,0.04,10.77,0.96,10.77,0.5,0.9199999999999999,ec1a7ba8796067ad22d38e182e2a31f5d02d2bfa,0.01,5,,4.1802,
2026-07-14T16:05:44Z,EPL,435490,epl-2026-team-of-the-season,EPL: 2026 PFA Team of the Year,2026-05-01T16:17:58.439577Z,2127689,will-jeremy-doku-be-named-to-the-2026-pfa-premier-league-team-of-the-year,Will Jeremy Doku be named to the 2026 PFA Premier League Team of the Year?,0xa879be670c7ecf3087a8bf9fc8cf43b4e415502e71e7910dd63ac8f80a56d87b,"[""3879696626646145930128886354978365884788235204398514844964568164322230593973"", ""79551627668553765432569263846776420950508270405186694496807348421004929288226""]",3879696626646145930128886354978365884788235204398514844964568164322230593973|79551627668553765432569263846776420950508270405186694496807348421004929288226,79551627668553765432569263846776420950508270405186694496807348421004929288226,No,True,0.04,10.77,0.96,10.77,0.5,0.9199999999999999,2d291ca30fc89115925ab1422e973afa6c3e34e3,0.01,5,,4.1802,
2026-07-14T16:05:44Z,EPL,435490,epl-2026-team-of-the-season,EPL: 2026 PFA Team of the Year,2026-05-01T16:17:58.439577Z,2127690,will-bryan-mbeumo-be-named-to-the-2026-pfa-premier-league-team-of-the-year,Will Bryan Mbeumo be named to the 2026 PFA Premier League Team of the Year?,0xbc5c1fe3e7dd57070ca528cd85b158334b7aa9ee0c87b22c861586f82f115f53,"[""91785058119765698978951103847186849259631214663163177270696303972172010570357"", ""57423228513700841810717133678013622282899538997222385821885417665448518434118""]",91785058119765698978951103847186849259631214663163177270696303972172010570357|57423228513700841810717133678013622282899538997222385821885417665448518434118,91785058119765698978951103847186849259631214663163177270696303972172010570357,Yes,True,0.04,11.82,0.94,5.61,0.49,0.8999999999999999,afd85af1fc7695e80d0e29b5be9142ad6fce9165,0.01,5,,3.9669,
2026-07-14T16:05:44Z,EPL,435490,epl-2026-team-of-the-season,EPL: 2026 PFA Team of the Year,2026-05-01T16:17:58.439577Z,2127690,will-bryan-mbeumo-be-named-to-the-2026-pfa-premier-league-team-of-the-year,Will Bryan Mbeumo be named to the 2026 PFA Premier League Team of the Year?,0xbc5c1fe3e7dd57070ca528cd85b158334b7aa9ee0c87b22c861586f82f115f53,"[""91785058119765698978951103847186849259631214663163177270696303972172010570357"", ""57423228513700841810717133678013622282899538997222385821885417665448518434118""]",91785058119765698978951103847186849259631214663163177270696303972172010570357|57423228513700841810717133678013622282899538997222385821885417665448518434118,57423228513700841810717133678013622282899538997222385821885417665448518434118,No,True,0.06,5.61,0.96,11.82,0.51,0.8999999999999999,3b3d7008008013a57a3609f211c3cf84f15ec7c1,0.01,5,,3.9669,
2026-07-14T16:05:44Z,EPL,435490,epl-2026-team-of-the-season,EPL: 2026 PFA Team of the Year,2026-05-01T16:17:58.439577Z,2127691,will-jarrod-bowen-be-named-to-the-2026-pfa-premier-league-team-of-the-year,Will Jarrod Bowen be named to the 2026 PFA Premier League Team of the Year?,0x7352d3b05ddd64c22487c855e05c0485348e49d0dad74d9bde2c0478db43701e,"[""72676667720459668200165137999841534576126998576490942457742996617745849748718"", ""93972487936526721423770075279455909737407561133246099106446256232697159064557""]",72676667720459668200165137999841534576126998576490942457742996617745849748718|93972487936526721423770075279455909737407561133246099106446256232697159064557,72676667720459668200165137999841534576126998576490942457742996617745849748718,Yes,True,0.04,11.82,0.94,5.61,0.49,0.8999999999999999,44cdb53bc56ccb9940cdc02cf921d4037c0a88e8,0.01,5,,3.967,
2026-07-14T16:05:44Z,EPL,435490,epl-2026-team-of-the-season,EPL: 2026 PFA Team of the Year,2026-05-01T16:17:58.439577Z,2127691,will-jarrod-bowen-be-named-to-the-2026-pfa-premier-league-team-of-the-year,Will Jarrod Bowen be named to the 2026 PFA Premier League Team of the Year?,0x7352d3b05ddd64c22487c855e05c0485348e49d0dad74d9bde2c0478db43701e,"[""72676667720459668200165137999841534576126998576490942457742996617745849748718"", ""93972487936526721423770075279455909737407561133246099106446256232697159064557""]",72676667720459668200165137999841534576126998576490942457742996617745849748718|93972487936526721423770075279455909737407561133246099106446256232697159064557,93972487936526721423770075279455909737407561133246099106446256232697159064557,No,True,0.06,5.61,0.96,11.82,0.51,0.8999999999999999,8636f905bfa8b1c557d7651ceef4dcfb42f5072d,0.01,5,,3.967,
2026-07-14T16:05:44Z,EPL,435490,epl-2026-team-of-the-season,EPL: 2026 PFA Team of the Year,2026-05-01T16:17:58.439577Z,2127692,will-phil-foden-be-named-to-the-2026-pfa-premier-league-team-of-the-year,Will Phil Foden be named to the 2026 PFA Premier League Team of the Year?,0x0f4085f5c4961b9029c600d4f976d0594a302e9f365552b48f500b655f2ac4fa,"[""8033894410953638407847681522327346336043237396295679948351222439635117761656"", ""89182645560093896409280692775338915223534298743660692930735700909064064285484""]",8033894410953638407847681522327346336043237396295679948351222439635117761656|89182645560093896409280692775338915223534298743660692930735700909064064285484,8033894410953638407847681522327346336043237396295679948351222439635117761656,Yes,True,0.04,11.7,0.94,5.61,0.49,0.8999999999999999,aa120ca00c4d0468177bac83d9e9c1cfc8bd928e,0.01,5,,3.9118,
2026-07-14T16:05:44Z,EPL,435490,epl-2026-team-of-the-season,EPL: 2026 PFA Team of the Year,2026-05-01T16:17:58.439577Z,2127692,will-phil-foden-be-named-to-the-2026-pfa-premier-league-team-of-the-year,Will Phil Foden be named to the 2026 PFA Premier League Team of the Year?,0x0f4085f5c4961b9029c600d4f976d0594a302e9f365552b48f500b655f2ac4fa,"[""8033894410953638407847681522327346336043237396295679948351222439635117761656"", ""89182645560093896409280692775338915223534298743660692930735700909064064285484""]",8033894410953638407847681522327346336043237396295679948351222439635117761656|89182645560093896409280692775338915223534298743660692930735700909064064285484,89182645560093896409280692775338915223534298743660692930735700909064064285484,No,True,0.06,5.61,0.96,11.7,0.51,0.8999999999999999,14604c1b4a455021490e6c9b216b8d98b25fded4,0.01,5,,3.9118,
2026-07-14T16:05:44Z,EPL,435490,epl-2026-team-of-the-season,EPL: 2026 PFA Team of the Year,2026-05-01T16:17:58.439577Z,2127693,will-bukayo-saka-be-named-to-the-2026-pfa-premier-league-team-of-the-year,Will Bukayo Saka be named to the 2026 PFA Premier League Team of the Year?,0xb31d5274c8acbc2b023593c03fe1cb6367f42a9596ebb5d61b3204457b980730,"[""3899512605908669133631802955015968710467998848723391934123440957914049621850"", ""50079801685037680014087676599806731271595381000363699907442053815397821742247""]",3899512605908669133631802955015968710467998848723391934123440957914049621850|50079801685037680014087676599806731271595381000363699907442053815397821742247,3899512605908669133631802955015968710467998848723391934123440957914049621850,Yes,True,0.05,9.46,0.97,14.0,0.51,0.9199999999999999,86fff8054f1487b3fa16c9b02413890e88c74a05,0.01,5,,3.6769,5.434775
2026-07-14T16:05:44Z,EPL,435490,epl-2026-team-of-the-season,EPL: 2026 PFA Team of the Year,2026-05-01T16:17:58.439577Z,2127693,will-bukayo-saka-be-named-to-the-2026-pfa-premier-league-team-of-the-year,Will Bukayo Saka be named to the 2026 PFA Premier League Team of the Year?,0xb31d5274c8acbc2b023593c03fe1cb6367f42a9596ebb5d61b3204457b980730,"[""3899512605908669133631802955015968710467998848723391934123440957914049621850"", ""50079801685037680014087676599806731271595381000363699907442053815397821742247""]",3899512605908669133631802955015968710467998848723391934123440957914049621850|50079801685037680014087676599806731271595381000363699907442053815397821742247,50079801685037680014087676599806731271595381000363699907442053815397821742247,No,True,0.03,14.0,0.95,9.46,0.49,0.9199999999999999,94b3b7953b2eaf39edc2789dd404f9c05d64cad9,0.01,5,,3.6769,5.434775
2026-07-14T17:19:56Z,EPL,333084,epl-team-to-qualify-for-uefa-conference-league,EPL: Team to qualify for UEFA Conference League,2026-04-01T17:27:13.650134Z,1818367,will-arsenal-qualify-for-the-league-phase-of-the-2026-27-uefa-conference-league,Will Arsenal qualify for the League Phase of the 2026-27 UEFA Conference League?,0xe303639e6e879ac5dac9632362583523a2c1ff1ac46645f45fd5c1e7034b3ef7,"[""68901380712839851395966644282518000143877097473327410904576810621084636054002"", ""14101352633367703776049560107649243928150035657062243340231594815518398887879""]",68901380712839851395966644282518000143877097473327410904576810621084636054002|14101352633367703776049560107649243928150035657062243340231594815518398887879,68901380712839851395966644282518000143877097473327410904576810621084636054002,Yes,False,,,,,,,,,,,,467.35890000000006
2026-07-14T17:19:56Z,EPL,333084,epl-team-to-qualify-for-uefa-conference-league,EPL: Team to qualify for UEFA Conference League,2026-04-01T17:27:13.650134Z,1818367,will-arsenal-qualify-for-the-league-phase-of-the-2026-27-uefa-conference-league,Will Arsenal qualify for the League Phase of the 2026-27 UEFA Conference League?,0xe303639e6e879ac5dac9632362583523a2c1ff1ac46645f45fd5c1e7034b3ef7,"[""68901380712839851395966644282518000143877097473327410904576810621084636054002"", ""14101352633367703776049560107649243928150035657062243340231594815518398887879""]",68901380712839851395966644282518000143877097473327410904576810621084636054002|14101352633367703776049560107649243928150035657062243340231594815518398887879,14101352633367703776049560107649243928150035657062243340231594815518398887879,No,False,,,,,,,,,,,,467.35890000000006
2026-07-14T17:19:56Z,EPL,333084,epl-team-to-qualify-for-uefa-conference-league,EPL: Team to qualify for UEFA Conference League,2026-04-01T17:27:13.650134Z,1818368,will-aston-villa-qualify-for-the-league-phase-of-the-2026-27-uefa-conference-league,Will Aston Villa qualify for the League Phase of the 2026-27 UEFA Conference League?,0x28177c964d8b9d218ddc13dac289b4d63545aec7329fb69b12413e1a10a75457,"[""31823132354185101528875214330987706903655516243832510690074648671327601851551"", ""24610182176230826024523430019874907375950075107195029433984156474474467506756""]",31823132354185101528875214330987706903655516243832510690074648671327601851551|24610182176230826024523430019874907375950075107195029433984156474474467506756,31823132354185101528875214330987706903655516243832510690074648671327601851551,Yes,False,,,,,,,,,,,,118.34
2026-07-14T17:19:56Z,EPL,333084,epl-team-to-qualify-for-uefa-conference-league,EPL: Team to qualify for UEFA Conference League,2026-04-01T17:27:13.650134Z,1818368,will-aston-villa-qualify-for-the-league-phase-of-the-2026-27-uefa-conference-league,Will Aston Villa qualify for the League Phase of the 2026-27 UEFA Conference League?,0x28177c964d8b9d218ddc13dac289b4d63545aec7329fb69b12413e1a10a75457,"[""31823132354185101528875214330987706903655516243832510690074648671327601851551"", ""24610182176230826024523430019874907375950075107195029433984156474474467506756""]",31823132354185101528875214330987706903655516243832510690074648671327601851551|24610182176230826024523430019874907375950075107195029433984156474474467506756,24610182176230826024523430019874907375950075107195029433984156474474467506756,No,False,,,,,,,,,,,,118.34
2026-07-14T17:19:56Z,EPL,333084,epl-team-to-qualify-for-uefa-conference-league,EPL: Team to qualify for UEFA Conference League,2026-04-01T17:27:13.650134Z,1818369,will-bournemouth-qualify-for-the-league-phase-of-the-2026-27-uefa-conference-league,Will Bournemouth qualify for the League Phase of the 2026-27 UEFA Conference League?,0x767a11689ea743287c46af43309a57c52055b201a44546f1151ebe770848a4c2,"[""51037068800800327301977700578792391802166844203670527997794112211084782282749"", ""49880512765242008305101129568216821495775216606287544487246019230820484318812""]",51037068800800327301977700578792391802166844203670527997794112211084782282749|49880512765242008305101129568216821495775216606287544487246019230820484318812,51037068800800327301977700578792391802166844203670527997794112211084782282749,Yes,False,,,,,,,,,,,,104.230768
2026-07-14T17:19:56Z,EPL,333084,epl-team-to-qualify-for-uefa-conference-league,EPL: Team to qualify for UEFA Conference League,2026-04-01T17:27:13.650134Z,1818369,will-bournemouth-qualify-for-the-league-phase-of-the-2026-27-uefa-conference-league,Will Bournemouth qualify for the League Phase of the 2026-27 UEFA Conference League?,0x767a11689ea743287c46af43309a57c52055b201a44546f1151ebe770848a4c2,"[""51037068800800327301977700578792391802166844203670527997794112211084782282749"", ""49880512765242008305101129568216821495775216606287544487246019230820484318812""]",51037068800800327301977700578792391802166844203670527997794112211084782282749|49880512765242008305101129568216821495775216606287544487246019230820484318812,49880512765242008305101129568216821495775216606287544487246019230820484318812,No,False,,,,,,,,,,,,104.230768
2026-07-14T17:19:56Z,EPL,333084,epl-team-to-qualify-for-uefa-conference-league,EPL: Team to qualify for UEFA Conference League,2026-04-01T17:27:13.650134Z,1818370,will-brentford-qualify-for-the-league-phase-of-the-2026-27-uefa-conference-league,Will Brentford qualify for the League Phase of the 2026-27 UEFA Conference League?,0x0389abffb5ab63bd6aa4c5a51d9d3aa9448f20cd4ce3aa635fefd2f2349c3a31,"[""28387783984422789854592851598345905688234938653031916751801472369971729754741"", ""114832188258694701659066568174555689813627221405189198849646410747085620840644""]",28387783984422789854592851598345905688234938653031916751801472369971729754741|114832188258694701659066568174555689813627221405189198849646410747085620840644,28387783984422789854592851598345905688234938653031916751801472369971729754741,Yes,False,,,,,,,,,,,,65
2026-07-14T17:19:56Z,EPL,333084,epl-team-to-qualify-for-uefa-conference-league,EPL: Team to qualify for UEFA Conference League,2026-04-01T17:27:13.650134Z,1818370,will-brentford-qualify-for-the-league-phase-of-the-2026-27-uefa-conference-league,Will Brentford qualify for the League Phase of the 2026-27 UEFA Conference League?,0x0389abffb5ab63bd6aa4c5a51d9d3aa9448f20cd4ce3aa635fefd2f2349c3a31,"[""28387783984422789854592851598345905688234938653031916751801472369971729754741"", ""114832188258694701659066568174555689813627221405189198849646410747085620840644""]",28387783984422789854592851598345905688234938653031916751801472369971729754741|114832188258694701659066568174555689813627221405189198849646410747085620840644,114832188258694701659066568174555689813627221405189198849646410747085620840644,No,False,,,,,,,,,,,,65
2026-07-14T17:19:56Z,EPL,333084,epl-team-to-qualify-for-uefa-conference-league,EPL: Team to qualify for UEFA Conference League,2026-04-01T17:27:13.650134Z,1818371,will-brighton-hove-albion-qualify-for-the-league-phase-of-the-2026-27-uefa-conference-league,Will Brighton & Hove Albion qualify for the League Phase of the 2026-27 UEFA Conference League?,0x4e11ad07550e879b771bb74aa2ac543182c0b555f4fd86aaa8c9818d64b91f25,"[""91139930726622392742704198140499166850579482457098783277042371092513674941494"", ""75555949500072945185762043512718261040129266196955015758692797567174442576587""]",91139930726622392742704198140499166850579482457098783277042371092513674941494|75555949500072945185762043512718261040129266196955015758692797567174442576587,91139930726622392742704198140499166850579482457098783277042371092513674941494,Yes,True,0.95,5.1,0.979,73.6,0.9644999999999999,0.029000000000000026,8ebd7f372c96a54ded59d233cfa3e3874aa957b4,0.001,5,,170.766,751.4608939999999
2026-07-14T17:19:56Z,EPL,333084,epl-team-to-qualify-for-uefa-conference-league,EPL: Team to qualify for UEFA Conference League,2026-04-01T17:27:13.650134Z,1818371,will-brighton-hove-albion-qualify-for-the-league-phase-of-the-2026-27-uefa-conference-league,Will Brighton & Hove Albion qualify for the League Phase of the 2026-27 UEFA Conference League?,0x4e11ad07550e879b771bb74aa2ac543182c0b555f4fd86aaa8c9818d64b91f25,"[""91139930726622392742704198140499166850579482457098783277042371092513674941494"", ""75555949500072945185762043512718261040129266196955015758692797567174442576587""]",91139930726622392742704198140499166850579482457098783277042371092513674941494|75555949500072945185762043512718261040129266196955015758692797567174442576587,75555949500072945185762043512718261040129266196955015758692797567174442576587,No,True,0.021,73.6,0.05,5.1,0.035500000000000004,0.029,1940869f27deee7d49fa92c4706279f1f4e4646b,0.001,5,,170.766,751.4608939999999
2026-07-14T17:19:56Z,EPL,333084,epl-team-to-qualify-for-uefa-conference-league,EPL: Team to qualify for UEFA Conference League,2026-04-01T17:27:13.650134Z,1818372,will-chelsea-qualify-for-the-league-phase-of-the-2026-27-uefa-conference-league,Will Chelsea qualify for the League Phase of the 2026-27 UEFA Conference League?,0xa0a419e4b455bbeb1ac06050bf572bbf636c70dc688f201eda6beb257e0ecccf,"[""24304404136401853611354679156736471836167449603878002382670170418575244748347"", ""34932573794344542041315686660932662303391519134203250572504686994553601884919""]",24304404136401853611354679156736471836167449603878002382670170418575244748347|34932573794344542041315686660932662303391519134203250572504686994553601884919,24304404136401853611354679156736471836167449603878002382670170418575244748347,Yes,False,,,,,,,,,,,,193.140308
2026-07-14T17:19:56Z,EPL,333084,epl-team-to-qualify-for-uefa-conference-league,EPL: Team to qualify for UEFA Conference League,2026-04-01T17:27:13.650134Z,1818372,will-chelsea-qualify-for-the-league-phase-of-the-2026-27-uefa-conference-league,Will Chelsea qualify for the League Phase of the 2026-27 UEFA Conference League?,0xa0a419e4b455bbeb1ac06050bf572bbf636c70dc688f201eda6beb257e0ecccf,"[""24304404136401853611354679156736471836167449603878002382670170418575244748347"", ""34932573794344542041315686660932662303391519134203250572504686994553601884919""]",24304404136401853611354679156736471836167449603878002382670170418575244748347|34932573794344542041315686660932662303391519134203250572504686994553601884919,34932573794344542041315686660932662303391519134203250572504686994553601884919,No,False,,,,,,,,,,,,193.140308
2026-07-14T17:19:56Z,EPL,333084,epl-team-to-qualify-for-uefa-conference-league,EPL: Team to qualify for UEFA Conference League,2026-04-01T17:27:13.650134Z,1818373,will-crystal-palace-qualify-for-the-league-phase-of-the-2026-27-uefa-conference-league,Will Crystal Palace qualify for the League Phase of the 2026-27 UEFA Conference League?,0x7fcff1b74a273c0e48b01dafa03fd994fc6d6a80faf2f401808a1f7c906231e2,"[""83595360800340582836220415327748792858014632655765677024450652227649872829217"", ""8722778550304158158775908112102831721712668882628498669387415627760731221547""]",83595360800340582836220415327748792858014632655765677024450652227649872829217|8722778550304158158775908112102831721712668882628498669387415627760731221547,83595360800340582836220415327748792858014632655765677024450652227649872829217,Yes,False,,,,,,,,,,,,55.10415
2026-07-14T17:19:56Z,EPL,333084,epl-team-to-qualify-for-uefa-conference-league,EPL: Team to qualify for UEFA Conference League,2026-04-01T17:27:13.650134Z,1818373,will-crystal-palace-qualify-for-the-league-phase-of-the-2026-27-uefa-conference-league,Will Crystal Palace qualify for the League Phase of the 2026-27 UEFA Conference League?,0x7fcff1b74a273c0e48b01dafa03fd994fc6d6a80faf2f401808a1f7c906231e2,"[""83595360800340582836220415327748792858014632655765677024450652227649872829217"", ""8722778550304158158775908112102831721712668882628498669387415627760731221547""]",83595360800340582836220415327748792858014632655765677024450652227649872829217|8722778550304158158775908112102831721712668882628498669387415627760731221547,8722778550304158158775908112102831721712668882628498669387415627760731221547,No,False,,,,,,,,,,,,55.10415
2026-07-14T17:19:56Z,EPL,333084,epl-team-to-qualify-for-uefa-conference-league,EPL: Team to qualify for UEFA Conference League,2026-04-01T17:27:13.650134Z,1818374,will-everton-qualify-for-the-league-phase-of-the-2026-27-uefa-conference-league,Will Everton qualify for the League Phase of the 2026-27 UEFA Conference League?,0xc2d06ea1b36aa2af374778802062278b37c0681e80b8b30d440eea8c89c69efa,"[""4166923647964243798214643118596450748550925708271797356837126450441673128307"", ""38675784671269789218225363889508272390729885225646140690421495748338190385226""]",4166923647964243798214643118596450748550925708271797356837126450441673128307|38675784671269789218225363889508272390729885225646140690421495748338190385226,4166923647964243798214643118596450748550925708271797356837126450441673128307,Yes,False,,,,,,,,,,,,481.81
2026-07-14T17:19:56Z,EPL,333084,epl-team-to-qualify-for-uefa-conference-league,EPL: Team to qualify for UEFA Conference League,2026-04-01T17:27:13.650134Z,1818374,will-everton-qualify-for-the-league-phase-of-the-2026-27-uefa-conference-league,Will Everton qualify for the League Phase of the 2026-27 UEFA Conference League?,0xc2d06ea1b36aa2af374778802062278b37c0681e80b8b30d440eea8c89c69efa,"[""4166923647964243798214643118596450748550925708271797356837126450441673128307"", ""38675784671269789218225363889508272390729885225646140690421495748338190385226""]",4166923647964243798214643118596450748550925708271797356837126450441673128307|38675784671269789218225363889508272390729885225646140690421495748338190385226,38675784671269789218225363889508272390729885225646140690421495748338190385226,No,False,,,,,,,,,,,,481.81
2026-07-14T17:19:56Z,EPL,333084,epl-team-to-qualify-for-uefa-conference-league,EPL: Team to qualify for UEFA Conference League,2026-04-01T17:27:13.650134Z,1818375,will-fulham-qualify-for-the-league-phase-of-the-2026-27-uefa-conference-league,Will Fulham qualify for the League Phase of the 2026-27 UEFA Conference League?,0xa9c80d9e6d42b63441eb65788fa6715dd14e46e84e92ab0af524aa71de00e9fe,"[""58173349290615436261874750189700214187364770220706840363443501392029514828013"", ""68870830613563352664780739176635792396465611522859759407689581346809698393825""]",58173349290615436261874750189700214187364770220706840363443501392029514828013|68870830613563352664780739176635792396465611522859759407689581346809698393825,58173349290615436261874750189700214187364770220706840363443501392029514828013,Yes,False,,,,,,,,,,,,529.6700000000001
2026-07-14T17:19:56Z,EPL,333084,epl-team-to-qualify-for-uefa-conference-league,EPL: Team to qualify for UEFA Conference League,2026-04-01T17:27:13.650134Z,1818375,will-fulham-qualify-for-the-league-phase-of-the-2026-27-uefa-conference-league,Will Fulham qualify for the League Phase of the 2026-27 UEFA Conference League?,0xa9c80d9e6d42b63441eb65788fa6715dd14e46e84e92ab0af524aa71de00e9fe,"[""58173349290615436261874750189700214187364770220706840363443501392029514828013"", ""68870830613563352664780739176635792396465611522859759407689581346809698393825""]",58173349290615436261874750189700214187364770220706840363443501392029514828013|68870830613563352664780739176635792396465611522859759407689581346809698393825,68870830613563352664780739176635792396465611522859759407689581346809698393825,No,False,,,,,,,,,,,,529.6700000000001
2026-07-14T17:19:56Z,EPL,333084,epl-team-to-qualify-for-uefa-conference-league,EPL: Team to qualify for UEFA Conference League,2026-04-01T17:27:13.650134Z,1818376,will-ipswich-town-qualify-for-the-league-phase-of-the-2026-27-uefa-conference-league,Will Ipswich Town qualify for the League Phase of the 2026-27 UEFA Conference League?,0xfd1fd6c7c9106ccdc0a48fb64385b352808d5f6a4eb0157cb37b834002772000,"[""34575040317828011543308948862359294748447343494151397521995978862299718496252"", ""32703218917373905712439402416747473136357574974365039086658033726899781984701""]",34575040317828011543308948862359294748447343494151397521995978862299718496252|32703218917373905712439402416747473136357574974365039086658033726899781984701,34575040317828011543308948862359294748447343494151397521995978862299718496252,Yes,False,,,,,,,,,,,,185.7979
2026-07-14T17:19:56Z,EPL,333084,epl-team-to-qualify-for-uefa-conference-league,EPL: Team to qualify for UEFA Conference League,2026-04-01T17:27:13.650134Z,1818376,will-ipswich-town-qualify-for-the-league-phase-of-the-2026-27-uefa-conference-league,Will Ipswich Town qualify for the League Phase of the 2026-27 UEFA Conference League?,0xfd1fd6c7c9106ccdc0a48fb64385b352808d5f6a4eb0157cb37b834002772000,"[""34575040317828011543308948862359294748447343494151397521995978862299718496252"", ""32703218917373905712439402416747473136357574974365039086658033726899781984701""]",34575040317828011543308948862359294748447343494151397521995978862299718496252|32703218917373905712439402416747473136357574974365039086658033726899781984701,32703218917373905712439402416747473136357574974365039086658033726899781984701,No,False,,,,,,,,,,,,185.7979
2026-07-14T17:19:56Z,EPL,333084,epl-team-to-qualify-for-uefa-conference-league,EPL: Team to qualify for UEFA Conference League,2026-04-01T17:27:13.650134Z,1818377,will-leicester-city-qualify-for-the-league-phase-of-the-2026-27-uefa-conference-league,Will Leicester City qualify for the League Phase of the 2026-27 UEFA Conference League?,0x7f23bad03e49e8691193b374466a982f76952cc0658302268f2122380250f91d,"[""36855782576831156580765175743466253787995589729798761982205435744452738857165"", ""63267615403020851545105138792098005654530731396339683005908577788229989628684""]",36855782576831156580765175743466253787995589729798761982205435744452738857165|63267615403020851545105138792098005654530731396339683005908577788229989628684,36855782576831156580765175743466253787995589729798761982205435744452738857165,Yes,False,,,,,,,,,,,,185.5555
2026-07-14T17:19:56Z,EPL,333084,epl-team-to-qualify-for-uefa-conference-league,EPL: Team to qualify for UEFA Conference League,2026-04-01T17:27:13.650134Z,1818377,will-leicester-city-qualify-for-the-league-phase-of-the-2026-27-uefa-conference-league,Will Leicester City qualify for the League Phase of the 2026-27 UEFA Conference League?,0x7f23bad03e49e8691193b374466a982f76952cc0658302268f2122380250f91d,"[""36855782576831156580765175743466253787995589729798761982205435744452738857165"", ""63267615403020851545105138792098005654530731396339683005908577788229989628684""]",36855782576831156580765175743466253787995589729798761982205435744452738857165|63267615403020851545105138792098005654530731396339683005908577788229989628684,63267615403020851545105138792098005654530731396339683005908577788229989628684,No,False,,,,,,,,,,,,185.5555
2026-07-14T17:19:56Z,EPL,333084,epl-team-to-qualify-for-uefa-conference-league,EPL: Team to qualify for UEFA Conference League,2026-04-01T17:27:13.650134Z,1818378,will-liverpool-qualify-for-the-league-phase-of-the-2026-27-uefa-conference-league,Will Liverpool qualify for the League Phase of the 2026-27 UEFA Conference League?,0x0f39d177f78abd438be984b36f264c13de879b346ae40bfea0ababc108b83f64,"[""65988948624774144931622911564364302133312968519504468408474435267221324233196"", ""115130602602129428285461614417924472558165741430309539659330809798396288056300""]",65988948624774144931622911564364302133312968519504468408474435267221324233196|115130602602129428285461614417924472558165741430309539659330809798396288056300,65988948624774144931622911564364302133312968519504468408474435267221324233196,Yes,False,,,,,,,,,,,0,175.5
2026-07-14T17:19:56Z,EPL,333084,epl-team-to-qualify-for-uefa-conference-league,EPL: Team to qualify for UEFA Conference League,2026-04-01T17:27:13.650134Z,1818378,will-liverpool-qualify-for-the-league-phase-of-the-2026-27-uefa-conference-league,Will Liverpool qualify for the League Phase of the 2026-27 UEFA Conference League?,0x0f39d177f78abd438be984b36f264c13de879b346ae40bfea0ababc108b83f64,"[""65988948624774144931622911564364302133312968519504468408474435267221324233196"", ""115130602602129428285461614417924472558165741430309539659330809798396288056300""]",65988948624774144931622911564364302133312968519504468408474435267221324233196|115130602602129428285461614417924472558165741430309539659330809798396288056300,115130602602129428285461614417924472558165741430309539659330809798396288056300,No,False,,,,,,,,,,,0,175.5
2026-07-14T17:19:56Z,EPL,333084,epl-team-to-qualify-for-uefa-conference-league,EPL: Team to qualify for UEFA Conference League,2026-04-01T17:27:13.650134Z,1818379,will-manchester-city-qualify-for-the-league-phase-of-the-2026-27-uefa-conference-league,Will Manchester City qualify for the League Phase of the 2026-27 UEFA Conference League?,0x9f502be87b77866442714675eeb0ceec67b36469dab587b15862716b95a22a65,"[""81955707153623233000480445669873960416969320182377332341762765419704043622092"", ""63903621190034107756618838956749324043719317201688365281214818158837560760762""]",81955707153623233000480445669873960416969320182377332341762765419704043622092|63903621190034107756618838956749324043719317201688365281214818158837560760762,81955707153623233000480445669873960416969320182377332341762765419704043622092,Yes,False,,,,,,,,,,,,239.96210000000002
2026-07-14T17:19:56Z,EPL,333084,epl-team-to-qualify-for-uefa-conference-league,EPL: Team to qualify for UEFA Conference League,2026-04-01T17:27:13.650134Z,1818379,will-manchester-city-qualify-for-the-league-phase-of-the-2026-27-uefa-conference-league,Will Manchester City qualify for the League Phase of the 2026-27 UEFA Conference League?,0x9f502be87b77866442714675eeb0ceec67b36469dab587b15862716b95a22a65,"[""81955707153623233000480445669873960416969320182377332341762765419704043622092"", ""63903621190034107756618838956749324043719317201688365281214818158837560760762""]",81955707153623233000480445669873960416969320182377332341762765419704043622092|63903621190034107756618838956749324043719317201688365281214818158837560760762,63903621190034107756618838956749324043719317201688365281214818158837560760762,No,False,,,,,,,,,,,,239.96210000000002
2026-07-14T17:19:56Z,EPL,333084,epl-team-to-qualify-for-uefa-conference-league,EPL: Team to qualify for UEFA Conference League,2026-04-01T17:27:13.650134Z,1818380,will-manchester-united-qualify-for-the-league-phase-of-the-2026-27-uefa-conference-league,Will Manchester United qualify for the League Phase of the 2026-27 UEFA Conference League?,0x10faa15e034abb4d8b58e96fa9cceaeba84182d8d26061672b3090ef60c474c7,"[""14537963265850539015090671292913129800573442530565687433985001158662408488535"", ""24584985274241329793529868323709359334793457968867512216477798918303927163120""]",14537963265850539015090671292913129800573442530565687433985001158662408488535|24584985274241329793529868323709359334793457968867512216477798918303927163120,14537963265850539015090671292913129800573442530565687433985001158662408488535,Yes,False,,,,,,,,,,,,654.06
2026-07-14T17:19:56Z,EPL,333084,epl-team-to-qualify-for-uefa-conference-league,EPL: Team to qualify for UEFA Conference League,2026-04-01T17:27:13.650134Z,1818380,will-manchester-united-qualify-for-the-league-phase-of-the-2026-27-uefa-conference-league,Will Manchester United qualify for the League Phase of the 2026-27 UEFA Conference League?,0x10faa15e034abb4d8b58e96fa9cceaeba84182d8d26061672b3090ef60c474c7,"[""14537963265850539015090671292913129800573442530565687433985001158662408488535"", ""24584985274241329793529868323709359334793457968867512216477798918303927163120""]",14537963265850539015090671292913129800573442530565687433985001158662408488535|24584985274241329793529868323709359334793457968867512216477798918303927163120,24584985274241329793529868323709359334793457968867512216477798918303927163120,No,False,,,,,,,,,,,,654.06
2026-07-14T17:19:56Z,EPL,333084,epl-team-to-qualify-for-uefa-conference-league,EPL: Team to qualify for UEFA Conference League,2026-04-01T17:27:13.650134Z,1818381,will-newcastle-united-qualify-for-the-league-phase-of-the-2026-27-uefa-conference-league,Will Newcastle United qualify for the League Phase of the 2026-27 UEFA Conference League?,0xb0716d2b36fd90dd54c600a9e7647616490002987e3eb1ecb3d10ead4d62d33c,"[""59224980280942325666569394558997382798882386438436610001858371645471216555919"", ""79970515927998557660930530711963196679174481368659736459630565505379849389257""]",59224980280942325666569394558997382798882386438436610001858371645471216555919|79970515927998557660930530711963196679174481368659736459630565505379849389257,59224980280942325666569394558997382798882386438436610001858371645471216555919,Yes,False,,,,,,,,,,,,411.9
2026-07-14T17:19:56Z,EPL,333084,epl-team-to-qualify-for-uefa-conference-league,EPL: Team to qualify for UEFA Conference League,2026-04-01T17:27:13.650134Z,1818381,will-newcastle-united-qualify-for-the-league-phase-of-the-2026-27-uefa-conference-league,Will Newcastle United qualify for the League Phase of the 2026-27 UEFA Conference League?,0xb0716d2b36fd90dd54c600a9e7647616490002987e3eb1ecb3d10ead4d62d33c,"[""59224980280942325666569394558997382798882386438436610001858371645471216555919"", ""79970515927998557660930530711963196679174481368659736459630565505379849389257""]",59224980280942325666569394558997382798882386438436610001858371645471216555919|79970515927998557660930530711963196679174481368659736459630565505379849389257,79970515927998557660930530711963196679174481368659736459630565505379849389257,No,False,,,,,,,,,,,,411.9
2026-07-14T17:19:56Z,EPL,333084,epl-team-to-qualify-for-uefa-conference-league,EPL: Team to qualify for UEFA Conference League,2026-04-01T17:27:13.650134Z,1818382,will-nottingham-forest-qualify-for-the-league-phase-of-the-2026-27-uefa-conference-league,Will Nottingham Forest qualify for the League Phase of the 2026-27 UEFA Conference League?,0xe911ed8e88ee4d94cb587ed6128a6c15596d9338a4d90b78b9ea20b0578fc156,"[""19481881546917834293067497074329377518935142669934498853237227966392229142245"", ""57602898067754327037427882833634701750997153547931685588132390215919583981742""]",19481881546917834293067497074329377518935142669934498853237227966392229142245|57602898067754327037427882833634701750997153547931685588132390215919583981742,19481881546917834293067497074329377518935142669934498853237227966392229142245,Yes,False,,,,,,,,,,,,407.7161
2026-07-14T17:19:56Z,EPL,333084,epl-team-to-qualify-for-uefa-conference-league,EPL: Team to qualify for UEFA Conference League,2026-04-01T17:27:13.650134Z,1818382,will-nottingham-forest-qualify-for-the-league-phase-of-the-2026-27-uefa-conference-league,Will Nottingham Forest qualify for the League Phase of the 2026-27 UEFA Conference League?,0xe911ed8e88ee4d94cb587ed6128a6c15596d9338a4d90b78b9ea20b0578fc156,"[""19481881546917834293067497074329377518935142669934498853237227966392229142245"", ""57602898067754327037427882833634701750997153547931685588132390215919583981742""]",19481881546917834293067497074329377518935142669934498853237227966392229142245|57602898067754327037427882833634701750997153547931685588132390215919583981742,57602898067754327037427882833634701750997153547931685588132390215919583981742,No,False,,,,,,,,,,,,407.7161
2026-07-14T17:19:56Z,EPL,333084,epl-team-to-qualify-for-uefa-conference-league,EPL: Team to qualify for UEFA Conference League,2026-04-01T17:27:13.650134Z,1818383,will-southampton-qualify-for-the-league-phase-of-the-2026-27-uefa-conference-league,Will Southampton qualify for the League Phase of the 2026-27 UEFA Conference League?,0x7ca2adbbd88851add0e546dd78574d7e79fc00c76e8c490e5692bf8023c11e75,"[""26877828097379119176280047098274709531228788895296330595994436624390898867911"", ""115748130349087715420332870666315257990045222809843222754054247382701059943674""]",26877828097379119176280047098274709531228788895296330595994436624390898867911|115748130349087715420332870666315257990045222809843222754054247382701059943674,26877828097379119176280047098274709531228788895296330595994436624390898867911,Yes,False,,,,,,,,,,,0,617.6899999999999
2026-07-14T17:19:56Z,EPL,333084,epl-team-to-qualify-for-uefa-conference-league,EPL: Team to qualify for UEFA Conference League,2026-04-01T17:27:13.650134Z,1818383,will-southampton-qualify-for-the-league-phase-of-the-2026-27-uefa-conference-league,Will Southampton qualify for the League Phase of the 2026-27 UEFA Conference League?,0x7ca2adbbd88851add0e546dd78574d7e79fc00c76e8c490e5692bf8023c11e75,"[""26877828097379119176280047098274709531228788895296330595994436624390898867911"", ""115748130349087715420332870666315257990045222809843222754054247382701059943674""]",26877828097379119176280047098274709531228788895296330595994436624390898867911|115748130349087715420332870666315257990045222809843222754054247382701059943674,115748130349087715420332870666315257990045222809843222754054247382701059943674,No,False,,,,,,,,,,,0,617.6899999999999
2026-07-14T17:19:56Z,EPL,333084,epl-team-to-qualify-for-uefa-conference-league,EPL: Team to qualify for UEFA Conference League,2026-04-01T17:27:13.650134Z,1818384,will-tottenham-hotspur-qualify-for-the-league-phase-of-the-2026-27-uefa-conference-league,Will Tottenham Hotspur qualify for the League Phase of the 2026-27 UEFA Conference League?,0xe98b7da9a346eb2aced5b9300c7a53e4d7c147741b546f005de0b3c0d89e0ae1,"[""16165000919596414242427788888124743916698715129044155178467657105167009019476"", ""114828181514576721851254739097127564151815507804110569853443476924908844910766""]",16165000919596414242427788888124743916698715129044155178467657105167009019476|114828181514576721851254739097127564151815507804110569853443476924908844910766,16165000919596414242427788888124743916698715129044155178467657105167009019476,Yes,False,,,,,,,,,,,,1126.7675
2026-07-14T17:19:56Z,EPL,333084,epl-team-to-qualify-for-uefa-conference-league,EPL: Team to qualify for UEFA Conference League,2026-04-01T17:27:13.650134Z,1818384,will-tottenham-hotspur-qualify-for-the-league-phase-of-the-2026-27-uefa-conference-league,Will Tottenham Hotspur qualify for the League Phase of the 2026-27 UEFA Conference League?,0xe98b7da9a346eb2aced5b9300c7a53e4d7c147741b546f005de0b3c0d89e0ae1,"[""16165000919596414242427788888124743916698715129044155178467657105167009019476"", ""114828181514576721851254739097127564151815507804110569853443476924908844910766""]",16165000919596414242427788888124743916698715129044155178467657105167009019476|114828181514576721851254739097127564151815507804110569853443476924908844910766,114828181514576721851254739097127564151815507804110569853443476924908844910766,No,False,,,,,,,,,,,,1126.7675
2026-07-14T17:19:56Z,EPL,333084,epl-team-to-qualify-for-uefa-conference-league,EPL: Team to qualify for UEFA Conference League,2026-04-01T17:27:13.650134Z,1818385,will-west-ham-united-qualify-for-the-league-phase-of-the-2026-27-uefa-conference-league,Will West Ham United qualify for the League Phase of the 2026-27 UEFA Conference League?,0xbc79053a1f7691b55171b4a210da33b3c3fba449c9df4fd954856635f8da0e8e,"[""54894379652853834326297942957419603346481276275403414881816173756537774757640"", ""33108900391203812803918822219418560079370282336069888352885661677363224124116""]",54894379652853834326297942957419603346481276275403414881816173756537774757640|33108900391203812803918822219418560079370282336069888352885661677363224124116,54894379652853834326297942957419603346481276275403414881816173756537774757640,Yes,False,,,,,,,,,,,,207.137
2026-07-14T17:19:56Z,EPL,333084,epl-team-to-qualify-for-uefa-conference-league,EPL: Team to qualify for UEFA Conference League,2026-04-01T17:27:13.650134Z,1818385,will-west-ham-united-qualify-for-the-league-phase-of-the-2026-27-uefa-conference-league,Will West Ham United qualify for the League Phase of the 2026-27 UEFA Conference League?,0xbc79053a1f7691b55171b4a210da33b3c3fba449c9df4fd954856635f8da0e8e,"[""54894379652853834326297942957419603346481276275403414881816173756537774757640"", ""33108900391203812803918822219418560079370282336069888352885661677363224124116""]",54894379652853834326297942957419603346481276275403414881816173756537774757640|33108900391203812803918822219418560079370282336069888352885661677363224124116,33108900391203812803918822219418560079370282336069888352885661677363224124116,No,False,,,,,,,,,,,,207.137
2026-07-14T17:19:56Z,EPL,333084,epl-team-to-qualify-for-uefa-conference-league,EPL: Team to qualify for UEFA Conference League,2026-04-01T17:27:13.650134Z,1818386,will-wolverhampton-wanderers-qualify-for-the-league-phase-of-the-2026-27-uefa-conference-league,Will Wolverhampton Wanderers qualify for the League Phase of the 2026-27 UEFA Conference League?,0x612a47d48e42fc85f4b3099edd0779c399e7393325bae5ef494fbec0b518be97,"[""39645891629689350247020865542579082583944711546641819664090458601825821008952"", ""27752113810792547257158395279414992925826179248970504390132410269490063597360""]",39645891629689350247020865542579082583944711546641819664090458601825821008952|27752113810792547257158395279414992925826179248970504390132410269490063597360,39645891629689350247020865542579082583944711546641819664090458601825821008952,Yes,False,,,,,,,,,,,,216.45
2026-07-14T17:19:56Z,EPL,333084,epl-team-to-qualify-for-uefa-conference-league,EPL: Team to qualify for UEFA Conference League,2026-04-01T17:27:13.650134Z,1818386,will-wolverhampton-wanderers-qualify-for-the-league-phase-of-the-2026-27-uefa-conference-league,Will Wolverhampton Wanderers qualify for the League Phase of the 2026-27 UEFA Conference League?,0x612a47d48e42fc85f4b3099edd0779c399e7393325bae5ef494fbec0b518be97,"[""39645891629689350247020865542579082583944711546641819664090458601825821008952"", ""27752113810792547257158395279414992925826179248970504390132410269490063597360""]",39645891629689350247020865542579082583944711546641819664090458601825821008952|27752113810792547257158395279414992925826179248970504390132410269490063597360,27752113810792547257158395279414992925826179248970504390132410269490063597360,No,False,,,,,,,,,,,,216.45
2026-07-14T17:19:56Z,EPL,435490,epl-2026-team-of-the-season,EPL: 2026 PFA Team of the Year,2026-05-01T16:17:58.439577Z,2127663,will-david-raya-be-named-to-the-2026-pfa-premier-league-team-of-the-year,Will David Raya be named to the 2026 PFA Premier League Team of the Year?,0x50561f0ac9fb48ce9b1dc8f78f84dea5e43d9d30bd507eb93fa57b11a996ffeb,"[""3488261232009523381576281256634840719226792569353110860105294590188599877555"", ""33896607823388600558222421347266613674976673770405419631622989961143438148884""]",3488261232009523381576281256634840719226792569353110860105294590188599877555|33896607823388600558222421347266613674976673770405419631622989961143438148884,3488261232009523381576281256634840719226792569353110860105294590188599877555,Yes,True,0.06,5.61,0.96,11.82,0.51,0.8999999999999999,111d5f47bda75adce8f67162a6d8b5f0ef6df21b,0.01,5,,3.9118,
2026-07-14T17:19:56Z,EPL,435490,epl-2026-team-of-the-season,EPL: 2026 PFA Team of the Year,2026-05-01T16:17:58.439577Z,2127663,will-david-raya-be-named-to-the-2026-pfa-premier-league-team-of-the-year,Will David Raya be named to the 2026 PFA Premier League Team of the Year?,0x50561f0ac9fb48ce9b1dc8f78f84dea5e43d9d30bd507eb93fa57b11a996ffeb,"[""3488261232009523381576281256634840719226792569353110860105294590188599877555"", ""33896607823388600558222421347266613674976673770405419631622989961143438148884""]",3488261232009523381576281256634840719226792569353110860105294590188599877555|33896607823388600558222421347266613674976673770405419631622989961143438148884,33896607823388600558222421347266613674976673770405419631622989961143438148884,No,True,0.04,11.82,0.94,5.61,0.49,0.8999999999999999,4952fdd684e86fa6aee56ad04cf6c2f57fa3fb20,0.01,5,,3.9118,
2026-07-14T17:19:56Z,EPL,435490,epl-2026-team-of-the-season,EPL: 2026 PFA Team of the Year,2026-05-01T16:17:58.439577Z,2127664,will-jordan-pickford-be-named-to-the-2026-pfa-premier-league-team-of-the-year,Will Jordan Pickford be named to the 2026 PFA Premier League Team of the Year?,0x206d3cf11b86b16708f160e1e5223e75f4f0b126fbfecb52300077792e4a978f,"[""69002409170326112222673578355907486486435514190626080376764720483535336436602"", ""29764786967669041151836718379664776749611256940389381248189333088896507813340""]",69002409170326112222673578355907486486435514190626080376764720483535336436602|29764786967669041151836718379664776749611256940389381248189333088896507813340,69002409170326112222673578355907486486435514190626080376764720483535336436602,Yes,True,0.04,11.99,0.94,5.61,0.49,0.8999999999999999,69dc30416e6e976f17809c2b0a8782467a7a8ca1,0.01,5,,3.9669,
2026-07-14T17:19:56Z,EPL,435490,epl-2026-team-of-the-season,EPL: 2026 PFA Team of the Year,2026-05-01T16:17:58.439577Z,2127664,will-jordan-pickford-be-named-to-the-2026-pfa-premier-league-team-of-the-year,Will Jordan Pickford be named to the 2026 PFA Premier League Team of the Year?,0x206d3cf11b86b16708f160e1e5223e75f4f0b126fbfecb52300077792e4a978f,"[""69002409170326112222673578355907486486435514190626080376764720483535336436602"", ""29764786967669041151836718379664776749611256940389381248189333088896507813340""]",69002409170326112222673578355907486486435514190626080376764720483535336436602|29764786967669041151836718379664776749611256940389381248189333088896507813340,29764786967669041151836718379664776749611256940389381248189333088896507813340,No,True,0.06,5.61,0.96,11.99,0.51,0.8999999999999999,ef26ea74b19cdd6f0860edea8c902b42babdc2eb,0.01,5,,3.9669,
2026-07-14T17:19:56Z,EPL,435490,epl-2026-team-of-the-season,EPL: 2026 PFA Team of the Year,2026-05-01T16:17:58.439577Z,2127665,will-dean-henderson-be-named-to-the-2026-pfa-premier-league-team-of-the-year,Will Dean Henderson be named to the 2026 PFA Premier League Team of the Year?,0x67ebb7796df1324b1b084b0aaa59e3379513583ac93e3c8e968935e7dbb1f535,"[""77730449116026385251216021681478758817188404733132958155748625297475510396335"", ""86484569427189395298179892127162282618369840953731094949208918944830421003973""]",77730449116026385251216021681478758817188404733132958155748625297475510396335|86484569427189395298179892127162282618369840953731094949208918944830421003973,77730449116026385251216021681478758817188404733132958155748625297475510396335,Yes,True,0.04,11.82,0.94,5.61,0.49,0.8999999999999999,600a7d4d53bfb330245ff57e8221dc7d5952e086,0.01,5,,3.9118,
2026-07-14T17:19:56Z,EPL,435490,epl-2026-team-of-the-season,EPL: 2026 PFA Team of the Year,2026-05-01T16:17:58.439577Z,2127665,will-dean-henderson-be-named-to-the-2026-pfa-premier-league-team-of-the-year,Will Dean Henderson be named to the 2026 PFA Premier League Team of the Year?,0x67ebb7796df1324b1b084b0aaa59e3379513583ac93e3c8e968935e7dbb1f535,"[""77730449116026385251216021681478758817188404733132958155748625297475510396335"", ""86484569427189395298179892127162282618369840953731094949208918944830421003973""]",77730449116026385251216021681478758817188404733132958155748625297475510396335|86484569427189395298179892127162282618369840953731094949208918944830421003973,86484569427189395298179892127162282618369840953731094949208918944830421003973,No,True,0.06,5.61,0.96,11.82,0.51,0.8999999999999999,d75b834e9817c357ab2903dc79ae44ec678199cd,0.01,5,,3.9118,
2026-07-14T17:19:56Z,EPL,435490,epl-2026-team-of-the-season,EPL: 2026 PFA Team of the Year,2026-05-01T16:17:58.439577Z,2127666,will-robin-roefs-be-named-to-the-2026-pfa-premier-league-team-of-the-year,Will Robin Roefs be named to the 2026 PFA Premier League Team of the Year?,0xdae0f14d1b5ea256638164c6578853226408702f44e238ca8fa692998fdc6332,"[""70182957445101902779363373709716695169810926012757858042099415085409463195888"", ""90699863564786576085723598309072905823666331748016080742800846290619606364496""]",70182957445101902779363373709716695169810926012757858042099415085409463195888|90699863564786576085723598309072905823666331748016080742800846290619606364496,70182957445101902779363373709716695169810926012757858042099415085409463195888,Yes,True,0.04,10.77,0.94,5.61,0.49,0.8999999999999999,a06f199450a20469c5a6d3c472154040e596482a,0.01,5,,3.7653,
2026-07-14T17:19:56Z,EPL,435490,epl-2026-team-of-the-season,EPL: 2026 PFA Team of the Year,2026-05-01T16:17:58.439577Z,2127666,will-robin-roefs-be-named-to-the-2026-pfa-premier-league-team-of-the-year,Will Robin Roefs be named to the 2026 PFA Premier League Team of the Year?,0xdae0f14d1b5ea256638164c6578853226408702f44e238ca8fa692998fdc6332,"[""70182957445101902779363373709716695169810926012757858042099415085409463195888"", ""90699863564786576085723598309072905823666331748016080742800846290619606364496""]",70182957445101902779363373709716695169810926012757858042099415085409463195888|90699863564786576085723598309072905823666331748016080742800846290619606364496,90699863564786576085723598309072905823666331748016080742800846290619606364496,No,True,0.06,5.61,0.96,10.77,0.51,0.8999999999999999,0e6941dfc1005cf0bf6f02ea5717c7da02845489,0.01,5,,3.7653,
2026-07-14T17:19:56Z,EPL,435490,epl-2026-team-of-the-season,EPL: 2026 PFA Team of the Year,2026-05-01T16:17:58.439577Z,2127667,will-gianluigi-donnarumma-be-named-to-the-2026-pfa-premier-league-team-of-the-year,Will Gianluigi Donnarumma be named to the 2026 PFA Premier League Team of the Year?,0x322441734b9f23744de899e345ef48ec25e0055f8b1bfc19fe4612055a8ff2df,"[""65007673257262595676530056363240287641293306267550009290432560084643152028010"", ""97388027101380065799871752579213229783305736941572715830099055292320933629215""]",65007673257262595676530056363240287641293306267550009290432560084643152028010|97388027101380065799871752579213229783305736941572715830099055292320933629215,65007673257262595676530056363240287641293306267550009290432560084643152028010,Yes,True,0.04,11.7,0.96,11.7,0.5,0.9199999999999999,d8ed681d3a84c7b39dbe8d96691b404365315a3e,0.01,5,,4.252,
2026-07-14T17:19:56Z,EPL,435490,epl-2026-team-of-the-season,EPL: 2026 PFA Team of the Year,2026-05-01T16:17:58.439577Z,2127667,will-gianluigi-donnarumma-be-named-to-the-2026-pfa-premier-league-team-of-the-year,Will Gianluigi Donnarumma be named to the 2026 PFA Premier League Team of the Year?,0x322441734b9f23744de899e345ef48ec25e0055f8b1bfc19fe4612055a8ff2df,"[""65007673257262595676530056363240287641293306267550009290432560084643152028010"", ""97388027101380065799871752579213229783305736941572715830099055292320933629215""]",65007673257262595676530056363240287641293306267550009290432560084643152028010|97388027101380065799871752579213229783305736941572715830099055292320933629215,97388027101380065799871752579213229783305736941572715830099055292320933629215,No,True,0.04,11.7,0.96,11.7,0.5,0.9199999999999999,af92ba418c112ea1b239e06b422292ebf9410082,0.01,5,,4.252,
2026-07-14T17:19:56Z,EPL,435490,epl-2026-team-of-the-season,EPL: 2026 PFA Team of the Year,2026-05-01T16:17:58.439577Z,2127668,will-jurrien-timber-be-named-to-the-2026-pfa-premier-league-team-of-the-year,Will Jurrien Timber be named to the 2026 PFA Premier League Team of the Year?,0x97ca47da99683bddec8036ce29388c2e400e7cecfea8ac4dbef54ac0791cc593,"[""58745854058166153005664210409408254918505117901359386106376082227012206838503"", ""43365583002812118163534009703280808191029196488960918105614424745527498298109""]",58745854058166153005664210409408254918505117901359386106376082227012206838503|43365583002812118163534009703280808191029196488960918105614424745527498298109,58745854058166153005664210409408254918505117901359386106376082227012206838503,Yes,True,0.04,11.98,0.96,10.77,0.5,0.9199999999999999,328f5728397739d348ab92563fdcc07f80ab76cd,0.01,5,,4.116,
2026-07-14T17:19:56Z,EPL,435490,epl-2026-team-of-the-season,EPL: 2026 PFA Team of the Year,2026-05-01T16:17:58.439577Z,2127668,will-jurrien-timber-be-named-to-the-2026-pfa-premier-league-team-of-the-year,Will Jurrien Timber be named to the 2026 PFA Premier League Team of the Year?,0x97ca47da99683bddec8036ce29388c2e400e7cecfea8ac4dbef54ac0791cc593,"[""58745854058166153005664210409408254918505117901359386106376082227012206838503"", ""43365583002812118163534009703280808191029196488960918105614424745527498298109""]",58745854058166153005664210409408254918505117901359386106376082227012206838503|43365583002812118163534009703280808191029196488960918105614424745527498298109,43365583002812118163534009703280808191029196488960918105614424745527498298109,No,True,0.04,10.77,0.96,11.98,0.5,0.9199999999999999,d47179caf365fae19dc582f852d61cb15ee67d8d,0.01,5,,4.116,
2026-07-14T17:19:56Z,EPL,435490,epl-2026-team-of-the-season,EPL: 2026 PFA Team of the Year,2026-05-01T16:17:58.439577Z,2127669,will-matheus-nunes-be-named-to-the-2026-pfa-premier-league-team-of-the-year,Will Matheus Nunes be named to the 2026 PFA Premier League Team of the Year?,0x236166693870332c38cc1f290d2de8a00eafa1b78519182663a58811b1011705,"[""71852886829417081758693278389180020836881806315641141653569411011094941385487"", ""27873264127773337044236459909692649813557879461485496445916977915515730222703""]",71852886829417081758693278389180020836881806315641141653569411011094941385487|27873264127773337044236459909692649813557879461485496445916977915515730222703,71852886829417081758693278389180020836881806315641141653569411011094941385487,Yes,True,0.04,7.58,0.96,10.77,0.5,0.9199999999999999,d484dd8654a9ac2a9c7a3b78769cc3fd36b988e9,0.01,5,,4.7013,
2026-07-14T17:19:56Z,EPL,435490,epl-2026-team-of-the-season,EPL: 2026 PFA Team of the Year,2026-05-01T16:17:58.439577Z,2127669,will-matheus-nunes-be-named-to-the-2026-pfa-premier-league-team-of-the-year,Will Matheus Nunes be named to the 2026 PFA Premier League Team of the Year?,0x236166693870332c38cc1f290d2de8a00eafa1b78519182663a58811b1011705,"[""71852886829417081758693278389180020836881806315641141653569411011094941385487"", ""27873264127773337044236459909692649813557879461485496445916977915515730222703""]",71852886829417081758693278389180020836881806315641141653569411011094941385487|27873264127773337044236459909692649813557879461485496445916977915515730222703,27873264127773337044236459909692649813557879461485496445916977915515730222703,No,True,0.04,10.77,0.96,7.58,0.5,0.9199999999999999,a6d5d1c4759a66e69305ab293b2288363ca5afd4,0.01,5,,4.7013,
2026-07-14T17:19:56Z,EPL,435490,epl-2026-team-of-the-season,EPL: 2026 PFA Team of the Year,2026-05-01T16:17:58.439577Z,2127670,will-gabriel-magalhes-be-named-to-the-2026-pfa-premier-league-team-of-the-year,Will Gabriel Magalhães be named to the 2026 PFA Premier League Team of the Year?,0xd3d8a97f490967ba04bcf06a1f1fa0b8e14ff08f5f0781bccb14c7eb1cf34ca6,"[""112756383879220814577105643520650901454791316512357676513193784191480344438666"", ""7697378624768914483353901406042873706810082834244678754453720343911008090965""]",112756383879220814577105643520650901454791316512357676513193784191480344438666|7697378624768914483353901406042873706810082834244678754453720343911008090965,112756383879220814577105643520650901454791316512357676513193784191480344438666,Yes,True,0.06,5.61,0.96,10.77,0.51,0.8999999999999999,8e50e5d2ca5d7f1be79e58b612ec783082283d20,0.01,5,,3.7653,
2026-07-14T17:19:56Z,EPL,435490,epl-2026-team-of-the-season,EPL: 2026 PFA Team of the Year,2026-05-01T16:17:58.439577Z,2127670,will-gabriel-magalhes-be-named-to-the-2026-pfa-premier-league-team-of-the-year,Will Gabriel Magalhães be named to the 2026 PFA Premier League Team of the Year?,0xd3d8a97f490967ba04bcf06a1f1fa0b8e14ff08f5f0781bccb14c7eb1cf34ca6,"[""112756383879220814577105643520650901454791316512357676513193784191480344438666"", ""7697378624768914483353901406042873706810082834244678754453720343911008090965""]",112756383879220814577105643520650901454791316512357676513193784191480344438666|7697378624768914483353901406042873706810082834244678754453720343911008090965,7697378624768914483353901406042873706810082834244678754453720343911008090965,No,True,0.04,10.77,0.94,5.61,0.49,0.8999999999999999,e23d68345fc2206cfff544d7b465fe703a547fd2,0.01,5,,3.7653,
2026-07-14T17:19:56Z,EPL,435490,epl-2026-team-of-the-season,EPL: 2026 PFA Team of the Year,2026-05-01T16:17:58.439577Z,2127671,will-william-saliba-be-named-to-the-2026-pfa-premier-league-team-of-the-year,Will William Saliba be named to the 2026 PFA Premier League Team of the Year?,0xc344b5f7891b8617e7118aaa24bac3840a587691c1a36daa479a61de0b79bcb6,"[""47207660538745167295586664941849591121956044929877358537501900994850424263330"", ""105234782857798608331719124706582304874620432378282673665444164066431160124095""]",47207660538745167295586664941849591121956044929877358537501900994850424263330|105234782857798608331719124706582304874620432378282673665444164066431160124095,47207660538745167295586664941849591121956044929877358537501900994850424263330,Yes,True,0.04,10.77,0.96,10.77,0.5,0.9199999999999999,e44c63be5002c317bcd0869e6b73ad7b1270adc2,0.01,5,,4.1822,
2026-07-14T17:19:56Z,EPL,435490,epl-2026-team-of-the-season,EPL: 2026 PFA Team of the Year,2026-05-01T16:17:58.439577Z,2127671,will-william-saliba-be-named-to-the-2026-pfa-premier-league-team-of-the-year,Will William Saliba be named to the 2026 PFA Premier League Team of the Year?,0xc344b5f7891b8617e7118aaa24bac3840a587691c1a36daa479a61de0b79bcb6,"[""47207660538745167295586664941849591121956044929877358537501900994850424263330"", ""105234782857798608331719124706582304874620432378282673665444164066431160124095""]",47207660538745167295586664941849591121956044929877358537501900994850424263330|105234782857798608331719124706582304874620432378282673665444164066431160124095,105234782857798608331719124706582304874620432378282673665444164066431160124095,No,True,0.04,10.77,0.96,10.77,0.5,0.9199999999999999,7c2606ad7ab4341b13a07e4e9e1d0bd59a96f827,0.01,5,,4.1822,
2026-07-14T17:19:56Z,EPL,435490,epl-2026-team-of-the-season,EPL: 2026 PFA Team of the Year,2026-05-01T16:17:58.439577Z,2127672,will-marc-guehi-be-named-to-the-2026-pfa-premier-league-team-of-the-year,Will Marc Guehi be named to the 2026 PFA Premier League Team of the Year?,0x9a7829bcaf4bd65e903739dace6db739a8b68a396fd2c71a3d23d2a2cf2e88c5,"[""18774341203836696417330165615678664168245576790259527905518242337305438497157"", ""17833812615529939189123941305353432679112045501201563425472779980851390683424""]",18774341203836696417330165615678664168245576790259527905518242337305438497157|17833812615529939189123941305353432679112045501201563425472779980851390683424,18774341203836696417330165615678664168245576790259527905518242337305438497157,Yes,True,0.04,10.77,0.96,11.82,0.5,0.9199999999999999,c5222b5b61f8d6cd8990761efdf06dca720a1fe3,0.01,5,,4.1823,
2026-07-14T17:19:56Z,EPL,435490,epl-2026-team-of-the-season,EPL: 2026 PFA Team of the Year,2026-05-01T16:17:58.439577Z,2127672,will-marc-guehi-be-named-to-the-2026-pfa-premier-league-team-of-the-year,Will Marc Guehi be named to the 2026 PFA Premier League Team of the Year?,0x9a7829bcaf4bd65e903739dace6db739a8b68a396fd2c71a3d23d2a2cf2e88c5,"[""18774341203836696417330165615678664168245576790259527905518242337305438497157"", ""17833812615529939189123941305353432679112045501201563425472779980851390683424""]",18774341203836696417330165615678664168245576790259527905518242337305438497157|17833812615529939189123941305353432679112045501201563425472779980851390683424,17833812615529939189123941305353432679112045501201563425472779980851390683424,No,True,0.04,11.82,0.96,10.77,0.5,0.9199999999999999,3b4d309570146a6cafca2c5661fd708a151ddd9b,0.01,5,,4.1823,
2026-07-14T17:19:56Z,EPL,435490,epl-2026-team-of-the-season,EPL: 2026 PFA Team of the Year,2026-05-01T16:17:58.439577Z,2127673,will-virgil-van-dijk-be-named-to-the-2026-pfa-premier-league-team-of-the-year,Will Virgil van Dijk be named to the 2026 PFA Premier League Team of the Year?,0x644231d6b178ebd20f0ab0b061a790f9dee4479ce96ab40686c8ade6f50a0238,"[""31721429411257768645758803262981554412084956132795321375044902571901613004887"", ""113776996666262784023568460080999498147130358875198884777079734831639187945943""]",31721429411257768645758803262981554412084956132795321375044902571901613004887|113776996666262784023568460080999498147130358875198884777079734831639187945943,31721429411257768645758803262981554412084956132795321375044902571901613004887,Yes,True,0.04,13.63,0.96,21.82,0.5,0.9199999999999999,e9f6a54befcad7980daaaa74ab7e4e04edaa41f3,0.01,5,,4.3463,1.694914
2026-07-14T17:19:56Z,EPL,435490,epl-2026-team-of-the-season,EPL: 2026 PFA Team of the Year,2026-05-01T16:17:58.439577Z,2127673,will-virgil-van-dijk-be-named-to-the-2026-pfa-premier-league-team-of-the-year,Will Virgil van Dijk be named to the 2026 PFA Premier League Team of the Year?,0x644231d6b178ebd20f0ab0b061a790f9dee4479ce96ab40686c8ade6f50a0238,"[""31721429411257768645758803262981554412084956132795321375044902571901613004887"", ""113776996666262784023568460080999498147130358875198884777079734831639187945943""]",31721429411257768645758803262981554412084956132795321375044902571901613004887|113776996666262784023568460080999498147130358875198884777079734831639187945943,113776996666262784023568460080999498147130358875198884777079734831639187945943,No,True,0.04,21.82,0.96,13.63,0.5,0.9199999999999999,71ae2a6acd26856464bd05bc94de821090f8f8b5,0.01,5,,4.3463,1.694914
2026-07-14T17:19:56Z,EPL,435490,epl-2026-team-of-the-season,EPL: 2026 PFA Team of the Year,2026-05-01T16:17:58.439577Z,2127674,will-marc-cucurella-be-named-to-the-2026-pfa-premier-league-team-of-the-year,Will Marc Cucurella be named to the 2026 PFA Premier League Team of the Year?,0xe74cf34bab6946206532fd38cbf5a7eb4b346f7d13bffc6ae16eb3a69a4225d0,"[""59830425161161665808750586172447751894718446914006207206558327469584286337472"", ""85414521652635437338276097105191648874111759265882984452544936528659374053637""]",59830425161161665808750586172447751894718446914006207206558327469584286337472|85414521652635437338276097105191648874111759265882984452544936528659374053637,59830425161161665808750586172447751894718446914006207206558327469584286337472,Yes,True,0.04,11.82,0.96,10.77,0.5,0.9199999999999999,26c1a8a8536c9f687b1bdb80ba001563c2c0c306,0.01,5,,4.12,
2026-07-14T17:19:56Z,EPL,435490,epl-2026-team-of-the-season,EPL: 2026 PFA Team of the Year,2026-05-01T16:17:58.439577Z,2127674,will-marc-cucurella-be-named-to-the-2026-pfa-premier-league-team-of-the-year,Will Marc Cucurella be named to the 2026 PFA Premier League Team of the Year?,0xe74cf34bab6946206532fd38cbf5a7eb4b346f7d13bffc6ae16eb3a69a4225d0,"[""59830425161161665808750586172447751894718446914006207206558327469584286337472"", ""85414521652635437338276097105191648874111759265882984452544936528659374053637""]",59830425161161665808750586172447751894718446914006207206558327469584286337472|85414521652635437338276097105191648874111759265882984452544936528659374053637,85414521652635437338276097105191648874111759265882984452544936528659374053637,No,True,0.04,10.77,0.96,11.82,0.5,0.9199999999999999,1447bcc02e2631a770fee11b0df5e1b85fcb7fed,0.01,5,,4.12,
2026-07-14T17:19:56Z,EPL,435490,epl-2026-team-of-the-season,EPL: 2026 PFA Team of the Year,2026-05-01T16:17:58.439577Z,2127675,will-piero-hincapie-be-named-to-the-2026-pfa-premier-league-team-of-the-year,Will Piero Hincapie be named to the 2026 PFA Premier League Team of the Year?,0x1d5d1e655085db69c387488aa7e661d4719bfa9c0bb392dd05652008c40b4a9a,"[""108011205392215304373394466135742493782019922749752404322686744906595861300763"", ""73789363813582664474158671396757087735667554782131752276569900280712319722369""]",108011205392215304373394466135742493782019922749752404322686744906595861300763|73789363813582664474158671396757087735667554782131752276569900280712319722369,108011205392215304373394466135742493782019922749752404322686744906595861300763,Yes,True,0.04,10.77,0.94,5.61,0.49,0.8999999999999999,7d1cad5e5e54a9bedf6bf61488a9ec5ea6aa14ee,0.01,5,,3.8973,
2026-07-14T17:19:56Z,EPL,435490,epl-2026-team-of-the-season,EPL: 2026 PFA Team of the Year,2026-05-01T16:17:58.439577Z,2127675,will-piero-hincapie-be-named-to-the-2026-pfa-premier-league-team-of-the-year,Will Piero Hincapie be named to the 2026 PFA Premier League Team of the Year?,0x1d5d1e655085db69c387488aa7e661d4719bfa9c0bb392dd05652008c40b4a9a,"[""108011205392215304373394466135742493782019922749752404322686744906595861300763"", ""73789363813582664474158671396757087735667554782131752276569900280712319722369""]",108011205392215304373394466135742493782019922749752404322686744906595861300763|73789363813582664474158671396757087735667554782131752276569900280712319722369,73789363813582664474158671396757087735667554782131752276569900280712319722369,No,True,0.06,5.61,0.96,10.77,0.51,0.8999999999999999,2cb3c3d6074fe0700e6e6f8c320ad0133eb9ac90,0.01,5,,3.8973,
2026-07-14T17:19:56Z,EPL,435490,epl-2026-team-of-the-season,EPL: 2026 PFA Team of the Year,2026-05-01T16:17:58.439577Z,2127676,will-declan-rice-be-named-to-the-2026-pfa-premier-league-team-of-the-year,Will Declan Rice be named to the 2026 PFA Premier League Team of the Year?,0x898bbb37bb3e8e03480b52c31bc12b12019e84f4d4042d25622f9a9b9f1a21f2,"[""11523245240526311970979368164866348724509187066335918581337691503956313417913"", ""16544219157755328462914309364144553632877138543113142832790826044960896254419""]",11523245240526311970979368164866348724509187066335918581337691503956313417913|16544219157755328462914309364144553632877138543113142832790826044960896254419,11523245240526311970979368164866348724509187066335918581337691503956313417913,Yes,True,0.06,5.61,0.99,83.4,0.525,0.9299999999999999,8f58547f3dff53ae1173101845a7ca6014911bd8,0.01,5,,3.0868,16.114284
2026-07-14T17:19:56Z,EPL,435490,epl-2026-team-of-the-season,EPL: 2026 PFA Team of the Year,2026-05-01T16:17:58.439577Z,2127676,will-declan-rice-be-named-to-the-2026-pfa-premier-league-team-of-the-year,Will Declan Rice be named to the 2026 PFA Premier League Team of the Year?,0x898bbb37bb3e8e03480b52c31bc12b12019e84f4d4042d25622f9a9b9f1a21f2,"[""11523245240526311970979368164866348724509187066335918581337691503956313417913"", ""16544219157755328462914309364144553632877138543113142832790826044960896254419""]",11523245240526311970979368164866348724509187066335918581337691503956313417913|16544219157755328462914309364144553632877138543113142832790826044960896254419,16544219157755328462914309364144553632877138543113142832790826044960896254419,No,True,0.01,83.4,0.94,5.61,0.475,0.9299999999999999,86ccc5289521b6b65bf4c47ff3e11d44370be5cb,0.01,5,,3.0868,16.114284
2026-07-14T17:19:56Z,EPL,435490,epl-2026-team-of-the-season,EPL: 2026 PFA Team of the Year,2026-05-01T16:17:58.439577Z,2127677,will-bruno-fernandes-be-named-to-the-2026-pfa-premier-league-team-of-the-year,Will Bruno Fernandes be named to the 2026 PFA Premier League Team of the Year?,0x679720492bcbff900bde0e29eb7e812c77909bccb3c32b79a3186fc1db03b854,"[""86859495495502891076141743940914617575208033060738396981338088715869715113963"", ""65620697419400192059458180949993387679798824363092322581187835468683093164088""]",86859495495502891076141743940914617575208033060738396981338088715869715113963|65620697419400192059458180949993387679798824363092322581187835468683093164088,86859495495502891076141743940914617575208033060738396981338088715869715113963,Yes,True,0.223,15.06,0.991,7.45,0.607,0.768,5a6084ffff171403998a0fb565c8636c8930935e,0.001,5,,22.11512,440.10643600000003
2026-07-14T17:19:56Z,EPL,435490,epl-2026-team-of-the-season,EPL: 2026 PFA Team of the Year,2026-05-01T16:17:58.439577Z,2127677,will-bruno-fernandes-be-named-to-the-2026-pfa-premier-league-team-of-the-year,Will Bruno Fernandes be named to the 2026 PFA Premier League Team of the Year?,0x679720492bcbff900bde0e29eb7e812c77909bccb3c32b79a3186fc1db03b854,"[""86859495495502891076141743940914617575208033060738396981338088715869715113963"", ""65620697419400192059458180949993387679798824363092322581187835468683093164088""]",86859495495502891076141743940914617575208033060738396981338088715869715113963|65620697419400192059458180949993387679798824363092322581187835468683093164088,65620697419400192059458180949993387679798824363092322581187835468683093164088,No,True,0.009,7.45,0.777,15.06,0.393,0.768,6698dbade8a6e27bacb8863d508e71263556c51e,0.001,5,,22.11512,440.10643600000003
2026-07-14T17:19:56Z,EPL,435490,epl-2026-team-of-the-season,EPL: 2026 PFA Team of the Year,2026-05-01T16:17:58.439577Z,2127678,will-rodri-be-named-to-the-2026-pfa-premier-league-team-of-the-year,Will Rodri be named to the 2026 PFA Premier League Team of the Year?,0xf9de760ff713bdc5ebdc87ea4a88fb9423ef31bc59d2abb917df50b5b44482c1,"[""92734106880343514385310320083033583888695626897895802880610705682382451590633"", ""56976958810450515743106834354983994802402840862579527495329062688335275234740""]",92734106880343514385310320083033583888695626897895802880610705682382451590633|56976958810450515743106834354983994802402840862579527495329062688335275234740,92734106880343514385310320083033583888695626897895802880610705682382451590633,Yes,True,0.04,10.77,0.96,10.77,0.5,0.9199999999999999,7c2c8f9d5a53831d70b5aa3ce3a5b9be30c518bb,0.01,5,,4.0466,
2026-07-14T17:19:56Z,EPL,435490,epl-2026-team-of-the-season,EPL: 2026 PFA Team of the Year,2026-05-01T16:17:58.439577Z,2127678,will-rodri-be-named-to-the-2026-pfa-premier-league-team-of-the-year,Will Rodri be named to the 2026 PFA Premier League Team of the Year?,0xf9de760ff713bdc5ebdc87ea4a88fb9423ef31bc59d2abb917df50b5b44482c1,"[""92734106880343514385310320083033583888695626897895802880610705682382451590633"", ""56976958810450515743106834354983994802402840862579527495329062688335275234740""]",92734106880343514385310320083033583888695626897895802880610705682382451590633|56976958810450515743106834354983994802402840862579527495329062688335275234740,56976958810450515743106834354983994802402840862579527495329062688335275234740,No,True,0.04,10.77,0.96,10.77,0.5,0.9199999999999999,a61950b5066c60296a9d32706cbfbb5004cf0e8c,0.01,5,,4.0466,
2026-07-14T17:19:56Z,EPL,435490,epl-2026-team-of-the-season,EPL: 2026 PFA Team of the Year,2026-05-01T16:17:58.439577Z,2127679,will-rayan-cherki-be-named-to-the-2026-pfa-premier-league-team-of-the-year,Will Rayan Cherki be named to the 2026 PFA Premier League Team of the Year?,0xf1bef1d60925998b7577b014ea907965209b9045c197e79e77eb14439d7c431a,"[""44002481860388892740183335966007748831643129921411222940033401480764334836407"", ""47465498507287502475094187263593898643776563896680345103863507875745126656121""]",44002481860388892740183335966007748831643129921411222940033401480764334836407|47465498507287502475094187263593898643776563896680345103863507875745126656121,44002481860388892740183335966007748831643129921411222940033401480764334836407,Yes,True,0.04,11.82,0.96,11.7,0.5,0.9199999999999999,158c0bcb2cc7b25325d93562ef015c92392532f2,0.01,5,,4.252,
2026-07-14T17:19:56Z,EPL,435490,epl-2026-team-of-the-season,EPL: 2026 PFA Team of the Year,2026-05-01T16:17:58.439577Z,2127679,will-rayan-cherki-be-named-to-the-2026-pfa-premier-league-team-of-the-year,Will Rayan Cherki be named to the 2026 PFA Premier League Team of the Year?,0xf1bef1d60925998b7577b014ea907965209b9045c197e79e77eb14439d7c431a,"[""44002481860388892740183335966007748831643129921411222940033401480764334836407"", ""47465498507287502475094187263593898643776563896680345103863507875745126656121""]",44002481860388892740183335966007748831643129921411222940033401480764334836407|47465498507287502475094187263593898643776563896680345103863507875745126656121,47465498507287502475094187263593898643776563896680345103863507875745126656121,No,True,0.04,11.7,0.96,11.82,0.5,0.9199999999999999,52e4ba7cc1b112b9fd2504cef842b2a09ad6bd84,0.01,5,,4.252,
2026-07-14T17:19:56Z,EPL,435490,epl-2026-team-of-the-season,EPL: 2026 PFA Team of the Year,2026-05-01T16:17:58.439577Z,2127680,will-dominik-szoboszlai-be-named-to-the-2026-pfa-premier-league-team-of-the-year,Will Dominik Szoboszlai be named to the 2026 PFA Premier League Team of the Year?,0xd5a172faaf27f951f5bc5c2d19f18367ab85e9c963e7357a8433da84e895507e,"[""10904347939559348084889283384973600207001307228767801114856379948987944051302"", ""63514807846207217791796334733580770155958510280638850911506455990693175502240""]",10904347939559348084889283384973600207001307228767801114856379948987944051302|63514807846207217791796334733580770155958510280638850911506455990693175502240,10904347939559348084889283384973600207001307228767801114856379948987944051302,Yes,True,0.04,10.77,0.96,10.77,0.5,0.9199999999999999,92085658c2a8b32ed80b5de1a645f07fe5bb7049,0.01,5,,4.252,
2026-07-14T17:19:56Z,EPL,435490,epl-2026-team-of-the-season,EPL: 2026 PFA Team of the Year,2026-05-01T16:17:58.439577Z,2127680,will-dominik-szoboszlai-be-named-to-the-2026-pfa-premier-league-team-of-the-year,Will Dominik Szoboszlai be named to the 2026 PFA Premier League Team of the Year?,0xd5a172faaf27f951f5bc5c2d19f18367ab85e9c963e7357a8433da84e895507e,"[""10904347939559348084889283384973600207001307228767801114856379948987944051302"", ""63514807846207217791796334733580770155958510280638850911506455990693175502240""]",10904347939559348084889283384973600207001307228767801114856379948987944051302|63514807846207217791796334733580770155958510280638850911506455990693175502240,63514807846207217791796334733580770155958510280638850911506455990693175502240,No,True,0.04,10.77,0.96,10.77,0.5,0.9199999999999999,402d68b29cb3f97c8cb76d4700b6196dd652b31f,0.01,5,,4.252,
2026-07-14T17:19:56Z,EPL,435490,epl-2026-team-of-the-season,EPL: 2026 PFA Team of the Year,2026-05-01T16:17:58.439577Z,2127681,will-moises-caicedo-be-named-to-the-2026-pfa-premier-league-team-of-the-year,Will Moises Caicedo be named to the 2026 PFA Premier League Team of the Year?,0x6a8a0e28a90c3880e21bb6de9eb98f12d5e81a8d88570a2c5b855ee60b6263ba,"[""13244409081849499988815460722411109697257731580831464114667102436005675343259"", ""41998463599395516608520033462694074004839767261466278584344671813809549672424""]",13244409081849499988815460722411109697257731580831464114667102436005675343259|41998463599395516608520033462694074004839767261466278584344671813809549672424,13244409081849499988815460722411109697257731580831464114667102436005675343259,Yes,True,0.04,11.7,0.96,11.82,0.5,0.9199999999999999,031f6135f10483eac416217fd7cfd03c1d44824d,0.01,5,,4.252,
2026-07-14T17:19:56Z,EPL,435490,epl-2026-team-of-the-season,EPL: 2026 PFA Team of the Year,2026-05-01T16:17:58.439577Z,2127681,will-moises-caicedo-be-named-to-the-2026-pfa-premier-league-team-of-the-year,Will Moises Caicedo be named to the 2026 PFA Premier League Team of the Year?,0x6a8a0e28a90c3880e21bb6de9eb98f12d5e81a8d88570a2c5b855ee60b6263ba,"[""13244409081849499988815460722411109697257731580831464114667102436005675343259"", ""41998463599395516608520033462694074004839767261466278584344671813809549672424""]",13244409081849499988815460722411109697257731580831464114667102436005675343259|41998463599395516608520033462694074004839767261466278584344671813809549672424,41998463599395516608520033462694074004839767261466278584344671813809549672424,No,True,0.04,11.82,0.96,11.7,0.5,0.9199999999999999,6ae3a70587e8333c326075d73084bdbbd8ecc368,0.01,5,,4.252,
2026-07-14T17:19:56Z,EPL,435490,epl-2026-team-of-the-season,EPL: 2026 PFA Team of the Year,2026-05-01T16:17:58.439577Z,2127682,will-elliot-anderson-be-named-to-the-2026-pfa-premier-league-team-of-the-year,Will Elliot Anderson be named to the 2026 PFA Premier League Team of the Year?,0x3e7b9aff81e624e4f9ef7677696f2d4fae5837bdf83bd9ed2d62ec7a87aaf7a6,"[""2770428290325312677871192984476250158140993595717599201621714256969118294243"", ""87005572382727825804817777311897399081855387101457739624425019964385877189800""]",2770428290325312677871192984476250158140993595717599201621714256969118294243|87005572382727825804817777311897399081855387101457739624425019964385877189800,2770428290325312677871192984476250158140993595717599201621714256969118294243,Yes,True,0.04,11.7,0.96,10.77,0.5,0.9199999999999999,3b5acea55ce289c2e3b9b5df46f03eb598737fa1,0.01,5,,4.248,
2026-07-14T17:19:56Z,EPL,435490,epl-2026-team-of-the-season,EPL: 2026 PFA Team of the Year,2026-05-01T16:17:58.439577Z,2127682,will-elliot-anderson-be-named-to-the-2026-pfa-premier-league-team-of-the-year,Will Elliot Anderson be named to the 2026 PFA Premier League Team of the Year?,0x3e7b9aff81e624e4f9ef7677696f2d4fae5837bdf83bd9ed2d62ec7a87aaf7a6,"[""2770428290325312677871192984476250158140993595717599201621714256969118294243"", ""87005572382727825804817777311897399081855387101457739624425019964385877189800""]",2770428290325312677871192984476250158140993595717599201621714256969118294243|87005572382727825804817777311897399081855387101457739624425019964385877189800,87005572382727825804817777311897399081855387101457739624425019964385877189800,No,True,0.04,10.77,0.96,11.7,0.5,0.9199999999999999,d68815ebcbe7ebc6449bb91bdaf91ae8a13a0e06,0.01,5,,4.248,
2026-07-14T17:19:56Z,EPL,435490,epl-2026-team-of-the-season,EPL: 2026 PFA Team of the Year,2026-05-01T16:17:58.439577Z,2127683,will-erling-haaland-be-named-to-the-2026-pfa-premier-league-team-of-the-year,Will Erling Haaland be named to the 2026 PFA Premier League Team of the Year?,0x0a3ee85120cf7d2febbaba00b787db1bd1fdc7f80f8277d89675736a430e2065,"[""36505760582912364024564187063352953937975349358323597571083864672476590879653"", ""36939641234709193046881505450280116016622287455799963152747536559103079527590""]",36505760582912364024564187063352953937975349358323597571083864672476590879653|36939641234709193046881505450280116016622287455799963152747536559103079527590,36505760582912364024564187063352953937975349358323597571083864672476590879653,Yes,True,0.04,11.82,0.96,10.77,0.5,0.9199999999999999,bf3324eb5f9bc1bf10a601e38da008b937515a7c,0.01,5,,4.116,
2026-07-14T17:19:56Z,EPL,435490,epl-2026-team-of-the-season,EPL: 2026 PFA Team of the Year,2026-05-01T16:17:58.439577Z,2127683,will-erling-haaland-be-named-to-the-2026-pfa-premier-league-team-of-the-year,Will Erling Haaland be named to the 2026 PFA Premier League Team of the Year?,0x0a3ee85120cf7d2febbaba00b787db1bd1fdc7f80f8277d89675736a430e2065,"[""36505760582912364024564187063352953937975349358323597571083864672476590879653"", ""36939641234709193046881505450280116016622287455799963152747536559103079527590""]",36505760582912364024564187063352953937975349358323597571083864672476590879653|36939641234709193046881505450280116016622287455799963152747536559103079527590,36939641234709193046881505450280116016622287455799963152747536559103079527590,No,True,0.04,10.77,0.96,11.82,0.5,0.9199999999999999,25851dfeb4b9914c70d97232ddb0eaedac10f6aa,0.01,5,,4.116,
2026-07-14T17:19:56Z,EPL,435490,epl-2026-team-of-the-season,EPL: 2026 PFA Team of the Year,2026-05-01T16:17:58.439577Z,2127684,will-hugo-ekitike-be-named-to-the-2026-pfa-premier-league-team-of-the-year,Will Hugo Ekitike be named to the 2026 PFA Premier League Team of the Year?,0x3ac387fc809af29edadb0c1881ecd88319f8b4ebb5b0a89a77a84e85f4a2099c,"[""21160761171799050394335213154237360537464294007297740615880003417666696561468"", ""57509889980199562878580001207297131252053963359675973392844979135378456666743""]",21160761171799050394335213154237360537464294007297740615880003417666696561468|57509889980199562878580001207297131252053963359675973392844979135378456666743,21160761171799050394335213154237360537464294007297740615880003417666696561468,Yes,True,0.04,11.52,0.94,5.61,0.49,0.8999999999999999,e1e0128500fb3b9d09e0106b200f636570a532c3,0.01,5,,3.9118,
2026-07-14T17:19:56Z,EPL,435490,epl-2026-team-of-the-season,EPL: 2026 PFA Team of the Year,2026-05-01T16:17:58.439577Z,2127684,will-hugo-ekitike-be-named-to-the-2026-pfa-premier-league-team-of-the-year,Will Hugo Ekitike be named to the 2026 PFA Premier League Team of the Year?,0x3ac387fc809af29edadb0c1881ecd88319f8b4ebb5b0a89a77a84e85f4a2099c,"[""21160761171799050394335213154237360537464294007297740615880003417666696561468"", ""57509889980199562878580001207297131252053963359675973392844979135378456666743""]",21160761171799050394335213154237360537464294007297740615880003417666696561468|57509889980199562878580001207297131252053963359675973392844979135378456666743,57509889980199562878580001207297131252053963359675973392844979135378456666743,No,True,0.06,5.61,0.96,11.52,0.51,0.8999999999999999,6569a998c528e032fd2b3e79cb8b6365f07cd7dc,0.01,5,,3.9118,
2026-07-14T17:19:56Z,EPL,435490,epl-2026-team-of-the-season,EPL: 2026 PFA Team of the Year,2026-05-01T16:17:58.439577Z,2127685,will-igor-thiago-be-named-to-the-2026-pfa-premier-league-team-of-the-year,Will Igor Thiago be named to the 2026 PFA Premier League Team of the Year?,0x2565964258328ceff81b8dd027a9b4bfae11353bbfbb3e27625da025fffc2d97,"[""45116472354972988677943929968423217543948497597214084731838340702588569592863"", ""57509607526871690199395719807389480255858394821926865896302284337840164838738""]",45116472354972988677943929968423217543948497597214084731838340702588569592863|57509607526871690199395719807389480255858394821926865896302284337840164838738,45116472354972988677943929968423217543948497597214084731838340702588569592863,Yes,True,0.04,11.82,0.96,10.77,0.5,0.9199999999999999,225e4af47f0a07cb71d0e2357668bf7be8258385,0.01,5,,4.1163,
2026-07-14T17:19:56Z,EPL,435490,epl-2026-team-of-the-season,EPL: 2026 PFA Team of the Year,2026-05-01T16:17:58.439577Z,2127685,will-igor-thiago-be-named-to-the-2026-pfa-premier-league-team-of-the-year,Will Igor Thiago be named to the 2026 PFA Premier League Team of the Year?,0x2565964258328ceff81b8dd027a9b4bfae11353bbfbb3e27625da025fffc2d97,"[""45116472354972988677943929968423217543948497597214084731838340702588569592863"", ""57509607526871690199395719807389480255858394821926865896302284337840164838738""]",45116472354972988677943929968423217543948497597214084731838340702588569592863|57509607526871690199395719807389480255858394821926865896302284337840164838738,57509607526871690199395719807389480255858394821926865896302284337840164838738,No,True,0.04,10.77,0.96,11.82,0.5,0.9199999999999999,cc9b525eff264f4c4fa59d75309f6e5597f828c3,0.01,5,,4.1163,
2026-07-14T17:19:56Z,EPL,435490,epl-2026-team-of-the-season,EPL: 2026 PFA Team of the Year,2026-05-01T16:17:58.439577Z,2127686,will-joo-pedro-be-named-to-the-2026-pfa-premier-league-team-of-the-year,Will João Pedro be named to the 2026 PFA Premier League Team of the Year?,0x6fce5bfb34549a3a2c919a87ed5948038ae259334b99c7626269b54b5aec2e0e,"[""32710637391248437289327028678783582535502723443825413307615920275857755767269"", ""76494283295406840675256483217001111989666469664619203128145658200939942333539""]",32710637391248437289327028678783582535502723443825413307615920275857755767269|76494283295406840675256483217001111989666469664619203128145658200939942333539,32710637391248437289327028678783582535502723443825413307615920275857755767269,Yes,True,0.04,10.77,0.94,5.61,0.49,0.8999999999999999,370c667a29a8a1cc6ed8cca4296a72e6cf76490a,0.01,5,,3.8421,
2026-07-14T17:19:56Z,EPL,435490,epl-2026-team-of-the-season,EPL: 2026 PFA Team of the Year,2026-05-01T16:17:58.439577Z,2127686,will-joo-pedro-be-named-to-the-2026-pfa-premier-league-team-of-the-year,Will João Pedro be named to the 2026 PFA Premier League Team of the Year?,0x6fce5bfb34549a3a2c919a87ed5948038ae259334b99c7626269b54b5aec2e0e,"[""32710637391248437289327028678783582535502723443825413307615920275857755767269"", ""76494283295406840675256483217001111989666469664619203128145658200939942333539""]",32710637391248437289327028678783582535502723443825413307615920275857755767269|76494283295406840675256483217001111989666469664619203128145658200939942333539,76494283295406840675256483217001111989666469664619203128145658200939942333539,No,True,0.06,5.61,0.96,10.77,0.51,0.8999999999999999,145f82d36192cf0a8757f3e0281f6a9f9f51ee54,0.01,5,,3.8421,
2026-07-14T17:19:56Z,EPL,435490,epl-2026-team-of-the-season,EPL: 2026 PFA Team of the Year,2026-05-01T16:17:58.439577Z,2127687,will-morgan-rogers-be-named-to-the-2026-pfa-premier-league-team-of-the-year,Will Morgan Rogers be named to the 2026 PFA Premier League Team of the Year?,0x96b8591e61ab8153068ed93e54c013f0e6b89cea2aa4e133fdfd9dafcded9277,"[""35606525977135678474506342380680226214353069361032301286284296655225714906882"", ""21333608757853284524355908501060578820412665842300321107531640970971045399525""]",35606525977135678474506342380680226214353069361032301286284296655225714906882|21333608757853284524355908501060578820412665842300321107531640970971045399525,35606525977135678474506342380680226214353069361032301286284296655225714906882,Yes,True,0.04,10.77,0.96,10.77,0.5,0.9199999999999999,505f059d5cea47aa5fb9d603a06f6fe45aca48ec,0.01,5,,3.9806,
2026-07-14T17:19:56Z,EPL,435490,epl-2026-team-of-the-season,EPL: 2026 PFA Team of the Year,2026-05-01T16:17:58.439577Z,2127687,will-morgan-rogers-be-named-to-the-2026-pfa-premier-league-team-of-the-year,Will Morgan Rogers be named to the 2026 PFA Premier League Team of the Year?,0x96b8591e61ab8153068ed93e54c013f0e6b89cea2aa4e133fdfd9dafcded9277,"[""35606525977135678474506342380680226214353069361032301286284296655225714906882"", ""21333608757853284524355908501060578820412665842300321107531640970971045399525""]",35606525977135678474506342380680226214353069361032301286284296655225714906882|21333608757853284524355908501060578820412665842300321107531640970971045399525,21333608757853284524355908501060578820412665842300321107531640970971045399525,No,True,0.04,10.77,0.96,10.77,0.5,0.9199999999999999,a43e09c4ea29c63bdf98844e3a3e5a4d32af3743,0.01,5,,3.9806,
2026-07-14T17:19:56Z,EPL,435490,epl-2026-team-of-the-season,EPL: 2026 PFA Team of the Year,2026-05-01T16:17:58.439577Z,2127688,will-antoine-semenyo-be-named-to-the-2026-pfa-premier-league-team-of-the-year,Will Antoine Semenyo be named to the 2026 PFA Premier League Team of the Year?,0x1220c8ad3de1b3e3a079e832ec53f3cd4c3f014685820c7364e6feeec413e4d8,"[""76296603541032491222249921378613877627058194760954506807014743183408941333618"", ""21304560232739094042644316740439641499393814233414419162298081903469670924441""]",76296603541032491222249921378613877627058194760954506807014743183408941333618|21304560232739094042644316740439641499393814233414419162298081903469670924441,76296603541032491222249921378613877627058194760954506807014743183408941333618,Yes,True,0.04,13.64,0.96,23.73,0.5,0.9199999999999999,c5db05af51e138efd8f364abb892f4e2a9aefd2c,0.01,5,,4.7149,2.08165
2026-07-14T17:19:56Z,EPL,435490,epl-2026-team-of-the-season,EPL: 2026 PFA Team of the Year,2026-05-01T16:17:58.439577Z,2127688,will-antoine-semenyo-be-named-to-the-2026-pfa-premier-league-team-of-the-year,Will Antoine Semenyo be named to the 2026 PFA Premier League Team of the Year?,0x1220c8ad3de1b3e3a079e832ec53f3cd4c3f014685820c7364e6feeec413e4d8,"[""76296603541032491222249921378613877627058194760954506807014743183408941333618"", ""21304560232739094042644316740439641499393814233414419162298081903469670924441""]",76296603541032491222249921378613877627058194760954506807014743183408941333618|21304560232739094042644316740439641499393814233414419162298081903469670924441,21304560232739094042644316740439641499393814233414419162298081903469670924441,No,True,0.04,23.73,0.96,13.64,0.5,0.9199999999999999,e4f347ad291084ab8af0fdf1eadaedca7dc512aa,0.01,5,,4.7149,2.08165
2026-07-14T17:19:56Z,EPL,435490,epl-2026-team-of-the-season,EPL: 2026 PFA Team of the Year,2026-05-01T16:17:58.439577Z,2127689,will-jeremy-doku-be-named-to-the-2026-pfa-premier-league-team-of-the-year,Will Jeremy Doku be named to the 2026 PFA Premier League Team of the Year?,0xa879be670c7ecf3087a8bf9fc8cf43b4e415502e71e7910dd63ac8f80a56d87b,"[""3879696626646145930128886354978365884788235204398514844964568164322230593973"", ""79551627668553765432569263846776420950508270405186694496807348421004929288226""]",3879696626646145930128886354978365884788235204398514844964568164322230593973|79551627668553765432569263846776420950508270405186694496807348421004929288226,3879696626646145930128886354978365884788235204398514844964568164322230593973,Yes,True,0.04,10.77,0.96,11.82,0.5,0.9199999999999999,1ed4bb9a51913b64970ad93da2a8902e40882faf,0.01,5,,4.1802,
2026-07-14T17:19:56Z,EPL,435490,epl-2026-team-of-the-season,EPL: 2026 PFA Team of the Year,2026-05-01T16:17:58.439577Z,2127689,will-jeremy-doku-be-named-to-the-2026-pfa-premier-league-team-of-the-year,Will Jeremy Doku be named to the 2026 PFA Premier League Team of the Year?,0xa879be670c7ecf3087a8bf9fc8cf43b4e415502e71e7910dd63ac8f80a56d87b,"[""3879696626646145930128886354978365884788235204398514844964568164322230593973"", ""79551627668553765432569263846776420950508270405186694496807348421004929288226""]",3879696626646145930128886354978365884788235204398514844964568164322230593973|79551627668553765432569263846776420950508270405186694496807348421004929288226,79551627668553765432569263846776420950508270405186694496807348421004929288226,No,True,0.04,11.82,0.96,10.77,0.5,0.9199999999999999,7a7221bd4cf7f560c5b09a4be552ee72e89f010c,0.01,5,,4.1802,
2026-07-14T17:19:56Z,EPL,435490,epl-2026-team-of-the-season,EPL: 2026 PFA Team of the Year,2026-05-01T16:17:58.439577Z,2127690,will-bryan-mbeumo-be-named-to-the-2026-pfa-premier-league-team-of-the-year,Will Bryan Mbeumo be named to the 2026 PFA Premier League Team of the Year?,0xbc5c1fe3e7dd57070ca528cd85b158334b7aa9ee0c87b22c861586f82f115f53,"[""91785058119765698978951103847186849259631214663163177270696303972172010570357"", ""57423228513700841810717133678013622282899538997222385821885417665448518434118""]",91785058119765698978951103847186849259631214663163177270696303972172010570357|57423228513700841810717133678013622282899538997222385821885417665448518434118,91785058119765698978951103847186849259631214663163177270696303972172010570357,Yes,True,0.04,11.82,0.94,5.61,0.49,0.8999999999999999,0468a1b2cf9eb28881b9714ec07605a6e0e81d95,0.01,5,,3.967,
2026-07-14T17:19:56Z,EPL,435490,epl-2026-team-of-the-season,EPL: 2026 PFA Team of the Year,2026-05-01T16:17:58.439577Z,2127690,will-bryan-mbeumo-be-named-to-the-2026-pfa-premier-league-team-of-the-year,Will Bryan Mbeumo be named to the 2026 PFA Premier League Team of the Year?,0xbc5c1fe3e7dd57070ca528cd85b158334b7aa9ee0c87b22c861586f82f115f53,"[""91785058119765698978951103847186849259631214663163177270696303972172010570357"", ""57423228513700841810717133678013622282899538997222385821885417665448518434118""]",91785058119765698978951103847186849259631214663163177270696303972172010570357|57423228513700841810717133678013622282899538997222385821885417665448518434118,57423228513700841810717133678013622282899538997222385821885417665448518434118,No,True,0.06,5.61,0.96,11.82,0.51,0.8999999999999999,6b48f76b81237bf7642ab9f28541b5b06f0f403c,0.01,5,,3.967,
2026-07-14T17:19:56Z,EPL,435490,epl-2026-team-of-the-season,EPL: 2026 PFA Team of the Year,2026-05-01T16:17:58.439577Z,2127691,will-jarrod-bowen-be-named-to-the-2026-pfa-premier-league-team-of-the-year,Will Jarrod Bowen be named to the 2026 PFA Premier League Team of the Year?,0x7352d3b05ddd64c22487c855e05c0485348e49d0dad74d9bde2c0478db43701e,"[""72676667720459668200165137999841534576126998576490942457742996617745849748718"", ""93972487936526721423770075279455909737407561133246099106446256232697159064557""]",72676667720459668200165137999841534576126998576490942457742996617745849748718|93972487936526721423770075279455909737407561133246099106446256232697159064557,72676667720459668200165137999841534576126998576490942457742996617745849748718,Yes,True,0.04,11.82,0.94,5.61,0.49,0.8999999999999999,e74616ecff9f27332c1da9df2c5ed939f28d3d2f,0.01,5,,3.967,
2026-07-14T17:19:56Z,EPL,435490,epl-2026-team-of-the-season,EPL: 2026 PFA Team of the Year,2026-05-01T16:17:58.439577Z,2127691,will-jarrod-bowen-be-named-to-the-2026-pfa-premier-league-team-of-the-year,Will Jarrod Bowen be named to the 2026 PFA Premier League Team of the Year?,0x7352d3b05ddd64c22487c855e05c0485348e49d0dad74d9bde2c0478db43701e,"[""72676667720459668200165137999841534576126998576490942457742996617745849748718"", ""93972487936526721423770075279455909737407561133246099106446256232697159064557""]",72676667720459668200165137999841534576126998576490942457742996617745849748718|93972487936526721423770075279455909737407561133246099106446256232697159064557,93972487936526721423770075279455909737407561133246099106446256232697159064557,No,True,0.06,5.61,0.96,11.82,0.51,0.8999999999999999,99dab8051dddfd73526917faa257634e2e62cf45,0.01,5,,3.967,
2026-07-14T17:19:56Z,EPL,435490,epl-2026-team-of-the-season,EPL: 2026 PFA Team of the Year,2026-05-01T16:17:58.439577Z,2127692,will-phil-foden-be-named-to-the-2026-pfa-premier-league-team-of-the-year,Will Phil Foden be named to the 2026 PFA Premier League Team of the Year?,0x0f4085f5c4961b9029c600d4f976d0594a302e9f365552b48f500b655f2ac4fa,"[""8033894410953638407847681522327346336043237396295679948351222439635117761656"", ""89182645560093896409280692775338915223534298743660692930735700909064064285484""]",8033894410953638407847681522327346336043237396295679948351222439635117761656|89182645560093896409280692775338915223534298743660692930735700909064064285484,8033894410953638407847681522327346336043237396295679948351222439635117761656,Yes,True,0.04,11.7,0.94,5.61,0.49,0.8999999999999999,e33309dfddc238fd31e2281b0a6da4d966f32787,0.01,5,,3.9118,
2026-07-14T17:19:56Z,EPL,435490,epl-2026-team-of-the-season,EPL: 2026 PFA Team of the Year,2026-05-01T16:17:58.439577Z,2127692,will-phil-foden-be-named-to-the-2026-pfa-premier-league-team-of-the-year,Will Phil Foden be named to the 2026 PFA Premier League Team of the Year?,0x0f4085f5c4961b9029c600d4f976d0594a302e9f365552b48f500b655f2ac4fa,"[""8033894410953638407847681522327346336043237396295679948351222439635117761656"", ""89182645560093896409280692775338915223534298743660692930735700909064064285484""]",8033894410953638407847681522327346336043237396295679948351222439635117761656|89182645560093896409280692775338915223534298743660692930735700909064064285484,89182645560093896409280692775338915223534298743660692930735700909064064285484,No,True,0.06,5.61,0.96,11.7,0.51,0.8999999999999999,82fa42e39692f2aee08c09fc57e69addbcac2383,0.01,5,,3.9118,
2026-07-14T17:19:56Z,EPL,435490,epl-2026-team-of-the-season,EPL: 2026 PFA Team of the Year,2026-05-01T16:17:58.439577Z,2127693,will-bukayo-saka-be-named-to-the-2026-pfa-premier-league-team-of-the-year,Will Bukayo Saka be named to the 2026 PFA Premier League Team of the Year?,0xb31d5274c8acbc2b023593c03fe1cb6367f42a9596ebb5d61b3204457b980730,"[""3899512605908669133631802955015968710467998848723391934123440957914049621850"", ""50079801685037680014087676599806731271595381000363699907442053815397821742247""]",3899512605908669133631802955015968710467998848723391934123440957914049621850|50079801685037680014087676599806731271595381000363699907442053815397821742247,3899512605908669133631802955015968710467998848723391934123440957914049621850,Yes,True,0.04,11.83,0.96,11.82,0.5,0.9199999999999999,41ba9c3206b8300a012a3b15eba823ac8a1910d8,0.01,5,,4.8357,5.434775
2026-07-14T17:19:56Z,EPL,435490,epl-2026-team-of-the-season,EPL: 2026 PFA Team of the Year,2026-05-01T16:17:58.439577Z,2127693,will-bukayo-saka-be-named-to-the-2026-pfa-premier-league-team-of-the-year,Will Bukayo Saka be named to the 2026 PFA Premier League Team of the Year?,0xb31d5274c8acbc2b023593c03fe1cb6367f42a9596ebb5d61b3204457b980730,"[""3899512605908669133631802955015968710467998848723391934123440957914049621850"", ""50079801685037680014087676599806731271595381000363699907442053815397821742247""]",3899512605908669133631802955015968710467998848723391934123440957914049621850|50079801685037680014087676599806731271595381000363699907442053815397821742247,50079801685037680014087676599806731271595381000363699907442053815397821742247,No,True,0.03,25.3,0.96,11.83,0.495,0.9299999999999999,dc9b9092558c36ebc344e5dc0cba45e5006fd201,0.01,5,,4.8357,5.434775
2026-07-14T18:24:00Z,EPL,333084,epl-team-to-qualify-for-uefa-conference-league,EPL: Team to qualify for UEFA Conference League,2026-04-01T17:27:13.650134Z,1818367,will-arsenal-qualify-for-the-league-phase-of-the-2026-27-uefa-conference-league,Will Arsenal qualify for the League Phase of the 2026-27 UEFA Conference League?,0xe303639e6e879ac5dac9632362583523a2c1ff1ac46645f45fd5c1e7034b3ef7,"[""68901380712839851395966644282518000143877097473327410904576810621084636054002"", ""14101352633367703776049560107649243928150035657062243340231594815518398887879""]",68901380712839851395966644282518000143877097473327410904576810621084636054002|14101352633367703776049560107649243928150035657062243340231594815518398887879,68901380712839851395966644282518000143877097473327410904576810621084636054002,Yes,False,,,,,,,,,,,,467.35890000000006
2026-07-14T18:24:00Z,EPL,333084,epl-team-to-qualify-for-uefa-conference-league,EPL: Team to qualify for UEFA Conference League,2026-04-01T17:27:13.650134Z,1818367,will-arsenal-qualify-for-the-league-phase-of-the-2026-27-uefa-conference-league,Will Arsenal qualify for the League Phase of the 2026-27 UEFA Conference League?,0xe303639e6e879ac5dac9632362583523a2c1ff1ac46645f45fd5c1e7034b3ef7,"[""68901380712839851395966644282518000143877097473327410904576810621084636054002"", ""14101352633367703776049560107649243928150035657062243340231594815518398887879""]",68901380712839851395966644282518000143877097473327410904576810621084636054002|14101352633367703776049560107649243928150035657062243340231594815518398887879,14101352633367703776049560107649243928150035657062243340231594815518398887879,No,False,,,,,,,,,,,,467.35890000000006
2026-07-14T18:24:00Z,EPL,333084,epl-team-to-qualify-for-uefa-conference-league,EPL: Team to qualify for UEFA Conference League,2026-04-01T17:27:13.650134Z,1818368,will-aston-villa-qualify-for-the-league-phase-of-the-2026-27-uefa-conference-league,Will Aston Villa qualify for the League Phase of the 2026-27 UEFA Conference League?,0x28177c964d8b9d218ddc13dac289b4d63545aec7329fb69b12413e1a10a75457,"[""31823132354185101528875214330987706903655516243832510690074648671327601851551"", ""24610182176230826024523430019874907375950075107195029433984156474474467506756""]",31823132354185101528875214330987706903655516243832510690074648671327601851551|24610182176230826024523430019874907375950075107195029433984156474474467506756,31823132354185101528875214330987706903655516243832510690074648671327601851551,Yes,False,,,,,,,,,,,,118.34
2026-07-14T18:24:00Z,EPL,333084,epl-team-to-qualify-for-uefa-conference-league,EPL: Team to qualify for UEFA Conference League,2026-04-01T17:27:13.650134Z,1818368,will-aston-villa-qualify-for-the-league-phase-of-the-2026-27-uefa-conference-league,Will Aston Villa qualify for the League Phase of the 2026-27 UEFA Conference League?,0x28177c964d8b9d218ddc13dac289b4d63545aec7329fb69b12413e1a10a75457,"[""31823132354185101528875214330987706903655516243832510690074648671327601851551"", ""24610182176230826024523430019874907375950075107195029433984156474474467506756""]",31823132354185101528875214330987706903655516243832510690074648671327601851551|24610182176230826024523430019874907375950075107195029433984156474474467506756,24610182176230826024523430019874907375950075107195029433984156474474467506756,No,False,,,,,,,,,,,,118.34
2026-07-14T18:24:00Z,EPL,333084,epl-team-to-qualify-for-uefa-conference-league,EPL: Team to qualify for UEFA Conference League,2026-04-01T17:27:13.650134Z,1818369,will-bournemouth-qualify-for-the-league-phase-of-the-2026-27-uefa-conference-league,Will Bournemouth qualify for the League Phase of the 2026-27 UEFA Conference League?,0x767a11689ea743287c46af43309a57c52055b201a44546f1151ebe770848a4c2,"[""51037068800800327301977700578792391802166844203670527997794112211084782282749"", ""49880512765242008305101129568216821495775216606287544487246019230820484318812""]",51037068800800327301977700578792391802166844203670527997794112211084782282749|49880512765242008305101129568216821495775216606287544487246019230820484318812,51037068800800327301977700578792391802166844203670527997794112211084782282749,Yes,False,,,,,,,,,,,,104.230768
2026-07-14T18:24:00Z,EPL,333084,epl-team-to-qualify-for-uefa-conference-league,EPL: Team to qualify for UEFA Conference League,2026-04-01T17:27:13.650134Z,1818369,will-bournemouth-qualify-for-the-league-phase-of-the-2026-27-uefa-conference-league,Will Bournemouth qualify for the League Phase of the 2026-27 UEFA Conference League?,0x767a11689ea743287c46af43309a57c52055b201a44546f1151ebe770848a4c2,"[""51037068800800327301977700578792391802166844203670527997794112211084782282749"", ""49880512765242008305101129568216821495775216606287544487246019230820484318812""]",51037068800800327301977700578792391802166844203670527997794112211084782282749|49880512765242008305101129568216821495775216606287544487246019230820484318812,49880512765242008305101129568216821495775216606287544487246019230820484318812,No,False,,,,,,,,,,,,104.230768
2026-07-14T18:24:00Z,EPL,333084,epl-team-to-qualify-for-uefa-conference-league,EPL: Team to qualify for UEFA Conference League,2026-04-01T17:27:13.650134Z,1818370,will-brentford-qualify-for-the-league-phase-of-the-2026-27-uefa-conference-league,Will Brentford qualify for the League Phase of the 2026-27 UEFA Conference League?,0x0389abffb5ab63bd6aa4c5a51d9d3aa9448f20cd4ce3aa635fefd2f2349c3a31,"[""28387783984422789854592851598345905688234938653031916751801472369971729754741"", ""114832188258694701659066568174555689813627221405189198849646410747085620840644""]",28387783984422789854592851598345905688234938653031916751801472369971729754741|114832188258694701659066568174555689813627221405189198849646410747085620840644,28387783984422789854592851598345905688234938653031916751801472369971729754741,Yes,False,,,,,,,,,,,,65
2026-07-14T18:24:00Z,EPL,333084,epl-team-to-qualify-for-uefa-conference-league,EPL: Team to qualify for UEFA Conference League,2026-04-01T17:27:13.650134Z,1818370,will-brentford-qualify-for-the-league-phase-of-the-2026-27-uefa-conference-league,Will Brentford qualify for the League Phase of the 2026-27 UEFA Conference League?,0x0389abffb5ab63bd6aa4c5a51d9d3aa9448f20cd4ce3aa635fefd2f2349c3a31,"[""28387783984422789854592851598345905688234938653031916751801472369971729754741"", ""114832188258694701659066568174555689813627221405189198849646410747085620840644""]",28387783984422789854592851598345905688234938653031916751801472369971729754741|114832188258694701659066568174555689813627221405189198849646410747085620840644,114832188258694701659066568174555689813627221405189198849646410747085620840644,No,False,,,,,,,,,,,,65
2026-07-14T18:24:00Z,EPL,333084,epl-team-to-qualify-for-uefa-conference-league,EPL: Team to qualify for UEFA Conference League,2026-04-01T17:27:13.650134Z,1818371,will-brighton-hove-albion-qualify-for-the-league-phase-of-the-2026-27-uefa-conference-league,Will Brighton & Hove Albion qualify for the League Phase of the 2026-27 UEFA Conference League?,0x4e11ad07550e879b771bb74aa2ac543182c0b555f4fd86aaa8c9818d64b91f25,"[""91139930726622392742704198140499166850579482457098783277042371092513674941494"", ""75555949500072945185762043512718261040129266196955015758692797567174442576587""]",91139930726622392742704198140499166850579482457098783277042371092513674941494|75555949500072945185762043512718261040129266196955015758692797567174442576587,91139930726622392742704198140499166850579482457098783277042371092513674941494,Yes,True,0.95,5.1,0.979,73.6,0.9644999999999999,0.029000000000000026,25cc0173862df016a513dca445c3a2b05f87c3e3,0.001,5,,170.766,751.4608939999999
2026-07-14T18:24:00Z,EPL,333084,epl-team-to-qualify-for-uefa-conference-league,EPL: Team to qualify for UEFA Conference League,2026-04-01T17:27:13.650134Z,1818371,will-brighton-hove-albion-qualify-for-the-league-phase-of-the-2026-27-uefa-conference-league,Will Brighton & Hove Albion qualify for the League Phase of the 2026-27 UEFA Conference League?,0x4e11ad07550e879b771bb74aa2ac543182c0b555f4fd86aaa8c9818d64b91f25,"[""91139930726622392742704198140499166850579482457098783277042371092513674941494"", ""75555949500072945185762043512718261040129266196955015758692797567174442576587""]",91139930726622392742704198140499166850579482457098783277042371092513674941494|75555949500072945185762043512718261040129266196955015758692797567174442576587,75555949500072945185762043512718261040129266196955015758692797567174442576587,No,True,0.021,73.6,0.05,5.1,0.035500000000000004,0.029,a78ea5d6735c4d7ad27b85bf4c0b8776103f99bb,0.001,5,,170.766,751.4608939999999
2026-07-14T18:24:00Z,EPL,333084,epl-team-to-qualify-for-uefa-conference-league,EPL: Team to qualify for UEFA Conference League,2026-04-01T17:27:13.650134Z,1818372,will-chelsea-qualify-for-the-league-phase-of-the-2026-27-uefa-conference-league,Will Chelsea qualify for the League Phase of the 2026-27 UEFA Conference League?,0xa0a419e4b455bbeb1ac06050bf572bbf636c70dc688f201eda6beb257e0ecccf,"[""24304404136401853611354679156736471836167449603878002382670170418575244748347"", ""34932573794344542041315686660932662303391519134203250572504686994553601884919""]",24304404136401853611354679156736471836167449603878002382670170418575244748347|34932573794344542041315686660932662303391519134203250572504686994553601884919,24304404136401853611354679156736471836167449603878002382670170418575244748347,Yes,False,,,,,,,,,,,,193.140308
2026-07-14T18:24:00Z,EPL,333084,epl-team-to-qualify-for-uefa-conference-league,EPL: Team to qualify for UEFA Conference League,2026-04-01T17:27:13.650134Z,1818372,will-chelsea-qualify-for-the-league-phase-of-the-2026-27-uefa-conference-league,Will Chelsea qualify for the League Phase of the 2026-27 UEFA Conference League?,0xa0a419e4b455bbeb1ac06050bf572bbf636c70dc688f201eda6beb257e0ecccf,"[""24304404136401853611354679156736471836167449603878002382670170418575244748347"", ""34932573794344542041315686660932662303391519134203250572504686994553601884919""]",24304404136401853611354679156736471836167449603878002382670170418575244748347|34932573794344542041315686660932662303391519134203250572504686994553601884919,34932573794344542041315686660932662303391519134203250572504686994553601884919,No,False,,,,,,,,,,,,193.140308
2026-07-14T18:24:00Z,EPL,333084,epl-team-to-qualify-for-uefa-conference-league,EPL: Team to qualify for UEFA Conference League,2026-04-01T17:27:13.650134Z,1818373,will-crystal-palace-qualify-for-the-league-phase-of-the-2026-27-uefa-conference-league,Will Crystal Palace qualify for the League Phase of the 2026-27 UEFA Conference League?,0x7fcff1b74a273c0e48b01dafa03fd994fc6d6a80faf2f401808a1f7c906231e2,"[""83595360800340582836220415327748792858014632655765677024450652227649872829217"", ""8722778550304158158775908112102831721712668882628498669387415627760731221547""]",83595360800340582836220415327748792858014632655765677024450652227649872829217|8722778550304158158775908112102831721712668882628498669387415627760731221547,83595360800340582836220415327748792858014632655765677024450652227649872829217,Yes,False,,,,,,,,,,,,55.10415
2026-07-14T18:24:00Z,EPL,333084,epl-team-to-qualify-for-uefa-conference-league,EPL: Team to qualify for UEFA Conference League,2026-04-01T17:27:13.650134Z,1818373,will-crystal-palace-qualify-for-the-league-phase-of-the-2026-27-uefa-conference-league,Will Crystal Palace qualify for the League Phase of the 2026-27 UEFA Conference League?,0x7fcff1b74a273c0e48b01dafa03fd994fc6d6a80faf2f401808a1f7c906231e2,"[""83595360800340582836220415327748792858014632655765677024450652227649872829217"", ""8722778550304158158775908112102831721712668882628498669387415627760731221547""]",83595360800340582836220415327748792858014632655765677024450652227649872829217|8722778550304158158775908112102831721712668882628498669387415627760731221547,8722778550304158158775908112102831721712668882628498669387415627760731221547,No,False,,,,,,,,,,,,55.10415
2026-07-14T18:24:00Z,EPL,333084,epl-team-to-qualify-for-uefa-conference-league,EPL: Team to qualify for UEFA Conference League,2026-04-01T17:27:13.650134Z,1818374,will-everton-qualify-for-the-league-phase-of-the-2026-27-uefa-conference-league,Will Everton qualify for the League Phase of the 2026-27 UEFA Conference League?,0xc2d06ea1b36aa2af374778802062278b37c0681e80b8b30d440eea8c89c69efa,"[""4166923647964243798214643118596450748550925708271797356837126450441673128307"", ""38675784671269789218225363889508272390729885225646140690421495748338190385226""]",4166923647964243798214643118596450748550925708271797356837126450441673128307|38675784671269789218225363889508272390729885225646140690421495748338190385226,4166923647964243798214643118596450748550925708271797356837126450441673128307,Yes,False,,,,,,,,,,,,481.81
2026-07-14T18:24:00Z,EPL,333084,epl-team-to-qualify-for-uefa-conference-league,EPL: Team to qualify for UEFA Conference League,2026-04-01T17:27:13.650134Z,1818374,will-everton-qualify-for-the-league-phase-of-the-2026-27-uefa-conference-league,Will Everton qualify for the League Phase of the 2026-27 UEFA Conference League?,0xc2d06ea1b36aa2af374778802062278b37c0681e80b8b30d440eea8c89c69efa,"[""4166923647964243798214643118596450748550925708271797356837126450441673128307"", ""38675784671269789218225363889508272390729885225646140690421495748338190385226""]",4166923647964243798214643118596450748550925708271797356837126450441673128307|38675784671269789218225363889508272390729885225646140690421495748338190385226,38675784671269789218225363889508272390729885225646140690421495748338190385226,No,False,,,,,,,,,,,,481.81
2026-07-14T18:24:00Z,EPL,333084,epl-team-to-qualify-for-uefa-conference-league,EPL: Team to qualify for UEFA Conference League,2026-04-01T17:27:13.650134Z,1818375,will-fulham-qualify-for-the-league-phase-of-the-2026-27-uefa-conference-league,Will Fulham qualify for the League Phase of the 2026-27 UEFA Conference League?,0xa9c80d9e6d42b63441eb65788fa6715dd14e46e84e92ab0af524aa71de00e9fe,"[""58173349290615436261874750189700214187364770220706840363443501392029514828013"", ""68870830613563352664780739176635792396465611522859759407689581346809698393825""]",58173349290615436261874750189700214187364770220706840363443501392029514828013|68870830613563352664780739176635792396465611522859759407689581346809698393825,58173349290615436261874750189700214187364770220706840363443501392029514828013,Yes,False,,,,,,,,,,,,529.6700000000001
2026-07-14T18:24:00Z,EPL,333084,epl-team-to-qualify-for-uefa-conference-league,EPL: Team to qualify for UEFA Conference League,2026-04-01T17:27:13.650134Z,1818375,will-fulham-qualify-for-the-league-phase-of-the-2026-27-uefa-conference-league,Will Fulham qualify for the League Phase of the 2026-27 UEFA Conference League?,0xa9c80d9e6d42b63441eb65788fa6715dd14e46e84e92ab0af524aa71de00e9fe,"[""58173349290615436261874750189700214187364770220706840363443501392029514828013"", ""68870830613563352664780739176635792396465611522859759407689581346809698393825""]",58173349290615436261874750189700214187364770220706840363443501392029514828013|68870830613563352664780739176635792396465611522859759407689581346809698393825,68870830613563352664780739176635792396465611522859759407689581346809698393825,No,False,,,,,,,,,,,,529.6700000000001
2026-07-14T18:24:00Z,EPL,333084,epl-team-to-qualify-for-uefa-conference-league,EPL: Team to qualify for UEFA Conference League,2026-04-01T17:27:13.650134Z,1818376,will-ipswich-town-qualify-for-the-league-phase-of-the-2026-27-uefa-conference-league,Will Ipswich Town qualify for the League Phase of the 2026-27 UEFA Conference League?,0xfd1fd6c7c9106ccdc0a48fb64385b352808d5f6a4eb0157cb37b834002772000,"[""34575040317828011543308948862359294748447343494151397521995978862299718496252"", ""32703218917373905712439402416747473136357574974365039086658033726899781984701""]",34575040317828011543308948862359294748447343494151397521995978862299718496252|32703218917373905712439402416747473136357574974365039086658033726899781984701,34575040317828011543308948862359294748447343494151397521995978862299718496252,Yes,False,,,,,,,,,,,,185.7979
2026-07-14T18:24:00Z,EPL,333084,epl-team-to-qualify-for-uefa-conference-league,EPL: Team to qualify for UEFA Conference League,2026-04-01T17:27:13.650134Z,1818376,will-ipswich-town-qualify-for-the-league-phase-of-the-2026-27-uefa-conference-league,Will Ipswich Town qualify for the League Phase of the 2026-27 UEFA Conference League?,0xfd1fd6c7c9106ccdc0a48fb64385b352808d5f6a4eb0157cb37b834002772000,"[""34575040317828011543308948862359294748447343494151397521995978862299718496252"", ""32703218917373905712439402416747473136357574974365039086658033726899781984701""]",34575040317828011543308948862359294748447343494151397521995978862299718496252|32703218917373905712439402416747473136357574974365039086658033726899781984701,32703218917373905712439402416747473136357574974365039086658033726899781984701,No,False,,,,,,,,,,,,185.7979
2026-07-14T18:24:00Z,EPL,333084,epl-team-to-qualify-for-uefa-conference-league,EPL: Team to qualify for UEFA Conference League,2026-04-01T17:27:13.650134Z,1818377,will-leicester-city-qualify-for-the-league-phase-of-the-2026-27-uefa-conference-league,Will Leicester City qualify for the League Phase of the 2026-27 UEFA Conference League?,0x7f23bad03e49e8691193b374466a982f76952cc0658302268f2122380250f91d,"[""36855782576831156580765175743466253787995589729798761982205435744452738857165"", ""63267615403020851545105138792098005654530731396339683005908577788229989628684""]",36855782576831156580765175743466253787995589729798761982205435744452738857165|63267615403020851545105138792098005654530731396339683005908577788229989628684,36855782576831156580765175743466253787995589729798761982205435744452738857165,Yes,False,,,,,,,,,,,,185.5555
2026-07-14T18:24:00Z,EPL,333084,epl-team-to-qualify-for-uefa-conference-league,EPL: Team to qualify for UEFA Conference League,2026-04-01T17:27:13.650134Z,1818377,will-leicester-city-qualify-for-the-league-phase-of-the-2026-27-uefa-conference-league,Will Leicester City qualify for the League Phase of the 2026-27 UEFA Conference League?,0x7f23bad03e49e8691193b374466a982f76952cc0658302268f2122380250f91d,"[""36855782576831156580765175743466253787995589729798761982205435744452738857165"", ""63267615403020851545105138792098005654530731396339683005908577788229989628684""]",36855782576831156580765175743466253787995589729798761982205435744452738857165|63267615403020851545105138792098005654530731396339683005908577788229989628684,63267615403020851545105138792098005654530731396339683005908577788229989628684,No,False,,,,,,,,,,,,185.5555
2026-07-14T18:24:00Z,EPL,333084,epl-team-to-qualify-for-uefa-conference-league,EPL: Team to qualify for UEFA Conference League,2026-04-01T17:27:13.650134Z,1818378,will-liverpool-qualify-for-the-league-phase-of-the-2026-27-uefa-conference-league,Will Liverpool qualify for the League Phase of the 2026-27 UEFA Conference League?,0x0f39d177f78abd438be984b36f264c13de879b346ae40bfea0ababc108b83f64,"[""65988948624774144931622911564364302133312968519504468408474435267221324233196"", ""115130602602129428285461614417924472558165741430309539659330809798396288056300""]",65988948624774144931622911564364302133312968519504468408474435267221324233196|115130602602129428285461614417924472558165741430309539659330809798396288056300,65988948624774144931622911564364302133312968519504468408474435267221324233196,Yes,False,,,,,,,,,,,0,175.5
2026-07-14T18:24:00Z,EPL,333084,epl-team-to-qualify-for-uefa-conference-league,EPL: Team to qualify for UEFA Conference League,2026-04-01T17:27:13.650134Z,1818378,will-liverpool-qualify-for-the-league-phase-of-the-2026-27-uefa-conference-league,Will Liverpool qualify for the League Phase of the 2026-27 UEFA Conference League?,0x0f39d177f78abd438be984b36f264c13de879b346ae40bfea0ababc108b83f64,"[""65988948624774144931622911564364302133312968519504468408474435267221324233196"", ""115130602602129428285461614417924472558165741430309539659330809798396288056300""]",65988948624774144931622911564364302133312968519504468408474435267221324233196|115130602602129428285461614417924472558165741430309539659330809798396288056300,115130602602129428285461614417924472558165741430309539659330809798396288056300,No,False,,,,,,,,,,,0,175.5
2026-07-14T18:24:00Z,EPL,333084,epl-team-to-qualify-for-uefa-conference-league,EPL: Team to qualify for UEFA Conference League,2026-04-01T17:27:13.650134Z,1818379,will-manchester-city-qualify-for-the-league-phase-of-the-2026-27-uefa-conference-league,Will Manchester City qualify for the League Phase of the 2026-27 UEFA Conference League?,0x9f502be87b77866442714675eeb0ceec67b36469dab587b15862716b95a22a65,"[""81955707153623233000480445669873960416969320182377332341762765419704043622092"", ""63903621190034107756618838956749324043719317201688365281214818158837560760762""]",81955707153623233000480445669873960416969320182377332341762765419704043622092|63903621190034107756618838956749324043719317201688365281214818158837560760762,81955707153623233000480445669873960416969320182377332341762765419704043622092,Yes,False,,,,,,,,,,,,239.96210000000002
2026-07-14T18:24:00Z,EPL,333084,epl-team-to-qualify-for-uefa-conference-league,EPL: Team to qualify for UEFA Conference League,2026-04-01T17:27:13.650134Z,1818379,will-manchester-city-qualify-for-the-league-phase-of-the-2026-27-uefa-conference-league,Will Manchester City qualify for the League Phase of the 2026-27 UEFA Conference League?,0x9f502be87b77866442714675eeb0ceec67b36469dab587b15862716b95a22a65,"[""81955707153623233000480445669873960416969320182377332341762765419704043622092"", ""63903621190034107756618838956749324043719317201688365281214818158837560760762""]",81955707153623233000480445669873960416969320182377332341762765419704043622092|63903621190034107756618838956749324043719317201688365281214818158837560760762,63903621190034107756618838956749324043719317201688365281214818158837560760762,No,False,,,,,,,,,,,,239.96210000000002
2026-07-14T18:24:00Z,EPL,333084,epl-team-to-qualify-for-uefa-conference-league,EPL: Team to qualify for UEFA Conference League,2026-04-01T17:27:13.650134Z,1818380,will-manchester-united-qualify-for-the-league-phase-of-the-2026-27-uefa-conference-league,Will Manchester United qualify for the League Phase of the 2026-27 UEFA Conference League?,0x10faa15e034abb4d8b58e96fa9cceaeba84182d8d26061672b3090ef60c474c7,"[""14537963265850539015090671292913129800573442530565687433985001158662408488535"", ""24584985274241329793529868323709359334793457968867512216477798918303927163120""]",14537963265850539015090671292913129800573442530565687433985001158662408488535|24584985274241329793529868323709359334793457968867512216477798918303927163120,14537963265850539015090671292913129800573442530565687433985001158662408488535,Yes,False,,,,,,,,,,,,654.06
2026-07-14T18:24:00Z,EPL,333084,epl-team-to-qualify-for-uefa-conference-league,EPL: Team to qualify for UEFA Conference League,2026-04-01T17:27:13.650134Z,1818380,will-manchester-united-qualify-for-the-league-phase-of-the-2026-27-uefa-conference-league,Will Manchester United qualify for the League Phase of the 2026-27 UEFA Conference League?,0x10faa15e034abb4d8b58e96fa9cceaeba84182d8d26061672b3090ef60c474c7,"[""14537963265850539015090671292913129800573442530565687433985001158662408488535"", ""24584985274241329793529868323709359334793457968867512216477798918303927163120""]",14537963265850539015090671292913129800573442530565687433985001158662408488535|24584985274241329793529868323709359334793457968867512216477798918303927163120,24584985274241329793529868323709359334793457968867512216477798918303927163120,No,False,,,,,,,,,,,,654.06
2026-07-14T18:24:00Z,EPL,333084,epl-team-to-qualify-for-uefa-conference-league,EPL: Team to qualify for UEFA Conference League,2026-04-01T17:27:13.650134Z,1818381,will-newcastle-united-qualify-for-the-league-phase-of-the-2026-27-uefa-conference-league,Will Newcastle United qualify for the League Phase of the 2026-27 UEFA Conference League?,0xb0716d2b36fd90dd54c600a9e7647616490002987e3eb1ecb3d10ead4d62d33c,"[""59224980280942325666569394558997382798882386438436610001858371645471216555919"", ""79970515927998557660930530711963196679174481368659736459630565505379849389257""]",59224980280942325666569394558997382798882386438436610001858371645471216555919|79970515927998557660930530711963196679174481368659736459630565505379849389257,59224980280942325666569394558997382798882386438436610001858371645471216555919,Yes,False,,,,,,,,,,,,411.9
2026-07-14T18:24:00Z,EPL,333084,epl-team-to-qualify-for-uefa-conference-league,EPL: Team to qualify for UEFA Conference League,2026-04-01T17:27:13.650134Z,1818381,will-newcastle-united-qualify-for-the-league-phase-of-the-2026-27-uefa-conference-league,Will Newcastle United qualify for the League Phase of the 2026-27 UEFA Conference League?,0xb0716d2b36fd90dd54c600a9e7647616490002987e3eb1ecb3d10ead4d62d33c,"[""59224980280942325666569394558997382798882386438436610001858371645471216555919"", ""79970515927998557660930530711963196679174481368659736459630565505379849389257""]",59224980280942325666569394558997382798882386438436610001858371645471216555919|79970515927998557660930530711963196679174481368659736459630565505379849389257,79970515927998557660930530711963196679174481368659736459630565505379849389257,No,False,,,,,,,,,,,,411.9
2026-07-14T18:24:00Z,EPL,333084,epl-team-to-qualify-for-uefa-conference-league,EPL: Team to qualify for UEFA Conference League,2026-04-01T17:27:13.650134Z,1818382,will-nottingham-forest-qualify-for-the-league-phase-of-the-2026-27-uefa-conference-league,Will Nottingham Forest qualify for the League Phase of the 2026-27 UEFA Conference League?,0xe911ed8e88ee4d94cb587ed6128a6c15596d9338a4d90b78b9ea20b0578fc156,"[""19481881546917834293067497074329377518935142669934498853237227966392229142245"", ""57602898067754327037427882833634701750997153547931685588132390215919583981742""]",19481881546917834293067497074329377518935142669934498853237227966392229142245|57602898067754327037427882833634701750997153547931685588132390215919583981742,19481881546917834293067497074329377518935142669934498853237227966392229142245,Yes,False,,,,,,,,,,,,407.7161
2026-07-14T18:24:00Z,EPL,333084,epl-team-to-qualify-for-uefa-conference-league,EPL: Team to qualify for UEFA Conference League,2026-04-01T17:27:13.650134Z,1818382,will-nottingham-forest-qualify-for-the-league-phase-of-the-2026-27-uefa-conference-league,Will Nottingham Forest qualify for the League Phase of the 2026-27 UEFA Conference League?,0xe911ed8e88ee4d94cb587ed6128a6c15596d9338a4d90b78b9ea20b0578fc156,"[""19481881546917834293067497074329377518935142669934498853237227966392229142245"", ""57602898067754327037427882833634701750997153547931685588132390215919583981742""]",19481881546917834293067497074329377518935142669934498853237227966392229142245|57602898067754327037427882833634701750997153547931685588132390215919583981742,57602898067754327037427882833634701750997153547931685588132390215919583981742,No,False,,,,,,,,,,,,407.7161
2026-07-14T18:24:00Z,EPL,333084,epl-team-to-qualify-for-uefa-conference-league,EPL: Team to qualify for UEFA Conference League,2026-04-01T17:27:13.650134Z,1818383,will-southampton-qualify-for-the-league-phase-of-the-2026-27-uefa-conference-league,Will Southampton qualify for the League Phase of the 2026-27 UEFA Conference League?,0x7ca2adbbd88851add0e546dd78574d7e79fc00c76e8c490e5692bf8023c11e75,"[""26877828097379119176280047098274709531228788895296330595994436624390898867911"", ""115748130349087715420332870666315257990045222809843222754054247382701059943674""]",26877828097379119176280047098274709531228788895296330595994436624390898867911|115748130349087715420332870666315257990045222809843222754054247382701059943674,26877828097379119176280047098274709531228788895296330595994436624390898867911,Yes,False,,,,,,,,,,,0,617.6899999999999
2026-07-14T18:24:00Z,EPL,333084,epl-team-to-qualify-for-uefa-conference-league,EPL: Team to qualify for UEFA Conference League,2026-04-01T17:27:13.650134Z,1818383,will-southampton-qualify-for-the-league-phase-of-the-2026-27-uefa-conference-league,Will Southampton qualify for the League Phase of the 2026-27 UEFA Conference League?,0x7ca2adbbd88851add0e546dd78574d7e79fc00c76e8c490e5692bf8023c11e75,"[""26877828097379119176280047098274709531228788895296330595994436624390898867911"", ""115748130349087715420332870666315257990045222809843222754054247382701059943674""]",26877828097379119176280047098274709531228788895296330595994436624390898867911|115748130349087715420332870666315257990045222809843222754054247382701059943674,115748130349087715420332870666315257990045222809843222754054247382701059943674,No,False,,,,,,,,,,,0,617.6899999999999
2026-07-14T18:24:00Z,EPL,333084,epl-team-to-qualify-for-uefa-conference-league,EPL: Team to qualify for UEFA Conference League,2026-04-01T17:27:13.650134Z,1818384,will-tottenham-hotspur-qualify-for-the-league-phase-of-the-2026-27-uefa-conference-league,Will Tottenham Hotspur qualify for the League Phase of the 2026-27 UEFA Conference League?,0xe98b7da9a346eb2aced5b9300c7a53e4d7c147741b546f005de0b3c0d89e0ae1,"[""16165000919596414242427788888124743916698715129044155178467657105167009019476"", ""114828181514576721851254739097127564151815507804110569853443476924908844910766""]",16165000919596414242427788888124743916698715129044155178467657105167009019476|114828181514576721851254739097127564151815507804110569853443476924908844910766,16165000919596414242427788888124743916698715129044155178467657105167009019476,Yes,False,,,,,,,,,,,,1126.7675
2026-07-14T18:24:00Z,EPL,333084,epl-team-to-qualify-for-uefa-conference-league,EPL: Team to qualify for UEFA Conference League,2026-04-01T17:27:13.650134Z,1818384,will-tottenham-hotspur-qualify-for-the-league-phase-of-the-2026-27-uefa-conference-league,Will Tottenham Hotspur qualify for the League Phase of the 2026-27 UEFA Conference League?,0xe98b7da9a346eb2aced5b9300c7a53e4d7c147741b546f005de0b3c0d89e0ae1,"[""16165000919596414242427788888124743916698715129044155178467657105167009019476"", ""114828181514576721851254739097127564151815507804110569853443476924908844910766""]",16165000919596414242427788888124743916698715129044155178467657105167009019476|114828181514576721851254739097127564151815507804110569853443476924908844910766,114828181514576721851254739097127564151815507804110569853443476924908844910766,No,False,,,,,,,,,,,,1126.7675
2026-07-14T18:24:00Z,EPL,333084,epl-team-to-qualify-for-uefa-conference-league,EPL: Team to qualify for UEFA Conference League,2026-04-01T17:27:13.650134Z,1818385,will-west-ham-united-qualify-for-the-league-phase-of-the-2026-27-uefa-conference-league,Will West Ham United qualify for the League Phase of the 2026-27 UEFA Conference League?,0xbc79053a1f7691b55171b4a210da33b3c3fba449c9df4fd954856635f8da0e8e,"[""54894379652853834326297942957419603346481276275403414881816173756537774757640"", ""33108900391203812803918822219418560079370282336069888352885661677363224124116""]",54894379652853834326297942957419603346481276275403414881816173756537774757640|33108900391203812803918822219418560079370282336069888352885661677363224124116,54894379652853834326297942957419603346481276275403414881816173756537774757640,Yes,False,,,,,,,,,,,,207.137
2026-07-14T18:24:00Z,EPL,333084,epl-team-to-qualify-for-uefa-conference-league,EPL: Team to qualify for UEFA Conference League,2026-04-01T17:27:13.650134Z,1818385,will-west-ham-united-qualify-for-the-league-phase-of-the-2026-27-uefa-conference-league,Will West Ham United qualify for the League Phase of the 2026-27 UEFA Conference League?,0xbc79053a1f7691b55171b4a210da33b3c3fba449c9df4fd954856635f8da0e8e,"[""54894379652853834326297942957419603346481276275403414881816173756537774757640"", ""33108900391203812803918822219418560079370282336069888352885661677363224124116""]",54894379652853834326297942957419603346481276275403414881816173756537774757640|33108900391203812803918822219418560079370282336069888352885661677363224124116,33108900391203812803918822219418560079370282336069888352885661677363224124116,No,False,,,,,,,,,,,,207.137
2026-07-14T18:24:00Z,EPL,333084,epl-team-to-qualify-for-uefa-conference-league,EPL: Team to qualify for UEFA Conference League,2026-04-01T17:27:13.650134Z,1818386,will-wolverhampton-wanderers-qualify-for-the-league-phase-of-the-2026-27-uefa-conference-league,Will Wolverhampton Wanderers qualify for the League Phase of the 2026-27 UEFA Conference League?,0x612a47d48e42fc85f4b3099edd0779c399e7393325bae5ef494fbec0b518be97,"[""39645891629689350247020865542579082583944711546641819664090458601825821008952"", ""27752113810792547257158395279414992925826179248970504390132410269490063597360""]",39645891629689350247020865542579082583944711546641819664090458601825821008952|27752113810792547257158395279414992925826179248970504390132410269490063597360,39645891629689350247020865542579082583944711546641819664090458601825821008952,Yes,False,,,,,,,,,,,,216.45
2026-07-14T18:24:00Z,EPL,333084,epl-team-to-qualify-for-uefa-conference-league,EPL: Team to qualify for UEFA Conference League,2026-04-01T17:27:13.650134Z,1818386,will-wolverhampton-wanderers-qualify-for-the-league-phase-of-the-2026-27-uefa-conference-league,Will Wolverhampton Wanderers qualify for the League Phase of the 2026-27 UEFA Conference League?,0x612a47d48e42fc85f4b3099edd0779c399e7393325bae5ef494fbec0b518be97,"[""39645891629689350247020865542579082583944711546641819664090458601825821008952"", ""27752113810792547257158395279414992925826179248970504390132410269490063597360""]",39645891629689350247020865542579082583944711546641819664090458601825821008952|27752113810792547257158395279414992925826179248970504390132410269490063597360,27752113810792547257158395279414992925826179248970504390132410269490063597360,No,False,,,,,,,,,,,,216.45
2026-07-14T18:24:00Z,EPL,435490,epl-2026-team-of-the-season,EPL: 2026 PFA Team of the Year,2026-05-01T16:17:58.439577Z,2127663,will-david-raya-be-named-to-the-2026-pfa-premier-league-team-of-the-year,Will David Raya be named to the 2026 PFA Premier League Team of the Year?,0x50561f0ac9fb48ce9b1dc8f78f84dea5e43d9d30bd507eb93fa57b11a996ffeb,"[""3488261232009523381576281256634840719226792569353110860105294590188599877555"", ""33896607823388600558222421347266613674976673770405419631622989961143438148884""]",3488261232009523381576281256634840719226792569353110860105294590188599877555|33896607823388600558222421347266613674976673770405419631622989961143438148884,3488261232009523381576281256634840719226792569353110860105294590188599877555,Yes,True,0.06,5.61,0.96,11.82,0.51,0.8999999999999999,c6c9d7cb177aa91f0e0910e733fe574ebcf7f662,0.01,5,,3.9118,
2026-07-14T18:24:00Z,EPL,435490,epl-2026-team-of-the-season,EPL: 2026 PFA Team of the Year,2026-05-01T16:17:58.439577Z,2127663,will-david-raya-be-named-to-the-2026-pfa-premier-league-team-of-the-year,Will David Raya be named to the 2026 PFA Premier League Team of the Year?,0x50561f0ac9fb48ce9b1dc8f78f84dea5e43d9d30bd507eb93fa57b11a996ffeb,"[""3488261232009523381576281256634840719226792569353110860105294590188599877555"", ""33896607823388600558222421347266613674976673770405419631622989961143438148884""]",3488261232009523381576281256634840719226792569353110860105294590188599877555|33896607823388600558222421347266613674976673770405419631622989961143438148884,33896607823388600558222421347266613674976673770405419631622989961143438148884,No,True,0.04,11.82,0.94,5.61,0.49,0.8999999999999999,5622229c65c95fa5a32242ad52372aaf1f541da4,0.01,5,,3.9118,
2026-07-14T18:24:00Z,EPL,435490,epl-2026-team-of-the-season,EPL: 2026 PFA Team of the Year,2026-05-01T16:17:58.439577Z,2127664,will-jordan-pickford-be-named-to-the-2026-pfa-premier-league-team-of-the-year,Will Jordan Pickford be named to the 2026 PFA Premier League Team of the Year?,0x206d3cf11b86b16708f160e1e5223e75f4f0b126fbfecb52300077792e4a978f,"[""69002409170326112222673578355907486486435514190626080376764720483535336436602"", ""29764786967669041151836718379664776749611256940389381248189333088896507813340""]",69002409170326112222673578355907486486435514190626080376764720483535336436602|29764786967669041151836718379664776749611256940389381248189333088896507813340,69002409170326112222673578355907486486435514190626080376764720483535336436602,Yes,True,0.04,11.99,0.94,5.61,0.49,0.8999999999999999,9682872322346fef8f83b7714ff8f0b6fe53ba90,0.01,5,,3.9669,
2026-07-14T18:24:00Z,EPL,435490,epl-2026-team-of-the-season,EPL: 2026 PFA Team of the Year,2026-05-01T16:17:58.439577Z,2127664,will-jordan-pickford-be-named-to-the-2026-pfa-premier-league-team-of-the-year,Will Jordan Pickford be named to the 2026 PFA Premier League Team of the Year?,0x206d3cf11b86b16708f160e1e5223e75f4f0b126fbfecb52300077792e4a978f,"[""69002409170326112222673578355907486486435514190626080376764720483535336436602"", ""29764786967669041151836718379664776749611256940389381248189333088896507813340""]",69002409170326112222673578355907486486435514190626080376764720483535336436602|29764786967669041151836718379664776749611256940389381248189333088896507813340,29764786967669041151836718379664776749611256940389381248189333088896507813340,No,True,0.06,5.61,0.96,11.99,0.51,0.8999999999999999,b73b61457e469351b878a9e4b35f9ae5da6f2b41,0.01,5,,3.9669,
2026-07-14T18:24:00Z,EPL,435490,epl-2026-team-of-the-season,EPL: 2026 PFA Team of the Year,2026-05-01T16:17:58.439577Z,2127665,will-dean-henderson-be-named-to-the-2026-pfa-premier-league-team-of-the-year,Will Dean Henderson be named to the 2026 PFA Premier League Team of the Year?,0x67ebb7796df1324b1b084b0aaa59e3379513583ac93e3c8e968935e7dbb1f535,"[""77730449116026385251216021681478758817188404733132958155748625297475510396335"", ""86484569427189395298179892127162282618369840953731094949208918944830421003973""]",77730449116026385251216021681478758817188404733132958155748625297475510396335|86484569427189395298179892127162282618369840953731094949208918944830421003973,77730449116026385251216021681478758817188404733132958155748625297475510396335,Yes,True,0.04,11.82,0.94,5.61,0.49,0.8999999999999999,8a5ef6cb9d6c8a0a9e82cd2050f8a44ae8dbb77d,0.01,5,,3.9118,
2026-07-14T18:24:00Z,EPL,435490,epl-2026-team-of-the-season,EPL: 2026 PFA Team of the Year,2026-05-01T16:17:58.439577Z,2127665,will-dean-henderson-be-named-to-the-2026-pfa-premier-league-team-of-the-year,Will Dean Henderson be named to the 2026 PFA Premier League Team of the Year?,0x67ebb7796df1324b1b084b0aaa59e3379513583ac93e3c8e968935e7dbb1f535,"[""77730449116026385251216021681478758817188404733132958155748625297475510396335"", ""86484569427189395298179892127162282618369840953731094949208918944830421003973""]",77730449116026385251216021681478758817188404733132958155748625297475510396335|86484569427189395298179892127162282618369840953731094949208918944830421003973,86484569427189395298179892127162282618369840953731094949208918944830421003973,No,True,0.06,5.61,0.96,11.82,0.51,0.8999999999999999,0fc22f0f8cdb525f3cd8cb9c06184b8f740991af,0.01,5,,3.9118,
2026-07-14T18:24:00Z,EPL,435490,epl-2026-team-of-the-season,EPL: 2026 PFA Team of the Year,2026-05-01T16:17:58.439577Z,2127666,will-robin-roefs-be-named-to-the-2026-pfa-premier-league-team-of-the-year,Will Robin Roefs be named to the 2026 PFA Premier League Team of the Year?,0xdae0f14d1b5ea256638164c6578853226408702f44e238ca8fa692998fdc6332,"[""70182957445101902779363373709716695169810926012757858042099415085409463195888"", ""90699863564786576085723598309072905823666331748016080742800846290619606364496""]",70182957445101902779363373709716695169810926012757858042099415085409463195888|90699863564786576085723598309072905823666331748016080742800846290619606364496,70182957445101902779363373709716695169810926012757858042099415085409463195888,Yes,True,0.04,10.77,0.94,5.61,0.49,0.8999999999999999,c1ccdce4a820461c379c3e8396031c0ef92b64ad,0.01,5,,3.7653,
2026-07-14T18:24:00Z,EPL,435490,epl-2026-team-of-the-season,EPL: 2026 PFA Team of the Year,2026-05-01T16:17:58.439577Z,2127666,will-robin-roefs-be-named-to-the-2026-pfa-premier-league-team-of-the-year,Will Robin Roefs be named to the 2026 PFA Premier League Team of the Year?,0xdae0f14d1b5ea256638164c6578853226408702f44e238ca8fa692998fdc6332,"[""70182957445101902779363373709716695169810926012757858042099415085409463195888"", ""90699863564786576085723598309072905823666331748016080742800846290619606364496""]",70182957445101902779363373709716695169810926012757858042099415085409463195888|90699863564786576085723598309072905823666331748016080742800846290619606364496,90699863564786576085723598309072905823666331748016080742800846290619606364496,No,True,0.06,5.61,0.96,10.77,0.51,0.8999999999999999,9bf299cacab946fa214b8e01fc51a0870234af0b,0.01,5,,3.7653,
2026-07-14T18:24:00Z,EPL,435490,epl-2026-team-of-the-season,EPL: 2026 PFA Team of the Year,2026-05-01T16:17:58.439577Z,2127667,will-gianluigi-donnarumma-be-named-to-the-2026-pfa-premier-league-team-of-the-year,Will Gianluigi Donnarumma be named to the 2026 PFA Premier League Team of the Year?,0x322441734b9f23744de899e345ef48ec25e0055f8b1bfc19fe4612055a8ff2df,"[""65007673257262595676530056363240287641293306267550009290432560084643152028010"", ""97388027101380065799871752579213229783305736941572715830099055292320933629215""]",65007673257262595676530056363240287641293306267550009290432560084643152028010|97388027101380065799871752579213229783305736941572715830099055292320933629215,65007673257262595676530056363240287641293306267550009290432560084643152028010,Yes,True,0.04,11.7,0.96,11.7,0.5,0.9199999999999999,10d88b82b58484c3bb860e70c479bf0a2de643d8,0.01,5,,4.252,
2026-07-14T18:24:00Z,EPL,435490,epl-2026-team-of-the-season,EPL: 2026 PFA Team of the Year,2026-05-01T16:17:58.439577Z,2127667,will-gianluigi-donnarumma-be-named-to-the-2026-pfa-premier-league-team-of-the-year,Will Gianluigi Donnarumma be named to the 2026 PFA Premier League Team of the Year?,0x322441734b9f23744de899e345ef48ec25e0055f8b1bfc19fe4612055a8ff2df,"[""65007673257262595676530056363240287641293306267550009290432560084643152028010"", ""97388027101380065799871752579213229783305736941572715830099055292320933629215""]",65007673257262595676530056363240287641293306267550009290432560084643152028010|97388027101380065799871752579213229783305736941572715830099055292320933629215,97388027101380065799871752579213229783305736941572715830099055292320933629215,No,True,0.04,11.7,0.96,11.7,0.5,0.9199999999999999,faf4317780da9e15712da21ab997a162aef3cf34,0.01,5,,4.252,
2026-07-14T18:24:00Z,EPL,435490,epl-2026-team-of-the-season,EPL: 2026 PFA Team of the Year,2026-05-01T16:17:58.439577Z,2127668,will-jurrien-timber-be-named-to-the-2026-pfa-premier-league-team-of-the-year,Will Jurrien Timber be named to the 2026 PFA Premier League Team of the Year?,0x97ca47da99683bddec8036ce29388c2e400e7cecfea8ac4dbef54ac0791cc593,"[""58745854058166153005664210409408254918505117901359386106376082227012206838503"", ""43365583002812118163534009703280808191029196488960918105614424745527498298109""]",58745854058166153005664210409408254918505117901359386106376082227012206838503|43365583002812118163534009703280808191029196488960918105614424745527498298109,58745854058166153005664210409408254918505117901359386106376082227012206838503,Yes,True,0.04,11.98,0.96,10.77,0.5,0.9199999999999999,c9ce13ea8a2eeb1b2744bb706e1292aee9e620ea,0.01,5,,4.116,
2026-07-14T18:24:00Z,EPL,435490,epl-2026-team-of-the-season,EPL: 2026 PFA Team of the Year,2026-05-01T16:17:58.439577Z,2127668,will-jurrien-timber-be-named-to-the-2026-pfa-premier-league-team-of-the-year,Will Jurrien Timber be named to the 2026 PFA Premier League Team of the Year?,0x97ca47da99683bddec8036ce29388c2e400e7cecfea8ac4dbef54ac0791cc593,"[""58745854058166153005664210409408254918505117901359386106376082227012206838503"", ""43365583002812118163534009703280808191029196488960918105614424745527498298109""]",58745854058166153005664210409408254918505117901359386106376082227012206838503|43365583002812118163534009703280808191029196488960918105614424745527498298109,43365583002812118163534009703280808191029196488960918105614424745527498298109,No,True,0.04,10.77,0.96,11.98,0.5,0.9199999999999999,e345df962234111ef3d844484d24672342650f2b,0.01,5,,4.116,
2026-07-14T18:24:00Z,EPL,435490,epl-2026-team-of-the-season,EPL: 2026 PFA Team of the Year,2026-05-01T16:17:58.439577Z,2127669,will-matheus-nunes-be-named-to-the-2026-pfa-premier-league-team-of-the-year,Will Matheus Nunes be named to the 2026 PFA Premier League Team of the Year?,0x236166693870332c38cc1f290d2de8a00eafa1b78519182663a58811b1011705,"[""71852886829417081758693278389180020836881806315641141653569411011094941385487"", ""27873264127773337044236459909692649813557879461485496445916977915515730222703""]",71852886829417081758693278389180020836881806315641141653569411011094941385487|27873264127773337044236459909692649813557879461485496445916977915515730222703,71852886829417081758693278389180020836881806315641141653569411011094941385487,Yes,True,0.04,7.58,0.96,10.77,0.5,0.9199999999999999,d484dd8654a9ac2a9c7a3b78769cc3fd36b988e9,0.01,5,,4.7013,
2026-07-14T18:24:00Z,EPL,435490,epl-2026-team-of-the-season,EPL: 2026 PFA Team of the Year,2026-05-01T16:17:58.439577Z,2127669,will-matheus-nunes-be-named-to-the-2026-pfa-premier-league-team-of-the-year,Will Matheus Nunes be named to the 2026 PFA Premier League Team of the Year?,0x236166693870332c38cc1f290d2de8a00eafa1b78519182663a58811b1011705,"[""71852886829417081758693278389180020836881806315641141653569411011094941385487"", ""27873264127773337044236459909692649813557879461485496445916977915515730222703""]",71852886829417081758693278389180020836881806315641141653569411011094941385487|27873264127773337044236459909692649813557879461485496445916977915515730222703,27873264127773337044236459909692649813557879461485496445916977915515730222703,No,True,0.04,10.77,0.96,7.58,0.5,0.9199999999999999,a6d5d1c4759a66e69305ab293b2288363ca5afd4,0.01,5,,4.7013,
2026-07-14T18:24:00Z,EPL,435490,epl-2026-team-of-the-season,EPL: 2026 PFA Team of the Year,2026-05-01T16:17:58.439577Z,2127670,will-gabriel-magalhes-be-named-to-the-2026-pfa-premier-league-team-of-the-year,Will Gabriel Magalhães be named to the 2026 PFA Premier League Team of the Year?,0xd3d8a97f490967ba04bcf06a1f1fa0b8e14ff08f5f0781bccb14c7eb1cf34ca6,"[""112756383879220814577105643520650901454791316512357676513193784191480344438666"", ""7697378624768914483353901406042873706810082834244678754453720343911008090965""]",112756383879220814577105643520650901454791316512357676513193784191480344438666|7697378624768914483353901406042873706810082834244678754453720343911008090965,112756383879220814577105643520650901454791316512357676513193784191480344438666,Yes,True,0.06,5.61,0.96,10.77,0.51,0.8999999999999999,42256509a17dbb67ae474906cdd09da5007b3e0b,0.01,5,,3.835,
2026-07-14T18:24:00Z,EPL,435490,epl-2026-team-of-the-season,EPL: 2026 PFA Team of the Year,2026-05-01T16:17:58.439577Z,2127670,will-gabriel-magalhes-be-named-to-the-2026-pfa-premier-league-team-of-the-year,Will Gabriel Magalhães be named to the 2026 PFA Premier League Team of the Year?,0xd3d8a97f490967ba04bcf06a1f1fa0b8e14ff08f5f0781bccb14c7eb1cf34ca6,"[""112756383879220814577105643520650901454791316512357676513193784191480344438666"", ""7697378624768914483353901406042873706810082834244678754453720343911008090965""]",112756383879220814577105643520650901454791316512357676513193784191480344438666|7697378624768914483353901406042873706810082834244678754453720343911008090965,7697378624768914483353901406042873706810082834244678754453720343911008090965,No,True,0.04,10.77,0.94,5.61,0.49,0.8999999999999999,f4815813b9cfcf9f036416a48aed91151036d00c,0.01,5,,3.835,
2026-07-14T18:24:00Z,EPL,435490,epl-2026-team-of-the-season,EPL: 2026 PFA Team of the Year,2026-05-01T16:17:58.439577Z,2127671,will-william-saliba-be-named-to-the-2026-pfa-premier-league-team-of-the-year,Will William Saliba be named to the 2026 PFA Premier League Team of the Year?,0xc344b5f7891b8617e7118aaa24bac3840a587691c1a36daa479a61de0b79bcb6,"[""47207660538745167295586664941849591121956044929877358537501900994850424263330"", ""105234782857798608331719124706582304874620432378282673665444164066431160124095""]",47207660538745167295586664941849591121956044929877358537501900994850424263330|105234782857798608331719124706582304874620432378282673665444164066431160124095,47207660538745167295586664941849591121956044929877358537501900994850424263330,Yes,True,0.04,10.77,0.96,10.77,0.5,0.9199999999999999,6aca574ab7c6ca0386b1e87a0fe51990e061e579,0.01,5,,4.1822,
2026-07-14T18:24:00Z,EPL,435490,epl-2026-team-of-the-season,EPL: 2026 PFA Team of the Year,2026-05-01T16:17:58.439577Z,2127671,will-william-saliba-be-named-to-the-2026-pfa-premier-league-team-of-the-year,Will William Saliba be named to the 2026 PFA Premier League Team of the Year?,0xc344b5f7891b8617e7118aaa24bac3840a587691c1a36daa479a61de0b79bcb6,"[""47207660538745167295586664941849591121956044929877358537501900994850424263330"", ""105234782857798608331719124706582304874620432378282673665444164066431160124095""]",47207660538745167295586664941849591121956044929877358537501900994850424263330|105234782857798608331719124706582304874620432378282673665444164066431160124095,105234782857798608331719124706582304874620432378282673665444164066431160124095,No,True,0.04,10.77,0.96,10.77,0.5,0.9199999999999999,97f46e7a2035dc7f8c95a20ca21636e96a91840d,0.01,5,,4.1822,
2026-07-14T18:24:00Z,EPL,435490,epl-2026-team-of-the-season,EPL: 2026 PFA Team of the Year,2026-05-01T16:17:58.439577Z,2127672,will-marc-guehi-be-named-to-the-2026-pfa-premier-league-team-of-the-year,Will Marc Guehi be named to the 2026 PFA Premier League Team of the Year?,0x9a7829bcaf4bd65e903739dace6db739a8b68a396fd2c71a3d23d2a2cf2e88c5,"[""18774341203836696417330165615678664168245576790259527905518242337305438497157"", ""17833812615529939189123941305353432679112045501201563425472779980851390683424""]",18774341203836696417330165615678664168245576790259527905518242337305438497157|17833812615529939189123941305353432679112045501201563425472779980851390683424,18774341203836696417330165615678664168245576790259527905518242337305438497157,Yes,True,0.04,10.77,0.96,11.82,0.5,0.9199999999999999,874eca16aaca7b8418afcf4bf27b6015c31fa83e,0.01,5,,4.252,
2026-07-14T18:24:00Z,EPL,435490,epl-2026-team-of-the-season,EPL: 2026 PFA Team of the Year,2026-05-01T16:17:58.439577Z,2127672,will-marc-guehi-be-named-to-the-2026-pfa-premier-league-team-of-the-year,Will Marc Guehi be named to the 2026 PFA Premier League Team of the Year?,0x9a7829bcaf4bd65e903739dace6db739a8b68a396fd2c71a3d23d2a2cf2e88c5,"[""18774341203836696417330165615678664168245576790259527905518242337305438497157"", ""17833812615529939189123941305353432679112045501201563425472779980851390683424""]",18774341203836696417330165615678664168245576790259527905518242337305438497157|17833812615529939189123941305353432679112045501201563425472779980851390683424,17833812615529939189123941305353432679112045501201563425472779980851390683424,No,True,0.04,11.82,0.96,10.77,0.5,0.9199999999999999,0b6d3caf4856b8dd0d0d975558709a7e7d7dfff9,0.01,5,,4.252,
2026-07-14T18:24:00Z,EPL,435490,epl-2026-team-of-the-season,EPL: 2026 PFA Team of the Year,2026-05-01T16:17:58.439577Z,2127673,will-virgil-van-dijk-be-named-to-the-2026-pfa-premier-league-team-of-the-year,Will Virgil van Dijk be named to the 2026 PFA Premier League Team of the Year?,0x644231d6b178ebd20f0ab0b061a790f9dee4479ce96ab40686c8ade6f50a0238,"[""31721429411257768645758803262981554412084956132795321375044902571901613004887"", ""113776996666262784023568460080999498147130358875198884777079734831639187945943""]",31721429411257768645758803262981554412084956132795321375044902571901613004887|113776996666262784023568460080999498147130358875198884777079734831639187945943,31721429411257768645758803262981554412084956132795321375044902571901613004887,Yes,True,0.04,13.63,0.96,21.7,0.5,0.9199999999999999,19e92bf23a530c2cb07df42473bb165aedcbfc6a,0.01,5,,3.3622,1.694914
2026-07-14T18:24:00Z,EPL,435490,epl-2026-team-of-the-season,EPL: 2026 PFA Team of the Year,2026-05-01T16:17:58.439577Z,2127673,will-virgil-van-dijk-be-named-to-the-2026-pfa-premier-league-team-of-the-year,Will Virgil van Dijk be named to the 2026 PFA Premier League Team of the Year?,0x644231d6b178ebd20f0ab0b061a790f9dee4479ce96ab40686c8ade6f50a0238,"[""31721429411257768645758803262981554412084956132795321375044902571901613004887"", ""113776996666262784023568460080999498147130358875198884777079734831639187945943""]",31721429411257768645758803262981554412084956132795321375044902571901613004887|113776996666262784023568460080999498147130358875198884777079734831639187945943,113776996666262784023568460080999498147130358875198884777079734831639187945943,No,True,0.04,21.7,0.96,13.63,0.5,0.9199999999999999,89fe1fc9a5c71ac0a46b4f199506870eee3a1933,0.01,5,,3.3622,1.694914
2026-07-14T18:24:00Z,EPL,435490,epl-2026-team-of-the-season,EPL: 2026 PFA Team of the Year,2026-05-01T16:17:58.439577Z,2127674,will-marc-cucurella-be-named-to-the-2026-pfa-premier-league-team-of-the-year,Will Marc Cucurella be named to the 2026 PFA Premier League Team of the Year?,0xe74cf34bab6946206532fd38cbf5a7eb4b346f7d13bffc6ae16eb3a69a4225d0,"[""59830425161161665808750586172447751894718446914006207206558327469584286337472"", ""85414521652635437338276097105191648874111759265882984452544936528659374053637""]",59830425161161665808750586172447751894718446914006207206558327469584286337472|85414521652635437338276097105191648874111759265882984452544936528659374053637,59830425161161665808750586172447751894718446914006207206558327469584286337472,Yes,True,0.04,11.82,0.96,10.77,0.5,0.9199999999999999,7c7e8f05cfd77e86804db112849e0132e866bc13,0.01,5,,4.12,
2026-07-14T18:24:00Z,EPL,435490,epl-2026-team-of-the-season,EPL: 2026 PFA Team of the Year,2026-05-01T16:17:58.439577Z,2127674,will-marc-cucurella-be-named-to-the-2026-pfa-premier-league-team-of-the-year,Will Marc Cucurella be named to the 2026 PFA Premier League Team of the Year?,0xe74cf34bab6946206532fd38cbf5a7eb4b346f7d13bffc6ae16eb3a69a4225d0,"[""59830425161161665808750586172447751894718446914006207206558327469584286337472"", ""85414521652635437338276097105191648874111759265882984452544936528659374053637""]",59830425161161665808750586172447751894718446914006207206558327469584286337472|85414521652635437338276097105191648874111759265882984452544936528659374053637,85414521652635437338276097105191648874111759265882984452544936528659374053637,No,True,0.04,10.77,0.96,11.82,0.5,0.9199999999999999,ffde40fdcd90d4e28927bc43568f94b02433f748,0.01,5,,4.12,
2026-07-14T18:24:00Z,EPL,435490,epl-2026-team-of-the-season,EPL: 2026 PFA Team of the Year,2026-05-01T16:17:58.439577Z,2127675,will-piero-hincapie-be-named-to-the-2026-pfa-premier-league-team-of-the-year,Will Piero Hincapie be named to the 2026 PFA Premier League Team of the Year?,0x1d5d1e655085db69c387488aa7e661d4719bfa9c0bb392dd05652008c40b4a9a,"[""108011205392215304373394466135742493782019922749752404322686744906595861300763"", ""73789363813582664474158671396757087735667554782131752276569900280712319722369""]",108011205392215304373394466135742493782019922749752404322686744906595861300763|73789363813582664474158671396757087735667554782131752276569900280712319722369,108011205392215304373394466135742493782019922749752404322686744906595861300763,Yes,True,0.04,10.77,0.94,5.61,0.49,0.8999999999999999,4e6209e8077e3eb8e2384ae53cae085f73b55f13,0.01,5,,3.8973,
2026-07-14T18:24:00Z,EPL,435490,epl-2026-team-of-the-season,EPL: 2026 PFA Team of the Year,2026-05-01T16:17:58.439577Z,2127675,will-piero-hincapie-be-named-to-the-2026-pfa-premier-league-team-of-the-year,Will Piero Hincapie be named to the 2026 PFA Premier League Team of the Year?,0x1d5d1e655085db69c387488aa7e661d4719bfa9c0bb392dd05652008c40b4a9a,"[""108011205392215304373394466135742493782019922749752404322686744906595861300763"", ""73789363813582664474158671396757087735667554782131752276569900280712319722369""]",108011205392215304373394466135742493782019922749752404322686744906595861300763|73789363813582664474158671396757087735667554782131752276569900280712319722369,73789363813582664474158671396757087735667554782131752276569900280712319722369,No,True,0.06,5.61,0.96,10.77,0.51,0.8999999999999999,3193f31dfcf7b3be59cf1885edf07c2b5591c63e,0.01,5,,3.8973,
2026-07-14T18:24:00Z,EPL,435490,epl-2026-team-of-the-season,EPL: 2026 PFA Team of the Year,2026-05-01T16:17:58.439577Z,2127676,will-declan-rice-be-named-to-the-2026-pfa-premier-league-team-of-the-year,Will Declan Rice be named to the 2026 PFA Premier League Team of the Year?,0x898bbb37bb3e8e03480b52c31bc12b12019e84f4d4042d25622f9a9b9f1a21f2,"[""11523245240526311970979368164866348724509187066335918581337691503956313417913"", ""16544219157755328462914309364144553632877138543113142832790826044960896254419""]",11523245240526311970979368164866348724509187066335918581337691503956313417913|16544219157755328462914309364144553632877138543113142832790826044960896254419,11523245240526311970979368164866348724509187066335918581337691503956313417913,Yes,True,0.06,5.61,0.99,83.39,0.525,0.9299999999999999,85b407e65b7c6cf7aa786a0bac672694b87e4cb7,0.01,5,,3.0867,16.114284
2026-07-14T18:24:00Z,EPL,435490,epl-2026-team-of-the-season,EPL: 2026 PFA Team of the Year,2026-05-01T16:17:58.439577Z,2127676,will-declan-rice-be-named-to-the-2026-pfa-premier-league-team-of-the-year,Will Declan Rice be named to the 2026 PFA Premier League Team of the Year?,0x898bbb37bb3e8e03480b52c31bc12b12019e84f4d4042d25622f9a9b9f1a21f2,"[""11523245240526311970979368164866348724509187066335918581337691503956313417913"", ""16544219157755328462914309364144553632877138543113142832790826044960896254419""]",11523245240526311970979368164866348724509187066335918581337691503956313417913|16544219157755328462914309364144553632877138543113142832790826044960896254419,16544219157755328462914309364144553632877138543113142832790826044960896254419,No,True,0.01,83.39,0.94,5.61,0.475,0.9299999999999999,5857cbc2717a649bda2c3d2679055d06ec2ce88e,0.01,5,,3.0867,16.114284
2026-07-14T18:24:00Z,EPL,435490,epl-2026-team-of-the-season,EPL: 2026 PFA Team of the Year,2026-05-01T16:17:58.439577Z,2127677,will-bruno-fernandes-be-named-to-the-2026-pfa-premier-league-team-of-the-year,Will Bruno Fernandes be named to the 2026 PFA Premier League Team of the Year?,0x679720492bcbff900bde0e29eb7e812c77909bccb3c32b79a3186fc1db03b854,"[""86859495495502891076141743940914617575208033060738396981338088715869715113963"", ""65620697419400192059458180949993387679798824363092322581187835468683093164088""]",86859495495502891076141743940914617575208033060738396981338088715869715113963|65620697419400192059458180949993387679798824363092322581187835468683093164088,86859495495502891076141743940914617575208033060738396981338088715869715113963,Yes,True,0.213,15.69,0.993,7.62,0.603,0.78,d244a76e3f49e2cddf2f408fb0448f044f73ec04,0.001,5,,21.27452,440.10643600000003
2026-07-14T18:24:00Z,EPL,435490,epl-2026-team-of-the-season,EPL: 2026 PFA Team of the Year,2026-05-01T16:17:58.439577Z,2127677,will-bruno-fernandes-be-named-to-the-2026-pfa-premier-league-team-of-the-year,Will Bruno Fernandes be named to the 2026 PFA Premier League Team of the Year?,0x679720492bcbff900bde0e29eb7e812c77909bccb3c32b79a3186fc1db03b854,"[""86859495495502891076141743940914617575208033060738396981338088715869715113963"", ""65620697419400192059458180949993387679798824363092322581187835468683093164088""]",86859495495502891076141743940914617575208033060738396981338088715869715113963|65620697419400192059458180949993387679798824363092322581187835468683093164088,65620697419400192059458180949993387679798824363092322581187835468683093164088,No,True,0.007,7.62,0.787,15.69,0.397,0.78,b989a2fda35709cbb5684c3ebe8ad1274dcf5778,0.001,5,,21.27452,440.10643600000003
2026-07-14T18:24:00Z,EPL,435490,epl-2026-team-of-the-season,EPL: 2026 PFA Team of the Year,2026-05-01T16:17:58.439577Z,2127678,will-rodri-be-named-to-the-2026-pfa-premier-league-team-of-the-year,Will Rodri be named to the 2026 PFA Premier League Team of the Year?,0xf9de760ff713bdc5ebdc87ea4a88fb9423ef31bc59d2abb917df50b5b44482c1,"[""92734106880343514385310320083033583888695626897895802880610705682382451590633"", ""56976958810450515743106834354983994802402840862579527495329062688335275234740""]",92734106880343514385310320083033583888695626897895802880610705682382451590633|56976958810450515743106834354983994802402840862579527495329062688335275234740,92734106880343514385310320083033583888695626897895802880610705682382451590633,Yes,True,0.04,10.77,0.96,10.77,0.5,0.9199999999999999,3ae706c71842c28fe9a9e6a6790bf9d297cecb33,0.01,5,,3.9207,
2026-07-14T18:24:00Z,EPL,435490,epl-2026-team-of-the-season,EPL: 2026 PFA Team of the Year,2026-05-01T16:17:58.439577Z,2127678,will-rodri-be-named-to-the-2026-pfa-premier-league-team-of-the-year,Will Rodri be named to the 2026 PFA Premier League Team of the Year?,0xf9de760ff713bdc5ebdc87ea4a88fb9423ef31bc59d2abb917df50b5b44482c1,"[""92734106880343514385310320083033583888695626897895802880610705682382451590633"", ""56976958810450515743106834354983994802402840862579527495329062688335275234740""]",92734106880343514385310320083033583888695626897895802880610705682382451590633|56976958810450515743106834354983994802402840862579527495329062688335275234740,56976958810450515743106834354983994802402840862579527495329062688335275234740,No,True,0.04,10.77,0.96,10.77,0.5,0.9199999999999999,9c0b8e0e94bccec2808f374bf1ab54a0cba07fc9,0.01,5,,3.9207,
2026-07-14T18:24:00Z,EPL,435490,epl-2026-team-of-the-season,EPL: 2026 PFA Team of the Year,2026-05-01T16:17:58.439577Z,2127679,will-rayan-cherki-be-named-to-the-2026-pfa-premier-league-team-of-the-year,Will Rayan Cherki be named to the 2026 PFA Premier League Team of the Year?,0xf1bef1d60925998b7577b014ea907965209b9045c197e79e77eb14439d7c431a,"[""44002481860388892740183335966007748831643129921411222940033401480764334836407"", ""47465498507287502475094187263593898643776563896680345103863507875745126656121""]",44002481860388892740183335966007748831643129921411222940033401480764334836407|47465498507287502475094187263593898643776563896680345103863507875745126656121,44002481860388892740183335966007748831643129921411222940033401480764334836407,Yes,True,0.04,11.82,0.96,11.7,0.5,0.9199999999999999,16adaff1b2140f180d78ef380e2f20e9debb0ac6,0.01,5,,4.252,
2026-07-14T18:24:00Z,EPL,435490,epl-2026-team-of-the-season,EPL: 2026 PFA Team of the Year,2026-05-01T16:17:58.439577Z,2127679,will-rayan-cherki-be-named-to-the-2026-pfa-premier-league-team-of-the-year,Will Rayan Cherki be named to the 2026 PFA Premier League Team of the Year?,0xf1bef1d60925998b7577b014ea907965209b9045c197e79e77eb14439d7c431a,"[""44002481860388892740183335966007748831643129921411222940033401480764334836407"", ""47465498507287502475094187263593898643776563896680345103863507875745126656121""]",44002481860388892740183335966007748831643129921411222940033401480764334836407|47465498507287502475094187263593898643776563896680345103863507875745126656121,47465498507287502475094187263593898643776563896680345103863507875745126656121,No,True,0.04,11.7,0.96,11.82,0.5,0.9199999999999999,d7618aed639a188fe5c11b57ccba8b03647e50ca,0.01,5,,4.252,
2026-07-14T18:24:00Z,EPL,435490,epl-2026-team-of-the-season,EPL: 2026 PFA Team of the Year,2026-05-01T16:17:58.439577Z,2127680,will-dominik-szoboszlai-be-named-to-the-2026-pfa-premier-league-team-of-the-year,Will Dominik Szoboszlai be named to the 2026 PFA Premier League Team of the Year?,0xd5a172faaf27f951f5bc5c2d19f18367ab85e9c963e7357a8433da84e895507e,"[""10904347939559348084889283384973600207001307228767801114856379948987944051302"", ""63514807846207217791796334733580770155958510280638850911506455990693175502240""]",10904347939559348084889283384973600207001307228767801114856379948987944051302|63514807846207217791796334733580770155958510280638850911506455990693175502240,10904347939559348084889283384973600207001307228767801114856379948987944051302,Yes,True,0.04,10.77,0.96,10.77,0.5,0.9199999999999999,622581d5b910c00869b83b818644adb3751a2a88,0.01,5,,4.252,
2026-07-14T18:24:00Z,EPL,435490,epl-2026-team-of-the-season,EPL: 2026 PFA Team of the Year,2026-05-01T16:17:58.439577Z,2127680,will-dominik-szoboszlai-be-named-to-the-2026-pfa-premier-league-team-of-the-year,Will Dominik Szoboszlai be named to the 2026 PFA Premier League Team of the Year?,0xd5a172faaf27f951f5bc5c2d19f18367ab85e9c963e7357a8433da84e895507e,"[""10904347939559348084889283384973600207001307228767801114856379948987944051302"", ""63514807846207217791796334733580770155958510280638850911506455990693175502240""]",10904347939559348084889283384973600207001307228767801114856379948987944051302|63514807846207217791796334733580770155958510280638850911506455990693175502240,63514807846207217791796334733580770155958510280638850911506455990693175502240,No,True,0.04,10.77,0.96,10.77,0.5,0.9199999999999999,76e34dd5b88929d2ef95da69d811f672d735f623,0.01,5,,4.252,
2026-07-14T18:24:00Z,EPL,435490,epl-2026-team-of-the-season,EPL: 2026 PFA Team of the Year,2026-05-01T16:17:58.439577Z,2127681,will-moises-caicedo-be-named-to-the-2026-pfa-premier-league-team-of-the-year,Will Moises Caicedo be named to the 2026 PFA Premier League Team of the Year?,0x6a8a0e28a90c3880e21bb6de9eb98f12d5e81a8d88570a2c5b855ee60b6263ba,"[""13244409081849499988815460722411109697257731580831464114667102436005675343259"", ""41998463599395516608520033462694074004839767261466278584344671813809549672424""]",13244409081849499988815460722411109697257731580831464114667102436005675343259|41998463599395516608520033462694074004839767261466278584344671813809549672424,13244409081849499988815460722411109697257731580831464114667102436005675343259,Yes,True,0.04,11.7,0.96,11.82,0.5,0.9199999999999999,9d0bb4c523562a7e1bf66fbe3b3cf258023aada4,0.01,5,,4.252,
2026-07-14T18:24:00Z,EPL,435490,epl-2026-team-of-the-season,EPL: 2026 PFA Team of the Year,2026-05-01T16:17:58.439577Z,2127681,will-moises-caicedo-be-named-to-the-2026-pfa-premier-league-team-of-the-year,Will Moises Caicedo be named to the 2026 PFA Premier League Team of the Year?,0x6a8a0e28a90c3880e21bb6de9eb98f12d5e81a8d88570a2c5b855ee60b6263ba,"[""13244409081849499988815460722411109697257731580831464114667102436005675343259"", ""41998463599395516608520033462694074004839767261466278584344671813809549672424""]",13244409081849499988815460722411109697257731580831464114667102436005675343259|41998463599395516608520033462694074004839767261466278584344671813809549672424,41998463599395516608520033462694074004839767261466278584344671813809549672424,No,True,0.04,11.82,0.96,11.7,0.5,0.9199999999999999,ea054ab83d5a2bf2c164de783406f26010406360,0.01,5,,4.252,
2026-07-14T18:24:00Z,EPL,435490,epl-2026-team-of-the-season,EPL: 2026 PFA Team of the Year,2026-05-01T16:17:58.439577Z,2127682,will-elliot-anderson-be-named-to-the-2026-pfa-premier-league-team-of-the-year,Will Elliot Anderson be named to the 2026 PFA Premier League Team of the Year?,0x3e7b9aff81e624e4f9ef7677696f2d4fae5837bdf83bd9ed2d62ec7a87aaf7a6,"[""2770428290325312677871192984476250158140993595717599201621714256969118294243"", ""87005572382727825804817777311897399081855387101457739624425019964385877189800""]",2770428290325312677871192984476250158140993595717599201621714256969118294243|87005572382727825804817777311897399081855387101457739624425019964385877189800,2770428290325312677871192984476250158140993595717599201621714256969118294243,Yes,True,0.04,11.7,0.96,10.77,0.5,0.9199999999999999,55f7655d25128b153cdd582d39325b9508c7147d,0.01,5,,4.248,
2026-07-14T18:24:00Z,EPL,435490,epl-2026-team-of-the-season,EPL: 2026 PFA Team of the Year,2026-05-01T16:17:58.439577Z,2127682,will-elliot-anderson-be-named-to-the-2026-pfa-premier-league-team-of-the-year,Will Elliot Anderson be named to the 2026 PFA Premier League Team of the Year?,0x3e7b9aff81e624e4f9ef7677696f2d4fae5837bdf83bd9ed2d62ec7a87aaf7a6,"[""2770428290325312677871192984476250158140993595717599201621714256969118294243"", ""87005572382727825804817777311897399081855387101457739624425019964385877189800""]",2770428290325312677871192984476250158140993595717599201621714256969118294243|87005572382727825804817777311897399081855387101457739624425019964385877189800,87005572382727825804817777311897399081855387101457739624425019964385877189800,No,True,0.04,10.77,0.96,11.7,0.5,0.9199999999999999,06fa10930d95b90a186d0d83ab3744d2f4ff3bde,0.01,5,,4.248,
2026-07-14T18:24:00Z,EPL,435490,epl-2026-team-of-the-season,EPL: 2026 PFA Team of the Year,2026-05-01T16:17:58.439577Z,2127683,will-erling-haaland-be-named-to-the-2026-pfa-premier-league-team-of-the-year,Will Erling Haaland be named to the 2026 PFA Premier League Team of the Year?,0x0a3ee85120cf7d2febbaba00b787db1bd1fdc7f80f8277d89675736a430e2065,"[""36505760582912364024564187063352953937975349358323597571083864672476590879653"", ""36939641234709193046881505450280116016622287455799963152747536559103079527590""]",36505760582912364024564187063352953937975349358323597571083864672476590879653|36939641234709193046881505450280116016622287455799963152747536559103079527590,36505760582912364024564187063352953937975349358323597571083864672476590879653,Yes,True,0.04,11.82,0.96,10.77,0.5,0.9199999999999999,ca6264d1512be9cc6b492cb906514ca3fbf54a8b,0.01,5,,4.116,
2026-07-14T18:24:00Z,EPL,435490,epl-2026-team-of-the-season,EPL: 2026 PFA Team of the Year,2026-05-01T16:17:58.439577Z,2127683,will-erling-haaland-be-named-to-the-2026-pfa-premier-league-team-of-the-year,Will Erling Haaland be named to the 2026 PFA Premier League Team of the Year?,0x0a3ee85120cf7d2febbaba00b787db1bd1fdc7f80f8277d89675736a430e2065,"[""36505760582912364024564187063352953937975349358323597571083864672476590879653"", ""36939641234709193046881505450280116016622287455799963152747536559103079527590""]",36505760582912364024564187063352953937975349358323597571083864672476590879653|36939641234709193046881505450280116016622287455799963152747536559103079527590,36939641234709193046881505450280116016622287455799963152747536559103079527590,No,True,0.04,10.77,0.96,11.82,0.5,0.9199999999999999,9eb6cf896c1dfde556564f678f7a69d2603907cb,0.01,5,,4.116,
2026-07-14T18:24:00Z,EPL,435490,epl-2026-team-of-the-season,EPL: 2026 PFA Team of the Year,2026-05-01T16:17:58.439577Z,2127684,will-hugo-ekitike-be-named-to-the-2026-pfa-premier-league-team-of-the-year,Will Hugo Ekitike be named to the 2026 PFA Premier League Team of the Year?,0x3ac387fc809af29edadb0c1881ecd88319f8b4ebb5b0a89a77a84e85f4a2099c,"[""21160761171799050394335213154237360537464294007297740615880003417666696561468"", ""57509889980199562878580001207297131252053963359675973392844979135378456666743""]",21160761171799050394335213154237360537464294007297740615880003417666696561468|57509889980199562878580001207297131252053963359675973392844979135378456666743,21160761171799050394335213154237360537464294007297740615880003417666696561468,Yes,True,0.04,11.52,0.94,5.61,0.49,0.8999999999999999,f778bb7fb8dd538cd086d49866cf2fcec336d4c4,0.01,5,,3.9118,
2026-07-14T18:24:00Z,EPL,435490,epl-2026-team-of-the-season,EPL: 2026 PFA Team of the Year,2026-05-01T16:17:58.439577Z,2127684,will-hugo-ekitike-be-named-to-the-2026-pfa-premier-league-team-of-the-year,Will Hugo Ekitike be named to the 2026 PFA Premier League Team of the Year?,0x3ac387fc809af29edadb0c1881ecd88319f8b4ebb5b0a89a77a84e85f4a2099c,"[""21160761171799050394335213154237360537464294007297740615880003417666696561468"", ""57509889980199562878580001207297131252053963359675973392844979135378456666743""]",21160761171799050394335213154237360537464294007297740615880003417666696561468|57509889980199562878580001207297131252053963359675973392844979135378456666743,57509889980199562878580001207297131252053963359675973392844979135378456666743,No,True,0.06,5.61,0.96,11.52,0.51,0.8999999999999999,ab3b64477df339e8eda2111c389290c132727890,0.01,5,,3.9118,
2026-07-14T18:24:00Z,EPL,435490,epl-2026-team-of-the-season,EPL: 2026 PFA Team of the Year,2026-05-01T16:17:58.439577Z,2127685,will-igor-thiago-be-named-to-the-2026-pfa-premier-league-team-of-the-year,Will Igor Thiago be named to the 2026 PFA Premier League Team of the Year?,0x2565964258328ceff81b8dd027a9b4bfae11353bbfbb3e27625da025fffc2d97,"[""45116472354972988677943929968423217543948497597214084731838340702588569592863"", ""57509607526871690199395719807389480255858394821926865896302284337840164838738""]",45116472354972988677943929968423217543948497597214084731838340702588569592863|57509607526871690199395719807389480255858394821926865896302284337840164838738,45116472354972988677943929968423217543948497597214084731838340702588569592863,Yes,True,0.04,11.82,0.96,10.77,0.5,0.9199999999999999,ed1f09a797fa51cdac13f7e73ec360baa5c5ffea,0.01,5,,4.1163,
2026-07-14T18:24:00Z,EPL,435490,epl-2026-team-of-the-season,EPL: 2026 PFA Team of the Year,2026-05-01T16:17:58.439577Z,2127685,will-igor-thiago-be-named-to-the-2026-pfa-premier-league-team-of-the-year,Will Igor Thiago be named to the 2026 PFA Premier League Team of the Year?,0x2565964258328ceff81b8dd027a9b4bfae11353bbfbb3e27625da025fffc2d97,"[""45116472354972988677943929968423217543948497597214084731838340702588569592863"", ""57509607526871690199395719807389480255858394821926865896302284337840164838738""]",45116472354972988677943929968423217543948497597214084731838340702588569592863|57509607526871690199395719807389480255858394821926865896302284337840164838738,57509607526871690199395719807389480255858394821926865896302284337840164838738,No,True,0.04,10.77,0.96,11.82,0.5,0.9199999999999999,108815b84e8481d24d45043b29d5082043593afa,0.01,5,,4.1163,
2026-07-14T18:24:00Z,EPL,435490,epl-2026-team-of-the-season,EPL: 2026 PFA Team of the Year,2026-05-01T16:17:58.439577Z,2127686,will-joo-pedro-be-named-to-the-2026-pfa-premier-league-team-of-the-year,Will João Pedro be named to the 2026 PFA Premier League Team of the Year?,0x6fce5bfb34549a3a2c919a87ed5948038ae259334b99c7626269b54b5aec2e0e,"[""32710637391248437289327028678783582535502723443825413307615920275857755767269"", ""76494283295406840675256483217001111989666469664619203128145658200939942333539""]",32710637391248437289327028678783582535502723443825413307615920275857755767269|76494283295406840675256483217001111989666469664619203128145658200939942333539,32710637391248437289327028678783582535502723443825413307615920275857755767269,Yes,True,0.04,10.77,0.94,5.61,0.49,0.8999999999999999,4cf4b3d66f1e9d65eb13a174a5c65fd3ca98865f,0.01,5,,3.9118,
2026-07-14T18:24:00Z,EPL,435490,epl-2026-team-of-the-season,EPL: 2026 PFA Team of the Year,2026-05-01T16:17:58.439577Z,2127686,will-joo-pedro-be-named-to-the-2026-pfa-premier-league-team-of-the-year,Will João Pedro be named to the 2026 PFA Premier League Team of the Year?,0x6fce5bfb34549a3a2c919a87ed5948038ae259334b99c7626269b54b5aec2e0e,"[""32710637391248437289327028678783582535502723443825413307615920275857755767269"", ""76494283295406840675256483217001111989666469664619203128145658200939942333539""]",32710637391248437289327028678783582535502723443825413307615920275857755767269|76494283295406840675256483217001111989666469664619203128145658200939942333539,76494283295406840675256483217001111989666469664619203128145658200939942333539,No,True,0.06,5.61,0.96,10.77,0.51,0.8999999999999999,a4494d876d3bbaf395026f1200271540350b1bee,0.01,5,,3.9118,
2026-07-14T18:24:00Z,EPL,435490,epl-2026-team-of-the-season,EPL: 2026 PFA Team of the Year,2026-05-01T16:17:58.439577Z,2127687,will-morgan-rogers-be-named-to-the-2026-pfa-premier-league-team-of-the-year,Will Morgan Rogers be named to the 2026 PFA Premier League Team of the Year?,0x96b8591e61ab8153068ed93e54c013f0e6b89cea2aa4e133fdfd9dafcded9277,"[""35606525977135678474506342380680226214353069361032301286284296655225714906882"", ""21333608757853284524355908501060578820412665842300321107531640970971045399525""]",35606525977135678474506342380680226214353069361032301286284296655225714906882|21333608757853284524355908501060578820412665842300321107531640970971045399525,35606525977135678474506342380680226214353069361032301286284296655225714906882,Yes,True,0.04,10.77,0.96,10.77,0.5,0.9199999999999999,89893756cf0c035d1991c05d2f40625b25c7bdf6,0.01,5,,3.9806,
2026-07-14T18:24:00Z,EPL,435490,epl-2026-team-of-the-season,EPL: 2026 PFA Team of the Year,2026-05-01T16:17:58.439577Z,2127687,will-morgan-rogers-be-named-to-the-2026-pfa-premier-league-team-of-the-year,Will Morgan Rogers be named to the 2026 PFA Premier League Team of the Year?,0x96b8591e61ab8153068ed93e54c013f0e6b89cea2aa4e133fdfd9dafcded9277,"[""35606525977135678474506342380680226214353069361032301286284296655225714906882"", ""21333608757853284524355908501060578820412665842300321107531640970971045399525""]",35606525977135678474506342380680226214353069361032301286284296655225714906882|21333608757853284524355908501060578820412665842300321107531640970971045399525,21333608757853284524355908501060578820412665842300321107531640970971045399525,No,True,0.04,10.77,0.96,10.77,0.5,0.9199999999999999,279d86a8b3fd05962bd61fa83b35d2d421e44038,0.01,5,,3.9806,
2026-07-14T18:24:00Z,EPL,435490,epl-2026-team-of-the-season,EPL: 2026 PFA Team of the Year,2026-05-01T16:17:58.439577Z,2127688,will-antoine-semenyo-be-named-to-the-2026-pfa-premier-league-team-of-the-year,Will Antoine Semenyo be named to the 2026 PFA Premier League Team of the Year?,0x1220c8ad3de1b3e3a079e832ec53f3cd4c3f014685820c7364e6feeec413e4d8,"[""76296603541032491222249921378613877627058194760954506807014743183408941333618"", ""21304560232739094042644316740439641499393814233414419162298081903469670924441""]",76296603541032491222249921378613877627058194760954506807014743183408941333618|21304560232739094042644316740439641499393814233414419162298081903469670924441,76296603541032491222249921378613877627058194760954506807014743183408941333618,Yes,True,0.04,13.64,0.97,23.1,0.505,0.9299999999999999,2768f3038fc3ac84e22fa5a91fa9b2218a58ce11,0.01,5,,3.5066,2.08165
2026-07-14T18:24:00Z,EPL,435490,epl-2026-team-of-the-season,EPL: 2026 PFA Team of the Year,2026-05-01T16:17:58.439577Z,2127688,will-antoine-semenyo-be-named-to-the-2026-pfa-premier-league-team-of-the-year,Will Antoine Semenyo be named to the 2026 PFA Premier League Team of the Year?,0x1220c8ad3de1b3e3a079e832ec53f3cd4c3f014685820c7364e6feeec413e4d8,"[""76296603541032491222249921378613877627058194760954506807014743183408941333618"", ""21304560232739094042644316740439641499393814233414419162298081903469670924441""]",76296603541032491222249921378613877627058194760954506807014743183408941333618|21304560232739094042644316740439641499393814233414419162298081903469670924441,21304560232739094042644316740439641499393814233414419162298081903469670924441,No,True,0.03,23.1,0.96,13.64,0.495,0.9299999999999999,f4065f7a09571f8ccfe9a923aee5f314c7f3f347,0.01,5,,3.5066,2.08165
2026-07-14T18:24:00Z,EPL,435490,epl-2026-team-of-the-season,EPL: 2026 PFA Team of the Year,2026-05-01T16:17:58.439577Z,2127689,will-jeremy-doku-be-named-to-the-2026-pfa-premier-league-team-of-the-year,Will Jeremy Doku be named to the 2026 PFA Premier League Team of the Year?,0xa879be670c7ecf3087a8bf9fc8cf43b4e415502e71e7910dd63ac8f80a56d87b,"[""3879696626646145930128886354978365884788235204398514844964568164322230593973"", ""79551627668553765432569263846776420950508270405186694496807348421004929288226""]",3879696626646145930128886354978365884788235204398514844964568164322230593973|79551627668553765432569263846776420950508270405186694496807348421004929288226,3879696626646145930128886354978365884788235204398514844964568164322230593973,Yes,True,0.04,10.77,0.96,11.82,0.5,0.9199999999999999,009d43c254a3436315d30c0f6ea8663406037e58,0.01,5,,4.1802,
2026-07-14T18:24:00Z,EPL,435490,epl-2026-team-of-the-season,EPL: 2026 PFA Team of the Year,2026-05-01T16:17:58.439577Z,2127689,will-jeremy-doku-be-named-to-the-2026-pfa-premier-league-team-of-the-year,Will Jeremy Doku be named to the 2026 PFA Premier League Team of the Year?,0xa879be670c7ecf3087a8bf9fc8cf43b4e415502e71e7910dd63ac8f80a56d87b,"[""3879696626646145930128886354978365884788235204398514844964568164322230593973"", ""79551627668553765432569263846776420950508270405186694496807348421004929288226""]",3879696626646145930128886354978365884788235204398514844964568164322230593973|79551627668553765432569263846776420950508270405186694496807348421004929288226,79551627668553765432569263846776420950508270405186694496807348421004929288226,No,True,0.04,11.82,0.96,10.77,0.5,0.9199999999999999,64292bec08d637e1422d4bf4eb901d41e07c6f25,0.01,5,,4.1802,
2026-07-14T18:24:00Z,EPL,435490,epl-2026-team-of-the-season,EPL: 2026 PFA Team of the Year,2026-05-01T16:17:58.439577Z,2127690,will-bryan-mbeumo-be-named-to-the-2026-pfa-premier-league-team-of-the-year,Will Bryan Mbeumo be named to the 2026 PFA Premier League Team of the Year?,0xbc5c1fe3e7dd57070ca528cd85b158334b7aa9ee0c87b22c861586f82f115f53,"[""91785058119765698978951103847186849259631214663163177270696303972172010570357"", ""57423228513700841810717133678013622282899538997222385821885417665448518434118""]",91785058119765698978951103847186849259631214663163177270696303972172010570357|57423228513700841810717133678013622282899538997222385821885417665448518434118,91785058119765698978951103847186849259631214663163177270696303972172010570357,Yes,True,0.04,11.82,0.94,5.61,0.49,0.8999999999999999,470eb17f7cde68f78c60c118eb77a8c822e181a0,0.01,5,,3.9669,
2026-07-14T18:24:00Z,EPL,435490,epl-2026-team-of-the-season,EPL: 2026 PFA Team of the Year,2026-05-01T16:17:58.439577Z,2127690,will-bryan-mbeumo-be-named-to-the-2026-pfa-premier-league-team-of-the-year,Will Bryan Mbeumo be named to the 2026 PFA Premier League Team of the Year?,0xbc5c1fe3e7dd57070ca528cd85b158334b7aa9ee0c87b22c861586f82f115f53,"[""91785058119765698978951103847186849259631214663163177270696303972172010570357"", ""57423228513700841810717133678013622282899538997222385821885417665448518434118""]",91785058119765698978951103847186849259631214663163177270696303972172010570357|57423228513700841810717133678013622282899538997222385821885417665448518434118,57423228513700841810717133678013622282899538997222385821885417665448518434118,No,True,0.06,5.61,0.96,11.82,0.51,0.8999999999999999,e4ffef404639a19d49a1ac62dc32cfd9e62ccb71,0.01,5,,3.9669,
2026-07-14T18:24:00Z,EPL,435490,epl-2026-team-of-the-season,EPL: 2026 PFA Team of the Year,2026-05-01T16:17:58.439577Z,2127691,will-jarrod-bowen-be-named-to-the-2026-pfa-premier-league-team-of-the-year,Will Jarrod Bowen be named to the 2026 PFA Premier League Team of the Year?,0x7352d3b05ddd64c22487c855e05c0485348e49d0dad74d9bde2c0478db43701e,"[""72676667720459668200165137999841534576126998576490942457742996617745849748718"", ""93972487936526721423770075279455909737407561133246099106446256232697159064557""]",72676667720459668200165137999841534576126998576490942457742996617745849748718|93972487936526721423770075279455909737407561133246099106446256232697159064557,72676667720459668200165137999841534576126998576490942457742996617745849748718,Yes,True,0.04,11.82,0.94,5.61,0.49,0.8999999999999999,9eaa93e05d61488871f5f1b94ad9033f5231b177,0.01,5,,3.967,
2026-07-14T18:24:00Z,EPL,435490,epl-2026-team-of-the-season,EPL: 2026 PFA Team of the Year,2026-05-01T16:17:58.439577Z,2127691,will-jarrod-bowen-be-named-to-the-2026-pfa-premier-league-team-of-the-year,Will Jarrod Bowen be named to the 2026 PFA Premier League Team of the Year?,0x7352d3b05ddd64c22487c855e05c0485348e49d0dad74d9bde2c0478db43701e,"[""72676667720459668200165137999841534576126998576490942457742996617745849748718"", ""93972487936526721423770075279455909737407561133246099106446256232697159064557""]",72676667720459668200165137999841534576126998576490942457742996617745849748718|93972487936526721423770075279455909737407561133246099106446256232697159064557,93972487936526721423770075279455909737407561133246099106446256232697159064557,No,True,0.06,5.61,0.96,11.82,0.51,0.8999999999999999,9d5c4655a9f756cfaf5a4b886ab33e39231fe223,0.01,5,,3.967,
2026-07-14T18:24:00Z,EPL,435490,epl-2026-team-of-the-season,EPL: 2026 PFA Team of the Year,2026-05-01T16:17:58.439577Z,2127692,will-phil-foden-be-named-to-the-2026-pfa-premier-league-team-of-the-year,Will Phil Foden be named to the 2026 PFA Premier League Team of the Year?,0x0f4085f5c4961b9029c600d4f976d0594a302e9f365552b48f500b655f2ac4fa,"[""8033894410953638407847681522327346336043237396295679948351222439635117761656"", ""89182645560093896409280692775338915223534298743660692930735700909064064285484""]",8033894410953638407847681522327346336043237396295679948351222439635117761656|89182645560093896409280692775338915223534298743660692930735700909064064285484,8033894410953638407847681522327346336043237396295679948351222439635117761656,Yes,True,0.04,11.7,0.94,5.61,0.49,0.8999999999999999,758a310e63dd13ea0a0d4ef9be080be3d65f06fd,0.01,5,,3.9118,
2026-07-14T18:24:00Z,EPL,435490,epl-2026-team-of-the-season,EPL: 2026 PFA Team of the Year,2026-05-01T16:17:58.439577Z,2127692,will-phil-foden-be-named-to-the-2026-pfa-premier-league-team-of-the-year,Will Phil Foden be named to the 2026 PFA Premier League Team of the Year?,0x0f4085f5c4961b9029c600d4f976d0594a302e9f365552b48f500b655f2ac4fa,"[""8033894410953638407847681522327346336043237396295679948351222439635117761656"", ""89182645560093896409280692775338915223534298743660692930735700909064064285484""]",8033894410953638407847681522327346336043237396295679948351222439635117761656|89182645560093896409280692775338915223534298743660692930735700909064064285484,89182645560093896409280692775338915223534298743660692930735700909064064285484,No,True,0.06,5.61,0.96,11.7,0.51,0.8999999999999999,9bb218e452fa802e9941006e80576f1e9db5a18e,0.01,5,,3.9118,
2026-07-14T18:24:00Z,EPL,435490,epl-2026-team-of-the-season,EPL: 2026 PFA Team of the Year,2026-05-01T16:17:58.439577Z,2127693,will-bukayo-saka-be-named-to-the-2026-pfa-premier-league-team-of-the-year,Will Bukayo Saka be named to the 2026 PFA Premier League Team of the Year?,0xb31d5274c8acbc2b023593c03fe1cb6367f42a9596ebb5d61b3204457b980730,"[""3899512605908669133631802955015968710467998848723391934123440957914049621850"", ""50079801685037680014087676599806731271595381000363699907442053815397821742247""]",3899512605908669133631802955015968710467998848723391934123440957914049621850|50079801685037680014087676599806731271595381000363699907442053815397821742247,3899512605908669133631802955015968710467998848723391934123440957914049621850,Yes,True,0.04,21.83,0.97,34.08,0.505,0.9299999999999999,6156765acf409d0b18650f6fff1f6b557689ebf8,0.01,5,,4.8355,5.434775
2026-07-14T18:24:00Z,EPL,435490,epl-2026-team-of-the-season,EPL: 2026 PFA Team of the Year,2026-05-01T16:17:58.439577Z,2127693,will-bukayo-saka-be-named-to-the-2026-pfa-premier-league-team-of-the-year,Will Bukayo Saka be named to the 2026 PFA Premier League Team of the Year?,0xb31d5274c8acbc2b023593c03fe1cb6367f42a9596ebb5d61b3204457b980730,"[""3899512605908669133631802955015968710467998848723391934123440957914049621850"", ""50079801685037680014087676599806731271595381000363699907442053815397821742247""]",3899512605908669133631802955015968710467998848723391934123440957914049621850|50079801685037680014087676599806731271595381000363699907442053815397821742247,50079801685037680014087676599806731271595381000363699907442053815397821742247,No,True,0.03,34.08,0.96,21.83,0.495,0.9299999999999999,bb4facfc10f830bdd1a5ce96c3e2e4369cb951e8,0.01,5,,4.8355,5.434775
