ts_utc,league,event_id,event_slug,event_title,event_start,market_id,market_slug,market_question,condition_id,clob_token_ids_raw,token_ids_parsed,token_id,outcome,book_found,best_bid,best_bid_size,best_ask,best_ask_size,mid,spread,book_hash,tick_size,min_order_size,last_trade_price,liquidity,volume
2026-08-01T01:24:43Z,EPL,333084,epl-team-to-qualify-for-uefa-conference-league,EPL: Team to qualify for UEFA Conference League,2026-04-01T17:27:13.650134Z,1818367,will-arsenal-qualify-for-the-league-phase-of-the-2026-27-uefa-conference-league,Will Arsenal qualify for the League Phase of the 2026-27 UEFA Conference League?,0xe303639e6e879ac5dac9632362583523a2c1ff1ac46645f45fd5c1e7034b3ef7,"[""68901380712839851395966644282518000143877097473327410904576810621084636054002"", ""14101352633367703776049560107649243928150035657062243340231594815518398887879""]",68901380712839851395966644282518000143877097473327410904576810621084636054002|14101352633367703776049560107649243928150035657062243340231594815518398887879,68901380712839851395966644282518000143877097473327410904576810621084636054002,Yes,False,,,,,,,,,,,,467.35890000000006
2026-08-01T01:24:43Z,EPL,333084,epl-team-to-qualify-for-uefa-conference-league,EPL: Team to qualify for UEFA Conference League,2026-04-01T17:27:13.650134Z,1818367,will-arsenal-qualify-for-the-league-phase-of-the-2026-27-uefa-conference-league,Will Arsenal qualify for the League Phase of the 2026-27 UEFA Conference League?,0xe303639e6e879ac5dac9632362583523a2c1ff1ac46645f45fd5c1e7034b3ef7,"[""68901380712839851395966644282518000143877097473327410904576810621084636054002"", ""14101352633367703776049560107649243928150035657062243340231594815518398887879""]",68901380712839851395966644282518000143877097473327410904576810621084636054002|14101352633367703776049560107649243928150035657062243340231594815518398887879,14101352633367703776049560107649243928150035657062243340231594815518398887879,No,False,,,,,,,,,,,,467.35890000000006
2026-08-01T01:24:43Z,EPL,333084,epl-team-to-qualify-for-uefa-conference-league,EPL: Team to qualify for UEFA Conference League,2026-04-01T17:27:13.650134Z,1818368,will-aston-villa-qualify-for-the-league-phase-of-the-2026-27-uefa-conference-league,Will Aston Villa qualify for the League Phase of the 2026-27 UEFA Conference League?,0x28177c964d8b9d218ddc13dac289b4d63545aec7329fb69b12413e1a10a75457,"[""31823132354185101528875214330987706903655516243832510690074648671327601851551"", ""24610182176230826024523430019874907375950075107195029433984156474474467506756""]",31823132354185101528875214330987706903655516243832510690074648671327601851551|24610182176230826024523430019874907375950075107195029433984156474474467506756,31823132354185101528875214330987706903655516243832510690074648671327601851551,Yes,False,,,,,,,,,,,,118.34
2026-08-01T01:24:43Z,EPL,333084,epl-team-to-qualify-for-uefa-conference-league,EPL: Team to qualify for UEFA Conference League,2026-04-01T17:27:13.650134Z,1818368,will-aston-villa-qualify-for-the-league-phase-of-the-2026-27-uefa-conference-league,Will Aston Villa qualify for the League Phase of the 2026-27 UEFA Conference League?,0x28177c964d8b9d218ddc13dac289b4d63545aec7329fb69b12413e1a10a75457,"[""31823132354185101528875214330987706903655516243832510690074648671327601851551"", ""24610182176230826024523430019874907375950075107195029433984156474474467506756""]",31823132354185101528875214330987706903655516243832510690074648671327601851551|24610182176230826024523430019874907375950075107195029433984156474474467506756,24610182176230826024523430019874907375950075107195029433984156474474467506756,No,False,,,,,,,,,,,,118.34
2026-08-01T01:24:43Z,EPL,333084,epl-team-to-qualify-for-uefa-conference-league,EPL: Team to qualify for UEFA Conference League,2026-04-01T17:27:13.650134Z,1818369,will-bournemouth-qualify-for-the-league-phase-of-the-2026-27-uefa-conference-league,Will Bournemouth qualify for the League Phase of the 2026-27 UEFA Conference League?,0x767a11689ea743287c46af43309a57c52055b201a44546f1151ebe770848a4c2,"[""51037068800800327301977700578792391802166844203670527997794112211084782282749"", ""49880512765242008305101129568216821495775216606287544487246019230820484318812""]",51037068800800327301977700578792391802166844203670527997794112211084782282749|49880512765242008305101129568216821495775216606287544487246019230820484318812,51037068800800327301977700578792391802166844203670527997794112211084782282749,Yes,False,,,,,,,,,,,,104.230768
2026-08-01T01:24:43Z,EPL,333084,epl-team-to-qualify-for-uefa-conference-league,EPL: Team to qualify for UEFA Conference League,2026-04-01T17:27:13.650134Z,1818369,will-bournemouth-qualify-for-the-league-phase-of-the-2026-27-uefa-conference-league,Will Bournemouth qualify for the League Phase of the 2026-27 UEFA Conference League?,0x767a11689ea743287c46af43309a57c52055b201a44546f1151ebe770848a4c2,"[""51037068800800327301977700578792391802166844203670527997794112211084782282749"", ""49880512765242008305101129568216821495775216606287544487246019230820484318812""]",51037068800800327301977700578792391802166844203670527997794112211084782282749|49880512765242008305101129568216821495775216606287544487246019230820484318812,49880512765242008305101129568216821495775216606287544487246019230820484318812,No,False,,,,,,,,,,,,104.230768
2026-08-01T01:24:43Z,EPL,333084,epl-team-to-qualify-for-uefa-conference-league,EPL: Team to qualify for UEFA Conference League,2026-04-01T17:27:13.650134Z,1818370,will-brentford-qualify-for-the-league-phase-of-the-2026-27-uefa-conference-league,Will Brentford qualify for the League Phase of the 2026-27 UEFA Conference League?,0x0389abffb5ab63bd6aa4c5a51d9d3aa9448f20cd4ce3aa635fefd2f2349c3a31,"[""28387783984422789854592851598345905688234938653031916751801472369971729754741"", ""114832188258694701659066568174555689813627221405189198849646410747085620840644""]",28387783984422789854592851598345905688234938653031916751801472369971729754741|114832188258694701659066568174555689813627221405189198849646410747085620840644,28387783984422789854592851598345905688234938653031916751801472369971729754741,Yes,False,,,,,,,,,,,,65
2026-08-01T01:24:43Z,EPL,333084,epl-team-to-qualify-for-uefa-conference-league,EPL: Team to qualify for UEFA Conference League,2026-04-01T17:27:13.650134Z,1818370,will-brentford-qualify-for-the-league-phase-of-the-2026-27-uefa-conference-league,Will Brentford qualify for the League Phase of the 2026-27 UEFA Conference League?,0x0389abffb5ab63bd6aa4c5a51d9d3aa9448f20cd4ce3aa635fefd2f2349c3a31,"[""28387783984422789854592851598345905688234938653031916751801472369971729754741"", ""114832188258694701659066568174555689813627221405189198849646410747085620840644""]",28387783984422789854592851598345905688234938653031916751801472369971729754741|114832188258694701659066568174555689813627221405189198849646410747085620840644,114832188258694701659066568174555689813627221405189198849646410747085620840644,No,False,,,,,,,,,,,,65
2026-08-01T01:24:43Z,EPL,333084,epl-team-to-qualify-for-uefa-conference-league,EPL: Team to qualify for UEFA Conference League,2026-04-01T17:27:13.650134Z,1818371,will-brighton-hove-albion-qualify-for-the-league-phase-of-the-2026-27-uefa-conference-league,Will Brighton & Hove Albion qualify for the League Phase of the 2026-27 UEFA Conference League?,0x4e11ad07550e879b771bb74aa2ac543182c0b555f4fd86aaa8c9818d64b91f25,"[""91139930726622392742704198140499166850579482457098783277042371092513674941494"", ""75555949500072945185762043512718261040129266196955015758692797567174442576587""]",91139930726622392742704198140499166850579482457098783277042371092513674941494|75555949500072945185762043512718261040129266196955015758692797567174442576587,91139930726622392742704198140499166850579482457098783277042371092513674941494,Yes,True,0.403,8.7,0.943,10.0,0.673,0.5399999999999999,0fa6b5c543b441f38958e6986c48d88751013d4c,0.001,5,0.900,165.98581,1233.9694860000002
2026-08-01T01:24:43Z,EPL,333084,epl-team-to-qualify-for-uefa-conference-league,EPL: Team to qualify for UEFA Conference League,2026-04-01T17:27:13.650134Z,1818371,will-brighton-hove-albion-qualify-for-the-league-phase-of-the-2026-27-uefa-conference-league,Will Brighton & Hove Albion qualify for the League Phase of the 2026-27 UEFA Conference League?,0x4e11ad07550e879b771bb74aa2ac543182c0b555f4fd86aaa8c9818d64b91f25,"[""91139930726622392742704198140499166850579482457098783277042371092513674941494"", ""75555949500072945185762043512718261040129266196955015758692797567174442576587""]",91139930726622392742704198140499166850579482457098783277042371092513674941494|75555949500072945185762043512718261040129266196955015758692797567174442576587,75555949500072945185762043512718261040129266196955015758692797567174442576587,No,True,0.057,10.0,0.597,8.7,0.327,0.5399999999999999,606f582f8dbf8ea45f97db6f9e1d8e8a8b63a8e8,0.001,5,0.900,165.98581,1233.9694860000002
2026-08-01T01:24:43Z,EPL,333084,epl-team-to-qualify-for-uefa-conference-league,EPL: Team to qualify for UEFA Conference League,2026-04-01T17:27:13.650134Z,1818372,will-chelsea-qualify-for-the-league-phase-of-the-2026-27-uefa-conference-league,Will Chelsea qualify for the League Phase of the 2026-27 UEFA Conference League?,0xa0a419e4b455bbeb1ac06050bf572bbf636c70dc688f201eda6beb257e0ecccf,"[""24304404136401853611354679156736471836167449603878002382670170418575244748347"", ""34932573794344542041315686660932662303391519134203250572504686994553601884919""]",24304404136401853611354679156736471836167449603878002382670170418575244748347|34932573794344542041315686660932662303391519134203250572504686994553601884919,24304404136401853611354679156736471836167449603878002382670170418575244748347,Yes,False,,,,,,,,,,,,193.140308
2026-08-01T01:24:43Z,EPL,333084,epl-team-to-qualify-for-uefa-conference-league,EPL: Team to qualify for UEFA Conference League,2026-04-01T17:27:13.650134Z,1818372,will-chelsea-qualify-for-the-league-phase-of-the-2026-27-uefa-conference-league,Will Chelsea qualify for the League Phase of the 2026-27 UEFA Conference League?,0xa0a419e4b455bbeb1ac06050bf572bbf636c70dc688f201eda6beb257e0ecccf,"[""24304404136401853611354679156736471836167449603878002382670170418575244748347"", ""34932573794344542041315686660932662303391519134203250572504686994553601884919""]",24304404136401853611354679156736471836167449603878002382670170418575244748347|34932573794344542041315686660932662303391519134203250572504686994553601884919,34932573794344542041315686660932662303391519134203250572504686994553601884919,No,False,,,,,,,,,,,,193.140308
2026-08-01T01:24:43Z,EPL,333084,epl-team-to-qualify-for-uefa-conference-league,EPL: Team to qualify for UEFA Conference League,2026-04-01T17:27:13.650134Z,1818373,will-crystal-palace-qualify-for-the-league-phase-of-the-2026-27-uefa-conference-league,Will Crystal Palace qualify for the League Phase of the 2026-27 UEFA Conference League?,0x7fcff1b74a273c0e48b01dafa03fd994fc6d6a80faf2f401808a1f7c906231e2,"[""83595360800340582836220415327748792858014632655765677024450652227649872829217"", ""8722778550304158158775908112102831721712668882628498669387415627760731221547""]",83595360800340582836220415327748792858014632655765677024450652227649872829217|8722778550304158158775908112102831721712668882628498669387415627760731221547,83595360800340582836220415327748792858014632655765677024450652227649872829217,Yes,False,,,,,,,,,,,,55.10415
2026-08-01T01:24:43Z,EPL,333084,epl-team-to-qualify-for-uefa-conference-league,EPL: Team to qualify for UEFA Conference League,2026-04-01T17:27:13.650134Z,1818373,will-crystal-palace-qualify-for-the-league-phase-of-the-2026-27-uefa-conference-league,Will Crystal Palace qualify for the League Phase of the 2026-27 UEFA Conference League?,0x7fcff1b74a273c0e48b01dafa03fd994fc6d6a80faf2f401808a1f7c906231e2,"[""83595360800340582836220415327748792858014632655765677024450652227649872829217"", ""8722778550304158158775908112102831721712668882628498669387415627760731221547""]",83595360800340582836220415327748792858014632655765677024450652227649872829217|8722778550304158158775908112102831721712668882628498669387415627760731221547,8722778550304158158775908112102831721712668882628498669387415627760731221547,No,False,,,,,,,,,,,,55.10415
2026-08-01T01:24:43Z,EPL,333084,epl-team-to-qualify-for-uefa-conference-league,EPL: Team to qualify for UEFA Conference League,2026-04-01T17:27:13.650134Z,1818374,will-everton-qualify-for-the-league-phase-of-the-2026-27-uefa-conference-league,Will Everton qualify for the League Phase of the 2026-27 UEFA Conference League?,0xc2d06ea1b36aa2af374778802062278b37c0681e80b8b30d440eea8c89c69efa,"[""4166923647964243798214643118596450748550925708271797356837126450441673128307"", ""38675784671269789218225363889508272390729885225646140690421495748338190385226""]",4166923647964243798214643118596450748550925708271797356837126450441673128307|38675784671269789218225363889508272390729885225646140690421495748338190385226,4166923647964243798214643118596450748550925708271797356837126450441673128307,Yes,False,,,,,,,,,,,,481.81
2026-08-01T01:24:43Z,EPL,333084,epl-team-to-qualify-for-uefa-conference-league,EPL: Team to qualify for UEFA Conference League,2026-04-01T17:27:13.650134Z,1818374,will-everton-qualify-for-the-league-phase-of-the-2026-27-uefa-conference-league,Will Everton qualify for the League Phase of the 2026-27 UEFA Conference League?,0xc2d06ea1b36aa2af374778802062278b37c0681e80b8b30d440eea8c89c69efa,"[""4166923647964243798214643118596450748550925708271797356837126450441673128307"", ""38675784671269789218225363889508272390729885225646140690421495748338190385226""]",4166923647964243798214643118596450748550925708271797356837126450441673128307|38675784671269789218225363889508272390729885225646140690421495748338190385226,38675784671269789218225363889508272390729885225646140690421495748338190385226,No,False,,,,,,,,,,,,481.81
2026-08-01T01:24:43Z,EPL,333084,epl-team-to-qualify-for-uefa-conference-league,EPL: Team to qualify for UEFA Conference League,2026-04-01T17:27:13.650134Z,1818375,will-fulham-qualify-for-the-league-phase-of-the-2026-27-uefa-conference-league,Will Fulham qualify for the League Phase of the 2026-27 UEFA Conference League?,0xa9c80d9e6d42b63441eb65788fa6715dd14e46e84e92ab0af524aa71de00e9fe,"[""58173349290615436261874750189700214187364770220706840363443501392029514828013"", ""68870830613563352664780739176635792396465611522859759407689581346809698393825""]",58173349290615436261874750189700214187364770220706840363443501392029514828013|68870830613563352664780739176635792396465611522859759407689581346809698393825,58173349290615436261874750189700214187364770220706840363443501392029514828013,Yes,False,,,,,,,,,,,,529.6700000000001
2026-08-01T01:24:43Z,EPL,333084,epl-team-to-qualify-for-uefa-conference-league,EPL: Team to qualify for UEFA Conference League,2026-04-01T17:27:13.650134Z,1818375,will-fulham-qualify-for-the-league-phase-of-the-2026-27-uefa-conference-league,Will Fulham qualify for the League Phase of the 2026-27 UEFA Conference League?,0xa9c80d9e6d42b63441eb65788fa6715dd14e46e84e92ab0af524aa71de00e9fe,"[""58173349290615436261874750189700214187364770220706840363443501392029514828013"", ""68870830613563352664780739176635792396465611522859759407689581346809698393825""]",58173349290615436261874750189700214187364770220706840363443501392029514828013|68870830613563352664780739176635792396465611522859759407689581346809698393825,68870830613563352664780739176635792396465611522859759407689581346809698393825,No,False,,,,,,,,,,,,529.6700000000001
2026-08-01T01:24:43Z,EPL,333084,epl-team-to-qualify-for-uefa-conference-league,EPL: Team to qualify for UEFA Conference League,2026-04-01T17:27:13.650134Z,1818376,will-ipswich-town-qualify-for-the-league-phase-of-the-2026-27-uefa-conference-league,Will Ipswich Town qualify for the League Phase of the 2026-27 UEFA Conference League?,0xfd1fd6c7c9106ccdc0a48fb64385b352808d5f6a4eb0157cb37b834002772000,"[""34575040317828011543308948862359294748447343494151397521995978862299718496252"", ""32703218917373905712439402416747473136357574974365039086658033726899781984701""]",34575040317828011543308948862359294748447343494151397521995978862299718496252|32703218917373905712439402416747473136357574974365039086658033726899781984701,34575040317828011543308948862359294748447343494151397521995978862299718496252,Yes,False,,,,,,,,,,,,185.7979
2026-08-01T01:24:43Z,EPL,333084,epl-team-to-qualify-for-uefa-conference-league,EPL: Team to qualify for UEFA Conference League,2026-04-01T17:27:13.650134Z,1818376,will-ipswich-town-qualify-for-the-league-phase-of-the-2026-27-uefa-conference-league,Will Ipswich Town qualify for the League Phase of the 2026-27 UEFA Conference League?,0xfd1fd6c7c9106ccdc0a48fb64385b352808d5f6a4eb0157cb37b834002772000,"[""34575040317828011543308948862359294748447343494151397521995978862299718496252"", ""32703218917373905712439402416747473136357574974365039086658033726899781984701""]",34575040317828011543308948862359294748447343494151397521995978862299718496252|32703218917373905712439402416747473136357574974365039086658033726899781984701,32703218917373905712439402416747473136357574974365039086658033726899781984701,No,False,,,,,,,,,,,,185.7979
2026-08-01T01:24:43Z,EPL,333084,epl-team-to-qualify-for-uefa-conference-league,EPL: Team to qualify for UEFA Conference League,2026-04-01T17:27:13.650134Z,1818377,will-leicester-city-qualify-for-the-league-phase-of-the-2026-27-uefa-conference-league,Will Leicester City qualify for the League Phase of the 2026-27 UEFA Conference League?,0x7f23bad03e49e8691193b374466a982f76952cc0658302268f2122380250f91d,"[""36855782576831156580765175743466253787995589729798761982205435744452738857165"", ""63267615403020851545105138792098005654530731396339683005908577788229989628684""]",36855782576831156580765175743466253787995589729798761982205435744452738857165|63267615403020851545105138792098005654530731396339683005908577788229989628684,36855782576831156580765175743466253787995589729798761982205435744452738857165,Yes,False,,,,,,,,,,,,185.5555
2026-08-01T01:24:43Z,EPL,333084,epl-team-to-qualify-for-uefa-conference-league,EPL: Team to qualify for UEFA Conference League,2026-04-01T17:27:13.650134Z,1818377,will-leicester-city-qualify-for-the-league-phase-of-the-2026-27-uefa-conference-league,Will Leicester City qualify for the League Phase of the 2026-27 UEFA Conference League?,0x7f23bad03e49e8691193b374466a982f76952cc0658302268f2122380250f91d,"[""36855782576831156580765175743466253787995589729798761982205435744452738857165"", ""63267615403020851545105138792098005654530731396339683005908577788229989628684""]",36855782576831156580765175743466253787995589729798761982205435744452738857165|63267615403020851545105138792098005654530731396339683005908577788229989628684,63267615403020851545105138792098005654530731396339683005908577788229989628684,No,False,,,,,,,,,,,,185.5555
2026-08-01T01:24:43Z,EPL,333084,epl-team-to-qualify-for-uefa-conference-league,EPL: Team to qualify for UEFA Conference League,2026-04-01T17:27:13.650134Z,1818378,will-liverpool-qualify-for-the-league-phase-of-the-2026-27-uefa-conference-league,Will Liverpool qualify for the League Phase of the 2026-27 UEFA Conference League?,0x0f39d177f78abd438be984b36f264c13de879b346ae40bfea0ababc108b83f64,"[""65988948624774144931622911564364302133312968519504468408474435267221324233196"", ""115130602602129428285461614417924472558165741430309539659330809798396288056300""]",65988948624774144931622911564364302133312968519504468408474435267221324233196|115130602602129428285461614417924472558165741430309539659330809798396288056300,65988948624774144931622911564364302133312968519504468408474435267221324233196,Yes,False,,,,,,,,,,,0,175.5
2026-08-01T01:24:43Z,EPL,333084,epl-team-to-qualify-for-uefa-conference-league,EPL: Team to qualify for UEFA Conference League,2026-04-01T17:27:13.650134Z,1818378,will-liverpool-qualify-for-the-league-phase-of-the-2026-27-uefa-conference-league,Will Liverpool qualify for the League Phase of the 2026-27 UEFA Conference League?,0x0f39d177f78abd438be984b36f264c13de879b346ae40bfea0ababc108b83f64,"[""65988948624774144931622911564364302133312968519504468408474435267221324233196"", ""115130602602129428285461614417924472558165741430309539659330809798396288056300""]",65988948624774144931622911564364302133312968519504468408474435267221324233196|115130602602129428285461614417924472558165741430309539659330809798396288056300,115130602602129428285461614417924472558165741430309539659330809798396288056300,No,False,,,,,,,,,,,0,175.5
2026-08-01T01:24:43Z,EPL,333084,epl-team-to-qualify-for-uefa-conference-league,EPL: Team to qualify for UEFA Conference League,2026-04-01T17:27:13.650134Z,1818379,will-manchester-city-qualify-for-the-league-phase-of-the-2026-27-uefa-conference-league,Will Manchester City qualify for the League Phase of the 2026-27 UEFA Conference League?,0x9f502be87b77866442714675eeb0ceec67b36469dab587b15862716b95a22a65,"[""81955707153623233000480445669873960416969320182377332341762765419704043622092"", ""63903621190034107756618838956749324043719317201688365281214818158837560760762""]",81955707153623233000480445669873960416969320182377332341762765419704043622092|63903621190034107756618838956749324043719317201688365281214818158837560760762,81955707153623233000480445669873960416969320182377332341762765419704043622092,Yes,False,,,,,,,,,,,,239.96210000000002
2026-08-01T01:24:43Z,EPL,333084,epl-team-to-qualify-for-uefa-conference-league,EPL: Team to qualify for UEFA Conference League,2026-04-01T17:27:13.650134Z,1818379,will-manchester-city-qualify-for-the-league-phase-of-the-2026-27-uefa-conference-league,Will Manchester City qualify for the League Phase of the 2026-27 UEFA Conference League?,0x9f502be87b77866442714675eeb0ceec67b36469dab587b15862716b95a22a65,"[""81955707153623233000480445669873960416969320182377332341762765419704043622092"", ""63903621190034107756618838956749324043719317201688365281214818158837560760762""]",81955707153623233000480445669873960416969320182377332341762765419704043622092|63903621190034107756618838956749324043719317201688365281214818158837560760762,63903621190034107756618838956749324043719317201688365281214818158837560760762,No,False,,,,,,,,,,,,239.96210000000002
2026-08-01T01:24:43Z,EPL,333084,epl-team-to-qualify-for-uefa-conference-league,EPL: Team to qualify for UEFA Conference League,2026-04-01T17:27:13.650134Z,1818380,will-manchester-united-qualify-for-the-league-phase-of-the-2026-27-uefa-conference-league,Will Manchester United qualify for the League Phase of the 2026-27 UEFA Conference League?,0x10faa15e034abb4d8b58e96fa9cceaeba84182d8d26061672b3090ef60c474c7,"[""14537963265850539015090671292913129800573442530565687433985001158662408488535"", ""24584985274241329793529868323709359334793457968867512216477798918303927163120""]",14537963265850539015090671292913129800573442530565687433985001158662408488535|24584985274241329793529868323709359334793457968867512216477798918303927163120,14537963265850539015090671292913129800573442530565687433985001158662408488535,Yes,False,,,,,,,,,,,,654.06
2026-08-01T01:24:43Z,EPL,333084,epl-team-to-qualify-for-uefa-conference-league,EPL: Team to qualify for UEFA Conference League,2026-04-01T17:27:13.650134Z,1818380,will-manchester-united-qualify-for-the-league-phase-of-the-2026-27-uefa-conference-league,Will Manchester United qualify for the League Phase of the 2026-27 UEFA Conference League?,0x10faa15e034abb4d8b58e96fa9cceaeba84182d8d26061672b3090ef60c474c7,"[""14537963265850539015090671292913129800573442530565687433985001158662408488535"", ""24584985274241329793529868323709359334793457968867512216477798918303927163120""]",14537963265850539015090671292913129800573442530565687433985001158662408488535|24584985274241329793529868323709359334793457968867512216477798918303927163120,24584985274241329793529868323709359334793457968867512216477798918303927163120,No,False,,,,,,,,,,,,654.06
2026-08-01T01:24:43Z,EPL,333084,epl-team-to-qualify-for-uefa-conference-league,EPL: Team to qualify for UEFA Conference League,2026-04-01T17:27:13.650134Z,1818381,will-newcastle-united-qualify-for-the-league-phase-of-the-2026-27-uefa-conference-league,Will Newcastle United qualify for the League Phase of the 2026-27 UEFA Conference League?,0xb0716d2b36fd90dd54c600a9e7647616490002987e3eb1ecb3d10ead4d62d33c,"[""59224980280942325666569394558997382798882386438436610001858371645471216555919"", ""79970515927998557660930530711963196679174481368659736459630565505379849389257""]",59224980280942325666569394558997382798882386438436610001858371645471216555919|79970515927998557660930530711963196679174481368659736459630565505379849389257,59224980280942325666569394558997382798882386438436610001858371645471216555919,Yes,False,,,,,,,,,,,,411.9
2026-08-01T01:24:43Z,EPL,333084,epl-team-to-qualify-for-uefa-conference-league,EPL: Team to qualify for UEFA Conference League,2026-04-01T17:27:13.650134Z,1818381,will-newcastle-united-qualify-for-the-league-phase-of-the-2026-27-uefa-conference-league,Will Newcastle United qualify for the League Phase of the 2026-27 UEFA Conference League?,0xb0716d2b36fd90dd54c600a9e7647616490002987e3eb1ecb3d10ead4d62d33c,"[""59224980280942325666569394558997382798882386438436610001858371645471216555919"", ""79970515927998557660930530711963196679174481368659736459630565505379849389257""]",59224980280942325666569394558997382798882386438436610001858371645471216555919|79970515927998557660930530711963196679174481368659736459630565505379849389257,79970515927998557660930530711963196679174481368659736459630565505379849389257,No,False,,,,,,,,,,,,411.9
2026-08-01T01:24:43Z,EPL,333084,epl-team-to-qualify-for-uefa-conference-league,EPL: Team to qualify for UEFA Conference League,2026-04-01T17:27:13.650134Z,1818382,will-nottingham-forest-qualify-for-the-league-phase-of-the-2026-27-uefa-conference-league,Will Nottingham Forest qualify for the League Phase of the 2026-27 UEFA Conference League?,0xe911ed8e88ee4d94cb587ed6128a6c15596d9338a4d90b78b9ea20b0578fc156,"[""19481881546917834293067497074329377518935142669934498853237227966392229142245"", ""57602898067754327037427882833634701750997153547931685588132390215919583981742""]",19481881546917834293067497074329377518935142669934498853237227966392229142245|57602898067754327037427882833634701750997153547931685588132390215919583981742,19481881546917834293067497074329377518935142669934498853237227966392229142245,Yes,False,,,,,,,,,,,,407.7161
2026-08-01T01:24:43Z,EPL,333084,epl-team-to-qualify-for-uefa-conference-league,EPL: Team to qualify for UEFA Conference League,2026-04-01T17:27:13.650134Z,1818382,will-nottingham-forest-qualify-for-the-league-phase-of-the-2026-27-uefa-conference-league,Will Nottingham Forest qualify for the League Phase of the 2026-27 UEFA Conference League?,0xe911ed8e88ee4d94cb587ed6128a6c15596d9338a4d90b78b9ea20b0578fc156,"[""19481881546917834293067497074329377518935142669934498853237227966392229142245"", ""57602898067754327037427882833634701750997153547931685588132390215919583981742""]",19481881546917834293067497074329377518935142669934498853237227966392229142245|57602898067754327037427882833634701750997153547931685588132390215919583981742,57602898067754327037427882833634701750997153547931685588132390215919583981742,No,False,,,,,,,,,,,,407.7161
2026-08-01T01:24:43Z,EPL,333084,epl-team-to-qualify-for-uefa-conference-league,EPL: Team to qualify for UEFA Conference League,2026-04-01T17:27:13.650134Z,1818383,will-southampton-qualify-for-the-league-phase-of-the-2026-27-uefa-conference-league,Will Southampton qualify for the League Phase of the 2026-27 UEFA Conference League?,0x7ca2adbbd88851add0e546dd78574d7e79fc00c76e8c490e5692bf8023c11e75,"[""26877828097379119176280047098274709531228788895296330595994436624390898867911"", ""115748130349087715420332870666315257990045222809843222754054247382701059943674""]",26877828097379119176280047098274709531228788895296330595994436624390898867911|115748130349087715420332870666315257990045222809843222754054247382701059943674,26877828097379119176280047098274709531228788895296330595994436624390898867911,Yes,False,,,,,,,,,,,0,617.6899999999999
2026-08-01T01:24:43Z,EPL,333084,epl-team-to-qualify-for-uefa-conference-league,EPL: Team to qualify for UEFA Conference League,2026-04-01T17:27:13.650134Z,1818383,will-southampton-qualify-for-the-league-phase-of-the-2026-27-uefa-conference-league,Will Southampton qualify for the League Phase of the 2026-27 UEFA Conference League?,0x7ca2adbbd88851add0e546dd78574d7e79fc00c76e8c490e5692bf8023c11e75,"[""26877828097379119176280047098274709531228788895296330595994436624390898867911"", ""115748130349087715420332870666315257990045222809843222754054247382701059943674""]",26877828097379119176280047098274709531228788895296330595994436624390898867911|115748130349087715420332870666315257990045222809843222754054247382701059943674,115748130349087715420332870666315257990045222809843222754054247382701059943674,No,False,,,,,,,,,,,0,617.6899999999999
2026-08-01T01:24:43Z,EPL,333084,epl-team-to-qualify-for-uefa-conference-league,EPL: Team to qualify for UEFA Conference League,2026-04-01T17:27:13.650134Z,1818384,will-tottenham-hotspur-qualify-for-the-league-phase-of-the-2026-27-uefa-conference-league,Will Tottenham Hotspur qualify for the League Phase of the 2026-27 UEFA Conference League?,0xe98b7da9a346eb2aced5b9300c7a53e4d7c147741b546f005de0b3c0d89e0ae1,"[""16165000919596414242427788888124743916698715129044155178467657105167009019476"", ""114828181514576721851254739097127564151815507804110569853443476924908844910766""]",16165000919596414242427788888124743916698715129044155178467657105167009019476|114828181514576721851254739097127564151815507804110569853443476924908844910766,16165000919596414242427788888124743916698715129044155178467657105167009019476,Yes,False,,,,,,,,,,,,1126.7675
2026-08-01T01:24:43Z,EPL,333084,epl-team-to-qualify-for-uefa-conference-league,EPL: Team to qualify for UEFA Conference League,2026-04-01T17:27:13.650134Z,1818384,will-tottenham-hotspur-qualify-for-the-league-phase-of-the-2026-27-uefa-conference-league,Will Tottenham Hotspur qualify for the League Phase of the 2026-27 UEFA Conference League?,0xe98b7da9a346eb2aced5b9300c7a53e4d7c147741b546f005de0b3c0d89e0ae1,"[""16165000919596414242427788888124743916698715129044155178467657105167009019476"", ""114828181514576721851254739097127564151815507804110569853443476924908844910766""]",16165000919596414242427788888124743916698715129044155178467657105167009019476|114828181514576721851254739097127564151815507804110569853443476924908844910766,114828181514576721851254739097127564151815507804110569853443476924908844910766,No,False,,,,,,,,,,,,1126.7675
2026-08-01T01:24:43Z,EPL,333084,epl-team-to-qualify-for-uefa-conference-league,EPL: Team to qualify for UEFA Conference League,2026-04-01T17:27:13.650134Z,1818385,will-west-ham-united-qualify-for-the-league-phase-of-the-2026-27-uefa-conference-league,Will West Ham United qualify for the League Phase of the 2026-27 UEFA Conference League?,0xbc79053a1f7691b55171b4a210da33b3c3fba449c9df4fd954856635f8da0e8e,"[""54894379652853834326297942957419603346481276275403414881816173756537774757640"", ""33108900391203812803918822219418560079370282336069888352885661677363224124116""]",54894379652853834326297942957419603346481276275403414881816173756537774757640|33108900391203812803918822219418560079370282336069888352885661677363224124116,54894379652853834326297942957419603346481276275403414881816173756537774757640,Yes,False,,,,,,,,,,,,207.137
2026-08-01T01:24:43Z,EPL,333084,epl-team-to-qualify-for-uefa-conference-league,EPL: Team to qualify for UEFA Conference League,2026-04-01T17:27:13.650134Z,1818385,will-west-ham-united-qualify-for-the-league-phase-of-the-2026-27-uefa-conference-league,Will West Ham United qualify for the League Phase of the 2026-27 UEFA Conference League?,0xbc79053a1f7691b55171b4a210da33b3c3fba449c9df4fd954856635f8da0e8e,"[""54894379652853834326297942957419603346481276275403414881816173756537774757640"", ""33108900391203812803918822219418560079370282336069888352885661677363224124116""]",54894379652853834326297942957419603346481276275403414881816173756537774757640|33108900391203812803918822219418560079370282336069888352885661677363224124116,33108900391203812803918822219418560079370282336069888352885661677363224124116,No,False,,,,,,,,,,,,207.137
2026-08-01T01:24:43Z,EPL,333084,epl-team-to-qualify-for-uefa-conference-league,EPL: Team to qualify for UEFA Conference League,2026-04-01T17:27:13.650134Z,1818386,will-wolverhampton-wanderers-qualify-for-the-league-phase-of-the-2026-27-uefa-conference-league,Will Wolverhampton Wanderers qualify for the League Phase of the 2026-27 UEFA Conference League?,0x612a47d48e42fc85f4b3099edd0779c399e7393325bae5ef494fbec0b518be97,"[""39645891629689350247020865542579082583944711546641819664090458601825821008952"", ""27752113810792547257158395279414992925826179248970504390132410269490063597360""]",39645891629689350247020865542579082583944711546641819664090458601825821008952|27752113810792547257158395279414992925826179248970504390132410269490063597360,39645891629689350247020865542579082583944711546641819664090458601825821008952,Yes,False,,,,,,,,,,,,216.45
2026-08-01T01:24:43Z,EPL,333084,epl-team-to-qualify-for-uefa-conference-league,EPL: Team to qualify for UEFA Conference League,2026-04-01T17:27:13.650134Z,1818386,will-wolverhampton-wanderers-qualify-for-the-league-phase-of-the-2026-27-uefa-conference-league,Will Wolverhampton Wanderers qualify for the League Phase of the 2026-27 UEFA Conference League?,0x612a47d48e42fc85f4b3099edd0779c399e7393325bae5ef494fbec0b518be97,"[""39645891629689350247020865542579082583944711546641819664090458601825821008952"", ""27752113810792547257158395279414992925826179248970504390132410269490063597360""]",39645891629689350247020865542579082583944711546641819664090458601825821008952|27752113810792547257158395279414992925826179248970504390132410269490063597360,27752113810792547257158395279414992925826179248970504390132410269490063597360,No,False,,,,,,,,,,,,216.45
2026-08-01T01:24:43Z,EPL,435490,epl-2026-team-of-the-season,EPL: 2026 PFA Team of the Year,2026-05-01T16:17:58.439577Z,2127663,will-david-raya-be-named-to-the-2026-pfa-premier-league-team-of-the-year,Will David Raya be named to the 2026 PFA Premier League Team of the Year?,0x50561f0ac9fb48ce9b1dc8f78f84dea5e43d9d30bd507eb93fa57b11a996ffeb,"[""3488261232009523381576281256634840719226792569353110860105294590188599877555"", ""33896607823388600558222421347266613674976673770405419631622989961143438148884""]",3488261232009523381576281256634840719226792569353110860105294590188599877555|33896607823388600558222421347266613674976673770405419631622989961143438148884,3488261232009523381576281256634840719226792569353110860105294590188599877555,Yes,True,0.81,206.16,0.99,78.4,0.9,0.17999999999999994,d856173b12bdde623e0b01f35d2c195a115f0a64,0.01,5,,507.157,
2026-08-01T01:24:43Z,EPL,435490,epl-2026-team-of-the-season,EPL: 2026 PFA Team of the Year,2026-05-01T16:17:58.439577Z,2127663,will-david-raya-be-named-to-the-2026-pfa-premier-league-team-of-the-year,Will David Raya be named to the 2026 PFA Premier League Team of the Year?,0x50561f0ac9fb48ce9b1dc8f78f84dea5e43d9d30bd507eb93fa57b11a996ffeb,"[""3488261232009523381576281256634840719226792569353110860105294590188599877555"", ""33896607823388600558222421347266613674976673770405419631622989961143438148884""]",3488261232009523381576281256634840719226792569353110860105294590188599877555|33896607823388600558222421347266613674976673770405419631622989961143438148884,33896607823388600558222421347266613674976673770405419631622989961143438148884,No,True,0.01,78.4,0.19,206.16,0.1,0.18,d524fbfc917eca677aaf3357ae3e13d17f0af5d6,0.01,5,,507.157,
2026-08-01T01:24:43Z,EPL,435490,epl-2026-team-of-the-season,EPL: 2026 PFA Team of the Year,2026-05-01T16:17:58.439577Z,2127664,will-jordan-pickford-be-named-to-the-2026-pfa-premier-league-team-of-the-year,Will Jordan Pickford be named to the 2026 PFA Premier League Team of the Year?,0x206d3cf11b86b16708f160e1e5223e75f4f0b126fbfecb52300077792e4a978f,"[""69002409170326112222673578355907486486435514190626080376764720483535336436602"", ""29764786967669041151836718379664776749611256940389381248189333088896507813340""]",69002409170326112222673578355907486486435514190626080376764720483535336436602|29764786967669041151836718379664776749611256940389381248189333088896507813340,69002409170326112222673578355907486486435514190626080376764720483535336436602,Yes,True,,,0.09,11.82,,,ff0766d22f6bcfb2440bec8d387e5eb647abece0,0.01,5,,109.7862,11.82
2026-08-01T01:24:43Z,EPL,435490,epl-2026-team-of-the-season,EPL: 2026 PFA Team of the Year,2026-05-01T16:17:58.439577Z,2127664,will-jordan-pickford-be-named-to-the-2026-pfa-premier-league-team-of-the-year,Will Jordan Pickford be named to the 2026 PFA Premier League Team of the Year?,0x206d3cf11b86b16708f160e1e5223e75f4f0b126fbfecb52300077792e4a978f,"[""69002409170326112222673578355907486486435514190626080376764720483535336436602"", ""29764786967669041151836718379664776749611256940389381248189333088896507813340""]",69002409170326112222673578355907486486435514190626080376764720483535336436602|29764786967669041151836718379664776749611256940389381248189333088896507813340,29764786967669041151836718379664776749611256940389381248189333088896507813340,No,True,0.91,11.82,,,,,419b3b66e9ed6884574fa04950be44a8b50c8541,0.01,5,,109.7862,11.82
2026-08-01T01:24:43Z,EPL,435490,epl-2026-team-of-the-season,EPL: 2026 PFA Team of the Year,2026-05-01T16:17:58.439577Z,2127665,will-dean-henderson-be-named-to-the-2026-pfa-premier-league-team-of-the-year,Will Dean Henderson be named to the 2026 PFA Premier League Team of the Year?,0x67ebb7796df1324b1b084b0aaa59e3379513583ac93e3c8e968935e7dbb1f535,"[""77730449116026385251216021681478758817188404733132958155748625297475510396335"", ""86484569427189395298179892127162282618369840953731094949208918944830421003973""]",77730449116026385251216021681478758817188404733132958155748625297475510396335|86484569427189395298179892127162282618369840953731094949208918944830421003973,77730449116026385251216021681478758817188404733132958155748625297475510396335,Yes,True,0.01,78.4,0.1,107.68,0.055,0.09000000000000001,e0c3caa6e780767c2cd97b76055b03c5352b776e,0.01,5,,104.9995,
2026-08-01T01:24:43Z,EPL,435490,epl-2026-team-of-the-season,EPL: 2026 PFA Team of the Year,2026-05-01T16:17:58.439577Z,2127665,will-dean-henderson-be-named-to-the-2026-pfa-premier-league-team-of-the-year,Will Dean Henderson be named to the 2026 PFA Premier League Team of the Year?,0x67ebb7796df1324b1b084b0aaa59e3379513583ac93e3c8e968935e7dbb1f535,"[""77730449116026385251216021681478758817188404733132958155748625297475510396335"", ""86484569427189395298179892127162282618369840953731094949208918944830421003973""]",77730449116026385251216021681478758817188404733132958155748625297475510396335|86484569427189395298179892127162282618369840953731094949208918944830421003973,86484569427189395298179892127162282618369840953731094949208918944830421003973,No,True,0.9,107.68,0.99,78.4,0.9450000000000001,0.08999999999999997,ac13fd692aa4f031d9f0a2595fe414589270eaf8,0.01,5,,104.9995,
2026-08-01T01:24:43Z,EPL,435490,epl-2026-team-of-the-season,EPL: 2026 PFA Team of the Year,2026-05-01T16:17:58.439577Z,2127666,will-robin-roefs-be-named-to-the-2026-pfa-premier-league-team-of-the-year,Will Robin Roefs be named to the 2026 PFA Premier League Team of the Year?,0xdae0f14d1b5ea256638164c6578853226408702f44e238ca8fa692998fdc6332,"[""70182957445101902779363373709716695169810926012757858042099415085409463195888"", ""90699863564786576085723598309072905823666331748016080742800846290619606364496""]",70182957445101902779363373709716695169810926012757858042099415085409463195888|90699863564786576085723598309072905823666331748016080742800846290619606364496,70182957445101902779363373709716695169810926012757858042099415085409463195888,Yes,True,0.01,78.4,0.1,107.68,0.055,0.09000000000000001,c16718bce5147d0197721afe09efd9a76b8e7416,0.01,5,,108.0799,
2026-08-01T01:24:43Z,EPL,435490,epl-2026-team-of-the-season,EPL: 2026 PFA Team of the Year,2026-05-01T16:17:58.439577Z,2127666,will-robin-roefs-be-named-to-the-2026-pfa-premier-league-team-of-the-year,Will Robin Roefs be named to the 2026 PFA Premier League Team of the Year?,0xdae0f14d1b5ea256638164c6578853226408702f44e238ca8fa692998fdc6332,"[""70182957445101902779363373709716695169810926012757858042099415085409463195888"", ""90699863564786576085723598309072905823666331748016080742800846290619606364496""]",70182957445101902779363373709716695169810926012757858042099415085409463195888|90699863564786576085723598309072905823666331748016080742800846290619606364496,90699863564786576085723598309072905823666331748016080742800846290619606364496,No,True,0.9,107.68,0.99,78.4,0.9450000000000001,0.08999999999999997,9abf7f25d11108c9956746f5c86cbac778fc859b,0.01,5,,108.0799,
2026-08-01T01:24:43Z,EPL,435490,epl-2026-team-of-the-season,EPL: 2026 PFA Team of the Year,2026-05-01T16:17:58.439577Z,2127667,will-gianluigi-donnarumma-be-named-to-the-2026-pfa-premier-league-team-of-the-year,Will Gianluigi Donnarumma be named to the 2026 PFA Premier League Team of the Year?,0x322441734b9f23744de899e345ef48ec25e0055f8b1bfc19fe4612055a8ff2df,"[""65007673257262595676530056363240287641293306267550009290432560084643152028010"", ""97388027101380065799871752579213229783305736941572715830099055292320933629215""]",65007673257262595676530056363240287641293306267550009290432560084643152028010|97388027101380065799871752579213229783305736941572715830099055292320933629215,65007673257262595676530056363240287641293306267550009290432560084643152028010,Yes,True,0.01,78.4,0.2,10.0,0.10500000000000001,0.19,a309036974a00d1a129f6dc7eac1b10bc11c2c03,0.01,5,,11.0147,
2026-08-01T01:24:43Z,EPL,435490,epl-2026-team-of-the-season,EPL: 2026 PFA Team of the Year,2026-05-01T16:17:58.439577Z,2127667,will-gianluigi-donnarumma-be-named-to-the-2026-pfa-premier-league-team-of-the-year,Will Gianluigi Donnarumma be named to the 2026 PFA Premier League Team of the Year?,0x322441734b9f23744de899e345ef48ec25e0055f8b1bfc19fe4612055a8ff2df,"[""65007673257262595676530056363240287641293306267550009290432560084643152028010"", ""97388027101380065799871752579213229783305736941572715830099055292320933629215""]",65007673257262595676530056363240287641293306267550009290432560084643152028010|97388027101380065799871752579213229783305736941572715830099055292320933629215,97388027101380065799871752579213229783305736941572715830099055292320933629215,No,True,0.8,10.0,0.99,78.4,0.895,0.18999999999999995,a09505bd761a5aecdfe57fc63bd8db1b0d606d90,0.01,5,,11.0147,
2026-08-01T01:24:43Z,EPL,435490,epl-2026-team-of-the-season,EPL: 2026 PFA Team of the Year,2026-05-01T16:17:58.439577Z,2127668,will-jurrien-timber-be-named-to-the-2026-pfa-premier-league-team-of-the-year,Will Jurrien Timber be named to the 2026 PFA Premier League Team of the Year?,0x97ca47da99683bddec8036ce29388c2e400e7cecfea8ac4dbef54ac0791cc593,"[""58745854058166153005664210409408254918505117901359386106376082227012206838503"", ""43365583002812118163534009703280808191029196488960918105614424745527498298109""]",58745854058166153005664210409408254918505117901359386106376082227012206838503|43365583002812118163534009703280808191029196488960918105614424745527498298109,58745854058166153005664210409408254918505117901359386106376082227012206838503,Yes,True,0.01,78.4,0.66,7.96,0.335,0.65,1a5f1c52f2d4954d042f90cc4931133f4e05ab4d,0.01,5,,41.4239,
2026-08-01T01:24:43Z,EPL,435490,epl-2026-team-of-the-season,EPL: 2026 PFA Team of the Year,2026-05-01T16:17:58.439577Z,2127668,will-jurrien-timber-be-named-to-the-2026-pfa-premier-league-team-of-the-year,Will Jurrien Timber be named to the 2026 PFA Premier League Team of the Year?,0x97ca47da99683bddec8036ce29388c2e400e7cecfea8ac4dbef54ac0791cc593,"[""58745854058166153005664210409408254918505117901359386106376082227012206838503"", ""43365583002812118163534009703280808191029196488960918105614424745527498298109""]",58745854058166153005664210409408254918505117901359386106376082227012206838503|43365583002812118163534009703280808191029196488960918105614424745527498298109,43365583002812118163534009703280808191029196488960918105614424745527498298109,No,True,0.34,7.96,0.99,78.4,0.665,0.6499999999999999,030d46bed4045ae221d71e7f160a28f3a8880622,0.01,5,,41.4239,
2026-08-01T01:24:43Z,EPL,435490,epl-2026-team-of-the-season,EPL: 2026 PFA Team of the Year,2026-05-01T16:17:58.439577Z,2127669,will-matheus-nunes-be-named-to-the-2026-pfa-premier-league-team-of-the-year,Will Matheus Nunes be named to the 2026 PFA Premier League Team of the Year?,0x236166693870332c38cc1f290d2de8a00eafa1b78519182663a58811b1011705,"[""71852886829417081758693278389180020836881806315641141653569411011094941385487"", ""27873264127773337044236459909692649813557879461485496445916977915515730222703""]",71852886829417081758693278389180020836881806315641141653569411011094941385487|27873264127773337044236459909692649813557879461485496445916977915515730222703,71852886829417081758693278389180020836881806315641141653569411011094941385487,Yes,True,0.01,78.4,0.2,106.24,0.10500000000000001,0.19,d50a21d3c453f7c5581cc6c4af0ad97622870053,0.01,5,,222.4799,
2026-08-01T01:24:43Z,EPL,435490,epl-2026-team-of-the-season,EPL: 2026 PFA Team of the Year,2026-05-01T16:17:58.439577Z,2127669,will-matheus-nunes-be-named-to-the-2026-pfa-premier-league-team-of-the-year,Will Matheus Nunes be named to the 2026 PFA Premier League Team of the Year?,0x236166693870332c38cc1f290d2de8a00eafa1b78519182663a58811b1011705,"[""71852886829417081758693278389180020836881806315641141653569411011094941385487"", ""27873264127773337044236459909692649813557879461485496445916977915515730222703""]",71852886829417081758693278389180020836881806315641141653569411011094941385487|27873264127773337044236459909692649813557879461485496445916977915515730222703,27873264127773337044236459909692649813557879461485496445916977915515730222703,No,True,0.8,106.24,0.99,78.4,0.895,0.18999999999999995,95c995e848bc90ad309a960cd7f1a33e647a0930,0.01,5,,222.4799,
2026-08-01T01:24:43Z,EPL,435490,epl-2026-team-of-the-season,EPL: 2026 PFA Team of the Year,2026-05-01T16:17:58.439577Z,2127670,will-gabriel-magalhes-be-named-to-the-2026-pfa-premier-league-team-of-the-year,Will Gabriel Magalhães be named to the 2026 PFA Premier League Team of the Year?,0xd3d8a97f490967ba04bcf06a1f1fa0b8e14ff08f5f0781bccb14c7eb1cf34ca6,"[""112756383879220814577105643520650901454791316512357676513193784191480344438666"", ""7697378624768914483353901406042873706810082834244678754453720343911008090965""]",112756383879220814577105643520650901454791316512357676513193784191480344438666|7697378624768914483353901406042873706810082834244678754453720343911008090965,112756383879220814577105643520650901454791316512357676513193784191480344438666,Yes,True,0.8,5.62,0.97,10.64,0.885,0.16999999999999993,d1d85a7227015d8c29e60510bb0a85c8854d7d41,0.01,5,,579.8176,
2026-08-01T01:24:43Z,EPL,435490,epl-2026-team-of-the-season,EPL: 2026 PFA Team of the Year,2026-05-01T16:17:58.439577Z,2127670,will-gabriel-magalhes-be-named-to-the-2026-pfa-premier-league-team-of-the-year,Will Gabriel Magalhães be named to the 2026 PFA Premier League Team of the Year?,0xd3d8a97f490967ba04bcf06a1f1fa0b8e14ff08f5f0781bccb14c7eb1cf34ca6,"[""112756383879220814577105643520650901454791316512357676513193784191480344438666"", ""7697378624768914483353901406042873706810082834244678754453720343911008090965""]",112756383879220814577105643520650901454791316512357676513193784191480344438666|7697378624768914483353901406042873706810082834244678754453720343911008090965,7697378624768914483353901406042873706810082834244678754453720343911008090965,No,True,0.03,10.64,0.2,5.62,0.115,0.17,7274ae0ea22728334af633ae711c501def81ac20,0.01,5,,579.8176,
2026-08-01T01:24:43Z,EPL,435490,epl-2026-team-of-the-season,EPL: 2026 PFA Team of the Year,2026-05-01T16:17:58.439577Z,2127671,will-william-saliba-be-named-to-the-2026-pfa-premier-league-team-of-the-year,Will William Saliba be named to the 2026 PFA Premier League Team of the Year?,0xc344b5f7891b8617e7118aaa24bac3840a587691c1a36daa479a61de0b79bcb6,"[""47207660538745167295586664941849591121956044929877358537501900994850424263330"", ""105234782857798608331719124706582304874620432378282673665444164066431160124095""]",47207660538745167295586664941849591121956044929877358537501900994850424263330|105234782857798608331719124706582304874620432378282673665444164066431160124095,47207660538745167295586664941849591121956044929877358537501900994850424263330,Yes,True,0.48,10.0,0.96,6.04,0.72,0.48,950fd8ee5cf80d5fd284cedef4e27428b6e0eddc,0.01,5,,173.4438,
2026-08-01T01:24:43Z,EPL,435490,epl-2026-team-of-the-season,EPL: 2026 PFA Team of the Year,2026-05-01T16:17:58.439577Z,2127671,will-william-saliba-be-named-to-the-2026-pfa-premier-league-team-of-the-year,Will William Saliba be named to the 2026 PFA Premier League Team of the Year?,0xc344b5f7891b8617e7118aaa24bac3840a587691c1a36daa479a61de0b79bcb6,"[""47207660538745167295586664941849591121956044929877358537501900994850424263330"", ""105234782857798608331719124706582304874620432378282673665444164066431160124095""]",47207660538745167295586664941849591121956044929877358537501900994850424263330|105234782857798608331719124706582304874620432378282673665444164066431160124095,105234782857798608331719124706582304874620432378282673665444164066431160124095,No,True,0.04,6.04,0.52,10.0,0.28,0.48000000000000004,f98bb61e2d0a9f3c41cc937d2aec715646be0d5c,0.01,5,,173.4438,
2026-08-01T01:24:43Z,EPL,435490,epl-2026-team-of-the-season,EPL: 2026 PFA Team of the Year,2026-05-01T16:17:58.439577Z,2127672,will-marc-guehi-be-named-to-the-2026-pfa-premier-league-team-of-the-year,Will Marc Guehi be named to the 2026 PFA Premier League Team of the Year?,0x9a7829bcaf4bd65e903739dace6db739a8b68a396fd2c71a3d23d2a2cf2e88c5,"[""18774341203836696417330165615678664168245576790259527905518242337305438497157"", ""17833812615529939189123941305353432679112045501201563425472779980851390683424""]",18774341203836696417330165615678664168245576790259527905518242337305438497157|17833812615529939189123941305353432679112045501201563425472779980851390683424,18774341203836696417330165615678664168245576790259527905518242337305438497157,Yes,True,0.08,24.0,0.41,6.8,0.245,0.32999999999999996,e8e3a5b1663c4ab30d33fddcffc302d2cf36b806,0.01,5,,101.1477,
2026-08-01T01:24:43Z,EPL,435490,epl-2026-team-of-the-season,EPL: 2026 PFA Team of the Year,2026-05-01T16:17:58.439577Z,2127672,will-marc-guehi-be-named-to-the-2026-pfa-premier-league-team-of-the-year,Will Marc Guehi be named to the 2026 PFA Premier League Team of the Year?,0x9a7829bcaf4bd65e903739dace6db739a8b68a396fd2c71a3d23d2a2cf2e88c5,"[""18774341203836696417330165615678664168245576790259527905518242337305438497157"", ""17833812615529939189123941305353432679112045501201563425472779980851390683424""]",18774341203836696417330165615678664168245576790259527905518242337305438497157|17833812615529939189123941305353432679112045501201563425472779980851390683424,17833812615529939189123941305353432679112045501201563425472779980851390683424,No,True,0.59,6.8,0.92,24.0,0.755,0.33000000000000007,6b30cf49e8e24fdbaaeeac8c53077fdb12c08d2e,0.01,5,,101.1477,
2026-08-01T01:24:43Z,EPL,435490,epl-2026-team-of-the-season,EPL: 2026 PFA Team of the Year,2026-05-01T16:17:58.439577Z,2127673,will-virgil-van-dijk-be-named-to-the-2026-pfa-premier-league-team-of-the-year,Will Virgil van Dijk be named to the 2026 PFA Premier League Team of the Year?,0x644231d6b178ebd20f0ab0b061a790f9dee4479ce96ab40686c8ade6f50a0238,"[""31721429411257768645758803262981554412084956132795321375044902571901613004887"", ""113776996666262784023568460080999498147130358875198884777079734831639187945943""]",31721429411257768645758803262981554412084956132795321375044902571901613004887|113776996666262784023568460080999498147130358875198884777079734831639187945943,31721429411257768645758803262981554412084956132795321375044902571901613004887,Yes,True,0.01,78.4,0.19,999.99,0.1,0.18,c537a5825a70c18cf2740827d555ec927925c807,0.01,5,,957.8608,1.694914
2026-08-01T01:24:43Z,EPL,435490,epl-2026-team-of-the-season,EPL: 2026 PFA Team of the Year,2026-05-01T16:17:58.439577Z,2127673,will-virgil-van-dijk-be-named-to-the-2026-pfa-premier-league-team-of-the-year,Will Virgil van Dijk be named to the 2026 PFA Premier League Team of the Year?,0x644231d6b178ebd20f0ab0b061a790f9dee4479ce96ab40686c8ade6f50a0238,"[""31721429411257768645758803262981554412084956132795321375044902571901613004887"", ""113776996666262784023568460080999498147130358875198884777079734831639187945943""]",31721429411257768645758803262981554412084956132795321375044902571901613004887|113776996666262784023568460080999498147130358875198884777079734831639187945943,113776996666262784023568460080999498147130358875198884777079734831639187945943,No,True,0.81,999.99,0.99,78.4,0.9,0.17999999999999994,f78539bc383e8bed3ac556f5f99af6440fd11b67,0.01,5,,957.8608,1.694914
2026-08-01T01:24:43Z,EPL,435490,epl-2026-team-of-the-season,EPL: 2026 PFA Team of the Year,2026-05-01T16:17:58.439577Z,2127674,will-marc-cucurella-be-named-to-the-2026-pfa-premier-league-team-of-the-year,Will Marc Cucurella be named to the 2026 PFA Premier League Team of the Year?,0xe74cf34bab6946206532fd38cbf5a7eb4b346f7d13bffc6ae16eb3a69a4225d0,"[""59830425161161665808750586172447751894718446914006207206558327469584286337472"", ""85414521652635437338276097105191648874111759265882984452544936528659374053637""]",59830425161161665808750586172447751894718446914006207206558327469584286337472|85414521652635437338276097105191648874111759265882984452544936528659374053637,59830425161161665808750586172447751894718446914006207206558327469584286337472,Yes,True,0.07,25.7,0.41,6.8,0.24,0.33999999999999997,58da287c6a046cd5af0afb7a853661a0e93c4ab4,0.01,5,,99.4467,
2026-08-01T01:24:43Z,EPL,435490,epl-2026-team-of-the-season,EPL: 2026 PFA Team of the Year,2026-05-01T16:17:58.439577Z,2127674,will-marc-cucurella-be-named-to-the-2026-pfa-premier-league-team-of-the-year,Will Marc Cucurella be named to the 2026 PFA Premier League Team of the Year?,0xe74cf34bab6946206532fd38cbf5a7eb4b346f7d13bffc6ae16eb3a69a4225d0,"[""59830425161161665808750586172447751894718446914006207206558327469584286337472"", ""85414521652635437338276097105191648874111759265882984452544936528659374053637""]",59830425161161665808750586172447751894718446914006207206558327469584286337472|85414521652635437338276097105191648874111759265882984452544936528659374053637,85414521652635437338276097105191648874111759265882984452544936528659374053637,No,True,0.59,6.8,0.93,25.7,0.76,0.3400000000000001,21b789065ff9f92eddb202e32a524ef1fb51f31d,0.01,5,,99.4467,
2026-08-01T01:24:43Z,EPL,435490,epl-2026-team-of-the-season,EPL: 2026 PFA Team of the Year,2026-05-01T16:17:58.439577Z,2127675,will-piero-hincapie-be-named-to-the-2026-pfa-premier-league-team-of-the-year,Will Piero Hincapie be named to the 2026 PFA Premier League Team of the Year?,0x1d5d1e655085db69c387488aa7e661d4719bfa9c0bb392dd05652008c40b4a9a,"[""108011205392215304373394466135742493782019922749752404322686744906595861300763"", ""73789363813582664474158671396757087735667554782131752276569900280712319722369""]",108011205392215304373394466135742493782019922749752404322686744906595861300763|73789363813582664474158671396757087735667554782131752276569900280712319722369,108011205392215304373394466135742493782019922749752404322686744906595861300763,Yes,True,0.07,10.0,0.42,10.0,0.245,0.35,a386d26edbef16b980b72f6c3623fd96b268e9de,0.01,5,,14.2216,
2026-08-01T01:24:43Z,EPL,435490,epl-2026-team-of-the-season,EPL: 2026 PFA Team of the Year,2026-05-01T16:17:58.439577Z,2127675,will-piero-hincapie-be-named-to-the-2026-pfa-premier-league-team-of-the-year,Will Piero Hincapie be named to the 2026 PFA Premier League Team of the Year?,0x1d5d1e655085db69c387488aa7e661d4719bfa9c0bb392dd05652008c40b4a9a,"[""108011205392215304373394466135742493782019922749752404322686744906595861300763"", ""73789363813582664474158671396757087735667554782131752276569900280712319722369""]",108011205392215304373394466135742493782019922749752404322686744906595861300763|73789363813582664474158671396757087735667554782131752276569900280712319722369,73789363813582664474158671396757087735667554782131752276569900280712319722369,No,True,0.58,10.0,0.93,10.0,0.755,0.3500000000000001,9a629135e30b4991ace4805c039cbbee5639937a,0.01,5,,14.2216,
2026-08-01T01:24:43Z,EPL,435490,epl-2026-team-of-the-season,EPL: 2026 PFA Team of the Year,2026-05-01T16:17:58.439577Z,2127676,will-declan-rice-be-named-to-the-2026-pfa-premier-league-team-of-the-year,Will Declan Rice be named to the 2026 PFA Premier League Team of the Year?,0x898bbb37bb3e8e03480b52c31bc12b12019e84f4d4042d25622f9a9b9f1a21f2,"[""11523245240526311970979368164866348724509187066335918581337691503956313417913"", ""16544219157755328462914309364144553632877138543113142832790826044960896254419""]",11523245240526311970979368164866348724509187066335918581337691503956313417913|16544219157755328462914309364144553632877138543113142832790826044960896254419,11523245240526311970979368164866348724509187066335918581337691503956313417913,Yes,True,0.86,6.69,,,,,916dff479eba7d4147669f70b24cadf895df08b6,0.01,5,,1006.1713,59.044284000000005
2026-08-01T01:24:43Z,EPL,435490,epl-2026-team-of-the-season,EPL: 2026 PFA Team of the Year,2026-05-01T16:17:58.439577Z,2127676,will-declan-rice-be-named-to-the-2026-pfa-premier-league-team-of-the-year,Will Declan Rice be named to the 2026 PFA Premier League Team of the Year?,0x898bbb37bb3e8e03480b52c31bc12b12019e84f4d4042d25622f9a9b9f1a21f2,"[""11523245240526311970979368164866348724509187066335918581337691503956313417913"", ""16544219157755328462914309364144553632877138543113142832790826044960896254419""]",11523245240526311970979368164866348724509187066335918581337691503956313417913|16544219157755328462914309364144553632877138543113142832790826044960896254419,16544219157755328462914309364144553632877138543113142832790826044960896254419,No,True,,,0.14,6.69,,,9910428b0e24217a2d43f23521a53ec881449b06,0.01,5,,1006.1713,59.044284000000005
2026-08-01T01:24:43Z,EPL,435490,epl-2026-team-of-the-season,EPL: 2026 PFA Team of the Year,2026-05-01T16:17:58.439577Z,2127677,will-bruno-fernandes-be-named-to-the-2026-pfa-premier-league-team-of-the-year,Will Bruno Fernandes be named to the 2026 PFA Premier League Team of the Year?,0x679720492bcbff900bde0e29eb7e812c77909bccb3c32b79a3186fc1db03b854,"[""86859495495502891076141743940914617575208033060738396981338088715869715113963"", ""65620697419400192059458180949993387679798824363092322581187835468683093164088""]",86859495495502891076141743940914617575208033060738396981338088715869715113963|65620697419400192059458180949993387679798824363092322581187835468683093164088,86859495495502891076141743940914617575208033060738396981338088715869715113963,Yes,True,0.852,15.64,0.995,8.83,0.9235,0.14300000000000002,a8698f917411f37e08843c12d1e1b02747692d43,0.001,5,,2416.78727,450.10643600000003
2026-08-01T01:24:43Z,EPL,435490,epl-2026-team-of-the-season,EPL: 2026 PFA Team of the Year,2026-05-01T16:17:58.439577Z,2127677,will-bruno-fernandes-be-named-to-the-2026-pfa-premier-league-team-of-the-year,Will Bruno Fernandes be named to the 2026 PFA Premier League Team of the Year?,0x679720492bcbff900bde0e29eb7e812c77909bccb3c32b79a3186fc1db03b854,"[""86859495495502891076141743940914617575208033060738396981338088715869715113963"", ""65620697419400192059458180949993387679798824363092322581187835468683093164088""]",86859495495502891076141743940914617575208033060738396981338088715869715113963|65620697419400192059458180949993387679798824363092322581187835468683093164088,65620697419400192059458180949993387679798824363092322581187835468683093164088,No,True,0.005,8.83,0.148,15.64,0.0765,0.143,a8c451667d000c00eb202ce94ff3870e29bcfc83,0.001,5,,2416.78727,450.10643600000003
2026-08-01T01:24:43Z,EPL,435490,epl-2026-team-of-the-season,EPL: 2026 PFA Team of the Year,2026-05-01T16:17:58.439577Z,2127678,will-rodri-be-named-to-the-2026-pfa-premier-league-team-of-the-year,Will Rodri be named to the 2026 PFA Premier League Team of the Year?,0xf9de760ff713bdc5ebdc87ea4a88fb9423ef31bc59d2abb917df50b5b44482c1,"[""92734106880343514385310320083033583888695626897895802880610705682382451590633"", ""56976958810450515743106834354983994802402840862579527495329062688335275234740""]",92734106880343514385310320083033583888695626897895802880610705682382451590633|56976958810450515743106834354983994802402840862579527495329062688335275234740,92734106880343514385310320083033583888695626897895802880610705682382451590633,Yes,True,0.09,15.0,0.38,115.35,0.235,0.29000000000000004,17d4320502417fcc288d045c9f754525b11100d8,0.01,5,0.620,612.5072,263.475788
2026-08-01T01:24:43Z,EPL,435490,epl-2026-team-of-the-season,EPL: 2026 PFA Team of the Year,2026-05-01T16:17:58.439577Z,2127678,will-rodri-be-named-to-the-2026-pfa-premier-league-team-of-the-year,Will Rodri be named to the 2026 PFA Premier League Team of the Year?,0xf9de760ff713bdc5ebdc87ea4a88fb9423ef31bc59d2abb917df50b5b44482c1,"[""92734106880343514385310320083033583888695626897895802880610705682382451590633"", ""56976958810450515743106834354983994802402840862579527495329062688335275234740""]",92734106880343514385310320083033583888695626897895802880610705682382451590633|56976958810450515743106834354983994802402840862579527495329062688335275234740,56976958810450515743106834354983994802402840862579527495329062688335275234740,No,True,0.62,115.35,0.91,15.0,0.765,0.29000000000000004,d804e4ab7f71f61ba861d98727c07e06132ff3d2,0.01,5,0.620,612.5072,263.475788
2026-08-01T01:24:43Z,EPL,435490,epl-2026-team-of-the-season,EPL: 2026 PFA Team of the Year,2026-05-01T16:17:58.439577Z,2127679,will-rayan-cherki-be-named-to-the-2026-pfa-premier-league-team-of-the-year,Will Rayan Cherki be named to the 2026 PFA Premier League Team of the Year?,0xf1bef1d60925998b7577b014ea907965209b9045c197e79e77eb14439d7c431a,"[""44002481860388892740183335966007748831643129921411222940033401480764334836407"", ""47465498507287502475094187263593898643776563896680345103863507875745126656121""]",44002481860388892740183335966007748831643129921411222940033401480764334836407|47465498507287502475094187263593898643776563896680345103863507875745126656121,44002481860388892740183335966007748831643129921411222940033401480764334836407,Yes,True,0.4,100.0,0.79,15.18,0.595,0.39,9ab8275302150f21ff762e5e2aa4b0c5328e9e96,0.01,5,,70.2757,6.77966
2026-08-01T01:24:43Z,EPL,435490,epl-2026-team-of-the-season,EPL: 2026 PFA Team of the Year,2026-05-01T16:17:58.439577Z,2127679,will-rayan-cherki-be-named-to-the-2026-pfa-premier-league-team-of-the-year,Will Rayan Cherki be named to the 2026 PFA Premier League Team of the Year?,0xf1bef1d60925998b7577b014ea907965209b9045c197e79e77eb14439d7c431a,"[""44002481860388892740183335966007748831643129921411222940033401480764334836407"", ""47465498507287502475094187263593898643776563896680345103863507875745126656121""]",44002481860388892740183335966007748831643129921411222940033401480764334836407|47465498507287502475094187263593898643776563896680345103863507875745126656121,47465498507287502475094187263593898643776563896680345103863507875745126656121,No,True,0.21,15.18,0.6,100.0,0.40499999999999997,0.39,ef266e0c79acfa1768067ceda6379d3bbfc60574,0.01,5,,70.2757,6.77966
2026-08-01T01:24:43Z,EPL,435490,epl-2026-team-of-the-season,EPL: 2026 PFA Team of the Year,2026-05-01T16:17:58.439577Z,2127680,will-dominik-szoboszlai-be-named-to-the-2026-pfa-premier-league-team-of-the-year,Will Dominik Szoboszlai be named to the 2026 PFA Premier League Team of the Year?,0xd5a172faaf27f951f5bc5c2d19f18367ab85e9c963e7357a8433da84e895507e,"[""10904347939559348084889283384973600207001307228767801114856379948987944051302"", ""63514807846207217791796334733580770155958510280638850911506455990693175502240""]",10904347939559348084889283384973600207001307228767801114856379948987944051302|63514807846207217791796334733580770155958510280638850911506455990693175502240,10904347939559348084889283384973600207001307228767801114856379948987944051302,Yes,True,0.01,78.4,0.2,5.0,0.10500000000000001,0.19,851b94a6228cb7dca2e80b6d1f0de839d49f26c5,0.01,5,,7.0147,100
2026-08-01T01:24:43Z,EPL,435490,epl-2026-team-of-the-season,EPL: 2026 PFA Team of the Year,2026-05-01T16:17:58.439577Z,2127680,will-dominik-szoboszlai-be-named-to-the-2026-pfa-premier-league-team-of-the-year,Will Dominik Szoboszlai be named to the 2026 PFA Premier League Team of the Year?,0xd5a172faaf27f951f5bc5c2d19f18367ab85e9c963e7357a8433da84e895507e,"[""10904347939559348084889283384973600207001307228767801114856379948987944051302"", ""63514807846207217791796334733580770155958510280638850911506455990693175502240""]",10904347939559348084889283384973600207001307228767801114856379948987944051302|63514807846207217791796334733580770155958510280638850911506455990693175502240,63514807846207217791796334733580770155958510280638850911506455990693175502240,No,True,0.8,5.0,0.99,78.4,0.895,0.18999999999999995,a59d7ac12f93675179db1bd5c47d9ba638c1a098,0.01,5,,7.0147,100
2026-08-01T01:24:43Z,EPL,435490,epl-2026-team-of-the-season,EPL: 2026 PFA Team of the Year,2026-05-01T16:17:58.439577Z,2127681,will-moises-caicedo-be-named-to-the-2026-pfa-premier-league-team-of-the-year,Will Moises Caicedo be named to the 2026 PFA Premier League Team of the Year?,0x6a8a0e28a90c3880e21bb6de9eb98f12d5e81a8d88570a2c5b855ee60b6263ba,"[""13244409081849499988815460722411109697257731580831464114667102436005675343259"", ""41998463599395516608520033462694074004839767261466278584344671813809549672424""]",13244409081849499988815460722411109697257731580831464114667102436005675343259|41998463599395516608520033462694074004839767261466278584344671813809549672424,13244409081849499988815460722411109697257731580831464114667102436005675343259,Yes,True,0.01,78.4,0.31,7.22,0.16,0.3,8220fd7975c835d6493a22dd0a24899906630c34,0.01,5,,78.9124,
2026-08-01T01:24:43Z,EPL,435490,epl-2026-team-of-the-season,EPL: 2026 PFA Team of the Year,2026-05-01T16:17:58.439577Z,2127681,will-moises-caicedo-be-named-to-the-2026-pfa-premier-league-team-of-the-year,Will Moises Caicedo be named to the 2026 PFA Premier League Team of the Year?,0x6a8a0e28a90c3880e21bb6de9eb98f12d5e81a8d88570a2c5b855ee60b6263ba,"[""13244409081849499988815460722411109697257731580831464114667102436005675343259"", ""41998463599395516608520033462694074004839767261466278584344671813809549672424""]",13244409081849499988815460722411109697257731580831464114667102436005675343259|41998463599395516608520033462694074004839767261466278584344671813809549672424,41998463599395516608520033462694074004839767261466278584344671813809549672424,No,True,0.69,7.22,0.99,78.4,0.84,0.30000000000000004,64624617196cb982355195fe52b22833e2fc6205,0.01,5,,78.9124,
2026-08-01T01:24:43Z,EPL,435490,epl-2026-team-of-the-season,EPL: 2026 PFA Team of the Year,2026-05-01T16:17:58.439577Z,2127682,will-elliot-anderson-be-named-to-the-2026-pfa-premier-league-team-of-the-year,Will Elliot Anderson be named to the 2026 PFA Premier League Team of the Year?,0x3e7b9aff81e624e4f9ef7677696f2d4fae5837bdf83bd9ed2d62ec7a87aaf7a6,"[""2770428290325312677871192984476250158140993595717599201621714256969118294243"", ""87005572382727825804817777311897399081855387101457739624425019964385877189800""]",2770428290325312677871192984476250158140993595717599201621714256969118294243|87005572382727825804817777311897399081855387101457739624425019964385877189800,2770428290325312677871192984476250158140993595717599201621714256969118294243,Yes,True,0.27,8.58,0.43,7.18,0.35,0.15999999999999998,5979e23b8ff268d36e781c3a76ecc683c504c815,0.01,5,,107.8089,
2026-08-01T01:24:43Z,EPL,435490,epl-2026-team-of-the-season,EPL: 2026 PFA Team of the Year,2026-05-01T16:17:58.439577Z,2127682,will-elliot-anderson-be-named-to-the-2026-pfa-premier-league-team-of-the-year,Will Elliot Anderson be named to the 2026 PFA Premier League Team of the Year?,0x3e7b9aff81e624e4f9ef7677696f2d4fae5837bdf83bd9ed2d62ec7a87aaf7a6,"[""2770428290325312677871192984476250158140993595717599201621714256969118294243"", ""87005572382727825804817777311897399081855387101457739624425019964385877189800""]",2770428290325312677871192984476250158140993595717599201621714256969118294243|87005572382727825804817777311897399081855387101457739624425019964385877189800,87005572382727825804817777311897399081855387101457739624425019964385877189800,No,True,0.57,7.18,0.73,8.58,0.6499999999999999,0.16000000000000003,d43c79a128fa0eb489f3b1c7ca267a7ec70f0fec,0.01,5,,107.8089,
2026-08-01T01:24:43Z,EPL,435490,epl-2026-team-of-the-season,EPL: 2026 PFA Team of the Year,2026-05-01T16:17:58.439577Z,2127683,will-erling-haaland-be-named-to-the-2026-pfa-premier-league-team-of-the-year,Will Erling Haaland be named to the 2026 PFA Premier League Team of the Year?,0x0a3ee85120cf7d2febbaba00b787db1bd1fdc7f80f8277d89675736a430e2065,"[""36505760582912364024564187063352953937975349358323597571083864672476590879653"", ""36939641234709193046881505450280116016622287455799963152747536559103079527590""]",36505760582912364024564187063352953937975349358323597571083864672476590879653|36939641234709193046881505450280116016622287455799963152747536559103079527590,36505760582912364024564187063352953937975349358323597571083864672476590879653,Yes,True,0.84,305.94,0.97,11.02,0.905,0.13,c36219c9be4294be3d308efbd2129ffa82c56dc9,0.01,5,,476.6595,
2026-08-01T01:24:43Z,EPL,435490,epl-2026-team-of-the-season,EPL: 2026 PFA Team of the Year,2026-05-01T16:17:58.439577Z,2127683,will-erling-haaland-be-named-to-the-2026-pfa-premier-league-team-of-the-year,Will Erling Haaland be named to the 2026 PFA Premier League Team of the Year?,0x0a3ee85120cf7d2febbaba00b787db1bd1fdc7f80f8277d89675736a430e2065,"[""36505760582912364024564187063352953937975349358323597571083864672476590879653"", ""36939641234709193046881505450280116016622287455799963152747536559103079527590""]",36505760582912364024564187063352953937975349358323597571083864672476590879653|36939641234709193046881505450280116016622287455799963152747536559103079527590,36939641234709193046881505450280116016622287455799963152747536559103079527590,No,True,0.03,11.02,0.16,305.94,0.095,0.13,167e4992048997d378769a6340312f2cc122e170,0.01,5,,476.6595,
2026-08-01T01:24:43Z,EPL,435490,epl-2026-team-of-the-season,EPL: 2026 PFA Team of the Year,2026-05-01T16:17:58.439577Z,2127684,will-hugo-ekitike-be-named-to-the-2026-pfa-premier-league-team-of-the-year,Will Hugo Ekitike be named to the 2026 PFA Premier League Team of the Year?,0x3ac387fc809af29edadb0c1881ecd88319f8b4ebb5b0a89a77a84e85f4a2099c,"[""21160761171799050394335213154237360537464294007297740615880003417666696561468"", ""57509889980199562878580001207297131252053963359675973392844979135378456666743""]",21160761171799050394335213154237360537464294007297740615880003417666696561468|57509889980199562878580001207297131252053963359675973392844979135378456666743,21160761171799050394335213154237360537464294007297740615880003417666696561468,Yes,True,0.01,78.4,0.18,10.0,0.095,0.16999999999999998,70e72e1448a0d35cce5b432b36719b709e9ece75,0.01,5,,13.942,
2026-08-01T01:24:43Z,EPL,435490,epl-2026-team-of-the-season,EPL: 2026 PFA Team of the Year,2026-05-01T16:17:58.439577Z,2127684,will-hugo-ekitike-be-named-to-the-2026-pfa-premier-league-team-of-the-year,Will Hugo Ekitike be named to the 2026 PFA Premier League Team of the Year?,0x3ac387fc809af29edadb0c1881ecd88319f8b4ebb5b0a89a77a84e85f4a2099c,"[""21160761171799050394335213154237360537464294007297740615880003417666696561468"", ""57509889980199562878580001207297131252053963359675973392844979135378456666743""]",21160761171799050394335213154237360537464294007297740615880003417666696561468|57509889980199562878580001207297131252053963359675973392844979135378456666743,57509889980199562878580001207297131252053963359675973392844979135378456666743,No,True,0.82,10.0,0.99,78.4,0.905,0.17000000000000004,19579fee4f4f3f827624c2829ee179a7b3f5ba8b,0.01,5,,13.942,
2026-08-01T01:24:43Z,EPL,435490,epl-2026-team-of-the-season,EPL: 2026 PFA Team of the Year,2026-05-01T16:17:58.439577Z,2127685,will-igor-thiago-be-named-to-the-2026-pfa-premier-league-team-of-the-year,Will Igor Thiago be named to the 2026 PFA Premier League Team of the Year?,0x2565964258328ceff81b8dd027a9b4bfae11353bbfbb3e27625da025fffc2d97,"[""45116472354972988677943929968423217543948497597214084731838340702588569592863"", ""57509607526871690199395719807389480255858394821926865896302284337840164838738""]",45116472354972988677943929968423217543948497597214084731838340702588569592863|57509607526871690199395719807389480255858394821926865896302284337840164838738,45116472354972988677943929968423217543948497597214084731838340702588569592863,Yes,True,0.26,8.66,0.47,7.44,0.365,0.20999999999999996,e651bdc45e084f84e359eda709bb4d1bfb71daba,0.01,5,,111.9906,
2026-08-01T01:24:43Z,EPL,435490,epl-2026-team-of-the-season,EPL: 2026 PFA Team of the Year,2026-05-01T16:17:58.439577Z,2127685,will-igor-thiago-be-named-to-the-2026-pfa-premier-league-team-of-the-year,Will Igor Thiago be named to the 2026 PFA Premier League Team of the Year?,0x2565964258328ceff81b8dd027a9b4bfae11353bbfbb3e27625da025fffc2d97,"[""45116472354972988677943929968423217543948497597214084731838340702588569592863"", ""57509607526871690199395719807389480255858394821926865896302284337840164838738""]",45116472354972988677943929968423217543948497597214084731838340702588569592863|57509607526871690199395719807389480255858394821926865896302284337840164838738,57509607526871690199395719807389480255858394821926865896302284337840164838738,No,True,0.53,7.44,0.74,8.66,0.635,0.20999999999999996,c73dc9856e786b9974b54a756e04008bf53d3d07,0.01,5,,111.9906,
2026-08-01T01:24:43Z,EPL,435490,epl-2026-team-of-the-season,EPL: 2026 PFA Team of the Year,2026-05-01T16:17:58.439577Z,2127686,will-joo-pedro-be-named-to-the-2026-pfa-premier-league-team-of-the-year,Will João Pedro be named to the 2026 PFA Premier League Team of the Year?,0x6fce5bfb34549a3a2c919a87ed5948038ae259334b99c7626269b54b5aec2e0e,"[""32710637391248437289327028678783582535502723443825413307615920275857755767269"", ""76494283295406840675256483217001111989666469664619203128145658200939942333539""]",32710637391248437289327028678783582535502723443825413307615920275857755767269|76494283295406840675256483217001111989666469664619203128145658200939942333539,32710637391248437289327028678783582535502723443825413307615920275857755767269,Yes,True,0.01,78.4,0.18,69.39,0.095,0.16999999999999998,d78222d9f2c902199d51bba51c4c10d5afe17997,0.01,5,,59.4678,57.777776
2026-08-01T01:24:43Z,EPL,435490,epl-2026-team-of-the-season,EPL: 2026 PFA Team of the Year,2026-05-01T16:17:58.439577Z,2127686,will-joo-pedro-be-named-to-the-2026-pfa-premier-league-team-of-the-year,Will João Pedro be named to the 2026 PFA Premier League Team of the Year?,0x6fce5bfb34549a3a2c919a87ed5948038ae259334b99c7626269b54b5aec2e0e,"[""32710637391248437289327028678783582535502723443825413307615920275857755767269"", ""76494283295406840675256483217001111989666469664619203128145658200939942333539""]",32710637391248437289327028678783582535502723443825413307615920275857755767269|76494283295406840675256483217001111989666469664619203128145658200939942333539,76494283295406840675256483217001111989666469664619203128145658200939942333539,No,True,0.82,69.39,0.99,78.4,0.905,0.17000000000000004,dd2ffa960e2dd5aec5ca3556d80f3bd624e0432d,0.01,5,,59.4678,57.777776
2026-08-01T01:24:43Z,EPL,435490,epl-2026-team-of-the-season,EPL: 2026 PFA Team of the Year,2026-05-01T16:17:58.439577Z,2127687,will-morgan-rogers-be-named-to-the-2026-pfa-premier-league-team-of-the-year,Will Morgan Rogers be named to the 2026 PFA Premier League Team of the Year?,0x96b8591e61ab8153068ed93e54c013f0e6b89cea2aa4e133fdfd9dafcded9277,"[""35606525977135678474506342380680226214353069361032301286284296655225714906882"", ""21333608757853284524355908501060578820412665842300321107531640970971045399525""]",35606525977135678474506342380680226214353069361032301286284296655225714906882|21333608757853284524355908501060578820412665842300321107531640970971045399525,35606525977135678474506342380680226214353069361032301286284296655225714906882,Yes,True,0.01,78.4,0.72,10.0,0.365,0.71,b96f548ce745a72ef2e4e617b83f607d96e956ea,0.01,5,,5.5179,
2026-08-01T01:24:43Z,EPL,435490,epl-2026-team-of-the-season,EPL: 2026 PFA Team of the Year,2026-05-01T16:17:58.439577Z,2127687,will-morgan-rogers-be-named-to-the-2026-pfa-premier-league-team-of-the-year,Will Morgan Rogers be named to the 2026 PFA Premier League Team of the Year?,0x96b8591e61ab8153068ed93e54c013f0e6b89cea2aa4e133fdfd9dafcded9277,"[""35606525977135678474506342380680226214353069361032301286284296655225714906882"", ""21333608757853284524355908501060578820412665842300321107531640970971045399525""]",35606525977135678474506342380680226214353069361032301286284296655225714906882|21333608757853284524355908501060578820412665842300321107531640970971045399525,21333608757853284524355908501060578820412665842300321107531640970971045399525,No,True,0.28,10.0,0.99,78.4,0.635,0.71,60e1fa95faa44f940b95574e1251433be74564bd,0.01,5,,5.5179,
2026-08-01T01:24:43Z,EPL,435490,epl-2026-team-of-the-season,EPL: 2026 PFA Team of the Year,2026-05-01T16:17:58.439577Z,2127688,will-antoine-semenyo-be-named-to-the-2026-pfa-premier-league-team-of-the-year,Will Antoine Semenyo be named to the 2026 PFA Premier League Team of the Year?,0x1220c8ad3de1b3e3a079e832ec53f3cd4c3f014685820c7364e6feeec413e4d8,"[""76296603541032491222249921378613877627058194760954506807014743183408941333618"", ""21304560232739094042644316740439641499393814233414419162298081903469670924441""]",76296603541032491222249921378613877627058194760954506807014743183408941333618|21304560232739094042644316740439641499393814233414419162298081903469670924441,76296603541032491222249921378613877627058194760954506807014743183408941333618,Yes,True,0.18,9.26,0.59,7.86,0.385,0.41,7a1e0248c572a457b7cb0c6ff8f37ed5ab8aa09c,0.01,5,,237.6549,2.08165
2026-08-01T01:24:43Z,EPL,435490,epl-2026-team-of-the-season,EPL: 2026 PFA Team of the Year,2026-05-01T16:17:58.439577Z,2127688,will-antoine-semenyo-be-named-to-the-2026-pfa-premier-league-team-of-the-year,Will Antoine Semenyo be named to the 2026 PFA Premier League Team of the Year?,0x1220c8ad3de1b3e3a079e832ec53f3cd4c3f014685820c7364e6feeec413e4d8,"[""76296603541032491222249921378613877627058194760954506807014743183408941333618"", ""21304560232739094042644316740439641499393814233414419162298081903469670924441""]",76296603541032491222249921378613877627058194760954506807014743183408941333618|21304560232739094042644316740439641499393814233414419162298081903469670924441,21304560232739094042644316740439641499393814233414419162298081903469670924441,No,True,0.41,7.86,0.82,9.26,0.615,0.41,cdeda308ab863db71735bd66557df8e0414a3c8c,0.01,5,,237.6549,2.08165
2026-08-01T01:24:43Z,EPL,435490,epl-2026-team-of-the-season,EPL: 2026 PFA Team of the Year,2026-05-01T16:17:58.439577Z,2127689,will-jeremy-doku-be-named-to-the-2026-pfa-premier-league-team-of-the-year,Will Jeremy Doku be named to the 2026 PFA Premier League Team of the Year?,0xa879be670c7ecf3087a8bf9fc8cf43b4e415502e71e7910dd63ac8f80a56d87b,"[""3879696626646145930128886354978365884788235204398514844964568164322230593973"", ""79551627668553765432569263846776420950508270405186694496807348421004929288226""]",3879696626646145930128886354978365884788235204398514844964568164322230593973|79551627668553765432569263846776420950508270405186694496807348421004929288226,3879696626646145930128886354978365884788235204398514844964568164322230593973,Yes,True,0.01,78.4,0.26,6.74,0.135,0.25,31afde3cd26b2cec79d68512d504140978840a78,0.01,5,,811.455,
2026-08-01T01:24:43Z,EPL,435490,epl-2026-team-of-the-season,EPL: 2026 PFA Team of the Year,2026-05-01T16:17:58.439577Z,2127689,will-jeremy-doku-be-named-to-the-2026-pfa-premier-league-team-of-the-year,Will Jeremy Doku be named to the 2026 PFA Premier League Team of the Year?,0xa879be670c7ecf3087a8bf9fc8cf43b4e415502e71e7910dd63ac8f80a56d87b,"[""3879696626646145930128886354978365884788235204398514844964568164322230593973"", ""79551627668553765432569263846776420950508270405186694496807348421004929288226""]",3879696626646145930128886354978365884788235204398514844964568164322230593973|79551627668553765432569263846776420950508270405186694496807348421004929288226,79551627668553765432569263846776420950508270405186694496807348421004929288226,No,True,0.74,6.74,0.99,78.4,0.865,0.25,f691b80c9ba15d6e27f0b0ae5c5b0e39048ceb77,0.01,5,,811.455,
2026-08-01T01:24:43Z,EPL,435490,epl-2026-team-of-the-season,EPL: 2026 PFA Team of the Year,2026-05-01T16:17:58.439577Z,2127690,will-bryan-mbeumo-be-named-to-the-2026-pfa-premier-league-team-of-the-year,Will Bryan Mbeumo be named to the 2026 PFA Premier League Team of the Year?,0xbc5c1fe3e7dd57070ca528cd85b158334b7aa9ee0c87b22c861586f82f115f53,"[""91785058119765698978951103847186849259631214663163177270696303972172010570357"", ""57423228513700841810717133678013622282899538997222385821885417665448518434118""]",91785058119765698978951103847186849259631214663163177270696303972172010570357|57423228513700841810717133678013622282899538997222385821885417665448518434118,91785058119765698978951103847186849259631214663163177270696303972172010570357,Yes,True,0.05,20.0,0.36,6.6,0.205,0.31,120ac273fa3e5f57a23d8a1d48b9a1c02848b631,0.01,5,,70.7916,
2026-08-01T01:24:43Z,EPL,435490,epl-2026-team-of-the-season,EPL: 2026 PFA Team of the Year,2026-05-01T16:17:58.439577Z,2127690,will-bryan-mbeumo-be-named-to-the-2026-pfa-premier-league-team-of-the-year,Will Bryan Mbeumo be named to the 2026 PFA Premier League Team of the Year?,0xbc5c1fe3e7dd57070ca528cd85b158334b7aa9ee0c87b22c861586f82f115f53,"[""91785058119765698978951103847186849259631214663163177270696303972172010570357"", ""57423228513700841810717133678013622282899538997222385821885417665448518434118""]",91785058119765698978951103847186849259631214663163177270696303972172010570357|57423228513700841810717133678013622282899538997222385821885417665448518434118,57423228513700841810717133678013622282899538997222385821885417665448518434118,No,True,0.64,6.6,0.95,20.0,0.7949999999999999,0.30999999999999994,a5a7028fcaec90239da98028fec44dfc4d91135b,0.01,5,,70.7916,
2026-08-01T01:24:43Z,EPL,435490,epl-2026-team-of-the-season,EPL: 2026 PFA Team of the Year,2026-05-01T16:17:58.439577Z,2127691,will-jarrod-bowen-be-named-to-the-2026-pfa-premier-league-team-of-the-year,Will Jarrod Bowen be named to the 2026 PFA Premier League Team of the Year?,0x7352d3b05ddd64c22487c855e05c0485348e49d0dad74d9bde2c0478db43701e,"[""72676667720459668200165137999841534576126998576490942457742996617745849748718"", ""93972487936526721423770075279455909737407561133246099106446256232697159064557""]",72676667720459668200165137999841534576126998576490942457742996617745849748718|93972487936526721423770075279455909737407561133246099106446256232697159064557,72676667720459668200165137999841534576126998576490942457742996617745849748718,Yes,True,0.01,78.4,0.1,117.68,0.055,0.09000000000000001,ca0df5830ef5adf323839812be51ec643dfb5e36,0.01,5,,110.8594,
2026-08-01T01:24:43Z,EPL,435490,epl-2026-team-of-the-season,EPL: 2026 PFA Team of the Year,2026-05-01T16:17:58.439577Z,2127691,will-jarrod-bowen-be-named-to-the-2026-pfa-premier-league-team-of-the-year,Will Jarrod Bowen be named to the 2026 PFA Premier League Team of the Year?,0x7352d3b05ddd64c22487c855e05c0485348e49d0dad74d9bde2c0478db43701e,"[""72676667720459668200165137999841534576126998576490942457742996617745849748718"", ""93972487936526721423770075279455909737407561133246099106446256232697159064557""]",72676667720459668200165137999841534576126998576490942457742996617745849748718|93972487936526721423770075279455909737407561133246099106446256232697159064557,93972487936526721423770075279455909737407561133246099106446256232697159064557,No,True,0.9,117.68,0.99,78.4,0.9450000000000001,0.08999999999999997,333e8b62065740c8f6620bf7a3463db41e37e1ca,0.01,5,,110.8594,
2026-08-01T01:24:43Z,EPL,435490,epl-2026-team-of-the-season,EPL: 2026 PFA Team of the Year,2026-05-01T16:17:58.439577Z,2127692,will-phil-foden-be-named-to-the-2026-pfa-premier-league-team-of-the-year,Will Phil Foden be named to the 2026 PFA Premier League Team of the Year?,0x0f4085f5c4961b9029c600d4f976d0594a302e9f365552b48f500b655f2ac4fa,"[""8033894410953638407847681522327346336043237396295679948351222439635117761656"", ""89182645560093896409280692775338915223534298743660692930735700909064064285484""]",8033894410953638407847681522327346336043237396295679948351222439635117761656|89182645560093896409280692775338915223534298743660692930735700909064064285484,8033894410953638407847681522327346336043237396295679948351222439635117761656,Yes,True,0.02,28.13,0.19,10.0,0.105,0.17,b42b45f4763334f392dae62e8be75b2b6e0f3303,0.01,5,,151.9174,
2026-08-01T01:24:43Z,EPL,435490,epl-2026-team-of-the-season,EPL: 2026 PFA Team of the Year,2026-05-01T16:17:58.439577Z,2127692,will-phil-foden-be-named-to-the-2026-pfa-premier-league-team-of-the-year,Will Phil Foden be named to the 2026 PFA Premier League Team of the Year?,0x0f4085f5c4961b9029c600d4f976d0594a302e9f365552b48f500b655f2ac4fa,"[""8033894410953638407847681522327346336043237396295679948351222439635117761656"", ""89182645560093896409280692775338915223534298743660692930735700909064064285484""]",8033894410953638407847681522327346336043237396295679948351222439635117761656|89182645560093896409280692775338915223534298743660692930735700909064064285484,89182645560093896409280692775338915223534298743660692930735700909064064285484,No,True,0.81,10.0,0.98,28.13,0.895,0.16999999999999993,46711ba1222fd4b73b7b2883517f02022cff2efa,0.01,5,,151.9174,
2026-08-01T01:24:43Z,EPL,435490,epl-2026-team-of-the-season,EPL: 2026 PFA Team of the Year,2026-05-01T16:17:58.439577Z,2127693,will-bukayo-saka-be-named-to-the-2026-pfa-premier-league-team-of-the-year,Will Bukayo Saka be named to the 2026 PFA Premier League Team of the Year?,0xb31d5274c8acbc2b023593c03fe1cb6367f42a9596ebb5d61b3204457b980730,"[""3899512605908669133631802955015968710467998848723391934123440957914049621850"", ""50079801685037680014087676599806731271595381000363699907442053815397821742247""]",3899512605908669133631802955015968710467998848723391934123440957914049621850|50079801685037680014087676599806731271595381000363699907442053815397821742247,3899512605908669133631802955015968710467998848723391934123440957914049621850,Yes,True,0.38,7.98,0.75,15.7,0.565,0.37,6bced0cbe6cd826b6830e2b084b536a14fbd8d0b,0.01,5,,79.2091,46.51335400000001
2026-08-01T01:24:43Z,EPL,435490,epl-2026-team-of-the-season,EPL: 2026 PFA Team of the Year,2026-05-01T16:17:58.439577Z,2127693,will-bukayo-saka-be-named-to-the-2026-pfa-premier-league-team-of-the-year,Will Bukayo Saka be named to the 2026 PFA Premier League Team of the Year?,0xb31d5274c8acbc2b023593c03fe1cb6367f42a9596ebb5d61b3204457b980730,"[""3899512605908669133631802955015968710467998848723391934123440957914049621850"", ""50079801685037680014087676599806731271595381000363699907442053815397821742247""]",3899512605908669133631802955015968710467998848723391934123440957914049621850|50079801685037680014087676599806731271595381000363699907442053815397821742247,50079801685037680014087676599806731271595381000363699907442053815397821742247,No,True,0.25,15.7,0.62,7.98,0.435,0.37,48553fdebdd07fdadac57a8d6273734fe6838adf,0.01,5,,79.2091,46.51335400000001
2026-08-01T01:24:43Z,EPL,741502,epl-will-jeff-bezos-be-announced-as-new-liverpool-owner-in-2026-20260722181029339,EPL: Will Jeff Bezos Be Announced as New Liverpool Owner in 2026?,2026-07-24T02:09:07.515064Z,3075557,epl-will-jeff-bezos-be-announced-as-new-liverpool-owner-in-2026-20260722181029339,EPL: Will Jeff Bezos Be Announced as New Liverpool Owner in 2026?,0xf80b06a0af0b0d125260dd874181f7719b744202726b1261630c1e6f47d194b2,"[""111441089755454304558071463386774833085904282688880366696455604871865425149250"", ""96618024647558019955854864607964662434776153113184066607977558350988819171463""]",111441089755454304558071463386774833085904282688880366696455604871865425149250|96618024647558019955854864607964662434776153113184066607977558350988819171463,111441089755454304558071463386774833085904282688880366696455604871865425149250,Yes,True,0.05,31.59,0.38,40.0,0.215,0.33,cac7921be2576dab848ed6526437ecbbbf223714,0.01,5,0.840,80.4115,2530.877093
2026-08-01T01:24:43Z,EPL,741502,epl-will-jeff-bezos-be-announced-as-new-liverpool-owner-in-2026-20260722181029339,EPL: Will Jeff Bezos Be Announced as New Liverpool Owner in 2026?,2026-07-24T02:09:07.515064Z,3075557,epl-will-jeff-bezos-be-announced-as-new-liverpool-owner-in-2026-20260722181029339,EPL: Will Jeff Bezos Be Announced as New Liverpool Owner in 2026?,0xf80b06a0af0b0d125260dd874181f7719b744202726b1261630c1e6f47d194b2,"[""111441089755454304558071463386774833085904282688880366696455604871865425149250"", ""96618024647558019955854864607964662434776153113184066607977558350988819171463""]",111441089755454304558071463386774833085904282688880366696455604871865425149250|96618024647558019955854864607964662434776153113184066607977558350988819171463,96618024647558019955854864607964662434776153113184066607977558350988819171463,No,True,0.62,40.0,0.95,31.59,0.7849999999999999,0.32999999999999996,4598db628291d11d6518d7cdae78ec340dc017c3,0.01,5,0.840,80.4115,2530.877093
2026-08-01T04:48:16Z,EPL,333084,epl-team-to-qualify-for-uefa-conference-league,EPL: Team to qualify for UEFA Conference League,2026-04-01T17:27:13.650134Z,1818367,will-arsenal-qualify-for-the-league-phase-of-the-2026-27-uefa-conference-league,Will Arsenal qualify for the League Phase of the 2026-27 UEFA Conference League?,0xe303639e6e879ac5dac9632362583523a2c1ff1ac46645f45fd5c1e7034b3ef7,"[""68901380712839851395966644282518000143877097473327410904576810621084636054002"", ""14101352633367703776049560107649243928150035657062243340231594815518398887879""]",68901380712839851395966644282518000143877097473327410904576810621084636054002|14101352633367703776049560107649243928150035657062243340231594815518398887879,68901380712839851395966644282518000143877097473327410904576810621084636054002,Yes,False,,,,,,,,,,,,467.35890000000006
2026-08-01T04:48:16Z,EPL,333084,epl-team-to-qualify-for-uefa-conference-league,EPL: Team to qualify for UEFA Conference League,2026-04-01T17:27:13.650134Z,1818367,will-arsenal-qualify-for-the-league-phase-of-the-2026-27-uefa-conference-league,Will Arsenal qualify for the League Phase of the 2026-27 UEFA Conference League?,0xe303639e6e879ac5dac9632362583523a2c1ff1ac46645f45fd5c1e7034b3ef7,"[""68901380712839851395966644282518000143877097473327410904576810621084636054002"", ""14101352633367703776049560107649243928150035657062243340231594815518398887879""]",68901380712839851395966644282518000143877097473327410904576810621084636054002|14101352633367703776049560107649243928150035657062243340231594815518398887879,14101352633367703776049560107649243928150035657062243340231594815518398887879,No,False,,,,,,,,,,,,467.35890000000006
2026-08-01T04:48:16Z,EPL,333084,epl-team-to-qualify-for-uefa-conference-league,EPL: Team to qualify for UEFA Conference League,2026-04-01T17:27:13.650134Z,1818368,will-aston-villa-qualify-for-the-league-phase-of-the-2026-27-uefa-conference-league,Will Aston Villa qualify for the League Phase of the 2026-27 UEFA Conference League?,0x28177c964d8b9d218ddc13dac289b4d63545aec7329fb69b12413e1a10a75457,"[""31823132354185101528875214330987706903655516243832510690074648671327601851551"", ""24610182176230826024523430019874907375950075107195029433984156474474467506756""]",31823132354185101528875214330987706903655516243832510690074648671327601851551|24610182176230826024523430019874907375950075107195029433984156474474467506756,31823132354185101528875214330987706903655516243832510690074648671327601851551,Yes,False,,,,,,,,,,,,118.34
2026-08-01T04:48:16Z,EPL,333084,epl-team-to-qualify-for-uefa-conference-league,EPL: Team to qualify for UEFA Conference League,2026-04-01T17:27:13.650134Z,1818368,will-aston-villa-qualify-for-the-league-phase-of-the-2026-27-uefa-conference-league,Will Aston Villa qualify for the League Phase of the 2026-27 UEFA Conference League?,0x28177c964d8b9d218ddc13dac289b4d63545aec7329fb69b12413e1a10a75457,"[""31823132354185101528875214330987706903655516243832510690074648671327601851551"", ""24610182176230826024523430019874907375950075107195029433984156474474467506756""]",31823132354185101528875214330987706903655516243832510690074648671327601851551|24610182176230826024523430019874907375950075107195029433984156474474467506756,24610182176230826024523430019874907375950075107195029433984156474474467506756,No,False,,,,,,,,,,,,118.34
2026-08-01T04:48:16Z,EPL,333084,epl-team-to-qualify-for-uefa-conference-league,EPL: Team to qualify for UEFA Conference League,2026-04-01T17:27:13.650134Z,1818369,will-bournemouth-qualify-for-the-league-phase-of-the-2026-27-uefa-conference-league,Will Bournemouth qualify for the League Phase of the 2026-27 UEFA Conference League?,0x767a11689ea743287c46af43309a57c52055b201a44546f1151ebe770848a4c2,"[""51037068800800327301977700578792391802166844203670527997794112211084782282749"", ""49880512765242008305101129568216821495775216606287544487246019230820484318812""]",51037068800800327301977700578792391802166844203670527997794112211084782282749|49880512765242008305101129568216821495775216606287544487246019230820484318812,51037068800800327301977700578792391802166844203670527997794112211084782282749,Yes,False,,,,,,,,,,,,104.230768
2026-08-01T04:48:16Z,EPL,333084,epl-team-to-qualify-for-uefa-conference-league,EPL: Team to qualify for UEFA Conference League,2026-04-01T17:27:13.650134Z,1818369,will-bournemouth-qualify-for-the-league-phase-of-the-2026-27-uefa-conference-league,Will Bournemouth qualify for the League Phase of the 2026-27 UEFA Conference League?,0x767a11689ea743287c46af43309a57c52055b201a44546f1151ebe770848a4c2,"[""51037068800800327301977700578792391802166844203670527997794112211084782282749"", ""49880512765242008305101129568216821495775216606287544487246019230820484318812""]",51037068800800327301977700578792391802166844203670527997794112211084782282749|49880512765242008305101129568216821495775216606287544487246019230820484318812,49880512765242008305101129568216821495775216606287544487246019230820484318812,No,False,,,,,,,,,,,,104.230768
2026-08-01T04:48:16Z,EPL,333084,epl-team-to-qualify-for-uefa-conference-league,EPL: Team to qualify for UEFA Conference League,2026-04-01T17:27:13.650134Z,1818370,will-brentford-qualify-for-the-league-phase-of-the-2026-27-uefa-conference-league,Will Brentford qualify for the League Phase of the 2026-27 UEFA Conference League?,0x0389abffb5ab63bd6aa4c5a51d9d3aa9448f20cd4ce3aa635fefd2f2349c3a31,"[""28387783984422789854592851598345905688234938653031916751801472369971729754741"", ""114832188258694701659066568174555689813627221405189198849646410747085620840644""]",28387783984422789854592851598345905688234938653031916751801472369971729754741|114832188258694701659066568174555689813627221405189198849646410747085620840644,28387783984422789854592851598345905688234938653031916751801472369971729754741,Yes,False,,,,,,,,,,,,65
2026-08-01T04:48:16Z,EPL,333084,epl-team-to-qualify-for-uefa-conference-league,EPL: Team to qualify for UEFA Conference League,2026-04-01T17:27:13.650134Z,1818370,will-brentford-qualify-for-the-league-phase-of-the-2026-27-uefa-conference-league,Will Brentford qualify for the League Phase of the 2026-27 UEFA Conference League?,0x0389abffb5ab63bd6aa4c5a51d9d3aa9448f20cd4ce3aa635fefd2f2349c3a31,"[""28387783984422789854592851598345905688234938653031916751801472369971729754741"", ""114832188258694701659066568174555689813627221405189198849646410747085620840644""]",28387783984422789854592851598345905688234938653031916751801472369971729754741|114832188258694701659066568174555689813627221405189198849646410747085620840644,114832188258694701659066568174555689813627221405189198849646410747085620840644,No,False,,,,,,,,,,,,65
2026-08-01T04:48:16Z,EPL,333084,epl-team-to-qualify-for-uefa-conference-league,EPL: Team to qualify for UEFA Conference League,2026-04-01T17:27:13.650134Z,1818371,will-brighton-hove-albion-qualify-for-the-league-phase-of-the-2026-27-uefa-conference-league,Will Brighton & Hove Albion qualify for the League Phase of the 2026-27 UEFA Conference League?,0x4e11ad07550e879b771bb74aa2ac543182c0b555f4fd86aaa8c9818d64b91f25,"[""91139930726622392742704198140499166850579482457098783277042371092513674941494"", ""75555949500072945185762043512718261040129266196955015758692797567174442576587""]",91139930726622392742704198140499166850579482457098783277042371092513674941494|75555949500072945185762043512718261040129266196955015758692797567174442576587,91139930726622392742704198140499166850579482457098783277042371092513674941494,Yes,True,0.403,8.7,0.943,10.0,0.673,0.5399999999999999,0fa6b5c543b441f38958e6986c48d88751013d4c,0.001,5,0.900,165.98581,1233.969486
2026-08-01T04:48:16Z,EPL,333084,epl-team-to-qualify-for-uefa-conference-league,EPL: Team to qualify for UEFA Conference League,2026-04-01T17:27:13.650134Z,1818371,will-brighton-hove-albion-qualify-for-the-league-phase-of-the-2026-27-uefa-conference-league,Will Brighton & Hove Albion qualify for the League Phase of the 2026-27 UEFA Conference League?,0x4e11ad07550e879b771bb74aa2ac543182c0b555f4fd86aaa8c9818d64b91f25,"[""91139930726622392742704198140499166850579482457098783277042371092513674941494"", ""75555949500072945185762043512718261040129266196955015758692797567174442576587""]",91139930726622392742704198140499166850579482457098783277042371092513674941494|75555949500072945185762043512718261040129266196955015758692797567174442576587,75555949500072945185762043512718261040129266196955015758692797567174442576587,No,True,0.057,10.0,0.597,8.7,0.327,0.5399999999999999,606f582f8dbf8ea45f97db6f9e1d8e8a8b63a8e8,0.001,5,0.900,165.98581,1233.969486
2026-08-01T04:48:16Z,EPL,333084,epl-team-to-qualify-for-uefa-conference-league,EPL: Team to qualify for UEFA Conference League,2026-04-01T17:27:13.650134Z,1818372,will-chelsea-qualify-for-the-league-phase-of-the-2026-27-uefa-conference-league,Will Chelsea qualify for the League Phase of the 2026-27 UEFA Conference League?,0xa0a419e4b455bbeb1ac06050bf572bbf636c70dc688f201eda6beb257e0ecccf,"[""24304404136401853611354679156736471836167449603878002382670170418575244748347"", ""34932573794344542041315686660932662303391519134203250572504686994553601884919""]",24304404136401853611354679156736471836167449603878002382670170418575244748347|34932573794344542041315686660932662303391519134203250572504686994553601884919,24304404136401853611354679156736471836167449603878002382670170418575244748347,Yes,False,,,,,,,,,,,,193.140308
2026-08-01T04:48:16Z,EPL,333084,epl-team-to-qualify-for-uefa-conference-league,EPL: Team to qualify for UEFA Conference League,2026-04-01T17:27:13.650134Z,1818372,will-chelsea-qualify-for-the-league-phase-of-the-2026-27-uefa-conference-league,Will Chelsea qualify for the League Phase of the 2026-27 UEFA Conference League?,0xa0a419e4b455bbeb1ac06050bf572bbf636c70dc688f201eda6beb257e0ecccf,"[""24304404136401853611354679156736471836167449603878002382670170418575244748347"", ""34932573794344542041315686660932662303391519134203250572504686994553601884919""]",24304404136401853611354679156736471836167449603878002382670170418575244748347|34932573794344542041315686660932662303391519134203250572504686994553601884919,34932573794344542041315686660932662303391519134203250572504686994553601884919,No,False,,,,,,,,,,,,193.140308
2026-08-01T04:48:16Z,EPL,333084,epl-team-to-qualify-for-uefa-conference-league,EPL: Team to qualify for UEFA Conference League,2026-04-01T17:27:13.650134Z,1818373,will-crystal-palace-qualify-for-the-league-phase-of-the-2026-27-uefa-conference-league,Will Crystal Palace qualify for the League Phase of the 2026-27 UEFA Conference League?,0x7fcff1b74a273c0e48b01dafa03fd994fc6d6a80faf2f401808a1f7c906231e2,"[""83595360800340582836220415327748792858014632655765677024450652227649872829217"", ""8722778550304158158775908112102831721712668882628498669387415627760731221547""]",83595360800340582836220415327748792858014632655765677024450652227649872829217|8722778550304158158775908112102831721712668882628498669387415627760731221547,83595360800340582836220415327748792858014632655765677024450652227649872829217,Yes,False,,,,,,,,,,,,55.10415
2026-08-01T04:48:16Z,EPL,333084,epl-team-to-qualify-for-uefa-conference-league,EPL: Team to qualify for UEFA Conference League,2026-04-01T17:27:13.650134Z,1818373,will-crystal-palace-qualify-for-the-league-phase-of-the-2026-27-uefa-conference-league,Will Crystal Palace qualify for the League Phase of the 2026-27 UEFA Conference League?,0x7fcff1b74a273c0e48b01dafa03fd994fc6d6a80faf2f401808a1f7c906231e2,"[""83595360800340582836220415327748792858014632655765677024450652227649872829217"", ""8722778550304158158775908112102831721712668882628498669387415627760731221547""]",83595360800340582836220415327748792858014632655765677024450652227649872829217|8722778550304158158775908112102831721712668882628498669387415627760731221547,8722778550304158158775908112102831721712668882628498669387415627760731221547,No,False,,,,,,,,,,,,55.10415
2026-08-01T04:48:16Z,EPL,333084,epl-team-to-qualify-for-uefa-conference-league,EPL: Team to qualify for UEFA Conference League,2026-04-01T17:27:13.650134Z,1818374,will-everton-qualify-for-the-league-phase-of-the-2026-27-uefa-conference-league,Will Everton qualify for the League Phase of the 2026-27 UEFA Conference League?,0xc2d06ea1b36aa2af374778802062278b37c0681e80b8b30d440eea8c89c69efa,"[""4166923647964243798214643118596450748550925708271797356837126450441673128307"", ""38675784671269789218225363889508272390729885225646140690421495748338190385226""]",4166923647964243798214643118596450748550925708271797356837126450441673128307|38675784671269789218225363889508272390729885225646140690421495748338190385226,4166923647964243798214643118596450748550925708271797356837126450441673128307,Yes,False,,,,,,,,,,,,481.81
2026-08-01T04:48:16Z,EPL,333084,epl-team-to-qualify-for-uefa-conference-league,EPL: Team to qualify for UEFA Conference League,2026-04-01T17:27:13.650134Z,1818374,will-everton-qualify-for-the-league-phase-of-the-2026-27-uefa-conference-league,Will Everton qualify for the League Phase of the 2026-27 UEFA Conference League?,0xc2d06ea1b36aa2af374778802062278b37c0681e80b8b30d440eea8c89c69efa,"[""4166923647964243798214643118596450748550925708271797356837126450441673128307"", ""38675784671269789218225363889508272390729885225646140690421495748338190385226""]",4166923647964243798214643118596450748550925708271797356837126450441673128307|38675784671269789218225363889508272390729885225646140690421495748338190385226,38675784671269789218225363889508272390729885225646140690421495748338190385226,No,False,,,,,,,,,,,,481.81
2026-08-01T04:48:16Z,EPL,333084,epl-team-to-qualify-for-uefa-conference-league,EPL: Team to qualify for UEFA Conference League,2026-04-01T17:27:13.650134Z,1818375,will-fulham-qualify-for-the-league-phase-of-the-2026-27-uefa-conference-league,Will Fulham qualify for the League Phase of the 2026-27 UEFA Conference League?,0xa9c80d9e6d42b63441eb65788fa6715dd14e46e84e92ab0af524aa71de00e9fe,"[""58173349290615436261874750189700214187364770220706840363443501392029514828013"", ""68870830613563352664780739176635792396465611522859759407689581346809698393825""]",58173349290615436261874750189700214187364770220706840363443501392029514828013|68870830613563352664780739176635792396465611522859759407689581346809698393825,58173349290615436261874750189700214187364770220706840363443501392029514828013,Yes,False,,,,,,,,,,,,529.6700000000001
2026-08-01T04:48:16Z,EPL,333084,epl-team-to-qualify-for-uefa-conference-league,EPL: Team to qualify for UEFA Conference League,2026-04-01T17:27:13.650134Z,1818375,will-fulham-qualify-for-the-league-phase-of-the-2026-27-uefa-conference-league,Will Fulham qualify for the League Phase of the 2026-27 UEFA Conference League?,0xa9c80d9e6d42b63441eb65788fa6715dd14e46e84e92ab0af524aa71de00e9fe,"[""58173349290615436261874750189700214187364770220706840363443501392029514828013"", ""68870830613563352664780739176635792396465611522859759407689581346809698393825""]",58173349290615436261874750189700214187364770220706840363443501392029514828013|68870830613563352664780739176635792396465611522859759407689581346809698393825,68870830613563352664780739176635792396465611522859759407689581346809698393825,No,False,,,,,,,,,,,,529.6700000000001
2026-08-01T04:48:16Z,EPL,333084,epl-team-to-qualify-for-uefa-conference-league,EPL: Team to qualify for UEFA Conference League,2026-04-01T17:27:13.650134Z,1818376,will-ipswich-town-qualify-for-the-league-phase-of-the-2026-27-uefa-conference-league,Will Ipswich Town qualify for the League Phase of the 2026-27 UEFA Conference League?,0xfd1fd6c7c9106ccdc0a48fb64385b352808d5f6a4eb0157cb37b834002772000,"[""34575040317828011543308948862359294748447343494151397521995978862299718496252"", ""32703218917373905712439402416747473136357574974365039086658033726899781984701""]",34575040317828011543308948862359294748447343494151397521995978862299718496252|32703218917373905712439402416747473136357574974365039086658033726899781984701,34575040317828011543308948862359294748447343494151397521995978862299718496252,Yes,False,,,,,,,,,,,,185.7979
2026-08-01T04:48:16Z,EPL,333084,epl-team-to-qualify-for-uefa-conference-league,EPL: Team to qualify for UEFA Conference League,2026-04-01T17:27:13.650134Z,1818376,will-ipswich-town-qualify-for-the-league-phase-of-the-2026-27-uefa-conference-league,Will Ipswich Town qualify for the League Phase of the 2026-27 UEFA Conference League?,0xfd1fd6c7c9106ccdc0a48fb64385b352808d5f6a4eb0157cb37b834002772000,"[""34575040317828011543308948862359294748447343494151397521995978862299718496252"", ""32703218917373905712439402416747473136357574974365039086658033726899781984701""]",34575040317828011543308948862359294748447343494151397521995978862299718496252|32703218917373905712439402416747473136357574974365039086658033726899781984701,32703218917373905712439402416747473136357574974365039086658033726899781984701,No,False,,,,,,,,,,,,185.7979
2026-08-01T04:48:16Z,EPL,333084,epl-team-to-qualify-for-uefa-conference-league,EPL: Team to qualify for UEFA Conference League,2026-04-01T17:27:13.650134Z,1818377,will-leicester-city-qualify-for-the-league-phase-of-the-2026-27-uefa-conference-league,Will Leicester City qualify for the League Phase of the 2026-27 UEFA Conference League?,0x7f23bad03e49e8691193b374466a982f76952cc0658302268f2122380250f91d,"[""36855782576831156580765175743466253787995589729798761982205435744452738857165"", ""63267615403020851545105138792098005654530731396339683005908577788229989628684""]",36855782576831156580765175743466253787995589729798761982205435744452738857165|63267615403020851545105138792098005654530731396339683005908577788229989628684,36855782576831156580765175743466253787995589729798761982205435744452738857165,Yes,False,,,,,,,,,,,,185.5555
2026-08-01T04:48:16Z,EPL,333084,epl-team-to-qualify-for-uefa-conference-league,EPL: Team to qualify for UEFA Conference League,2026-04-01T17:27:13.650134Z,1818377,will-leicester-city-qualify-for-the-league-phase-of-the-2026-27-uefa-conference-league,Will Leicester City qualify for the League Phase of the 2026-27 UEFA Conference League?,0x7f23bad03e49e8691193b374466a982f76952cc0658302268f2122380250f91d,"[""36855782576831156580765175743466253787995589729798761982205435744452738857165"", ""63267615403020851545105138792098005654530731396339683005908577788229989628684""]",36855782576831156580765175743466253787995589729798761982205435744452738857165|63267615403020851545105138792098005654530731396339683005908577788229989628684,63267615403020851545105138792098005654530731396339683005908577788229989628684,No,False,,,,,,,,,,,,185.5555
2026-08-01T04:48:16Z,EPL,333084,epl-team-to-qualify-for-uefa-conference-league,EPL: Team to qualify for UEFA Conference League,2026-04-01T17:27:13.650134Z,1818378,will-liverpool-qualify-for-the-league-phase-of-the-2026-27-uefa-conference-league,Will Liverpool qualify for the League Phase of the 2026-27 UEFA Conference League?,0x0f39d177f78abd438be984b36f264c13de879b346ae40bfea0ababc108b83f64,"[""65988948624774144931622911564364302133312968519504468408474435267221324233196"", ""115130602602129428285461614417924472558165741430309539659330809798396288056300""]",65988948624774144931622911564364302133312968519504468408474435267221324233196|115130602602129428285461614417924472558165741430309539659330809798396288056300,65988948624774144931622911564364302133312968519504468408474435267221324233196,Yes,False,,,,,,,,,,,0,175.5
2026-08-01T04:48:16Z,EPL,333084,epl-team-to-qualify-for-uefa-conference-league,EPL: Team to qualify for UEFA Conference League,2026-04-01T17:27:13.650134Z,1818378,will-liverpool-qualify-for-the-league-phase-of-the-2026-27-uefa-conference-league,Will Liverpool qualify for the League Phase of the 2026-27 UEFA Conference League?,0x0f39d177f78abd438be984b36f264c13de879b346ae40bfea0ababc108b83f64,"[""65988948624774144931622911564364302133312968519504468408474435267221324233196"", ""115130602602129428285461614417924472558165741430309539659330809798396288056300""]",65988948624774144931622911564364302133312968519504468408474435267221324233196|115130602602129428285461614417924472558165741430309539659330809798396288056300,115130602602129428285461614417924472558165741430309539659330809798396288056300,No,False,,,,,,,,,,,0,175.5
2026-08-01T04:48:16Z,EPL,333084,epl-team-to-qualify-for-uefa-conference-league,EPL: Team to qualify for UEFA Conference League,2026-04-01T17:27:13.650134Z,1818379,will-manchester-city-qualify-for-the-league-phase-of-the-2026-27-uefa-conference-league,Will Manchester City qualify for the League Phase of the 2026-27 UEFA Conference League?,0x9f502be87b77866442714675eeb0ceec67b36469dab587b15862716b95a22a65,"[""81955707153623233000480445669873960416969320182377332341762765419704043622092"", ""63903621190034107756618838956749324043719317201688365281214818158837560760762""]",81955707153623233000480445669873960416969320182377332341762765419704043622092|63903621190034107756618838956749324043719317201688365281214818158837560760762,81955707153623233000480445669873960416969320182377332341762765419704043622092,Yes,False,,,,,,,,,,,,239.96210000000002
2026-08-01T04:48:16Z,EPL,333084,epl-team-to-qualify-for-uefa-conference-league,EPL: Team to qualify for UEFA Conference League,2026-04-01T17:27:13.650134Z,1818379,will-manchester-city-qualify-for-the-league-phase-of-the-2026-27-uefa-conference-league,Will Manchester City qualify for the League Phase of the 2026-27 UEFA Conference League?,0x9f502be87b77866442714675eeb0ceec67b36469dab587b15862716b95a22a65,"[""81955707153623233000480445669873960416969320182377332341762765419704043622092"", ""63903621190034107756618838956749324043719317201688365281214818158837560760762""]",81955707153623233000480445669873960416969320182377332341762765419704043622092|63903621190034107756618838956749324043719317201688365281214818158837560760762,63903621190034107756618838956749324043719317201688365281214818158837560760762,No,False,,,,,,,,,,,,239.96210000000002
2026-08-01T04:48:16Z,EPL,333084,epl-team-to-qualify-for-uefa-conference-league,EPL: Team to qualify for UEFA Conference League,2026-04-01T17:27:13.650134Z,1818380,will-manchester-united-qualify-for-the-league-phase-of-the-2026-27-uefa-conference-league,Will Manchester United qualify for the League Phase of the 2026-27 UEFA Conference League?,0x10faa15e034abb4d8b58e96fa9cceaeba84182d8d26061672b3090ef60c474c7,"[""14537963265850539015090671292913129800573442530565687433985001158662408488535"", ""24584985274241329793529868323709359334793457968867512216477798918303927163120""]",14537963265850539015090671292913129800573442530565687433985001158662408488535|24584985274241329793529868323709359334793457968867512216477798918303927163120,14537963265850539015090671292913129800573442530565687433985001158662408488535,Yes,False,,,,,,,,,,,,654.06
2026-08-01T04:48:16Z,EPL,333084,epl-team-to-qualify-for-uefa-conference-league,EPL: Team to qualify for UEFA Conference League,2026-04-01T17:27:13.650134Z,1818380,will-manchester-united-qualify-for-the-league-phase-of-the-2026-27-uefa-conference-league,Will Manchester United qualify for the League Phase of the 2026-27 UEFA Conference League?,0x10faa15e034abb4d8b58e96fa9cceaeba84182d8d26061672b3090ef60c474c7,"[""14537963265850539015090671292913129800573442530565687433985001158662408488535"", ""24584985274241329793529868323709359334793457968867512216477798918303927163120""]",14537963265850539015090671292913129800573442530565687433985001158662408488535|24584985274241329793529868323709359334793457968867512216477798918303927163120,24584985274241329793529868323709359334793457968867512216477798918303927163120,No,False,,,,,,,,,,,,654.06
2026-08-01T04:48:16Z,EPL,333084,epl-team-to-qualify-for-uefa-conference-league,EPL: Team to qualify for UEFA Conference League,2026-04-01T17:27:13.650134Z,1818381,will-newcastle-united-qualify-for-the-league-phase-of-the-2026-27-uefa-conference-league,Will Newcastle United qualify for the League Phase of the 2026-27 UEFA Conference League?,0xb0716d2b36fd90dd54c600a9e7647616490002987e3eb1ecb3d10ead4d62d33c,"[""59224980280942325666569394558997382798882386438436610001858371645471216555919"", ""79970515927998557660930530711963196679174481368659736459630565505379849389257""]",59224980280942325666569394558997382798882386438436610001858371645471216555919|79970515927998557660930530711963196679174481368659736459630565505379849389257,59224980280942325666569394558997382798882386438436610001858371645471216555919,Yes,False,,,,,,,,,,,,411.9
2026-08-01T04:48:16Z,EPL,333084,epl-team-to-qualify-for-uefa-conference-league,EPL: Team to qualify for UEFA Conference League,2026-04-01T17:27:13.650134Z,1818381,will-newcastle-united-qualify-for-the-league-phase-of-the-2026-27-uefa-conference-league,Will Newcastle United qualify for the League Phase of the 2026-27 UEFA Conference League?,0xb0716d2b36fd90dd54c600a9e7647616490002987e3eb1ecb3d10ead4d62d33c,"[""59224980280942325666569394558997382798882386438436610001858371645471216555919"", ""79970515927998557660930530711963196679174481368659736459630565505379849389257""]",59224980280942325666569394558997382798882386438436610001858371645471216555919|79970515927998557660930530711963196679174481368659736459630565505379849389257,79970515927998557660930530711963196679174481368659736459630565505379849389257,No,False,,,,,,,,,,,,411.9
2026-08-01T04:48:16Z,EPL,333084,epl-team-to-qualify-for-uefa-conference-league,EPL: Team to qualify for UEFA Conference League,2026-04-01T17:27:13.650134Z,1818382,will-nottingham-forest-qualify-for-the-league-phase-of-the-2026-27-uefa-conference-league,Will Nottingham Forest qualify for the League Phase of the 2026-27 UEFA Conference League?,0xe911ed8e88ee4d94cb587ed6128a6c15596d9338a4d90b78b9ea20b0578fc156,"[""19481881546917834293067497074329377518935142669934498853237227966392229142245"", ""57602898067754327037427882833634701750997153547931685588132390215919583981742""]",19481881546917834293067497074329377518935142669934498853237227966392229142245|57602898067754327037427882833634701750997153547931685588132390215919583981742,19481881546917834293067497074329377518935142669934498853237227966392229142245,Yes,False,,,,,,,,,,,,407.7161
2026-08-01T04:48:16Z,EPL,333084,epl-team-to-qualify-for-uefa-conference-league,EPL: Team to qualify for UEFA Conference League,2026-04-01T17:27:13.650134Z,1818382,will-nottingham-forest-qualify-for-the-league-phase-of-the-2026-27-uefa-conference-league,Will Nottingham Forest qualify for the League Phase of the 2026-27 UEFA Conference League?,0xe911ed8e88ee4d94cb587ed6128a6c15596d9338a4d90b78b9ea20b0578fc156,"[""19481881546917834293067497074329377518935142669934498853237227966392229142245"", ""57602898067754327037427882833634701750997153547931685588132390215919583981742""]",19481881546917834293067497074329377518935142669934498853237227966392229142245|57602898067754327037427882833634701750997153547931685588132390215919583981742,57602898067754327037427882833634701750997153547931685588132390215919583981742,No,False,,,,,,,,,,,,407.7161
2026-08-01T04:48:16Z,EPL,333084,epl-team-to-qualify-for-uefa-conference-league,EPL: Team to qualify for UEFA Conference League,2026-04-01T17:27:13.650134Z,1818383,will-southampton-qualify-for-the-league-phase-of-the-2026-27-uefa-conference-league,Will Southampton qualify for the League Phase of the 2026-27 UEFA Conference League?,0x7ca2adbbd88851add0e546dd78574d7e79fc00c76e8c490e5692bf8023c11e75,"[""26877828097379119176280047098274709531228788895296330595994436624390898867911"", ""115748130349087715420332870666315257990045222809843222754054247382701059943674""]",26877828097379119176280047098274709531228788895296330595994436624390898867911|115748130349087715420332870666315257990045222809843222754054247382701059943674,26877828097379119176280047098274709531228788895296330595994436624390898867911,Yes,False,,,,,,,,,,,0,617.6899999999999
2026-08-01T04:48:16Z,EPL,333084,epl-team-to-qualify-for-uefa-conference-league,EPL: Team to qualify for UEFA Conference League,2026-04-01T17:27:13.650134Z,1818383,will-southampton-qualify-for-the-league-phase-of-the-2026-27-uefa-conference-league,Will Southampton qualify for the League Phase of the 2026-27 UEFA Conference League?,0x7ca2adbbd88851add0e546dd78574d7e79fc00c76e8c490e5692bf8023c11e75,"[""26877828097379119176280047098274709531228788895296330595994436624390898867911"", ""115748130349087715420332870666315257990045222809843222754054247382701059943674""]",26877828097379119176280047098274709531228788895296330595994436624390898867911|115748130349087715420332870666315257990045222809843222754054247382701059943674,115748130349087715420332870666315257990045222809843222754054247382701059943674,No,False,,,,,,,,,,,0,617.6899999999999
2026-08-01T04:48:16Z,EPL,333084,epl-team-to-qualify-for-uefa-conference-league,EPL: Team to qualify for UEFA Conference League,2026-04-01T17:27:13.650134Z,1818384,will-tottenham-hotspur-qualify-for-the-league-phase-of-the-2026-27-uefa-conference-league,Will Tottenham Hotspur qualify for the League Phase of the 2026-27 UEFA Conference League?,0xe98b7da9a346eb2aced5b9300c7a53e4d7c147741b546f005de0b3c0d89e0ae1,"[""16165000919596414242427788888124743916698715129044155178467657105167009019476"", ""114828181514576721851254739097127564151815507804110569853443476924908844910766""]",16165000919596414242427788888124743916698715129044155178467657105167009019476|114828181514576721851254739097127564151815507804110569853443476924908844910766,16165000919596414242427788888124743916698715129044155178467657105167009019476,Yes,False,,,,,,,,,,,,1126.7675
2026-08-01T04:48:16Z,EPL,333084,epl-team-to-qualify-for-uefa-conference-league,EPL: Team to qualify for UEFA Conference League,2026-04-01T17:27:13.650134Z,1818384,will-tottenham-hotspur-qualify-for-the-league-phase-of-the-2026-27-uefa-conference-league,Will Tottenham Hotspur qualify for the League Phase of the 2026-27 UEFA Conference League?,0xe98b7da9a346eb2aced5b9300c7a53e4d7c147741b546f005de0b3c0d89e0ae1,"[""16165000919596414242427788888124743916698715129044155178467657105167009019476"", ""114828181514576721851254739097127564151815507804110569853443476924908844910766""]",16165000919596414242427788888124743916698715129044155178467657105167009019476|114828181514576721851254739097127564151815507804110569853443476924908844910766,114828181514576721851254739097127564151815507804110569853443476924908844910766,No,False,,,,,,,,,,,,1126.7675
2026-08-01T04:48:16Z,EPL,333084,epl-team-to-qualify-for-uefa-conference-league,EPL: Team to qualify for UEFA Conference League,2026-04-01T17:27:13.650134Z,1818385,will-west-ham-united-qualify-for-the-league-phase-of-the-2026-27-uefa-conference-league,Will West Ham United qualify for the League Phase of the 2026-27 UEFA Conference League?,0xbc79053a1f7691b55171b4a210da33b3c3fba449c9df4fd954856635f8da0e8e,"[""54894379652853834326297942957419603346481276275403414881816173756537774757640"", ""33108900391203812803918822219418560079370282336069888352885661677363224124116""]",54894379652853834326297942957419603346481276275403414881816173756537774757640|33108900391203812803918822219418560079370282336069888352885661677363224124116,54894379652853834326297942957419603346481276275403414881816173756537774757640,Yes,False,,,,,,,,,,,,207.137
2026-08-01T04:48:16Z,EPL,333084,epl-team-to-qualify-for-uefa-conference-league,EPL: Team to qualify for UEFA Conference League,2026-04-01T17:27:13.650134Z,1818385,will-west-ham-united-qualify-for-the-league-phase-of-the-2026-27-uefa-conference-league,Will West Ham United qualify for the League Phase of the 2026-27 UEFA Conference League?,0xbc79053a1f7691b55171b4a210da33b3c3fba449c9df4fd954856635f8da0e8e,"[""54894379652853834326297942957419603346481276275403414881816173756537774757640"", ""33108900391203812803918822219418560079370282336069888352885661677363224124116""]",54894379652853834326297942957419603346481276275403414881816173756537774757640|33108900391203812803918822219418560079370282336069888352885661677363224124116,33108900391203812803918822219418560079370282336069888352885661677363224124116,No,False,,,,,,,,,,,,207.137
2026-08-01T04:48:16Z,EPL,333084,epl-team-to-qualify-for-uefa-conference-league,EPL: Team to qualify for UEFA Conference League,2026-04-01T17:27:13.650134Z,1818386,will-wolverhampton-wanderers-qualify-for-the-league-phase-of-the-2026-27-uefa-conference-league,Will Wolverhampton Wanderers qualify for the League Phase of the 2026-27 UEFA Conference League?,0x612a47d48e42fc85f4b3099edd0779c399e7393325bae5ef494fbec0b518be97,"[""39645891629689350247020865542579082583944711546641819664090458601825821008952"", ""27752113810792547257158395279414992925826179248970504390132410269490063597360""]",39645891629689350247020865542579082583944711546641819664090458601825821008952|27752113810792547257158395279414992925826179248970504390132410269490063597360,39645891629689350247020865542579082583944711546641819664090458601825821008952,Yes,False,,,,,,,,,,,,216.45
2026-08-01T04:48:16Z,EPL,333084,epl-team-to-qualify-for-uefa-conference-league,EPL: Team to qualify for UEFA Conference League,2026-04-01T17:27:13.650134Z,1818386,will-wolverhampton-wanderers-qualify-for-the-league-phase-of-the-2026-27-uefa-conference-league,Will Wolverhampton Wanderers qualify for the League Phase of the 2026-27 UEFA Conference League?,0x612a47d48e42fc85f4b3099edd0779c399e7393325bae5ef494fbec0b518be97,"[""39645891629689350247020865542579082583944711546641819664090458601825821008952"", ""27752113810792547257158395279414992925826179248970504390132410269490063597360""]",39645891629689350247020865542579082583944711546641819664090458601825821008952|27752113810792547257158395279414992925826179248970504390132410269490063597360,27752113810792547257158395279414992925826179248970504390132410269490063597360,No,False,,,,,,,,,,,,216.45
2026-08-01T04:48:16Z,EPL,435490,epl-2026-team-of-the-season,EPL: 2026 PFA Team of the Year,2026-05-01T16:17:58.439577Z,2127663,will-david-raya-be-named-to-the-2026-pfa-premier-league-team-of-the-year,Will David Raya be named to the 2026 PFA Premier League Team of the Year?,0x50561f0ac9fb48ce9b1dc8f78f84dea5e43d9d30bd507eb93fa57b11a996ffeb,"[""3488261232009523381576281256634840719226792569353110860105294590188599877555"", ""33896607823388600558222421347266613674976673770405419631622989961143438148884""]",3488261232009523381576281256634840719226792569353110860105294590188599877555|33896607823388600558222421347266613674976673770405419631622989961143438148884,3488261232009523381576281256634840719226792569353110860105294590188599877555,Yes,True,0.81,206.16,0.99,78.4,0.9,0.17999999999999994,de9353c633de67f47d7a5c35ef633eab88054f7c,0.01,5,,507.157,
2026-08-01T04:48:16Z,EPL,435490,epl-2026-team-of-the-season,EPL: 2026 PFA Team of the Year,2026-05-01T16:17:58.439577Z,2127663,will-david-raya-be-named-to-the-2026-pfa-premier-league-team-of-the-year,Will David Raya be named to the 2026 PFA Premier League Team of the Year?,0x50561f0ac9fb48ce9b1dc8f78f84dea5e43d9d30bd507eb93fa57b11a996ffeb,"[""3488261232009523381576281256634840719226792569353110860105294590188599877555"", ""33896607823388600558222421347266613674976673770405419631622989961143438148884""]",3488261232009523381576281256634840719226792569353110860105294590188599877555|33896607823388600558222421347266613674976673770405419631622989961143438148884,33896607823388600558222421347266613674976673770405419631622989961143438148884,No,True,0.01,78.4,0.19,206.16,0.1,0.18,ee17be724bf691962ac5073e81e77035253d9ba7,0.01,5,,507.157,
2026-08-01T04:48:16Z,EPL,435490,epl-2026-team-of-the-season,EPL: 2026 PFA Team of the Year,2026-05-01T16:17:58.439577Z,2127664,will-jordan-pickford-be-named-to-the-2026-pfa-premier-league-team-of-the-year,Will Jordan Pickford be named to the 2026 PFA Premier League Team of the Year?,0x206d3cf11b86b16708f160e1e5223e75f4f0b126fbfecb52300077792e4a978f,"[""69002409170326112222673578355907486486435514190626080376764720483535336436602"", ""29764786967669041151836718379664776749611256940389381248189333088896507813340""]",69002409170326112222673578355907486486435514190626080376764720483535336436602|29764786967669041151836718379664776749611256940389381248189333088896507813340,69002409170326112222673578355907486486435514190626080376764720483535336436602,Yes,True,,,0.09,11.82,,,fa2d0bf9eefc0194eac79395fcd610e3595b069b,0.01,5,,109.7862,11.82
2026-08-01T04:48:16Z,EPL,435490,epl-2026-team-of-the-season,EPL: 2026 PFA Team of the Year,2026-05-01T16:17:58.439577Z,2127664,will-jordan-pickford-be-named-to-the-2026-pfa-premier-league-team-of-the-year,Will Jordan Pickford be named to the 2026 PFA Premier League Team of the Year?,0x206d3cf11b86b16708f160e1e5223e75f4f0b126fbfecb52300077792e4a978f,"[""69002409170326112222673578355907486486435514190626080376764720483535336436602"", ""29764786967669041151836718379664776749611256940389381248189333088896507813340""]",69002409170326112222673578355907486486435514190626080376764720483535336436602|29764786967669041151836718379664776749611256940389381248189333088896507813340,29764786967669041151836718379664776749611256940389381248189333088896507813340,No,True,0.91,11.82,,,,,acc50b59da952b4b1036c70ebc325cfde37da789,0.01,5,,109.7862,11.82
2026-08-01T04:48:16Z,EPL,435490,epl-2026-team-of-the-season,EPL: 2026 PFA Team of the Year,2026-05-01T16:17:58.439577Z,2127665,will-dean-henderson-be-named-to-the-2026-pfa-premier-league-team-of-the-year,Will Dean Henderson be named to the 2026 PFA Premier League Team of the Year?,0x67ebb7796df1324b1b084b0aaa59e3379513583ac93e3c8e968935e7dbb1f535,"[""77730449116026385251216021681478758817188404733132958155748625297475510396335"", ""86484569427189395298179892127162282618369840953731094949208918944830421003973""]",77730449116026385251216021681478758817188404733132958155748625297475510396335|86484569427189395298179892127162282618369840953731094949208918944830421003973,77730449116026385251216021681478758817188404733132958155748625297475510396335,Yes,True,0.01,78.4,0.1,107.68,0.055,0.09000000000000001,f6d7b1971af5f440de2670e79350c5215577e9e4,0.01,5,,106.9595,
2026-08-01T04:48:16Z,EPL,435490,epl-2026-team-of-the-season,EPL: 2026 PFA Team of the Year,2026-05-01T16:17:58.439577Z,2127665,will-dean-henderson-be-named-to-the-2026-pfa-premier-league-team-of-the-year,Will Dean Henderson be named to the 2026 PFA Premier League Team of the Year?,0x67ebb7796df1324b1b084b0aaa59e3379513583ac93e3c8e968935e7dbb1f535,"[""77730449116026385251216021681478758817188404733132958155748625297475510396335"", ""86484569427189395298179892127162282618369840953731094949208918944830421003973""]",77730449116026385251216021681478758817188404733132958155748625297475510396335|86484569427189395298179892127162282618369840953731094949208918944830421003973,86484569427189395298179892127162282618369840953731094949208918944830421003973,No,True,0.9,107.68,0.99,78.4,0.9450000000000001,0.08999999999999997,97e4962d4e55647bab8d82cb8af5f649f4fcf179,0.01,5,,106.9595,
2026-08-01T04:48:16Z,EPL,435490,epl-2026-team-of-the-season,EPL: 2026 PFA Team of the Year,2026-05-01T16:17:58.439577Z,2127666,will-robin-roefs-be-named-to-the-2026-pfa-premier-league-team-of-the-year,Will Robin Roefs be named to the 2026 PFA Premier League Team of the Year?,0xdae0f14d1b5ea256638164c6578853226408702f44e238ca8fa692998fdc6332,"[""70182957445101902779363373709716695169810926012757858042099415085409463195888"", ""90699863564786576085723598309072905823666331748016080742800846290619606364496""]",70182957445101902779363373709716695169810926012757858042099415085409463195888|90699863564786576085723598309072905823666331748016080742800846290619606364496,70182957445101902779363373709716695169810926012757858042099415085409463195888,Yes,True,0.01,78.4,0.1,107.68,0.055,0.09000000000000001,a8b5878aa4797b30c04481a625d8f8156c7c6266,0.01,5,,108.0799,
2026-08-01T04:48:16Z,EPL,435490,epl-2026-team-of-the-season,EPL: 2026 PFA Team of the Year,2026-05-01T16:17:58.439577Z,2127666,will-robin-roefs-be-named-to-the-2026-pfa-premier-league-team-of-the-year,Will Robin Roefs be named to the 2026 PFA Premier League Team of the Year?,0xdae0f14d1b5ea256638164c6578853226408702f44e238ca8fa692998fdc6332,"[""70182957445101902779363373709716695169810926012757858042099415085409463195888"", ""90699863564786576085723598309072905823666331748016080742800846290619606364496""]",70182957445101902779363373709716695169810926012757858042099415085409463195888|90699863564786576085723598309072905823666331748016080742800846290619606364496,90699863564786576085723598309072905823666331748016080742800846290619606364496,No,True,0.9,107.68,0.99,78.4,0.9450000000000001,0.08999999999999997,f8221b1cb4cd5643deed7371061c85f7ebf589ee,0.01,5,,108.0799,
2026-08-01T04:48:16Z,EPL,435490,epl-2026-team-of-the-season,EPL: 2026 PFA Team of the Year,2026-05-01T16:17:58.439577Z,2127667,will-gianluigi-donnarumma-be-named-to-the-2026-pfa-premier-league-team-of-the-year,Will Gianluigi Donnarumma be named to the 2026 PFA Premier League Team of the Year?,0x322441734b9f23744de899e345ef48ec25e0055f8b1bfc19fe4612055a8ff2df,"[""65007673257262595676530056363240287641293306267550009290432560084643152028010"", ""97388027101380065799871752579213229783305736941572715830099055292320933629215""]",65007673257262595676530056363240287641293306267550009290432560084643152028010|97388027101380065799871752579213229783305736941572715830099055292320933629215,65007673257262595676530056363240287641293306267550009290432560084643152028010,Yes,True,0.01,78.4,0.2,10.0,0.10500000000000001,0.19,c568a5090ca5dfb26efd3d53235a840d75972554,0.01,5,,13.2645,
2026-08-01T04:48:16Z,EPL,435490,epl-2026-team-of-the-season,EPL: 2026 PFA Team of the Year,2026-05-01T16:17:58.439577Z,2127667,will-gianluigi-donnarumma-be-named-to-the-2026-pfa-premier-league-team-of-the-year,Will Gianluigi Donnarumma be named to the 2026 PFA Premier League Team of the Year?,0x322441734b9f23744de899e345ef48ec25e0055f8b1bfc19fe4612055a8ff2df,"[""65007673257262595676530056363240287641293306267550009290432560084643152028010"", ""97388027101380065799871752579213229783305736941572715830099055292320933629215""]",65007673257262595676530056363240287641293306267550009290432560084643152028010|97388027101380065799871752579213229783305736941572715830099055292320933629215,97388027101380065799871752579213229783305736941572715830099055292320933629215,No,True,0.8,10.0,0.99,78.4,0.895,0.18999999999999995,dc7319d3249cfc15757d59c85b0d5a053c936e3d,0.01,5,,13.2645,
2026-08-01T04:48:16Z,EPL,435490,epl-2026-team-of-the-season,EPL: 2026 PFA Team of the Year,2026-05-01T16:17:58.439577Z,2127668,will-jurrien-timber-be-named-to-the-2026-pfa-premier-league-team-of-the-year,Will Jurrien Timber be named to the 2026 PFA Premier League Team of the Year?,0x97ca47da99683bddec8036ce29388c2e400e7cecfea8ac4dbef54ac0791cc593,"[""58745854058166153005664210409408254918505117901359386106376082227012206838503"", ""43365583002812118163534009703280808191029196488960918105614424745527498298109""]",58745854058166153005664210409408254918505117901359386106376082227012206838503|43365583002812118163534009703280808191029196488960918105614424745527498298109,58745854058166153005664210409408254918505117901359386106376082227012206838503,Yes,True,0.01,78.4,0.66,7.96,0.335,0.65,22c3235024aaa02f0bb4c92c13bf7117ce805c69,0.01,5,,41.1739,
2026-08-01T04:48:16Z,EPL,435490,epl-2026-team-of-the-season,EPL: 2026 PFA Team of the Year,2026-05-01T16:17:58.439577Z,2127668,will-jurrien-timber-be-named-to-the-2026-pfa-premier-league-team-of-the-year,Will Jurrien Timber be named to the 2026 PFA Premier League Team of the Year?,0x97ca47da99683bddec8036ce29388c2e400e7cecfea8ac4dbef54ac0791cc593,"[""58745854058166153005664210409408254918505117901359386106376082227012206838503"", ""43365583002812118163534009703280808191029196488960918105614424745527498298109""]",58745854058166153005664210409408254918505117901359386106376082227012206838503|43365583002812118163534009703280808191029196488960918105614424745527498298109,43365583002812118163534009703280808191029196488960918105614424745527498298109,No,True,0.34,7.96,0.99,78.4,0.665,0.6499999999999999,35e5030af36cc59ef6e5a1ff33c39bdd2277b4ec,0.01,5,,41.1739,
2026-08-01T04:48:16Z,EPL,435490,epl-2026-team-of-the-season,EPL: 2026 PFA Team of the Year,2026-05-01T16:17:58.439577Z,2127669,will-matheus-nunes-be-named-to-the-2026-pfa-premier-league-team-of-the-year,Will Matheus Nunes be named to the 2026 PFA Premier League Team of the Year?,0x236166693870332c38cc1f290d2de8a00eafa1b78519182663a58811b1011705,"[""71852886829417081758693278389180020836881806315641141653569411011094941385487"", ""27873264127773337044236459909692649813557879461485496445916977915515730222703""]",71852886829417081758693278389180020836881806315641141653569411011094941385487|27873264127773337044236459909692649813557879461485496445916977915515730222703,71852886829417081758693278389180020836881806315641141653569411011094941385487,Yes,True,0.01,78.4,0.2,106.24,0.10500000000000001,0.19,cedfbfe2fa423c9d897f02a773adc67a3d0f9140,0.01,5,,221.7599,
2026-08-01T04:48:16Z,EPL,435490,epl-2026-team-of-the-season,EPL: 2026 PFA Team of the Year,2026-05-01T16:17:58.439577Z,2127669,will-matheus-nunes-be-named-to-the-2026-pfa-premier-league-team-of-the-year,Will Matheus Nunes be named to the 2026 PFA Premier League Team of the Year?,0x236166693870332c38cc1f290d2de8a00eafa1b78519182663a58811b1011705,"[""71852886829417081758693278389180020836881806315641141653569411011094941385487"", ""27873264127773337044236459909692649813557879461485496445916977915515730222703""]",71852886829417081758693278389180020836881806315641141653569411011094941385487|27873264127773337044236459909692649813557879461485496445916977915515730222703,27873264127773337044236459909692649813557879461485496445916977915515730222703,No,True,0.8,106.24,0.99,78.4,0.895,0.18999999999999995,a6c31e4fc8ddd87cfb9db54022735b25fa979f12,0.01,5,,221.7599,
2026-08-01T04:48:16Z,EPL,435490,epl-2026-team-of-the-season,EPL: 2026 PFA Team of the Year,2026-05-01T16:17:58.439577Z,2127670,will-gabriel-magalhes-be-named-to-the-2026-pfa-premier-league-team-of-the-year,Will Gabriel Magalhães be named to the 2026 PFA Premier League Team of the Year?,0xd3d8a97f490967ba04bcf06a1f1fa0b8e14ff08f5f0781bccb14c7eb1cf34ca6,"[""112756383879220814577105643520650901454791316512357676513193784191480344438666"", ""7697378624768914483353901406042873706810082834244678754453720343911008090965""]",112756383879220814577105643520650901454791316512357676513193784191480344438666|7697378624768914483353901406042873706810082834244678754453720343911008090965,112756383879220814577105643520650901454791316512357676513193784191480344438666,Yes,True,0.8,5.62,0.97,10.64,0.885,0.16999999999999993,5333585918c3efa30bc0d0cac511052dd9baeaef,0.01,5,,579.8176,
2026-08-01T04:48:16Z,EPL,435490,epl-2026-team-of-the-season,EPL: 2026 PFA Team of the Year,2026-05-01T16:17:58.439577Z,2127670,will-gabriel-magalhes-be-named-to-the-2026-pfa-premier-league-team-of-the-year,Will Gabriel Magalhães be named to the 2026 PFA Premier League Team of the Year?,0xd3d8a97f490967ba04bcf06a1f1fa0b8e14ff08f5f0781bccb14c7eb1cf34ca6,"[""112756383879220814577105643520650901454791316512357676513193784191480344438666"", ""7697378624768914483353901406042873706810082834244678754453720343911008090965""]",112756383879220814577105643520650901454791316512357676513193784191480344438666|7697378624768914483353901406042873706810082834244678754453720343911008090965,7697378624768914483353901406042873706810082834244678754453720343911008090965,No,True,0.03,10.64,0.2,5.62,0.115,0.17,83af623c9d40cf8bb9bee0ad54d63e330af0b464,0.01,5,,579.8176,
2026-08-01T04:48:16Z,EPL,435490,epl-2026-team-of-the-season,EPL: 2026 PFA Team of the Year,2026-05-01T16:17:58.439577Z,2127671,will-william-saliba-be-named-to-the-2026-pfa-premier-league-team-of-the-year,Will William Saliba be named to the 2026 PFA Premier League Team of the Year?,0xc344b5f7891b8617e7118aaa24bac3840a587691c1a36daa479a61de0b79bcb6,"[""47207660538745167295586664941849591121956044929877358537501900994850424263330"", ""105234782857798608331719124706582304874620432378282673665444164066431160124095""]",47207660538745167295586664941849591121956044929877358537501900994850424263330|105234782857798608331719124706582304874620432378282673665444164066431160124095,47207660538745167295586664941849591121956044929877358537501900994850424263330,Yes,True,0.48,10.0,0.96,6.04,0.72,0.48,c0509420b212997dca3691f28b5fe3274bf16e0f,0.01,5,,173.4438,
2026-08-01T04:48:16Z,EPL,435490,epl-2026-team-of-the-season,EPL: 2026 PFA Team of the Year,2026-05-01T16:17:58.439577Z,2127671,will-william-saliba-be-named-to-the-2026-pfa-premier-league-team-of-the-year,Will William Saliba be named to the 2026 PFA Premier League Team of the Year?,0xc344b5f7891b8617e7118aaa24bac3840a587691c1a36daa479a61de0b79bcb6,"[""47207660538745167295586664941849591121956044929877358537501900994850424263330"", ""105234782857798608331719124706582304874620432378282673665444164066431160124095""]",47207660538745167295586664941849591121956044929877358537501900994850424263330|105234782857798608331719124706582304874620432378282673665444164066431160124095,105234782857798608331719124706582304874620432378282673665444164066431160124095,No,True,0.04,6.04,0.52,10.0,0.28,0.48000000000000004,c883d167273b7f92753cfc5289880b22638a04f7,0.01,5,,173.4438,
2026-08-01T04:48:16Z,EPL,435490,epl-2026-team-of-the-season,EPL: 2026 PFA Team of the Year,2026-05-01T16:17:58.439577Z,2127672,will-marc-guehi-be-named-to-the-2026-pfa-premier-league-team-of-the-year,Will Marc Guehi be named to the 2026 PFA Premier League Team of the Year?,0x9a7829bcaf4bd65e903739dace6db739a8b68a396fd2c71a3d23d2a2cf2e88c5,"[""18774341203836696417330165615678664168245576790259527905518242337305438497157"", ""17833812615529939189123941305353432679112045501201563425472779980851390683424""]",18774341203836696417330165615678664168245576790259527905518242337305438497157|17833812615529939189123941305353432679112045501201563425472779980851390683424,18774341203836696417330165615678664168245576790259527905518242337305438497157,Yes,True,0.08,24.0,0.41,6.8,0.245,0.32999999999999996,833d3aa9aa62e6ecfacfa23767897e6254fa2535,0.01,5,,101.1479,
2026-08-01T04:48:16Z,EPL,435490,epl-2026-team-of-the-season,EPL: 2026 PFA Team of the Year,2026-05-01T16:17:58.439577Z,2127672,will-marc-guehi-be-named-to-the-2026-pfa-premier-league-team-of-the-year,Will Marc Guehi be named to the 2026 PFA Premier League Team of the Year?,0x9a7829bcaf4bd65e903739dace6db739a8b68a396fd2c71a3d23d2a2cf2e88c5,"[""18774341203836696417330165615678664168245576790259527905518242337305438497157"", ""17833812615529939189123941305353432679112045501201563425472779980851390683424""]",18774341203836696417330165615678664168245576790259527905518242337305438497157|17833812615529939189123941305353432679112045501201563425472779980851390683424,17833812615529939189123941305353432679112045501201563425472779980851390683424,No,True,0.59,6.8,0.92,24.0,0.755,0.33000000000000007,4a785ba6c061257d16a1607f4b548a0f0f47e8ec,0.01,5,,101.1479,
2026-08-01T04:48:16Z,EPL,435490,epl-2026-team-of-the-season,EPL: 2026 PFA Team of the Year,2026-05-01T16:17:58.439577Z,2127673,will-virgil-van-dijk-be-named-to-the-2026-pfa-premier-league-team-of-the-year,Will Virgil van Dijk be named to the 2026 PFA Premier League Team of the Year?,0x644231d6b178ebd20f0ab0b061a790f9dee4479ce96ab40686c8ade6f50a0238,"[""31721429411257768645758803262981554412084956132795321375044902571901613004887"", ""113776996666262784023568460080999498147130358875198884777079734831639187945943""]",31721429411257768645758803262981554412084956132795321375044902571901613004887|113776996666262784023568460080999498147130358875198884777079734831639187945943,31721429411257768645758803262981554412084956132795321375044902571901613004887,Yes,True,0.01,78.4,0.19,999.99,0.1,0.18,b0a7f0c67de65d6abd38b1cd1d9f525163089159,0.01,5,,959.7808,1.694914
2026-08-01T04:48:16Z,EPL,435490,epl-2026-team-of-the-season,EPL: 2026 PFA Team of the Year,2026-05-01T16:17:58.439577Z,2127673,will-virgil-van-dijk-be-named-to-the-2026-pfa-premier-league-team-of-the-year,Will Virgil van Dijk be named to the 2026 PFA Premier League Team of the Year?,0x644231d6b178ebd20f0ab0b061a790f9dee4479ce96ab40686c8ade6f50a0238,"[""31721429411257768645758803262981554412084956132795321375044902571901613004887"", ""113776996666262784023568460080999498147130358875198884777079734831639187945943""]",31721429411257768645758803262981554412084956132795321375044902571901613004887|113776996666262784023568460080999498147130358875198884777079734831639187945943,113776996666262784023568460080999498147130358875198884777079734831639187945943,No,True,0.81,999.99,0.99,78.4,0.9,0.17999999999999994,9abd2005db8826d890b43666d0cc9c04bd9cee23,0.01,5,,959.7808,1.694914
2026-08-01T04:48:16Z,EPL,435490,epl-2026-team-of-the-season,EPL: 2026 PFA Team of the Year,2026-05-01T16:17:58.439577Z,2127674,will-marc-cucurella-be-named-to-the-2026-pfa-premier-league-team-of-the-year,Will Marc Cucurella be named to the 2026 PFA Premier League Team of the Year?,0xe74cf34bab6946206532fd38cbf5a7eb4b346f7d13bffc6ae16eb3a69a4225d0,"[""59830425161161665808750586172447751894718446914006207206558327469584286337472"", ""85414521652635437338276097105191648874111759265882984452544936528659374053637""]",59830425161161665808750586172447751894718446914006207206558327469584286337472|85414521652635437338276097105191648874111759265882984452544936528659374053637,59830425161161665808750586172447751894718446914006207206558327469584286337472,Yes,True,0.07,25.7,0.41,6.8,0.24,0.33999999999999997,2617f2bdb7552d45d38c53e167226fa9865fe923,0.01,5,,101.4467,
2026-08-01T04:48:16Z,EPL,435490,epl-2026-team-of-the-season,EPL: 2026 PFA Team of the Year,2026-05-01T16:17:58.439577Z,2127674,will-marc-cucurella-be-named-to-the-2026-pfa-premier-league-team-of-the-year,Will Marc Cucurella be named to the 2026 PFA Premier League Team of the Year?,0xe74cf34bab6946206532fd38cbf5a7eb4b346f7d13bffc6ae16eb3a69a4225d0,"[""59830425161161665808750586172447751894718446914006207206558327469584286337472"", ""85414521652635437338276097105191648874111759265882984452544936528659374053637""]",59830425161161665808750586172447751894718446914006207206558327469584286337472|85414521652635437338276097105191648874111759265882984452544936528659374053637,85414521652635437338276097105191648874111759265882984452544936528659374053637,No,True,0.59,6.8,0.93,25.7,0.76,0.3400000000000001,6d4aa1ae8170574f04101190526095e085f42a81,0.01,5,,101.4467,
2026-08-01T04:48:16Z,EPL,435490,epl-2026-team-of-the-season,EPL: 2026 PFA Team of the Year,2026-05-01T16:17:58.439577Z,2127675,will-piero-hincapie-be-named-to-the-2026-pfa-premier-league-team-of-the-year,Will Piero Hincapie be named to the 2026 PFA Premier League Team of the Year?,0x1d5d1e655085db69c387488aa7e661d4719bfa9c0bb392dd05652008c40b4a9a,"[""108011205392215304373394466135742493782019922749752404322686744906595861300763"", ""73789363813582664474158671396757087735667554782131752276569900280712319722369""]",108011205392215304373394466135742493782019922749752404322686744906595861300763|73789363813582664474158671396757087735667554782131752276569900280712319722369,108011205392215304373394466135742493782019922749752404322686744906595861300763,Yes,True,0.07,10.0,0.42,10.0,0.245,0.35,a722281cc1f7ee5d1be6698ad507ac00074b05e8,0.01,5,,12.2418,
2026-08-01T04:48:16Z,EPL,435490,epl-2026-team-of-the-season,EPL: 2026 PFA Team of the Year,2026-05-01T16:17:58.439577Z,2127675,will-piero-hincapie-be-named-to-the-2026-pfa-premier-league-team-of-the-year,Will Piero Hincapie be named to the 2026 PFA Premier League Team of the Year?,0x1d5d1e655085db69c387488aa7e661d4719bfa9c0bb392dd05652008c40b4a9a,"[""108011205392215304373394466135742493782019922749752404322686744906595861300763"", ""73789363813582664474158671396757087735667554782131752276569900280712319722369""]",108011205392215304373394466135742493782019922749752404322686744906595861300763|73789363813582664474158671396757087735667554782131752276569900280712319722369,73789363813582664474158671396757087735667554782131752276569900280712319722369,No,True,0.58,10.0,0.93,10.0,0.755,0.3500000000000001,7b9b56d66d4263ecdca2f01faa3cfdcda9d75eb3,0.01,5,,12.2418,
2026-08-01T04:48:16Z,EPL,435490,epl-2026-team-of-the-season,EPL: 2026 PFA Team of the Year,2026-05-01T16:17:58.439577Z,2127676,will-declan-rice-be-named-to-the-2026-pfa-premier-league-team-of-the-year,Will Declan Rice be named to the 2026 PFA Premier League Team of the Year?,0x898bbb37bb3e8e03480b52c31bc12b12019e84f4d4042d25622f9a9b9f1a21f2,"[""11523245240526311970979368164866348724509187066335918581337691503956313417913"", ""16544219157755328462914309364144553632877138543113142832790826044960896254419""]",11523245240526311970979368164866348724509187066335918581337691503956313417913|16544219157755328462914309364144553632877138543113142832790826044960896254419,11523245240526311970979368164866348724509187066335918581337691503956313417913,Yes,True,0.86,6.69,,,,,916dff479eba7d4147669f70b24cadf895df08b6,0.01,5,,1006.1713,59.044284000000005
2026-08-01T04:48:16Z,EPL,435490,epl-2026-team-of-the-season,EPL: 2026 PFA Team of the Year,2026-05-01T16:17:58.439577Z,2127676,will-declan-rice-be-named-to-the-2026-pfa-premier-league-team-of-the-year,Will Declan Rice be named to the 2026 PFA Premier League Team of the Year?,0x898bbb37bb3e8e03480b52c31bc12b12019e84f4d4042d25622f9a9b9f1a21f2,"[""11523245240526311970979368164866348724509187066335918581337691503956313417913"", ""16544219157755328462914309364144553632877138543113142832790826044960896254419""]",11523245240526311970979368164866348724509187066335918581337691503956313417913|16544219157755328462914309364144553632877138543113142832790826044960896254419,16544219157755328462914309364144553632877138543113142832790826044960896254419,No,True,,,0.14,6.69,,,9910428b0e24217a2d43f23521a53ec881449b06,0.01,5,,1006.1713,59.044284000000005
2026-08-01T04:48:16Z,EPL,435490,epl-2026-team-of-the-season,EPL: 2026 PFA Team of the Year,2026-05-01T16:17:58.439577Z,2127677,will-bruno-fernandes-be-named-to-the-2026-pfa-premier-league-team-of-the-year,Will Bruno Fernandes be named to the 2026 PFA Premier League Team of the Year?,0x679720492bcbff900bde0e29eb7e812c77909bccb3c32b79a3186fc1db03b854,"[""86859495495502891076141743940914617575208033060738396981338088715869715113963"", ""65620697419400192059458180949993387679798824363092322581187835468683093164088""]",86859495495502891076141743940914617575208033060738396981338088715869715113963|65620697419400192059458180949993387679798824363092322581187835468683093164088,86859495495502891076141743940914617575208033060738396981338088715869715113963,Yes,True,0.852,15.64,0.995,8.83,0.9235,0.14300000000000002,f1ee314294ac9ada0f562be08f0036c2ed293080,0.001,5,,2416.78727,450.10643600000003
2026-08-01T04:48:16Z,EPL,435490,epl-2026-team-of-the-season,EPL: 2026 PFA Team of the Year,2026-05-01T16:17:58.439577Z,2127677,will-bruno-fernandes-be-named-to-the-2026-pfa-premier-league-team-of-the-year,Will Bruno Fernandes be named to the 2026 PFA Premier League Team of the Year?,0x679720492bcbff900bde0e29eb7e812c77909bccb3c32b79a3186fc1db03b854,"[""86859495495502891076141743940914617575208033060738396981338088715869715113963"", ""65620697419400192059458180949993387679798824363092322581187835468683093164088""]",86859495495502891076141743940914617575208033060738396981338088715869715113963|65620697419400192059458180949993387679798824363092322581187835468683093164088,65620697419400192059458180949993387679798824363092322581187835468683093164088,No,True,0.005,8.83,0.148,15.64,0.0765,0.143,b5bbf29c94132ee5289fcd1cb5b9a82ed14d9841,0.001,5,,2416.78727,450.10643600000003
2026-08-01T04:48:16Z,EPL,435490,epl-2026-team-of-the-season,EPL: 2026 PFA Team of the Year,2026-05-01T16:17:58.439577Z,2127678,will-rodri-be-named-to-the-2026-pfa-premier-league-team-of-the-year,Will Rodri be named to the 2026 PFA Premier League Team of the Year?,0xf9de760ff713bdc5ebdc87ea4a88fb9423ef31bc59d2abb917df50b5b44482c1,"[""92734106880343514385310320083033583888695626897895802880610705682382451590633"", ""56976958810450515743106834354983994802402840862579527495329062688335275234740""]",92734106880343514385310320083033583888695626897895802880610705682382451590633|56976958810450515743106834354983994802402840862579527495329062688335275234740,92734106880343514385310320083033583888695626897895802880610705682382451590633,Yes,True,0.09,5.0,0.38,115.35,0.235,0.29000000000000004,8a2376021d72408a6018aefbe4f0c649ada25afa,0.01,5,0.620,611.6072,263.475788
2026-08-01T04:48:16Z,EPL,435490,epl-2026-team-of-the-season,EPL: 2026 PFA Team of the Year,2026-05-01T16:17:58.439577Z,2127678,will-rodri-be-named-to-the-2026-pfa-premier-league-team-of-the-year,Will Rodri be named to the 2026 PFA Premier League Team of the Year?,0xf9de760ff713bdc5ebdc87ea4a88fb9423ef31bc59d2abb917df50b5b44482c1,"[""92734106880343514385310320083033583888695626897895802880610705682382451590633"", ""56976958810450515743106834354983994802402840862579527495329062688335275234740""]",92734106880343514385310320083033583888695626897895802880610705682382451590633|56976958810450515743106834354983994802402840862579527495329062688335275234740,56976958810450515743106834354983994802402840862579527495329062688335275234740,No,True,0.62,115.35,0.91,5.0,0.765,0.29000000000000004,f22e9e01546e1fe96efb25143105337933abcd4a,0.01,5,0.620,611.6072,263.475788
2026-08-01T04:48:16Z,EPL,435490,epl-2026-team-of-the-season,EPL: 2026 PFA Team of the Year,2026-05-01T16:17:58.439577Z,2127679,will-rayan-cherki-be-named-to-the-2026-pfa-premier-league-team-of-the-year,Will Rayan Cherki be named to the 2026 PFA Premier League Team of the Year?,0xf1bef1d60925998b7577b014ea907965209b9045c197e79e77eb14439d7c431a,"[""44002481860388892740183335966007748831643129921411222940033401480764334836407"", ""47465498507287502475094187263593898643776563896680345103863507875745126656121""]",44002481860388892740183335966007748831643129921411222940033401480764334836407|47465498507287502475094187263593898643776563896680345103863507875745126656121,44002481860388892740183335966007748831643129921411222940033401480764334836407,Yes,True,0.4,100.0,0.79,15.18,0.595,0.39,ce877987916ecdb150034631b4550408ae5893cd,0.01,5,,70.2757,6.77966
2026-08-01T04:48:16Z,EPL,435490,epl-2026-team-of-the-season,EPL: 2026 PFA Team of the Year,2026-05-01T16:17:58.439577Z,2127679,will-rayan-cherki-be-named-to-the-2026-pfa-premier-league-team-of-the-year,Will Rayan Cherki be named to the 2026 PFA Premier League Team of the Year?,0xf1bef1d60925998b7577b014ea907965209b9045c197e79e77eb14439d7c431a,"[""44002481860388892740183335966007748831643129921411222940033401480764334836407"", ""47465498507287502475094187263593898643776563896680345103863507875745126656121""]",44002481860388892740183335966007748831643129921411222940033401480764334836407|47465498507287502475094187263593898643776563896680345103863507875745126656121,47465498507287502475094187263593898643776563896680345103863507875745126656121,No,True,0.21,15.18,0.6,100.0,0.40499999999999997,0.39,1503ec079d45a63e257d9fcc640fcc4e2ed6a9cd,0.01,5,,70.2757,6.77966
2026-08-01T04:48:16Z,EPL,435490,epl-2026-team-of-the-season,EPL: 2026 PFA Team of the Year,2026-05-01T16:17:58.439577Z,2127680,will-dominik-szoboszlai-be-named-to-the-2026-pfa-premier-league-team-of-the-year,Will Dominik Szoboszlai be named to the 2026 PFA Premier League Team of the Year?,0xd5a172faaf27f951f5bc5c2d19f18367ab85e9c963e7357a8433da84e895507e,"[""10904347939559348084889283384973600207001307228767801114856379948987944051302"", ""63514807846207217791796334733580770155958510280638850911506455990693175502240""]",10904347939559348084889283384973600207001307228767801114856379948987944051302|63514807846207217791796334733580770155958510280638850911506455990693175502240,10904347939559348084889283384973600207001307228767801114856379948987944051302,Yes,True,0.01,78.4,0.2,5.0,0.10500000000000001,0.19,76b17874468ce591a4f912a41180cd5e339bc2fc,0.01,5,,7.0147,100
2026-08-01T04:48:16Z,EPL,435490,epl-2026-team-of-the-season,EPL: 2026 PFA Team of the Year,2026-05-01T16:17:58.439577Z,2127680,will-dominik-szoboszlai-be-named-to-the-2026-pfa-premier-league-team-of-the-year,Will Dominik Szoboszlai be named to the 2026 PFA Premier League Team of the Year?,0xd5a172faaf27f951f5bc5c2d19f18367ab85e9c963e7357a8433da84e895507e,"[""10904347939559348084889283384973600207001307228767801114856379948987944051302"", ""63514807846207217791796334733580770155958510280638850911506455990693175502240""]",10904347939559348084889283384973600207001307228767801114856379948987944051302|63514807846207217791796334733580770155958510280638850911506455990693175502240,63514807846207217791796334733580770155958510280638850911506455990693175502240,No,True,0.8,5.0,0.99,78.4,0.895,0.18999999999999995,1be7ec22dd4e54a57f178a0e0e9400d990c65521,0.01,5,,7.0147,100
2026-08-01T04:48:16Z,EPL,435490,epl-2026-team-of-the-season,EPL: 2026 PFA Team of the Year,2026-05-01T16:17:58.439577Z,2127681,will-moises-caicedo-be-named-to-the-2026-pfa-premier-league-team-of-the-year,Will Moises Caicedo be named to the 2026 PFA Premier League Team of the Year?,0x6a8a0e28a90c3880e21bb6de9eb98f12d5e81a8d88570a2c5b855ee60b6263ba,"[""13244409081849499988815460722411109697257731580831464114667102436005675343259"", ""41998463599395516608520033462694074004839767261466278584344671813809549672424""]",13244409081849499988815460722411109697257731580831464114667102436005675343259|41998463599395516608520033462694074004839767261466278584344671813809549672424,13244409081849499988815460722411109697257731580831464114667102436005675343259,Yes,True,0.01,78.4,0.31,7.22,0.16,0.3,8d10df0d695c69eca4ffd0463e47d8133b816caa,0.01,5,,78.9124,
2026-08-01T04:48:16Z,EPL,435490,epl-2026-team-of-the-season,EPL: 2026 PFA Team of the Year,2026-05-01T16:17:58.439577Z,2127681,will-moises-caicedo-be-named-to-the-2026-pfa-premier-league-team-of-the-year,Will Moises Caicedo be named to the 2026 PFA Premier League Team of the Year?,0x6a8a0e28a90c3880e21bb6de9eb98f12d5e81a8d88570a2c5b855ee60b6263ba,"[""13244409081849499988815460722411109697257731580831464114667102436005675343259"", ""41998463599395516608520033462694074004839767261466278584344671813809549672424""]",13244409081849499988815460722411109697257731580831464114667102436005675343259|41998463599395516608520033462694074004839767261466278584344671813809549672424,41998463599395516608520033462694074004839767261466278584344671813809549672424,No,True,0.69,7.22,0.99,78.4,0.84,0.30000000000000004,bd658d3b3e3948b27a8720cd43871ee2d39a22f0,0.01,5,,78.9124,
2026-08-01T04:48:16Z,EPL,435490,epl-2026-team-of-the-season,EPL: 2026 PFA Team of the Year,2026-05-01T16:17:58.439577Z,2127682,will-elliot-anderson-be-named-to-the-2026-pfa-premier-league-team-of-the-year,Will Elliot Anderson be named to the 2026 PFA Premier League Team of the Year?,0x3e7b9aff81e624e4f9ef7677696f2d4fae5837bdf83bd9ed2d62ec7a87aaf7a6,"[""2770428290325312677871192984476250158140993595717599201621714256969118294243"", ""87005572382727825804817777311897399081855387101457739624425019964385877189800""]",2770428290325312677871192984476250158140993595717599201621714256969118294243|87005572382727825804817777311897399081855387101457739624425019964385877189800,2770428290325312677871192984476250158140993595717599201621714256969118294243,Yes,True,0.27,8.58,0.43,7.18,0.35,0.15999999999999998,2c8c77535780db87751abf8f239e7dc9e6605cb0,0.01,5,,105.8092,
2026-08-01T04:48:16Z,EPL,435490,epl-2026-team-of-the-season,EPL: 2026 PFA Team of the Year,2026-05-01T16:17:58.439577Z,2127682,will-elliot-anderson-be-named-to-the-2026-pfa-premier-league-team-of-the-year,Will Elliot Anderson be named to the 2026 PFA Premier League Team of the Year?,0x3e7b9aff81e624e4f9ef7677696f2d4fae5837bdf83bd9ed2d62ec7a87aaf7a6,"[""2770428290325312677871192984476250158140993595717599201621714256969118294243"", ""87005572382727825804817777311897399081855387101457739624425019964385877189800""]",2770428290325312677871192984476250158140993595717599201621714256969118294243|87005572382727825804817777311897399081855387101457739624425019964385877189800,87005572382727825804817777311897399081855387101457739624425019964385877189800,No,True,0.57,7.18,0.73,8.58,0.6499999999999999,0.16000000000000003,e109eccb4ab798a21b327143a8464c79332fae3d,0.01,5,,105.8092,
2026-08-01T04:48:16Z,EPL,435490,epl-2026-team-of-the-season,EPL: 2026 PFA Team of the Year,2026-05-01T16:17:58.439577Z,2127683,will-erling-haaland-be-named-to-the-2026-pfa-premier-league-team-of-the-year,Will Erling Haaland be named to the 2026 PFA Premier League Team of the Year?,0x0a3ee85120cf7d2febbaba00b787db1bd1fdc7f80f8277d89675736a430e2065,"[""36505760582912364024564187063352953937975349358323597571083864672476590879653"", ""36939641234709193046881505450280116016622287455799963152747536559103079527590""]",36505760582912364024564187063352953937975349358323597571083864672476590879653|36939641234709193046881505450280116016622287455799963152747536559103079527590,36505760582912364024564187063352953937975349358323597571083864672476590879653,Yes,True,0.84,305.94,0.97,11.02,0.905,0.13,309f8a3e21f280567295c81d7378e11b0bbb3052,0.01,5,,476.6595,
2026-08-01T04:48:16Z,EPL,435490,epl-2026-team-of-the-season,EPL: 2026 PFA Team of the Year,2026-05-01T16:17:58.439577Z,2127683,will-erling-haaland-be-named-to-the-2026-pfa-premier-league-team-of-the-year,Will Erling Haaland be named to the 2026 PFA Premier League Team of the Year?,0x0a3ee85120cf7d2febbaba00b787db1bd1fdc7f80f8277d89675736a430e2065,"[""36505760582912364024564187063352953937975349358323597571083864672476590879653"", ""36939641234709193046881505450280116016622287455799963152747536559103079527590""]",36505760582912364024564187063352953937975349358323597571083864672476590879653|36939641234709193046881505450280116016622287455799963152747536559103079527590,36939641234709193046881505450280116016622287455799963152747536559103079527590,No,True,0.03,11.02,0.16,305.94,0.095,0.13,f6a694494d8724cea4ce1703bd87ea94d15b7945,0.01,5,,476.6595,
2026-08-01T04:48:16Z,EPL,435490,epl-2026-team-of-the-season,EPL: 2026 PFA Team of the Year,2026-05-01T16:17:58.439577Z,2127684,will-hugo-ekitike-be-named-to-the-2026-pfa-premier-league-team-of-the-year,Will Hugo Ekitike be named to the 2026 PFA Premier League Team of the Year?,0x3ac387fc809af29edadb0c1881ecd88319f8b4ebb5b0a89a77a84e85f4a2099c,"[""21160761171799050394335213154237360537464294007297740615880003417666696561468"", ""57509889980199562878580001207297131252053963359675973392844979135378456666743""]",21160761171799050394335213154237360537464294007297740615880003417666696561468|57509889980199562878580001207297131252053963359675973392844979135378456666743,21160761171799050394335213154237360537464294007297740615880003417666696561468,Yes,True,0.01,78.4,0.18,10.0,0.095,0.16999999999999998,ee3246516b5355264efd16b3cf07b4b8103cd463,0.01,5,,13.942,
2026-08-01T04:48:16Z,EPL,435490,epl-2026-team-of-the-season,EPL: 2026 PFA Team of the Year,2026-05-01T16:17:58.439577Z,2127684,will-hugo-ekitike-be-named-to-the-2026-pfa-premier-league-team-of-the-year,Will Hugo Ekitike be named to the 2026 PFA Premier League Team of the Year?,0x3ac387fc809af29edadb0c1881ecd88319f8b4ebb5b0a89a77a84e85f4a2099c,"[""21160761171799050394335213154237360537464294007297740615880003417666696561468"", ""57509889980199562878580001207297131252053963359675973392844979135378456666743""]",21160761171799050394335213154237360537464294007297740615880003417666696561468|57509889980199562878580001207297131252053963359675973392844979135378456666743,57509889980199562878580001207297131252053963359675973392844979135378456666743,No,True,0.82,10.0,0.99,78.4,0.905,0.17000000000000004,2752683661d4d5e1764eb2bc4aa1df4eca6e8ec4,0.01,5,,13.942,
2026-08-01T04:48:16Z,EPL,435490,epl-2026-team-of-the-season,EPL: 2026 PFA Team of the Year,2026-05-01T16:17:58.439577Z,2127685,will-igor-thiago-be-named-to-the-2026-pfa-premier-league-team-of-the-year,Will Igor Thiago be named to the 2026 PFA Premier League Team of the Year?,0x2565964258328ceff81b8dd027a9b4bfae11353bbfbb3e27625da025fffc2d97,"[""45116472354972988677943929968423217543948497597214084731838340702588569592863"", ""57509607526871690199395719807389480255858394821926865896302284337840164838738""]",45116472354972988677943929968423217543948497597214084731838340702588569592863|57509607526871690199395719807389480255858394821926865896302284337840164838738,45116472354972988677943929968423217543948497597214084731838340702588569592863,Yes,True,0.26,8.66,0.47,7.44,0.365,0.20999999999999996,842419c255cdd566c7d84e431bbbaa480b140717,0.01,5,,111.9906,
2026-08-01T04:48:16Z,EPL,435490,epl-2026-team-of-the-season,EPL: 2026 PFA Team of the Year,2026-05-01T16:17:58.439577Z,2127685,will-igor-thiago-be-named-to-the-2026-pfa-premier-league-team-of-the-year,Will Igor Thiago be named to the 2026 PFA Premier League Team of the Year?,0x2565964258328ceff81b8dd027a9b4bfae11353bbfbb3e27625da025fffc2d97,"[""45116472354972988677943929968423217543948497597214084731838340702588569592863"", ""57509607526871690199395719807389480255858394821926865896302284337840164838738""]",45116472354972988677943929968423217543948497597214084731838340702588569592863|57509607526871690199395719807389480255858394821926865896302284337840164838738,57509607526871690199395719807389480255858394821926865896302284337840164838738,No,True,0.53,7.44,0.74,8.66,0.635,0.20999999999999996,e32d71f120f7e9c1fdd1057271593680f41d6106,0.01,5,,111.9906,
2026-08-01T04:48:16Z,EPL,435490,epl-2026-team-of-the-season,EPL: 2026 PFA Team of the Year,2026-05-01T16:17:58.439577Z,2127686,will-joo-pedro-be-named-to-the-2026-pfa-premier-league-team-of-the-year,Will João Pedro be named to the 2026 PFA Premier League Team of the Year?,0x6fce5bfb34549a3a2c919a87ed5948038ae259334b99c7626269b54b5aec2e0e,"[""32710637391248437289327028678783582535502723443825413307615920275857755767269"", ""76494283295406840675256483217001111989666469664619203128145658200939942333539""]",32710637391248437289327028678783582535502723443825413307615920275857755767269|76494283295406840675256483217001111989666469664619203128145658200939942333539,32710637391248437289327028678783582535502723443825413307615920275857755767269,Yes,True,0.01,78.4,0.18,69.39,0.095,0.16999999999999998,7e20d411682b519aca9aa0545c62d9c6c129887b,0.01,5,,59.4678,57.777776
2026-08-01T04:48:16Z,EPL,435490,epl-2026-team-of-the-season,EPL: 2026 PFA Team of the Year,2026-05-01T16:17:58.439577Z,2127686,will-joo-pedro-be-named-to-the-2026-pfa-premier-league-team-of-the-year,Will João Pedro be named to the 2026 PFA Premier League Team of the Year?,0x6fce5bfb34549a3a2c919a87ed5948038ae259334b99c7626269b54b5aec2e0e,"[""32710637391248437289327028678783582535502723443825413307615920275857755767269"", ""76494283295406840675256483217001111989666469664619203128145658200939942333539""]",32710637391248437289327028678783582535502723443825413307615920275857755767269|76494283295406840675256483217001111989666469664619203128145658200939942333539,76494283295406840675256483217001111989666469664619203128145658200939942333539,No,True,0.82,69.39,0.99,78.4,0.905,0.17000000000000004,f3eafb2f4b26dcd3aa69bdff713be12429854eea,0.01,5,,59.4678,57.777776
2026-08-01T04:48:16Z,EPL,435490,epl-2026-team-of-the-season,EPL: 2026 PFA Team of the Year,2026-05-01T16:17:58.439577Z,2127687,will-morgan-rogers-be-named-to-the-2026-pfa-premier-league-team-of-the-year,Will Morgan Rogers be named to the 2026 PFA Premier League Team of the Year?,0x96b8591e61ab8153068ed93e54c013f0e6b89cea2aa4e133fdfd9dafcded9277,"[""35606525977135678474506342380680226214353069361032301286284296655225714906882"", ""21333608757853284524355908501060578820412665842300321107531640970971045399525""]",35606525977135678474506342380680226214353069361032301286284296655225714906882|21333608757853284524355908501060578820412665842300321107531640970971045399525,35606525977135678474506342380680226214353069361032301286284296655225714906882,Yes,True,0.01,78.4,0.72,10.0,0.365,0.71,fdc688689213e9aed86da80f232a167f9b438f33,0.01,5,,5.5179,
2026-08-01T04:48:16Z,EPL,435490,epl-2026-team-of-the-season,EPL: 2026 PFA Team of the Year,2026-05-01T16:17:58.439577Z,2127687,will-morgan-rogers-be-named-to-the-2026-pfa-premier-league-team-of-the-year,Will Morgan Rogers be named to the 2026 PFA Premier League Team of the Year?,0x96b8591e61ab8153068ed93e54c013f0e6b89cea2aa4e133fdfd9dafcded9277,"[""35606525977135678474506342380680226214353069361032301286284296655225714906882"", ""21333608757853284524355908501060578820412665842300321107531640970971045399525""]",35606525977135678474506342380680226214353069361032301286284296655225714906882|21333608757853284524355908501060578820412665842300321107531640970971045399525,21333608757853284524355908501060578820412665842300321107531640970971045399525,No,True,0.28,10.0,0.99,78.4,0.635,0.71,c4a1497cf614f6dcfa07d6b161029f0472490c39,0.01,5,,5.5179,
2026-08-01T04:48:16Z,EPL,435490,epl-2026-team-of-the-season,EPL: 2026 PFA Team of the Year,2026-05-01T16:17:58.439577Z,2127688,will-antoine-semenyo-be-named-to-the-2026-pfa-premier-league-team-of-the-year,Will Antoine Semenyo be named to the 2026 PFA Premier League Team of the Year?,0x1220c8ad3de1b3e3a079e832ec53f3cd4c3f014685820c7364e6feeec413e4d8,"[""76296603541032491222249921378613877627058194760954506807014743183408941333618"", ""21304560232739094042644316740439641499393814233414419162298081903469670924441""]",76296603541032491222249921378613877627058194760954506807014743183408941333618|21304560232739094042644316740439641499393814233414419162298081903469670924441,76296603541032491222249921378613877627058194760954506807014743183408941333618,Yes,True,0.18,9.26,0.59,7.86,0.385,0.41,d30fb9f912104506553610e29e5fe70b0a9fa4b6,0.01,5,,237.6349,2.08165
2026-08-01T04:48:16Z,EPL,435490,epl-2026-team-of-the-season,EPL: 2026 PFA Team of the Year,2026-05-01T16:17:58.439577Z,2127688,will-antoine-semenyo-be-named-to-the-2026-pfa-premier-league-team-of-the-year,Will Antoine Semenyo be named to the 2026 PFA Premier League Team of the Year?,0x1220c8ad3de1b3e3a079e832ec53f3cd4c3f014685820c7364e6feeec413e4d8,"[""76296603541032491222249921378613877627058194760954506807014743183408941333618"", ""21304560232739094042644316740439641499393814233414419162298081903469670924441""]",76296603541032491222249921378613877627058194760954506807014743183408941333618|21304560232739094042644316740439641499393814233414419162298081903469670924441,21304560232739094042644316740439641499393814233414419162298081903469670924441,No,True,0.41,7.86,0.82,9.26,0.615,0.41,175db878ad06362a01db635b65570ce8810dffd9,0.01,5,,237.6349,2.08165
2026-08-01T04:48:16Z,EPL,435490,epl-2026-team-of-the-season,EPL: 2026 PFA Team of the Year,2026-05-01T16:17:58.439577Z,2127689,will-jeremy-doku-be-named-to-the-2026-pfa-premier-league-team-of-the-year,Will Jeremy Doku be named to the 2026 PFA Premier League Team of the Year?,0xa879be670c7ecf3087a8bf9fc8cf43b4e415502e71e7910dd63ac8f80a56d87b,"[""3879696626646145930128886354978365884788235204398514844964568164322230593973"", ""79551627668553765432569263846776420950508270405186694496807348421004929288226""]",3879696626646145930128886354978365884788235204398514844964568164322230593973|79551627668553765432569263846776420950508270405186694496807348421004929288226,3879696626646145930128886354978365884788235204398514844964568164322230593973,Yes,True,0.01,14.32,0.26,6.74,0.135,0.25,fb774b764954802540cc122e26fa70812fd2991b,0.01,5,,808.8146,
2026-08-01T04:48:16Z,EPL,435490,epl-2026-team-of-the-season,EPL: 2026 PFA Team of the Year,2026-05-01T16:17:58.439577Z,2127689,will-jeremy-doku-be-named-to-the-2026-pfa-premier-league-team-of-the-year,Will Jeremy Doku be named to the 2026 PFA Premier League Team of the Year?,0xa879be670c7ecf3087a8bf9fc8cf43b4e415502e71e7910dd63ac8f80a56d87b,"[""3879696626646145930128886354978365884788235204398514844964568164322230593973"", ""79551627668553765432569263846776420950508270405186694496807348421004929288226""]",3879696626646145930128886354978365884788235204398514844964568164322230593973|79551627668553765432569263846776420950508270405186694496807348421004929288226,79551627668553765432569263846776420950508270405186694496807348421004929288226,No,True,0.74,6.74,0.99,14.32,0.865,0.25,eb97290806e2c1b3cff8235d7e52bf021605939a,0.01,5,,808.8146,
2026-08-01T04:48:16Z,EPL,435490,epl-2026-team-of-the-season,EPL: 2026 PFA Team of the Year,2026-05-01T16:17:58.439577Z,2127690,will-bryan-mbeumo-be-named-to-the-2026-pfa-premier-league-team-of-the-year,Will Bryan Mbeumo be named to the 2026 PFA Premier League Team of the Year?,0xbc5c1fe3e7dd57070ca528cd85b158334b7aa9ee0c87b22c861586f82f115f53,"[""91785058119765698978951103847186849259631214663163177270696303972172010570357"", ""57423228513700841810717133678013622282899538997222385821885417665448518434118""]",91785058119765698978951103847186849259631214663163177270696303972172010570357|57423228513700841810717133678013622282899538997222385821885417665448518434118,91785058119765698978951103847186849259631214663163177270696303972172010570357,Yes,True,0.05,20.0,0.36,6.6,0.205,0.31,0510c2a713073490527f3c9fbb4366cdc653622d,0.01,5,,70.7916,
2026-08-01T04:48:16Z,EPL,435490,epl-2026-team-of-the-season,EPL: 2026 PFA Team of the Year,2026-05-01T16:17:58.439577Z,2127690,will-bryan-mbeumo-be-named-to-the-2026-pfa-premier-league-team-of-the-year,Will Bryan Mbeumo be named to the 2026 PFA Premier League Team of the Year?,0xbc5c1fe3e7dd57070ca528cd85b158334b7aa9ee0c87b22c861586f82f115f53,"[""91785058119765698978951103847186849259631214663163177270696303972172010570357"", ""57423228513700841810717133678013622282899538997222385821885417665448518434118""]",91785058119765698978951103847186849259631214663163177270696303972172010570357|57423228513700841810717133678013622282899538997222385821885417665448518434118,57423228513700841810717133678013622282899538997222385821885417665448518434118,No,True,0.64,6.6,0.95,20.0,0.7949999999999999,0.30999999999999994,8e6814ec72fb17f794a562a98b904930bf5f0478,0.01,5,,70.7916,
2026-08-01T04:48:16Z,EPL,435490,epl-2026-team-of-the-season,EPL: 2026 PFA Team of the Year,2026-05-01T16:17:58.439577Z,2127691,will-jarrod-bowen-be-named-to-the-2026-pfa-premier-league-team-of-the-year,Will Jarrod Bowen be named to the 2026 PFA Premier League Team of the Year?,0x7352d3b05ddd64c22487c855e05c0485348e49d0dad74d9bde2c0478db43701e,"[""72676667720459668200165137999841534576126998576490942457742996617745849748718"", ""93972487936526721423770075279455909737407561133246099106446256232697159064557""]",72676667720459668200165137999841534576126998576490942457742996617745849748718|93972487936526721423770075279455909737407561133246099106446256232697159064557,72676667720459668200165137999841534576126998576490942457742996617745849748718,Yes,True,0.01,78.4,0.1,117.68,0.055,0.09000000000000001,e2e638ed4fb0b59ce11f1a062a7089fca24f4ffd,0.01,5,,110.8594,
2026-08-01T04:48:16Z,EPL,435490,epl-2026-team-of-the-season,EPL: 2026 PFA Team of the Year,2026-05-01T16:17:58.439577Z,2127691,will-jarrod-bowen-be-named-to-the-2026-pfa-premier-league-team-of-the-year,Will Jarrod Bowen be named to the 2026 PFA Premier League Team of the Year?,0x7352d3b05ddd64c22487c855e05c0485348e49d0dad74d9bde2c0478db43701e,"[""72676667720459668200165137999841534576126998576490942457742996617745849748718"", ""93972487936526721423770075279455909737407561133246099106446256232697159064557""]",72676667720459668200165137999841534576126998576490942457742996617745849748718|93972487936526721423770075279455909737407561133246099106446256232697159064557,93972487936526721423770075279455909737407561133246099106446256232697159064557,No,True,0.9,117.68,0.99,78.4,0.9450000000000001,0.08999999999999997,55afe05d69cf38264f11099d717b8a20fd34c167,0.01,5,,110.8594,
2026-08-01T04:48:16Z,EPL,435490,epl-2026-team-of-the-season,EPL: 2026 PFA Team of the Year,2026-05-01T16:17:58.439577Z,2127692,will-phil-foden-be-named-to-the-2026-pfa-premier-league-team-of-the-year,Will Phil Foden be named to the 2026 PFA Premier League Team of the Year?,0x0f4085f5c4961b9029c600d4f976d0594a302e9f365552b48f500b655f2ac4fa,"[""8033894410953638407847681522327346336043237396295679948351222439635117761656"", ""89182645560093896409280692775338915223534298743660692930735700909064064285484""]",8033894410953638407847681522327346336043237396295679948351222439635117761656|89182645560093896409280692775338915223534298743660692930735700909064064285484,8033894410953638407847681522327346336043237396295679948351222439635117761656,Yes,True,0.01,78.4,0.19,10.0,0.1,0.18,c927cc8e41866ccdfc855438c30158eec7437d86,0.01,5,,153.1174,
2026-08-01T04:48:16Z,EPL,435490,epl-2026-team-of-the-season,EPL: 2026 PFA Team of the Year,2026-05-01T16:17:58.439577Z,2127692,will-phil-foden-be-named-to-the-2026-pfa-premier-league-team-of-the-year,Will Phil Foden be named to the 2026 PFA Premier League Team of the Year?,0x0f4085f5c4961b9029c600d4f976d0594a302e9f365552b48f500b655f2ac4fa,"[""8033894410953638407847681522327346336043237396295679948351222439635117761656"", ""89182645560093896409280692775338915223534298743660692930735700909064064285484""]",8033894410953638407847681522327346336043237396295679948351222439635117761656|89182645560093896409280692775338915223534298743660692930735700909064064285484,89182645560093896409280692775338915223534298743660692930735700909064064285484,No,True,0.81,10.0,0.99,78.4,0.9,0.17999999999999994,cdc22f7357079e4aedf634c7df7fa5245415c7c7,0.01,5,,153.1174,
2026-08-01T04:48:16Z,EPL,435490,epl-2026-team-of-the-season,EPL: 2026 PFA Team of the Year,2026-05-01T16:17:58.439577Z,2127693,will-bukayo-saka-be-named-to-the-2026-pfa-premier-league-team-of-the-year,Will Bukayo Saka be named to the 2026 PFA Premier League Team of the Year?,0xb31d5274c8acbc2b023593c03fe1cb6367f42a9596ebb5d61b3204457b980730,"[""3899512605908669133631802955015968710467998848723391934123440957914049621850"", ""50079801685037680014087676599806731271595381000363699907442053815397821742247""]",3899512605908669133631802955015968710467998848723391934123440957914049621850|50079801685037680014087676599806731271595381000363699907442053815397821742247,3899512605908669133631802955015968710467998848723391934123440957914049621850,Yes,True,0.38,7.98,0.75,10.7,0.565,0.37,300ccad5e2d64ea693c2eddb8506ce10a987dd9a,0.01,5,,77.9591,46.51335400000001
2026-08-01T04:48:16Z,EPL,435490,epl-2026-team-of-the-season,EPL: 2026 PFA Team of the Year,2026-05-01T16:17:58.439577Z,2127693,will-bukayo-saka-be-named-to-the-2026-pfa-premier-league-team-of-the-year,Will Bukayo Saka be named to the 2026 PFA Premier League Team of the Year?,0xb31d5274c8acbc2b023593c03fe1cb6367f42a9596ebb5d61b3204457b980730,"[""3899512605908669133631802955015968710467998848723391934123440957914049621850"", ""50079801685037680014087676599806731271595381000363699907442053815397821742247""]",3899512605908669133631802955015968710467998848723391934123440957914049621850|50079801685037680014087676599806731271595381000363699907442053815397821742247,50079801685037680014087676599806731271595381000363699907442053815397821742247,No,True,0.25,10.7,0.62,7.98,0.435,0.37,17607ebc7f759d20ccd0c95f390f70e33f16db6a,0.01,5,,77.9591,46.51335400000001
2026-08-01T04:48:16Z,EPL,741502,epl-will-jeff-bezos-be-announced-as-new-liverpool-owner-in-2026-20260722181029339,EPL: Will Jeff Bezos Be Announced as New Liverpool Owner in 2026?,2026-07-24T02:09:07.515064Z,3075557,epl-will-jeff-bezos-be-announced-as-new-liverpool-owner-in-2026-20260722181029339,EPL: Will Jeff Bezos Be Announced as New Liverpool Owner in 2026?,0xf80b06a0af0b0d125260dd874181f7719b744202726b1261630c1e6f47d194b2,"[""111441089755454304558071463386774833085904282688880366696455604871865425149250"", ""96618024647558019955854864607964662434776153113184066607977558350988819171463""]",111441089755454304558071463386774833085904282688880366696455604871865425149250|96618024647558019955854864607964662434776153113184066607977558350988819171463,111441089755454304558071463386774833085904282688880366696455604871865425149250,Yes,True,0.05,31.59,0.38,40.0,0.215,0.33,164a6e739a390327456e60180472f3479d8a6bcc,0.01,5,0.840,80.4521,2530.877093
2026-08-01T04:48:16Z,EPL,741502,epl-will-jeff-bezos-be-announced-as-new-liverpool-owner-in-2026-20260722181029339,EPL: Will Jeff Bezos Be Announced as New Liverpool Owner in 2026?,2026-07-24T02:09:07.515064Z,3075557,epl-will-jeff-bezos-be-announced-as-new-liverpool-owner-in-2026-20260722181029339,EPL: Will Jeff Bezos Be Announced as New Liverpool Owner in 2026?,0xf80b06a0af0b0d125260dd874181f7719b744202726b1261630c1e6f47d194b2,"[""111441089755454304558071463386774833085904282688880366696455604871865425149250"", ""96618024647558019955854864607964662434776153113184066607977558350988819171463""]",111441089755454304558071463386774833085904282688880366696455604871865425149250|96618024647558019955854864607964662434776153113184066607977558350988819171463,96618024647558019955854864607964662434776153113184066607977558350988819171463,No,True,0.62,40.0,0.95,31.59,0.7849999999999999,0.32999999999999996,7f92dccf5eeb57513d94dfc8e175c6e6b3f3dc2d,0.01,5,0.840,80.4521,2530.877093
2026-08-01T07:21:11Z,EPL,333084,epl-team-to-qualify-for-uefa-conference-league,EPL: Team to qualify for UEFA Conference League,2026-04-01T17:27:13.650134Z,1818367,will-arsenal-qualify-for-the-league-phase-of-the-2026-27-uefa-conference-league,Will Arsenal qualify for the League Phase of the 2026-27 UEFA Conference League?,0xe303639e6e879ac5dac9632362583523a2c1ff1ac46645f45fd5c1e7034b3ef7,"[""68901380712839851395966644282518000143877097473327410904576810621084636054002"", ""14101352633367703776049560107649243928150035657062243340231594815518398887879""]",68901380712839851395966644282518000143877097473327410904576810621084636054002|14101352633367703776049560107649243928150035657062243340231594815518398887879,68901380712839851395966644282518000143877097473327410904576810621084636054002,Yes,False,,,,,,,,,,,,467.35890000000006
2026-08-01T07:21:11Z,EPL,333084,epl-team-to-qualify-for-uefa-conference-league,EPL: Team to qualify for UEFA Conference League,2026-04-01T17:27:13.650134Z,1818367,will-arsenal-qualify-for-the-league-phase-of-the-2026-27-uefa-conference-league,Will Arsenal qualify for the League Phase of the 2026-27 UEFA Conference League?,0xe303639e6e879ac5dac9632362583523a2c1ff1ac46645f45fd5c1e7034b3ef7,"[""68901380712839851395966644282518000143877097473327410904576810621084636054002"", ""14101352633367703776049560107649243928150035657062243340231594815518398887879""]",68901380712839851395966644282518000143877097473327410904576810621084636054002|14101352633367703776049560107649243928150035657062243340231594815518398887879,14101352633367703776049560107649243928150035657062243340231594815518398887879,No,False,,,,,,,,,,,,467.35890000000006
2026-08-01T07:21:11Z,EPL,333084,epl-team-to-qualify-for-uefa-conference-league,EPL: Team to qualify for UEFA Conference League,2026-04-01T17:27:13.650134Z,1818368,will-aston-villa-qualify-for-the-league-phase-of-the-2026-27-uefa-conference-league,Will Aston Villa qualify for the League Phase of the 2026-27 UEFA Conference League?,0x28177c964d8b9d218ddc13dac289b4d63545aec7329fb69b12413e1a10a75457,"[""31823132354185101528875214330987706903655516243832510690074648671327601851551"", ""24610182176230826024523430019874907375950075107195029433984156474474467506756""]",31823132354185101528875214330987706903655516243832510690074648671327601851551|24610182176230826024523430019874907375950075107195029433984156474474467506756,31823132354185101528875214330987706903655516243832510690074648671327601851551,Yes,False,,,,,,,,,,,,118.34
2026-08-01T07:21:11Z,EPL,333084,epl-team-to-qualify-for-uefa-conference-league,EPL: Team to qualify for UEFA Conference League,2026-04-01T17:27:13.650134Z,1818368,will-aston-villa-qualify-for-the-league-phase-of-the-2026-27-uefa-conference-league,Will Aston Villa qualify for the League Phase of the 2026-27 UEFA Conference League?,0x28177c964d8b9d218ddc13dac289b4d63545aec7329fb69b12413e1a10a75457,"[""31823132354185101528875214330987706903655516243832510690074648671327601851551"", ""24610182176230826024523430019874907375950075107195029433984156474474467506756""]",31823132354185101528875214330987706903655516243832510690074648671327601851551|24610182176230826024523430019874907375950075107195029433984156474474467506756,24610182176230826024523430019874907375950075107195029433984156474474467506756,No,False,,,,,,,,,,,,118.34
2026-08-01T07:21:11Z,EPL,333084,epl-team-to-qualify-for-uefa-conference-league,EPL: Team to qualify for UEFA Conference League,2026-04-01T17:27:13.650134Z,1818369,will-bournemouth-qualify-for-the-league-phase-of-the-2026-27-uefa-conference-league,Will Bournemouth qualify for the League Phase of the 2026-27 UEFA Conference League?,0x767a11689ea743287c46af43309a57c52055b201a44546f1151ebe770848a4c2,"[""51037068800800327301977700578792391802166844203670527997794112211084782282749"", ""49880512765242008305101129568216821495775216606287544487246019230820484318812""]",51037068800800327301977700578792391802166844203670527997794112211084782282749|49880512765242008305101129568216821495775216606287544487246019230820484318812,51037068800800327301977700578792391802166844203670527997794112211084782282749,Yes,False,,,,,,,,,,,,104.230768
2026-08-01T07:21:11Z,EPL,333084,epl-team-to-qualify-for-uefa-conference-league,EPL: Team to qualify for UEFA Conference League,2026-04-01T17:27:13.650134Z,1818369,will-bournemouth-qualify-for-the-league-phase-of-the-2026-27-uefa-conference-league,Will Bournemouth qualify for the League Phase of the 2026-27 UEFA Conference League?,0x767a11689ea743287c46af43309a57c52055b201a44546f1151ebe770848a4c2,"[""51037068800800327301977700578792391802166844203670527997794112211084782282749"", ""49880512765242008305101129568216821495775216606287544487246019230820484318812""]",51037068800800327301977700578792391802166844203670527997794112211084782282749|49880512765242008305101129568216821495775216606287544487246019230820484318812,49880512765242008305101129568216821495775216606287544487246019230820484318812,No,False,,,,,,,,,,,,104.230768
2026-08-01T07:21:11Z,EPL,333084,epl-team-to-qualify-for-uefa-conference-league,EPL: Team to qualify for UEFA Conference League,2026-04-01T17:27:13.650134Z,1818370,will-brentford-qualify-for-the-league-phase-of-the-2026-27-uefa-conference-league,Will Brentford qualify for the League Phase of the 2026-27 UEFA Conference League?,0x0389abffb5ab63bd6aa4c5a51d9d3aa9448f20cd4ce3aa635fefd2f2349c3a31,"[""28387783984422789854592851598345905688234938653031916751801472369971729754741"", ""114832188258694701659066568174555689813627221405189198849646410747085620840644""]",28387783984422789854592851598345905688234938653031916751801472369971729754741|114832188258694701659066568174555689813627221405189198849646410747085620840644,28387783984422789854592851598345905688234938653031916751801472369971729754741,Yes,False,,,,,,,,,,,,65
2026-08-01T07:21:11Z,EPL,333084,epl-team-to-qualify-for-uefa-conference-league,EPL: Team to qualify for UEFA Conference League,2026-04-01T17:27:13.650134Z,1818370,will-brentford-qualify-for-the-league-phase-of-the-2026-27-uefa-conference-league,Will Brentford qualify for the League Phase of the 2026-27 UEFA Conference League?,0x0389abffb5ab63bd6aa4c5a51d9d3aa9448f20cd4ce3aa635fefd2f2349c3a31,"[""28387783984422789854592851598345905688234938653031916751801472369971729754741"", ""114832188258694701659066568174555689813627221405189198849646410747085620840644""]",28387783984422789854592851598345905688234938653031916751801472369971729754741|114832188258694701659066568174555689813627221405189198849646410747085620840644,114832188258694701659066568174555689813627221405189198849646410747085620840644,No,False,,,,,,,,,,,,65
2026-08-01T07:21:11Z,EPL,333084,epl-team-to-qualify-for-uefa-conference-league,EPL: Team to qualify for UEFA Conference League,2026-04-01T17:27:13.650134Z,1818371,will-brighton-hove-albion-qualify-for-the-league-phase-of-the-2026-27-uefa-conference-league,Will Brighton & Hove Albion qualify for the League Phase of the 2026-27 UEFA Conference League?,0x4e11ad07550e879b771bb74aa2ac543182c0b555f4fd86aaa8c9818d64b91f25,"[""91139930726622392742704198140499166850579482457098783277042371092513674941494"", ""75555949500072945185762043512718261040129266196955015758692797567174442576587""]",91139930726622392742704198140499166850579482457098783277042371092513674941494|75555949500072945185762043512718261040129266196955015758692797567174442576587,91139930726622392742704198140499166850579482457098783277042371092513674941494,Yes,True,0.403,8.7,0.943,10.0,0.673,0.5399999999999999,4504d1e360e51102cf461a08f81476e5ce1b518a,0.001,5,0.900,165.98581,1233.9694859999997
2026-08-01T07:21:11Z,EPL,333084,epl-team-to-qualify-for-uefa-conference-league,EPL: Team to qualify for UEFA Conference League,2026-04-01T17:27:13.650134Z,1818371,will-brighton-hove-albion-qualify-for-the-league-phase-of-the-2026-27-uefa-conference-league,Will Brighton & Hove Albion qualify for the League Phase of the 2026-27 UEFA Conference League?,0x4e11ad07550e879b771bb74aa2ac543182c0b555f4fd86aaa8c9818d64b91f25,"[""91139930726622392742704198140499166850579482457098783277042371092513674941494"", ""75555949500072945185762043512718261040129266196955015758692797567174442576587""]",91139930726622392742704198140499166850579482457098783277042371092513674941494|75555949500072945185762043512718261040129266196955015758692797567174442576587,75555949500072945185762043512718261040129266196955015758692797567174442576587,No,True,0.057,10.0,0.597,8.7,0.327,0.5399999999999999,e7c33a117c06711762b6470abb57ea2189b65022,0.001,5,0.900,165.98581,1233.9694859999997
2026-08-01T07:21:11Z,EPL,333084,epl-team-to-qualify-for-uefa-conference-league,EPL: Team to qualify for UEFA Conference League,2026-04-01T17:27:13.650134Z,1818372,will-chelsea-qualify-for-the-league-phase-of-the-2026-27-uefa-conference-league,Will Chelsea qualify for the League Phase of the 2026-27 UEFA Conference League?,0xa0a419e4b455bbeb1ac06050bf572bbf636c70dc688f201eda6beb257e0ecccf,"[""24304404136401853611354679156736471836167449603878002382670170418575244748347"", ""34932573794344542041315686660932662303391519134203250572504686994553601884919""]",24304404136401853611354679156736471836167449603878002382670170418575244748347|34932573794344542041315686660932662303391519134203250572504686994553601884919,24304404136401853611354679156736471836167449603878002382670170418575244748347,Yes,False,,,,,,,,,,,,193.140308
2026-08-01T07:21:11Z,EPL,333084,epl-team-to-qualify-for-uefa-conference-league,EPL: Team to qualify for UEFA Conference League,2026-04-01T17:27:13.650134Z,1818372,will-chelsea-qualify-for-the-league-phase-of-the-2026-27-uefa-conference-league,Will Chelsea qualify for the League Phase of the 2026-27 UEFA Conference League?,0xa0a419e4b455bbeb1ac06050bf572bbf636c70dc688f201eda6beb257e0ecccf,"[""24304404136401853611354679156736471836167449603878002382670170418575244748347"", ""34932573794344542041315686660932662303391519134203250572504686994553601884919""]",24304404136401853611354679156736471836167449603878002382670170418575244748347|34932573794344542041315686660932662303391519134203250572504686994553601884919,34932573794344542041315686660932662303391519134203250572504686994553601884919,No,False,,,,,,,,,,,,193.140308
2026-08-01T07:21:11Z,EPL,333084,epl-team-to-qualify-for-uefa-conference-league,EPL: Team to qualify for UEFA Conference League,2026-04-01T17:27:13.650134Z,1818373,will-crystal-palace-qualify-for-the-league-phase-of-the-2026-27-uefa-conference-league,Will Crystal Palace qualify for the League Phase of the 2026-27 UEFA Conference League?,0x7fcff1b74a273c0e48b01dafa03fd994fc6d6a80faf2f401808a1f7c906231e2,"[""83595360800340582836220415327748792858014632655765677024450652227649872829217"", ""8722778550304158158775908112102831721712668882628498669387415627760731221547""]",83595360800340582836220415327748792858014632655765677024450652227649872829217|8722778550304158158775908112102831721712668882628498669387415627760731221547,83595360800340582836220415327748792858014632655765677024450652227649872829217,Yes,False,,,,,,,,,,,,55.10415
2026-08-01T07:21:11Z,EPL,333084,epl-team-to-qualify-for-uefa-conference-league,EPL: Team to qualify for UEFA Conference League,2026-04-01T17:27:13.650134Z,1818373,will-crystal-palace-qualify-for-the-league-phase-of-the-2026-27-uefa-conference-league,Will Crystal Palace qualify for the League Phase of the 2026-27 UEFA Conference League?,0x7fcff1b74a273c0e48b01dafa03fd994fc6d6a80faf2f401808a1f7c906231e2,"[""83595360800340582836220415327748792858014632655765677024450652227649872829217"", ""8722778550304158158775908112102831721712668882628498669387415627760731221547""]",83595360800340582836220415327748792858014632655765677024450652227649872829217|8722778550304158158775908112102831721712668882628498669387415627760731221547,8722778550304158158775908112102831721712668882628498669387415627760731221547,No,False,,,,,,,,,,,,55.10415
2026-08-01T07:21:11Z,EPL,333084,epl-team-to-qualify-for-uefa-conference-league,EPL: Team to qualify for UEFA Conference League,2026-04-01T17:27:13.650134Z,1818374,will-everton-qualify-for-the-league-phase-of-the-2026-27-uefa-conference-league,Will Everton qualify for the League Phase of the 2026-27 UEFA Conference League?,0xc2d06ea1b36aa2af374778802062278b37c0681e80b8b30d440eea8c89c69efa,"[""4166923647964243798214643118596450748550925708271797356837126450441673128307"", ""38675784671269789218225363889508272390729885225646140690421495748338190385226""]",4166923647964243798214643118596450748550925708271797356837126450441673128307|38675784671269789218225363889508272390729885225646140690421495748338190385226,4166923647964243798214643118596450748550925708271797356837126450441673128307,Yes,False,,,,,,,,,,,,481.81
2026-08-01T07:21:11Z,EPL,333084,epl-team-to-qualify-for-uefa-conference-league,EPL: Team to qualify for UEFA Conference League,2026-04-01T17:27:13.650134Z,1818374,will-everton-qualify-for-the-league-phase-of-the-2026-27-uefa-conference-league,Will Everton qualify for the League Phase of the 2026-27 UEFA Conference League?,0xc2d06ea1b36aa2af374778802062278b37c0681e80b8b30d440eea8c89c69efa,"[""4166923647964243798214643118596450748550925708271797356837126450441673128307"", ""38675784671269789218225363889508272390729885225646140690421495748338190385226""]",4166923647964243798214643118596450748550925708271797356837126450441673128307|38675784671269789218225363889508272390729885225646140690421495748338190385226,38675784671269789218225363889508272390729885225646140690421495748338190385226,No,False,,,,,,,,,,,,481.81
2026-08-01T07:21:11Z,EPL,333084,epl-team-to-qualify-for-uefa-conference-league,EPL: Team to qualify for UEFA Conference League,2026-04-01T17:27:13.650134Z,1818375,will-fulham-qualify-for-the-league-phase-of-the-2026-27-uefa-conference-league,Will Fulham qualify for the League Phase of the 2026-27 UEFA Conference League?,0xa9c80d9e6d42b63441eb65788fa6715dd14e46e84e92ab0af524aa71de00e9fe,"[""58173349290615436261874750189700214187364770220706840363443501392029514828013"", ""68870830613563352664780739176635792396465611522859759407689581346809698393825""]",58173349290615436261874750189700214187364770220706840363443501392029514828013|68870830613563352664780739176635792396465611522859759407689581346809698393825,58173349290615436261874750189700214187364770220706840363443501392029514828013,Yes,False,,,,,,,,,,,,529.6700000000001
2026-08-01T07:21:11Z,EPL,333084,epl-team-to-qualify-for-uefa-conference-league,EPL: Team to qualify for UEFA Conference League,2026-04-01T17:27:13.650134Z,1818375,will-fulham-qualify-for-the-league-phase-of-the-2026-27-uefa-conference-league,Will Fulham qualify for the League Phase of the 2026-27 UEFA Conference League?,0xa9c80d9e6d42b63441eb65788fa6715dd14e46e84e92ab0af524aa71de00e9fe,"[""58173349290615436261874750189700214187364770220706840363443501392029514828013"", ""68870830613563352664780739176635792396465611522859759407689581346809698393825""]",58173349290615436261874750189700214187364770220706840363443501392029514828013|68870830613563352664780739176635792396465611522859759407689581346809698393825,68870830613563352664780739176635792396465611522859759407689581346809698393825,No,False,,,,,,,,,,,,529.6700000000001
2026-08-01T07:21:11Z,EPL,333084,epl-team-to-qualify-for-uefa-conference-league,EPL: Team to qualify for UEFA Conference League,2026-04-01T17:27:13.650134Z,1818376,will-ipswich-town-qualify-for-the-league-phase-of-the-2026-27-uefa-conference-league,Will Ipswich Town qualify for the League Phase of the 2026-27 UEFA Conference League?,0xfd1fd6c7c9106ccdc0a48fb64385b352808d5f6a4eb0157cb37b834002772000,"[""34575040317828011543308948862359294748447343494151397521995978862299718496252"", ""32703218917373905712439402416747473136357574974365039086658033726899781984701""]",34575040317828011543308948862359294748447343494151397521995978862299718496252|32703218917373905712439402416747473136357574974365039086658033726899781984701,34575040317828011543308948862359294748447343494151397521995978862299718496252,Yes,False,,,,,,,,,,,,185.7979
2026-08-01T07:21:11Z,EPL,333084,epl-team-to-qualify-for-uefa-conference-league,EPL: Team to qualify for UEFA Conference League,2026-04-01T17:27:13.650134Z,1818376,will-ipswich-town-qualify-for-the-league-phase-of-the-2026-27-uefa-conference-league,Will Ipswich Town qualify for the League Phase of the 2026-27 UEFA Conference League?,0xfd1fd6c7c9106ccdc0a48fb64385b352808d5f6a4eb0157cb37b834002772000,"[""34575040317828011543308948862359294748447343494151397521995978862299718496252"", ""32703218917373905712439402416747473136357574974365039086658033726899781984701""]",34575040317828011543308948862359294748447343494151397521995978862299718496252|32703218917373905712439402416747473136357574974365039086658033726899781984701,32703218917373905712439402416747473136357574974365039086658033726899781984701,No,False,,,,,,,,,,,,185.7979
2026-08-01T07:21:11Z,EPL,333084,epl-team-to-qualify-for-uefa-conference-league,EPL: Team to qualify for UEFA Conference League,2026-04-01T17:27:13.650134Z,1818377,will-leicester-city-qualify-for-the-league-phase-of-the-2026-27-uefa-conference-league,Will Leicester City qualify for the League Phase of the 2026-27 UEFA Conference League?,0x7f23bad03e49e8691193b374466a982f76952cc0658302268f2122380250f91d,"[""36855782576831156580765175743466253787995589729798761982205435744452738857165"", ""63267615403020851545105138792098005654530731396339683005908577788229989628684""]",36855782576831156580765175743466253787995589729798761982205435744452738857165|63267615403020851545105138792098005654530731396339683005908577788229989628684,36855782576831156580765175743466253787995589729798761982205435744452738857165,Yes,False,,,,,,,,,,,,185.5555
2026-08-01T07:21:11Z,EPL,333084,epl-team-to-qualify-for-uefa-conference-league,EPL: Team to qualify for UEFA Conference League,2026-04-01T17:27:13.650134Z,1818377,will-leicester-city-qualify-for-the-league-phase-of-the-2026-27-uefa-conference-league,Will Leicester City qualify for the League Phase of the 2026-27 UEFA Conference League?,0x7f23bad03e49e8691193b374466a982f76952cc0658302268f2122380250f91d,"[""36855782576831156580765175743466253787995589729798761982205435744452738857165"", ""63267615403020851545105138792098005654530731396339683005908577788229989628684""]",36855782576831156580765175743466253787995589729798761982205435744452738857165|63267615403020851545105138792098005654530731396339683005908577788229989628684,63267615403020851545105138792098005654530731396339683005908577788229989628684,No,False,,,,,,,,,,,,185.5555
2026-08-01T07:21:11Z,EPL,333084,epl-team-to-qualify-for-uefa-conference-league,EPL: Team to qualify for UEFA Conference League,2026-04-01T17:27:13.650134Z,1818378,will-liverpool-qualify-for-the-league-phase-of-the-2026-27-uefa-conference-league,Will Liverpool qualify for the League Phase of the 2026-27 UEFA Conference League?,0x0f39d177f78abd438be984b36f264c13de879b346ae40bfea0ababc108b83f64,"[""65988948624774144931622911564364302133312968519504468408474435267221324233196"", ""115130602602129428285461614417924472558165741430309539659330809798396288056300""]",65988948624774144931622911564364302133312968519504468408474435267221324233196|115130602602129428285461614417924472558165741430309539659330809798396288056300,65988948624774144931622911564364302133312968519504468408474435267221324233196,Yes,False,,,,,,,,,,,0,175.5
2026-08-01T07:21:11Z,EPL,333084,epl-team-to-qualify-for-uefa-conference-league,EPL: Team to qualify for UEFA Conference League,2026-04-01T17:27:13.650134Z,1818378,will-liverpool-qualify-for-the-league-phase-of-the-2026-27-uefa-conference-league,Will Liverpool qualify for the League Phase of the 2026-27 UEFA Conference League?,0x0f39d177f78abd438be984b36f264c13de879b346ae40bfea0ababc108b83f64,"[""65988948624774144931622911564364302133312968519504468408474435267221324233196"", ""115130602602129428285461614417924472558165741430309539659330809798396288056300""]",65988948624774144931622911564364302133312968519504468408474435267221324233196|115130602602129428285461614417924472558165741430309539659330809798396288056300,115130602602129428285461614417924472558165741430309539659330809798396288056300,No,False,,,,,,,,,,,0,175.5
2026-08-01T07:21:11Z,EPL,333084,epl-team-to-qualify-for-uefa-conference-league,EPL: Team to qualify for UEFA Conference League,2026-04-01T17:27:13.650134Z,1818379,will-manchester-city-qualify-for-the-league-phase-of-the-2026-27-uefa-conference-league,Will Manchester City qualify for the League Phase of the 2026-27 UEFA Conference League?,0x9f502be87b77866442714675eeb0ceec67b36469dab587b15862716b95a22a65,"[""81955707153623233000480445669873960416969320182377332341762765419704043622092"", ""63903621190034107756618838956749324043719317201688365281214818158837560760762""]",81955707153623233000480445669873960416969320182377332341762765419704043622092|63903621190034107756618838956749324043719317201688365281214818158837560760762,81955707153623233000480445669873960416969320182377332341762765419704043622092,Yes,False,,,,,,,,,,,,239.96210000000002
2026-08-01T07:21:11Z,EPL,333084,epl-team-to-qualify-for-uefa-conference-league,EPL: Team to qualify for UEFA Conference League,2026-04-01T17:27:13.650134Z,1818379,will-manchester-city-qualify-for-the-league-phase-of-the-2026-27-uefa-conference-league,Will Manchester City qualify for the League Phase of the 2026-27 UEFA Conference League?,0x9f502be87b77866442714675eeb0ceec67b36469dab587b15862716b95a22a65,"[""81955707153623233000480445669873960416969320182377332341762765419704043622092"", ""63903621190034107756618838956749324043719317201688365281214818158837560760762""]",81955707153623233000480445669873960416969320182377332341762765419704043622092|63903621190034107756618838956749324043719317201688365281214818158837560760762,63903621190034107756618838956749324043719317201688365281214818158837560760762,No,False,,,,,,,,,,,,239.96210000000002
2026-08-01T07:21:11Z,EPL,333084,epl-team-to-qualify-for-uefa-conference-league,EPL: Team to qualify for UEFA Conference League,2026-04-01T17:27:13.650134Z,1818380,will-manchester-united-qualify-for-the-league-phase-of-the-2026-27-uefa-conference-league,Will Manchester United qualify for the League Phase of the 2026-27 UEFA Conference League?,0x10faa15e034abb4d8b58e96fa9cceaeba84182d8d26061672b3090ef60c474c7,"[""14537963265850539015090671292913129800573442530565687433985001158662408488535"", ""24584985274241329793529868323709359334793457968867512216477798918303927163120""]",14537963265850539015090671292913129800573442530565687433985001158662408488535|24584985274241329793529868323709359334793457968867512216477798918303927163120,14537963265850539015090671292913129800573442530565687433985001158662408488535,Yes,False,,,,,,,,,,,,654.06
2026-08-01T07:21:11Z,EPL,333084,epl-team-to-qualify-for-uefa-conference-league,EPL: Team to qualify for UEFA Conference League,2026-04-01T17:27:13.650134Z,1818380,will-manchester-united-qualify-for-the-league-phase-of-the-2026-27-uefa-conference-league,Will Manchester United qualify for the League Phase of the 2026-27 UEFA Conference League?,0x10faa15e034abb4d8b58e96fa9cceaeba84182d8d26061672b3090ef60c474c7,"[""14537963265850539015090671292913129800573442530565687433985001158662408488535"", ""24584985274241329793529868323709359334793457968867512216477798918303927163120""]",14537963265850539015090671292913129800573442530565687433985001158662408488535|24584985274241329793529868323709359334793457968867512216477798918303927163120,24584985274241329793529868323709359334793457968867512216477798918303927163120,No,False,,,,,,,,,,,,654.06
2026-08-01T07:21:11Z,EPL,333084,epl-team-to-qualify-for-uefa-conference-league,EPL: Team to qualify for UEFA Conference League,2026-04-01T17:27:13.650134Z,1818381,will-newcastle-united-qualify-for-the-league-phase-of-the-2026-27-uefa-conference-league,Will Newcastle United qualify for the League Phase of the 2026-27 UEFA Conference League?,0xb0716d2b36fd90dd54c600a9e7647616490002987e3eb1ecb3d10ead4d62d33c,"[""59224980280942325666569394558997382798882386438436610001858371645471216555919"", ""79970515927998557660930530711963196679174481368659736459630565505379849389257""]",59224980280942325666569394558997382798882386438436610001858371645471216555919|79970515927998557660930530711963196679174481368659736459630565505379849389257,59224980280942325666569394558997382798882386438436610001858371645471216555919,Yes,False,,,,,,,,,,,,411.9
2026-08-01T07:21:11Z,EPL,333084,epl-team-to-qualify-for-uefa-conference-league,EPL: Team to qualify for UEFA Conference League,2026-04-01T17:27:13.650134Z,1818381,will-newcastle-united-qualify-for-the-league-phase-of-the-2026-27-uefa-conference-league,Will Newcastle United qualify for the League Phase of the 2026-27 UEFA Conference League?,0xb0716d2b36fd90dd54c600a9e7647616490002987e3eb1ecb3d10ead4d62d33c,"[""59224980280942325666569394558997382798882386438436610001858371645471216555919"", ""79970515927998557660930530711963196679174481368659736459630565505379849389257""]",59224980280942325666569394558997382798882386438436610001858371645471216555919|79970515927998557660930530711963196679174481368659736459630565505379849389257,79970515927998557660930530711963196679174481368659736459630565505379849389257,No,False,,,,,,,,,,,,411.9
2026-08-01T07:21:11Z,EPL,333084,epl-team-to-qualify-for-uefa-conference-league,EPL: Team to qualify for UEFA Conference League,2026-04-01T17:27:13.650134Z,1818382,will-nottingham-forest-qualify-for-the-league-phase-of-the-2026-27-uefa-conference-league,Will Nottingham Forest qualify for the League Phase of the 2026-27 UEFA Conference League?,0xe911ed8e88ee4d94cb587ed6128a6c15596d9338a4d90b78b9ea20b0578fc156,"[""19481881546917834293067497074329377518935142669934498853237227966392229142245"", ""57602898067754327037427882833634701750997153547931685588132390215919583981742""]",19481881546917834293067497074329377518935142669934498853237227966392229142245|57602898067754327037427882833634701750997153547931685588132390215919583981742,19481881546917834293067497074329377518935142669934498853237227966392229142245,Yes,False,,,,,,,,,,,,407.7161
2026-08-01T07:21:11Z,EPL,333084,epl-team-to-qualify-for-uefa-conference-league,EPL: Team to qualify for UEFA Conference League,2026-04-01T17:27:13.650134Z,1818382,will-nottingham-forest-qualify-for-the-league-phase-of-the-2026-27-uefa-conference-league,Will Nottingham Forest qualify for the League Phase of the 2026-27 UEFA Conference League?,0xe911ed8e88ee4d94cb587ed6128a6c15596d9338a4d90b78b9ea20b0578fc156,"[""19481881546917834293067497074329377518935142669934498853237227966392229142245"", ""57602898067754327037427882833634701750997153547931685588132390215919583981742""]",19481881546917834293067497074329377518935142669934498853237227966392229142245|57602898067754327037427882833634701750997153547931685588132390215919583981742,57602898067754327037427882833634701750997153547931685588132390215919583981742,No,False,,,,,,,,,,,,407.7161
2026-08-01T07:21:11Z,EPL,333084,epl-team-to-qualify-for-uefa-conference-league,EPL: Team to qualify for UEFA Conference League,2026-04-01T17:27:13.650134Z,1818383,will-southampton-qualify-for-the-league-phase-of-the-2026-27-uefa-conference-league,Will Southampton qualify for the League Phase of the 2026-27 UEFA Conference League?,0x7ca2adbbd88851add0e546dd78574d7e79fc00c76e8c490e5692bf8023c11e75,"[""26877828097379119176280047098274709531228788895296330595994436624390898867911"", ""115748130349087715420332870666315257990045222809843222754054247382701059943674""]",26877828097379119176280047098274709531228788895296330595994436624390898867911|115748130349087715420332870666315257990045222809843222754054247382701059943674,26877828097379119176280047098274709531228788895296330595994436624390898867911,Yes,False,,,,,,,,,,,0,617.6899999999999
2026-08-01T07:21:11Z,EPL,333084,epl-team-to-qualify-for-uefa-conference-league,EPL: Team to qualify for UEFA Conference League,2026-04-01T17:27:13.650134Z,1818383,will-southampton-qualify-for-the-league-phase-of-the-2026-27-uefa-conference-league,Will Southampton qualify for the League Phase of the 2026-27 UEFA Conference League?,0x7ca2adbbd88851add0e546dd78574d7e79fc00c76e8c490e5692bf8023c11e75,"[""26877828097379119176280047098274709531228788895296330595994436624390898867911"", ""115748130349087715420332870666315257990045222809843222754054247382701059943674""]",26877828097379119176280047098274709531228788895296330595994436624390898867911|115748130349087715420332870666315257990045222809843222754054247382701059943674,115748130349087715420332870666315257990045222809843222754054247382701059943674,No,False,,,,,,,,,,,0,617.6899999999999
2026-08-01T07:21:11Z,EPL,333084,epl-team-to-qualify-for-uefa-conference-league,EPL: Team to qualify for UEFA Conference League,2026-04-01T17:27:13.650134Z,1818384,will-tottenham-hotspur-qualify-for-the-league-phase-of-the-2026-27-uefa-conference-league,Will Tottenham Hotspur qualify for the League Phase of the 2026-27 UEFA Conference League?,0xe98b7da9a346eb2aced5b9300c7a53e4d7c147741b546f005de0b3c0d89e0ae1,"[""16165000919596414242427788888124743916698715129044155178467657105167009019476"", ""114828181514576721851254739097127564151815507804110569853443476924908844910766""]",16165000919596414242427788888124743916698715129044155178467657105167009019476|114828181514576721851254739097127564151815507804110569853443476924908844910766,16165000919596414242427788888124743916698715129044155178467657105167009019476,Yes,False,,,,,,,,,,,,1126.7675
2026-08-01T07:21:11Z,EPL,333084,epl-team-to-qualify-for-uefa-conference-league,EPL: Team to qualify for UEFA Conference League,2026-04-01T17:27:13.650134Z,1818384,will-tottenham-hotspur-qualify-for-the-league-phase-of-the-2026-27-uefa-conference-league,Will Tottenham Hotspur qualify for the League Phase of the 2026-27 UEFA Conference League?,0xe98b7da9a346eb2aced5b9300c7a53e4d7c147741b546f005de0b3c0d89e0ae1,"[""16165000919596414242427788888124743916698715129044155178467657105167009019476"", ""114828181514576721851254739097127564151815507804110569853443476924908844910766""]",16165000919596414242427788888124743916698715129044155178467657105167009019476|114828181514576721851254739097127564151815507804110569853443476924908844910766,114828181514576721851254739097127564151815507804110569853443476924908844910766,No,False,,,,,,,,,,,,1126.7675
2026-08-01T07:21:11Z,EPL,333084,epl-team-to-qualify-for-uefa-conference-league,EPL: Team to qualify for UEFA Conference League,2026-04-01T17:27:13.650134Z,1818385,will-west-ham-united-qualify-for-the-league-phase-of-the-2026-27-uefa-conference-league,Will West Ham United qualify for the League Phase of the 2026-27 UEFA Conference League?,0xbc79053a1f7691b55171b4a210da33b3c3fba449c9df4fd954856635f8da0e8e,"[""54894379652853834326297942957419603346481276275403414881816173756537774757640"", ""33108900391203812803918822219418560079370282336069888352885661677363224124116""]",54894379652853834326297942957419603346481276275403414881816173756537774757640|33108900391203812803918822219418560079370282336069888352885661677363224124116,54894379652853834326297942957419603346481276275403414881816173756537774757640,Yes,False,,,,,,,,,,,,207.137
2026-08-01T07:21:11Z,EPL,333084,epl-team-to-qualify-for-uefa-conference-league,EPL: Team to qualify for UEFA Conference League,2026-04-01T17:27:13.650134Z,1818385,will-west-ham-united-qualify-for-the-league-phase-of-the-2026-27-uefa-conference-league,Will West Ham United qualify for the League Phase of the 2026-27 UEFA Conference League?,0xbc79053a1f7691b55171b4a210da33b3c3fba449c9df4fd954856635f8da0e8e,"[""54894379652853834326297942957419603346481276275403414881816173756537774757640"", ""33108900391203812803918822219418560079370282336069888352885661677363224124116""]",54894379652853834326297942957419603346481276275403414881816173756537774757640|33108900391203812803918822219418560079370282336069888352885661677363224124116,33108900391203812803918822219418560079370282336069888352885661677363224124116,No,False,,,,,,,,,,,,207.137
2026-08-01T07:21:11Z,EPL,333084,epl-team-to-qualify-for-uefa-conference-league,EPL: Team to qualify for UEFA Conference League,2026-04-01T17:27:13.650134Z,1818386,will-wolverhampton-wanderers-qualify-for-the-league-phase-of-the-2026-27-uefa-conference-league,Will Wolverhampton Wanderers qualify for the League Phase of the 2026-27 UEFA Conference League?,0x612a47d48e42fc85f4b3099edd0779c399e7393325bae5ef494fbec0b518be97,"[""39645891629689350247020865542579082583944711546641819664090458601825821008952"", ""27752113810792547257158395279414992925826179248970504390132410269490063597360""]",39645891629689350247020865542579082583944711546641819664090458601825821008952|27752113810792547257158395279414992925826179248970504390132410269490063597360,39645891629689350247020865542579082583944711546641819664090458601825821008952,Yes,False,,,,,,,,,,,,216.45
2026-08-01T07:21:11Z,EPL,333084,epl-team-to-qualify-for-uefa-conference-league,EPL: Team to qualify for UEFA Conference League,2026-04-01T17:27:13.650134Z,1818386,will-wolverhampton-wanderers-qualify-for-the-league-phase-of-the-2026-27-uefa-conference-league,Will Wolverhampton Wanderers qualify for the League Phase of the 2026-27 UEFA Conference League?,0x612a47d48e42fc85f4b3099edd0779c399e7393325bae5ef494fbec0b518be97,"[""39645891629689350247020865542579082583944711546641819664090458601825821008952"", ""27752113810792547257158395279414992925826179248970504390132410269490063597360""]",39645891629689350247020865542579082583944711546641819664090458601825821008952|27752113810792547257158395279414992925826179248970504390132410269490063597360,27752113810792547257158395279414992925826179248970504390132410269490063597360,No,False,,,,,,,,,,,,216.45
2026-08-01T07:21:11Z,EPL,435490,epl-2026-team-of-the-season,EPL: 2026 PFA Team of the Year,2026-05-01T16:17:58.439577Z,2127663,will-david-raya-be-named-to-the-2026-pfa-premier-league-team-of-the-year,Will David Raya be named to the 2026 PFA Premier League Team of the Year?,0x50561f0ac9fb48ce9b1dc8f78f84dea5e43d9d30bd507eb93fa57b11a996ffeb,"[""3488261232009523381576281256634840719226792569353110860105294590188599877555"", ""33896607823388600558222421347266613674976673770405419631622989961143438148884""]",3488261232009523381576281256634840719226792569353110860105294590188599877555|33896607823388600558222421347266613674976673770405419631622989961143438148884,3488261232009523381576281256634840719226792569353110860105294590188599877555,Yes,True,0.81,206.16,0.99,78.4,0.9,0.17999999999999994,763eb250ce8d554b711ff83c4a0ad1948ed4784b,0.01,5,,507.157,
2026-08-01T07:21:11Z,EPL,435490,epl-2026-team-of-the-season,EPL: 2026 PFA Team of the Year,2026-05-01T16:17:58.439577Z,2127663,will-david-raya-be-named-to-the-2026-pfa-premier-league-team-of-the-year,Will David Raya be named to the 2026 PFA Premier League Team of the Year?,0x50561f0ac9fb48ce9b1dc8f78f84dea5e43d9d30bd507eb93fa57b11a996ffeb,"[""3488261232009523381576281256634840719226792569353110860105294590188599877555"", ""33896607823388600558222421347266613674976673770405419631622989961143438148884""]",3488261232009523381576281256634840719226792569353110860105294590188599877555|33896607823388600558222421347266613674976673770405419631622989961143438148884,33896607823388600558222421347266613674976673770405419631622989961143438148884,No,True,0.01,78.4,0.19,206.16,0.1,0.18,58a9f7249ae5f8d109e7aa7079ae5b62c7b002e6,0.01,5,,507.157,
2026-08-01T07:21:11Z,EPL,435490,epl-2026-team-of-the-season,EPL: 2026 PFA Team of the Year,2026-05-01T16:17:58.439577Z,2127664,will-jordan-pickford-be-named-to-the-2026-pfa-premier-league-team-of-the-year,Will Jordan Pickford be named to the 2026 PFA Premier League Team of the Year?,0x206d3cf11b86b16708f160e1e5223e75f4f0b126fbfecb52300077792e4a978f,"[""69002409170326112222673578355907486486435514190626080376764720483535336436602"", ""29764786967669041151836718379664776749611256940389381248189333088896507813340""]",69002409170326112222673578355907486486435514190626080376764720483535336436602|29764786967669041151836718379664776749611256940389381248189333088896507813340,69002409170326112222673578355907486486435514190626080376764720483535336436602,Yes,True,,,0.09,11.82,,,290f90f416f6ba791f8449146693aa0a3b54016a,0.01,5,,111.7456,11.82
2026-08-01T07:21:11Z,EPL,435490,epl-2026-team-of-the-season,EPL: 2026 PFA Team of the Year,2026-05-01T16:17:58.439577Z,2127664,will-jordan-pickford-be-named-to-the-2026-pfa-premier-league-team-of-the-year,Will Jordan Pickford be named to the 2026 PFA Premier League Team of the Year?,0x206d3cf11b86b16708f160e1e5223e75f4f0b126fbfecb52300077792e4a978f,"[""69002409170326112222673578355907486486435514190626080376764720483535336436602"", ""29764786967669041151836718379664776749611256940389381248189333088896507813340""]",69002409170326112222673578355907486486435514190626080376764720483535336436602|29764786967669041151836718379664776749611256940389381248189333088896507813340,29764786967669041151836718379664776749611256940389381248189333088896507813340,No,True,0.91,11.82,,,,,d68381d7dff565a855e7deb19da00ec84207aa01,0.01,5,,111.7456,11.82
2026-08-01T07:21:11Z,EPL,435490,epl-2026-team-of-the-season,EPL: 2026 PFA Team of the Year,2026-05-01T16:17:58.439577Z,2127665,will-dean-henderson-be-named-to-the-2026-pfa-premier-league-team-of-the-year,Will Dean Henderson be named to the 2026 PFA Premier League Team of the Year?,0x67ebb7796df1324b1b084b0aaa59e3379513583ac93e3c8e968935e7dbb1f535,"[""77730449116026385251216021681478758817188404733132958155748625297475510396335"", ""86484569427189395298179892127162282618369840953731094949208918944830421003973""]",77730449116026385251216021681478758817188404733132958155748625297475510396335|86484569427189395298179892127162282618369840953731094949208918944830421003973,77730449116026385251216021681478758817188404733132958155748625297475510396335,Yes,True,0.01,78.4,0.1,107.68,0.055,0.09000000000000001,292089c9d03c6b43fe45ea8b62fe913244631ab1,0.01,5,,104.9999,
2026-08-01T07:21:11Z,EPL,435490,epl-2026-team-of-the-season,EPL: 2026 PFA Team of the Year,2026-05-01T16:17:58.439577Z,2127665,will-dean-henderson-be-named-to-the-2026-pfa-premier-league-team-of-the-year,Will Dean Henderson be named to the 2026 PFA Premier League Team of the Year?,0x67ebb7796df1324b1b084b0aaa59e3379513583ac93e3c8e968935e7dbb1f535,"[""77730449116026385251216021681478758817188404733132958155748625297475510396335"", ""86484569427189395298179892127162282618369840953731094949208918944830421003973""]",77730449116026385251216021681478758817188404733132958155748625297475510396335|86484569427189395298179892127162282618369840953731094949208918944830421003973,86484569427189395298179892127162282618369840953731094949208918944830421003973,No,True,0.9,107.68,0.99,78.4,0.9450000000000001,0.08999999999999997,ccd67d6734ef052f1508b311380a418ca6219b9a,0.01,5,,104.9999,
2026-08-01T07:21:11Z,EPL,435490,epl-2026-team-of-the-season,EPL: 2026 PFA Team of the Year,2026-05-01T16:17:58.439577Z,2127666,will-robin-roefs-be-named-to-the-2026-pfa-premier-league-team-of-the-year,Will Robin Roefs be named to the 2026 PFA Premier League Team of the Year?,0xdae0f14d1b5ea256638164c6578853226408702f44e238ca8fa692998fdc6332,"[""70182957445101902779363373709716695169810926012757858042099415085409463195888"", ""90699863564786576085723598309072905823666331748016080742800846290619606364496""]",70182957445101902779363373709716695169810926012757858042099415085409463195888|90699863564786576085723598309072905823666331748016080742800846290619606364496,70182957445101902779363373709716695169810926012757858042099415085409463195888,Yes,True,0.01,78.4,0.1,107.68,0.055,0.09000000000000001,a7ef7230847f760c56c70f8b7ab776706a128921,0.01,5,,108.0799,
2026-08-01T07:21:11Z,EPL,435490,epl-2026-team-of-the-season,EPL: 2026 PFA Team of the Year,2026-05-01T16:17:58.439577Z,2127666,will-robin-roefs-be-named-to-the-2026-pfa-premier-league-team-of-the-year,Will Robin Roefs be named to the 2026 PFA Premier League Team of the Year?,0xdae0f14d1b5ea256638164c6578853226408702f44e238ca8fa692998fdc6332,"[""70182957445101902779363373709716695169810926012757858042099415085409463195888"", ""90699863564786576085723598309072905823666331748016080742800846290619606364496""]",70182957445101902779363373709716695169810926012757858042099415085409463195888|90699863564786576085723598309072905823666331748016080742800846290619606364496,90699863564786576085723598309072905823666331748016080742800846290619606364496,No,True,0.9,107.68,0.99,78.4,0.9450000000000001,0.08999999999999997,525eb35501e1b99d9ab4c089fa761d44861baaaa,0.01,5,,108.0799,
2026-08-01T07:21:11Z,EPL,435490,epl-2026-team-of-the-season,EPL: 2026 PFA Team of the Year,2026-05-01T16:17:58.439577Z,2127667,will-gianluigi-donnarumma-be-named-to-the-2026-pfa-premier-league-team-of-the-year,Will Gianluigi Donnarumma be named to the 2026 PFA Premier League Team of the Year?,0x322441734b9f23744de899e345ef48ec25e0055f8b1bfc19fe4612055a8ff2df,"[""65007673257262595676530056363240287641293306267550009290432560084643152028010"", ""97388027101380065799871752579213229783305736941572715830099055292320933629215""]",65007673257262595676530056363240287641293306267550009290432560084643152028010|97388027101380065799871752579213229783305736941572715830099055292320933629215,65007673257262595676530056363240287641293306267550009290432560084643152028010,Yes,True,0.01,78.4,0.2,10.0,0.10500000000000001,0.19,1e7d9cf0cfa98eee80f38786d0dc09983681769c,0.01,5,,13.2645,
2026-08-01T07:21:11Z,EPL,435490,epl-2026-team-of-the-season,EPL: 2026 PFA Team of the Year,2026-05-01T16:17:58.439577Z,2127667,will-gianluigi-donnarumma-be-named-to-the-2026-pfa-premier-league-team-of-the-year,Will Gianluigi Donnarumma be named to the 2026 PFA Premier League Team of the Year?,0x322441734b9f23744de899e345ef48ec25e0055f8b1bfc19fe4612055a8ff2df,"[""65007673257262595676530056363240287641293306267550009290432560084643152028010"", ""97388027101380065799871752579213229783305736941572715830099055292320933629215""]",65007673257262595676530056363240287641293306267550009290432560084643152028010|97388027101380065799871752579213229783305736941572715830099055292320933629215,97388027101380065799871752579213229783305736941572715830099055292320933629215,No,True,0.8,10.0,0.99,78.4,0.895,0.18999999999999995,f73f641d4b26a71fc297b6b3e47a0062529efa15,0.01,5,,13.2645,
2026-08-01T07:21:11Z,EPL,435490,epl-2026-team-of-the-season,EPL: 2026 PFA Team of the Year,2026-05-01T16:17:58.439577Z,2127668,will-jurrien-timber-be-named-to-the-2026-pfa-premier-league-team-of-the-year,Will Jurrien Timber be named to the 2026 PFA Premier League Team of the Year?,0x97ca47da99683bddec8036ce29388c2e400e7cecfea8ac4dbef54ac0791cc593,"[""58745854058166153005664210409408254918505117901359386106376082227012206838503"", ""43365583002812118163534009703280808191029196488960918105614424745527498298109""]",58745854058166153005664210409408254918505117901359386106376082227012206838503|43365583002812118163534009703280808191029196488960918105614424745527498298109,58745854058166153005664210409408254918505117901359386106376082227012206838503,Yes,True,0.01,78.4,0.66,7.96,0.335,0.65,457ba89dfdf40e0e8a3c2e9ba4566681972911f5,0.01,5,,39.1742,
2026-08-01T07:21:11Z,EPL,435490,epl-2026-team-of-the-season,EPL: 2026 PFA Team of the Year,2026-05-01T16:17:58.439577Z,2127668,will-jurrien-timber-be-named-to-the-2026-pfa-premier-league-team-of-the-year,Will Jurrien Timber be named to the 2026 PFA Premier League Team of the Year?,0x97ca47da99683bddec8036ce29388c2e400e7cecfea8ac4dbef54ac0791cc593,"[""58745854058166153005664210409408254918505117901359386106376082227012206838503"", ""43365583002812118163534009703280808191029196488960918105614424745527498298109""]",58745854058166153005664210409408254918505117901359386106376082227012206838503|43365583002812118163534009703280808191029196488960918105614424745527498298109,43365583002812118163534009703280808191029196488960918105614424745527498298109,No,True,0.34,7.96,0.99,78.4,0.665,0.6499999999999999,79da288f40f556aef4ac57f6dbecebaf8b44de2e,0.01,5,,39.1742,
2026-08-01T07:21:11Z,EPL,435490,epl-2026-team-of-the-season,EPL: 2026 PFA Team of the Year,2026-05-01T16:17:58.439577Z,2127669,will-matheus-nunes-be-named-to-the-2026-pfa-premier-league-team-of-the-year,Will Matheus Nunes be named to the 2026 PFA Premier League Team of the Year?,0x236166693870332c38cc1f290d2de8a00eafa1b78519182663a58811b1011705,"[""71852886829417081758693278389180020836881806315641141653569411011094941385487"", ""27873264127773337044236459909692649813557879461485496445916977915515730222703""]",71852886829417081758693278389180020836881806315641141653569411011094941385487|27873264127773337044236459909692649813557879461485496445916977915515730222703,71852886829417081758693278389180020836881806315641141653569411011094941385487,Yes,True,0.01,78.4,0.2,106.24,0.10500000000000001,0.19,77c7d65d2b7b16030378467d61264518f5b7927f,0.01,5,,221.7599,
2026-08-01T07:21:11Z,EPL,435490,epl-2026-team-of-the-season,EPL: 2026 PFA Team of the Year,2026-05-01T16:17:58.439577Z,2127669,will-matheus-nunes-be-named-to-the-2026-pfa-premier-league-team-of-the-year,Will Matheus Nunes be named to the 2026 PFA Premier League Team of the Year?,0x236166693870332c38cc1f290d2de8a00eafa1b78519182663a58811b1011705,"[""71852886829417081758693278389180020836881806315641141653569411011094941385487"", ""27873264127773337044236459909692649813557879461485496445916977915515730222703""]",71852886829417081758693278389180020836881806315641141653569411011094941385487|27873264127773337044236459909692649813557879461485496445916977915515730222703,27873264127773337044236459909692649813557879461485496445916977915515730222703,No,True,0.8,106.24,0.99,78.4,0.895,0.18999999999999995,a5a44c9da85c5eb7ff2354ba77099b95640c01cb,0.01,5,,221.7599,
2026-08-01T07:21:11Z,EPL,435490,epl-2026-team-of-the-season,EPL: 2026 PFA Team of the Year,2026-05-01T16:17:58.439577Z,2127670,will-gabriel-magalhes-be-named-to-the-2026-pfa-premier-league-team-of-the-year,Will Gabriel Magalhães be named to the 2026 PFA Premier League Team of the Year?,0xd3d8a97f490967ba04bcf06a1f1fa0b8e14ff08f5f0781bccb14c7eb1cf34ca6,"[""112756383879220814577105643520650901454791316512357676513193784191480344438666"", ""7697378624768914483353901406042873706810082834244678754453720343911008090965""]",112756383879220814577105643520650901454791316512357676513193784191480344438666|7697378624768914483353901406042873706810082834244678754453720343911008090965,112756383879220814577105643520650901454791316512357676513193784191480344438666,Yes,True,0.81,8.43,0.99,30.0,0.9,0.17999999999999994,b067cffa430e3dd25cf0232a315f3373c71fce7d,0.01,5,0.020,599.7921,
2026-08-01T07:21:11Z,EPL,435490,epl-2026-team-of-the-season,EPL: 2026 PFA Team of the Year,2026-05-01T16:17:58.439577Z,2127670,will-gabriel-magalhes-be-named-to-the-2026-pfa-premier-league-team-of-the-year,Will Gabriel Magalhães be named to the 2026 PFA Premier League Team of the Year?,0xd3d8a97f490967ba04bcf06a1f1fa0b8e14ff08f5f0781bccb14c7eb1cf34ca6,"[""112756383879220814577105643520650901454791316512357676513193784191480344438666"", ""7697378624768914483353901406042873706810082834244678754453720343911008090965""]",112756383879220814577105643520650901454791316512357676513193784191480344438666|7697378624768914483353901406042873706810082834244678754453720343911008090965,7697378624768914483353901406042873706810082834244678754453720343911008090965,No,True,0.01,30.0,0.19,8.43,0.1,0.18,852cb949d2080a9ac39e6c1e9877779b98084c4f,0.01,5,0.020,599.7921,
2026-08-01T07:21:11Z,EPL,435490,epl-2026-team-of-the-season,EPL: 2026 PFA Team of the Year,2026-05-01T16:17:58.439577Z,2127671,will-william-saliba-be-named-to-the-2026-pfa-premier-league-team-of-the-year,Will William Saliba be named to the 2026 PFA Premier League Team of the Year?,0xc344b5f7891b8617e7118aaa24bac3840a587691c1a36daa479a61de0b79bcb6,"[""47207660538745167295586664941849591121956044929877358537501900994850424263330"", ""105234782857798608331719124706582304874620432378282673665444164066431160124095""]",47207660538745167295586664941849591121956044929877358537501900994850424263330|105234782857798608331719124706582304874620432378282673665444164066431160124095,47207660538745167295586664941849591121956044929877358537501900994850424263330,Yes,True,0.48,10.0,0.96,6.04,0.72,0.48,d3810acd9d4e3329fa722174575d31e2caf98d4d,0.01,5,,173.4438,
2026-08-01T07:21:11Z,EPL,435490,epl-2026-team-of-the-season,EPL: 2026 PFA Team of the Year,2026-05-01T16:17:58.439577Z,2127671,will-william-saliba-be-named-to-the-2026-pfa-premier-league-team-of-the-year,Will William Saliba be named to the 2026 PFA Premier League Team of the Year?,0xc344b5f7891b8617e7118aaa24bac3840a587691c1a36daa479a61de0b79bcb6,"[""47207660538745167295586664941849591121956044929877358537501900994850424263330"", ""105234782857798608331719124706582304874620432378282673665444164066431160124095""]",47207660538745167295586664941849591121956044929877358537501900994850424263330|105234782857798608331719124706582304874620432378282673665444164066431160124095,105234782857798608331719124706582304874620432378282673665444164066431160124095,No,True,0.04,6.04,0.52,10.0,0.28,0.48000000000000004,cea7ccc298fff9f96d033c24139eba5157ab57b8,0.01,5,,173.4438,
2026-08-01T07:21:11Z,EPL,435490,epl-2026-team-of-the-season,EPL: 2026 PFA Team of the Year,2026-05-01T16:17:58.439577Z,2127672,will-marc-guehi-be-named-to-the-2026-pfa-premier-league-team-of-the-year,Will Marc Guehi be named to the 2026 PFA Premier League Team of the Year?,0x9a7829bcaf4bd65e903739dace6db739a8b68a396fd2c71a3d23d2a2cf2e88c5,"[""18774341203836696417330165615678664168245576790259527905518242337305438497157"", ""17833812615529939189123941305353432679112045501201563425472779980851390683424""]",18774341203836696417330165615678664168245576790259527905518242337305438497157|17833812615529939189123941305353432679112045501201563425472779980851390683424,18774341203836696417330165615678664168245576790259527905518242337305438497157,Yes,True,0.08,24.0,0.41,6.8,0.245,0.32999999999999996,75b198f724d9b225ce67f97d355320e9bc4edcc1,0.01,5,,101.1479,
2026-08-01T07:21:11Z,EPL,435490,epl-2026-team-of-the-season,EPL: 2026 PFA Team of the Year,2026-05-01T16:17:58.439577Z,2127672,will-marc-guehi-be-named-to-the-2026-pfa-premier-league-team-of-the-year,Will Marc Guehi be named to the 2026 PFA Premier League Team of the Year?,0x9a7829bcaf4bd65e903739dace6db739a8b68a396fd2c71a3d23d2a2cf2e88c5,"[""18774341203836696417330165615678664168245576790259527905518242337305438497157"", ""17833812615529939189123941305353432679112045501201563425472779980851390683424""]",18774341203836696417330165615678664168245576790259527905518242337305438497157|17833812615529939189123941305353432679112045501201563425472779980851390683424,17833812615529939189123941305353432679112045501201563425472779980851390683424,No,True,0.59,6.8,0.92,24.0,0.755,0.33000000000000007,cf3ef9f6c3dcdb4212a15b4d9b5b12392db906f4,0.01,5,,101.1479,
2026-08-01T07:21:11Z,EPL,435490,epl-2026-team-of-the-season,EPL: 2026 PFA Team of the Year,2026-05-01T16:17:58.439577Z,2127673,will-virgil-van-dijk-be-named-to-the-2026-pfa-premier-league-team-of-the-year,Will Virgil van Dijk be named to the 2026 PFA Premier League Team of the Year?,0x644231d6b178ebd20f0ab0b061a790f9dee4479ce96ab40686c8ade6f50a0238,"[""31721429411257768645758803262981554412084956132795321375044902571901613004887"", ""113776996666262784023568460080999498147130358875198884777079734831639187945943""]",31721429411257768645758803262981554412084956132795321375044902571901613004887|113776996666262784023568460080999498147130358875198884777079734831639187945943,31721429411257768645758803262981554412084956132795321375044902571901613004887,Yes,True,0.01,78.4,0.19,999.99,0.1,0.18,46599267dbc0c065804ade7f67e466b1ab02f36e,0.01,5,,957.8608,1.694914
2026-08-01T07:21:11Z,EPL,435490,epl-2026-team-of-the-season,EPL: 2026 PFA Team of the Year,2026-05-01T16:17:58.439577Z,2127673,will-virgil-van-dijk-be-named-to-the-2026-pfa-premier-league-team-of-the-year,Will Virgil van Dijk be named to the 2026 PFA Premier League Team of the Year?,0x644231d6b178ebd20f0ab0b061a790f9dee4479ce96ab40686c8ade6f50a0238,"[""31721429411257768645758803262981554412084956132795321375044902571901613004887"", ""113776996666262784023568460080999498147130358875198884777079734831639187945943""]",31721429411257768645758803262981554412084956132795321375044902571901613004887|113776996666262784023568460080999498147130358875198884777079734831639187945943,113776996666262784023568460080999498147130358875198884777079734831639187945943,No,True,0.81,999.99,0.99,78.4,0.9,0.17999999999999994,24535260643ac6c38c3c6582324144e540661794,0.01,5,,957.8608,1.694914
2026-08-01T07:21:11Z,EPL,435490,epl-2026-team-of-the-season,EPL: 2026 PFA Team of the Year,2026-05-01T16:17:58.439577Z,2127674,will-marc-cucurella-be-named-to-the-2026-pfa-premier-league-team-of-the-year,Will Marc Cucurella be named to the 2026 PFA Premier League Team of the Year?,0xe74cf34bab6946206532fd38cbf5a7eb4b346f7d13bffc6ae16eb3a69a4225d0,"[""59830425161161665808750586172447751894718446914006207206558327469584286337472"", ""85414521652635437338276097105191648874111759265882984452544936528659374053637""]",59830425161161665808750586172447751894718446914006207206558327469584286337472|85414521652635437338276097105191648874111759265882984452544936528659374053637,59830425161161665808750586172447751894718446914006207206558327469584286337472,Yes,True,0.07,25.7,0.41,6.8,0.24,0.33999999999999997,709b0ce95f6bc78f015788db5d9bd502bd5c218e,0.01,5,,101.4467,
2026-08-01T07:21:11Z,EPL,435490,epl-2026-team-of-the-season,EPL: 2026 PFA Team of the Year,2026-05-01T16:17:58.439577Z,2127674,will-marc-cucurella-be-named-to-the-2026-pfa-premier-league-team-of-the-year,Will Marc Cucurella be named to the 2026 PFA Premier League Team of the Year?,0xe74cf34bab6946206532fd38cbf5a7eb4b346f7d13bffc6ae16eb3a69a4225d0,"[""59830425161161665808750586172447751894718446914006207206558327469584286337472"", ""85414521652635437338276097105191648874111759265882984452544936528659374053637""]",59830425161161665808750586172447751894718446914006207206558327469584286337472|85414521652635437338276097105191648874111759265882984452544936528659374053637,85414521652635437338276097105191648874111759265882984452544936528659374053637,No,True,0.59,6.8,0.93,25.7,0.76,0.3400000000000001,e4b056a7e8814a64b7569ece62846f7049744c02,0.01,5,,101.4467,
2026-08-01T07:21:11Z,EPL,435490,epl-2026-team-of-the-season,EPL: 2026 PFA Team of the Year,2026-05-01T16:17:58.439577Z,2127675,will-piero-hincapie-be-named-to-the-2026-pfa-premier-league-team-of-the-year,Will Piero Hincapie be named to the 2026 PFA Premier League Team of the Year?,0x1d5d1e655085db69c387488aa7e661d4719bfa9c0bb392dd05652008c40b4a9a,"[""108011205392215304373394466135742493782019922749752404322686744906595861300763"", ""73789363813582664474158671396757087735667554782131752276569900280712319722369""]",108011205392215304373394466135742493782019922749752404322686744906595861300763|73789363813582664474158671396757087735667554782131752276569900280712319722369,108011205392215304373394466135742493782019922749752404322686744906595861300763,Yes,True,0.07,2.0,0.42,10.0,0.245,0.35,18c6586a27aa613c5be81c6cda9c64dfae0f1778,0.01,5,0.070,13.6616,
2026-08-01T07:21:11Z,EPL,435490,epl-2026-team-of-the-season,EPL: 2026 PFA Team of the Year,2026-05-01T16:17:58.439577Z,2127675,will-piero-hincapie-be-named-to-the-2026-pfa-premier-league-team-of-the-year,Will Piero Hincapie be named to the 2026 PFA Premier League Team of the Year?,0x1d5d1e655085db69c387488aa7e661d4719bfa9c0bb392dd05652008c40b4a9a,"[""108011205392215304373394466135742493782019922749752404322686744906595861300763"", ""73789363813582664474158671396757087735667554782131752276569900280712319722369""]",108011205392215304373394466135742493782019922749752404322686744906595861300763|73789363813582664474158671396757087735667554782131752276569900280712319722369,73789363813582664474158671396757087735667554782131752276569900280712319722369,No,True,0.58,10.0,0.93,2.0,0.755,0.3500000000000001,4b89784e8f881f9de0b8f266994a7e457674d5e5,0.01,5,0.070,13.6616,
2026-08-01T07:21:11Z,EPL,435490,epl-2026-team-of-the-season,EPL: 2026 PFA Team of the Year,2026-05-01T16:17:58.439577Z,2127676,will-declan-rice-be-named-to-the-2026-pfa-premier-league-team-of-the-year,Will Declan Rice be named to the 2026 PFA Premier League Team of the Year?,0x898bbb37bb3e8e03480b52c31bc12b12019e84f4d4042d25622f9a9b9f1a21f2,"[""11523245240526311970979368164866348724509187066335918581337691503956313417913"", ""16544219157755328462914309364144553632877138543113142832790826044960896254419""]",11523245240526311970979368164866348724509187066335918581337691503956313417913|16544219157755328462914309364144553632877138543113142832790826044960896254419,11523245240526311970979368164866348724509187066335918581337691503956313417913,Yes,True,0.86,6.69,,,,,916dff479eba7d4147669f70b24cadf895df08b6,0.01,5,,1006.1713,59.044284000000005
2026-08-01T07:21:11Z,EPL,435490,epl-2026-team-of-the-season,EPL: 2026 PFA Team of the Year,2026-05-01T16:17:58.439577Z,2127676,will-declan-rice-be-named-to-the-2026-pfa-premier-league-team-of-the-year,Will Declan Rice be named to the 2026 PFA Premier League Team of the Year?,0x898bbb37bb3e8e03480b52c31bc12b12019e84f4d4042d25622f9a9b9f1a21f2,"[""11523245240526311970979368164866348724509187066335918581337691503956313417913"", ""16544219157755328462914309364144553632877138543113142832790826044960896254419""]",11523245240526311970979368164866348724509187066335918581337691503956313417913|16544219157755328462914309364144553632877138543113142832790826044960896254419,16544219157755328462914309364144553632877138543113142832790826044960896254419,No,True,,,0.14,6.69,,,9910428b0e24217a2d43f23521a53ec881449b06,0.01,5,,1006.1713,59.044284000000005
2026-08-01T07:21:11Z,EPL,435490,epl-2026-team-of-the-season,EPL: 2026 PFA Team of the Year,2026-05-01T16:17:58.439577Z,2127677,will-bruno-fernandes-be-named-to-the-2026-pfa-premier-league-team-of-the-year,Will Bruno Fernandes be named to the 2026 PFA Premier League Team of the Year?,0x679720492bcbff900bde0e29eb7e812c77909bccb3c32b79a3186fc1db03b854,"[""86859495495502891076141743940914617575208033060738396981338088715869715113963"", ""65620697419400192059458180949993387679798824363092322581187835468683093164088""]",86859495495502891076141743940914617575208033060738396981338088715869715113963|65620697419400192059458180949993387679798824363092322581187835468683093164088,86859495495502891076141743940914617575208033060738396981338088715869715113963,Yes,True,0.852,15.64,0.995,8.83,0.9235,0.14300000000000002,3b86b2aa0581b66aae3850853b8a2e24c4b79a50,0.001,5,,2416.78727,450.10643600000003
2026-08-01T07:21:11Z,EPL,435490,epl-2026-team-of-the-season,EPL: 2026 PFA Team of the Year,2026-05-01T16:17:58.439577Z,2127677,will-bruno-fernandes-be-named-to-the-2026-pfa-premier-league-team-of-the-year,Will Bruno Fernandes be named to the 2026 PFA Premier League Team of the Year?,0x679720492bcbff900bde0e29eb7e812c77909bccb3c32b79a3186fc1db03b854,"[""86859495495502891076141743940914617575208033060738396981338088715869715113963"", ""65620697419400192059458180949993387679798824363092322581187835468683093164088""]",86859495495502891076141743940914617575208033060738396981338088715869715113963|65620697419400192059458180949993387679798824363092322581187835468683093164088,65620697419400192059458180949993387679798824363092322581187835468683093164088,No,True,0.005,8.83,0.148,15.64,0.0765,0.143,2967d1cdc126ba6db79dce7964504c3436aba194,0.001,5,,2416.78727,450.10643600000003
2026-08-01T07:21:11Z,EPL,435490,epl-2026-team-of-the-season,EPL: 2026 PFA Team of the Year,2026-05-01T16:17:58.439577Z,2127678,will-rodri-be-named-to-the-2026-pfa-premier-league-team-of-the-year,Will Rodri be named to the 2026 PFA Premier League Team of the Year?,0xf9de760ff713bdc5ebdc87ea4a88fb9423ef31bc59d2abb917df50b5b44482c1,"[""92734106880343514385310320083033583888695626897895802880610705682382451590633"", ""56976958810450515743106834354983994802402840862579527495329062688335275234740""]",92734106880343514385310320083033583888695626897895802880610705682382451590633|56976958810450515743106834354983994802402840862579527495329062688335275234740,92734106880343514385310320083033583888695626897895802880610705682382451590633,Yes,True,0.09,5.0,0.38,115.35,0.235,0.29000000000000004,d940d2d78825c694c69396fa4852649f20d69948,0.01,5,0.620,614.5075,263.475788
2026-08-01T07:21:11Z,EPL,435490,epl-2026-team-of-the-season,EPL: 2026 PFA Team of the Year,2026-05-01T16:17:58.439577Z,2127678,will-rodri-be-named-to-the-2026-pfa-premier-league-team-of-the-year,Will Rodri be named to the 2026 PFA Premier League Team of the Year?,0xf9de760ff713bdc5ebdc87ea4a88fb9423ef31bc59d2abb917df50b5b44482c1,"[""92734106880343514385310320083033583888695626897895802880610705682382451590633"", ""56976958810450515743106834354983994802402840862579527495329062688335275234740""]",92734106880343514385310320083033583888695626897895802880610705682382451590633|56976958810450515743106834354983994802402840862579527495329062688335275234740,56976958810450515743106834354983994802402840862579527495329062688335275234740,No,True,0.62,115.35,0.91,5.0,0.765,0.29000000000000004,6d6bfa00c65b60da76bbc6d47a0bb2062d1afca9,0.01,5,0.620,614.5075,263.475788
2026-08-01T07:21:11Z,EPL,435490,epl-2026-team-of-the-season,EPL: 2026 PFA Team of the Year,2026-05-01T16:17:58.439577Z,2127679,will-rayan-cherki-be-named-to-the-2026-pfa-premier-league-team-of-the-year,Will Rayan Cherki be named to the 2026 PFA Premier League Team of the Year?,0xf1bef1d60925998b7577b014ea907965209b9045c197e79e77eb14439d7c431a,"[""44002481860388892740183335966007748831643129921411222940033401480764334836407"", ""47465498507287502475094187263593898643776563896680345103863507875745126656121""]",44002481860388892740183335966007748831643129921411222940033401480764334836407|47465498507287502475094187263593898643776563896680345103863507875745126656121,44002481860388892740183335966007748831643129921411222940033401480764334836407,Yes,True,0.4,100.0,0.79,15.18,0.595,0.39,b1f7453b19f8170c7fc4f2f8de4641f93ddb0dba,0.01,5,,68.2757,6.77966
2026-08-01T07:21:11Z,EPL,435490,epl-2026-team-of-the-season,EPL: 2026 PFA Team of the Year,2026-05-01T16:17:58.439577Z,2127679,will-rayan-cherki-be-named-to-the-2026-pfa-premier-league-team-of-the-year,Will Rayan Cherki be named to the 2026 PFA Premier League Team of the Year?,0xf1bef1d60925998b7577b014ea907965209b9045c197e79e77eb14439d7c431a,"[""44002481860388892740183335966007748831643129921411222940033401480764334836407"", ""47465498507287502475094187263593898643776563896680345103863507875745126656121""]",44002481860388892740183335966007748831643129921411222940033401480764334836407|47465498507287502475094187263593898643776563896680345103863507875745126656121,47465498507287502475094187263593898643776563896680345103863507875745126656121,No,True,0.21,15.18,0.6,100.0,0.40499999999999997,0.39,df5048b763c6931e985b229a7db572eb9e5ae3d4,0.01,5,,68.2757,6.77966
2026-08-01T07:21:11Z,EPL,435490,epl-2026-team-of-the-season,EPL: 2026 PFA Team of the Year,2026-05-01T16:17:58.439577Z,2127680,will-dominik-szoboszlai-be-named-to-the-2026-pfa-premier-league-team-of-the-year,Will Dominik Szoboszlai be named to the 2026 PFA Premier League Team of the Year?,0xd5a172faaf27f951f5bc5c2d19f18367ab85e9c963e7357a8433da84e895507e,"[""10904347939559348084889283384973600207001307228767801114856379948987944051302"", ""63514807846207217791796334733580770155958510280638850911506455990693175502240""]",10904347939559348084889283384973600207001307228767801114856379948987944051302|63514807846207217791796334733580770155958510280638850911506455990693175502240,10904347939559348084889283384973600207001307228767801114856379948987944051302,Yes,True,0.01,78.4,0.2,5.0,0.10500000000000001,0.19,aa26b43be3969af2fefd2392ed2678c59120ccbf,0.01,5,,9.0145,100
2026-08-01T07:21:11Z,EPL,435490,epl-2026-team-of-the-season,EPL: 2026 PFA Team of the Year,2026-05-01T16:17:58.439577Z,2127680,will-dominik-szoboszlai-be-named-to-the-2026-pfa-premier-league-team-of-the-year,Will Dominik Szoboszlai be named to the 2026 PFA Premier League Team of the Year?,0xd5a172faaf27f951f5bc5c2d19f18367ab85e9c963e7357a8433da84e895507e,"[""10904347939559348084889283384973600207001307228767801114856379948987944051302"", ""63514807846207217791796334733580770155958510280638850911506455990693175502240""]",10904347939559348084889283384973600207001307228767801114856379948987944051302|63514807846207217791796334733580770155958510280638850911506455990693175502240,63514807846207217791796334733580770155958510280638850911506455990693175502240,No,True,0.8,5.0,0.99,78.4,0.895,0.18999999999999995,5fab2fb428088526f95e5f295e905fa1d961c99f,0.01,5,,9.0145,100
2026-08-01T07:21:11Z,EPL,435490,epl-2026-team-of-the-season,EPL: 2026 PFA Team of the Year,2026-05-01T16:17:58.439577Z,2127681,will-moises-caicedo-be-named-to-the-2026-pfa-premier-league-team-of-the-year,Will Moises Caicedo be named to the 2026 PFA Premier League Team of the Year?,0x6a8a0e28a90c3880e21bb6de9eb98f12d5e81a8d88570a2c5b855ee60b6263ba,"[""13244409081849499988815460722411109697257731580831464114667102436005675343259"", ""41998463599395516608520033462694074004839767261466278584344671813809549672424""]",13244409081849499988815460722411109697257731580831464114667102436005675343259|41998463599395516608520033462694074004839767261466278584344671813809549672424,13244409081849499988815460722411109697257731580831464114667102436005675343259,Yes,True,0.01,78.4,0.31,7.22,0.16,0.3,2e3aedbe1d62ba664d1753979ac4a7def4246e5c,0.01,5,,76.9526,
2026-08-01T07:21:11Z,EPL,435490,epl-2026-team-of-the-season,EPL: 2026 PFA Team of the Year,2026-05-01T16:17:58.439577Z,2127681,will-moises-caicedo-be-named-to-the-2026-pfa-premier-league-team-of-the-year,Will Moises Caicedo be named to the 2026 PFA Premier League Team of the Year?,0x6a8a0e28a90c3880e21bb6de9eb98f12d5e81a8d88570a2c5b855ee60b6263ba,"[""13244409081849499988815460722411109697257731580831464114667102436005675343259"", ""41998463599395516608520033462694074004839767261466278584344671813809549672424""]",13244409081849499988815460722411109697257731580831464114667102436005675343259|41998463599395516608520033462694074004839767261466278584344671813809549672424,41998463599395516608520033462694074004839767261466278584344671813809549672424,No,True,0.69,7.22,0.99,78.4,0.84,0.30000000000000004,d7ba67234666f88794d1b7512c7439017967c567,0.01,5,,76.9526,
2026-08-01T07:21:11Z,EPL,435490,epl-2026-team-of-the-season,EPL: 2026 PFA Team of the Year,2026-05-01T16:17:58.439577Z,2127682,will-elliot-anderson-be-named-to-the-2026-pfa-premier-league-team-of-the-year,Will Elliot Anderson be named to the 2026 PFA Premier League Team of the Year?,0x3e7b9aff81e624e4f9ef7677696f2d4fae5837bdf83bd9ed2d62ec7a87aaf7a6,"[""2770428290325312677871192984476250158140993595717599201621714256969118294243"", ""87005572382727825804817777311897399081855387101457739624425019964385877189800""]",2770428290325312677871192984476250158140993595717599201621714256969118294243|87005572382727825804817777311897399081855387101457739624425019964385877189800,2770428290325312677871192984476250158140993595717599201621714256969118294243,Yes,True,0.27,8.58,0.43,7.18,0.35,0.15999999999999998,2fa7acbe4efe01ee947b31c4e94331eb2edeb443,0.01,5,,105.8092,
2026-08-01T07:21:11Z,EPL,435490,epl-2026-team-of-the-season,EPL: 2026 PFA Team of the Year,2026-05-01T16:17:58.439577Z,2127682,will-elliot-anderson-be-named-to-the-2026-pfa-premier-league-team-of-the-year,Will Elliot Anderson be named to the 2026 PFA Premier League Team of the Year?,0x3e7b9aff81e624e4f9ef7677696f2d4fae5837bdf83bd9ed2d62ec7a87aaf7a6,"[""2770428290325312677871192984476250158140993595717599201621714256969118294243"", ""87005572382727825804817777311897399081855387101457739624425019964385877189800""]",2770428290325312677871192984476250158140993595717599201621714256969118294243|87005572382727825804817777311897399081855387101457739624425019964385877189800,87005572382727825804817777311897399081855387101457739624425019964385877189800,No,True,0.57,7.18,0.73,8.58,0.6499999999999999,0.16000000000000003,b09e5b030692f4b83b0825198de2514205dc150a,0.01,5,,105.8092,
2026-08-01T07:21:11Z,EPL,435490,epl-2026-team-of-the-season,EPL: 2026 PFA Team of the Year,2026-05-01T16:17:58.439577Z,2127683,will-erling-haaland-be-named-to-the-2026-pfa-premier-league-team-of-the-year,Will Erling Haaland be named to the 2026 PFA Premier League Team of the Year?,0x0a3ee85120cf7d2febbaba00b787db1bd1fdc7f80f8277d89675736a430e2065,"[""36505760582912364024564187063352953937975349358323597571083864672476590879653"", ""36939641234709193046881505450280116016622287455799963152747536559103079527590""]",36505760582912364024564187063352953937975349358323597571083864672476590879653|36939641234709193046881505450280116016622287455799963152747536559103079527590,36505760582912364024564187063352953937975349358323597571083864672476590879653,Yes,True,0.85,28.5,0.99,7.11,0.9199999999999999,0.14,f45b2a14dc538baef31c4d098c16eab57f2baeda,0.01,5,0.010,498.1606,
2026-08-01T07:21:11Z,EPL,435490,epl-2026-team-of-the-season,EPL: 2026 PFA Team of the Year,2026-05-01T16:17:58.439577Z,2127683,will-erling-haaland-be-named-to-the-2026-pfa-premier-league-team-of-the-year,Will Erling Haaland be named to the 2026 PFA Premier League Team of the Year?,0x0a3ee85120cf7d2febbaba00b787db1bd1fdc7f80f8277d89675736a430e2065,"[""36505760582912364024564187063352953937975349358323597571083864672476590879653"", ""36939641234709193046881505450280116016622287455799963152747536559103079527590""]",36505760582912364024564187063352953937975349358323597571083864672476590879653|36939641234709193046881505450280116016622287455799963152747536559103079527590,36939641234709193046881505450280116016622287455799963152747536559103079527590,No,True,0.01,7.11,0.15,28.5,0.08,0.13999999999999999,bd12584a1edf92cf0eee0d0e626c1d3a43e3af56,0.01,5,0.010,498.1606,
2026-08-01T07:21:11Z,EPL,435490,epl-2026-team-of-the-season,EPL: 2026 PFA Team of the Year,2026-05-01T16:17:58.439577Z,2127684,will-hugo-ekitike-be-named-to-the-2026-pfa-premier-league-team-of-the-year,Will Hugo Ekitike be named to the 2026 PFA Premier League Team of the Year?,0x3ac387fc809af29edadb0c1881ecd88319f8b4ebb5b0a89a77a84e85f4a2099c,"[""21160761171799050394335213154237360537464294007297740615880003417666696561468"", ""57509889980199562878580001207297131252053963359675973392844979135378456666743""]",21160761171799050394335213154237360537464294007297740615880003417666696561468|57509889980199562878580001207297131252053963359675973392844979135378456666743,21160761171799050394335213154237360537464294007297740615880003417666696561468,Yes,True,0.01,78.4,0.18,10.0,0.095,0.16999999999999998,eb4c60da630f9405aca2fd1d5e0ceb22824967c7,0.01,5,,15.922,
2026-08-01T07:21:11Z,EPL,435490,epl-2026-team-of-the-season,EPL: 2026 PFA Team of the Year,2026-05-01T16:17:58.439577Z,2127684,will-hugo-ekitike-be-named-to-the-2026-pfa-premier-league-team-of-the-year,Will Hugo Ekitike be named to the 2026 PFA Premier League Team of the Year?,0x3ac387fc809af29edadb0c1881ecd88319f8b4ebb5b0a89a77a84e85f4a2099c,"[""21160761171799050394335213154237360537464294007297740615880003417666696561468"", ""57509889980199562878580001207297131252053963359675973392844979135378456666743""]",21160761171799050394335213154237360537464294007297740615880003417666696561468|57509889980199562878580001207297131252053963359675973392844979135378456666743,57509889980199562878580001207297131252053963359675973392844979135378456666743,No,True,0.82,10.0,0.99,78.4,0.905,0.17000000000000004,403c83f89ce3ab156332a4813ff758be21b4d22a,0.01,5,,15.922,
2026-08-01T07:21:11Z,EPL,435490,epl-2026-team-of-the-season,EPL: 2026 PFA Team of the Year,2026-05-01T16:17:58.439577Z,2127685,will-igor-thiago-be-named-to-the-2026-pfa-premier-league-team-of-the-year,Will Igor Thiago be named to the 2026 PFA Premier League Team of the Year?,0x2565964258328ceff81b8dd027a9b4bfae11353bbfbb3e27625da025fffc2d97,"[""45116472354972988677943929968423217543948497597214084731838340702588569592863"", ""57509607526871690199395719807389480255858394821926865896302284337840164838738""]",45116472354972988677943929968423217543948497597214084731838340702588569592863|57509607526871690199395719807389480255858394821926865896302284337840164838738,45116472354972988677943929968423217543948497597214084731838340702588569592863,Yes,True,0.26,8.66,0.47,7.44,0.365,0.20999999999999996,d1f0006689abd0ef1ff076cc84807a3291afc6e0,0.01,5,,110.0106,
2026-08-01T07:21:11Z,EPL,435490,epl-2026-team-of-the-season,EPL: 2026 PFA Team of the Year,2026-05-01T16:17:58.439577Z,2127685,will-igor-thiago-be-named-to-the-2026-pfa-premier-league-team-of-the-year,Will Igor Thiago be named to the 2026 PFA Premier League Team of the Year?,0x2565964258328ceff81b8dd027a9b4bfae11353bbfbb3e27625da025fffc2d97,"[""45116472354972988677943929968423217543948497597214084731838340702588569592863"", ""57509607526871690199395719807389480255858394821926865896302284337840164838738""]",45116472354972988677943929968423217543948497597214084731838340702588569592863|57509607526871690199395719807389480255858394821926865896302284337840164838738,57509607526871690199395719807389480255858394821926865896302284337840164838738,No,True,0.53,7.44,0.74,8.66,0.635,0.20999999999999996,7179aef8fe94284095061daee2d20f41ea5c889c,0.01,5,,110.0106,
2026-08-01T07:21:11Z,EPL,435490,epl-2026-team-of-the-season,EPL: 2026 PFA Team of the Year,2026-05-01T16:17:58.439577Z,2127686,will-joo-pedro-be-named-to-the-2026-pfa-premier-league-team-of-the-year,Will João Pedro be named to the 2026 PFA Premier League Team of the Year?,0x6fce5bfb34549a3a2c919a87ed5948038ae259334b99c7626269b54b5aec2e0e,"[""32710637391248437289327028678783582535502723443825413307615920275857755767269"", ""76494283295406840675256483217001111989666469664619203128145658200939942333539""]",32710637391248437289327028678783582535502723443825413307615920275857755767269|76494283295406840675256483217001111989666469664619203128145658200939942333539,32710637391248437289327028678783582535502723443825413307615920275857755767269,Yes,True,0.01,78.4,0.18,69.39,0.095,0.16999999999999998,d446af88088e19f950c3d57b0698528b4bccf7c9,0.01,5,,59.4678,57.777776
2026-08-01T07:21:11Z,EPL,435490,epl-2026-team-of-the-season,EPL: 2026 PFA Team of the Year,2026-05-01T16:17:58.439577Z,2127686,will-joo-pedro-be-named-to-the-2026-pfa-premier-league-team-of-the-year,Will João Pedro be named to the 2026 PFA Premier League Team of the Year?,0x6fce5bfb34549a3a2c919a87ed5948038ae259334b99c7626269b54b5aec2e0e,"[""32710637391248437289327028678783582535502723443825413307615920275857755767269"", ""76494283295406840675256483217001111989666469664619203128145658200939942333539""]",32710637391248437289327028678783582535502723443825413307615920275857755767269|76494283295406840675256483217001111989666469664619203128145658200939942333539,76494283295406840675256483217001111989666469664619203128145658200939942333539,No,True,0.82,69.39,0.99,78.4,0.905,0.17000000000000004,e2d59786548fe9345e918797901117b3f8139969,0.01,5,,59.4678,57.777776
2026-08-01T07:21:11Z,EPL,435490,epl-2026-team-of-the-season,EPL: 2026 PFA Team of the Year,2026-05-01T16:17:58.439577Z,2127687,will-morgan-rogers-be-named-to-the-2026-pfa-premier-league-team-of-the-year,Will Morgan Rogers be named to the 2026 PFA Premier League Team of the Year?,0x96b8591e61ab8153068ed93e54c013f0e6b89cea2aa4e133fdfd9dafcded9277,"[""35606525977135678474506342380680226214353069361032301286284296655225714906882"", ""21333608757853284524355908501060578820412665842300321107531640970971045399525""]",35606525977135678474506342380680226214353069361032301286284296655225714906882|21333608757853284524355908501060578820412665842300321107531640970971045399525,35606525977135678474506342380680226214353069361032301286284296655225714906882,Yes,True,0.01,78.4,0.72,10.0,0.365,0.71,0722c5be8676efff8915775175dc5400ffdb32e1,0.01,5,,5.5179,
2026-08-01T07:21:11Z,EPL,435490,epl-2026-team-of-the-season,EPL: 2026 PFA Team of the Year,2026-05-01T16:17:58.439577Z,2127687,will-morgan-rogers-be-named-to-the-2026-pfa-premier-league-team-of-the-year,Will Morgan Rogers be named to the 2026 PFA Premier League Team of the Year?,0x96b8591e61ab8153068ed93e54c013f0e6b89cea2aa4e133fdfd9dafcded9277,"[""35606525977135678474506342380680226214353069361032301286284296655225714906882"", ""21333608757853284524355908501060578820412665842300321107531640970971045399525""]",35606525977135678474506342380680226214353069361032301286284296655225714906882|21333608757853284524355908501060578820412665842300321107531640970971045399525,21333608757853284524355908501060578820412665842300321107531640970971045399525,No,True,0.28,10.0,0.99,78.4,0.635,0.71,749978f61099be4bb234cbb504555dfd6b131baf,0.01,5,,5.5179,
2026-08-01T07:21:11Z,EPL,435490,epl-2026-team-of-the-season,EPL: 2026 PFA Team of the Year,2026-05-01T16:17:58.439577Z,2127688,will-antoine-semenyo-be-named-to-the-2026-pfa-premier-league-team-of-the-year,Will Antoine Semenyo be named to the 2026 PFA Premier League Team of the Year?,0x1220c8ad3de1b3e3a079e832ec53f3cd4c3f014685820c7364e6feeec413e4d8,"[""76296603541032491222249921378613877627058194760954506807014743183408941333618"", ""21304560232739094042644316740439641499393814233414419162298081903469670924441""]",76296603541032491222249921378613877627058194760954506807014743183408941333618|21304560232739094042644316740439641499393814233414419162298081903469670924441,76296603541032491222249921378613877627058194760954506807014743183408941333618,Yes,True,0.18,9.26,0.94,33.0,0.5599999999999999,0.76,df45effd7e4395fd4eb16cd528e632ab8081561c,0.01,5,0.400,194.2862,2.08165
2026-08-01T07:21:11Z,EPL,435490,epl-2026-team-of-the-season,EPL: 2026 PFA Team of the Year,2026-05-01T16:17:58.439577Z,2127688,will-antoine-semenyo-be-named-to-the-2026-pfa-premier-league-team-of-the-year,Will Antoine Semenyo be named to the 2026 PFA Premier League Team of the Year?,0x1220c8ad3de1b3e3a079e832ec53f3cd4c3f014685820c7364e6feeec413e4d8,"[""76296603541032491222249921378613877627058194760954506807014743183408941333618"", ""21304560232739094042644316740439641499393814233414419162298081903469670924441""]",76296603541032491222249921378613877627058194760954506807014743183408941333618|21304560232739094042644316740439641499393814233414419162298081903469670924441,21304560232739094042644316740439641499393814233414419162298081903469670924441,No,True,0.06,33.0,0.82,9.26,0.43999999999999995,0.76,59c7524bf940f701bd2b9ddd367db9194c927c7d,0.01,5,0.400,194.2862,2.08165
2026-08-01T07:21:11Z,EPL,435490,epl-2026-team-of-the-season,EPL: 2026 PFA Team of the Year,2026-05-01T16:17:58.439577Z,2127689,will-jeremy-doku-be-named-to-the-2026-pfa-premier-league-team-of-the-year,Will Jeremy Doku be named to the 2026 PFA Premier League Team of the Year?,0xa879be670c7ecf3087a8bf9fc8cf43b4e415502e71e7910dd63ac8f80a56d87b,"[""3879696626646145930128886354978365884788235204398514844964568164322230593973"", ""79551627668553765432569263846776420950508270405186694496807348421004929288226""]",3879696626646145930128886354978365884788235204398514844964568164322230593973|79551627668553765432569263846776420950508270405186694496807348421004929288226,3879696626646145930128886354978365884788235204398514844964568164322230593973,Yes,True,0.01,14.32,0.26,6.74,0.135,0.25,06529d38068155152df74b9941306d217c05ce82,0.01,5,,810.8142,
2026-08-01T07:21:11Z,EPL,435490,epl-2026-team-of-the-season,EPL: 2026 PFA Team of the Year,2026-05-01T16:17:58.439577Z,2127689,will-jeremy-doku-be-named-to-the-2026-pfa-premier-league-team-of-the-year,Will Jeremy Doku be named to the 2026 PFA Premier League Team of the Year?,0xa879be670c7ecf3087a8bf9fc8cf43b4e415502e71e7910dd63ac8f80a56d87b,"[""3879696626646145930128886354978365884788235204398514844964568164322230593973"", ""79551627668553765432569263846776420950508270405186694496807348421004929288226""]",3879696626646145930128886354978365884788235204398514844964568164322230593973|79551627668553765432569263846776420950508270405186694496807348421004929288226,79551627668553765432569263846776420950508270405186694496807348421004929288226,No,True,0.74,6.74,0.99,14.32,0.865,0.25,75e271e26cb84f02ea523d7b4606406629cb8537,0.01,5,,810.8142,
2026-08-01T07:21:11Z,EPL,435490,epl-2026-team-of-the-season,EPL: 2026 PFA Team of the Year,2026-05-01T16:17:58.439577Z,2127690,will-bryan-mbeumo-be-named-to-the-2026-pfa-premier-league-team-of-the-year,Will Bryan Mbeumo be named to the 2026 PFA Premier League Team of the Year?,0xbc5c1fe3e7dd57070ca528cd85b158334b7aa9ee0c87b22c861586f82f115f53,"[""91785058119765698978951103847186849259631214663163177270696303972172010570357"", ""57423228513700841810717133678013622282899538997222385821885417665448518434118""]",91785058119765698978951103847186849259631214663163177270696303972172010570357|57423228513700841810717133678013622282899538997222385821885417665448518434118,91785058119765698978951103847186849259631214663163177270696303972172010570357,Yes,True,0.05,20.0,0.36,6.6,0.205,0.31,6b52c2f0ec63dd3e5baec16b0ad2d50cd55ade02,0.01,5,,72.7518,
2026-08-01T07:21:11Z,EPL,435490,epl-2026-team-of-the-season,EPL: 2026 PFA Team of the Year,2026-05-01T16:17:58.439577Z,2127690,will-bryan-mbeumo-be-named-to-the-2026-pfa-premier-league-team-of-the-year,Will Bryan Mbeumo be named to the 2026 PFA Premier League Team of the Year?,0xbc5c1fe3e7dd57070ca528cd85b158334b7aa9ee0c87b22c861586f82f115f53,"[""91785058119765698978951103847186849259631214663163177270696303972172010570357"", ""57423228513700841810717133678013622282899538997222385821885417665448518434118""]",91785058119765698978951103847186849259631214663163177270696303972172010570357|57423228513700841810717133678013622282899538997222385821885417665448518434118,57423228513700841810717133678013622282899538997222385821885417665448518434118,No,True,0.64,6.6,0.95,20.0,0.7949999999999999,0.30999999999999994,9324b7a84b428708492b46f7b1a15d9101fb459d,0.01,5,,72.7518,
2026-08-01T07:21:11Z,EPL,435490,epl-2026-team-of-the-season,EPL: 2026 PFA Team of the Year,2026-05-01T16:17:58.439577Z,2127691,will-jarrod-bowen-be-named-to-the-2026-pfa-premier-league-team-of-the-year,Will Jarrod Bowen be named to the 2026 PFA Premier League Team of the Year?,0x7352d3b05ddd64c22487c855e05c0485348e49d0dad74d9bde2c0478db43701e,"[""72676667720459668200165137999841534576126998576490942457742996617745849748718"", ""93972487936526721423770075279455909737407561133246099106446256232697159064557""]",72676667720459668200165137999841534576126998576490942457742996617745849748718|93972487936526721423770075279455909737407561133246099106446256232697159064557,72676667720459668200165137999841534576126998576490942457742996617745849748718,Yes,True,0.01,78.4,0.1,117.68,0.055,0.09000000000000001,bb1a81dc2a051e75e107fac7b6fa51f801105e81,0.01,5,,110.8599,
2026-08-01T07:21:11Z,EPL,435490,epl-2026-team-of-the-season,EPL: 2026 PFA Team of the Year,2026-05-01T16:17:58.439577Z,2127691,will-jarrod-bowen-be-named-to-the-2026-pfa-premier-league-team-of-the-year,Will Jarrod Bowen be named to the 2026 PFA Premier League Team of the Year?,0x7352d3b05ddd64c22487c855e05c0485348e49d0dad74d9bde2c0478db43701e,"[""72676667720459668200165137999841534576126998576490942457742996617745849748718"", ""93972487936526721423770075279455909737407561133246099106446256232697159064557""]",72676667720459668200165137999841534576126998576490942457742996617745849748718|93972487936526721423770075279455909737407561133246099106446256232697159064557,93972487936526721423770075279455909737407561133246099106446256232697159064557,No,True,0.9,117.68,0.99,78.4,0.9450000000000001,0.08999999999999997,7be29fcc8fe492db925d50a077a5610716160dd1,0.01,5,,110.8599,
2026-08-01T07:21:11Z,EPL,435490,epl-2026-team-of-the-season,EPL: 2026 PFA Team of the Year,2026-05-01T16:17:58.439577Z,2127692,will-phil-foden-be-named-to-the-2026-pfa-premier-league-team-of-the-year,Will Phil Foden be named to the 2026 PFA Premier League Team of the Year?,0x0f4085f5c4961b9029c600d4f976d0594a302e9f365552b48f500b655f2ac4fa,"[""8033894410953638407847681522327346336043237396295679948351222439635117761656"", ""89182645560093896409280692775338915223534298743660692930735700909064064285484""]",8033894410953638407847681522327346336043237396295679948351222439635117761656|89182645560093896409280692775338915223534298743660692930735700909064064285484,8033894410953638407847681522327346336043237396295679948351222439635117761656,Yes,True,0.01,78.4,0.19,10.0,0.1,0.18,586b790c2e29288d26fae28fda3cb8c5349c66ff,0.01,5,,153.1174,
2026-08-01T07:21:11Z,EPL,435490,epl-2026-team-of-the-season,EPL: 2026 PFA Team of the Year,2026-05-01T16:17:58.439577Z,2127692,will-phil-foden-be-named-to-the-2026-pfa-premier-league-team-of-the-year,Will Phil Foden be named to the 2026 PFA Premier League Team of the Year?,0x0f4085f5c4961b9029c600d4f976d0594a302e9f365552b48f500b655f2ac4fa,"[""8033894410953638407847681522327346336043237396295679948351222439635117761656"", ""89182645560093896409280692775338915223534298743660692930735700909064064285484""]",8033894410953638407847681522327346336043237396295679948351222439635117761656|89182645560093896409280692775338915223534298743660692930735700909064064285484,89182645560093896409280692775338915223534298743660692930735700909064064285484,No,True,0.81,10.0,0.99,78.4,0.9,0.17999999999999994,5b1ddc1cb143dae25129d046b17c8184484c2092,0.01,5,,153.1174,
2026-08-01T07:21:11Z,EPL,435490,epl-2026-team-of-the-season,EPL: 2026 PFA Team of the Year,2026-05-01T16:17:58.439577Z,2127693,will-bukayo-saka-be-named-to-the-2026-pfa-premier-league-team-of-the-year,Will Bukayo Saka be named to the 2026 PFA Premier League Team of the Year?,0xb31d5274c8acbc2b023593c03fe1cb6367f42a9596ebb5d61b3204457b980730,"[""3899512605908669133631802955015968710467998848723391934123440957914049621850"", ""50079801685037680014087676599806731271595381000363699907442053815397821742247""]",3899512605908669133631802955015968710467998848723391934123440957914049621850|50079801685037680014087676599806731271595381000363699907442053815397821742247,3899512605908669133631802955015968710467998848723391934123440957914049621850,Yes,True,0.16,5.0,0.75,10.7,0.455,0.59,40c47560362df17c7b07a017956a3f9e30ac6e0f,0.01,5,0.370,50.1324,46.51335400000001
2026-08-01T07:21:11Z,EPL,435490,epl-2026-team-of-the-season,EPL: 2026 PFA Team of the Year,2026-05-01T16:17:58.439577Z,2127693,will-bukayo-saka-be-named-to-the-2026-pfa-premier-league-team-of-the-year,Will Bukayo Saka be named to the 2026 PFA Premier League Team of the Year?,0xb31d5274c8acbc2b023593c03fe1cb6367f42a9596ebb5d61b3204457b980730,"[""3899512605908669133631802955015968710467998848723391934123440957914049621850"", ""50079801685037680014087676599806731271595381000363699907442053815397821742247""]",3899512605908669133631802955015968710467998848723391934123440957914049621850|50079801685037680014087676599806731271595381000363699907442053815397821742247,50079801685037680014087676599806731271595381000363699907442053815397821742247,No,True,0.25,10.7,0.84,5.0,0.5449999999999999,0.59,902511a242a9fc8782dff58dd77e02d96cf48156,0.01,5,0.370,50.1324,46.51335400000001
2026-08-01T07:21:11Z,EPL,741502,epl-will-jeff-bezos-be-announced-as-new-liverpool-owner-in-2026-20260722181029339,EPL: Will Jeff Bezos Be Announced as New Liverpool Owner in 2026?,2026-07-24T02:09:07.515064Z,3075557,epl-will-jeff-bezos-be-announced-as-new-liverpool-owner-in-2026-20260722181029339,EPL: Will Jeff Bezos Be Announced as New Liverpool Owner in 2026?,0xf80b06a0af0b0d125260dd874181f7719b744202726b1261630c1e6f47d194b2,"[""111441089755454304558071463386774833085904282688880366696455604871865425149250"", ""96618024647558019955854864607964662434776153113184066607977558350988819171463""]",111441089755454304558071463386774833085904282688880366696455604871865425149250|96618024647558019955854864607964662434776153113184066607977558350988819171463,111441089755454304558071463386774833085904282688880366696455604871865425149250,Yes,True,0.05,31.59,0.38,40.0,0.215,0.33,b68d1132885e6569d065927036f2cd6e8dd58d28,0.01,5,0.840,78.4927,2530.877093
2026-08-01T07:21:11Z,EPL,741502,epl-will-jeff-bezos-be-announced-as-new-liverpool-owner-in-2026-20260722181029339,EPL: Will Jeff Bezos Be Announced as New Liverpool Owner in 2026?,2026-07-24T02:09:07.515064Z,3075557,epl-will-jeff-bezos-be-announced-as-new-liverpool-owner-in-2026-20260722181029339,EPL: Will Jeff Bezos Be Announced as New Liverpool Owner in 2026?,0xf80b06a0af0b0d125260dd874181f7719b744202726b1261630c1e6f47d194b2,"[""111441089755454304558071463386774833085904282688880366696455604871865425149250"", ""96618024647558019955854864607964662434776153113184066607977558350988819171463""]",111441089755454304558071463386774833085904282688880366696455604871865425149250|96618024647558019955854864607964662434776153113184066607977558350988819171463,96618024647558019955854864607964662434776153113184066607977558350988819171463,No,True,0.62,40.0,0.95,31.59,0.7849999999999999,0.32999999999999996,fde0bb7d73cb0c0f60e48f418548c2d07eee8775,0.01,5,0.840,78.4927,2530.877093
2026-08-01T09:29:41Z,EPL,333084,epl-team-to-qualify-for-uefa-conference-league,EPL: Team to qualify for UEFA Conference League,2026-04-01T17:27:13.650134Z,1818367,will-arsenal-qualify-for-the-league-phase-of-the-2026-27-uefa-conference-league,Will Arsenal qualify for the League Phase of the 2026-27 UEFA Conference League?,0xe303639e6e879ac5dac9632362583523a2c1ff1ac46645f45fd5c1e7034b3ef7,"[""68901380712839851395966644282518000143877097473327410904576810621084636054002"", ""14101352633367703776049560107649243928150035657062243340231594815518398887879""]",68901380712839851395966644282518000143877097473327410904576810621084636054002|14101352633367703776049560107649243928150035657062243340231594815518398887879,68901380712839851395966644282518000143877097473327410904576810621084636054002,Yes,False,,,,,,,,,,,,467.35890000000006
2026-08-01T09:29:41Z,EPL,333084,epl-team-to-qualify-for-uefa-conference-league,EPL: Team to qualify for UEFA Conference League,2026-04-01T17:27:13.650134Z,1818367,will-arsenal-qualify-for-the-league-phase-of-the-2026-27-uefa-conference-league,Will Arsenal qualify for the League Phase of the 2026-27 UEFA Conference League?,0xe303639e6e879ac5dac9632362583523a2c1ff1ac46645f45fd5c1e7034b3ef7,"[""68901380712839851395966644282518000143877097473327410904576810621084636054002"", ""14101352633367703776049560107649243928150035657062243340231594815518398887879""]",68901380712839851395966644282518000143877097473327410904576810621084636054002|14101352633367703776049560107649243928150035657062243340231594815518398887879,14101352633367703776049560107649243928150035657062243340231594815518398887879,No,False,,,,,,,,,,,,467.35890000000006
2026-08-01T09:29:41Z,EPL,333084,epl-team-to-qualify-for-uefa-conference-league,EPL: Team to qualify for UEFA Conference League,2026-04-01T17:27:13.650134Z,1818368,will-aston-villa-qualify-for-the-league-phase-of-the-2026-27-uefa-conference-league,Will Aston Villa qualify for the League Phase of the 2026-27 UEFA Conference League?,0x28177c964d8b9d218ddc13dac289b4d63545aec7329fb69b12413e1a10a75457,"[""31823132354185101528875214330987706903655516243832510690074648671327601851551"", ""24610182176230826024523430019874907375950075107195029433984156474474467506756""]",31823132354185101528875214330987706903655516243832510690074648671327601851551|24610182176230826024523430019874907375950075107195029433984156474474467506756,31823132354185101528875214330987706903655516243832510690074648671327601851551,Yes,False,,,,,,,,,,,,118.34
2026-08-01T09:29:41Z,EPL,333084,epl-team-to-qualify-for-uefa-conference-league,EPL: Team to qualify for UEFA Conference League,2026-04-01T17:27:13.650134Z,1818368,will-aston-villa-qualify-for-the-league-phase-of-the-2026-27-uefa-conference-league,Will Aston Villa qualify for the League Phase of the 2026-27 UEFA Conference League?,0x28177c964d8b9d218ddc13dac289b4d63545aec7329fb69b12413e1a10a75457,"[""31823132354185101528875214330987706903655516243832510690074648671327601851551"", ""24610182176230826024523430019874907375950075107195029433984156474474467506756""]",31823132354185101528875214330987706903655516243832510690074648671327601851551|24610182176230826024523430019874907375950075107195029433984156474474467506756,24610182176230826024523430019874907375950075107195029433984156474474467506756,No,False,,,,,,,,,,,,118.34
2026-08-01T09:29:41Z,EPL,333084,epl-team-to-qualify-for-uefa-conference-league,EPL: Team to qualify for UEFA Conference League,2026-04-01T17:27:13.650134Z,1818369,will-bournemouth-qualify-for-the-league-phase-of-the-2026-27-uefa-conference-league,Will Bournemouth qualify for the League Phase of the 2026-27 UEFA Conference League?,0x767a11689ea743287c46af43309a57c52055b201a44546f1151ebe770848a4c2,"[""51037068800800327301977700578792391802166844203670527997794112211084782282749"", ""49880512765242008305101129568216821495775216606287544487246019230820484318812""]",51037068800800327301977700578792391802166844203670527997794112211084782282749|49880512765242008305101129568216821495775216606287544487246019230820484318812,51037068800800327301977700578792391802166844203670527997794112211084782282749,Yes,False,,,,,,,,,,,,104.230768
2026-08-01T09:29:41Z,EPL,333084,epl-team-to-qualify-for-uefa-conference-league,EPL: Team to qualify for UEFA Conference League,2026-04-01T17:27:13.650134Z,1818369,will-bournemouth-qualify-for-the-league-phase-of-the-2026-27-uefa-conference-league,Will Bournemouth qualify for the League Phase of the 2026-27 UEFA Conference League?,0x767a11689ea743287c46af43309a57c52055b201a44546f1151ebe770848a4c2,"[""51037068800800327301977700578792391802166844203670527997794112211084782282749"", ""49880512765242008305101129568216821495775216606287544487246019230820484318812""]",51037068800800327301977700578792391802166844203670527997794112211084782282749|49880512765242008305101129568216821495775216606287544487246019230820484318812,49880512765242008305101129568216821495775216606287544487246019230820484318812,No,False,,,,,,,,,,,,104.230768
2026-08-01T09:29:41Z,EPL,333084,epl-team-to-qualify-for-uefa-conference-league,EPL: Team to qualify for UEFA Conference League,2026-04-01T17:27:13.650134Z,1818370,will-brentford-qualify-for-the-league-phase-of-the-2026-27-uefa-conference-league,Will Brentford qualify for the League Phase of the 2026-27 UEFA Conference League?,0x0389abffb5ab63bd6aa4c5a51d9d3aa9448f20cd4ce3aa635fefd2f2349c3a31,"[""28387783984422789854592851598345905688234938653031916751801472369971729754741"", ""114832188258694701659066568174555689813627221405189198849646410747085620840644""]",28387783984422789854592851598345905688234938653031916751801472369971729754741|114832188258694701659066568174555689813627221405189198849646410747085620840644,28387783984422789854592851598345905688234938653031916751801472369971729754741,Yes,False,,,,,,,,,,,,65
2026-08-01T09:29:41Z,EPL,333084,epl-team-to-qualify-for-uefa-conference-league,EPL: Team to qualify for UEFA Conference League,2026-04-01T17:27:13.650134Z,1818370,will-brentford-qualify-for-the-league-phase-of-the-2026-27-uefa-conference-league,Will Brentford qualify for the League Phase of the 2026-27 UEFA Conference League?,0x0389abffb5ab63bd6aa4c5a51d9d3aa9448f20cd4ce3aa635fefd2f2349c3a31,"[""28387783984422789854592851598345905688234938653031916751801472369971729754741"", ""114832188258694701659066568174555689813627221405189198849646410747085620840644""]",28387783984422789854592851598345905688234938653031916751801472369971729754741|114832188258694701659066568174555689813627221405189198849646410747085620840644,114832188258694701659066568174555689813627221405189198849646410747085620840644,No,False,,,,,,,,,,,,65
2026-08-01T09:29:41Z,EPL,333084,epl-team-to-qualify-for-uefa-conference-league,EPL: Team to qualify for UEFA Conference League,2026-04-01T17:27:13.650134Z,1818371,will-brighton-hove-albion-qualify-for-the-league-phase-of-the-2026-27-uefa-conference-league,Will Brighton & Hove Albion qualify for the League Phase of the 2026-27 UEFA Conference League?,0x4e11ad07550e879b771bb74aa2ac543182c0b555f4fd86aaa8c9818d64b91f25,"[""91139930726622392742704198140499166850579482457098783277042371092513674941494"", ""75555949500072945185762043512718261040129266196955015758692797567174442576587""]",91139930726622392742704198140499166850579482457098783277042371092513674941494|75555949500072945185762043512718261040129266196955015758692797567174442576587,91139930726622392742704198140499166850579482457098783277042371092513674941494,Yes,True,0.403,8.7,0.943,10.0,0.673,0.5399999999999999,0c496529b35babb5a21d88e51ae8a3d399774676,0.001,5,0.900,164.96581,1233.9694859999997
2026-08-01T09:29:41Z,EPL,333084,epl-team-to-qualify-for-uefa-conference-league,EPL: Team to qualify for UEFA Conference League,2026-04-01T17:27:13.650134Z,1818371,will-brighton-hove-albion-qualify-for-the-league-phase-of-the-2026-27-uefa-conference-league,Will Brighton & Hove Albion qualify for the League Phase of the 2026-27 UEFA Conference League?,0x4e11ad07550e879b771bb74aa2ac543182c0b555f4fd86aaa8c9818d64b91f25,"[""91139930726622392742704198140499166850579482457098783277042371092513674941494"", ""75555949500072945185762043512718261040129266196955015758692797567174442576587""]",91139930726622392742704198140499166850579482457098783277042371092513674941494|75555949500072945185762043512718261040129266196955015758692797567174442576587,75555949500072945185762043512718261040129266196955015758692797567174442576587,No,True,0.057,10.0,0.597,8.7,0.327,0.5399999999999999,1f2c7ad2b1631d03575f21130e557e41972ecb90,0.001,5,0.900,164.96581,1233.9694859999997
2026-08-01T09:29:41Z,EPL,333084,epl-team-to-qualify-for-uefa-conference-league,EPL: Team to qualify for UEFA Conference League,2026-04-01T17:27:13.650134Z,1818372,will-chelsea-qualify-for-the-league-phase-of-the-2026-27-uefa-conference-league,Will Chelsea qualify for the League Phase of the 2026-27 UEFA Conference League?,0xa0a419e4b455bbeb1ac06050bf572bbf636c70dc688f201eda6beb257e0ecccf,"[""24304404136401853611354679156736471836167449603878002382670170418575244748347"", ""34932573794344542041315686660932662303391519134203250572504686994553601884919""]",24304404136401853611354679156736471836167449603878002382670170418575244748347|34932573794344542041315686660932662303391519134203250572504686994553601884919,24304404136401853611354679156736471836167449603878002382670170418575244748347,Yes,False,,,,,,,,,,,,193.140308
2026-08-01T09:29:41Z,EPL,333084,epl-team-to-qualify-for-uefa-conference-league,EPL: Team to qualify for UEFA Conference League,2026-04-01T17:27:13.650134Z,1818372,will-chelsea-qualify-for-the-league-phase-of-the-2026-27-uefa-conference-league,Will Chelsea qualify for the League Phase of the 2026-27 UEFA Conference League?,0xa0a419e4b455bbeb1ac06050bf572bbf636c70dc688f201eda6beb257e0ecccf,"[""24304404136401853611354679156736471836167449603878002382670170418575244748347"", ""34932573794344542041315686660932662303391519134203250572504686994553601884919""]",24304404136401853611354679156736471836167449603878002382670170418575244748347|34932573794344542041315686660932662303391519134203250572504686994553601884919,34932573794344542041315686660932662303391519134203250572504686994553601884919,No,False,,,,,,,,,,,,193.140308
2026-08-01T09:29:41Z,EPL,333084,epl-team-to-qualify-for-uefa-conference-league,EPL: Team to qualify for UEFA Conference League,2026-04-01T17:27:13.650134Z,1818373,will-crystal-palace-qualify-for-the-league-phase-of-the-2026-27-uefa-conference-league,Will Crystal Palace qualify for the League Phase of the 2026-27 UEFA Conference League?,0x7fcff1b74a273c0e48b01dafa03fd994fc6d6a80faf2f401808a1f7c906231e2,"[""83595360800340582836220415327748792858014632655765677024450652227649872829217"", ""8722778550304158158775908112102831721712668882628498669387415627760731221547""]",83595360800340582836220415327748792858014632655765677024450652227649872829217|8722778550304158158775908112102831721712668882628498669387415627760731221547,83595360800340582836220415327748792858014632655765677024450652227649872829217,Yes,False,,,,,,,,,,,,55.10415
2026-08-01T09:29:41Z,EPL,333084,epl-team-to-qualify-for-uefa-conference-league,EPL: Team to qualify for UEFA Conference League,2026-04-01T17:27:13.650134Z,1818373,will-crystal-palace-qualify-for-the-league-phase-of-the-2026-27-uefa-conference-league,Will Crystal Palace qualify for the League Phase of the 2026-27 UEFA Conference League?,0x7fcff1b74a273c0e48b01dafa03fd994fc6d6a80faf2f401808a1f7c906231e2,"[""83595360800340582836220415327748792858014632655765677024450652227649872829217"", ""8722778550304158158775908112102831721712668882628498669387415627760731221547""]",83595360800340582836220415327748792858014632655765677024450652227649872829217|8722778550304158158775908112102831721712668882628498669387415627760731221547,8722778550304158158775908112102831721712668882628498669387415627760731221547,No,False,,,,,,,,,,,,55.10415
2026-08-01T09:29:41Z,EPL,333084,epl-team-to-qualify-for-uefa-conference-league,EPL: Team to qualify for UEFA Conference League,2026-04-01T17:27:13.650134Z,1818374,will-everton-qualify-for-the-league-phase-of-the-2026-27-uefa-conference-league,Will Everton qualify for the League Phase of the 2026-27 UEFA Conference League?,0xc2d06ea1b36aa2af374778802062278b37c0681e80b8b30d440eea8c89c69efa,"[""4166923647964243798214643118596450748550925708271797356837126450441673128307"", ""38675784671269789218225363889508272390729885225646140690421495748338190385226""]",4166923647964243798214643118596450748550925708271797356837126450441673128307|38675784671269789218225363889508272390729885225646140690421495748338190385226,4166923647964243798214643118596450748550925708271797356837126450441673128307,Yes,False,,,,,,,,,,,,481.81
2026-08-01T09:29:41Z,EPL,333084,epl-team-to-qualify-for-uefa-conference-league,EPL: Team to qualify for UEFA Conference League,2026-04-01T17:27:13.650134Z,1818374,will-everton-qualify-for-the-league-phase-of-the-2026-27-uefa-conference-league,Will Everton qualify for the League Phase of the 2026-27 UEFA Conference League?,0xc2d06ea1b36aa2af374778802062278b37c0681e80b8b30d440eea8c89c69efa,"[""4166923647964243798214643118596450748550925708271797356837126450441673128307"", ""38675784671269789218225363889508272390729885225646140690421495748338190385226""]",4166923647964243798214643118596450748550925708271797356837126450441673128307|38675784671269789218225363889508272390729885225646140690421495748338190385226,38675784671269789218225363889508272390729885225646140690421495748338190385226,No,False,,,,,,,,,,,,481.81
2026-08-01T09:29:41Z,EPL,333084,epl-team-to-qualify-for-uefa-conference-league,EPL: Team to qualify for UEFA Conference League,2026-04-01T17:27:13.650134Z,1818375,will-fulham-qualify-for-the-league-phase-of-the-2026-27-uefa-conference-league,Will Fulham qualify for the League Phase of the 2026-27 UEFA Conference League?,0xa9c80d9e6d42b63441eb65788fa6715dd14e46e84e92ab0af524aa71de00e9fe,"[""58173349290615436261874750189700214187364770220706840363443501392029514828013"", ""68870830613563352664780739176635792396465611522859759407689581346809698393825""]",58173349290615436261874750189700214187364770220706840363443501392029514828013|68870830613563352664780739176635792396465611522859759407689581346809698393825,58173349290615436261874750189700214187364770220706840363443501392029514828013,Yes,False,,,,,,,,,,,,529.6700000000001
2026-08-01T09:29:41Z,EPL,333084,epl-team-to-qualify-for-uefa-conference-league,EPL: Team to qualify for UEFA Conference League,2026-04-01T17:27:13.650134Z,1818375,will-fulham-qualify-for-the-league-phase-of-the-2026-27-uefa-conference-league,Will Fulham qualify for the League Phase of the 2026-27 UEFA Conference League?,0xa9c80d9e6d42b63441eb65788fa6715dd14e46e84e92ab0af524aa71de00e9fe,"[""58173349290615436261874750189700214187364770220706840363443501392029514828013"", ""68870830613563352664780739176635792396465611522859759407689581346809698393825""]",58173349290615436261874750189700214187364770220706840363443501392029514828013|68870830613563352664780739176635792396465611522859759407689581346809698393825,68870830613563352664780739176635792396465611522859759407689581346809698393825,No,False,,,,,,,,,,,,529.6700000000001
2026-08-01T09:29:41Z,EPL,333084,epl-team-to-qualify-for-uefa-conference-league,EPL: Team to qualify for UEFA Conference League,2026-04-01T17:27:13.650134Z,1818376,will-ipswich-town-qualify-for-the-league-phase-of-the-2026-27-uefa-conference-league,Will Ipswich Town qualify for the League Phase of the 2026-27 UEFA Conference League?,0xfd1fd6c7c9106ccdc0a48fb64385b352808d5f6a4eb0157cb37b834002772000,"[""34575040317828011543308948862359294748447343494151397521995978862299718496252"", ""32703218917373905712439402416747473136357574974365039086658033726899781984701""]",34575040317828011543308948862359294748447343494151397521995978862299718496252|32703218917373905712439402416747473136357574974365039086658033726899781984701,34575040317828011543308948862359294748447343494151397521995978862299718496252,Yes,False,,,,,,,,,,,,185.7979
2026-08-01T09:29:41Z,EPL,333084,epl-team-to-qualify-for-uefa-conference-league,EPL: Team to qualify for UEFA Conference League,2026-04-01T17:27:13.650134Z,1818376,will-ipswich-town-qualify-for-the-league-phase-of-the-2026-27-uefa-conference-league,Will Ipswich Town qualify for the League Phase of the 2026-27 UEFA Conference League?,0xfd1fd6c7c9106ccdc0a48fb64385b352808d5f6a4eb0157cb37b834002772000,"[""34575040317828011543308948862359294748447343494151397521995978862299718496252"", ""32703218917373905712439402416747473136357574974365039086658033726899781984701""]",34575040317828011543308948862359294748447343494151397521995978862299718496252|32703218917373905712439402416747473136357574974365039086658033726899781984701,32703218917373905712439402416747473136357574974365039086658033726899781984701,No,False,,,,,,,,,,,,185.7979
2026-08-01T09:29:41Z,EPL,333084,epl-team-to-qualify-for-uefa-conference-league,EPL: Team to qualify for UEFA Conference League,2026-04-01T17:27:13.650134Z,1818377,will-leicester-city-qualify-for-the-league-phase-of-the-2026-27-uefa-conference-league,Will Leicester City qualify for the League Phase of the 2026-27 UEFA Conference League?,0x7f23bad03e49e8691193b374466a982f76952cc0658302268f2122380250f91d,"[""36855782576831156580765175743466253787995589729798761982205435744452738857165"", ""63267615403020851545105138792098005654530731396339683005908577788229989628684""]",36855782576831156580765175743466253787995589729798761982205435744452738857165|63267615403020851545105138792098005654530731396339683005908577788229989628684,36855782576831156580765175743466253787995589729798761982205435744452738857165,Yes,False,,,,,,,,,,,,185.5555
2026-08-01T09:29:41Z,EPL,333084,epl-team-to-qualify-for-uefa-conference-league,EPL: Team to qualify for UEFA Conference League,2026-04-01T17:27:13.650134Z,1818377,will-leicester-city-qualify-for-the-league-phase-of-the-2026-27-uefa-conference-league,Will Leicester City qualify for the League Phase of the 2026-27 UEFA Conference League?,0x7f23bad03e49e8691193b374466a982f76952cc0658302268f2122380250f91d,"[""36855782576831156580765175743466253787995589729798761982205435744452738857165"", ""63267615403020851545105138792098005654530731396339683005908577788229989628684""]",36855782576831156580765175743466253787995589729798761982205435744452738857165|63267615403020851545105138792098005654530731396339683005908577788229989628684,63267615403020851545105138792098005654530731396339683005908577788229989628684,No,False,,,,,,,,,,,,185.5555
2026-08-01T09:29:41Z,EPL,333084,epl-team-to-qualify-for-uefa-conference-league,EPL: Team to qualify for UEFA Conference League,2026-04-01T17:27:13.650134Z,1818378,will-liverpool-qualify-for-the-league-phase-of-the-2026-27-uefa-conference-league,Will Liverpool qualify for the League Phase of the 2026-27 UEFA Conference League?,0x0f39d177f78abd438be984b36f264c13de879b346ae40bfea0ababc108b83f64,"[""65988948624774144931622911564364302133312968519504468408474435267221324233196"", ""115130602602129428285461614417924472558165741430309539659330809798396288056300""]",65988948624774144931622911564364302133312968519504468408474435267221324233196|115130602602129428285461614417924472558165741430309539659330809798396288056300,65988948624774144931622911564364302133312968519504468408474435267221324233196,Yes,False,,,,,,,,,,,0,175.5
2026-08-01T09:29:41Z,EPL,333084,epl-team-to-qualify-for-uefa-conference-league,EPL: Team to qualify for UEFA Conference League,2026-04-01T17:27:13.650134Z,1818378,will-liverpool-qualify-for-the-league-phase-of-the-2026-27-uefa-conference-league,Will Liverpool qualify for the League Phase of the 2026-27 UEFA Conference League?,0x0f39d177f78abd438be984b36f264c13de879b346ae40bfea0ababc108b83f64,"[""65988948624774144931622911564364302133312968519504468408474435267221324233196"", ""115130602602129428285461614417924472558165741430309539659330809798396288056300""]",65988948624774144931622911564364302133312968519504468408474435267221324233196|115130602602129428285461614417924472558165741430309539659330809798396288056300,115130602602129428285461614417924472558165741430309539659330809798396288056300,No,False,,,,,,,,,,,0,175.5
2026-08-01T09:29:41Z,EPL,333084,epl-team-to-qualify-for-uefa-conference-league,EPL: Team to qualify for UEFA Conference League,2026-04-01T17:27:13.650134Z,1818379,will-manchester-city-qualify-for-the-league-phase-of-the-2026-27-uefa-conference-league,Will Manchester City qualify for the League Phase of the 2026-27 UEFA Conference League?,0x9f502be87b77866442714675eeb0ceec67b36469dab587b15862716b95a22a65,"[""81955707153623233000480445669873960416969320182377332341762765419704043622092"", ""63903621190034107756618838956749324043719317201688365281214818158837560760762""]",81955707153623233000480445669873960416969320182377332341762765419704043622092|63903621190034107756618838956749324043719317201688365281214818158837560760762,81955707153623233000480445669873960416969320182377332341762765419704043622092,Yes,False,,,,,,,,,,,,239.96210000000002
2026-08-01T09:29:41Z,EPL,333084,epl-team-to-qualify-for-uefa-conference-league,EPL: Team to qualify for UEFA Conference League,2026-04-01T17:27:13.650134Z,1818379,will-manchester-city-qualify-for-the-league-phase-of-the-2026-27-uefa-conference-league,Will Manchester City qualify for the League Phase of the 2026-27 UEFA Conference League?,0x9f502be87b77866442714675eeb0ceec67b36469dab587b15862716b95a22a65,"[""81955707153623233000480445669873960416969320182377332341762765419704043622092"", ""63903621190034107756618838956749324043719317201688365281214818158837560760762""]",81955707153623233000480445669873960416969320182377332341762765419704043622092|63903621190034107756618838956749324043719317201688365281214818158837560760762,63903621190034107756618838956749324043719317201688365281214818158837560760762,No,False,,,,,,,,,,,,239.96210000000002
2026-08-01T09:29:41Z,EPL,333084,epl-team-to-qualify-for-uefa-conference-league,EPL: Team to qualify for UEFA Conference League,2026-04-01T17:27:13.650134Z,1818380,will-manchester-united-qualify-for-the-league-phase-of-the-2026-27-uefa-conference-league,Will Manchester United qualify for the League Phase of the 2026-27 UEFA Conference League?,0x10faa15e034abb4d8b58e96fa9cceaeba84182d8d26061672b3090ef60c474c7,"[""14537963265850539015090671292913129800573442530565687433985001158662408488535"", ""24584985274241329793529868323709359334793457968867512216477798918303927163120""]",14537963265850539015090671292913129800573442530565687433985001158662408488535|24584985274241329793529868323709359334793457968867512216477798918303927163120,14537963265850539015090671292913129800573442530565687433985001158662408488535,Yes,False,,,,,,,,,,,,654.06
2026-08-01T09:29:41Z,EPL,333084,epl-team-to-qualify-for-uefa-conference-league,EPL: Team to qualify for UEFA Conference League,2026-04-01T17:27:13.650134Z,1818380,will-manchester-united-qualify-for-the-league-phase-of-the-2026-27-uefa-conference-league,Will Manchester United qualify for the League Phase of the 2026-27 UEFA Conference League?,0x10faa15e034abb4d8b58e96fa9cceaeba84182d8d26061672b3090ef60c474c7,"[""14537963265850539015090671292913129800573442530565687433985001158662408488535"", ""24584985274241329793529868323709359334793457968867512216477798918303927163120""]",14537963265850539015090671292913129800573442530565687433985001158662408488535|24584985274241329793529868323709359334793457968867512216477798918303927163120,24584985274241329793529868323709359334793457968867512216477798918303927163120,No,False,,,,,,,,,,,,654.06
2026-08-01T09:29:41Z,EPL,333084,epl-team-to-qualify-for-uefa-conference-league,EPL: Team to qualify for UEFA Conference League,2026-04-01T17:27:13.650134Z,1818381,will-newcastle-united-qualify-for-the-league-phase-of-the-2026-27-uefa-conference-league,Will Newcastle United qualify for the League Phase of the 2026-27 UEFA Conference League?,0xb0716d2b36fd90dd54c600a9e7647616490002987e3eb1ecb3d10ead4d62d33c,"[""59224980280942325666569394558997382798882386438436610001858371645471216555919"", ""79970515927998557660930530711963196679174481368659736459630565505379849389257""]",59224980280942325666569394558997382798882386438436610001858371645471216555919|79970515927998557660930530711963196679174481368659736459630565505379849389257,59224980280942325666569394558997382798882386438436610001858371645471216555919,Yes,False,,,,,,,,,,,,411.9
2026-08-01T09:29:41Z,EPL,333084,epl-team-to-qualify-for-uefa-conference-league,EPL: Team to qualify for UEFA Conference League,2026-04-01T17:27:13.650134Z,1818381,will-newcastle-united-qualify-for-the-league-phase-of-the-2026-27-uefa-conference-league,Will Newcastle United qualify for the League Phase of the 2026-27 UEFA Conference League?,0xb0716d2b36fd90dd54c600a9e7647616490002987e3eb1ecb3d10ead4d62d33c,"[""59224980280942325666569394558997382798882386438436610001858371645471216555919"", ""79970515927998557660930530711963196679174481368659736459630565505379849389257""]",59224980280942325666569394558997382798882386438436610001858371645471216555919|79970515927998557660930530711963196679174481368659736459630565505379849389257,79970515927998557660930530711963196679174481368659736459630565505379849389257,No,False,,,,,,,,,,,,411.9
2026-08-01T09:29:41Z,EPL,333084,epl-team-to-qualify-for-uefa-conference-league,EPL: Team to qualify for UEFA Conference League,2026-04-01T17:27:13.650134Z,1818382,will-nottingham-forest-qualify-for-the-league-phase-of-the-2026-27-uefa-conference-league,Will Nottingham Forest qualify for the League Phase of the 2026-27 UEFA Conference League?,0xe911ed8e88ee4d94cb587ed6128a6c15596d9338a4d90b78b9ea20b0578fc156,"[""19481881546917834293067497074329377518935142669934498853237227966392229142245"", ""57602898067754327037427882833634701750997153547931685588132390215919583981742""]",19481881546917834293067497074329377518935142669934498853237227966392229142245|57602898067754327037427882833634701750997153547931685588132390215919583981742,19481881546917834293067497074329377518935142669934498853237227966392229142245,Yes,False,,,,,,,,,,,,407.7161
2026-08-01T09:29:41Z,EPL,333084,epl-team-to-qualify-for-uefa-conference-league,EPL: Team to qualify for UEFA Conference League,2026-04-01T17:27:13.650134Z,1818382,will-nottingham-forest-qualify-for-the-league-phase-of-the-2026-27-uefa-conference-league,Will Nottingham Forest qualify for the League Phase of the 2026-27 UEFA Conference League?,0xe911ed8e88ee4d94cb587ed6128a6c15596d9338a4d90b78b9ea20b0578fc156,"[""19481881546917834293067497074329377518935142669934498853237227966392229142245"", ""57602898067754327037427882833634701750997153547931685588132390215919583981742""]",19481881546917834293067497074329377518935142669934498853237227966392229142245|57602898067754327037427882833634701750997153547931685588132390215919583981742,57602898067754327037427882833634701750997153547931685588132390215919583981742,No,False,,,,,,,,,,,,407.7161
2026-08-01T09:29:41Z,EPL,333084,epl-team-to-qualify-for-uefa-conference-league,EPL: Team to qualify for UEFA Conference League,2026-04-01T17:27:13.650134Z,1818383,will-southampton-qualify-for-the-league-phase-of-the-2026-27-uefa-conference-league,Will Southampton qualify for the League Phase of the 2026-27 UEFA Conference League?,0x7ca2adbbd88851add0e546dd78574d7e79fc00c76e8c490e5692bf8023c11e75,"[""26877828097379119176280047098274709531228788895296330595994436624390898867911"", ""115748130349087715420332870666315257990045222809843222754054247382701059943674""]",26877828097379119176280047098274709531228788895296330595994436624390898867911|115748130349087715420332870666315257990045222809843222754054247382701059943674,26877828097379119176280047098274709531228788895296330595994436624390898867911,Yes,False,,,,,,,,,,,0,617.6899999999999
2026-08-01T09:29:41Z,EPL,333084,epl-team-to-qualify-for-uefa-conference-league,EPL: Team to qualify for UEFA Conference League,2026-04-01T17:27:13.650134Z,1818383,will-southampton-qualify-for-the-league-phase-of-the-2026-27-uefa-conference-league,Will Southampton qualify for the League Phase of the 2026-27 UEFA Conference League?,0x7ca2adbbd88851add0e546dd78574d7e79fc00c76e8c490e5692bf8023c11e75,"[""26877828097379119176280047098274709531228788895296330595994436624390898867911"", ""115748130349087715420332870666315257990045222809843222754054247382701059943674""]",26877828097379119176280047098274709531228788895296330595994436624390898867911|115748130349087715420332870666315257990045222809843222754054247382701059943674,115748130349087715420332870666315257990045222809843222754054247382701059943674,No,False,,,,,,,,,,,0,617.6899999999999
2026-08-01T09:29:41Z,EPL,333084,epl-team-to-qualify-for-uefa-conference-league,EPL: Team to qualify for UEFA Conference League,2026-04-01T17:27:13.650134Z,1818384,will-tottenham-hotspur-qualify-for-the-league-phase-of-the-2026-27-uefa-conference-league,Will Tottenham Hotspur qualify for the League Phase of the 2026-27 UEFA Conference League?,0xe98b7da9a346eb2aced5b9300c7a53e4d7c147741b546f005de0b3c0d89e0ae1,"[""16165000919596414242427788888124743916698715129044155178467657105167009019476"", ""114828181514576721851254739097127564151815507804110569853443476924908844910766""]",16165000919596414242427788888124743916698715129044155178467657105167009019476|114828181514576721851254739097127564151815507804110569853443476924908844910766,16165000919596414242427788888124743916698715129044155178467657105167009019476,Yes,False,,,,,,,,,,,,1126.7675
2026-08-01T09:29:41Z,EPL,333084,epl-team-to-qualify-for-uefa-conference-league,EPL: Team to qualify for UEFA Conference League,2026-04-01T17:27:13.650134Z,1818384,will-tottenham-hotspur-qualify-for-the-league-phase-of-the-2026-27-uefa-conference-league,Will Tottenham Hotspur qualify for the League Phase of the 2026-27 UEFA Conference League?,0xe98b7da9a346eb2aced5b9300c7a53e4d7c147741b546f005de0b3c0d89e0ae1,"[""16165000919596414242427788888124743916698715129044155178467657105167009019476"", ""114828181514576721851254739097127564151815507804110569853443476924908844910766""]",16165000919596414242427788888124743916698715129044155178467657105167009019476|114828181514576721851254739097127564151815507804110569853443476924908844910766,114828181514576721851254739097127564151815507804110569853443476924908844910766,No,False,,,,,,,,,,,,1126.7675
2026-08-01T09:29:41Z,EPL,333084,epl-team-to-qualify-for-uefa-conference-league,EPL: Team to qualify for UEFA Conference League,2026-04-01T17:27:13.650134Z,1818385,will-west-ham-united-qualify-for-the-league-phase-of-the-2026-27-uefa-conference-league,Will West Ham United qualify for the League Phase of the 2026-27 UEFA Conference League?,0xbc79053a1f7691b55171b4a210da33b3c3fba449c9df4fd954856635f8da0e8e,"[""54894379652853834326297942957419603346481276275403414881816173756537774757640"", ""33108900391203812803918822219418560079370282336069888352885661677363224124116""]",54894379652853834326297942957419603346481276275403414881816173756537774757640|33108900391203812803918822219418560079370282336069888352885661677363224124116,54894379652853834326297942957419603346481276275403414881816173756537774757640,Yes,False,,,,,,,,,,,,207.137
2026-08-01T09:29:41Z,EPL,333084,epl-team-to-qualify-for-uefa-conference-league,EPL: Team to qualify for UEFA Conference League,2026-04-01T17:27:13.650134Z,1818385,will-west-ham-united-qualify-for-the-league-phase-of-the-2026-27-uefa-conference-league,Will West Ham United qualify for the League Phase of the 2026-27 UEFA Conference League?,0xbc79053a1f7691b55171b4a210da33b3c3fba449c9df4fd954856635f8da0e8e,"[""54894379652853834326297942957419603346481276275403414881816173756537774757640"", ""33108900391203812803918822219418560079370282336069888352885661677363224124116""]",54894379652853834326297942957419603346481276275403414881816173756537774757640|33108900391203812803918822219418560079370282336069888352885661677363224124116,33108900391203812803918822219418560079370282336069888352885661677363224124116,No,False,,,,,,,,,,,,207.137
2026-08-01T09:29:41Z,EPL,333084,epl-team-to-qualify-for-uefa-conference-league,EPL: Team to qualify for UEFA Conference League,2026-04-01T17:27:13.650134Z,1818386,will-wolverhampton-wanderers-qualify-for-the-league-phase-of-the-2026-27-uefa-conference-league,Will Wolverhampton Wanderers qualify for the League Phase of the 2026-27 UEFA Conference League?,0x612a47d48e42fc85f4b3099edd0779c399e7393325bae5ef494fbec0b518be97,"[""39645891629689350247020865542579082583944711546641819664090458601825821008952"", ""27752113810792547257158395279414992925826179248970504390132410269490063597360""]",39645891629689350247020865542579082583944711546641819664090458601825821008952|27752113810792547257158395279414992925826179248970504390132410269490063597360,39645891629689350247020865542579082583944711546641819664090458601825821008952,Yes,False,,,,,,,,,,,,216.45
2026-08-01T09:29:41Z,EPL,333084,epl-team-to-qualify-for-uefa-conference-league,EPL: Team to qualify for UEFA Conference League,2026-04-01T17:27:13.650134Z,1818386,will-wolverhampton-wanderers-qualify-for-the-league-phase-of-the-2026-27-uefa-conference-league,Will Wolverhampton Wanderers qualify for the League Phase of the 2026-27 UEFA Conference League?,0x612a47d48e42fc85f4b3099edd0779c399e7393325bae5ef494fbec0b518be97,"[""39645891629689350247020865542579082583944711546641819664090458601825821008952"", ""27752113810792547257158395279414992925826179248970504390132410269490063597360""]",39645891629689350247020865542579082583944711546641819664090458601825821008952|27752113810792547257158395279414992925826179248970504390132410269490063597360,27752113810792547257158395279414992925826179248970504390132410269490063597360,No,False,,,,,,,,,,,,216.45
2026-08-01T09:29:41Z,EPL,435490,epl-2026-team-of-the-season,EPL: 2026 PFA Team of the Year,2026-05-01T16:17:58.439577Z,2127663,will-david-raya-be-named-to-the-2026-pfa-premier-league-team-of-the-year,Will David Raya be named to the 2026 PFA Premier League Team of the Year?,0x50561f0ac9fb48ce9b1dc8f78f84dea5e43d9d30bd507eb93fa57b11a996ffeb,"[""3488261232009523381576281256634840719226792569353110860105294590188599877555"", ""33896607823388600558222421347266613674976673770405419631622989961143438148884""]",3488261232009523381576281256634840719226792569353110860105294590188599877555|33896607823388600558222421347266613674976673770405419631622989961143438148884,3488261232009523381576281256634840719226792569353110860105294590188599877555,Yes,True,0.81,206.16,0.98,28.13,0.895,0.16999999999999993,a73f6b6e2d9240a9edcebfc11898e35129caee01,0.01,5,,507.157,
2026-08-01T09:29:41Z,EPL,435490,epl-2026-team-of-the-season,EPL: 2026 PFA Team of the Year,2026-05-01T16:17:58.439577Z,2127663,will-david-raya-be-named-to-the-2026-pfa-premier-league-team-of-the-year,Will David Raya be named to the 2026 PFA Premier League Team of the Year?,0x50561f0ac9fb48ce9b1dc8f78f84dea5e43d9d30bd507eb93fa57b11a996ffeb,"[""3488261232009523381576281256634840719226792569353110860105294590188599877555"", ""33896607823388600558222421347266613674976673770405419631622989961143438148884""]",3488261232009523381576281256634840719226792569353110860105294590188599877555|33896607823388600558222421347266613674976673770405419631622989961143438148884,33896607823388600558222421347266613674976673770405419631622989961143438148884,No,True,0.02,28.13,0.19,206.16,0.105,0.17,36d1326e54dd590fed8b69b3de56170b2f7c4cf1,0.01,5,,507.157,
2026-08-01T09:29:41Z,EPL,435490,epl-2026-team-of-the-season,EPL: 2026 PFA Team of the Year,2026-05-01T16:17:58.439577Z,2127664,will-jordan-pickford-be-named-to-the-2026-pfa-premier-league-team-of-the-year,Will Jordan Pickford be named to the 2026 PFA Premier League Team of the Year?,0x206d3cf11b86b16708f160e1e5223e75f4f0b126fbfecb52300077792e4a978f,"[""69002409170326112222673578355907486486435514190626080376764720483535336436602"", ""29764786967669041151836718379664776749611256940389381248189333088896507813340""]",69002409170326112222673578355907486486435514190626080376764720483535336436602|29764786967669041151836718379664776749611256940389381248189333088896507813340,69002409170326112222673578355907486486435514190626080376764720483535336436602,Yes,True,,,0.09,11.82,,,405bdaa2174684d98a1e2a506a9e2917e1c71414,0.01,5,,109.7862,11.82
2026-08-01T09:29:41Z,EPL,435490,epl-2026-team-of-the-season,EPL: 2026 PFA Team of the Year,2026-05-01T16:17:58.439577Z,2127664,will-jordan-pickford-be-named-to-the-2026-pfa-premier-league-team-of-the-year,Will Jordan Pickford be named to the 2026 PFA Premier League Team of the Year?,0x206d3cf11b86b16708f160e1e5223e75f4f0b126fbfecb52300077792e4a978f,"[""69002409170326112222673578355907486486435514190626080376764720483535336436602"", ""29764786967669041151836718379664776749611256940389381248189333088896507813340""]",69002409170326112222673578355907486486435514190626080376764720483535336436602|29764786967669041151836718379664776749611256940389381248189333088896507813340,29764786967669041151836718379664776749611256940389381248189333088896507813340,No,True,0.91,11.82,,,,,353d2a97d22417a6b3902189a725fca3ceab8a91,0.01,5,,109.7862,11.82
2026-08-01T09:29:41Z,EPL,435490,epl-2026-team-of-the-season,EPL: 2026 PFA Team of the Year,2026-05-01T16:17:58.439577Z,2127665,will-dean-henderson-be-named-to-the-2026-pfa-premier-league-team-of-the-year,Will Dean Henderson be named to the 2026 PFA Premier League Team of the Year?,0x67ebb7796df1324b1b084b0aaa59e3379513583ac93e3c8e968935e7dbb1f535,"[""77730449116026385251216021681478758817188404733132958155748625297475510396335"", ""86484569427189395298179892127162282618369840953731094949208918944830421003973""]",77730449116026385251216021681478758817188404733132958155748625297475510396335|86484569427189395298179892127162282618369840953731094949208918944830421003973,77730449116026385251216021681478758817188404733132958155748625297475510396335,Yes,True,0.01,78.4,0.1,107.68,0.055,0.09000000000000001,0451172e067b48ff0a4efa8501fdc287c4d8fd2d,0.01,5,,104.9999,
2026-08-01T09:29:41Z,EPL,435490,epl-2026-team-of-the-season,EPL: 2026 PFA Team of the Year,2026-05-01T16:17:58.439577Z,2127665,will-dean-henderson-be-named-to-the-2026-pfa-premier-league-team-of-the-year,Will Dean Henderson be named to the 2026 PFA Premier League Team of the Year?,0x67ebb7796df1324b1b084b0aaa59e3379513583ac93e3c8e968935e7dbb1f535,"[""77730449116026385251216021681478758817188404733132958155748625297475510396335"", ""86484569427189395298179892127162282618369840953731094949208918944830421003973""]",77730449116026385251216021681478758817188404733132958155748625297475510396335|86484569427189395298179892127162282618369840953731094949208918944830421003973,86484569427189395298179892127162282618369840953731094949208918944830421003973,No,True,0.9,107.68,0.99,78.4,0.9450000000000001,0.08999999999999997,d3752b9e4ba0d075d8a50a8359b1a632dd417749,0.01,5,,104.9999,
2026-08-01T09:29:41Z,EPL,435490,epl-2026-team-of-the-season,EPL: 2026 PFA Team of the Year,2026-05-01T16:17:58.439577Z,2127666,will-robin-roefs-be-named-to-the-2026-pfa-premier-league-team-of-the-year,Will Robin Roefs be named to the 2026 PFA Premier League Team of the Year?,0xdae0f14d1b5ea256638164c6578853226408702f44e238ca8fa692998fdc6332,"[""70182957445101902779363373709716695169810926012757858042099415085409463195888"", ""90699863564786576085723598309072905823666331748016080742800846290619606364496""]",70182957445101902779363373709716695169810926012757858042099415085409463195888|90699863564786576085723598309072905823666331748016080742800846290619606364496,70182957445101902779363373709716695169810926012757858042099415085409463195888,Yes,True,0.02,32.48,0.1,107.68,0.060000000000000005,0.08,6b79ada67acbb5aad7d40ec5bf3f20b7bb37d990,0.01,5,,108.0799,
2026-08-01T09:29:41Z,EPL,435490,epl-2026-team-of-the-season,EPL: 2026 PFA Team of the Year,2026-05-01T16:17:58.439577Z,2127666,will-robin-roefs-be-named-to-the-2026-pfa-premier-league-team-of-the-year,Will Robin Roefs be named to the 2026 PFA Premier League Team of the Year?,0xdae0f14d1b5ea256638164c6578853226408702f44e238ca8fa692998fdc6332,"[""70182957445101902779363373709716695169810926012757858042099415085409463195888"", ""90699863564786576085723598309072905823666331748016080742800846290619606364496""]",70182957445101902779363373709716695169810926012757858042099415085409463195888|90699863564786576085723598309072905823666331748016080742800846290619606364496,90699863564786576085723598309072905823666331748016080742800846290619606364496,No,True,0.9,107.68,0.98,32.48,0.94,0.07999999999999996,b627b990756c399b7228935a584ac0ed83059444,0.01,5,,108.0799,
2026-08-01T09:29:41Z,EPL,435490,epl-2026-team-of-the-season,EPL: 2026 PFA Team of the Year,2026-05-01T16:17:58.439577Z,2127667,will-gianluigi-donnarumma-be-named-to-the-2026-pfa-premier-league-team-of-the-year,Will Gianluigi Donnarumma be named to the 2026 PFA Premier League Team of the Year?,0x322441734b9f23744de899e345ef48ec25e0055f8b1bfc19fe4612055a8ff2df,"[""65007673257262595676530056363240287641293306267550009290432560084643152028010"", ""97388027101380065799871752579213229783305736941572715830099055292320933629215""]",65007673257262595676530056363240287641293306267550009290432560084643152028010|97388027101380065799871752579213229783305736941572715830099055292320933629215,65007673257262595676530056363240287641293306267550009290432560084643152028010,Yes,True,0.02,27.72,0.2,10.0,0.11,0.18000000000000002,0e4815f261ab7b057356c6857f8b79bdb0e94008,0.01,5,,11.2647,
2026-08-01T09:29:41Z,EPL,435490,epl-2026-team-of-the-season,EPL: 2026 PFA Team of the Year,2026-05-01T16:17:58.439577Z,2127667,will-gianluigi-donnarumma-be-named-to-the-2026-pfa-premier-league-team-of-the-year,Will Gianluigi Donnarumma be named to the 2026 PFA Premier League Team of the Year?,0x322441734b9f23744de899e345ef48ec25e0055f8b1bfc19fe4612055a8ff2df,"[""65007673257262595676530056363240287641293306267550009290432560084643152028010"", ""97388027101380065799871752579213229783305736941572715830099055292320933629215""]",65007673257262595676530056363240287641293306267550009290432560084643152028010|97388027101380065799871752579213229783305736941572715830099055292320933629215,97388027101380065799871752579213229783305736941572715830099055292320933629215,No,True,0.8,10.0,0.98,27.72,0.89,0.17999999999999994,52088d032133681d4b2dde3dd512d5f63d00e4af,0.01,5,,11.2647,
2026-08-01T09:29:41Z,EPL,435490,epl-2026-team-of-the-season,EPL: 2026 PFA Team of the Year,2026-05-01T16:17:58.439577Z,2127668,will-jurrien-timber-be-named-to-the-2026-pfa-premier-league-team-of-the-year,Will Jurrien Timber be named to the 2026 PFA Premier League Team of the Year?,0x97ca47da99683bddec8036ce29388c2e400e7cecfea8ac4dbef54ac0791cc593,"[""58745854058166153005664210409408254918505117901359386106376082227012206838503"", ""43365583002812118163534009703280808191029196488960918105614424745527498298109""]",58745854058166153005664210409408254918505117901359386106376082227012206838503|43365583002812118163534009703280808191029196488960918105614424745527498298109,58745854058166153005664210409408254918505117901359386106376082227012206838503,Yes,True,0.01,78.4,0.66,7.96,0.335,0.65,8644ff3201b90c3a913f2ad5dee7ee0bad84b256,0.01,5,,39.1742,
2026-08-01T09:29:41Z,EPL,435490,epl-2026-team-of-the-season,EPL: 2026 PFA Team of the Year,2026-05-01T16:17:58.439577Z,2127668,will-jurrien-timber-be-named-to-the-2026-pfa-premier-league-team-of-the-year,Will Jurrien Timber be named to the 2026 PFA Premier League Team of the Year?,0x97ca47da99683bddec8036ce29388c2e400e7cecfea8ac4dbef54ac0791cc593,"[""58745854058166153005664210409408254918505117901359386106376082227012206838503"", ""43365583002812118163534009703280808191029196488960918105614424745527498298109""]",58745854058166153005664210409408254918505117901359386106376082227012206838503|43365583002812118163534009703280808191029196488960918105614424745527498298109,43365583002812118163534009703280808191029196488960918105614424745527498298109,No,True,0.34,7.96,0.99,78.4,0.665,0.6499999999999999,52d3eb67e79997e65dafc9957c54ec721a19fa06,0.01,5,,39.1742,
2026-08-01T09:29:41Z,EPL,435490,epl-2026-team-of-the-season,EPL: 2026 PFA Team of the Year,2026-05-01T16:17:58.439577Z,2127669,will-matheus-nunes-be-named-to-the-2026-pfa-premier-league-team-of-the-year,Will Matheus Nunes be named to the 2026 PFA Premier League Team of the Year?,0x236166693870332c38cc1f290d2de8a00eafa1b78519182663a58811b1011705,"[""71852886829417081758693278389180020836881806315641141653569411011094941385487"", ""27873264127773337044236459909692649813557879461485496445916977915515730222703""]",71852886829417081758693278389180020836881806315641141653569411011094941385487|27873264127773337044236459909692649813557879461485496445916977915515730222703,71852886829417081758693278389180020836881806315641141653569411011094941385487,Yes,True,0.02,27.72,0.2,100.0,0.11,0.18000000000000002,2e6c39e0586bbbaf1c3dd14c4a701601a4bbbbc8,0.01,5,,216.7679,
2026-08-01T09:29:41Z,EPL,435490,epl-2026-team-of-the-season,EPL: 2026 PFA Team of the Year,2026-05-01T16:17:58.439577Z,2127669,will-matheus-nunes-be-named-to-the-2026-pfa-premier-league-team-of-the-year,Will Matheus Nunes be named to the 2026 PFA Premier League Team of the Year?,0x236166693870332c38cc1f290d2de8a00eafa1b78519182663a58811b1011705,"[""71852886829417081758693278389180020836881806315641141653569411011094941385487"", ""27873264127773337044236459909692649813557879461485496445916977915515730222703""]",71852886829417081758693278389180020836881806315641141653569411011094941385487|27873264127773337044236459909692649813557879461485496445916977915515730222703,27873264127773337044236459909692649813557879461485496445916977915515730222703,No,True,0.8,100.0,0.98,27.72,0.89,0.17999999999999994,a74624f134a35bfbb961aba2b000cf431a613786,0.01,5,,216.7679,
2026-08-01T09:29:41Z,EPL,435490,epl-2026-team-of-the-season,EPL: 2026 PFA Team of the Year,2026-05-01T16:17:58.439577Z,2127670,will-gabriel-magalhes-be-named-to-the-2026-pfa-premier-league-team-of-the-year,Will Gabriel Magalhães be named to the 2026 PFA Premier League Team of the Year?,0xd3d8a97f490967ba04bcf06a1f1fa0b8e14ff08f5f0781bccb14c7eb1cf34ca6,"[""112756383879220814577105643520650901454791316512357676513193784191480344438666"", ""7697378624768914483353901406042873706810082834244678754453720343911008090965""]",112756383879220814577105643520650901454791316512357676513193784191480344438666|7697378624768914483353901406042873706810082834244678754453720343911008090965,112756383879220814577105643520650901454791316512357676513193784191480344438666,Yes,True,0.81,8.43,0.99,30.0,0.9,0.17999999999999994,82b269583ffdf53c367c670f49fc31a3021c4569,0.01,5,0.020,610.6994,59.36
2026-08-01T09:29:41Z,EPL,435490,epl-2026-team-of-the-season,EPL: 2026 PFA Team of the Year,2026-05-01T16:17:58.439577Z,2127670,will-gabriel-magalhes-be-named-to-the-2026-pfa-premier-league-team-of-the-year,Will Gabriel Magalhães be named to the 2026 PFA Premier League Team of the Year?,0xd3d8a97f490967ba04bcf06a1f1fa0b8e14ff08f5f0781bccb14c7eb1cf34ca6,"[""112756383879220814577105643520650901454791316512357676513193784191480344438666"", ""7697378624768914483353901406042873706810082834244678754453720343911008090965""]",112756383879220814577105643520650901454791316512357676513193784191480344438666|7697378624768914483353901406042873706810082834244678754453720343911008090965,7697378624768914483353901406042873706810082834244678754453720343911008090965,No,True,0.01,30.0,0.19,8.43,0.1,0.18,f34bd4d2131b9ebb1c9392f4dc4f8a34f47b9568,0.01,5,0.020,610.6994,59.36
2026-08-01T09:29:41Z,EPL,435490,epl-2026-team-of-the-season,EPL: 2026 PFA Team of the Year,2026-05-01T16:17:58.439577Z,2127671,will-william-saliba-be-named-to-the-2026-pfa-premier-league-team-of-the-year,Will William Saliba be named to the 2026 PFA Premier League Team of the Year?,0xc344b5f7891b8617e7118aaa24bac3840a587691c1a36daa479a61de0b79bcb6,"[""47207660538745167295586664941849591121956044929877358537501900994850424263330"", ""105234782857798608331719124706582304874620432378282673665444164066431160124095""]",47207660538745167295586664941849591121956044929877358537501900994850424263330|105234782857798608331719124706582304874620432378282673665444164066431160124095,47207660538745167295586664941849591121956044929877358537501900994850424263330,Yes,True,0.48,10.0,0.97,16.83,0.725,0.49,f412713c2a2c25de186e0b462e3772fb74dab8a1,0.01,5,,171.0278,
2026-08-01T09:29:41Z,EPL,435490,epl-2026-team-of-the-season,EPL: 2026 PFA Team of the Year,2026-05-01T16:17:58.439577Z,2127671,will-william-saliba-be-named-to-the-2026-pfa-premier-league-team-of-the-year,Will William Saliba be named to the 2026 PFA Premier League Team of the Year?,0xc344b5f7891b8617e7118aaa24bac3840a587691c1a36daa479a61de0b79bcb6,"[""47207660538745167295586664941849591121956044929877358537501900994850424263330"", ""105234782857798608331719124706582304874620432378282673665444164066431160124095""]",47207660538745167295586664941849591121956044929877358537501900994850424263330|105234782857798608331719124706582304874620432378282673665444164066431160124095,105234782857798608331719124706582304874620432378282673665444164066431160124095,No,True,0.03,16.83,0.52,10.0,0.275,0.49,3db0fca9c4e35a9766447e0685ef9d7a7b2a3f4e,0.01,5,,171.0278,
2026-08-01T09:29:41Z,EPL,435490,epl-2026-team-of-the-season,EPL: 2026 PFA Team of the Year,2026-05-01T16:17:58.439577Z,2127672,will-marc-guehi-be-named-to-the-2026-pfa-premier-league-team-of-the-year,Will Marc Guehi be named to the 2026 PFA Premier League Team of the Year?,0x9a7829bcaf4bd65e903739dace6db739a8b68a396fd2c71a3d23d2a2cf2e88c5,"[""18774341203836696417330165615678664168245576790259527905518242337305438497157"", ""17833812615529939189123941305353432679112045501201563425472779980851390683424""]",18774341203836696417330165615678664168245576790259527905518242337305438497157|17833812615529939189123941305353432679112045501201563425472779980851390683424,18774341203836696417330165615678664168245576790259527905518242337305438497157,Yes,True,0.08,24.0,0.42,100.0,0.25,0.33999999999999997,5e979613354464aeef84a7ec2a674f951ccc5d99,0.01,5,,97.1356,
2026-08-01T09:29:41Z,EPL,435490,epl-2026-team-of-the-season,EPL: 2026 PFA Team of the Year,2026-05-01T16:17:58.439577Z,2127672,will-marc-guehi-be-named-to-the-2026-pfa-premier-league-team-of-the-year,Will Marc Guehi be named to the 2026 PFA Premier League Team of the Year?,0x9a7829bcaf4bd65e903739dace6db739a8b68a396fd2c71a3d23d2a2cf2e88c5,"[""18774341203836696417330165615678664168245576790259527905518242337305438497157"", ""17833812615529939189123941305353432679112045501201563425472779980851390683424""]",18774341203836696417330165615678664168245576790259527905518242337305438497157|17833812615529939189123941305353432679112045501201563425472779980851390683424,17833812615529939189123941305353432679112045501201563425472779980851390683424,No,True,0.58,100.0,0.92,24.0,0.75,0.3400000000000001,e966186d5189588705488118f8054d5f7eca43ef,0.01,5,,97.1356,
2026-08-01T09:29:41Z,EPL,435490,epl-2026-team-of-the-season,EPL: 2026 PFA Team of the Year,2026-05-01T16:17:58.439577Z,2127673,will-virgil-van-dijk-be-named-to-the-2026-pfa-premier-league-team-of-the-year,Will Virgil van Dijk be named to the 2026 PFA Premier League Team of the Year?,0x644231d6b178ebd20f0ab0b061a790f9dee4479ce96ab40686c8ade6f50a0238,"[""31721429411257768645758803262981554412084956132795321375044902571901613004887"", ""113776996666262784023568460080999498147130358875198884777079734831639187945943""]",31721429411257768645758803262981554412084956132795321375044902571901613004887|113776996666262784023568460080999498147130358875198884777079734831639187945943,31721429411257768645758803262981554412084956132795321375044902571901613004887,Yes,True,0.01,78.4,0.19,999.99,0.1,0.18,d89261d99e197f03272264078cf0747ead08d17c,0.01,5,,955.4798,1.694914
2026-08-01T09:29:41Z,EPL,435490,epl-2026-team-of-the-season,EPL: 2026 PFA Team of the Year,2026-05-01T16:17:58.439577Z,2127673,will-virgil-van-dijk-be-named-to-the-2026-pfa-premier-league-team-of-the-year,Will Virgil van Dijk be named to the 2026 PFA Premier League Team of the Year?,0x644231d6b178ebd20f0ab0b061a790f9dee4479ce96ab40686c8ade6f50a0238,"[""31721429411257768645758803262981554412084956132795321375044902571901613004887"", ""113776996666262784023568460080999498147130358875198884777079734831639187945943""]",31721429411257768645758803262981554412084956132795321375044902571901613004887|113776996666262784023568460080999498147130358875198884777079734831639187945943,113776996666262784023568460080999498147130358875198884777079734831639187945943,No,True,0.81,999.99,0.99,78.4,0.9,0.17999999999999994,9f2a2d85afd2bb2041a66cfd5cb70a2a909baeb2,0.01,5,,955.4798,1.694914
2026-08-01T09:29:41Z,EPL,435490,epl-2026-team-of-the-season,EPL: 2026 PFA Team of the Year,2026-05-01T16:17:58.439577Z,2127674,will-marc-cucurella-be-named-to-the-2026-pfa-premier-league-team-of-the-year,Will Marc Cucurella be named to the 2026 PFA Premier League Team of the Year?,0xe74cf34bab6946206532fd38cbf5a7eb4b346f7d13bffc6ae16eb3a69a4225d0,"[""59830425161161665808750586172447751894718446914006207206558327469584286337472"", ""85414521652635437338276097105191648874111759265882984452544936528659374053637""]",59830425161161665808750586172447751894718446914006207206558327469584286337472|85414521652635437338276097105191648874111759265882984452544936528659374053637,59830425161161665808750586172447751894718446914006207206558327469584286337472,Yes,True,0.07,25.7,0.42,100.0,0.245,0.35,7699e746491d0f45e8edd65cd4326c13fe0d28d5,0.01,5,,95.4346,
2026-08-01T09:29:41Z,EPL,435490,epl-2026-team-of-the-season,EPL: 2026 PFA Team of the Year,2026-05-01T16:17:58.439577Z,2127674,will-marc-cucurella-be-named-to-the-2026-pfa-premier-league-team-of-the-year,Will Marc Cucurella be named to the 2026 PFA Premier League Team of the Year?,0xe74cf34bab6946206532fd38cbf5a7eb4b346f7d13bffc6ae16eb3a69a4225d0,"[""59830425161161665808750586172447751894718446914006207206558327469584286337472"", ""85414521652635437338276097105191648874111759265882984452544936528659374053637""]",59830425161161665808750586172447751894718446914006207206558327469584286337472|85414521652635437338276097105191648874111759265882984452544936528659374053637,85414521652635437338276097105191648874111759265882984452544936528659374053637,No,True,0.58,100.0,0.93,25.7,0.755,0.3500000000000001,48f721afb78cec92f3590158249ecba3a04911c3,0.01,5,,95.4346,
2026-08-01T09:29:41Z,EPL,435490,epl-2026-team-of-the-season,EPL: 2026 PFA Team of the Year,2026-05-01T16:17:58.439577Z,2127675,will-piero-hincapie-be-named-to-the-2026-pfa-premier-league-team-of-the-year,Will Piero Hincapie be named to the 2026 PFA Premier League Team of the Year?,0x1d5d1e655085db69c387488aa7e661d4719bfa9c0bb392dd05652008c40b4a9a,"[""108011205392215304373394466135742493782019922749752404322686744906595861300763"", ""73789363813582664474158671396757087735667554782131752276569900280712319722369""]",108011205392215304373394466135742493782019922749752404322686744906595861300763|73789363813582664474158671396757087735667554782131752276569900280712319722369,108011205392215304373394466135742493782019922749752404322686744906595861300763,Yes,True,0.07,2.0,0.42,10.0,0.245,0.35,ecaa0c4368d10b09d8ca1155772fb625385e57ff,0.01,5,0.070,11.6818,8
2026-08-01T09:29:41Z,EPL,435490,epl-2026-team-of-the-season,EPL: 2026 PFA Team of the Year,2026-05-01T16:17:58.439577Z,2127675,will-piero-hincapie-be-named-to-the-2026-pfa-premier-league-team-of-the-year,Will Piero Hincapie be named to the 2026 PFA Premier League Team of the Year?,0x1d5d1e655085db69c387488aa7e661d4719bfa9c0bb392dd05652008c40b4a9a,"[""108011205392215304373394466135742493782019922749752404322686744906595861300763"", ""73789363813582664474158671396757087735667554782131752276569900280712319722369""]",108011205392215304373394466135742493782019922749752404322686744906595861300763|73789363813582664474158671396757087735667554782131752276569900280712319722369,73789363813582664474158671396757087735667554782131752276569900280712319722369,No,True,0.58,10.0,0.93,2.0,0.755,0.3500000000000001,3397b4e3544b4b968778f4ca283961eb7e001445,0.01,5,0.070,11.6818,8
2026-08-01T09:29:41Z,EPL,435490,epl-2026-team-of-the-season,EPL: 2026 PFA Team of the Year,2026-05-01T16:17:58.439577Z,2127676,will-declan-rice-be-named-to-the-2026-pfa-premier-league-team-of-the-year,Will Declan Rice be named to the 2026 PFA Premier League Team of the Year?,0x898bbb37bb3e8e03480b52c31bc12b12019e84f4d4042d25622f9a9b9f1a21f2,"[""11523245240526311970979368164866348724509187066335918581337691503956313417913"", ""16544219157755328462914309364144553632877138543113142832790826044960896254419""]",11523245240526311970979368164866348724509187066335918581337691503956313417913|16544219157755328462914309364144553632877138543113142832790826044960896254419,11523245240526311970979368164866348724509187066335918581337691503956313417913,Yes,True,0.86,6.69,,,,,916dff479eba7d4147669f70b24cadf895df08b6,0.01,5,,1006.1713,59.044284000000005
2026-08-01T09:29:41Z,EPL,435490,epl-2026-team-of-the-season,EPL: 2026 PFA Team of the Year,2026-05-01T16:17:58.439577Z,2127676,will-declan-rice-be-named-to-the-2026-pfa-premier-league-team-of-the-year,Will Declan Rice be named to the 2026 PFA Premier League Team of the Year?,0x898bbb37bb3e8e03480b52c31bc12b12019e84f4d4042d25622f9a9b9f1a21f2,"[""11523245240526311970979368164866348724509187066335918581337691503956313417913"", ""16544219157755328462914309364144553632877138543113142832790826044960896254419""]",11523245240526311970979368164866348724509187066335918581337691503956313417913|16544219157755328462914309364144553632877138543113142832790826044960896254419,16544219157755328462914309364144553632877138543113142832790826044960896254419,No,True,,,0.14,6.69,,,9910428b0e24217a2d43f23521a53ec881449b06,0.01,5,,1006.1713,59.044284000000005
2026-08-01T09:29:41Z,EPL,435490,epl-2026-team-of-the-season,EPL: 2026 PFA Team of the Year,2026-05-01T16:17:58.439577Z,2127677,will-bruno-fernandes-be-named-to-the-2026-pfa-premier-league-team-of-the-year,Will Bruno Fernandes be named to the 2026 PFA Premier League Team of the Year?,0x679720492bcbff900bde0e29eb7e812c77909bccb3c32b79a3186fc1db03b854,"[""86859495495502891076141743940914617575208033060738396981338088715869715113963"", ""65620697419400192059458180949993387679798824363092322581187835468683093164088""]",86859495495502891076141743940914617575208033060738396981338088715869715113963|65620697419400192059458180949993387679798824363092322581187835468683093164088,86859495495502891076141743940914617575208033060738396981338088715869715113963,Yes,True,0.852,15.64,0.987,19.23,0.9195,0.135,bf348801c36555a948eca64113e7bff180dc8e5a,0.001,5,,2416.85727,450.10643600000003
2026-08-01T09:29:41Z,EPL,435490,epl-2026-team-of-the-season,EPL: 2026 PFA Team of the Year,2026-05-01T16:17:58.439577Z,2127677,will-bruno-fernandes-be-named-to-the-2026-pfa-premier-league-team-of-the-year,Will Bruno Fernandes be named to the 2026 PFA Premier League Team of the Year?,0x679720492bcbff900bde0e29eb7e812c77909bccb3c32b79a3186fc1db03b854,"[""86859495495502891076141743940914617575208033060738396981338088715869715113963"", ""65620697419400192059458180949993387679798824363092322581187835468683093164088""]",86859495495502891076141743940914617575208033060738396981338088715869715113963|65620697419400192059458180949993387679798824363092322581187835468683093164088,65620697419400192059458180949993387679798824363092322581187835468683093164088,No,True,0.013,19.23,0.148,15.64,0.0805,0.13499999999999998,e081ef81371a3cd223b74af91ff405436f7d16d4,0.001,5,,2416.85727,450.10643600000003
2026-08-01T09:29:41Z,EPL,435490,epl-2026-team-of-the-season,EPL: 2026 PFA Team of the Year,2026-05-01T16:17:58.439577Z,2127678,will-rodri-be-named-to-the-2026-pfa-premier-league-team-of-the-year,Will Rodri be named to the 2026 PFA Premier League Team of the Year?,0xf9de760ff713bdc5ebdc87ea4a88fb9423ef31bc59d2abb917df50b5b44482c1,"[""92734106880343514385310320083033583888695626897895802880610705682382451590633"", ""56976958810450515743106834354983994802402840862579527495329062688335275234740""]",92734106880343514385310320083033583888695626897895802880610705682382451590633|56976958810450515743106834354983994802402840862579527495329062688335275234740,92734106880343514385310320083033583888695626897895802880610705682382451590633,Yes,True,0.09,15.0,0.38,115.35,0.235,0.29000000000000004,540f5fb0c094b8e228e238e4c3e7b25bdb88bb9a,0.01,5,0.620,614.5075,263.475788
2026-08-01T09:29:41Z,EPL,435490,epl-2026-team-of-the-season,EPL: 2026 PFA Team of the Year,2026-05-01T16:17:58.439577Z,2127678,will-rodri-be-named-to-the-2026-pfa-premier-league-team-of-the-year,Will Rodri be named to the 2026 PFA Premier League Team of the Year?,0xf9de760ff713bdc5ebdc87ea4a88fb9423ef31bc59d2abb917df50b5b44482c1,"[""92734106880343514385310320083033583888695626897895802880610705682382451590633"", ""56976958810450515743106834354983994802402840862579527495329062688335275234740""]",92734106880343514385310320083033583888695626897895802880610705682382451590633|56976958810450515743106834354983994802402840862579527495329062688335275234740,56976958810450515743106834354983994802402840862579527495329062688335275234740,No,True,0.62,115.35,0.91,15.0,0.765,0.29000000000000004,58835302b5a369a327b9eba8b78c54a2bd0ed300,0.01,5,0.620,614.5075,263.475788
2026-08-01T09:29:41Z,EPL,435490,epl-2026-team-of-the-season,EPL: 2026 PFA Team of the Year,2026-05-01T16:17:58.439577Z,2127679,will-rayan-cherki-be-named-to-the-2026-pfa-premier-league-team-of-the-year,Will Rayan Cherki be named to the 2026 PFA Premier League Team of the Year?,0xf1bef1d60925998b7577b014ea907965209b9045c197e79e77eb14439d7c431a,"[""44002481860388892740183335966007748831643129921411222940033401480764334836407"", ""47465498507287502475094187263593898643776563896680345103863507875745126656121""]",44002481860388892740183335966007748831643129921411222940033401480764334836407|47465498507287502475094187263593898643776563896680345103863507875745126656121,44002481860388892740183335966007748831643129921411222940033401480764334836407,Yes,True,0.4,100.0,0.79,15.18,0.595,0.39,a357afe633006b080e0b611e9831729646efa2cc,0.01,5,,70.2757,6.77966
2026-08-01T09:29:41Z,EPL,435490,epl-2026-team-of-the-season,EPL: 2026 PFA Team of the Year,2026-05-01T16:17:58.439577Z,2127679,will-rayan-cherki-be-named-to-the-2026-pfa-premier-league-team-of-the-year,Will Rayan Cherki be named to the 2026 PFA Premier League Team of the Year?,0xf1bef1d60925998b7577b014ea907965209b9045c197e79e77eb14439d7c431a,"[""44002481860388892740183335966007748831643129921411222940033401480764334836407"", ""47465498507287502475094187263593898643776563896680345103863507875745126656121""]",44002481860388892740183335966007748831643129921411222940033401480764334836407|47465498507287502475094187263593898643776563896680345103863507875745126656121,47465498507287502475094187263593898643776563896680345103863507875745126656121,No,True,0.21,15.18,0.6,100.0,0.40499999999999997,0.39,05ddcaee0c4b2b98bbbeaa01a530886845f795de,0.01,5,,70.2757,6.77966
2026-08-01T09:29:41Z,EPL,435490,epl-2026-team-of-the-season,EPL: 2026 PFA Team of the Year,2026-05-01T16:17:58.439577Z,2127680,will-dominik-szoboszlai-be-named-to-the-2026-pfa-premier-league-team-of-the-year,Will Dominik Szoboszlai be named to the 2026 PFA Premier League Team of the Year?,0xd5a172faaf27f951f5bc5c2d19f18367ab85e9c963e7357a8433da84e895507e,"[""10904347939559348084889283384973600207001307228767801114856379948987944051302"", ""63514807846207217791796334733580770155958510280638850911506455990693175502240""]",10904347939559348084889283384973600207001307228767801114856379948987944051302|63514807846207217791796334733580770155958510280638850911506455990693175502240,10904347939559348084889283384973600207001307228767801114856379948987944051302,Yes,True,0.02,27.72,0.2,5.0,0.11,0.18000000000000002,8ce1a47337b9ec2431cb65f3555c34fc919fb87d,0.01,5,,9.0145,100
2026-08-01T09:29:41Z,EPL,435490,epl-2026-team-of-the-season,EPL: 2026 PFA Team of the Year,2026-05-01T16:17:58.439577Z,2127680,will-dominik-szoboszlai-be-named-to-the-2026-pfa-premier-league-team-of-the-year,Will Dominik Szoboszlai be named to the 2026 PFA Premier League Team of the Year?,0xd5a172faaf27f951f5bc5c2d19f18367ab85e9c963e7357a8433da84e895507e,"[""10904347939559348084889283384973600207001307228767801114856379948987944051302"", ""63514807846207217791796334733580770155958510280638850911506455990693175502240""]",10904347939559348084889283384973600207001307228767801114856379948987944051302|63514807846207217791796334733580770155958510280638850911506455990693175502240,63514807846207217791796334733580770155958510280638850911506455990693175502240,No,True,0.8,5.0,0.98,27.72,0.89,0.17999999999999994,a2069a209e81b25d88861fd716d905b959c754ae,0.01,5,,9.0145,100
2026-08-01T09:29:41Z,EPL,435490,epl-2026-team-of-the-season,EPL: 2026 PFA Team of the Year,2026-05-01T16:17:58.439577Z,2127681,will-moises-caicedo-be-named-to-the-2026-pfa-premier-league-team-of-the-year,Will Moises Caicedo be named to the 2026 PFA Premier League Team of the Year?,0x6a8a0e28a90c3880e21bb6de9eb98f12d5e81a8d88570a2c5b855ee60b6263ba,"[""13244409081849499988815460722411109697257731580831464114667102436005675343259"", ""41998463599395516608520033462694074004839767261466278584344671813809549672424""]",13244409081849499988815460722411109697257731580831464114667102436005675343259|41998463599395516608520033462694074004839767261466278584344671813809549672424,13244409081849499988815460722411109697257731580831464114667102436005675343259,Yes,True,0.01,78.4,0.31,7.22,0.16,0.3,96a7e1a9609ce3d860fc87c773fa08a16d183ea3,0.01,5,,78.9124,
2026-08-01T09:29:41Z,EPL,435490,epl-2026-team-of-the-season,EPL: 2026 PFA Team of the Year,2026-05-01T16:17:58.439577Z,2127681,will-moises-caicedo-be-named-to-the-2026-pfa-premier-league-team-of-the-year,Will Moises Caicedo be named to the 2026 PFA Premier League Team of the Year?,0x6a8a0e28a90c3880e21bb6de9eb98f12d5e81a8d88570a2c5b855ee60b6263ba,"[""13244409081849499988815460722411109697257731580831464114667102436005675343259"", ""41998463599395516608520033462694074004839767261466278584344671813809549672424""]",13244409081849499988815460722411109697257731580831464114667102436005675343259|41998463599395516608520033462694074004839767261466278584344671813809549672424,41998463599395516608520033462694074004839767261466278584344671813809549672424,No,True,0.69,7.22,0.99,78.4,0.84,0.30000000000000004,f7ec94143c06aca03cb7d0200d35e12eb71bf88b,0.01,5,,78.9124,
2026-08-01T09:29:41Z,EPL,435490,epl-2026-team-of-the-season,EPL: 2026 PFA Team of the Year,2026-05-01T16:17:58.439577Z,2127682,will-elliot-anderson-be-named-to-the-2026-pfa-premier-league-team-of-the-year,Will Elliot Anderson be named to the 2026 PFA Premier League Team of the Year?,0x3e7b9aff81e624e4f9ef7677696f2d4fae5837bdf83bd9ed2d62ec7a87aaf7a6,"[""2770428290325312677871192984476250158140993595717599201621714256969118294243"", ""87005572382727825804817777311897399081855387101457739624425019964385877189800""]",2770428290325312677871192984476250158140993595717599201621714256969118294243|87005572382727825804817777311897399081855387101457739624425019964385877189800,2770428290325312677871192984476250158140993595717599201621714256969118294243,Yes,True,0.27,8.58,0.44,100.0,0.355,0.16999999999999998,fc74da377142e90eff07b6388f0b939f2db539d1,0.01,5,,101.7166,
2026-08-01T09:29:41Z,EPL,435490,epl-2026-team-of-the-season,EPL: 2026 PFA Team of the Year,2026-05-01T16:17:58.439577Z,2127682,will-elliot-anderson-be-named-to-the-2026-pfa-premier-league-team-of-the-year,Will Elliot Anderson be named to the 2026 PFA Premier League Team of the Year?,0x3e7b9aff81e624e4f9ef7677696f2d4fae5837bdf83bd9ed2d62ec7a87aaf7a6,"[""2770428290325312677871192984476250158140993595717599201621714256969118294243"", ""87005572382727825804817777311897399081855387101457739624425019964385877189800""]",2770428290325312677871192984476250158140993595717599201621714256969118294243|87005572382727825804817777311897399081855387101457739624425019964385877189800,87005572382727825804817777311897399081855387101457739624425019964385877189800,No,True,0.56,100.0,0.73,8.58,0.645,0.16999999999999993,8447cb1b1bda2f8567789a6a2fb9b7abe73fe6a6,0.01,5,,101.7166,
2026-08-01T09:29:41Z,EPL,435490,epl-2026-team-of-the-season,EPL: 2026 PFA Team of the Year,2026-05-01T16:17:58.439577Z,2127683,will-erling-haaland-be-named-to-the-2026-pfa-premier-league-team-of-the-year,Will Erling Haaland be named to the 2026 PFA Premier League Team of the Year?,0x0a3ee85120cf7d2febbaba00b787db1bd1fdc7f80f8277d89675736a430e2065,"[""36505760582912364024564187063352953937975349358323597571083864672476590879653"", ""36939641234709193046881505450280116016622287455799963152747536559103079527590""]",36505760582912364024564187063352953937975349358323597571083864672476590879653|36939641234709193046881505450280116016622287455799963152747536559103079527590,36505760582912364024564187063352953937975349358323597571083864672476590879653,Yes,True,0.85,28.5,0.99,7.11,0.9199999999999999,0.14,2539e2ed25e97dbe9ae126f9556ec17644b06e95,0.01,5,0.010,493.0801,153.99
2026-08-01T09:29:41Z,EPL,435490,epl-2026-team-of-the-season,EPL: 2026 PFA Team of the Year,2026-05-01T16:17:58.439577Z,2127683,will-erling-haaland-be-named-to-the-2026-pfa-premier-league-team-of-the-year,Will Erling Haaland be named to the 2026 PFA Premier League Team of the Year?,0x0a3ee85120cf7d2febbaba00b787db1bd1fdc7f80f8277d89675736a430e2065,"[""36505760582912364024564187063352953937975349358323597571083864672476590879653"", ""36939641234709193046881505450280116016622287455799963152747536559103079527590""]",36505760582912364024564187063352953937975349358323597571083864672476590879653|36939641234709193046881505450280116016622287455799963152747536559103079527590,36939641234709193046881505450280116016622287455799963152747536559103079527590,No,True,0.01,7.11,0.15,28.5,0.08,0.13999999999999999,5733c1da17c68f3fec5283e439a62855a33ffd81,0.01,5,0.010,493.0801,153.99
2026-08-01T09:29:41Z,EPL,435490,epl-2026-team-of-the-season,EPL: 2026 PFA Team of the Year,2026-05-01T16:17:58.439577Z,2127684,will-hugo-ekitike-be-named-to-the-2026-pfa-premier-league-team-of-the-year,Will Hugo Ekitike be named to the 2026 PFA Premier League Team of the Year?,0x3ac387fc809af29edadb0c1881ecd88319f8b4ebb5b0a89a77a84e85f4a2099c,"[""21160761171799050394335213154237360537464294007297740615880003417666696561468"", ""57509889980199562878580001207297131252053963359675973392844979135378456666743""]",21160761171799050394335213154237360537464294007297740615880003417666696561468|57509889980199562878580001207297131252053963359675973392844979135378456666743,21160761171799050394335213154237360537464294007297740615880003417666696561468,Yes,True,0.01,78.4,0.18,10.0,0.095,0.16999999999999998,96a6f1e6a44a398c376291eff48f64143c15407c,0.01,5,,15.922,
2026-08-01T09:29:41Z,EPL,435490,epl-2026-team-of-the-season,EPL: 2026 PFA Team of the Year,2026-05-01T16:17:58.439577Z,2127684,will-hugo-ekitike-be-named-to-the-2026-pfa-premier-league-team-of-the-year,Will Hugo Ekitike be named to the 2026 PFA Premier League Team of the Year?,0x3ac387fc809af29edadb0c1881ecd88319f8b4ebb5b0a89a77a84e85f4a2099c,"[""21160761171799050394335213154237360537464294007297740615880003417666696561468"", ""57509889980199562878580001207297131252053963359675973392844979135378456666743""]",21160761171799050394335213154237360537464294007297740615880003417666696561468|57509889980199562878580001207297131252053963359675973392844979135378456666743,57509889980199562878580001207297131252053963359675973392844979135378456666743,No,True,0.82,10.0,0.99,78.4,0.905,0.17000000000000004,883eb19f15078df34ebc2786ff7756f9b04ab541,0.01,5,,15.922,
2026-08-01T09:29:41Z,EPL,435490,epl-2026-team-of-the-season,EPL: 2026 PFA Team of the Year,2026-05-01T16:17:58.439577Z,2127685,will-igor-thiago-be-named-to-the-2026-pfa-premier-league-team-of-the-year,Will Igor Thiago be named to the 2026 PFA Premier League Team of the Year?,0x2565964258328ceff81b8dd027a9b4bfae11353bbfbb3e27625da025fffc2d97,"[""45116472354972988677943929968423217543948497597214084731838340702588569592863"", ""57509607526871690199395719807389480255858394821926865896302284337840164838738""]",45116472354972988677943929968423217543948497597214084731838340702588569592863|57509607526871690199395719807389480255858394821926865896302284337840164838738,45116472354972988677943929968423217543948497597214084731838340702588569592863,Yes,True,0.26,8.66,0.48,100.0,0.37,0.21999999999999997,ebdd7a5be5457e7b1c75f368acec6afad5158d99,0.01,5,,107.9377,
2026-08-01T09:29:41Z,EPL,435490,epl-2026-team-of-the-season,EPL: 2026 PFA Team of the Year,2026-05-01T16:17:58.439577Z,2127685,will-igor-thiago-be-named-to-the-2026-pfa-premier-league-team-of-the-year,Will Igor Thiago be named to the 2026 PFA Premier League Team of the Year?,0x2565964258328ceff81b8dd027a9b4bfae11353bbfbb3e27625da025fffc2d97,"[""45116472354972988677943929968423217543948497597214084731838340702588569592863"", ""57509607526871690199395719807389480255858394821926865896302284337840164838738""]",45116472354972988677943929968423217543948497597214084731838340702588569592863|57509607526871690199395719807389480255858394821926865896302284337840164838738,57509607526871690199395719807389480255858394821926865896302284337840164838738,No,True,0.52,100.0,0.74,8.66,0.63,0.21999999999999997,52ee8612d65b3a836271f521a8f4b4709729d525,0.01,5,,107.9377,
2026-08-01T09:29:41Z,EPL,435490,epl-2026-team-of-the-season,EPL: 2026 PFA Team of the Year,2026-05-01T16:17:58.439577Z,2127686,will-joo-pedro-be-named-to-the-2026-pfa-premier-league-team-of-the-year,Will João Pedro be named to the 2026 PFA Premier League Team of the Year?,0x6fce5bfb34549a3a2c919a87ed5948038ae259334b99c7626269b54b5aec2e0e,"[""32710637391248437289327028678783582535502723443825413307615920275857755767269"", ""76494283295406840675256483217001111989666469664619203128145658200939942333539""]",32710637391248437289327028678783582535502723443825413307615920275857755767269|76494283295406840675256483217001111989666469664619203128145658200939942333539,32710637391248437289327028678783582535502723443825413307615920275857755767269,Yes,True,0.01,78.4,0.18,69.39,0.095,0.16999999999999998,c52d7e6af809246287eec4b0765a649fb143069d,0.01,5,,61.4272,57.777776
2026-08-01T09:29:41Z,EPL,435490,epl-2026-team-of-the-season,EPL: 2026 PFA Team of the Year,2026-05-01T16:17:58.439577Z,2127686,will-joo-pedro-be-named-to-the-2026-pfa-premier-league-team-of-the-year,Will João Pedro be named to the 2026 PFA Premier League Team of the Year?,0x6fce5bfb34549a3a2c919a87ed5948038ae259334b99c7626269b54b5aec2e0e,"[""32710637391248437289327028678783582535502723443825413307615920275857755767269"", ""76494283295406840675256483217001111989666469664619203128145658200939942333539""]",32710637391248437289327028678783582535502723443825413307615920275857755767269|76494283295406840675256483217001111989666469664619203128145658200939942333539,76494283295406840675256483217001111989666469664619203128145658200939942333539,No,True,0.82,69.39,0.99,78.4,0.905,0.17000000000000004,d17e8909324086aae836dc6c5d0bf1f354e60c62,0.01,5,,61.4272,57.777776
2026-08-01T09:29:41Z,EPL,435490,epl-2026-team-of-the-season,EPL: 2026 PFA Team of the Year,2026-05-01T16:17:58.439577Z,2127687,will-morgan-rogers-be-named-to-the-2026-pfa-premier-league-team-of-the-year,Will Morgan Rogers be named to the 2026 PFA Premier League Team of the Year?,0x96b8591e61ab8153068ed93e54c013f0e6b89cea2aa4e133fdfd9dafcded9277,"[""35606525977135678474506342380680226214353069361032301286284296655225714906882"", ""21333608757853284524355908501060578820412665842300321107531640970971045399525""]",35606525977135678474506342380680226214353069361032301286284296655225714906882|21333608757853284524355908501060578820412665842300321107531640970971045399525,35606525977135678474506342380680226214353069361032301286284296655225714906882,Yes,True,0.01,78.4,0.72,10.0,0.365,0.71,33c8a20ce1ae2233371958b940873467dd77d72e,0.01,5,,7.5179,
2026-08-01T09:29:41Z,EPL,435490,epl-2026-team-of-the-season,EPL: 2026 PFA Team of the Year,2026-05-01T16:17:58.439577Z,2127687,will-morgan-rogers-be-named-to-the-2026-pfa-premier-league-team-of-the-year,Will Morgan Rogers be named to the 2026 PFA Premier League Team of the Year?,0x96b8591e61ab8153068ed93e54c013f0e6b89cea2aa4e133fdfd9dafcded9277,"[""35606525977135678474506342380680226214353069361032301286284296655225714906882"", ""21333608757853284524355908501060578820412665842300321107531640970971045399525""]",35606525977135678474506342380680226214353069361032301286284296655225714906882|21333608757853284524355908501060578820412665842300321107531640970971045399525,21333608757853284524355908501060578820412665842300321107531640970971045399525,No,True,0.28,10.0,0.99,78.4,0.635,0.71,36ea8d5c319fdadb23025adb20382a3aec05494a,0.01,5,,7.5179,
2026-08-01T09:29:41Z,EPL,435490,epl-2026-team-of-the-season,EPL: 2026 PFA Team of the Year,2026-05-01T16:17:58.439577Z,2127688,will-antoine-semenyo-be-named-to-the-2026-pfa-premier-league-team-of-the-year,Will Antoine Semenyo be named to the 2026 PFA Premier League Team of the Year?,0x1220c8ad3de1b3e3a079e832ec53f3cd4c3f014685820c7364e6feeec413e4d8,"[""76296603541032491222249921378613877627058194760954506807014743183408941333618"", ""21304560232739094042644316740439641499393814233414419162298081903469670924441""]",76296603541032491222249921378613877627058194760954506807014743183408941333618|21304560232739094042644316740439641499393814233414419162298081903469670924441,76296603541032491222249921378613877627058194760954506807014743183408941333618,Yes,True,0.18,9.26,0.97,20.13,0.575,0.79,fc25ea9d57e1a0147977a2ce1fb31498bbe448b4,0.01,5,0.400,192.4329,109.94165000000001
2026-08-01T09:29:41Z,EPL,435490,epl-2026-team-of-the-season,EPL: 2026 PFA Team of the Year,2026-05-01T16:17:58.439577Z,2127688,will-antoine-semenyo-be-named-to-the-2026-pfa-premier-league-team-of-the-year,Will Antoine Semenyo be named to the 2026 PFA Premier League Team of the Year?,0x1220c8ad3de1b3e3a079e832ec53f3cd4c3f014685820c7364e6feeec413e4d8,"[""76296603541032491222249921378613877627058194760954506807014743183408941333618"", ""21304560232739094042644316740439641499393814233414419162298081903469670924441""]",76296603541032491222249921378613877627058194760954506807014743183408941333618|21304560232739094042644316740439641499393814233414419162298081903469670924441,21304560232739094042644316740439641499393814233414419162298081903469670924441,No,True,0.03,20.13,0.82,9.26,0.425,0.7899999999999999,15e0e0ce1cc529a2896c00e0e04a3337c842ad0c,0.01,5,0.400,192.4329,109.94165000000001
2026-08-01T09:29:41Z,EPL,435490,epl-2026-team-of-the-season,EPL: 2026 PFA Team of the Year,2026-05-01T16:17:58.439577Z,2127689,will-jeremy-doku-be-named-to-the-2026-pfa-premier-league-team-of-the-year,Will Jeremy Doku be named to the 2026 PFA Premier League Team of the Year?,0xa879be670c7ecf3087a8bf9fc8cf43b4e415502e71e7910dd63ac8f80a56d87b,"[""3879696626646145930128886354978365884788235204398514844964568164322230593973"", ""79551627668553765432569263846776420950508270405186694496807348421004929288226""]",3879696626646145930128886354978365884788235204398514844964568164322230593973|79551627668553765432569263846776420950508270405186694496807348421004929288226,3879696626646145930128886354978365884788235204398514844964568164322230593973,Yes,True,0.01,14.32,0.27,1000.0,0.14,0.26,92caaba5e1014124c00feeaddc73dcb15aa95783,0.01,5,,803.827,
2026-08-01T09:29:41Z,EPL,435490,epl-2026-team-of-the-season,EPL: 2026 PFA Team of the Year,2026-05-01T16:17:58.439577Z,2127689,will-jeremy-doku-be-named-to-the-2026-pfa-premier-league-team-of-the-year,Will Jeremy Doku be named to the 2026 PFA Premier League Team of the Year?,0xa879be670c7ecf3087a8bf9fc8cf43b4e415502e71e7910dd63ac8f80a56d87b,"[""3879696626646145930128886354978365884788235204398514844964568164322230593973"", ""79551627668553765432569263846776420950508270405186694496807348421004929288226""]",3879696626646145930128886354978365884788235204398514844964568164322230593973|79551627668553765432569263846776420950508270405186694496807348421004929288226,79551627668553765432569263846776420950508270405186694496807348421004929288226,No,True,0.73,1000.0,0.99,14.32,0.86,0.26,2dee750467aba9c2a3f47291a87c946ccda62fb6,0.01,5,,803.827,
2026-08-01T09:29:41Z,EPL,435490,epl-2026-team-of-the-season,EPL: 2026 PFA Team of the Year,2026-05-01T16:17:58.439577Z,2127690,will-bryan-mbeumo-be-named-to-the-2026-pfa-premier-league-team-of-the-year,Will Bryan Mbeumo be named to the 2026 PFA Premier League Team of the Year?,0xbc5c1fe3e7dd57070ca528cd85b158334b7aa9ee0c87b22c861586f82f115f53,"[""91785058119765698978951103847186849259631214663163177270696303972172010570357"", ""57423228513700841810717133678013622282899538997222385821885417665448518434118""]",91785058119765698978951103847186849259631214663163177270696303972172010570357|57423228513700841810717133678013622282899538997222385821885417665448518434118,91785058119765698978951103847186849259631214663163177270696303972172010570357,Yes,True,0.05,20.0,0.36,6.6,0.205,0.31,49383d0387b73ba330104d38b55811103cca3e2f,0.01,5,,72.7518,
2026-08-01T09:29:41Z,EPL,435490,epl-2026-team-of-the-season,EPL: 2026 PFA Team of the Year,2026-05-01T16:17:58.439577Z,2127690,will-bryan-mbeumo-be-named-to-the-2026-pfa-premier-league-team-of-the-year,Will Bryan Mbeumo be named to the 2026 PFA Premier League Team of the Year?,0xbc5c1fe3e7dd57070ca528cd85b158334b7aa9ee0c87b22c861586f82f115f53,"[""91785058119765698978951103847186849259631214663163177270696303972172010570357"", ""57423228513700841810717133678013622282899538997222385821885417665448518434118""]",91785058119765698978951103847186849259631214663163177270696303972172010570357|57423228513700841810717133678013622282899538997222385821885417665448518434118,57423228513700841810717133678013622282899538997222385821885417665448518434118,No,True,0.64,6.6,0.95,20.0,0.7949999999999999,0.30999999999999994,c056613b158a1f263d4af37690a1f4b75306dc1e,0.01,5,,72.7518,
2026-08-01T09:29:41Z,EPL,435490,epl-2026-team-of-the-season,EPL: 2026 PFA Team of the Year,2026-05-01T16:17:58.439577Z,2127691,will-jarrod-bowen-be-named-to-the-2026-pfa-premier-league-team-of-the-year,Will Jarrod Bowen be named to the 2026 PFA Premier League Team of the Year?,0x7352d3b05ddd64c22487c855e05c0485348e49d0dad74d9bde2c0478db43701e,"[""72676667720459668200165137999841534576126998576490942457742996617745849748718"", ""93972487936526721423770075279455909737407561133246099106446256232697159064557""]",72676667720459668200165137999841534576126998576490942457742996617745849748718|93972487936526721423770075279455909737407561133246099106446256232697159064557,72676667720459668200165137999841534576126998576490942457742996617745849748718,Yes,True,0.01,78.4,0.1,117.68,0.055,0.09000000000000001,4fee81084ca773fe69797be0e976c6f6dae4598c,0.01,5,,108.8996,
2026-08-01T09:29:41Z,EPL,435490,epl-2026-team-of-the-season,EPL: 2026 PFA Team of the Year,2026-05-01T16:17:58.439577Z,2127691,will-jarrod-bowen-be-named-to-the-2026-pfa-premier-league-team-of-the-year,Will Jarrod Bowen be named to the 2026 PFA Premier League Team of the Year?,0x7352d3b05ddd64c22487c855e05c0485348e49d0dad74d9bde2c0478db43701e,"[""72676667720459668200165137999841534576126998576490942457742996617745849748718"", ""93972487936526721423770075279455909737407561133246099106446256232697159064557""]",72676667720459668200165137999841534576126998576490942457742996617745849748718|93972487936526721423770075279455909737407561133246099106446256232697159064557,93972487936526721423770075279455909737407561133246099106446256232697159064557,No,True,0.9,117.68,0.99,78.4,0.9450000000000001,0.08999999999999997,e51dd988e6c9aea312a9d903696fcdac59527ab9,0.01,5,,108.8996,
2026-08-01T09:29:41Z,EPL,435490,epl-2026-team-of-the-season,EPL: 2026 PFA Team of the Year,2026-05-01T16:17:58.439577Z,2127692,will-phil-foden-be-named-to-the-2026-pfa-premier-league-team-of-the-year,Will Phil Foden be named to the 2026 PFA Premier League Team of the Year?,0x0f4085f5c4961b9029c600d4f976d0594a302e9f365552b48f500b655f2ac4fa,"[""8033894410953638407847681522327346336043237396295679948351222439635117761656"", ""89182645560093896409280692775338915223534298743660692930735700909064064285484""]",8033894410953638407847681522327346336043237396295679948351222439635117761656|89182645560093896409280692775338915223534298743660692930735700909064064285484,8033894410953638407847681522327346336043237396295679948351222439635117761656,Yes,True,0.01,78.4,0.19,10.0,0.1,0.18,2882def3c5858b3887e05a39a23a0f73b00073ae,0.01,5,,151.1974,
2026-08-01T09:29:41Z,EPL,435490,epl-2026-team-of-the-season,EPL: 2026 PFA Team of the Year,2026-05-01T16:17:58.439577Z,2127692,will-phil-foden-be-named-to-the-2026-pfa-premier-league-team-of-the-year,Will Phil Foden be named to the 2026 PFA Premier League Team of the Year?,0x0f4085f5c4961b9029c600d4f976d0594a302e9f365552b48f500b655f2ac4fa,"[""8033894410953638407847681522327346336043237396295679948351222439635117761656"", ""89182645560093896409280692775338915223534298743660692930735700909064064285484""]",8033894410953638407847681522327346336043237396295679948351222439635117761656|89182645560093896409280692775338915223534298743660692930735700909064064285484,89182645560093896409280692775338915223534298743660692930735700909064064285484,No,True,0.81,10.0,0.99,78.4,0.9,0.17999999999999994,39862491d04e6aefa1dad897bfc0eb217391b29b,0.01,5,,151.1974,
2026-08-01T09:29:41Z,EPL,435490,epl-2026-team-of-the-season,EPL: 2026 PFA Team of the Year,2026-05-01T16:17:58.439577Z,2127693,will-bukayo-saka-be-named-to-the-2026-pfa-premier-league-team-of-the-year,Will Bukayo Saka be named to the 2026 PFA Premier League Team of the Year?,0xb31d5274c8acbc2b023593c03fe1cb6367f42a9596ebb5d61b3204457b980730,"[""3899512605908669133631802955015968710467998848723391934123440957914049621850"", ""50079801685037680014087676599806731271595381000363699907442053815397821742247""]",3899512605908669133631802955015968710467998848723391934123440957914049621850|50079801685037680014087676599806731271595381000363699907442053815397821742247,3899512605908669133631802955015968710467998848723391934123440957914049621850,Yes,True,0.16,5.0,0.75,15.7,0.455,0.59,91db9dcae40a08d6d5163af37b0b4f16ef147c62,0.01,5,0.370,50.1327,124.88335400000001
2026-08-01T09:29:41Z,EPL,435490,epl-2026-team-of-the-season,EPL: 2026 PFA Team of the Year,2026-05-01T16:17:58.439577Z,2127693,will-bukayo-saka-be-named-to-the-2026-pfa-premier-league-team-of-the-year,Will Bukayo Saka be named to the 2026 PFA Premier League Team of the Year?,0xb31d5274c8acbc2b023593c03fe1cb6367f42a9596ebb5d61b3204457b980730,"[""3899512605908669133631802955015968710467998848723391934123440957914049621850"", ""50079801685037680014087676599806731271595381000363699907442053815397821742247""]",3899512605908669133631802955015968710467998848723391934123440957914049621850|50079801685037680014087676599806731271595381000363699907442053815397821742247,50079801685037680014087676599806731271595381000363699907442053815397821742247,No,True,0.25,15.7,0.84,5.0,0.5449999999999999,0.59,36eb293d538702a29ed2f3da66a71598e1f664e4,0.01,5,0.370,50.1327,124.88335400000001
2026-08-01T09:29:41Z,EPL,741502,epl-will-jeff-bezos-be-announced-as-new-liverpool-owner-in-2026-20260722181029339,EPL: Will Jeff Bezos Be Announced as New Liverpool Owner in 2026?,2026-07-24T02:09:07.515064Z,3075557,epl-will-jeff-bezos-be-announced-as-new-liverpool-owner-in-2026-20260722181029339,EPL: Will Jeff Bezos Be Announced as New Liverpool Owner in 2026?,0xf80b06a0af0b0d125260dd874181f7719b744202726b1261630c1e6f47d194b2,"[""111441089755454304558071463386774833085904282688880366696455604871865425149250"", ""96618024647558019955854864607964662434776153113184066607977558350988819171463""]",111441089755454304558071463386774833085904282688880366696455604871865425149250|96618024647558019955854864607964662434776153113184066607977558350988819171463,111441089755454304558071463386774833085904282688880366696455604871865425149250,Yes,True,0.05,31.59,0.38,40.0,0.215,0.33,6d4ab703c52dd1c2bc964a3c222f0051538814c9,0.01,5,0.840,80.4521,2530.877093
2026-08-01T09:29:41Z,EPL,741502,epl-will-jeff-bezos-be-announced-as-new-liverpool-owner-in-2026-20260722181029339,EPL: Will Jeff Bezos Be Announced as New Liverpool Owner in 2026?,2026-07-24T02:09:07.515064Z,3075557,epl-will-jeff-bezos-be-announced-as-new-liverpool-owner-in-2026-20260722181029339,EPL: Will Jeff Bezos Be Announced as New Liverpool Owner in 2026?,0xf80b06a0af0b0d125260dd874181f7719b744202726b1261630c1e6f47d194b2,"[""111441089755454304558071463386774833085904282688880366696455604871865425149250"", ""96618024647558019955854864607964662434776153113184066607977558350988819171463""]",111441089755454304558071463386774833085904282688880366696455604871865425149250|96618024647558019955854864607964662434776153113184066607977558350988819171463,96618024647558019955854864607964662434776153113184066607977558350988819171463,No,True,0.62,40.0,0.95,31.59,0.7849999999999999,0.32999999999999996,44ffee1c1f5a002076b7f139856878d7db14d628,0.01,5,0.840,80.4521,2530.877093
2026-08-01T11:01:02Z,EPL,333084,epl-team-to-qualify-for-uefa-conference-league,EPL: Team to qualify for UEFA Conference League,2026-04-01T17:27:13.650134Z,1818367,will-arsenal-qualify-for-the-league-phase-of-the-2026-27-uefa-conference-league,Will Arsenal qualify for the League Phase of the 2026-27 UEFA Conference League?,0xe303639e6e879ac5dac9632362583523a2c1ff1ac46645f45fd5c1e7034b3ef7,"[""68901380712839851395966644282518000143877097473327410904576810621084636054002"", ""14101352633367703776049560107649243928150035657062243340231594815518398887879""]",68901380712839851395966644282518000143877097473327410904576810621084636054002|14101352633367703776049560107649243928150035657062243340231594815518398887879,68901380712839851395966644282518000143877097473327410904576810621084636054002,Yes,False,,,,,,,,,,,,467.35890000000006
2026-08-01T11:01:02Z,EPL,333084,epl-team-to-qualify-for-uefa-conference-league,EPL: Team to qualify for UEFA Conference League,2026-04-01T17:27:13.650134Z,1818367,will-arsenal-qualify-for-the-league-phase-of-the-2026-27-uefa-conference-league,Will Arsenal qualify for the League Phase of the 2026-27 UEFA Conference League?,0xe303639e6e879ac5dac9632362583523a2c1ff1ac46645f45fd5c1e7034b3ef7,"[""68901380712839851395966644282518000143877097473327410904576810621084636054002"", ""14101352633367703776049560107649243928150035657062243340231594815518398887879""]",68901380712839851395966644282518000143877097473327410904576810621084636054002|14101352633367703776049560107649243928150035657062243340231594815518398887879,14101352633367703776049560107649243928150035657062243340231594815518398887879,No,False,,,,,,,,,,,,467.35890000000006
2026-08-01T11:01:02Z,EPL,333084,epl-team-to-qualify-for-uefa-conference-league,EPL: Team to qualify for UEFA Conference League,2026-04-01T17:27:13.650134Z,1818368,will-aston-villa-qualify-for-the-league-phase-of-the-2026-27-uefa-conference-league,Will Aston Villa qualify for the League Phase of the 2026-27 UEFA Conference League?,0x28177c964d8b9d218ddc13dac289b4d63545aec7329fb69b12413e1a10a75457,"[""31823132354185101528875214330987706903655516243832510690074648671327601851551"", ""24610182176230826024523430019874907375950075107195029433984156474474467506756""]",31823132354185101528875214330987706903655516243832510690074648671327601851551|24610182176230826024523430019874907375950075107195029433984156474474467506756,31823132354185101528875214330987706903655516243832510690074648671327601851551,Yes,False,,,,,,,,,,,,118.34
2026-08-01T11:01:02Z,EPL,333084,epl-team-to-qualify-for-uefa-conference-league,EPL: Team to qualify for UEFA Conference League,2026-04-01T17:27:13.650134Z,1818368,will-aston-villa-qualify-for-the-league-phase-of-the-2026-27-uefa-conference-league,Will Aston Villa qualify for the League Phase of the 2026-27 UEFA Conference League?,0x28177c964d8b9d218ddc13dac289b4d63545aec7329fb69b12413e1a10a75457,"[""31823132354185101528875214330987706903655516243832510690074648671327601851551"", ""24610182176230826024523430019874907375950075107195029433984156474474467506756""]",31823132354185101528875214330987706903655516243832510690074648671327601851551|24610182176230826024523430019874907375950075107195029433984156474474467506756,24610182176230826024523430019874907375950075107195029433984156474474467506756,No,False,,,,,,,,,,,,118.34
2026-08-01T11:01:02Z,EPL,333084,epl-team-to-qualify-for-uefa-conference-league,EPL: Team to qualify for UEFA Conference League,2026-04-01T17:27:13.650134Z,1818369,will-bournemouth-qualify-for-the-league-phase-of-the-2026-27-uefa-conference-league,Will Bournemouth qualify for the League Phase of the 2026-27 UEFA Conference League?,0x767a11689ea743287c46af43309a57c52055b201a44546f1151ebe770848a4c2,"[""51037068800800327301977700578792391802166844203670527997794112211084782282749"", ""49880512765242008305101129568216821495775216606287544487246019230820484318812""]",51037068800800327301977700578792391802166844203670527997794112211084782282749|49880512765242008305101129568216821495775216606287544487246019230820484318812,51037068800800327301977700578792391802166844203670527997794112211084782282749,Yes,False,,,,,,,,,,,,104.230768
2026-08-01T11:01:02Z,EPL,333084,epl-team-to-qualify-for-uefa-conference-league,EPL: Team to qualify for UEFA Conference League,2026-04-01T17:27:13.650134Z,1818369,will-bournemouth-qualify-for-the-league-phase-of-the-2026-27-uefa-conference-league,Will Bournemouth qualify for the League Phase of the 2026-27 UEFA Conference League?,0x767a11689ea743287c46af43309a57c52055b201a44546f1151ebe770848a4c2,"[""51037068800800327301977700578792391802166844203670527997794112211084782282749"", ""49880512765242008305101129568216821495775216606287544487246019230820484318812""]",51037068800800327301977700578792391802166844203670527997794112211084782282749|49880512765242008305101129568216821495775216606287544487246019230820484318812,49880512765242008305101129568216821495775216606287544487246019230820484318812,No,False,,,,,,,,,,,,104.230768
2026-08-01T11:01:02Z,EPL,333084,epl-team-to-qualify-for-uefa-conference-league,EPL: Team to qualify for UEFA Conference League,2026-04-01T17:27:13.650134Z,1818370,will-brentford-qualify-for-the-league-phase-of-the-2026-27-uefa-conference-league,Will Brentford qualify for the League Phase of the 2026-27 UEFA Conference League?,0x0389abffb5ab63bd6aa4c5a51d9d3aa9448f20cd4ce3aa635fefd2f2349c3a31,"[""28387783984422789854592851598345905688234938653031916751801472369971729754741"", ""114832188258694701659066568174555689813627221405189198849646410747085620840644""]",28387783984422789854592851598345905688234938653031916751801472369971729754741|114832188258694701659066568174555689813627221405189198849646410747085620840644,28387783984422789854592851598345905688234938653031916751801472369971729754741,Yes,False,,,,,,,,,,,,65
2026-08-01T11:01:02Z,EPL,333084,epl-team-to-qualify-for-uefa-conference-league,EPL: Team to qualify for UEFA Conference League,2026-04-01T17:27:13.650134Z,1818370,will-brentford-qualify-for-the-league-phase-of-the-2026-27-uefa-conference-league,Will Brentford qualify for the League Phase of the 2026-27 UEFA Conference League?,0x0389abffb5ab63bd6aa4c5a51d9d3aa9448f20cd4ce3aa635fefd2f2349c3a31,"[""28387783984422789854592851598345905688234938653031916751801472369971729754741"", ""114832188258694701659066568174555689813627221405189198849646410747085620840644""]",28387783984422789854592851598345905688234938653031916751801472369971729754741|114832188258694701659066568174555689813627221405189198849646410747085620840644,114832188258694701659066568174555689813627221405189198849646410747085620840644,No,False,,,,,,,,,,,,65
2026-08-01T11:01:02Z,EPL,333084,epl-team-to-qualify-for-uefa-conference-league,EPL: Team to qualify for UEFA Conference League,2026-04-01T17:27:13.650134Z,1818371,will-brighton-hove-albion-qualify-for-the-league-phase-of-the-2026-27-uefa-conference-league,Will Brighton & Hove Albion qualify for the League Phase of the 2026-27 UEFA Conference League?,0x4e11ad07550e879b771bb74aa2ac543182c0b555f4fd86aaa8c9818d64b91f25,"[""91139930726622392742704198140499166850579482457098783277042371092513674941494"", ""75555949500072945185762043512718261040129266196955015758692797567174442576587""]",91139930726622392742704198140499166850579482457098783277042371092513674941494|75555949500072945185762043512718261040129266196955015758692797567174442576587,91139930726622392742704198140499166850579482457098783277042371092513674941494,Yes,True,0.403,8.7,0.943,10.0,0.673,0.5399999999999999,0c496529b35babb5a21d88e51ae8a3d399774676,0.001,5,0.900,164.96581,1233.9694859999997
2026-08-01T11:01:02Z,EPL,333084,epl-team-to-qualify-for-uefa-conference-league,EPL: Team to qualify for UEFA Conference League,2026-04-01T17:27:13.650134Z,1818371,will-brighton-hove-albion-qualify-for-the-league-phase-of-the-2026-27-uefa-conference-league,Will Brighton & Hove Albion qualify for the League Phase of the 2026-27 UEFA Conference League?,0x4e11ad07550e879b771bb74aa2ac543182c0b555f4fd86aaa8c9818d64b91f25,"[""91139930726622392742704198140499166850579482457098783277042371092513674941494"", ""75555949500072945185762043512718261040129266196955015758692797567174442576587""]",91139930726622392742704198140499166850579482457098783277042371092513674941494|75555949500072945185762043512718261040129266196955015758692797567174442576587,75555949500072945185762043512718261040129266196955015758692797567174442576587,No,True,0.057,10.0,0.597,8.7,0.327,0.5399999999999999,1f2c7ad2b1631d03575f21130e557e41972ecb90,0.001,5,0.900,164.96581,1233.9694859999997
2026-08-01T11:01:02Z,EPL,333084,epl-team-to-qualify-for-uefa-conference-league,EPL: Team to qualify for UEFA Conference League,2026-04-01T17:27:13.650134Z,1818372,will-chelsea-qualify-for-the-league-phase-of-the-2026-27-uefa-conference-league,Will Chelsea qualify for the League Phase of the 2026-27 UEFA Conference League?,0xa0a419e4b455bbeb1ac06050bf572bbf636c70dc688f201eda6beb257e0ecccf,"[""24304404136401853611354679156736471836167449603878002382670170418575244748347"", ""34932573794344542041315686660932662303391519134203250572504686994553601884919""]",24304404136401853611354679156736471836167449603878002382670170418575244748347|34932573794344542041315686660932662303391519134203250572504686994553601884919,24304404136401853611354679156736471836167449603878002382670170418575244748347,Yes,False,,,,,,,,,,,,193.140308
2026-08-01T11:01:02Z,EPL,333084,epl-team-to-qualify-for-uefa-conference-league,EPL: Team to qualify for UEFA Conference League,2026-04-01T17:27:13.650134Z,1818372,will-chelsea-qualify-for-the-league-phase-of-the-2026-27-uefa-conference-league,Will Chelsea qualify for the League Phase of the 2026-27 UEFA Conference League?,0xa0a419e4b455bbeb1ac06050bf572bbf636c70dc688f201eda6beb257e0ecccf,"[""24304404136401853611354679156736471836167449603878002382670170418575244748347"", ""34932573794344542041315686660932662303391519134203250572504686994553601884919""]",24304404136401853611354679156736471836167449603878002382670170418575244748347|34932573794344542041315686660932662303391519134203250572504686994553601884919,34932573794344542041315686660932662303391519134203250572504686994553601884919,No,False,,,,,,,,,,,,193.140308
2026-08-01T11:01:02Z,EPL,333084,epl-team-to-qualify-for-uefa-conference-league,EPL: Team to qualify for UEFA Conference League,2026-04-01T17:27:13.650134Z,1818373,will-crystal-palace-qualify-for-the-league-phase-of-the-2026-27-uefa-conference-league,Will Crystal Palace qualify for the League Phase of the 2026-27 UEFA Conference League?,0x7fcff1b74a273c0e48b01dafa03fd994fc6d6a80faf2f401808a1f7c906231e2,"[""83595360800340582836220415327748792858014632655765677024450652227649872829217"", ""8722778550304158158775908112102831721712668882628498669387415627760731221547""]",83595360800340582836220415327748792858014632655765677024450652227649872829217|8722778550304158158775908112102831721712668882628498669387415627760731221547,83595360800340582836220415327748792858014632655765677024450652227649872829217,Yes,False,,,,,,,,,,,,55.10415
2026-08-01T11:01:02Z,EPL,333084,epl-team-to-qualify-for-uefa-conference-league,EPL: Team to qualify for UEFA Conference League,2026-04-01T17:27:13.650134Z,1818373,will-crystal-palace-qualify-for-the-league-phase-of-the-2026-27-uefa-conference-league,Will Crystal Palace qualify for the League Phase of the 2026-27 UEFA Conference League?,0x7fcff1b74a273c0e48b01dafa03fd994fc6d6a80faf2f401808a1f7c906231e2,"[""83595360800340582836220415327748792858014632655765677024450652227649872829217"", ""8722778550304158158775908112102831721712668882628498669387415627760731221547""]",83595360800340582836220415327748792858014632655765677024450652227649872829217|8722778550304158158775908112102831721712668882628498669387415627760731221547,8722778550304158158775908112102831721712668882628498669387415627760731221547,No,False,,,,,,,,,,,,55.10415
2026-08-01T11:01:02Z,EPL,333084,epl-team-to-qualify-for-uefa-conference-league,EPL: Team to qualify for UEFA Conference League,2026-04-01T17:27:13.650134Z,1818374,will-everton-qualify-for-the-league-phase-of-the-2026-27-uefa-conference-league,Will Everton qualify for the League Phase of the 2026-27 UEFA Conference League?,0xc2d06ea1b36aa2af374778802062278b37c0681e80b8b30d440eea8c89c69efa,"[""4166923647964243798214643118596450748550925708271797356837126450441673128307"", ""38675784671269789218225363889508272390729885225646140690421495748338190385226""]",4166923647964243798214643118596450748550925708271797356837126450441673128307|38675784671269789218225363889508272390729885225646140690421495748338190385226,4166923647964243798214643118596450748550925708271797356837126450441673128307,Yes,False,,,,,,,,,,,,481.81
2026-08-01T11:01:02Z,EPL,333084,epl-team-to-qualify-for-uefa-conference-league,EPL: Team to qualify for UEFA Conference League,2026-04-01T17:27:13.650134Z,1818374,will-everton-qualify-for-the-league-phase-of-the-2026-27-uefa-conference-league,Will Everton qualify for the League Phase of the 2026-27 UEFA Conference League?,0xc2d06ea1b36aa2af374778802062278b37c0681e80b8b30d440eea8c89c69efa,"[""4166923647964243798214643118596450748550925708271797356837126450441673128307"", ""38675784671269789218225363889508272390729885225646140690421495748338190385226""]",4166923647964243798214643118596450748550925708271797356837126450441673128307|38675784671269789218225363889508272390729885225646140690421495748338190385226,38675784671269789218225363889508272390729885225646140690421495748338190385226,No,False,,,,,,,,,,,,481.81
2026-08-01T11:01:02Z,EPL,333084,epl-team-to-qualify-for-uefa-conference-league,EPL: Team to qualify for UEFA Conference League,2026-04-01T17:27:13.650134Z,1818375,will-fulham-qualify-for-the-league-phase-of-the-2026-27-uefa-conference-league,Will Fulham qualify for the League Phase of the 2026-27 UEFA Conference League?,0xa9c80d9e6d42b63441eb65788fa6715dd14e46e84e92ab0af524aa71de00e9fe,"[""58173349290615436261874750189700214187364770220706840363443501392029514828013"", ""68870830613563352664780739176635792396465611522859759407689581346809698393825""]",58173349290615436261874750189700214187364770220706840363443501392029514828013|68870830613563352664780739176635792396465611522859759407689581346809698393825,58173349290615436261874750189700214187364770220706840363443501392029514828013,Yes,False,,,,,,,,,,,,529.6700000000001
2026-08-01T11:01:02Z,EPL,333084,epl-team-to-qualify-for-uefa-conference-league,EPL: Team to qualify for UEFA Conference League,2026-04-01T17:27:13.650134Z,1818375,will-fulham-qualify-for-the-league-phase-of-the-2026-27-uefa-conference-league,Will Fulham qualify for the League Phase of the 2026-27 UEFA Conference League?,0xa9c80d9e6d42b63441eb65788fa6715dd14e46e84e92ab0af524aa71de00e9fe,"[""58173349290615436261874750189700214187364770220706840363443501392029514828013"", ""68870830613563352664780739176635792396465611522859759407689581346809698393825""]",58173349290615436261874750189700214187364770220706840363443501392029514828013|68870830613563352664780739176635792396465611522859759407689581346809698393825,68870830613563352664780739176635792396465611522859759407689581346809698393825,No,False,,,,,,,,,,,,529.6700000000001
2026-08-01T11:01:02Z,EPL,333084,epl-team-to-qualify-for-uefa-conference-league,EPL: Team to qualify for UEFA Conference League,2026-04-01T17:27:13.650134Z,1818376,will-ipswich-town-qualify-for-the-league-phase-of-the-2026-27-uefa-conference-league,Will Ipswich Town qualify for the League Phase of the 2026-27 UEFA Conference League?,0xfd1fd6c7c9106ccdc0a48fb64385b352808d5f6a4eb0157cb37b834002772000,"[""34575040317828011543308948862359294748447343494151397521995978862299718496252"", ""32703218917373905712439402416747473136357574974365039086658033726899781984701""]",34575040317828011543308948862359294748447343494151397521995978862299718496252|32703218917373905712439402416747473136357574974365039086658033726899781984701,34575040317828011543308948862359294748447343494151397521995978862299718496252,Yes,False,,,,,,,,,,,,185.7979
2026-08-01T11:01:02Z,EPL,333084,epl-team-to-qualify-for-uefa-conference-league,EPL: Team to qualify for UEFA Conference League,2026-04-01T17:27:13.650134Z,1818376,will-ipswich-town-qualify-for-the-league-phase-of-the-2026-27-uefa-conference-league,Will Ipswich Town qualify for the League Phase of the 2026-27 UEFA Conference League?,0xfd1fd6c7c9106ccdc0a48fb64385b352808d5f6a4eb0157cb37b834002772000,"[""34575040317828011543308948862359294748447343494151397521995978862299718496252"", ""32703218917373905712439402416747473136357574974365039086658033726899781984701""]",34575040317828011543308948862359294748447343494151397521995978862299718496252|32703218917373905712439402416747473136357574974365039086658033726899781984701,32703218917373905712439402416747473136357574974365039086658033726899781984701,No,False,,,,,,,,,,,,185.7979
2026-08-01T11:01:02Z,EPL,333084,epl-team-to-qualify-for-uefa-conference-league,EPL: Team to qualify for UEFA Conference League,2026-04-01T17:27:13.650134Z,1818377,will-leicester-city-qualify-for-the-league-phase-of-the-2026-27-uefa-conference-league,Will Leicester City qualify for the League Phase of the 2026-27 UEFA Conference League?,0x7f23bad03e49e8691193b374466a982f76952cc0658302268f2122380250f91d,"[""36855782576831156580765175743466253787995589729798761982205435744452738857165"", ""63267615403020851545105138792098005654530731396339683005908577788229989628684""]",36855782576831156580765175743466253787995589729798761982205435744452738857165|63267615403020851545105138792098005654530731396339683005908577788229989628684,36855782576831156580765175743466253787995589729798761982205435744452738857165,Yes,False,,,,,,,,,,,,185.5555
2026-08-01T11:01:02Z,EPL,333084,epl-team-to-qualify-for-uefa-conference-league,EPL: Team to qualify for UEFA Conference League,2026-04-01T17:27:13.650134Z,1818377,will-leicester-city-qualify-for-the-league-phase-of-the-2026-27-uefa-conference-league,Will Leicester City qualify for the League Phase of the 2026-27 UEFA Conference League?,0x7f23bad03e49e8691193b374466a982f76952cc0658302268f2122380250f91d,"[""36855782576831156580765175743466253787995589729798761982205435744452738857165"", ""63267615403020851545105138792098005654530731396339683005908577788229989628684""]",36855782576831156580765175743466253787995589729798761982205435744452738857165|63267615403020851545105138792098005654530731396339683005908577788229989628684,63267615403020851545105138792098005654530731396339683005908577788229989628684,No,False,,,,,,,,,,,,185.5555
2026-08-01T11:01:02Z,EPL,333084,epl-team-to-qualify-for-uefa-conference-league,EPL: Team to qualify for UEFA Conference League,2026-04-01T17:27:13.650134Z,1818378,will-liverpool-qualify-for-the-league-phase-of-the-2026-27-uefa-conference-league,Will Liverpool qualify for the League Phase of the 2026-27 UEFA Conference League?,0x0f39d177f78abd438be984b36f264c13de879b346ae40bfea0ababc108b83f64,"[""65988948624774144931622911564364302133312968519504468408474435267221324233196"", ""115130602602129428285461614417924472558165741430309539659330809798396288056300""]",65988948624774144931622911564364302133312968519504468408474435267221324233196|115130602602129428285461614417924472558165741430309539659330809798396288056300,65988948624774144931622911564364302133312968519504468408474435267221324233196,Yes,False,,,,,,,,,,,0,175.5
2026-08-01T11:01:02Z,EPL,333084,epl-team-to-qualify-for-uefa-conference-league,EPL: Team to qualify for UEFA Conference League,2026-04-01T17:27:13.650134Z,1818378,will-liverpool-qualify-for-the-league-phase-of-the-2026-27-uefa-conference-league,Will Liverpool qualify for the League Phase of the 2026-27 UEFA Conference League?,0x0f39d177f78abd438be984b36f264c13de879b346ae40bfea0ababc108b83f64,"[""65988948624774144931622911564364302133312968519504468408474435267221324233196"", ""115130602602129428285461614417924472558165741430309539659330809798396288056300""]",65988948624774144931622911564364302133312968519504468408474435267221324233196|115130602602129428285461614417924472558165741430309539659330809798396288056300,115130602602129428285461614417924472558165741430309539659330809798396288056300,No,False,,,,,,,,,,,0,175.5
2026-08-01T11:01:02Z,EPL,333084,epl-team-to-qualify-for-uefa-conference-league,EPL: Team to qualify for UEFA Conference League,2026-04-01T17:27:13.650134Z,1818379,will-manchester-city-qualify-for-the-league-phase-of-the-2026-27-uefa-conference-league,Will Manchester City qualify for the League Phase of the 2026-27 UEFA Conference League?,0x9f502be87b77866442714675eeb0ceec67b36469dab587b15862716b95a22a65,"[""81955707153623233000480445669873960416969320182377332341762765419704043622092"", ""63903621190034107756618838956749324043719317201688365281214818158837560760762""]",81955707153623233000480445669873960416969320182377332341762765419704043622092|63903621190034107756618838956749324043719317201688365281214818158837560760762,81955707153623233000480445669873960416969320182377332341762765419704043622092,Yes,False,,,,,,,,,,,,239.96210000000002
2026-08-01T11:01:02Z,EPL,333084,epl-team-to-qualify-for-uefa-conference-league,EPL: Team to qualify for UEFA Conference League,2026-04-01T17:27:13.650134Z,1818379,will-manchester-city-qualify-for-the-league-phase-of-the-2026-27-uefa-conference-league,Will Manchester City qualify for the League Phase of the 2026-27 UEFA Conference League?,0x9f502be87b77866442714675eeb0ceec67b36469dab587b15862716b95a22a65,"[""81955707153623233000480445669873960416969320182377332341762765419704043622092"", ""63903621190034107756618838956749324043719317201688365281214818158837560760762""]",81955707153623233000480445669873960416969320182377332341762765419704043622092|63903621190034107756618838956749324043719317201688365281214818158837560760762,63903621190034107756618838956749324043719317201688365281214818158837560760762,No,False,,,,,,,,,,,,239.96210000000002
2026-08-01T11:01:02Z,EPL,333084,epl-team-to-qualify-for-uefa-conference-league,EPL: Team to qualify for UEFA Conference League,2026-04-01T17:27:13.650134Z,1818380,will-manchester-united-qualify-for-the-league-phase-of-the-2026-27-uefa-conference-league,Will Manchester United qualify for the League Phase of the 2026-27 UEFA Conference League?,0x10faa15e034abb4d8b58e96fa9cceaeba84182d8d26061672b3090ef60c474c7,"[""14537963265850539015090671292913129800573442530565687433985001158662408488535"", ""24584985274241329793529868323709359334793457968867512216477798918303927163120""]",14537963265850539015090671292913129800573442530565687433985001158662408488535|24584985274241329793529868323709359334793457968867512216477798918303927163120,14537963265850539015090671292913129800573442530565687433985001158662408488535,Yes,False,,,,,,,,,,,,654.06
2026-08-01T11:01:02Z,EPL,333084,epl-team-to-qualify-for-uefa-conference-league,EPL: Team to qualify for UEFA Conference League,2026-04-01T17:27:13.650134Z,1818380,will-manchester-united-qualify-for-the-league-phase-of-the-2026-27-uefa-conference-league,Will Manchester United qualify for the League Phase of the 2026-27 UEFA Conference League?,0x10faa15e034abb4d8b58e96fa9cceaeba84182d8d26061672b3090ef60c474c7,"[""14537963265850539015090671292913129800573442530565687433985001158662408488535"", ""24584985274241329793529868323709359334793457968867512216477798918303927163120""]",14537963265850539015090671292913129800573442530565687433985001158662408488535|24584985274241329793529868323709359334793457968867512216477798918303927163120,24584985274241329793529868323709359334793457968867512216477798918303927163120,No,False,,,,,,,,,,,,654.06
2026-08-01T11:01:02Z,EPL,333084,epl-team-to-qualify-for-uefa-conference-league,EPL: Team to qualify for UEFA Conference League,2026-04-01T17:27:13.650134Z,1818381,will-newcastle-united-qualify-for-the-league-phase-of-the-2026-27-uefa-conference-league,Will Newcastle United qualify for the League Phase of the 2026-27 UEFA Conference League?,0xb0716d2b36fd90dd54c600a9e7647616490002987e3eb1ecb3d10ead4d62d33c,"[""59224980280942325666569394558997382798882386438436610001858371645471216555919"", ""79970515927998557660930530711963196679174481368659736459630565505379849389257""]",59224980280942325666569394558997382798882386438436610001858371645471216555919|79970515927998557660930530711963196679174481368659736459630565505379849389257,59224980280942325666569394558997382798882386438436610001858371645471216555919,Yes,False,,,,,,,,,,,,411.9
2026-08-01T11:01:02Z,EPL,333084,epl-team-to-qualify-for-uefa-conference-league,EPL: Team to qualify for UEFA Conference League,2026-04-01T17:27:13.650134Z,1818381,will-newcastle-united-qualify-for-the-league-phase-of-the-2026-27-uefa-conference-league,Will Newcastle United qualify for the League Phase of the 2026-27 UEFA Conference League?,0xb0716d2b36fd90dd54c600a9e7647616490002987e3eb1ecb3d10ead4d62d33c,"[""59224980280942325666569394558997382798882386438436610001858371645471216555919"", ""79970515927998557660930530711963196679174481368659736459630565505379849389257""]",59224980280942325666569394558997382798882386438436610001858371645471216555919|79970515927998557660930530711963196679174481368659736459630565505379849389257,79970515927998557660930530711963196679174481368659736459630565505379849389257,No,False,,,,,,,,,,,,411.9
2026-08-01T11:01:02Z,EPL,333084,epl-team-to-qualify-for-uefa-conference-league,EPL: Team to qualify for UEFA Conference League,2026-04-01T17:27:13.650134Z,1818382,will-nottingham-forest-qualify-for-the-league-phase-of-the-2026-27-uefa-conference-league,Will Nottingham Forest qualify for the League Phase of the 2026-27 UEFA Conference League?,0xe911ed8e88ee4d94cb587ed6128a6c15596d9338a4d90b78b9ea20b0578fc156,"[""19481881546917834293067497074329377518935142669934498853237227966392229142245"", ""57602898067754327037427882833634701750997153547931685588132390215919583981742""]",19481881546917834293067497074329377518935142669934498853237227966392229142245|57602898067754327037427882833634701750997153547931685588132390215919583981742,19481881546917834293067497074329377518935142669934498853237227966392229142245,Yes,False,,,,,,,,,,,,407.7161
2026-08-01T11:01:02Z,EPL,333084,epl-team-to-qualify-for-uefa-conference-league,EPL: Team to qualify for UEFA Conference League,2026-04-01T17:27:13.650134Z,1818382,will-nottingham-forest-qualify-for-the-league-phase-of-the-2026-27-uefa-conference-league,Will Nottingham Forest qualify for the League Phase of the 2026-27 UEFA Conference League?,0xe911ed8e88ee4d94cb587ed6128a6c15596d9338a4d90b78b9ea20b0578fc156,"[""19481881546917834293067497074329377518935142669934498853237227966392229142245"", ""57602898067754327037427882833634701750997153547931685588132390215919583981742""]",19481881546917834293067497074329377518935142669934498853237227966392229142245|57602898067754327037427882833634701750997153547931685588132390215919583981742,57602898067754327037427882833634701750997153547931685588132390215919583981742,No,False,,,,,,,,,,,,407.7161
2026-08-01T11:01:02Z,EPL,333084,epl-team-to-qualify-for-uefa-conference-league,EPL: Team to qualify for UEFA Conference League,2026-04-01T17:27:13.650134Z,1818383,will-southampton-qualify-for-the-league-phase-of-the-2026-27-uefa-conference-league,Will Southampton qualify for the League Phase of the 2026-27 UEFA Conference League?,0x7ca2adbbd88851add0e546dd78574d7e79fc00c76e8c490e5692bf8023c11e75,"[""26877828097379119176280047098274709531228788895296330595994436624390898867911"", ""115748130349087715420332870666315257990045222809843222754054247382701059943674""]",26877828097379119176280047098274709531228788895296330595994436624390898867911|115748130349087715420332870666315257990045222809843222754054247382701059943674,26877828097379119176280047098274709531228788895296330595994436624390898867911,Yes,False,,,,,,,,,,,0,617.6899999999999
2026-08-01T11:01:02Z,EPL,333084,epl-team-to-qualify-for-uefa-conference-league,EPL: Team to qualify for UEFA Conference League,2026-04-01T17:27:13.650134Z,1818383,will-southampton-qualify-for-the-league-phase-of-the-2026-27-uefa-conference-league,Will Southampton qualify for the League Phase of the 2026-27 UEFA Conference League?,0x7ca2adbbd88851add0e546dd78574d7e79fc00c76e8c490e5692bf8023c11e75,"[""26877828097379119176280047098274709531228788895296330595994436624390898867911"", ""115748130349087715420332870666315257990045222809843222754054247382701059943674""]",26877828097379119176280047098274709531228788895296330595994436624390898867911|115748130349087715420332870666315257990045222809843222754054247382701059943674,115748130349087715420332870666315257990045222809843222754054247382701059943674,No,False,,,,,,,,,,,0,617.6899999999999
2026-08-01T11:01:02Z,EPL,333084,epl-team-to-qualify-for-uefa-conference-league,EPL: Team to qualify for UEFA Conference League,2026-04-01T17:27:13.650134Z,1818384,will-tottenham-hotspur-qualify-for-the-league-phase-of-the-2026-27-uefa-conference-league,Will Tottenham Hotspur qualify for the League Phase of the 2026-27 UEFA Conference League?,0xe98b7da9a346eb2aced5b9300c7a53e4d7c147741b546f005de0b3c0d89e0ae1,"[""16165000919596414242427788888124743916698715129044155178467657105167009019476"", ""114828181514576721851254739097127564151815507804110569853443476924908844910766""]",16165000919596414242427788888124743916698715129044155178467657105167009019476|114828181514576721851254739097127564151815507804110569853443476924908844910766,16165000919596414242427788888124743916698715129044155178467657105167009019476,Yes,False,,,,,,,,,,,,1126.7675
2026-08-01T11:01:02Z,EPL,333084,epl-team-to-qualify-for-uefa-conference-league,EPL: Team to qualify for UEFA Conference League,2026-04-01T17:27:13.650134Z,1818384,will-tottenham-hotspur-qualify-for-the-league-phase-of-the-2026-27-uefa-conference-league,Will Tottenham Hotspur qualify for the League Phase of the 2026-27 UEFA Conference League?,0xe98b7da9a346eb2aced5b9300c7a53e4d7c147741b546f005de0b3c0d89e0ae1,"[""16165000919596414242427788888124743916698715129044155178467657105167009019476"", ""114828181514576721851254739097127564151815507804110569853443476924908844910766""]",16165000919596414242427788888124743916698715129044155178467657105167009019476|114828181514576721851254739097127564151815507804110569853443476924908844910766,114828181514576721851254739097127564151815507804110569853443476924908844910766,No,False,,,,,,,,,,,,1126.7675
2026-08-01T11:01:02Z,EPL,333084,epl-team-to-qualify-for-uefa-conference-league,EPL: Team to qualify for UEFA Conference League,2026-04-01T17:27:13.650134Z,1818385,will-west-ham-united-qualify-for-the-league-phase-of-the-2026-27-uefa-conference-league,Will West Ham United qualify for the League Phase of the 2026-27 UEFA Conference League?,0xbc79053a1f7691b55171b4a210da33b3c3fba449c9df4fd954856635f8da0e8e,"[""54894379652853834326297942957419603346481276275403414881816173756537774757640"", ""33108900391203812803918822219418560079370282336069888352885661677363224124116""]",54894379652853834326297942957419603346481276275403414881816173756537774757640|33108900391203812803918822219418560079370282336069888352885661677363224124116,54894379652853834326297942957419603346481276275403414881816173756537774757640,Yes,False,,,,,,,,,,,,207.137
2026-08-01T11:01:02Z,EPL,333084,epl-team-to-qualify-for-uefa-conference-league,EPL: Team to qualify for UEFA Conference League,2026-04-01T17:27:13.650134Z,1818385,will-west-ham-united-qualify-for-the-league-phase-of-the-2026-27-uefa-conference-league,Will West Ham United qualify for the League Phase of the 2026-27 UEFA Conference League?,0xbc79053a1f7691b55171b4a210da33b3c3fba449c9df4fd954856635f8da0e8e,"[""54894379652853834326297942957419603346481276275403414881816173756537774757640"", ""33108900391203812803918822219418560079370282336069888352885661677363224124116""]",54894379652853834326297942957419603346481276275403414881816173756537774757640|33108900391203812803918822219418560079370282336069888352885661677363224124116,33108900391203812803918822219418560079370282336069888352885661677363224124116,No,False,,,,,,,,,,,,207.137
2026-08-01T11:01:02Z,EPL,333084,epl-team-to-qualify-for-uefa-conference-league,EPL: Team to qualify for UEFA Conference League,2026-04-01T17:27:13.650134Z,1818386,will-wolverhampton-wanderers-qualify-for-the-league-phase-of-the-2026-27-uefa-conference-league,Will Wolverhampton Wanderers qualify for the League Phase of the 2026-27 UEFA Conference League?,0x612a47d48e42fc85f4b3099edd0779c399e7393325bae5ef494fbec0b518be97,"[""39645891629689350247020865542579082583944711546641819664090458601825821008952"", ""27752113810792547257158395279414992925826179248970504390132410269490063597360""]",39645891629689350247020865542579082583944711546641819664090458601825821008952|27752113810792547257158395279414992925826179248970504390132410269490063597360,39645891629689350247020865542579082583944711546641819664090458601825821008952,Yes,False,,,,,,,,,,,,216.45
2026-08-01T11:01:02Z,EPL,333084,epl-team-to-qualify-for-uefa-conference-league,EPL: Team to qualify for UEFA Conference League,2026-04-01T17:27:13.650134Z,1818386,will-wolverhampton-wanderers-qualify-for-the-league-phase-of-the-2026-27-uefa-conference-league,Will Wolverhampton Wanderers qualify for the League Phase of the 2026-27 UEFA Conference League?,0x612a47d48e42fc85f4b3099edd0779c399e7393325bae5ef494fbec0b518be97,"[""39645891629689350247020865542579082583944711546641819664090458601825821008952"", ""27752113810792547257158395279414992925826179248970504390132410269490063597360""]",39645891629689350247020865542579082583944711546641819664090458601825821008952|27752113810792547257158395279414992925826179248970504390132410269490063597360,27752113810792547257158395279414992925826179248970504390132410269490063597360,No,False,,,,,,,,,,,,216.45
2026-08-01T11:01:02Z,EPL,435490,epl-2026-team-of-the-season,EPL: 2026 PFA Team of the Year,2026-05-01T16:17:58.439577Z,2127663,will-david-raya-be-named-to-the-2026-pfa-premier-league-team-of-the-year,Will David Raya be named to the 2026 PFA Premier League Team of the Year?,0x50561f0ac9fb48ce9b1dc8f78f84dea5e43d9d30bd507eb93fa57b11a996ffeb,"[""3488261232009523381576281256634840719226792569353110860105294590188599877555"", ""33896607823388600558222421347266613674976673770405419631622989961143438148884""]",3488261232009523381576281256634840719226792569353110860105294590188599877555|33896607823388600558222421347266613674976673770405419631622989961143438148884,3488261232009523381576281256634840719226792569353110860105294590188599877555,Yes,True,0.81,206.16,0.99,78.4,0.9,0.17999999999999994,0bb4b0e20653d0b9601638a7b03bd1909a39a73b,0.01,5,,507.157,
2026-08-01T11:01:02Z,EPL,435490,epl-2026-team-of-the-season,EPL: 2026 PFA Team of the Year,2026-05-01T16:17:58.439577Z,2127663,will-david-raya-be-named-to-the-2026-pfa-premier-league-team-of-the-year,Will David Raya be named to the 2026 PFA Premier League Team of the Year?,0x50561f0ac9fb48ce9b1dc8f78f84dea5e43d9d30bd507eb93fa57b11a996ffeb,"[""3488261232009523381576281256634840719226792569353110860105294590188599877555"", ""33896607823388600558222421347266613674976673770405419631622989961143438148884""]",3488261232009523381576281256634840719226792569353110860105294590188599877555|33896607823388600558222421347266613674976673770405419631622989961143438148884,33896607823388600558222421347266613674976673770405419631622989961143438148884,No,True,0.01,78.4,0.19,206.16,0.1,0.18,8c46a3319f812443a54018d74c035c08efaa8fba,0.01,5,,507.157,
2026-08-01T11:01:02Z,EPL,435490,epl-2026-team-of-the-season,EPL: 2026 PFA Team of the Year,2026-05-01T16:17:58.439577Z,2127664,will-jordan-pickford-be-named-to-the-2026-pfa-premier-league-team-of-the-year,Will Jordan Pickford be named to the 2026 PFA Premier League Team of the Year?,0x206d3cf11b86b16708f160e1e5223e75f4f0b126fbfecb52300077792e4a978f,"[""69002409170326112222673578355907486486435514190626080376764720483535336436602"", ""29764786967669041151836718379664776749611256940389381248189333088896507813340""]",69002409170326112222673578355907486486435514190626080376764720483535336436602|29764786967669041151836718379664776749611256940389381248189333088896507813340,69002409170326112222673578355907486486435514190626080376764720483535336436602,Yes,True,,,0.09,11.82,,,53b510d287a920a93f54a971f5d02e201b1ee140,0.01,5,,111.7456,11.82
2026-08-01T11:01:02Z,EPL,435490,epl-2026-team-of-the-season,EPL: 2026 PFA Team of the Year,2026-05-01T16:17:58.439577Z,2127664,will-jordan-pickford-be-named-to-the-2026-pfa-premier-league-team-of-the-year,Will Jordan Pickford be named to the 2026 PFA Premier League Team of the Year?,0x206d3cf11b86b16708f160e1e5223e75f4f0b126fbfecb52300077792e4a978f,"[""69002409170326112222673578355907486486435514190626080376764720483535336436602"", ""29764786967669041151836718379664776749611256940389381248189333088896507813340""]",69002409170326112222673578355907486486435514190626080376764720483535336436602|29764786967669041151836718379664776749611256940389381248189333088896507813340,29764786967669041151836718379664776749611256940389381248189333088896507813340,No,True,0.91,11.82,,,,,df1e42f99a835924dcf23559f85e0043405b7168,0.01,5,,111.7456,11.82
2026-08-01T11:01:02Z,EPL,435490,epl-2026-team-of-the-season,EPL: 2026 PFA Team of the Year,2026-05-01T16:17:58.439577Z,2127665,will-dean-henderson-be-named-to-the-2026-pfa-premier-league-team-of-the-year,Will Dean Henderson be named to the 2026 PFA Premier League Team of the Year?,0x67ebb7796df1324b1b084b0aaa59e3379513583ac93e3c8e968935e7dbb1f535,"[""77730449116026385251216021681478758817188404733132958155748625297475510396335"", ""86484569427189395298179892127162282618369840953731094949208918944830421003973""]",77730449116026385251216021681478758817188404733132958155748625297475510396335|86484569427189395298179892127162282618369840953731094949208918944830421003973,77730449116026385251216021681478758817188404733132958155748625297475510396335,Yes,True,0.01,78.4,0.1,107.68,0.055,0.09000000000000001,0a6c0da6a603bc1dd80082394b5310dff8bfffc8,0.01,5,,106.96,
2026-08-01T11:01:02Z,EPL,435490,epl-2026-team-of-the-season,EPL: 2026 PFA Team of the Year,2026-05-01T16:17:58.439577Z,2127665,will-dean-henderson-be-named-to-the-2026-pfa-premier-league-team-of-the-year,Will Dean Henderson be named to the 2026 PFA Premier League Team of the Year?,0x67ebb7796df1324b1b084b0aaa59e3379513583ac93e3c8e968935e7dbb1f535,"[""77730449116026385251216021681478758817188404733132958155748625297475510396335"", ""86484569427189395298179892127162282618369840953731094949208918944830421003973""]",77730449116026385251216021681478758817188404733132958155748625297475510396335|86484569427189395298179892127162282618369840953731094949208918944830421003973,86484569427189395298179892127162282618369840953731094949208918944830421003973,No,True,0.9,107.68,0.99,78.4,0.9450000000000001,0.08999999999999997,a1aecfb9aa07561c0aa2ac74e32cb035d289224c,0.01,5,,106.96,
2026-08-01T11:01:02Z,EPL,435490,epl-2026-team-of-the-season,EPL: 2026 PFA Team of the Year,2026-05-01T16:17:58.439577Z,2127666,will-robin-roefs-be-named-to-the-2026-pfa-premier-league-team-of-the-year,Will Robin Roefs be named to the 2026 PFA Premier League Team of the Year?,0xdae0f14d1b5ea256638164c6578853226408702f44e238ca8fa692998fdc6332,"[""70182957445101902779363373709716695169810926012757858042099415085409463195888"", ""90699863564786576085723598309072905823666331748016080742800846290619606364496""]",70182957445101902779363373709716695169810926012757858042099415085409463195888|90699863564786576085723598309072905823666331748016080742800846290619606364496,70182957445101902779363373709716695169810926012757858042099415085409463195888,Yes,True,0.01,78.4,0.1,107.68,0.055,0.09000000000000001,c5be1e02ffad290ca86ccd3263a85b00f3a23f44,0.01,5,,108.0799,
2026-08-01T11:01:02Z,EPL,435490,epl-2026-team-of-the-season,EPL: 2026 PFA Team of the Year,2026-05-01T16:17:58.439577Z,2127666,will-robin-roefs-be-named-to-the-2026-pfa-premier-league-team-of-the-year,Will Robin Roefs be named to the 2026 PFA Premier League Team of the Year?,0xdae0f14d1b5ea256638164c6578853226408702f44e238ca8fa692998fdc6332,"[""70182957445101902779363373709716695169810926012757858042099415085409463195888"", ""90699863564786576085723598309072905823666331748016080742800846290619606364496""]",70182957445101902779363373709716695169810926012757858042099415085409463195888|90699863564786576085723598309072905823666331748016080742800846290619606364496,90699863564786576085723598309072905823666331748016080742800846290619606364496,No,True,0.9,107.68,0.99,78.4,0.9450000000000001,0.08999999999999997,fbba5c91a5a7a961fbcb4986b133000f67405678,0.01,5,,108.0799,
2026-08-01T11:01:02Z,EPL,435490,epl-2026-team-of-the-season,EPL: 2026 PFA Team of the Year,2026-05-01T16:17:58.439577Z,2127667,will-gianluigi-donnarumma-be-named-to-the-2026-pfa-premier-league-team-of-the-year,Will Gianluigi Donnarumma be named to the 2026 PFA Premier League Team of the Year?,0x322441734b9f23744de899e345ef48ec25e0055f8b1bfc19fe4612055a8ff2df,"[""65007673257262595676530056363240287641293306267550009290432560084643152028010"", ""97388027101380065799871752579213229783305736941572715830099055292320933629215""]",65007673257262595676530056363240287641293306267550009290432560084643152028010|97388027101380065799871752579213229783305736941572715830099055292320933629215,65007673257262595676530056363240287641293306267550009290432560084643152028010,Yes,True,0.01,78.4,0.2,10.0,0.10500000000000001,0.19,4a06a744802a7216558ac7b8e78cca3efd1b60e3,0.01,5,,11.2647,
2026-08-01T11:01:02Z,EPL,435490,epl-2026-team-of-the-season,EPL: 2026 PFA Team of the Year,2026-05-01T16:17:58.439577Z,2127667,will-gianluigi-donnarumma-be-named-to-the-2026-pfa-premier-league-team-of-the-year,Will Gianluigi Donnarumma be named to the 2026 PFA Premier League Team of the Year?,0x322441734b9f23744de899e345ef48ec25e0055f8b1bfc19fe4612055a8ff2df,"[""65007673257262595676530056363240287641293306267550009290432560084643152028010"", ""97388027101380065799871752579213229783305736941572715830099055292320933629215""]",65007673257262595676530056363240287641293306267550009290432560084643152028010|97388027101380065799871752579213229783305736941572715830099055292320933629215,97388027101380065799871752579213229783305736941572715830099055292320933629215,No,True,0.8,10.0,0.99,78.4,0.895,0.18999999999999995,a02e1da748418fef00186692a24c64746e4305ee,0.01,5,,11.2647,
2026-08-01T11:01:02Z,EPL,435490,epl-2026-team-of-the-season,EPL: 2026 PFA Team of the Year,2026-05-01T16:17:58.439577Z,2127668,will-jurrien-timber-be-named-to-the-2026-pfa-premier-league-team-of-the-year,Will Jurrien Timber be named to the 2026 PFA Premier League Team of the Year?,0x97ca47da99683bddec8036ce29388c2e400e7cecfea8ac4dbef54ac0791cc593,"[""58745854058166153005664210409408254918505117901359386106376082227012206838503"", ""43365583002812118163534009703280808191029196488960918105614424745527498298109""]",58745854058166153005664210409408254918505117901359386106376082227012206838503|43365583002812118163534009703280808191029196488960918105614424745527498298109,58745854058166153005664210409408254918505117901359386106376082227012206838503,Yes,True,0.01,27.41,0.67,100.0,0.34,0.66,a22592e425312f92488884cc486922d451526716,0.01,5,,35.1979,
2026-08-01T11:01:02Z,EPL,435490,epl-2026-team-of-the-season,EPL: 2026 PFA Team of the Year,2026-05-01T16:17:58.439577Z,2127668,will-jurrien-timber-be-named-to-the-2026-pfa-premier-league-team-of-the-year,Will Jurrien Timber be named to the 2026 PFA Premier League Team of the Year?,0x97ca47da99683bddec8036ce29388c2e400e7cecfea8ac4dbef54ac0791cc593,"[""58745854058166153005664210409408254918505117901359386106376082227012206838503"", ""43365583002812118163534009703280808191029196488960918105614424745527498298109""]",58745854058166153005664210409408254918505117901359386106376082227012206838503|43365583002812118163534009703280808191029196488960918105614424745527498298109,43365583002812118163534009703280808191029196488960918105614424745527498298109,No,True,0.33,100.0,0.99,27.41,0.66,0.6599999999999999,4ada3c5d668771f7c6b4f98c0dbfd79f1d46e998,0.01,5,,35.1979,
2026-08-01T11:01:02Z,EPL,435490,epl-2026-team-of-the-season,EPL: 2026 PFA Team of the Year,2026-05-01T16:17:58.439577Z,2127669,will-matheus-nunes-be-named-to-the-2026-pfa-premier-league-team-of-the-year,Will Matheus Nunes be named to the 2026 PFA Premier League Team of the Year?,0x236166693870332c38cc1f290d2de8a00eafa1b78519182663a58811b1011705,"[""71852886829417081758693278389180020836881806315641141653569411011094941385487"", ""27873264127773337044236459909692649813557879461485496445916977915515730222703""]",71852886829417081758693278389180020836881806315641141653569411011094941385487|27873264127773337044236459909692649813557879461485496445916977915515730222703,71852886829417081758693278389180020836881806315641141653569411011094941385487,Yes,True,0.01,78.4,0.2,100.0,0.10500000000000001,0.19,2981ac84da750eafa7b5afb8624add095921ffb1,0.01,5,,218.7179,
2026-08-01T11:01:02Z,EPL,435490,epl-2026-team-of-the-season,EPL: 2026 PFA Team of the Year,2026-05-01T16:17:58.439577Z,2127669,will-matheus-nunes-be-named-to-the-2026-pfa-premier-league-team-of-the-year,Will Matheus Nunes be named to the 2026 PFA Premier League Team of the Year?,0x236166693870332c38cc1f290d2de8a00eafa1b78519182663a58811b1011705,"[""71852886829417081758693278389180020836881806315641141653569411011094941385487"", ""27873264127773337044236459909692649813557879461485496445916977915515730222703""]",71852886829417081758693278389180020836881806315641141653569411011094941385487|27873264127773337044236459909692649813557879461485496445916977915515730222703,27873264127773337044236459909692649813557879461485496445916977915515730222703,No,True,0.8,100.0,0.99,78.4,0.895,0.18999999999999995,5f7aba27698e19bde4620c55dcf8cc99b8eebd80,0.01,5,,218.7179,
2026-08-01T11:01:02Z,EPL,435490,epl-2026-team-of-the-season,EPL: 2026 PFA Team of the Year,2026-05-01T16:17:58.439577Z,2127670,will-gabriel-magalhes-be-named-to-the-2026-pfa-premier-league-team-of-the-year,Will Gabriel Magalhães be named to the 2026 PFA Premier League Team of the Year?,0xd3d8a97f490967ba04bcf06a1f1fa0b8e14ff08f5f0781bccb14c7eb1cf34ca6,"[""112756383879220814577105643520650901454791316512357676513193784191480344438666"", ""7697378624768914483353901406042873706810082834244678754453720343911008090965""]",112756383879220814577105643520650901454791316512357676513193784191480344438666|7697378624768914483353901406042873706810082834244678754453720343911008090965,112756383879220814577105643520650901454791316512357676513193784191480344438666,Yes,True,0.81,8.43,0.99,30.0,0.9,0.17999999999999994,0d285952389785340b4552d75e97e6554dad19da,0.01,5,0.020,609.451,59.36
2026-08-01T11:01:02Z,EPL,435490,epl-2026-team-of-the-season,EPL: 2026 PFA Team of the Year,2026-05-01T16:17:58.439577Z,2127670,will-gabriel-magalhes-be-named-to-the-2026-pfa-premier-league-team-of-the-year,Will Gabriel Magalhães be named to the 2026 PFA Premier League Team of the Year?,0xd3d8a97f490967ba04bcf06a1f1fa0b8e14ff08f5f0781bccb14c7eb1cf34ca6,"[""112756383879220814577105643520650901454791316512357676513193784191480344438666"", ""7697378624768914483353901406042873706810082834244678754453720343911008090965""]",112756383879220814577105643520650901454791316512357676513193784191480344438666|7697378624768914483353901406042873706810082834244678754453720343911008090965,7697378624768914483353901406042873706810082834244678754453720343911008090965,No,True,0.01,30.0,0.19,8.43,0.1,0.18,935aa2fef5b78843c0e1e7759076e80a7ec17771,0.01,5,0.020,609.451,59.36
2026-08-01T11:01:02Z,EPL,435490,epl-2026-team-of-the-season,EPL: 2026 PFA Team of the Year,2026-05-01T16:17:58.439577Z,2127671,will-william-saliba-be-named-to-the-2026-pfa-premier-league-team-of-the-year,Will William Saliba be named to the 2026 PFA Premier League Team of the Year?,0xc344b5f7891b8617e7118aaa24bac3840a587691c1a36daa479a61de0b79bcb6,"[""47207660538745167295586664941849591121956044929877358537501900994850424263330"", ""105234782857798608331719124706582304874620432378282673665444164066431160124095""]",47207660538745167295586664941849591121956044929877358537501900994850424263330|105234782857798608331719124706582304874620432378282673665444164066431160124095,47207660538745167295586664941849591121956044929877358537501900994850424263330,Yes,True,0.48,10.0,0.97,16.83,0.725,0.49,4982631ff901c7686ced92580c61b8edcfb2f762,0.01,5,,168.8678,
2026-08-01T11:01:02Z,EPL,435490,epl-2026-team-of-the-season,EPL: 2026 PFA Team of the Year,2026-05-01T16:17:58.439577Z,2127671,will-william-saliba-be-named-to-the-2026-pfa-premier-league-team-of-the-year,Will William Saliba be named to the 2026 PFA Premier League Team of the Year?,0xc344b5f7891b8617e7118aaa24bac3840a587691c1a36daa479a61de0b79bcb6,"[""47207660538745167295586664941849591121956044929877358537501900994850424263330"", ""105234782857798608331719124706582304874620432378282673665444164066431160124095""]",47207660538745167295586664941849591121956044929877358537501900994850424263330|105234782857798608331719124706582304874620432378282673665444164066431160124095,105234782857798608331719124706582304874620432378282673665444164066431160124095,No,True,0.03,16.83,0.52,10.0,0.275,0.49,c7b241e5067acd4a5e7b542c6091ff683920af2a,0.01,5,,168.8678,
2026-08-01T11:01:02Z,EPL,435490,epl-2026-team-of-the-season,EPL: 2026 PFA Team of the Year,2026-05-01T16:17:58.439577Z,2127672,will-marc-guehi-be-named-to-the-2026-pfa-premier-league-team-of-the-year,Will Marc Guehi be named to the 2026 PFA Premier League Team of the Year?,0x9a7829bcaf4bd65e903739dace6db739a8b68a396fd2c71a3d23d2a2cf2e88c5,"[""18774341203836696417330165615678664168245576790259527905518242337305438497157"", ""17833812615529939189123941305353432679112045501201563425472779980851390683424""]",18774341203836696417330165615678664168245576790259527905518242337305438497157|17833812615529939189123941305353432679112045501201563425472779980851390683424,18774341203836696417330165615678664168245576790259527905518242337305438497157,Yes,True,0.08,24.0,0.42,100.0,0.25,0.33999999999999997,3c6f7605d45417013c60f879e2aee2b4a90b28dc,0.01,5,,96.2476,
2026-08-01T11:01:02Z,EPL,435490,epl-2026-team-of-the-season,EPL: 2026 PFA Team of the Year,2026-05-01T16:17:58.439577Z,2127672,will-marc-guehi-be-named-to-the-2026-pfa-premier-league-team-of-the-year,Will Marc Guehi be named to the 2026 PFA Premier League Team of the Year?,0x9a7829bcaf4bd65e903739dace6db739a8b68a396fd2c71a3d23d2a2cf2e88c5,"[""18774341203836696417330165615678664168245576790259527905518242337305438497157"", ""17833812615529939189123941305353432679112045501201563425472779980851390683424""]",18774341203836696417330165615678664168245576790259527905518242337305438497157|17833812615529939189123941305353432679112045501201563425472779980851390683424,17833812615529939189123941305353432679112045501201563425472779980851390683424,No,True,0.58,100.0,0.92,24.0,0.75,0.3400000000000001,f8169a4160f9231c6ecf719d287f65c49f7e40f3,0.01,5,,96.2476,
2026-08-01T11:01:02Z,EPL,435490,epl-2026-team-of-the-season,EPL: 2026 PFA Team of the Year,2026-05-01T16:17:58.439577Z,2127673,will-virgil-van-dijk-be-named-to-the-2026-pfa-premier-league-team-of-the-year,Will Virgil van Dijk be named to the 2026 PFA Premier League Team of the Year?,0x644231d6b178ebd20f0ab0b061a790f9dee4479ce96ab40686c8ade6f50a0238,"[""31721429411257768645758803262981554412084956132795321375044902571901613004887"", ""113776996666262784023568460080999498147130358875198884777079734831639187945943""]",31721429411257768645758803262981554412084956132795321375044902571901613004887|113776996666262784023568460080999498147130358875198884777079734831639187945943,31721429411257768645758803262981554412084956132795321375044902571901613004887,Yes,True,0.01,78.4,0.19,999.99,0.1,0.18,186853de6335a06785b7648236a0a1fd4500047e,0.01,5,,955.4798,1.694914
2026-08-01T11:01:02Z,EPL,435490,epl-2026-team-of-the-season,EPL: 2026 PFA Team of the Year,2026-05-01T16:17:58.439577Z,2127673,will-virgil-van-dijk-be-named-to-the-2026-pfa-premier-league-team-of-the-year,Will Virgil van Dijk be named to the 2026 PFA Premier League Team of the Year?,0x644231d6b178ebd20f0ab0b061a790f9dee4479ce96ab40686c8ade6f50a0238,"[""31721429411257768645758803262981554412084956132795321375044902571901613004887"", ""113776996666262784023568460080999498147130358875198884777079734831639187945943""]",31721429411257768645758803262981554412084956132795321375044902571901613004887|113776996666262784023568460080999498147130358875198884777079734831639187945943,113776996666262784023568460080999498147130358875198884777079734831639187945943,No,True,0.81,999.99,0.99,78.4,0.9,0.17999999999999994,64fc4444abeb63d92e11f8cc25ebe44c0ede4e45,0.01,5,,955.4798,1.694914
2026-08-01T11:01:02Z,EPL,435490,epl-2026-team-of-the-season,EPL: 2026 PFA Team of the Year,2026-05-01T16:17:58.439577Z,2127674,will-marc-cucurella-be-named-to-the-2026-pfa-premier-league-team-of-the-year,Will Marc Cucurella be named to the 2026 PFA Premier League Team of the Year?,0xe74cf34bab6946206532fd38cbf5a7eb4b346f7d13bffc6ae16eb3a69a4225d0,"[""59830425161161665808750586172447751894718446914006207206558327469584286337472"", ""85414521652635437338276097105191648874111759265882984452544936528659374053637""]",59830425161161665808750586172447751894718446914006207206558327469584286337472|85414521652635437338276097105191648874111759265882984452544936528659374053637,59830425161161665808750586172447751894718446914006207206558327469584286337472,Yes,True,0.07,25.7,0.42,100.0,0.245,0.35,3a7539514f88abba72acbfb326d7ec729d5f4c82,0.01,5,,96.5466,
2026-08-01T11:01:02Z,EPL,435490,epl-2026-team-of-the-season,EPL: 2026 PFA Team of the Year,2026-05-01T16:17:58.439577Z,2127674,will-marc-cucurella-be-named-to-the-2026-pfa-premier-league-team-of-the-year,Will Marc Cucurella be named to the 2026 PFA Premier League Team of the Year?,0xe74cf34bab6946206532fd38cbf5a7eb4b346f7d13bffc6ae16eb3a69a4225d0,"[""59830425161161665808750586172447751894718446914006207206558327469584286337472"", ""85414521652635437338276097105191648874111759265882984452544936528659374053637""]",59830425161161665808750586172447751894718446914006207206558327469584286337472|85414521652635437338276097105191648874111759265882984452544936528659374053637,85414521652635437338276097105191648874111759265882984452544936528659374053637,No,True,0.58,100.0,0.93,25.7,0.755,0.3500000000000001,78511032d01df8f9e26a3e07f0dca0cfae3e407a,0.01,5,,96.5466,
2026-08-01T11:01:02Z,EPL,435490,epl-2026-team-of-the-season,EPL: 2026 PFA Team of the Year,2026-05-01T16:17:58.439577Z,2127675,will-piero-hincapie-be-named-to-the-2026-pfa-premier-league-team-of-the-year,Will Piero Hincapie be named to the 2026 PFA Premier League Team of the Year?,0x1d5d1e655085db69c387488aa7e661d4719bfa9c0bb392dd05652008c40b4a9a,"[""108011205392215304373394466135742493782019922749752404322686744906595861300763"", ""73789363813582664474158671396757087735667554782131752276569900280712319722369""]",108011205392215304373394466135742493782019922749752404322686744906595861300763|73789363813582664474158671396757087735667554782131752276569900280712319722369,108011205392215304373394466135742493782019922749752404322686744906595861300763,Yes,True,0.07,2.0,0.42,10.0,0.245,0.35,e0cd69319592fe658b2375c5cef4a96ec9cccc07,0.01,5,0.070,11.6818,8
2026-08-01T11:01:02Z,EPL,435490,epl-2026-team-of-the-season,EPL: 2026 PFA Team of the Year,2026-05-01T16:17:58.439577Z,2127675,will-piero-hincapie-be-named-to-the-2026-pfa-premier-league-team-of-the-year,Will Piero Hincapie be named to the 2026 PFA Premier League Team of the Year?,0x1d5d1e655085db69c387488aa7e661d4719bfa9c0bb392dd05652008c40b4a9a,"[""108011205392215304373394466135742493782019922749752404322686744906595861300763"", ""73789363813582664474158671396757087735667554782131752276569900280712319722369""]",108011205392215304373394466135742493782019922749752404322686744906595861300763|73789363813582664474158671396757087735667554782131752276569900280712319722369,73789363813582664474158671396757087735667554782131752276569900280712319722369,No,True,0.58,10.0,0.93,2.0,0.755,0.3500000000000001,1fcb42ae3ef00c1e69b7c30b155a221db3b9a79c,0.01,5,0.070,11.6818,8
2026-08-01T11:01:02Z,EPL,435490,epl-2026-team-of-the-season,EPL: 2026 PFA Team of the Year,2026-05-01T16:17:58.439577Z,2127676,will-declan-rice-be-named-to-the-2026-pfa-premier-league-team-of-the-year,Will Declan Rice be named to the 2026 PFA Premier League Team of the Year?,0x898bbb37bb3e8e03480b52c31bc12b12019e84f4d4042d25622f9a9b9f1a21f2,"[""11523245240526311970979368164866348724509187066335918581337691503956313417913"", ""16544219157755328462914309364144553632877138543113142832790826044960896254419""]",11523245240526311970979368164866348724509187066335918581337691503956313417913|16544219157755328462914309364144553632877138543113142832790826044960896254419,11523245240526311970979368164866348724509187066335918581337691503956313417913,Yes,True,0.86,6.69,,,,,916dff479eba7d4147669f70b24cadf895df08b6,0.01,5,,1006.1713,59.044284000000005
2026-08-01T11:01:02Z,EPL,435490,epl-2026-team-of-the-season,EPL: 2026 PFA Team of the Year,2026-05-01T16:17:58.439577Z,2127676,will-declan-rice-be-named-to-the-2026-pfa-premier-league-team-of-the-year,Will Declan Rice be named to the 2026 PFA Premier League Team of the Year?,0x898bbb37bb3e8e03480b52c31bc12b12019e84f4d4042d25622f9a9b9f1a21f2,"[""11523245240526311970979368164866348724509187066335918581337691503956313417913"", ""16544219157755328462914309364144553632877138543113142832790826044960896254419""]",11523245240526311970979368164866348724509187066335918581337691503956313417913|16544219157755328462914309364144553632877138543113142832790826044960896254419,16544219157755328462914309364144553632877138543113142832790826044960896254419,No,True,,,0.14,6.69,,,9910428b0e24217a2d43f23521a53ec881449b06,0.01,5,,1006.1713,59.044284000000005
2026-08-01T11:01:02Z,EPL,435490,epl-2026-team-of-the-season,EPL: 2026 PFA Team of the Year,2026-05-01T16:17:58.439577Z,2127677,will-bruno-fernandes-be-named-to-the-2026-pfa-premier-league-team-of-the-year,Will Bruno Fernandes be named to the 2026 PFA Premier League Team of the Year?,0x679720492bcbff900bde0e29eb7e812c77909bccb3c32b79a3186fc1db03b854,"[""86859495495502891076141743940914617575208033060738396981338088715869715113963"", ""65620697419400192059458180949993387679798824363092322581187835468683093164088""]",86859495495502891076141743940914617575208033060738396981338088715869715113963|65620697419400192059458180949993387679798824363092322581187835468683093164088,86859495495502891076141743940914617575208033060738396981338088715869715113963,Yes,True,0.852,15.64,0.991,19.7,0.9215,0.139,5bdfe962f775d57e37899725e0c367cd5fcfb6e3,0.001,5,,2416.82723,450.10643600000003
2026-08-01T11:01:02Z,EPL,435490,epl-2026-team-of-the-season,EPL: 2026 PFA Team of the Year,2026-05-01T16:17:58.439577Z,2127677,will-bruno-fernandes-be-named-to-the-2026-pfa-premier-league-team-of-the-year,Will Bruno Fernandes be named to the 2026 PFA Premier League Team of the Year?,0x679720492bcbff900bde0e29eb7e812c77909bccb3c32b79a3186fc1db03b854,"[""86859495495502891076141743940914617575208033060738396981338088715869715113963"", ""65620697419400192059458180949993387679798824363092322581187835468683093164088""]",86859495495502891076141743940914617575208033060738396981338088715869715113963|65620697419400192059458180949993387679798824363092322581187835468683093164088,65620697419400192059458180949993387679798824363092322581187835468683093164088,No,True,0.009,19.7,0.148,15.64,0.0785,0.13899999999999998,5b578555dfd7ae161bee2e857a624347342498bb,0.001,5,,2416.82723,450.10643600000003
2026-08-01T11:01:02Z,EPL,435490,epl-2026-team-of-the-season,EPL: 2026 PFA Team of the Year,2026-05-01T16:17:58.439577Z,2127678,will-rodri-be-named-to-the-2026-pfa-premier-league-team-of-the-year,Will Rodri be named to the 2026 PFA Premier League Team of the Year?,0xf9de760ff713bdc5ebdc87ea4a88fb9423ef31bc59d2abb917df50b5b44482c1,"[""92734106880343514385310320083033583888695626897895802880610705682382451590633"", ""56976958810450515743106834354983994802402840862579527495329062688335275234740""]",92734106880343514385310320083033583888695626897895802880610705682382451590633|56976958810450515743106834354983994802402840862579527495329062688335275234740,92734106880343514385310320083033583888695626897895802880610705682382451590633,Yes,True,0.09,15.0,0.38,115.35,0.235,0.29000000000000004,f12447adf43845cf5303a83bda2e2b65332fb15c,0.01,5,0.620,612.5072,263.475788
2026-08-01T11:01:02Z,EPL,435490,epl-2026-team-of-the-season,EPL: 2026 PFA Team of the Year,2026-05-01T16:17:58.439577Z,2127678,will-rodri-be-named-to-the-2026-pfa-premier-league-team-of-the-year,Will Rodri be named to the 2026 PFA Premier League Team of the Year?,0xf9de760ff713bdc5ebdc87ea4a88fb9423ef31bc59d2abb917df50b5b44482c1,"[""92734106880343514385310320083033583888695626897895802880610705682382451590633"", ""56976958810450515743106834354983994802402840862579527495329062688335275234740""]",92734106880343514385310320083033583888695626897895802880610705682382451590633|56976958810450515743106834354983994802402840862579527495329062688335275234740,56976958810450515743106834354983994802402840862579527495329062688335275234740,No,True,0.62,115.35,0.91,15.0,0.765,0.29000000000000004,3fa8e99ec477cc02f50f57c0e47dbab05202159a,0.01,5,0.620,612.5072,263.475788
2026-08-01T11:01:02Z,EPL,435490,epl-2026-team-of-the-season,EPL: 2026 PFA Team of the Year,2026-05-01T16:17:58.439577Z,2127679,will-rayan-cherki-be-named-to-the-2026-pfa-premier-league-team-of-the-year,Will Rayan Cherki be named to the 2026 PFA Premier League Team of the Year?,0xf1bef1d60925998b7577b014ea907965209b9045c197e79e77eb14439d7c431a,"[""44002481860388892740183335966007748831643129921411222940033401480764334836407"", ""47465498507287502475094187263593898643776563896680345103863507875745126656121""]",44002481860388892740183335966007748831643129921411222940033401480764334836407|47465498507287502475094187263593898643776563896680345103863507875745126656121,44002481860388892740183335966007748831643129921411222940033401480764334836407,Yes,True,0.4,100.0,0.79,6.0,0.595,0.39,e70aa1de52805fb031c4246476b12d5224c3b33b,0.01,5,,68.3479,6.77966
2026-08-01T11:01:02Z,EPL,435490,epl-2026-team-of-the-season,EPL: 2026 PFA Team of the Year,2026-05-01T16:17:58.439577Z,2127679,will-rayan-cherki-be-named-to-the-2026-pfa-premier-league-team-of-the-year,Will Rayan Cherki be named to the 2026 PFA Premier League Team of the Year?,0xf1bef1d60925998b7577b014ea907965209b9045c197e79e77eb14439d7c431a,"[""44002481860388892740183335966007748831643129921411222940033401480764334836407"", ""47465498507287502475094187263593898643776563896680345103863507875745126656121""]",44002481860388892740183335966007748831643129921411222940033401480764334836407|47465498507287502475094187263593898643776563896680345103863507875745126656121,47465498507287502475094187263593898643776563896680345103863507875745126656121,No,True,0.21,6.0,0.6,100.0,0.40499999999999997,0.39,5cefe767bd6bdacc5cddf6318fd71911a8084f06,0.01,5,,68.3479,6.77966
2026-08-01T11:01:02Z,EPL,435490,epl-2026-team-of-the-season,EPL: 2026 PFA Team of the Year,2026-05-01T16:17:58.439577Z,2127680,will-dominik-szoboszlai-be-named-to-the-2026-pfa-premier-league-team-of-the-year,Will Dominik Szoboszlai be named to the 2026 PFA Premier League Team of the Year?,0xd5a172faaf27f951f5bc5c2d19f18367ab85e9c963e7357a8433da84e895507e,"[""10904347939559348084889283384973600207001307228767801114856379948987944051302"", ""63514807846207217791796334733580770155958510280638850911506455990693175502240""]",10904347939559348084889283384973600207001307228767801114856379948987944051302|63514807846207217791796334733580770155958510280638850911506455990693175502240,10904347939559348084889283384973600207001307228767801114856379948987944051302,Yes,True,0.02,27.72,0.2,5.0,0.11,0.18000000000000002,b5e69f15054c0f720f540beba5d6d12295aaa0dc,0.01,5,,9.0145,100
2026-08-01T11:01:02Z,EPL,435490,epl-2026-team-of-the-season,EPL: 2026 PFA Team of the Year,2026-05-01T16:17:58.439577Z,2127680,will-dominik-szoboszlai-be-named-to-the-2026-pfa-premier-league-team-of-the-year,Will Dominik Szoboszlai be named to the 2026 PFA Premier League Team of the Year?,0xd5a172faaf27f951f5bc5c2d19f18367ab85e9c963e7357a8433da84e895507e,"[""10904347939559348084889283384973600207001307228767801114856379948987944051302"", ""63514807846207217791796334733580770155958510280638850911506455990693175502240""]",10904347939559348084889283384973600207001307228767801114856379948987944051302|63514807846207217791796334733580770155958510280638850911506455990693175502240,63514807846207217791796334733580770155958510280638850911506455990693175502240,No,True,0.8,5.0,0.98,27.72,0.89,0.17999999999999994,b96510ddc48289d0c1ad5879b3697630420120a1,0.01,5,,9.0145,100
2026-08-01T11:01:02Z,EPL,435490,epl-2026-team-of-the-season,EPL: 2026 PFA Team of the Year,2026-05-01T16:17:58.439577Z,2127681,will-moises-caicedo-be-named-to-the-2026-pfa-premier-league-team-of-the-year,Will Moises Caicedo be named to the 2026 PFA Premier League Team of the Year?,0x6a8a0e28a90c3880e21bb6de9eb98f12d5e81a8d88570a2c5b855ee60b6263ba,"[""13244409081849499988815460722411109697257731580831464114667102436005675343259"", ""41998463599395516608520033462694074004839767261466278584344671813809549672424""]",13244409081849499988815460722411109697257731580831464114667102436005675343259|41998463599395516608520033462694074004839767261466278584344671813809549672424,13244409081849499988815460722411109697257731580831464114667102436005675343259,Yes,True,0.01,78.4,0.31,7.22,0.16,0.3,d081d296af9541234b429708e8e154233d6b1c81,0.01,5,,78.9326,
2026-08-01T11:01:02Z,EPL,435490,epl-2026-team-of-the-season,EPL: 2026 PFA Team of the Year,2026-05-01T16:17:58.439577Z,2127681,will-moises-caicedo-be-named-to-the-2026-pfa-premier-league-team-of-the-year,Will Moises Caicedo be named to the 2026 PFA Premier League Team of the Year?,0x6a8a0e28a90c3880e21bb6de9eb98f12d5e81a8d88570a2c5b855ee60b6263ba,"[""13244409081849499988815460722411109697257731580831464114667102436005675343259"", ""41998463599395516608520033462694074004839767261466278584344671813809549672424""]",13244409081849499988815460722411109697257731580831464114667102436005675343259|41998463599395516608520033462694074004839767261466278584344671813809549672424,41998463599395516608520033462694074004839767261466278584344671813809549672424,No,True,0.69,7.22,0.99,78.4,0.84,0.30000000000000004,74e8a0f77476e1a77a45c1e1435643cb12c5a839,0.01,5,,78.9326,
2026-08-01T11:01:02Z,EPL,435490,epl-2026-team-of-the-season,EPL: 2026 PFA Team of the Year,2026-05-01T16:17:58.439577Z,2127682,will-elliot-anderson-be-named-to-the-2026-pfa-premier-league-team-of-the-year,Will Elliot Anderson be named to the 2026 PFA Premier League Team of the Year?,0x3e7b9aff81e624e4f9ef7677696f2d4fae5837bdf83bd9ed2d62ec7a87aaf7a6,"[""2770428290325312677871192984476250158140993595717599201621714256969118294243"", ""87005572382727825804817777311897399081855387101457739624425019964385877189800""]",2770428290325312677871192984476250158140993595717599201621714256969118294243|87005572382727825804817777311897399081855387101457739624425019964385877189800,2770428290325312677871192984476250158140993595717599201621714256969118294243,Yes,True,0.26,100.0,0.44,100.0,0.35,0.18,cb245614fe62854467c4ce3c0cbb01dd61601eeb,0.01,5,,98.728,
2026-08-01T11:01:02Z,EPL,435490,epl-2026-team-of-the-season,EPL: 2026 PFA Team of the Year,2026-05-01T16:17:58.439577Z,2127682,will-elliot-anderson-be-named-to-the-2026-pfa-premier-league-team-of-the-year,Will Elliot Anderson be named to the 2026 PFA Premier League Team of the Year?,0x3e7b9aff81e624e4f9ef7677696f2d4fae5837bdf83bd9ed2d62ec7a87aaf7a6,"[""2770428290325312677871192984476250158140993595717599201621714256969118294243"", ""87005572382727825804817777311897399081855387101457739624425019964385877189800""]",2770428290325312677871192984476250158140993595717599201621714256969118294243|87005572382727825804817777311897399081855387101457739624425019964385877189800,87005572382727825804817777311897399081855387101457739624425019964385877189800,No,True,0.56,100.0,0.74,100.0,0.65,0.17999999999999994,2b9894513aa5b8039e7038562e7436be24e6195f,0.01,5,,98.728,
2026-08-01T11:01:02Z,EPL,435490,epl-2026-team-of-the-season,EPL: 2026 PFA Team of the Year,2026-05-01T16:17:58.439577Z,2127683,will-erling-haaland-be-named-to-the-2026-pfa-premier-league-team-of-the-year,Will Erling Haaland be named to the 2026 PFA Premier League Team of the Year?,0x0a3ee85120cf7d2febbaba00b787db1bd1fdc7f80f8277d89675736a430e2065,"[""36505760582912364024564187063352953937975349358323597571083864672476590879653"", ""36939641234709193046881505450280116016622287455799963152747536559103079527590""]",36505760582912364024564187063352953937975349358323597571083864672476590879653|36939641234709193046881505450280116016622287455799963152747536559103079527590,36505760582912364024564187063352953937975349358323597571083864672476590879653,Yes,True,0.85,28.5,0.99,7.11,0.9199999999999999,0.14,23b11b65cd32b7fc0b175f8f5a6b5fe4eb53db51,0.01,5,0.010,493.0801,153.99
2026-08-01T11:01:02Z,EPL,435490,epl-2026-team-of-the-season,EPL: 2026 PFA Team of the Year,2026-05-01T16:17:58.439577Z,2127683,will-erling-haaland-be-named-to-the-2026-pfa-premier-league-team-of-the-year,Will Erling Haaland be named to the 2026 PFA Premier League Team of the Year?,0x0a3ee85120cf7d2febbaba00b787db1bd1fdc7f80f8277d89675736a430e2065,"[""36505760582912364024564187063352953937975349358323597571083864672476590879653"", ""36939641234709193046881505450280116016622287455799963152747536559103079527590""]",36505760582912364024564187063352953937975349358323597571083864672476590879653|36939641234709193046881505450280116016622287455799963152747536559103079527590,36939641234709193046881505450280116016622287455799963152747536559103079527590,No,True,0.01,7.11,0.15,28.5,0.08,0.13999999999999999,6e6b090b934e1c0717fdb0807fd5e5d19ea5be24,0.01,5,0.010,493.0801,153.99
2026-08-01T11:01:02Z,EPL,435490,epl-2026-team-of-the-season,EPL: 2026 PFA Team of the Year,2026-05-01T16:17:58.439577Z,2127684,will-hugo-ekitike-be-named-to-the-2026-pfa-premier-league-team-of-the-year,Will Hugo Ekitike be named to the 2026 PFA Premier League Team of the Year?,0x3ac387fc809af29edadb0c1881ecd88319f8b4ebb5b0a89a77a84e85f4a2099c,"[""21160761171799050394335213154237360537464294007297740615880003417666696561468"", ""57509889980199562878580001207297131252053963359675973392844979135378456666743""]",21160761171799050394335213154237360537464294007297740615880003417666696561468|57509889980199562878580001207297131252053963359675973392844979135378456666743,21160761171799050394335213154237360537464294007297740615880003417666696561468,Yes,True,0.01,78.4,0.18,10.0,0.095,0.16999999999999998,c24cddb64ade10bc27593c585056830107fe0114,0.01,5,,15.922,
2026-08-01T11:01:02Z,EPL,435490,epl-2026-team-of-the-season,EPL: 2026 PFA Team of the Year,2026-05-01T16:17:58.439577Z,2127684,will-hugo-ekitike-be-named-to-the-2026-pfa-premier-league-team-of-the-year,Will Hugo Ekitike be named to the 2026 PFA Premier League Team of the Year?,0x3ac387fc809af29edadb0c1881ecd88319f8b4ebb5b0a89a77a84e85f4a2099c,"[""21160761171799050394335213154237360537464294007297740615880003417666696561468"", ""57509889980199562878580001207297131252053963359675973392844979135378456666743""]",21160761171799050394335213154237360537464294007297740615880003417666696561468|57509889980199562878580001207297131252053963359675973392844979135378456666743,57509889980199562878580001207297131252053963359675973392844979135378456666743,No,True,0.82,10.0,0.99,78.4,0.905,0.17000000000000004,8f23ecde700acd34368105e7b95c3f8267b31394,0.01,5,,15.922,
2026-08-01T11:01:02Z,EPL,435490,epl-2026-team-of-the-season,EPL: 2026 PFA Team of the Year,2026-05-01T16:17:58.439577Z,2127685,will-igor-thiago-be-named-to-the-2026-pfa-premier-league-team-of-the-year,Will Igor Thiago be named to the 2026 PFA Premier League Team of the Year?,0x2565964258328ceff81b8dd027a9b4bfae11353bbfbb3e27625da025fffc2d97,"[""45116472354972988677943929968423217543948497597214084731838340702588569592863"", ""57509607526871690199395719807389480255858394821926865896302284337840164838738""]",45116472354972988677943929968423217543948497597214084731838340702588569592863|57509607526871690199395719807389480255858394821926865896302284337840164838738,45116472354972988677943929968423217543948497597214084731838340702588569592863,Yes,True,0.25,190.0,0.48,100.0,0.365,0.22999999999999998,c4fb2f01cbf302b38846e910cc8ea7cb47b679fd,0.01,5,,103.5776,
2026-08-01T11:01:02Z,EPL,435490,epl-2026-team-of-the-season,EPL: 2026 PFA Team of the Year,2026-05-01T16:17:58.439577Z,2127685,will-igor-thiago-be-named-to-the-2026-pfa-premier-league-team-of-the-year,Will Igor Thiago be named to the 2026 PFA Premier League Team of the Year?,0x2565964258328ceff81b8dd027a9b4bfae11353bbfbb3e27625da025fffc2d97,"[""45116472354972988677943929968423217543948497597214084731838340702588569592863"", ""57509607526871690199395719807389480255858394821926865896302284337840164838738""]",45116472354972988677943929968423217543948497597214084731838340702588569592863|57509607526871690199395719807389480255858394821926865896302284337840164838738,57509607526871690199395719807389480255858394821926865896302284337840164838738,No,True,0.52,100.0,0.75,190.0,0.635,0.22999999999999998,a6e004564db2424a0ea2d81add32ef8b45fcba7d,0.01,5,,103.5776,
2026-08-01T11:01:02Z,EPL,435490,epl-2026-team-of-the-season,EPL: 2026 PFA Team of the Year,2026-05-01T16:17:58.439577Z,2127686,will-joo-pedro-be-named-to-the-2026-pfa-premier-league-team-of-the-year,Will João Pedro be named to the 2026 PFA Premier League Team of the Year?,0x6fce5bfb34549a3a2c919a87ed5948038ae259334b99c7626269b54b5aec2e0e,"[""32710637391248437289327028678783582535502723443825413307615920275857755767269"", ""76494283295406840675256483217001111989666469664619203128145658200939942333539""]",32710637391248437289327028678783582535502723443825413307615920275857755767269|76494283295406840675256483217001111989666469664619203128145658200939942333539,32710637391248437289327028678783582535502723443825413307615920275857755767269,Yes,True,0.01,78.4,0.18,69.39,0.095,0.16999999999999998,3253a20280474fb9392d8d8b6c85824d83b44cea,0.01,5,,59.4678,57.777776
2026-08-01T11:01:02Z,EPL,435490,epl-2026-team-of-the-season,EPL: 2026 PFA Team of the Year,2026-05-01T16:17:58.439577Z,2127686,will-joo-pedro-be-named-to-the-2026-pfa-premier-league-team-of-the-year,Will João Pedro be named to the 2026 PFA Premier League Team of the Year?,0x6fce5bfb34549a3a2c919a87ed5948038ae259334b99c7626269b54b5aec2e0e,"[""32710637391248437289327028678783582535502723443825413307615920275857755767269"", ""76494283295406840675256483217001111989666469664619203128145658200939942333539""]",32710637391248437289327028678783582535502723443825413307615920275857755767269|76494283295406840675256483217001111989666469664619203128145658200939942333539,76494283295406840675256483217001111989666469664619203128145658200939942333539,No,True,0.82,69.39,0.99,78.4,0.905,0.17000000000000004,c3383bed2cb722f3c7eaedba9c1b1da48c86393b,0.01,5,,59.4678,57.777776
2026-08-01T11:01:02Z,EPL,435490,epl-2026-team-of-the-season,EPL: 2026 PFA Team of the Year,2026-05-01T16:17:58.439577Z,2127687,will-morgan-rogers-be-named-to-the-2026-pfa-premier-league-team-of-the-year,Will Morgan Rogers be named to the 2026 PFA Premier League Team of the Year?,0x96b8591e61ab8153068ed93e54c013f0e6b89cea2aa4e133fdfd9dafcded9277,"[""35606525977135678474506342380680226214353069361032301286284296655225714906882"", ""21333608757853284524355908501060578820412665842300321107531640970971045399525""]",35606525977135678474506342380680226214353069361032301286284296655225714906882|21333608757853284524355908501060578820412665842300321107531640970971045399525,35606525977135678474506342380680226214353069361032301286284296655225714906882,Yes,True,0.01,78.4,0.72,10.0,0.365,0.71,4c92d1554697c38741373982cd4d856695ce5400,0.01,5,,7.5179,
2026-08-01T11:01:02Z,EPL,435490,epl-2026-team-of-the-season,EPL: 2026 PFA Team of the Year,2026-05-01T16:17:58.439577Z,2127687,will-morgan-rogers-be-named-to-the-2026-pfa-premier-league-team-of-the-year,Will Morgan Rogers be named to the 2026 PFA Premier League Team of the Year?,0x96b8591e61ab8153068ed93e54c013f0e6b89cea2aa4e133fdfd9dafcded9277,"[""35606525977135678474506342380680226214353069361032301286284296655225714906882"", ""21333608757853284524355908501060578820412665842300321107531640970971045399525""]",35606525977135678474506342380680226214353069361032301286284296655225714906882|21333608757853284524355908501060578820412665842300321107531640970971045399525,21333608757853284524355908501060578820412665842300321107531640970971045399525,No,True,0.28,10.0,0.99,78.4,0.635,0.71,4a708221d50d20e0b5994c00be98bb8b92df0ab2,0.01,5,,7.5179,
2026-08-01T11:01:02Z,EPL,435490,epl-2026-team-of-the-season,EPL: 2026 PFA Team of the Year,2026-05-01T16:17:58.439577Z,2127688,will-antoine-semenyo-be-named-to-the-2026-pfa-premier-league-team-of-the-year,Will Antoine Semenyo be named to the 2026 PFA Premier League Team of the Year?,0x1220c8ad3de1b3e3a079e832ec53f3cd4c3f014685820c7364e6feeec413e4d8,"[""76296603541032491222249921378613877627058194760954506807014743183408941333618"", ""21304560232739094042644316740439641499393814233414419162298081903469670924441""]",76296603541032491222249921378613877627058194760954506807014743183408941333618|21304560232739094042644316740439641499393814233414419162298081903469670924441,76296603541032491222249921378613877627058194760954506807014743183408941333618,Yes,True,0.18,9.26,0.97,20.13,0.575,0.79,89b2f2d28635dca908fa0c32f81d8913059f7a77,0.01,5,0.400,192.4329,109.94165000000001
2026-08-01T11:01:02Z,EPL,435490,epl-2026-team-of-the-season,EPL: 2026 PFA Team of the Year,2026-05-01T16:17:58.439577Z,2127688,will-antoine-semenyo-be-named-to-the-2026-pfa-premier-league-team-of-the-year,Will Antoine Semenyo be named to the 2026 PFA Premier League Team of the Year?,0x1220c8ad3de1b3e3a079e832ec53f3cd4c3f014685820c7364e6feeec413e4d8,"[""76296603541032491222249921378613877627058194760954506807014743183408941333618"", ""21304560232739094042644316740439641499393814233414419162298081903469670924441""]",76296603541032491222249921378613877627058194760954506807014743183408941333618|21304560232739094042644316740439641499393814233414419162298081903469670924441,21304560232739094042644316740439641499393814233414419162298081903469670924441,No,True,0.03,20.13,0.82,9.26,0.425,0.7899999999999999,deb3d6362f7d90e2d5ed68783e6219b582389522,0.01,5,0.400,192.4329,109.94165000000001
2026-08-01T11:01:02Z,EPL,435490,epl-2026-team-of-the-season,EPL: 2026 PFA Team of the Year,2026-05-01T16:17:58.439577Z,2127689,will-jeremy-doku-be-named-to-the-2026-pfa-premier-league-team-of-the-year,Will Jeremy Doku be named to the 2026 PFA Premier League Team of the Year?,0xa879be670c7ecf3087a8bf9fc8cf43b4e415502e71e7910dd63ac8f80a56d87b,"[""3879696626646145930128886354978365884788235204398514844964568164322230593973"", ""79551627668553765432569263846776420950508270405186694496807348421004929288226""]",3879696626646145930128886354978365884788235204398514844964568164322230593973|79551627668553765432569263846776420950508270405186694496807348421004929288226,3879696626646145930128886354978365884788235204398514844964568164322230593973,Yes,True,0.01,14.32,0.27,1000.0,0.14,0.26,73a112f3c165f69815d62db41789662d8a8dbd59,0.01,5,,803.827,
2026-08-01T11:01:02Z,EPL,435490,epl-2026-team-of-the-season,EPL: 2026 PFA Team of the Year,2026-05-01T16:17:58.439577Z,2127689,will-jeremy-doku-be-named-to-the-2026-pfa-premier-league-team-of-the-year,Will Jeremy Doku be named to the 2026 PFA Premier League Team of the Year?,0xa879be670c7ecf3087a8bf9fc8cf43b4e415502e71e7910dd63ac8f80a56d87b,"[""3879696626646145930128886354978365884788235204398514844964568164322230593973"", ""79551627668553765432569263846776420950508270405186694496807348421004929288226""]",3879696626646145930128886354978365884788235204398514844964568164322230593973|79551627668553765432569263846776420950508270405186694496807348421004929288226,79551627668553765432569263846776420950508270405186694496807348421004929288226,No,True,0.73,1000.0,0.99,14.32,0.86,0.26,eee06e8462343c08398e119360ab8c18af2b3bc7,0.01,5,,803.827,
2026-08-01T11:01:02Z,EPL,435490,epl-2026-team-of-the-season,EPL: 2026 PFA Team of the Year,2026-05-01T16:17:58.439577Z,2127690,will-bryan-mbeumo-be-named-to-the-2026-pfa-premier-league-team-of-the-year,Will Bryan Mbeumo be named to the 2026 PFA Premier League Team of the Year?,0xbc5c1fe3e7dd57070ca528cd85b158334b7aa9ee0c87b22c861586f82f115f53,"[""91785058119765698978951103847186849259631214663163177270696303972172010570357"", ""57423228513700841810717133678013622282899538997222385821885417665448518434118""]",91785058119765698978951103847186849259631214663163177270696303972172010570357|57423228513700841810717133678013622282899538997222385821885417665448518434118,91785058119765698978951103847186849259631214663163177270696303972172010570357,Yes,True,0.05,20.0,0.36,6.6,0.205,0.31,3731c6149222741374539ce0d8dac07beb7138f2,0.01,5,,72.7518,
2026-08-01T11:01:02Z,EPL,435490,epl-2026-team-of-the-season,EPL: 2026 PFA Team of the Year,2026-05-01T16:17:58.439577Z,2127690,will-bryan-mbeumo-be-named-to-the-2026-pfa-premier-league-team-of-the-year,Will Bryan Mbeumo be named to the 2026 PFA Premier League Team of the Year?,0xbc5c1fe3e7dd57070ca528cd85b158334b7aa9ee0c87b22c861586f82f115f53,"[""91785058119765698978951103847186849259631214663163177270696303972172010570357"", ""57423228513700841810717133678013622282899538997222385821885417665448518434118""]",91785058119765698978951103847186849259631214663163177270696303972172010570357|57423228513700841810717133678013622282899538997222385821885417665448518434118,57423228513700841810717133678013622282899538997222385821885417665448518434118,No,True,0.64,6.6,0.95,20.0,0.7949999999999999,0.30999999999999994,094ac3a0066f3ed02c286b6e6a030112b63358f5,0.01,5,,72.7518,
2026-08-01T11:01:02Z,EPL,435490,epl-2026-team-of-the-season,EPL: 2026 PFA Team of the Year,2026-05-01T16:17:58.439577Z,2127691,will-jarrod-bowen-be-named-to-the-2026-pfa-premier-league-team-of-the-year,Will Jarrod Bowen be named to the 2026 PFA Premier League Team of the Year?,0x7352d3b05ddd64c22487c855e05c0485348e49d0dad74d9bde2c0478db43701e,"[""72676667720459668200165137999841534576126998576490942457742996617745849748718"", ""93972487936526721423770075279455909737407561133246099106446256232697159064557""]",72676667720459668200165137999841534576126998576490942457742996617745849748718|93972487936526721423770075279455909737407561133246099106446256232697159064557,72676667720459668200165137999841534576126998576490942457742996617745849748718,Yes,True,0.01,78.4,0.1,117.68,0.055,0.09000000000000001,dd1e0b3f142e4fbec580b16f47ba3b7b72076ab3,0.01,5,,108.8996,
2026-08-01T11:01:02Z,EPL,435490,epl-2026-team-of-the-season,EPL: 2026 PFA Team of the Year,2026-05-01T16:17:58.439577Z,2127691,will-jarrod-bowen-be-named-to-the-2026-pfa-premier-league-team-of-the-year,Will Jarrod Bowen be named to the 2026 PFA Premier League Team of the Year?,0x7352d3b05ddd64c22487c855e05c0485348e49d0dad74d9bde2c0478db43701e,"[""72676667720459668200165137999841534576126998576490942457742996617745849748718"", ""93972487936526721423770075279455909737407561133246099106446256232697159064557""]",72676667720459668200165137999841534576126998576490942457742996617745849748718|93972487936526721423770075279455909737407561133246099106446256232697159064557,93972487936526721423770075279455909737407561133246099106446256232697159064557,No,True,0.9,117.68,0.99,78.4,0.9450000000000001,0.08999999999999997,4e06bf103bb60c5b0f924499bdeb09f86c5d6015,0.01,5,,108.8996,
2026-08-01T11:01:02Z,EPL,435490,epl-2026-team-of-the-season,EPL: 2026 PFA Team of the Year,2026-05-01T16:17:58.439577Z,2127692,will-phil-foden-be-named-to-the-2026-pfa-premier-league-team-of-the-year,Will Phil Foden be named to the 2026 PFA Premier League Team of the Year?,0x0f4085f5c4961b9029c600d4f976d0594a302e9f365552b48f500b655f2ac4fa,"[""8033894410953638407847681522327346336043237396295679948351222439635117761656"", ""89182645560093896409280692775338915223534298743660692930735700909064064285484""]",8033894410953638407847681522327346336043237396295679948351222439635117761656|89182645560093896409280692775338915223534298743660692930735700909064064285484,8033894410953638407847681522327346336043237396295679948351222439635117761656,Yes,True,0.01,78.4,0.19,10.0,0.1,0.18,77afb3f1ba4acaa25836cd492a503dedb99beff4,0.01,5,,151.1974,
2026-08-01T11:01:02Z,EPL,435490,epl-2026-team-of-the-season,EPL: 2026 PFA Team of the Year,2026-05-01T16:17:58.439577Z,2127692,will-phil-foden-be-named-to-the-2026-pfa-premier-league-team-of-the-year,Will Phil Foden be named to the 2026 PFA Premier League Team of the Year?,0x0f4085f5c4961b9029c600d4f976d0594a302e9f365552b48f500b655f2ac4fa,"[""8033894410953638407847681522327346336043237396295679948351222439635117761656"", ""89182645560093896409280692775338915223534298743660692930735700909064064285484""]",8033894410953638407847681522327346336043237396295679948351222439635117761656|89182645560093896409280692775338915223534298743660692930735700909064064285484,89182645560093896409280692775338915223534298743660692930735700909064064285484,No,True,0.81,10.0,0.99,78.4,0.9,0.17999999999999994,890716145e3c1f8b7db82f4820a9e9075a453e6b,0.01,5,,151.1974,
2026-08-01T11:01:02Z,EPL,435490,epl-2026-team-of-the-season,EPL: 2026 PFA Team of the Year,2026-05-01T16:17:58.439577Z,2127693,will-bukayo-saka-be-named-to-the-2026-pfa-premier-league-team-of-the-year,Will Bukayo Saka be named to the 2026 PFA Premier League Team of the Year?,0xb31d5274c8acbc2b023593c03fe1cb6367f42a9596ebb5d61b3204457b980730,"[""3899512605908669133631802955015968710467998848723391934123440957914049621850"", ""50079801685037680014087676599806731271595381000363699907442053815397821742247""]",3899512605908669133631802955015968710467998848723391934123440957914049621850|50079801685037680014087676599806731271595381000363699907442053815397821742247,3899512605908669133631802955015968710467998848723391934123440957914049621850,Yes,True,0.16,5.0,0.75,5.0,0.455,0.59,f36bb9c5fa0738dac106d8168f9d23b0f9065b58,0.01,5,0.370,44.7179,124.88335400000001
2026-08-01T11:01:02Z,EPL,435490,epl-2026-team-of-the-season,EPL: 2026 PFA Team of the Year,2026-05-01T16:17:58.439577Z,2127693,will-bukayo-saka-be-named-to-the-2026-pfa-premier-league-team-of-the-year,Will Bukayo Saka be named to the 2026 PFA Premier League Team of the Year?,0xb31d5274c8acbc2b023593c03fe1cb6367f42a9596ebb5d61b3204457b980730,"[""3899512605908669133631802955015968710467998848723391934123440957914049621850"", ""50079801685037680014087676599806731271595381000363699907442053815397821742247""]",3899512605908669133631802955015968710467998848723391934123440957914049621850|50079801685037680014087676599806731271595381000363699907442053815397821742247,50079801685037680014087676599806731271595381000363699907442053815397821742247,No,True,0.25,5.0,0.84,5.0,0.5449999999999999,0.59,8075fc76444e0caf8d7e08a7efe5e63ed131e828,0.01,5,0.370,44.7179,124.88335400000001
2026-08-01T11:01:02Z,EPL,741502,epl-will-jeff-bezos-be-announced-as-new-liverpool-owner-in-2026-20260722181029339,EPL: Will Jeff Bezos Be Announced as New Liverpool Owner in 2026?,2026-07-24T02:09:07.515064Z,3075557,epl-will-jeff-bezos-be-announced-as-new-liverpool-owner-in-2026-20260722181029339,EPL: Will Jeff Bezos Be Announced as New Liverpool Owner in 2026?,0xf80b06a0af0b0d125260dd874181f7719b744202726b1261630c1e6f47d194b2,"[""111441089755454304558071463386774833085904282688880366696455604871865425149250"", ""96618024647558019955854864607964662434776153113184066607977558350988819171463""]",111441089755454304558071463386774833085904282688880366696455604871865425149250|96618024647558019955854864607964662434776153113184066607977558350988819171463,111441089755454304558071463386774833085904282688880366696455604871865425149250,Yes,True,0.05,25.0,0.38,40.0,0.215,0.33,6ee53e4fb57b497364e4bce8c6905a371be01e24,0.01,5,0.840,76.925,2530.877093
2026-08-01T11:01:02Z,EPL,741502,epl-will-jeff-bezos-be-announced-as-new-liverpool-owner-in-2026-20260722181029339,EPL: Will Jeff Bezos Be Announced as New Liverpool Owner in 2026?,2026-07-24T02:09:07.515064Z,3075557,epl-will-jeff-bezos-be-announced-as-new-liverpool-owner-in-2026-20260722181029339,EPL: Will Jeff Bezos Be Announced as New Liverpool Owner in 2026?,0xf80b06a0af0b0d125260dd874181f7719b744202726b1261630c1e6f47d194b2,"[""111441089755454304558071463386774833085904282688880366696455604871865425149250"", ""96618024647558019955854864607964662434776153113184066607977558350988819171463""]",111441089755454304558071463386774833085904282688880366696455604871865425149250|96618024647558019955854864607964662434776153113184066607977558350988819171463,96618024647558019955854864607964662434776153113184066607977558350988819171463,No,True,0.62,40.0,0.95,25.0,0.7849999999999999,0.32999999999999996,30a7577228e6fd70696878faaedb6470739b422d,0.01,5,0.840,76.925,2530.877093
2026-08-01T12:02:09Z,EPL,333084,epl-team-to-qualify-for-uefa-conference-league,EPL: Team to qualify for UEFA Conference League,2026-04-01T17:27:13.650134Z,1818367,will-arsenal-qualify-for-the-league-phase-of-the-2026-27-uefa-conference-league,Will Arsenal qualify for the League Phase of the 2026-27 UEFA Conference League?,0xe303639e6e879ac5dac9632362583523a2c1ff1ac46645f45fd5c1e7034b3ef7,"[""68901380712839851395966644282518000143877097473327410904576810621084636054002"", ""14101352633367703776049560107649243928150035657062243340231594815518398887879""]",68901380712839851395966644282518000143877097473327410904576810621084636054002|14101352633367703776049560107649243928150035657062243340231594815518398887879,68901380712839851395966644282518000143877097473327410904576810621084636054002,Yes,False,,,,,,,,,,,,467.35890000000006
2026-08-01T12:02:09Z,EPL,333084,epl-team-to-qualify-for-uefa-conference-league,EPL: Team to qualify for UEFA Conference League,2026-04-01T17:27:13.650134Z,1818367,will-arsenal-qualify-for-the-league-phase-of-the-2026-27-uefa-conference-league,Will Arsenal qualify for the League Phase of the 2026-27 UEFA Conference League?,0xe303639e6e879ac5dac9632362583523a2c1ff1ac46645f45fd5c1e7034b3ef7,"[""68901380712839851395966644282518000143877097473327410904576810621084636054002"", ""14101352633367703776049560107649243928150035657062243340231594815518398887879""]",68901380712839851395966644282518000143877097473327410904576810621084636054002|14101352633367703776049560107649243928150035657062243340231594815518398887879,14101352633367703776049560107649243928150035657062243340231594815518398887879,No,False,,,,,,,,,,,,467.35890000000006
2026-08-01T12:02:09Z,EPL,333084,epl-team-to-qualify-for-uefa-conference-league,EPL: Team to qualify for UEFA Conference League,2026-04-01T17:27:13.650134Z,1818368,will-aston-villa-qualify-for-the-league-phase-of-the-2026-27-uefa-conference-league,Will Aston Villa qualify for the League Phase of the 2026-27 UEFA Conference League?,0x28177c964d8b9d218ddc13dac289b4d63545aec7329fb69b12413e1a10a75457,"[""31823132354185101528875214330987706903655516243832510690074648671327601851551"", ""24610182176230826024523430019874907375950075107195029433984156474474467506756""]",31823132354185101528875214330987706903655516243832510690074648671327601851551|24610182176230826024523430019874907375950075107195029433984156474474467506756,31823132354185101528875214330987706903655516243832510690074648671327601851551,Yes,False,,,,,,,,,,,,118.34
2026-08-01T12:02:09Z,EPL,333084,epl-team-to-qualify-for-uefa-conference-league,EPL: Team to qualify for UEFA Conference League,2026-04-01T17:27:13.650134Z,1818368,will-aston-villa-qualify-for-the-league-phase-of-the-2026-27-uefa-conference-league,Will Aston Villa qualify for the League Phase of the 2026-27 UEFA Conference League?,0x28177c964d8b9d218ddc13dac289b4d63545aec7329fb69b12413e1a10a75457,"[""31823132354185101528875214330987706903655516243832510690074648671327601851551"", ""24610182176230826024523430019874907375950075107195029433984156474474467506756""]",31823132354185101528875214330987706903655516243832510690074648671327601851551|24610182176230826024523430019874907375950075107195029433984156474474467506756,24610182176230826024523430019874907375950075107195029433984156474474467506756,No,False,,,,,,,,,,,,118.34
2026-08-01T12:02:09Z,EPL,333084,epl-team-to-qualify-for-uefa-conference-league,EPL: Team to qualify for UEFA Conference League,2026-04-01T17:27:13.650134Z,1818369,will-bournemouth-qualify-for-the-league-phase-of-the-2026-27-uefa-conference-league,Will Bournemouth qualify for the League Phase of the 2026-27 UEFA Conference League?,0x767a11689ea743287c46af43309a57c52055b201a44546f1151ebe770848a4c2,"[""51037068800800327301977700578792391802166844203670527997794112211084782282749"", ""49880512765242008305101129568216821495775216606287544487246019230820484318812""]",51037068800800327301977700578792391802166844203670527997794112211084782282749|49880512765242008305101129568216821495775216606287544487246019230820484318812,51037068800800327301977700578792391802166844203670527997794112211084782282749,Yes,False,,,,,,,,,,,,104.230768
2026-08-01T12:02:09Z,EPL,333084,epl-team-to-qualify-for-uefa-conference-league,EPL: Team to qualify for UEFA Conference League,2026-04-01T17:27:13.650134Z,1818369,will-bournemouth-qualify-for-the-league-phase-of-the-2026-27-uefa-conference-league,Will Bournemouth qualify for the League Phase of the 2026-27 UEFA Conference League?,0x767a11689ea743287c46af43309a57c52055b201a44546f1151ebe770848a4c2,"[""51037068800800327301977700578792391802166844203670527997794112211084782282749"", ""49880512765242008305101129568216821495775216606287544487246019230820484318812""]",51037068800800327301977700578792391802166844203670527997794112211084782282749|49880512765242008305101129568216821495775216606287544487246019230820484318812,49880512765242008305101129568216821495775216606287544487246019230820484318812,No,False,,,,,,,,,,,,104.230768
2026-08-01T12:02:09Z,EPL,333084,epl-team-to-qualify-for-uefa-conference-league,EPL: Team to qualify for UEFA Conference League,2026-04-01T17:27:13.650134Z,1818370,will-brentford-qualify-for-the-league-phase-of-the-2026-27-uefa-conference-league,Will Brentford qualify for the League Phase of the 2026-27 UEFA Conference League?,0x0389abffb5ab63bd6aa4c5a51d9d3aa9448f20cd4ce3aa635fefd2f2349c3a31,"[""28387783984422789854592851598345905688234938653031916751801472369971729754741"", ""114832188258694701659066568174555689813627221405189198849646410747085620840644""]",28387783984422789854592851598345905688234938653031916751801472369971729754741|114832188258694701659066568174555689813627221405189198849646410747085620840644,28387783984422789854592851598345905688234938653031916751801472369971729754741,Yes,False,,,,,,,,,,,,65
2026-08-01T12:02:09Z,EPL,333084,epl-team-to-qualify-for-uefa-conference-league,EPL: Team to qualify for UEFA Conference League,2026-04-01T17:27:13.650134Z,1818370,will-brentford-qualify-for-the-league-phase-of-the-2026-27-uefa-conference-league,Will Brentford qualify for the League Phase of the 2026-27 UEFA Conference League?,0x0389abffb5ab63bd6aa4c5a51d9d3aa9448f20cd4ce3aa635fefd2f2349c3a31,"[""28387783984422789854592851598345905688234938653031916751801472369971729754741"", ""114832188258694701659066568174555689813627221405189198849646410747085620840644""]",28387783984422789854592851598345905688234938653031916751801472369971729754741|114832188258694701659066568174555689813627221405189198849646410747085620840644,114832188258694701659066568174555689813627221405189198849646410747085620840644,No,False,,,,,,,,,,,,65
2026-08-01T12:02:09Z,EPL,333084,epl-team-to-qualify-for-uefa-conference-league,EPL: Team to qualify for UEFA Conference League,2026-04-01T17:27:13.650134Z,1818371,will-brighton-hove-albion-qualify-for-the-league-phase-of-the-2026-27-uefa-conference-league,Will Brighton & Hove Albion qualify for the League Phase of the 2026-27 UEFA Conference League?,0x4e11ad07550e879b771bb74aa2ac543182c0b555f4fd86aaa8c9818d64b91f25,"[""91139930726622392742704198140499166850579482457098783277042371092513674941494"", ""75555949500072945185762043512718261040129266196955015758692797567174442576587""]",91139930726622392742704198140499166850579482457098783277042371092513674941494|75555949500072945185762043512718261040129266196955015758692797567174442576587,91139930726622392742704198140499166850579482457098783277042371092513674941494,Yes,True,0.404,40.0,0.941,70.0,0.6725,0.5369999999999999,749873e7f314de823a18dabc2d148b1a7f91af85,0.001,5,0.900,183.63594,1233.9694859999997
2026-08-01T12:02:09Z,EPL,333084,epl-team-to-qualify-for-uefa-conference-league,EPL: Team to qualify for UEFA Conference League,2026-04-01T17:27:13.650134Z,1818371,will-brighton-hove-albion-qualify-for-the-league-phase-of-the-2026-27-uefa-conference-league,Will Brighton & Hove Albion qualify for the League Phase of the 2026-27 UEFA Conference League?,0x4e11ad07550e879b771bb74aa2ac543182c0b555f4fd86aaa8c9818d64b91f25,"[""91139930726622392742704198140499166850579482457098783277042371092513674941494"", ""75555949500072945185762043512718261040129266196955015758692797567174442576587""]",91139930726622392742704198140499166850579482457098783277042371092513674941494|75555949500072945185762043512718261040129266196955015758692797567174442576587,75555949500072945185762043512718261040129266196955015758692797567174442576587,No,True,0.059,70.0,0.596,40.0,0.3275,0.5369999999999999,fc2abbc7ad704a6628e63bd8f6e6fa97719204fe,0.001,5,0.900,183.63594,1233.9694859999997
2026-08-01T12:02:09Z,EPL,333084,epl-team-to-qualify-for-uefa-conference-league,EPL: Team to qualify for UEFA Conference League,2026-04-01T17:27:13.650134Z,1818372,will-chelsea-qualify-for-the-league-phase-of-the-2026-27-uefa-conference-league,Will Chelsea qualify for the League Phase of the 2026-27 UEFA Conference League?,0xa0a419e4b455bbeb1ac06050bf572bbf636c70dc688f201eda6beb257e0ecccf,"[""24304404136401853611354679156736471836167449603878002382670170418575244748347"", ""34932573794344542041315686660932662303391519134203250572504686994553601884919""]",24304404136401853611354679156736471836167449603878002382670170418575244748347|34932573794344542041315686660932662303391519134203250572504686994553601884919,24304404136401853611354679156736471836167449603878002382670170418575244748347,Yes,False,,,,,,,,,,,,193.140308
2026-08-01T12:02:09Z,EPL,333084,epl-team-to-qualify-for-uefa-conference-league,EPL: Team to qualify for UEFA Conference League,2026-04-01T17:27:13.650134Z,1818372,will-chelsea-qualify-for-the-league-phase-of-the-2026-27-uefa-conference-league,Will Chelsea qualify for the League Phase of the 2026-27 UEFA Conference League?,0xa0a419e4b455bbeb1ac06050bf572bbf636c70dc688f201eda6beb257e0ecccf,"[""24304404136401853611354679156736471836167449603878002382670170418575244748347"", ""34932573794344542041315686660932662303391519134203250572504686994553601884919""]",24304404136401853611354679156736471836167449603878002382670170418575244748347|34932573794344542041315686660932662303391519134203250572504686994553601884919,34932573794344542041315686660932662303391519134203250572504686994553601884919,No,False,,,,,,,,,,,,193.140308
2026-08-01T12:02:09Z,EPL,333084,epl-team-to-qualify-for-uefa-conference-league,EPL: Team to qualify for UEFA Conference League,2026-04-01T17:27:13.650134Z,1818373,will-crystal-palace-qualify-for-the-league-phase-of-the-2026-27-uefa-conference-league,Will Crystal Palace qualify for the League Phase of the 2026-27 UEFA Conference League?,0x7fcff1b74a273c0e48b01dafa03fd994fc6d6a80faf2f401808a1f7c906231e2,"[""83595360800340582836220415327748792858014632655765677024450652227649872829217"", ""8722778550304158158775908112102831721712668882628498669387415627760731221547""]",83595360800340582836220415327748792858014632655765677024450652227649872829217|8722778550304158158775908112102831721712668882628498669387415627760731221547,83595360800340582836220415327748792858014632655765677024450652227649872829217,Yes,False,,,,,,,,,,,,55.10415
2026-08-01T12:02:09Z,EPL,333084,epl-team-to-qualify-for-uefa-conference-league,EPL: Team to qualify for UEFA Conference League,2026-04-01T17:27:13.650134Z,1818373,will-crystal-palace-qualify-for-the-league-phase-of-the-2026-27-uefa-conference-league,Will Crystal Palace qualify for the League Phase of the 2026-27 UEFA Conference League?,0x7fcff1b74a273c0e48b01dafa03fd994fc6d6a80faf2f401808a1f7c906231e2,"[""83595360800340582836220415327748792858014632655765677024450652227649872829217"", ""8722778550304158158775908112102831721712668882628498669387415627760731221547""]",83595360800340582836220415327748792858014632655765677024450652227649872829217|8722778550304158158775908112102831721712668882628498669387415627760731221547,8722778550304158158775908112102831721712668882628498669387415627760731221547,No,False,,,,,,,,,,,,55.10415
2026-08-01T12:02:09Z,EPL,333084,epl-team-to-qualify-for-uefa-conference-league,EPL: Team to qualify for UEFA Conference League,2026-04-01T17:27:13.650134Z,1818374,will-everton-qualify-for-the-league-phase-of-the-2026-27-uefa-conference-league,Will Everton qualify for the League Phase of the 2026-27 UEFA Conference League?,0xc2d06ea1b36aa2af374778802062278b37c0681e80b8b30d440eea8c89c69efa,"[""4166923647964243798214643118596450748550925708271797356837126450441673128307"", ""38675784671269789218225363889508272390729885225646140690421495748338190385226""]",4166923647964243798214643118596450748550925708271797356837126450441673128307|38675784671269789218225363889508272390729885225646140690421495748338190385226,4166923647964243798214643118596450748550925708271797356837126450441673128307,Yes,False,,,,,,,,,,,,481.81
2026-08-01T12:02:09Z,EPL,333084,epl-team-to-qualify-for-uefa-conference-league,EPL: Team to qualify for UEFA Conference League,2026-04-01T17:27:13.650134Z,1818374,will-everton-qualify-for-the-league-phase-of-the-2026-27-uefa-conference-league,Will Everton qualify for the League Phase of the 2026-27 UEFA Conference League?,0xc2d06ea1b36aa2af374778802062278b37c0681e80b8b30d440eea8c89c69efa,"[""4166923647964243798214643118596450748550925708271797356837126450441673128307"", ""38675784671269789218225363889508272390729885225646140690421495748338190385226""]",4166923647964243798214643118596450748550925708271797356837126450441673128307|38675784671269789218225363889508272390729885225646140690421495748338190385226,38675784671269789218225363889508272390729885225646140690421495748338190385226,No,False,,,,,,,,,,,,481.81
2026-08-01T12:02:09Z,EPL,333084,epl-team-to-qualify-for-uefa-conference-league,EPL: Team to qualify for UEFA Conference League,2026-04-01T17:27:13.650134Z,1818375,will-fulham-qualify-for-the-league-phase-of-the-2026-27-uefa-conference-league,Will Fulham qualify for the League Phase of the 2026-27 UEFA Conference League?,0xa9c80d9e6d42b63441eb65788fa6715dd14e46e84e92ab0af524aa71de00e9fe,"[""58173349290615436261874750189700214187364770220706840363443501392029514828013"", ""68870830613563352664780739176635792396465611522859759407689581346809698393825""]",58173349290615436261874750189700214187364770220706840363443501392029514828013|68870830613563352664780739176635792396465611522859759407689581346809698393825,58173349290615436261874750189700214187364770220706840363443501392029514828013,Yes,False,,,,,,,,,,,,529.6700000000001
2026-08-01T12:02:09Z,EPL,333084,epl-team-to-qualify-for-uefa-conference-league,EPL: Team to qualify for UEFA Conference League,2026-04-01T17:27:13.650134Z,1818375,will-fulham-qualify-for-the-league-phase-of-the-2026-27-uefa-conference-league,Will Fulham qualify for the League Phase of the 2026-27 UEFA Conference League?,0xa9c80d9e6d42b63441eb65788fa6715dd14e46e84e92ab0af524aa71de00e9fe,"[""58173349290615436261874750189700214187364770220706840363443501392029514828013"", ""68870830613563352664780739176635792396465611522859759407689581346809698393825""]",58173349290615436261874750189700214187364770220706840363443501392029514828013|68870830613563352664780739176635792396465611522859759407689581346809698393825,68870830613563352664780739176635792396465611522859759407689581346809698393825,No,False,,,,,,,,,,,,529.6700000000001
2026-08-01T12:02:09Z,EPL,333084,epl-team-to-qualify-for-uefa-conference-league,EPL: Team to qualify for UEFA Conference League,2026-04-01T17:27:13.650134Z,1818376,will-ipswich-town-qualify-for-the-league-phase-of-the-2026-27-uefa-conference-league,Will Ipswich Town qualify for the League Phase of the 2026-27 UEFA Conference League?,0xfd1fd6c7c9106ccdc0a48fb64385b352808d5f6a4eb0157cb37b834002772000,"[""34575040317828011543308948862359294748447343494151397521995978862299718496252"", ""32703218917373905712439402416747473136357574974365039086658033726899781984701""]",34575040317828011543308948862359294748447343494151397521995978862299718496252|32703218917373905712439402416747473136357574974365039086658033726899781984701,34575040317828011543308948862359294748447343494151397521995978862299718496252,Yes,False,,,,,,,,,,,,185.7979
2026-08-01T12:02:09Z,EPL,333084,epl-team-to-qualify-for-uefa-conference-league,EPL: Team to qualify for UEFA Conference League,2026-04-01T17:27:13.650134Z,1818376,will-ipswich-town-qualify-for-the-league-phase-of-the-2026-27-uefa-conference-league,Will Ipswich Town qualify for the League Phase of the 2026-27 UEFA Conference League?,0xfd1fd6c7c9106ccdc0a48fb64385b352808d5f6a4eb0157cb37b834002772000,"[""34575040317828011543308948862359294748447343494151397521995978862299718496252"", ""32703218917373905712439402416747473136357574974365039086658033726899781984701""]",34575040317828011543308948862359294748447343494151397521995978862299718496252|32703218917373905712439402416747473136357574974365039086658033726899781984701,32703218917373905712439402416747473136357574974365039086658033726899781984701,No,False,,,,,,,,,,,,185.7979
2026-08-01T12:02:09Z,EPL,333084,epl-team-to-qualify-for-uefa-conference-league,EPL: Team to qualify for UEFA Conference League,2026-04-01T17:27:13.650134Z,1818377,will-leicester-city-qualify-for-the-league-phase-of-the-2026-27-uefa-conference-league,Will Leicester City qualify for the League Phase of the 2026-27 UEFA Conference League?,0x7f23bad03e49e8691193b374466a982f76952cc0658302268f2122380250f91d,"[""36855782576831156580765175743466253787995589729798761982205435744452738857165"", ""63267615403020851545105138792098005654530731396339683005908577788229989628684""]",36855782576831156580765175743466253787995589729798761982205435744452738857165|63267615403020851545105138792098005654530731396339683005908577788229989628684,36855782576831156580765175743466253787995589729798761982205435744452738857165,Yes,False,,,,,,,,,,,,185.5555
2026-08-01T12:02:09Z,EPL,333084,epl-team-to-qualify-for-uefa-conference-league,EPL: Team to qualify for UEFA Conference League,2026-04-01T17:27:13.650134Z,1818377,will-leicester-city-qualify-for-the-league-phase-of-the-2026-27-uefa-conference-league,Will Leicester City qualify for the League Phase of the 2026-27 UEFA Conference League?,0x7f23bad03e49e8691193b374466a982f76952cc0658302268f2122380250f91d,"[""36855782576831156580765175743466253787995589729798761982205435744452738857165"", ""63267615403020851545105138792098005654530731396339683005908577788229989628684""]",36855782576831156580765175743466253787995589729798761982205435744452738857165|63267615403020851545105138792098005654530731396339683005908577788229989628684,63267615403020851545105138792098005654530731396339683005908577788229989628684,No,False,,,,,,,,,,,,185.5555
2026-08-01T12:02:09Z,EPL,333084,epl-team-to-qualify-for-uefa-conference-league,EPL: Team to qualify for UEFA Conference League,2026-04-01T17:27:13.650134Z,1818378,will-liverpool-qualify-for-the-league-phase-of-the-2026-27-uefa-conference-league,Will Liverpool qualify for the League Phase of the 2026-27 UEFA Conference League?,0x0f39d177f78abd438be984b36f264c13de879b346ae40bfea0ababc108b83f64,"[""65988948624774144931622911564364302133312968519504468408474435267221324233196"", ""115130602602129428285461614417924472558165741430309539659330809798396288056300""]",65988948624774144931622911564364302133312968519504468408474435267221324233196|115130602602129428285461614417924472558165741430309539659330809798396288056300,65988948624774144931622911564364302133312968519504468408474435267221324233196,Yes,False,,,,,,,,,,,0,175.5
2026-08-01T12:02:09Z,EPL,333084,epl-team-to-qualify-for-uefa-conference-league,EPL: Team to qualify for UEFA Conference League,2026-04-01T17:27:13.650134Z,1818378,will-liverpool-qualify-for-the-league-phase-of-the-2026-27-uefa-conference-league,Will Liverpool qualify for the League Phase of the 2026-27 UEFA Conference League?,0x0f39d177f78abd438be984b36f264c13de879b346ae40bfea0ababc108b83f64,"[""65988948624774144931622911564364302133312968519504468408474435267221324233196"", ""115130602602129428285461614417924472558165741430309539659330809798396288056300""]",65988948624774144931622911564364302133312968519504468408474435267221324233196|115130602602129428285461614417924472558165741430309539659330809798396288056300,115130602602129428285461614417924472558165741430309539659330809798396288056300,No,False,,,,,,,,,,,0,175.5
2026-08-01T12:02:09Z,EPL,333084,epl-team-to-qualify-for-uefa-conference-league,EPL: Team to qualify for UEFA Conference League,2026-04-01T17:27:13.650134Z,1818379,will-manchester-city-qualify-for-the-league-phase-of-the-2026-27-uefa-conference-league,Will Manchester City qualify for the League Phase of the 2026-27 UEFA Conference League?,0x9f502be87b77866442714675eeb0ceec67b36469dab587b15862716b95a22a65,"[""81955707153623233000480445669873960416969320182377332341762765419704043622092"", ""63903621190034107756618838956749324043719317201688365281214818158837560760762""]",81955707153623233000480445669873960416969320182377332341762765419704043622092|63903621190034107756618838956749324043719317201688365281214818158837560760762,81955707153623233000480445669873960416969320182377332341762765419704043622092,Yes,False,,,,,,,,,,,,239.96210000000002
2026-08-01T12:02:09Z,EPL,333084,epl-team-to-qualify-for-uefa-conference-league,EPL: Team to qualify for UEFA Conference League,2026-04-01T17:27:13.650134Z,1818379,will-manchester-city-qualify-for-the-league-phase-of-the-2026-27-uefa-conference-league,Will Manchester City qualify for the League Phase of the 2026-27 UEFA Conference League?,0x9f502be87b77866442714675eeb0ceec67b36469dab587b15862716b95a22a65,"[""81955707153623233000480445669873960416969320182377332341762765419704043622092"", ""63903621190034107756618838956749324043719317201688365281214818158837560760762""]",81955707153623233000480445669873960416969320182377332341762765419704043622092|63903621190034107756618838956749324043719317201688365281214818158837560760762,63903621190034107756618838956749324043719317201688365281214818158837560760762,No,False,,,,,,,,,,,,239.96210000000002
2026-08-01T12:02:09Z,EPL,333084,epl-team-to-qualify-for-uefa-conference-league,EPL: Team to qualify for UEFA Conference League,2026-04-01T17:27:13.650134Z,1818380,will-manchester-united-qualify-for-the-league-phase-of-the-2026-27-uefa-conference-league,Will Manchester United qualify for the League Phase of the 2026-27 UEFA Conference League?,0x10faa15e034abb4d8b58e96fa9cceaeba84182d8d26061672b3090ef60c474c7,"[""14537963265850539015090671292913129800573442530565687433985001158662408488535"", ""24584985274241329793529868323709359334793457968867512216477798918303927163120""]",14537963265850539015090671292913129800573442530565687433985001158662408488535|24584985274241329793529868323709359334793457968867512216477798918303927163120,14537963265850539015090671292913129800573442530565687433985001158662408488535,Yes,False,,,,,,,,,,,,654.06
2026-08-01T12:02:09Z,EPL,333084,epl-team-to-qualify-for-uefa-conference-league,EPL: Team to qualify for UEFA Conference League,2026-04-01T17:27:13.650134Z,1818380,will-manchester-united-qualify-for-the-league-phase-of-the-2026-27-uefa-conference-league,Will Manchester United qualify for the League Phase of the 2026-27 UEFA Conference League?,0x10faa15e034abb4d8b58e96fa9cceaeba84182d8d26061672b3090ef60c474c7,"[""14537963265850539015090671292913129800573442530565687433985001158662408488535"", ""24584985274241329793529868323709359334793457968867512216477798918303927163120""]",14537963265850539015090671292913129800573442530565687433985001158662408488535|24584985274241329793529868323709359334793457968867512216477798918303927163120,24584985274241329793529868323709359334793457968867512216477798918303927163120,No,False,,,,,,,,,,,,654.06
2026-08-01T12:02:09Z,EPL,333084,epl-team-to-qualify-for-uefa-conference-league,EPL: Team to qualify for UEFA Conference League,2026-04-01T17:27:13.650134Z,1818381,will-newcastle-united-qualify-for-the-league-phase-of-the-2026-27-uefa-conference-league,Will Newcastle United qualify for the League Phase of the 2026-27 UEFA Conference League?,0xb0716d2b36fd90dd54c600a9e7647616490002987e3eb1ecb3d10ead4d62d33c,"[""59224980280942325666569394558997382798882386438436610001858371645471216555919"", ""79970515927998557660930530711963196679174481368659736459630565505379849389257""]",59224980280942325666569394558997382798882386438436610001858371645471216555919|79970515927998557660930530711963196679174481368659736459630565505379849389257,59224980280942325666569394558997382798882386438436610001858371645471216555919,Yes,False,,,,,,,,,,,,411.9
2026-08-01T12:02:09Z,EPL,333084,epl-team-to-qualify-for-uefa-conference-league,EPL: Team to qualify for UEFA Conference League,2026-04-01T17:27:13.650134Z,1818381,will-newcastle-united-qualify-for-the-league-phase-of-the-2026-27-uefa-conference-league,Will Newcastle United qualify for the League Phase of the 2026-27 UEFA Conference League?,0xb0716d2b36fd90dd54c600a9e7647616490002987e3eb1ecb3d10ead4d62d33c,"[""59224980280942325666569394558997382798882386438436610001858371645471216555919"", ""79970515927998557660930530711963196679174481368659736459630565505379849389257""]",59224980280942325666569394558997382798882386438436610001858371645471216555919|79970515927998557660930530711963196679174481368659736459630565505379849389257,79970515927998557660930530711963196679174481368659736459630565505379849389257,No,False,,,,,,,,,,,,411.9
2026-08-01T12:02:09Z,EPL,333084,epl-team-to-qualify-for-uefa-conference-league,EPL: Team to qualify for UEFA Conference League,2026-04-01T17:27:13.650134Z,1818382,will-nottingham-forest-qualify-for-the-league-phase-of-the-2026-27-uefa-conference-league,Will Nottingham Forest qualify for the League Phase of the 2026-27 UEFA Conference League?,0xe911ed8e88ee4d94cb587ed6128a6c15596d9338a4d90b78b9ea20b0578fc156,"[""19481881546917834293067497074329377518935142669934498853237227966392229142245"", ""57602898067754327037427882833634701750997153547931685588132390215919583981742""]",19481881546917834293067497074329377518935142669934498853237227966392229142245|57602898067754327037427882833634701750997153547931685588132390215919583981742,19481881546917834293067497074329377518935142669934498853237227966392229142245,Yes,False,,,,,,,,,,,,407.7161
2026-08-01T12:02:09Z,EPL,333084,epl-team-to-qualify-for-uefa-conference-league,EPL: Team to qualify for UEFA Conference League,2026-04-01T17:27:13.650134Z,1818382,will-nottingham-forest-qualify-for-the-league-phase-of-the-2026-27-uefa-conference-league,Will Nottingham Forest qualify for the League Phase of the 2026-27 UEFA Conference League?,0xe911ed8e88ee4d94cb587ed6128a6c15596d9338a4d90b78b9ea20b0578fc156,"[""19481881546917834293067497074329377518935142669934498853237227966392229142245"", ""57602898067754327037427882833634701750997153547931685588132390215919583981742""]",19481881546917834293067497074329377518935142669934498853237227966392229142245|57602898067754327037427882833634701750997153547931685588132390215919583981742,57602898067754327037427882833634701750997153547931685588132390215919583981742,No,False,,,,,,,,,,,,407.7161
2026-08-01T12:02:09Z,EPL,333084,epl-team-to-qualify-for-uefa-conference-league,EPL: Team to qualify for UEFA Conference League,2026-04-01T17:27:13.650134Z,1818383,will-southampton-qualify-for-the-league-phase-of-the-2026-27-uefa-conference-league,Will Southampton qualify for the League Phase of the 2026-27 UEFA Conference League?,0x7ca2adbbd88851add0e546dd78574d7e79fc00c76e8c490e5692bf8023c11e75,"[""26877828097379119176280047098274709531228788895296330595994436624390898867911"", ""115748130349087715420332870666315257990045222809843222754054247382701059943674""]",26877828097379119176280047098274709531228788895296330595994436624390898867911|115748130349087715420332870666315257990045222809843222754054247382701059943674,26877828097379119176280047098274709531228788895296330595994436624390898867911,Yes,False,,,,,,,,,,,0,617.6899999999999
2026-08-01T12:02:09Z,EPL,333084,epl-team-to-qualify-for-uefa-conference-league,EPL: Team to qualify for UEFA Conference League,2026-04-01T17:27:13.650134Z,1818383,will-southampton-qualify-for-the-league-phase-of-the-2026-27-uefa-conference-league,Will Southampton qualify for the League Phase of the 2026-27 UEFA Conference League?,0x7ca2adbbd88851add0e546dd78574d7e79fc00c76e8c490e5692bf8023c11e75,"[""26877828097379119176280047098274709531228788895296330595994436624390898867911"", ""115748130349087715420332870666315257990045222809843222754054247382701059943674""]",26877828097379119176280047098274709531228788895296330595994436624390898867911|115748130349087715420332870666315257990045222809843222754054247382701059943674,115748130349087715420332870666315257990045222809843222754054247382701059943674,No,False,,,,,,,,,,,0,617.6899999999999
2026-08-01T12:02:09Z,EPL,333084,epl-team-to-qualify-for-uefa-conference-league,EPL: Team to qualify for UEFA Conference League,2026-04-01T17:27:13.650134Z,1818384,will-tottenham-hotspur-qualify-for-the-league-phase-of-the-2026-27-uefa-conference-league,Will Tottenham Hotspur qualify for the League Phase of the 2026-27 UEFA Conference League?,0xe98b7da9a346eb2aced5b9300c7a53e4d7c147741b546f005de0b3c0d89e0ae1,"[""16165000919596414242427788888124743916698715129044155178467657105167009019476"", ""114828181514576721851254739097127564151815507804110569853443476924908844910766""]",16165000919596414242427788888124743916698715129044155178467657105167009019476|114828181514576721851254739097127564151815507804110569853443476924908844910766,16165000919596414242427788888124743916698715129044155178467657105167009019476,Yes,False,,,,,,,,,,,,1126.7675
2026-08-01T12:02:09Z,EPL,333084,epl-team-to-qualify-for-uefa-conference-league,EPL: Team to qualify for UEFA Conference League,2026-04-01T17:27:13.650134Z,1818384,will-tottenham-hotspur-qualify-for-the-league-phase-of-the-2026-27-uefa-conference-league,Will Tottenham Hotspur qualify for the League Phase of the 2026-27 UEFA Conference League?,0xe98b7da9a346eb2aced5b9300c7a53e4d7c147741b546f005de0b3c0d89e0ae1,"[""16165000919596414242427788888124743916698715129044155178467657105167009019476"", ""114828181514576721851254739097127564151815507804110569853443476924908844910766""]",16165000919596414242427788888124743916698715129044155178467657105167009019476|114828181514576721851254739097127564151815507804110569853443476924908844910766,114828181514576721851254739097127564151815507804110569853443476924908844910766,No,False,,,,,,,,,,,,1126.7675
2026-08-01T12:02:09Z,EPL,333084,epl-team-to-qualify-for-uefa-conference-league,EPL: Team to qualify for UEFA Conference League,2026-04-01T17:27:13.650134Z,1818385,will-west-ham-united-qualify-for-the-league-phase-of-the-2026-27-uefa-conference-league,Will West Ham United qualify for the League Phase of the 2026-27 UEFA Conference League?,0xbc79053a1f7691b55171b4a210da33b3c3fba449c9df4fd954856635f8da0e8e,"[""54894379652853834326297942957419603346481276275403414881816173756537774757640"", ""33108900391203812803918822219418560079370282336069888352885661677363224124116""]",54894379652853834326297942957419603346481276275403414881816173756537774757640|33108900391203812803918822219418560079370282336069888352885661677363224124116,54894379652853834326297942957419603346481276275403414881816173756537774757640,Yes,False,,,,,,,,,,,,207.137
2026-08-01T12:02:09Z,EPL,333084,epl-team-to-qualify-for-uefa-conference-league,EPL: Team to qualify for UEFA Conference League,2026-04-01T17:27:13.650134Z,1818385,will-west-ham-united-qualify-for-the-league-phase-of-the-2026-27-uefa-conference-league,Will West Ham United qualify for the League Phase of the 2026-27 UEFA Conference League?,0xbc79053a1f7691b55171b4a210da33b3c3fba449c9df4fd954856635f8da0e8e,"[""54894379652853834326297942957419603346481276275403414881816173756537774757640"", ""33108900391203812803918822219418560079370282336069888352885661677363224124116""]",54894379652853834326297942957419603346481276275403414881816173756537774757640|33108900391203812803918822219418560079370282336069888352885661677363224124116,33108900391203812803918822219418560079370282336069888352885661677363224124116,No,False,,,,,,,,,,,,207.137
2026-08-01T12:02:09Z,EPL,333084,epl-team-to-qualify-for-uefa-conference-league,EPL: Team to qualify for UEFA Conference League,2026-04-01T17:27:13.650134Z,1818386,will-wolverhampton-wanderers-qualify-for-the-league-phase-of-the-2026-27-uefa-conference-league,Will Wolverhampton Wanderers qualify for the League Phase of the 2026-27 UEFA Conference League?,0x612a47d48e42fc85f4b3099edd0779c399e7393325bae5ef494fbec0b518be97,"[""39645891629689350247020865542579082583944711546641819664090458601825821008952"", ""27752113810792547257158395279414992925826179248970504390132410269490063597360""]",39645891629689350247020865542579082583944711546641819664090458601825821008952|27752113810792547257158395279414992925826179248970504390132410269490063597360,39645891629689350247020865542579082583944711546641819664090458601825821008952,Yes,False,,,,,,,,,,,,216.45
2026-08-01T12:02:09Z,EPL,333084,epl-team-to-qualify-for-uefa-conference-league,EPL: Team to qualify for UEFA Conference League,2026-04-01T17:27:13.650134Z,1818386,will-wolverhampton-wanderers-qualify-for-the-league-phase-of-the-2026-27-uefa-conference-league,Will Wolverhampton Wanderers qualify for the League Phase of the 2026-27 UEFA Conference League?,0x612a47d48e42fc85f4b3099edd0779c399e7393325bae5ef494fbec0b518be97,"[""39645891629689350247020865542579082583944711546641819664090458601825821008952"", ""27752113810792547257158395279414992925826179248970504390132410269490063597360""]",39645891629689350247020865542579082583944711546641819664090458601825821008952|27752113810792547257158395279414992925826179248970504390132410269490063597360,27752113810792547257158395279414992925826179248970504390132410269490063597360,No,False,,,,,,,,,,,,216.45
2026-08-01T12:02:09Z,EPL,435490,epl-2026-team-of-the-season,EPL: 2026 PFA Team of the Year,2026-05-01T16:17:58.439577Z,2127663,will-david-raya-be-named-to-the-2026-pfa-premier-league-team-of-the-year,Will David Raya be named to the 2026 PFA Premier League Team of the Year?,0x50561f0ac9fb48ce9b1dc8f78f84dea5e43d9d30bd507eb93fa57b11a996ffeb,"[""3488261232009523381576281256634840719226792569353110860105294590188599877555"", ""33896607823388600558222421347266613674976673770405419631622989961143438148884""]",3488261232009523381576281256634840719226792569353110860105294590188599877555|33896607823388600558222421347266613674976673770405419631622989961143438148884,3488261232009523381576281256634840719226792569353110860105294590188599877555,Yes,True,0.81,206.16,0.98,28.13,0.895,0.16999999999999993,be18dc1c1ba5c26c0efec380f562eb0ff629ae59,0.01,5,,507.1568,
2026-08-01T12:02:09Z,EPL,435490,epl-2026-team-of-the-season,EPL: 2026 PFA Team of the Year,2026-05-01T16:17:58.439577Z,2127663,will-david-raya-be-named-to-the-2026-pfa-premier-league-team-of-the-year,Will David Raya be named to the 2026 PFA Premier League Team of the Year?,0x50561f0ac9fb48ce9b1dc8f78f84dea5e43d9d30bd507eb93fa57b11a996ffeb,"[""3488261232009523381576281256634840719226792569353110860105294590188599877555"", ""33896607823388600558222421347266613674976673770405419631622989961143438148884""]",3488261232009523381576281256634840719226792569353110860105294590188599877555|33896607823388600558222421347266613674976673770405419631622989961143438148884,33896607823388600558222421347266613674976673770405419631622989961143438148884,No,True,0.02,28.13,0.19,206.16,0.105,0.17,bf2ba74469b1d301ffb052a99a8797a97880a974,0.01,5,,507.1568,
2026-08-01T12:02:09Z,EPL,435490,epl-2026-team-of-the-season,EPL: 2026 PFA Team of the Year,2026-05-01T16:17:58.439577Z,2127664,will-jordan-pickford-be-named-to-the-2026-pfa-premier-league-team-of-the-year,Will Jordan Pickford be named to the 2026 PFA Premier League Team of the Year?,0x206d3cf11b86b16708f160e1e5223e75f4f0b126fbfecb52300077792e4a978f,"[""69002409170326112222673578355907486486435514190626080376764720483535336436602"", ""29764786967669041151836718379664776749611256940389381248189333088896507813340""]",69002409170326112222673578355907486486435514190626080376764720483535336436602|29764786967669041151836718379664776749611256940389381248189333088896507813340,69002409170326112222673578355907486486435514190626080376764720483535336436602,Yes,True,,,0.09,11.82,,,c578507e954412dd19b561f1a83d3ae567eac913,0.01,5,,109.7862,11.82
2026-08-01T12:02:09Z,EPL,435490,epl-2026-team-of-the-season,EPL: 2026 PFA Team of the Year,2026-05-01T16:17:58.439577Z,2127664,will-jordan-pickford-be-named-to-the-2026-pfa-premier-league-team-of-the-year,Will Jordan Pickford be named to the 2026 PFA Premier League Team of the Year?,0x206d3cf11b86b16708f160e1e5223e75f4f0b126fbfecb52300077792e4a978f,"[""69002409170326112222673578355907486486435514190626080376764720483535336436602"", ""29764786967669041151836718379664776749611256940389381248189333088896507813340""]",69002409170326112222673578355907486486435514190626080376764720483535336436602|29764786967669041151836718379664776749611256940389381248189333088896507813340,29764786967669041151836718379664776749611256940389381248189333088896507813340,No,True,0.91,11.82,,,,,d3124c5783df4d25ba6895badb54b3cc99094a2c,0.01,5,,109.7862,11.82
2026-08-01T12:02:09Z,EPL,435490,epl-2026-team-of-the-season,EPL: 2026 PFA Team of the Year,2026-05-01T16:17:58.439577Z,2127665,will-dean-henderson-be-named-to-the-2026-pfa-premier-league-team-of-the-year,Will Dean Henderson be named to the 2026 PFA Premier League Team of the Year?,0x67ebb7796df1324b1b084b0aaa59e3379513583ac93e3c8e968935e7dbb1f535,"[""77730449116026385251216021681478758817188404733132958155748625297475510396335"", ""86484569427189395298179892127162282618369840953731094949208918944830421003973""]",77730449116026385251216021681478758817188404733132958155748625297475510396335|86484569427189395298179892127162282618369840953731094949208918944830421003973,77730449116026385251216021681478758817188404733132958155748625297475510396335,Yes,True,0.01,78.4,0.1,107.68,0.055,0.09000000000000001,1af21d163d56e7fa3a9ae57fa11b1b2be419ec66,0.01,5,,106.9793,
2026-08-01T12:02:09Z,EPL,435490,epl-2026-team-of-the-season,EPL: 2026 PFA Team of the Year,2026-05-01T16:17:58.439577Z,2127665,will-dean-henderson-be-named-to-the-2026-pfa-premier-league-team-of-the-year,Will Dean Henderson be named to the 2026 PFA Premier League Team of the Year?,0x67ebb7796df1324b1b084b0aaa59e3379513583ac93e3c8e968935e7dbb1f535,"[""77730449116026385251216021681478758817188404733132958155748625297475510396335"", ""86484569427189395298179892127162282618369840953731094949208918944830421003973""]",77730449116026385251216021681478758817188404733132958155748625297475510396335|86484569427189395298179892127162282618369840953731094949208918944830421003973,86484569427189395298179892127162282618369840953731094949208918944830421003973,No,True,0.9,107.68,0.99,78.4,0.9450000000000001,0.08999999999999997,869d0bceaf8d09c720e048873bb552aa0f484905,0.01,5,,106.9793,
2026-08-01T12:02:09Z,EPL,435490,epl-2026-team-of-the-season,EPL: 2026 PFA Team of the Year,2026-05-01T16:17:58.439577Z,2127666,will-robin-roefs-be-named-to-the-2026-pfa-premier-league-team-of-the-year,Will Robin Roefs be named to the 2026 PFA Premier League Team of the Year?,0xdae0f14d1b5ea256638164c6578853226408702f44e238ca8fa692998fdc6332,"[""70182957445101902779363373709716695169810926012757858042099415085409463195888"", ""90699863564786576085723598309072905823666331748016080742800846290619606364496""]",70182957445101902779363373709716695169810926012757858042099415085409463195888|90699863564786576085723598309072905823666331748016080742800846290619606364496,70182957445101902779363373709716695169810926012757858042099415085409463195888,Yes,True,0.01,13.43,0.1,107.68,0.055,0.09000000000000001,a7033f0c45b80f62ae59ff39361f27f7c6c49bd7,0.01,5,,109.3898,
2026-08-01T12:02:09Z,EPL,435490,epl-2026-team-of-the-season,EPL: 2026 PFA Team of the Year,2026-05-01T16:17:58.439577Z,2127666,will-robin-roefs-be-named-to-the-2026-pfa-premier-league-team-of-the-year,Will Robin Roefs be named to the 2026 PFA Premier League Team of the Year?,0xdae0f14d1b5ea256638164c6578853226408702f44e238ca8fa692998fdc6332,"[""70182957445101902779363373709716695169810926012757858042099415085409463195888"", ""90699863564786576085723598309072905823666331748016080742800846290619606364496""]",70182957445101902779363373709716695169810926012757858042099415085409463195888|90699863564786576085723598309072905823666331748016080742800846290619606364496,90699863564786576085723598309072905823666331748016080742800846290619606364496,No,True,0.9,107.68,0.99,13.43,0.9450000000000001,0.08999999999999997,7e2f800fa1b443ec15b4d2ae64e49c3d2373343f,0.01,5,,109.3898,
2026-08-01T12:02:09Z,EPL,435490,epl-2026-team-of-the-season,EPL: 2026 PFA Team of the Year,2026-05-01T16:17:58.439577Z,2127667,will-gianluigi-donnarumma-be-named-to-the-2026-pfa-premier-league-team-of-the-year,Will Gianluigi Donnarumma be named to the 2026 PFA Premier League Team of the Year?,0x322441734b9f23744de899e345ef48ec25e0055f8b1bfc19fe4612055a8ff2df,"[""65007673257262595676530056363240287641293306267550009290432560084643152028010"", ""97388027101380065799871752579213229783305736941572715830099055292320933629215""]",65007673257262595676530056363240287641293306267550009290432560084643152028010|97388027101380065799871752579213229783305736941572715830099055292320933629215,65007673257262595676530056363240287641293306267550009290432560084643152028010,Yes,True,0.01,78.4,0.2,10.0,0.10500000000000001,0.19,8ee02092b2ce1f5b56f5c08124245dd5e11bb1d0,0.01,5,,13.2645,
2026-08-01T12:02:09Z,EPL,435490,epl-2026-team-of-the-season,EPL: 2026 PFA Team of the Year,2026-05-01T16:17:58.439577Z,2127667,will-gianluigi-donnarumma-be-named-to-the-2026-pfa-premier-league-team-of-the-year,Will Gianluigi Donnarumma be named to the 2026 PFA Premier League Team of the Year?,0x322441734b9f23744de899e345ef48ec25e0055f8b1bfc19fe4612055a8ff2df,"[""65007673257262595676530056363240287641293306267550009290432560084643152028010"", ""97388027101380065799871752579213229783305736941572715830099055292320933629215""]",65007673257262595676530056363240287641293306267550009290432560084643152028010|97388027101380065799871752579213229783305736941572715830099055292320933629215,97388027101380065799871752579213229783305736941572715830099055292320933629215,No,True,0.8,10.0,0.99,78.4,0.895,0.18999999999999995,544f3a5c765ad09fd53e9f144e22ebf3939db4bb,0.01,5,,13.2645,
2026-08-01T12:02:09Z,EPL,435490,epl-2026-team-of-the-season,EPL: 2026 PFA Team of the Year,2026-05-01T16:17:58.439577Z,2127668,will-jurrien-timber-be-named-to-the-2026-pfa-premier-league-team-of-the-year,Will Jurrien Timber be named to the 2026 PFA Premier League Team of the Year?,0x97ca47da99683bddec8036ce29388c2e400e7cecfea8ac4dbef54ac0791cc593,"[""58745854058166153005664210409408254918505117901359386106376082227012206838503"", ""43365583002812118163534009703280808191029196488960918105614424745527498298109""]",58745854058166153005664210409408254918505117901359386106376082227012206838503|43365583002812118163534009703280808191029196488960918105614424745527498298109,58745854058166153005664210409408254918505117901359386106376082227012206838503,Yes,True,0.01,27.41,0.67,100.0,0.34,0.66,ed34241781eaf9d5ac558211f05f1b2fee8b6556,0.01,5,,35.9498,
2026-08-01T12:02:09Z,EPL,435490,epl-2026-team-of-the-season,EPL: 2026 PFA Team of the Year,2026-05-01T16:17:58.439577Z,2127668,will-jurrien-timber-be-named-to-the-2026-pfa-premier-league-team-of-the-year,Will Jurrien Timber be named to the 2026 PFA Premier League Team of the Year?,0x97ca47da99683bddec8036ce29388c2e400e7cecfea8ac4dbef54ac0791cc593,"[""58745854058166153005664210409408254918505117901359386106376082227012206838503"", ""43365583002812118163534009703280808191029196488960918105614424745527498298109""]",58745854058166153005664210409408254918505117901359386106376082227012206838503|43365583002812118163534009703280808191029196488960918105614424745527498298109,43365583002812118163534009703280808191029196488960918105614424745527498298109,No,True,0.33,100.0,0.99,27.41,0.66,0.6599999999999999,b00a16b236a8dd9a91354a6e1ccb400d88884d86,0.01,5,,35.9498,
2026-08-01T12:02:09Z,EPL,435490,epl-2026-team-of-the-season,EPL: 2026 PFA Team of the Year,2026-05-01T16:17:58.439577Z,2127669,will-matheus-nunes-be-named-to-the-2026-pfa-premier-league-team-of-the-year,Will Matheus Nunes be named to the 2026 PFA Premier League Team of the Year?,0x236166693870332c38cc1f290d2de8a00eafa1b78519182663a58811b1011705,"[""71852886829417081758693278389180020836881806315641141653569411011094941385487"", ""27873264127773337044236459909692649813557879461485496445916977915515730222703""]",71852886829417081758693278389180020836881806315641141653569411011094941385487|27873264127773337044236459909692649813557879461485496445916977915515730222703,71852886829417081758693278389180020836881806315641141653569411011094941385487,Yes,True,0.01,78.4,0.2,100.0,0.10500000000000001,0.19,d18e90d9ee359a3d94050b7592a6cc212f6ef8a7,0.01,5,,216.7679,
2026-08-01T12:02:09Z,EPL,435490,epl-2026-team-of-the-season,EPL: 2026 PFA Team of the Year,2026-05-01T16:17:58.439577Z,2127669,will-matheus-nunes-be-named-to-the-2026-pfa-premier-league-team-of-the-year,Will Matheus Nunes be named to the 2026 PFA Premier League Team of the Year?,0x236166693870332c38cc1f290d2de8a00eafa1b78519182663a58811b1011705,"[""71852886829417081758693278389180020836881806315641141653569411011094941385487"", ""27873264127773337044236459909692649813557879461485496445916977915515730222703""]",71852886829417081758693278389180020836881806315641141653569411011094941385487|27873264127773337044236459909692649813557879461485496445916977915515730222703,27873264127773337044236459909692649813557879461485496445916977915515730222703,No,True,0.8,100.0,0.99,78.4,0.895,0.18999999999999995,ed7adc809e3f4db782096ad82e33793a875dac49,0.01,5,,216.7679,
2026-08-01T12:02:09Z,EPL,435490,epl-2026-team-of-the-season,EPL: 2026 PFA Team of the Year,2026-05-01T16:17:58.439577Z,2127670,will-gabriel-magalhes-be-named-to-the-2026-pfa-premier-league-team-of-the-year,Will Gabriel Magalhães be named to the 2026 PFA Premier League Team of the Year?,0xd3d8a97f490967ba04bcf06a1f1fa0b8e14ff08f5f0781bccb14c7eb1cf34ca6,"[""112756383879220814577105643520650901454791316512357676513193784191480344438666"", ""7697378624768914483353901406042873706810082834244678754453720343911008090965""]",112756383879220814577105643520650901454791316512357676513193784191480344438666|7697378624768914483353901406042873706810082834244678754453720343911008090965,112756383879220814577105643520650901454791316512357676513193784191480344438666,Yes,True,0.81,8.43,0.99,30.0,0.9,0.17999999999999994,dcc9be79c28d9451a2349376502cdc8f0a4b38e6,0.01,5,0.020,601.1294,59.36
2026-08-01T12:02:09Z,EPL,435490,epl-2026-team-of-the-season,EPL: 2026 PFA Team of the Year,2026-05-01T16:17:58.439577Z,2127670,will-gabriel-magalhes-be-named-to-the-2026-pfa-premier-league-team-of-the-year,Will Gabriel Magalhães be named to the 2026 PFA Premier League Team of the Year?,0xd3d8a97f490967ba04bcf06a1f1fa0b8e14ff08f5f0781bccb14c7eb1cf34ca6,"[""112756383879220814577105643520650901454791316512357676513193784191480344438666"", ""7697378624768914483353901406042873706810082834244678754453720343911008090965""]",112756383879220814577105643520650901454791316512357676513193784191480344438666|7697378624768914483353901406042873706810082834244678754453720343911008090965,7697378624768914483353901406042873706810082834244678754453720343911008090965,No,True,0.01,30.0,0.19,8.43,0.1,0.18,e842e2a672b09aae26e1d01af5bf34e3cd004e2e,0.01,5,0.020,601.1294,59.36
2026-08-01T12:02:09Z,EPL,435490,epl-2026-team-of-the-season,EPL: 2026 PFA Team of the Year,2026-05-01T16:17:58.439577Z,2127671,will-william-saliba-be-named-to-the-2026-pfa-premier-league-team-of-the-year,Will William Saliba be named to the 2026 PFA Premier League Team of the Year?,0xc344b5f7891b8617e7118aaa24bac3840a587691c1a36daa479a61de0b79bcb6,"[""47207660538745167295586664941849591121956044929877358537501900994850424263330"", ""105234782857798608331719124706582304874620432378282673665444164066431160124095""]",47207660538745167295586664941849591121956044929877358537501900994850424263330|105234782857798608331719124706582304874620432378282673665444164066431160124095,47207660538745167295586664941849591121956044929877358537501900994850424263330,Yes,True,0.48,10.0,0.97,16.83,0.725,0.49,9b7083f69ec4153595c4a4c24a0c45e7ba385ca3,0.01,5,,168.8678,
2026-08-01T12:02:09Z,EPL,435490,epl-2026-team-of-the-season,EPL: 2026 PFA Team of the Year,2026-05-01T16:17:58.439577Z,2127671,will-william-saliba-be-named-to-the-2026-pfa-premier-league-team-of-the-year,Will William Saliba be named to the 2026 PFA Premier League Team of the Year?,0xc344b5f7891b8617e7118aaa24bac3840a587691c1a36daa479a61de0b79bcb6,"[""47207660538745167295586664941849591121956044929877358537501900994850424263330"", ""105234782857798608331719124706582304874620432378282673665444164066431160124095""]",47207660538745167295586664941849591121956044929877358537501900994850424263330|105234782857798608331719124706582304874620432378282673665444164066431160124095,105234782857798608331719124706582304874620432378282673665444164066431160124095,No,True,0.03,16.83,0.52,10.0,0.275,0.49,f32f3cd3fc9b6b431aeb29ec4ae33f1f6ea35b0b,0.01,5,,168.8678,
2026-08-01T12:02:09Z,EPL,435490,epl-2026-team-of-the-season,EPL: 2026 PFA Team of the Year,2026-05-01T16:17:58.439577Z,2127672,will-marc-guehi-be-named-to-the-2026-pfa-premier-league-team-of-the-year,Will Marc Guehi be named to the 2026 PFA Premier League Team of the Year?,0x9a7829bcaf4bd65e903739dace6db739a8b68a396fd2c71a3d23d2a2cf2e88c5,"[""18774341203836696417330165615678664168245576790259527905518242337305438497157"", ""17833812615529939189123941305353432679112045501201563425472779980851390683424""]",18774341203836696417330165615678664168245576790259527905518242337305438497157|17833812615529939189123941305353432679112045501201563425472779980851390683424,18774341203836696417330165615678664168245576790259527905518242337305438497157,Yes,True,0.08,24.0,0.42,100.0,0.25,0.33999999999999997,fac058bd33242291458fb3816c23def983b7a7cf,0.01,5,,96.2476,
2026-08-01T12:02:09Z,EPL,435490,epl-2026-team-of-the-season,EPL: 2026 PFA Team of the Year,2026-05-01T16:17:58.439577Z,2127672,will-marc-guehi-be-named-to-the-2026-pfa-premier-league-team-of-the-year,Will Marc Guehi be named to the 2026 PFA Premier League Team of the Year?,0x9a7829bcaf4bd65e903739dace6db739a8b68a396fd2c71a3d23d2a2cf2e88c5,"[""18774341203836696417330165615678664168245576790259527905518242337305438497157"", ""17833812615529939189123941305353432679112045501201563425472779980851390683424""]",18774341203836696417330165615678664168245576790259527905518242337305438497157|17833812615529939189123941305353432679112045501201563425472779980851390683424,17833812615529939189123941305353432679112045501201563425472779980851390683424,No,True,0.58,100.0,0.92,24.0,0.75,0.3400000000000001,c79b408fa5a5e2d09caedb77085377b737eb46c5,0.01,5,,96.2476,
2026-08-01T12:02:09Z,EPL,435490,epl-2026-team-of-the-season,EPL: 2026 PFA Team of the Year,2026-05-01T16:17:58.439577Z,2127673,will-virgil-van-dijk-be-named-to-the-2026-pfa-premier-league-team-of-the-year,Will Virgil van Dijk be named to the 2026 PFA Premier League Team of the Year?,0x644231d6b178ebd20f0ab0b061a790f9dee4479ce96ab40686c8ade6f50a0238,"[""31721429411257768645758803262981554412084956132795321375044902571901613004887"", ""113776996666262784023568460080999498147130358875198884777079734831639187945943""]",31721429411257768645758803262981554412084956132795321375044902571901613004887|113776996666262784023568460080999498147130358875198884777079734831639187945943,31721429411257768645758803262981554412084956132795321375044902571901613004887,Yes,True,0.02,28.13,0.19,999.99,0.105,0.17,70a268f617a8abaa213ad704622bc228ad527ff0,0.01,5,,953.3384,1.694914
2026-08-01T12:02:09Z,EPL,435490,epl-2026-team-of-the-season,EPL: 2026 PFA Team of the Year,2026-05-01T16:17:58.439577Z,2127673,will-virgil-van-dijk-be-named-to-the-2026-pfa-premier-league-team-of-the-year,Will Virgil van Dijk be named to the 2026 PFA Premier League Team of the Year?,0x644231d6b178ebd20f0ab0b061a790f9dee4479ce96ab40686c8ade6f50a0238,"[""31721429411257768645758803262981554412084956132795321375044902571901613004887"", ""113776996666262784023568460080999498147130358875198884777079734831639187945943""]",31721429411257768645758803262981554412084956132795321375044902571901613004887|113776996666262784023568460080999498147130358875198884777079734831639187945943,113776996666262784023568460080999498147130358875198884777079734831639187945943,No,True,0.81,999.99,0.98,28.13,0.895,0.16999999999999993,3909a983c48c5403cb60a2518dbc6f039041b53a,0.01,5,,953.3384,1.694914
2026-08-01T12:02:09Z,EPL,435490,epl-2026-team-of-the-season,EPL: 2026 PFA Team of the Year,2026-05-01T16:17:58.439577Z,2127674,will-marc-cucurella-be-named-to-the-2026-pfa-premier-league-team-of-the-year,Will Marc Cucurella be named to the 2026 PFA Premier League Team of the Year?,0xe74cf34bab6946206532fd38cbf5a7eb4b346f7d13bffc6ae16eb3a69a4225d0,"[""59830425161161665808750586172447751894718446914006207206558327469584286337472"", ""85414521652635437338276097105191648874111759265882984452544936528659374053637""]",59830425161161665808750586172447751894718446914006207206558327469584286337472|85414521652635437338276097105191648874111759265882984452544936528659374053637,59830425161161665808750586172447751894718446914006207206558327469584286337472,Yes,True,0.07,25.7,0.42,100.0,0.245,0.35,f1950cdac9c1c8c6d1785f1d8ffd43f31a7f2bf8,0.01,5,,96.5466,
2026-08-01T12:02:09Z,EPL,435490,epl-2026-team-of-the-season,EPL: 2026 PFA Team of the Year,2026-05-01T16:17:58.439577Z,2127674,will-marc-cucurella-be-named-to-the-2026-pfa-premier-league-team-of-the-year,Will Marc Cucurella be named to the 2026 PFA Premier League Team of the Year?,0xe74cf34bab6946206532fd38cbf5a7eb4b346f7d13bffc6ae16eb3a69a4225d0,"[""59830425161161665808750586172447751894718446914006207206558327469584286337472"", ""85414521652635437338276097105191648874111759265882984452544936528659374053637""]",59830425161161665808750586172447751894718446914006207206558327469584286337472|85414521652635437338276097105191648874111759265882984452544936528659374053637,85414521652635437338276097105191648874111759265882984452544936528659374053637,No,True,0.58,100.0,0.93,25.7,0.755,0.3500000000000001,ca3353616888d727cb7a6c84a20ae46c9f53bfc1,0.01,5,,96.5466,
2026-08-01T12:02:09Z,EPL,435490,epl-2026-team-of-the-season,EPL: 2026 PFA Team of the Year,2026-05-01T16:17:58.439577Z,2127675,will-piero-hincapie-be-named-to-the-2026-pfa-premier-league-team-of-the-year,Will Piero Hincapie be named to the 2026 PFA Premier League Team of the Year?,0x1d5d1e655085db69c387488aa7e661d4719bfa9c0bb392dd05652008c40b4a9a,"[""108011205392215304373394466135742493782019922749752404322686744906595861300763"", ""73789363813582664474158671396757087735667554782131752276569900280712319722369""]",108011205392215304373394466135742493782019922749752404322686744906595861300763|73789363813582664474158671396757087735667554782131752276569900280712319722369,108011205392215304373394466135742493782019922749752404322686744906595861300763,Yes,True,0.07,2.0,0.42,10.0,0.245,0.35,5173b8776f9c9a7780a29bb5a0d282b1f4458673,0.01,5,0.070,13.6616,8
2026-08-01T12:02:09Z,EPL,435490,epl-2026-team-of-the-season,EPL: 2026 PFA Team of the Year,2026-05-01T16:17:58.439577Z,2127675,will-piero-hincapie-be-named-to-the-2026-pfa-premier-league-team-of-the-year,Will Piero Hincapie be named to the 2026 PFA Premier League Team of the Year?,0x1d5d1e655085db69c387488aa7e661d4719bfa9c0bb392dd05652008c40b4a9a,"[""108011205392215304373394466135742493782019922749752404322686744906595861300763"", ""73789363813582664474158671396757087735667554782131752276569900280712319722369""]",108011205392215304373394466135742493782019922749752404322686744906595861300763|73789363813582664474158671396757087735667554782131752276569900280712319722369,73789363813582664474158671396757087735667554782131752276569900280712319722369,No,True,0.58,10.0,0.93,2.0,0.755,0.3500000000000001,411395f704f00232e917488df136a38f014978a0,0.01,5,0.070,13.6616,8
2026-08-01T12:02:09Z,EPL,435490,epl-2026-team-of-the-season,EPL: 2026 PFA Team of the Year,2026-05-01T16:17:58.439577Z,2127676,will-declan-rice-be-named-to-the-2026-pfa-premier-league-team-of-the-year,Will Declan Rice be named to the 2026 PFA Premier League Team of the Year?,0x898bbb37bb3e8e03480b52c31bc12b12019e84f4d4042d25622f9a9b9f1a21f2,"[""11523245240526311970979368164866348724509187066335918581337691503956313417913"", ""16544219157755328462914309364144553632877138543113142832790826044960896254419""]",11523245240526311970979368164866348724509187066335918581337691503956313417913|16544219157755328462914309364144553632877138543113142832790826044960896254419,11523245240526311970979368164866348724509187066335918581337691503956313417913,Yes,True,0.86,6.69,,,,,916dff479eba7d4147669f70b24cadf895df08b6,0.01,5,,1006.1713,59.044284000000005
2026-08-01T12:02:09Z,EPL,435490,epl-2026-team-of-the-season,EPL: 2026 PFA Team of the Year,2026-05-01T16:17:58.439577Z,2127676,will-declan-rice-be-named-to-the-2026-pfa-premier-league-team-of-the-year,Will Declan Rice be named to the 2026 PFA Premier League Team of the Year?,0x898bbb37bb3e8e03480b52c31bc12b12019e84f4d4042d25622f9a9b9f1a21f2,"[""11523245240526311970979368164866348724509187066335918581337691503956313417913"", ""16544219157755328462914309364144553632877138543113142832790826044960896254419""]",11523245240526311970979368164866348724509187066335918581337691503956313417913|16544219157755328462914309364144553632877138543113142832790826044960896254419,16544219157755328462914309364144553632877138543113142832790826044960896254419,No,True,,,0.14,6.69,,,9910428b0e24217a2d43f23521a53ec881449b06,0.01,5,,1006.1713,59.044284000000005
2026-08-01T12:02:09Z,EPL,435490,epl-2026-team-of-the-season,EPL: 2026 PFA Team of the Year,2026-05-01T16:17:58.439577Z,2127677,will-bruno-fernandes-be-named-to-the-2026-pfa-premier-league-team-of-the-year,Will Bruno Fernandes be named to the 2026 PFA Premier League Team of the Year?,0x679720492bcbff900bde0e29eb7e812c77909bccb3c32b79a3186fc1db03b854,"[""86859495495502891076141743940914617575208033060738396981338088715869715113963"", ""65620697419400192059458180949993387679798824363092322581187835468683093164088""]",86859495495502891076141743940914617575208033060738396981338088715869715113963|65620697419400192059458180949993387679798824363092322581187835468683093164088,86859495495502891076141743940914617575208033060738396981338088715869715113963,Yes,True,0.852,15.64,0.995,19.53,0.9235,0.14300000000000002,d6a00dda096e8e3d571adaef28a353f15e05126d,0.001,5,,2416.79724,450.10643600000003
2026-08-01T12:02:09Z,EPL,435490,epl-2026-team-of-the-season,EPL: 2026 PFA Team of the Year,2026-05-01T16:17:58.439577Z,2127677,will-bruno-fernandes-be-named-to-the-2026-pfa-premier-league-team-of-the-year,Will Bruno Fernandes be named to the 2026 PFA Premier League Team of the Year?,0x679720492bcbff900bde0e29eb7e812c77909bccb3c32b79a3186fc1db03b854,"[""86859495495502891076141743940914617575208033060738396981338088715869715113963"", ""65620697419400192059458180949993387679798824363092322581187835468683093164088""]",86859495495502891076141743940914617575208033060738396981338088715869715113963|65620697419400192059458180949993387679798824363092322581187835468683093164088,65620697419400192059458180949993387679798824363092322581187835468683093164088,No,True,0.005,19.53,0.148,15.64,0.0765,0.143,bc1004118800326f6802887350dea6c791242331,0.001,5,,2416.79724,450.10643600000003
2026-08-01T12:02:09Z,EPL,435490,epl-2026-team-of-the-season,EPL: 2026 PFA Team of the Year,2026-05-01T16:17:58.439577Z,2127678,will-rodri-be-named-to-the-2026-pfa-premier-league-team-of-the-year,Will Rodri be named to the 2026 PFA Premier League Team of the Year?,0xf9de760ff713bdc5ebdc87ea4a88fb9423ef31bc59d2abb917df50b5b44482c1,"[""92734106880343514385310320083033583888695626897895802880610705682382451590633"", ""56976958810450515743106834354983994802402840862579527495329062688335275234740""]",92734106880343514385310320083033583888695626897895802880610705682382451590633|56976958810450515743106834354983994802402840862579527495329062688335275234740,92734106880343514385310320083033583888695626897895802880610705682382451590633,Yes,True,0.09,15.0,0.38,115.35,0.235,0.29000000000000004,2fe0660793e16700b6cafcff3292d82280dc8175,0.01,5,0.620,612.5075,263.475788
2026-08-01T12:02:09Z,EPL,435490,epl-2026-team-of-the-season,EPL: 2026 PFA Team of the Year,2026-05-01T16:17:58.439577Z,2127678,will-rodri-be-named-to-the-2026-pfa-premier-league-team-of-the-year,Will Rodri be named to the 2026 PFA Premier League Team of the Year?,0xf9de760ff713bdc5ebdc87ea4a88fb9423ef31bc59d2abb917df50b5b44482c1,"[""92734106880343514385310320083033583888695626897895802880610705682382451590633"", ""56976958810450515743106834354983994802402840862579527495329062688335275234740""]",92734106880343514385310320083033583888695626897895802880610705682382451590633|56976958810450515743106834354983994802402840862579527495329062688335275234740,56976958810450515743106834354983994802402840862579527495329062688335275234740,No,True,0.62,115.35,0.91,15.0,0.765,0.29000000000000004,7364803435db78311395eb837b13ac7832f3c8f7,0.01,5,0.620,612.5075,263.475788
2026-08-01T12:02:09Z,EPL,435490,epl-2026-team-of-the-season,EPL: 2026 PFA Team of the Year,2026-05-01T16:17:58.439577Z,2127679,will-rayan-cherki-be-named-to-the-2026-pfa-premier-league-team-of-the-year,Will Rayan Cherki be named to the 2026 PFA Premier League Team of the Year?,0xf1bef1d60925998b7577b014ea907965209b9045c197e79e77eb14439d7c431a,"[""44002481860388892740183335966007748831643129921411222940033401480764334836407"", ""47465498507287502475094187263593898643776563896680345103863507875745126656121""]",44002481860388892740183335966007748831643129921411222940033401480764334836407|47465498507287502475094187263593898643776563896680345103863507875745126656121,44002481860388892740183335966007748831643129921411222940033401480764334836407,Yes,True,0.4,100.0,0.79,6.0,0.595,0.39,279228e406c0be97295b891a4b141ce1a974eaa4,0.01,5,,68.3479,6.77966
2026-08-01T12:02:09Z,EPL,435490,epl-2026-team-of-the-season,EPL: 2026 PFA Team of the Year,2026-05-01T16:17:58.439577Z,2127679,will-rayan-cherki-be-named-to-the-2026-pfa-premier-league-team-of-the-year,Will Rayan Cherki be named to the 2026 PFA Premier League Team of the Year?,0xf1bef1d60925998b7577b014ea907965209b9045c197e79e77eb14439d7c431a,"[""44002481860388892740183335966007748831643129921411222940033401480764334836407"", ""47465498507287502475094187263593898643776563896680345103863507875745126656121""]",44002481860388892740183335966007748831643129921411222940033401480764334836407|47465498507287502475094187263593898643776563896680345103863507875745126656121,47465498507287502475094187263593898643776563896680345103863507875745126656121,No,True,0.21,6.0,0.6,100.0,0.40499999999999997,0.39,fea3bf0e656527acfac96cc85561932928cf291f,0.01,5,,68.3479,6.77966
2026-08-01T12:02:09Z,EPL,435490,epl-2026-team-of-the-season,EPL: 2026 PFA Team of the Year,2026-05-01T16:17:58.439577Z,2127680,will-dominik-szoboszlai-be-named-to-the-2026-pfa-premier-league-team-of-the-year,Will Dominik Szoboszlai be named to the 2026 PFA Premier League Team of the Year?,0xd5a172faaf27f951f5bc5c2d19f18367ab85e9c963e7357a8433da84e895507e,"[""10904347939559348084889283384973600207001307228767801114856379948987944051302"", ""63514807846207217791796334733580770155958510280638850911506455990693175502240""]",10904347939559348084889283384973600207001307228767801114856379948987944051302|63514807846207217791796334733580770155958510280638850911506455990693175502240,10904347939559348084889283384973600207001307228767801114856379948987944051302,Yes,True,0.01,78.4,0.2,5.0,0.10500000000000001,0.19,57a3cd9035d3cc68370a24ddaacf4ed245fdf5ce,0.01,5,,7.0147,100
2026-08-01T12:02:09Z,EPL,435490,epl-2026-team-of-the-season,EPL: 2026 PFA Team of the Year,2026-05-01T16:17:58.439577Z,2127680,will-dominik-szoboszlai-be-named-to-the-2026-pfa-premier-league-team-of-the-year,Will Dominik Szoboszlai be named to the 2026 PFA Premier League Team of the Year?,0xd5a172faaf27f951f5bc5c2d19f18367ab85e9c963e7357a8433da84e895507e,"[""10904347939559348084889283384973600207001307228767801114856379948987944051302"", ""63514807846207217791796334733580770155958510280638850911506455990693175502240""]",10904347939559348084889283384973600207001307228767801114856379948987944051302|63514807846207217791796334733580770155958510280638850911506455990693175502240,63514807846207217791796334733580770155958510280638850911506455990693175502240,No,True,0.8,5.0,0.99,78.4,0.895,0.18999999999999995,2b8912920c005c30ceed7906668be50dff26bed0,0.01,5,,7.0147,100
2026-08-01T12:02:09Z,EPL,435490,epl-2026-team-of-the-season,EPL: 2026 PFA Team of the Year,2026-05-01T16:17:58.439577Z,2127681,will-moises-caicedo-be-named-to-the-2026-pfa-premier-league-team-of-the-year,Will Moises Caicedo be named to the 2026 PFA Premier League Team of the Year?,0x6a8a0e28a90c3880e21bb6de9eb98f12d5e81a8d88570a2c5b855ee60b6263ba,"[""13244409081849499988815460722411109697257731580831464114667102436005675343259"", ""41998463599395516608520033462694074004839767261466278584344671813809549672424""]",13244409081849499988815460722411109697257731580831464114667102436005675343259|41998463599395516608520033462694074004839767261466278584344671813809549672424,13244409081849499988815460722411109697257731580831464114667102436005675343259,Yes,True,0.01,78.4,0.31,7.22,0.16,0.3,874cce9bf4e808648327dc6690aa3943f22c8594,0.01,5,,76.9526,
2026-08-01T12:02:09Z,EPL,435490,epl-2026-team-of-the-season,EPL: 2026 PFA Team of the Year,2026-05-01T16:17:58.439577Z,2127681,will-moises-caicedo-be-named-to-the-2026-pfa-premier-league-team-of-the-year,Will Moises Caicedo be named to the 2026 PFA Premier League Team of the Year?,0x6a8a0e28a90c3880e21bb6de9eb98f12d5e81a8d88570a2c5b855ee60b6263ba,"[""13244409081849499988815460722411109697257731580831464114667102436005675343259"", ""41998463599395516608520033462694074004839767261466278584344671813809549672424""]",13244409081849499988815460722411109697257731580831464114667102436005675343259|41998463599395516608520033462694074004839767261466278584344671813809549672424,41998463599395516608520033462694074004839767261466278584344671813809549672424,No,True,0.69,7.22,0.99,78.4,0.84,0.30000000000000004,8caea4f369d1bd71748d27cd214464f7a874eb1f,0.01,5,,76.9526,
2026-08-01T12:02:09Z,EPL,435490,epl-2026-team-of-the-season,EPL: 2026 PFA Team of the Year,2026-05-01T16:17:58.439577Z,2127682,will-elliot-anderson-be-named-to-the-2026-pfa-premier-league-team-of-the-year,Will Elliot Anderson be named to the 2026 PFA Premier League Team of the Year?,0x3e7b9aff81e624e4f9ef7677696f2d4fae5837bdf83bd9ed2d62ec7a87aaf7a6,"[""2770428290325312677871192984476250158140993595717599201621714256969118294243"", ""87005572382727825804817777311897399081855387101457739624425019964385877189800""]",2770428290325312677871192984476250158140993595717599201621714256969118294243|87005572382727825804817777311897399081855387101457739624425019964385877189800,2770428290325312677871192984476250158140993595717599201621714256969118294243,Yes,True,0.26,100.0,0.44,100.0,0.35,0.18,49a7637e863ed89628771c14fad1bc41c96e33ec,0.01,5,,98.728,
2026-08-01T12:02:09Z,EPL,435490,epl-2026-team-of-the-season,EPL: 2026 PFA Team of the Year,2026-05-01T16:17:58.439577Z,2127682,will-elliot-anderson-be-named-to-the-2026-pfa-premier-league-team-of-the-year,Will Elliot Anderson be named to the 2026 PFA Premier League Team of the Year?,0x3e7b9aff81e624e4f9ef7677696f2d4fae5837bdf83bd9ed2d62ec7a87aaf7a6,"[""2770428290325312677871192984476250158140993595717599201621714256969118294243"", ""87005572382727825804817777311897399081855387101457739624425019964385877189800""]",2770428290325312677871192984476250158140993595717599201621714256969118294243|87005572382727825804817777311897399081855387101457739624425019964385877189800,87005572382727825804817777311897399081855387101457739624425019964385877189800,No,True,0.56,100.0,0.74,100.0,0.65,0.17999999999999994,b9e5916c4363abfce218e9a1f9f7bbe7753a13a2,0.01,5,,98.728,
2026-08-01T12:02:09Z,EPL,435490,epl-2026-team-of-the-season,EPL: 2026 PFA Team of the Year,2026-05-01T16:17:58.439577Z,2127683,will-erling-haaland-be-named-to-the-2026-pfa-premier-league-team-of-the-year,Will Erling Haaland be named to the 2026 PFA Premier League Team of the Year?,0x0a3ee85120cf7d2febbaba00b787db1bd1fdc7f80f8277d89675736a430e2065,"[""36505760582912364024564187063352953937975349358323597571083864672476590879653"", ""36939641234709193046881505450280116016622287455799963152747536559103079527590""]",36505760582912364024564187063352953937975349358323597571083864672476590879653|36939641234709193046881505450280116016622287455799963152747536559103079527590,36505760582912364024564187063352953937975349358323597571083864672476590879653,Yes,True,0.85,28.5,0.99,7.11,0.9199999999999999,0.14,9026e780522e0bfe58af6f16e1a34ddf66fad04e,0.01,5,0.010,493.0801,153.99
2026-08-01T12:02:09Z,EPL,435490,epl-2026-team-of-the-season,EPL: 2026 PFA Team of the Year,2026-05-01T16:17:58.439577Z,2127683,will-erling-haaland-be-named-to-the-2026-pfa-premier-league-team-of-the-year,Will Erling Haaland be named to the 2026 PFA Premier League Team of the Year?,0x0a3ee85120cf7d2febbaba00b787db1bd1fdc7f80f8277d89675736a430e2065,"[""36505760582912364024564187063352953937975349358323597571083864672476590879653"", ""36939641234709193046881505450280116016622287455799963152747536559103079527590""]",36505760582912364024564187063352953937975349358323597571083864672476590879653|36939641234709193046881505450280116016622287455799963152747536559103079527590,36939641234709193046881505450280116016622287455799963152747536559103079527590,No,True,0.01,7.11,0.15,28.5,0.08,0.13999999999999999,4526fec918cf3916eb81ee5855eb4216cb546f69,0.01,5,0.010,493.0801,153.99
2026-08-01T12:02:09Z,EPL,435490,epl-2026-team-of-the-season,EPL: 2026 PFA Team of the Year,2026-05-01T16:17:58.439577Z,2127684,will-hugo-ekitike-be-named-to-the-2026-pfa-premier-league-team-of-the-year,Will Hugo Ekitike be named to the 2026 PFA Premier League Team of the Year?,0x3ac387fc809af29edadb0c1881ecd88319f8b4ebb5b0a89a77a84e85f4a2099c,"[""21160761171799050394335213154237360537464294007297740615880003417666696561468"", ""57509889980199562878580001207297131252053963359675973392844979135378456666743""]",21160761171799050394335213154237360537464294007297740615880003417666696561468|57509889980199562878580001207297131252053963359675973392844979135378456666743,21160761171799050394335213154237360537464294007297740615880003417666696561468,Yes,True,0.01,78.4,0.18,10.0,0.095,0.16999999999999998,620abee5fb14f046997c79c45c8cafcb2aa41fc5,0.01,5,,13.942,
2026-08-01T12:02:09Z,EPL,435490,epl-2026-team-of-the-season,EPL: 2026 PFA Team of the Year,2026-05-01T16:17:58.439577Z,2127684,will-hugo-ekitike-be-named-to-the-2026-pfa-premier-league-team-of-the-year,Will Hugo Ekitike be named to the 2026 PFA Premier League Team of the Year?,0x3ac387fc809af29edadb0c1881ecd88319f8b4ebb5b0a89a77a84e85f4a2099c,"[""21160761171799050394335213154237360537464294007297740615880003417666696561468"", ""57509889980199562878580001207297131252053963359675973392844979135378456666743""]",21160761171799050394335213154237360537464294007297740615880003417666696561468|57509889980199562878580001207297131252053963359675973392844979135378456666743,57509889980199562878580001207297131252053963359675973392844979135378456666743,No,True,0.82,10.0,0.99,78.4,0.905,0.17000000000000004,35f79ff5dcc00ffd8179c543390262e9adb73489,0.01,5,,13.942,
2026-08-01T12:02:09Z,EPL,435490,epl-2026-team-of-the-season,EPL: 2026 PFA Team of the Year,2026-05-01T16:17:58.439577Z,2127685,will-igor-thiago-be-named-to-the-2026-pfa-premier-league-team-of-the-year,Will Igor Thiago be named to the 2026 PFA Premier League Team of the Year?,0x2565964258328ceff81b8dd027a9b4bfae11353bbfbb3e27625da025fffc2d97,"[""45116472354972988677943929968423217543948497597214084731838340702588569592863"", ""57509607526871690199395719807389480255858394821926865896302284337840164838738""]",45116472354972988677943929968423217543948497597214084731838340702588569592863|57509607526871690199395719807389480255858394821926865896302284337840164838738,45116472354972988677943929968423217543948497597214084731838340702588569592863,Yes,True,0.25,190.0,0.48,100.0,0.365,0.22999999999999998,0a82a5e7c6db51f27b27a8a843e123082bc59146,0.01,5,,105.5571,
2026-08-01T12:02:09Z,EPL,435490,epl-2026-team-of-the-season,EPL: 2026 PFA Team of the Year,2026-05-01T16:17:58.439577Z,2127685,will-igor-thiago-be-named-to-the-2026-pfa-premier-league-team-of-the-year,Will Igor Thiago be named to the 2026 PFA Premier League Team of the Year?,0x2565964258328ceff81b8dd027a9b4bfae11353bbfbb3e27625da025fffc2d97,"[""45116472354972988677943929968423217543948497597214084731838340702588569592863"", ""57509607526871690199395719807389480255858394821926865896302284337840164838738""]",45116472354972988677943929968423217543948497597214084731838340702588569592863|57509607526871690199395719807389480255858394821926865896302284337840164838738,57509607526871690199395719807389480255858394821926865896302284337840164838738,No,True,0.52,100.0,0.75,190.0,0.635,0.22999999999999998,a0a793d1ef9758d638076ce64eecc90d8984066e,0.01,5,,105.5571,
2026-08-01T12:02:09Z,EPL,435490,epl-2026-team-of-the-season,EPL: 2026 PFA Team of the Year,2026-05-01T16:17:58.439577Z,2127686,will-joo-pedro-be-named-to-the-2026-pfa-premier-league-team-of-the-year,Will João Pedro be named to the 2026 PFA Premier League Team of the Year?,0x6fce5bfb34549a3a2c919a87ed5948038ae259334b99c7626269b54b5aec2e0e,"[""32710637391248437289327028678783582535502723443825413307615920275857755767269"", ""76494283295406840675256483217001111989666469664619203128145658200939942333539""]",32710637391248437289327028678783582535502723443825413307615920275857755767269|76494283295406840675256483217001111989666469664619203128145658200939942333539,32710637391248437289327028678783582535502723443825413307615920275857755767269,Yes,True,0.01,78.4,0.18,69.39,0.095,0.16999999999999998,b8e2b10f3bd4d5b522cbdd98c8ffcb756e61e0d0,0.01,5,,61.4272,57.777776
2026-08-01T12:02:09Z,EPL,435490,epl-2026-team-of-the-season,EPL: 2026 PFA Team of the Year,2026-05-01T16:17:58.439577Z,2127686,will-joo-pedro-be-named-to-the-2026-pfa-premier-league-team-of-the-year,Will João Pedro be named to the 2026 PFA Premier League Team of the Year?,0x6fce5bfb34549a3a2c919a87ed5948038ae259334b99c7626269b54b5aec2e0e,"[""32710637391248437289327028678783582535502723443825413307615920275857755767269"", ""76494283295406840675256483217001111989666469664619203128145658200939942333539""]",32710637391248437289327028678783582535502723443825413307615920275857755767269|76494283295406840675256483217001111989666469664619203128145658200939942333539,76494283295406840675256483217001111989666469664619203128145658200939942333539,No,True,0.82,69.39,0.99,78.4,0.905,0.17000000000000004,deb918c612449f386ceded957914c4c25dbea2d8,0.01,5,,61.4272,57.777776
2026-08-01T12:02:09Z,EPL,435490,epl-2026-team-of-the-season,EPL: 2026 PFA Team of the Year,2026-05-01T16:17:58.439577Z,2127687,will-morgan-rogers-be-named-to-the-2026-pfa-premier-league-team-of-the-year,Will Morgan Rogers be named to the 2026 PFA Premier League Team of the Year?,0x96b8591e61ab8153068ed93e54c013f0e6b89cea2aa4e133fdfd9dafcded9277,"[""35606525977135678474506342380680226214353069361032301286284296655225714906882"", ""21333608757853284524355908501060578820412665842300321107531640970971045399525""]",35606525977135678474506342380680226214353069361032301286284296655225714906882|21333608757853284524355908501060578820412665842300321107531640970971045399525,35606525977135678474506342380680226214353069361032301286284296655225714906882,Yes,True,0.01,78.4,0.72,10.0,0.365,0.71,000455ea100f491058a6bb63442df7dbbc389903,0.01,5,,7.5179,
2026-08-01T12:02:09Z,EPL,435490,epl-2026-team-of-the-season,EPL: 2026 PFA Team of the Year,2026-05-01T16:17:58.439577Z,2127687,will-morgan-rogers-be-named-to-the-2026-pfa-premier-league-team-of-the-year,Will Morgan Rogers be named to the 2026 PFA Premier League Team of the Year?,0x96b8591e61ab8153068ed93e54c013f0e6b89cea2aa4e133fdfd9dafcded9277,"[""35606525977135678474506342380680226214353069361032301286284296655225714906882"", ""21333608757853284524355908501060578820412665842300321107531640970971045399525""]",35606525977135678474506342380680226214353069361032301286284296655225714906882|21333608757853284524355908501060578820412665842300321107531640970971045399525,21333608757853284524355908501060578820412665842300321107531640970971045399525,No,True,0.28,10.0,0.99,78.4,0.635,0.71,44988e7e77ee98b2b7fde007c33b0fb78a5238f6,0.01,5,,7.5179,
2026-08-01T12:02:09Z,EPL,435490,epl-2026-team-of-the-season,EPL: 2026 PFA Team of the Year,2026-05-01T16:17:58.439577Z,2127688,will-antoine-semenyo-be-named-to-the-2026-pfa-premier-league-team-of-the-year,Will Antoine Semenyo be named to the 2026 PFA Premier League Team of the Year?,0x1220c8ad3de1b3e3a079e832ec53f3cd4c3f014685820c7364e6feeec413e4d8,"[""76296603541032491222249921378613877627058194760954506807014743183408941333618"", ""21304560232739094042644316740439641499393814233414419162298081903469670924441""]",76296603541032491222249921378613877627058194760954506807014743183408941333618|21304560232739094042644316740439641499393814233414419162298081903469670924441,76296603541032491222249921378613877627058194760954506807014743183408941333618,Yes,True,0.18,9.26,0.97,20.13,0.575,0.79,348760973a1ed56896f549fd6a2a46b042d4ff13,0.01,5,0.400,192.4329,109.94165000000001
2026-08-01T12:02:09Z,EPL,435490,epl-2026-team-of-the-season,EPL: 2026 PFA Team of the Year,2026-05-01T16:17:58.439577Z,2127688,will-antoine-semenyo-be-named-to-the-2026-pfa-premier-league-team-of-the-year,Will Antoine Semenyo be named to the 2026 PFA Premier League Team of the Year?,0x1220c8ad3de1b3e3a079e832ec53f3cd4c3f014685820c7364e6feeec413e4d8,"[""76296603541032491222249921378613877627058194760954506807014743183408941333618"", ""21304560232739094042644316740439641499393814233414419162298081903469670924441""]",76296603541032491222249921378613877627058194760954506807014743183408941333618|21304560232739094042644316740439641499393814233414419162298081903469670924441,21304560232739094042644316740439641499393814233414419162298081903469670924441,No,True,0.03,20.13,0.82,9.26,0.425,0.7899999999999999,55a25602d94dad64286c20cc0470b09109059b0f,0.01,5,0.400,192.4329,109.94165000000001
2026-08-01T12:02:09Z,EPL,435490,epl-2026-team-of-the-season,EPL: 2026 PFA Team of the Year,2026-05-01T16:17:58.439577Z,2127689,will-jeremy-doku-be-named-to-the-2026-pfa-premier-league-team-of-the-year,Will Jeremy Doku be named to the 2026 PFA Premier League Team of the Year?,0xa879be670c7ecf3087a8bf9fc8cf43b4e415502e71e7910dd63ac8f80a56d87b,"[""3879696626646145930128886354978365884788235204398514844964568164322230593973"", ""79551627668553765432569263846776420950508270405186694496807348421004929288226""]",3879696626646145930128886354978365884788235204398514844964568164322230593973|79551627668553765432569263846776420950508270405186694496807348421004929288226,3879696626646145930128886354978365884788235204398514844964568164322230593973,Yes,True,0.01,14.32,0.27,1000.0,0.14,0.26,ce9daf6f9c6603ac98b9c98c0678f88fb59107a8,0.01,5,,805.8268,
2026-08-01T12:02:09Z,EPL,435490,epl-2026-team-of-the-season,EPL: 2026 PFA Team of the Year,2026-05-01T16:17:58.439577Z,2127689,will-jeremy-doku-be-named-to-the-2026-pfa-premier-league-team-of-the-year,Will Jeremy Doku be named to the 2026 PFA Premier League Team of the Year?,0xa879be670c7ecf3087a8bf9fc8cf43b4e415502e71e7910dd63ac8f80a56d87b,"[""3879696626646145930128886354978365884788235204398514844964568164322230593973"", ""79551627668553765432569263846776420950508270405186694496807348421004929288226""]",3879696626646145930128886354978365884788235204398514844964568164322230593973|79551627668553765432569263846776420950508270405186694496807348421004929288226,79551627668553765432569263846776420950508270405186694496807348421004929288226,No,True,0.73,1000.0,0.99,14.32,0.86,0.26,5ffda56a697a1fb554b806cb4a424c77ce53bddc,0.01,5,,805.8268,
2026-08-01T12:02:09Z,EPL,435490,epl-2026-team-of-the-season,EPL: 2026 PFA Team of the Year,2026-05-01T16:17:58.439577Z,2127690,will-bryan-mbeumo-be-named-to-the-2026-pfa-premier-league-team-of-the-year,Will Bryan Mbeumo be named to the 2026 PFA Premier League Team of the Year?,0xbc5c1fe3e7dd57070ca528cd85b158334b7aa9ee0c87b22c861586f82f115f53,"[""91785058119765698978951103847186849259631214663163177270696303972172010570357"", ""57423228513700841810717133678013622282899538997222385821885417665448518434118""]",91785058119765698978951103847186849259631214663163177270696303972172010570357|57423228513700841810717133678013622282899538997222385821885417665448518434118,91785058119765698978951103847186849259631214663163177270696303972172010570357,Yes,True,0.05,20.0,0.36,6.6,0.205,0.31,e6208a8e1d33666172ec51bc4a5052603cff22f2,0.01,5,,70.7916,
2026-08-01T12:02:09Z,EPL,435490,epl-2026-team-of-the-season,EPL: 2026 PFA Team of the Year,2026-05-01T16:17:58.439577Z,2127690,will-bryan-mbeumo-be-named-to-the-2026-pfa-premier-league-team-of-the-year,Will Bryan Mbeumo be named to the 2026 PFA Premier League Team of the Year?,0xbc5c1fe3e7dd57070ca528cd85b158334b7aa9ee0c87b22c861586f82f115f53,"[""91785058119765698978951103847186849259631214663163177270696303972172010570357"", ""57423228513700841810717133678013622282899538997222385821885417665448518434118""]",91785058119765698978951103847186849259631214663163177270696303972172010570357|57423228513700841810717133678013622282899538997222385821885417665448518434118,57423228513700841810717133678013622282899538997222385821885417665448518434118,No,True,0.64,6.6,0.95,20.0,0.7949999999999999,0.30999999999999994,f4f27d2786e9ca6691ba13ccabbeaab6cf64f1e7,0.01,5,,70.7916,
2026-08-01T12:02:09Z,EPL,435490,epl-2026-team-of-the-season,EPL: 2026 PFA Team of the Year,2026-05-01T16:17:58.439577Z,2127691,will-jarrod-bowen-be-named-to-the-2026-pfa-premier-league-team-of-the-year,Will Jarrod Bowen be named to the 2026 PFA Premier League Team of the Year?,0x7352d3b05ddd64c22487c855e05c0485348e49d0dad74d9bde2c0478db43701e,"[""72676667720459668200165137999841534576126998576490942457742996617745849748718"", ""93972487936526721423770075279455909737407561133246099106446256232697159064557""]",72676667720459668200165137999841534576126998576490942457742996617745849748718|93972487936526721423770075279455909737407561133246099106446256232697159064557,72676667720459668200165137999841534576126998576490942457742996617745849748718,Yes,True,0.02,32.48,0.1,117.68,0.060000000000000005,0.08,7037eace162acd1db7c69c3066d88bd5fd55da23,0.01,5,,110.8599,
2026-08-01T12:02:09Z,EPL,435490,epl-2026-team-of-the-season,EPL: 2026 PFA Team of the Year,2026-05-01T16:17:58.439577Z,2127691,will-jarrod-bowen-be-named-to-the-2026-pfa-premier-league-team-of-the-year,Will Jarrod Bowen be named to the 2026 PFA Premier League Team of the Year?,0x7352d3b05ddd64c22487c855e05c0485348e49d0dad74d9bde2c0478db43701e,"[""72676667720459668200165137999841534576126998576490942457742996617745849748718"", ""93972487936526721423770075279455909737407561133246099106446256232697159064557""]",72676667720459668200165137999841534576126998576490942457742996617745849748718|93972487936526721423770075279455909737407561133246099106446256232697159064557,93972487936526721423770075279455909737407561133246099106446256232697159064557,No,True,0.9,117.68,0.98,32.48,0.94,0.07999999999999996,56f8e06b08c4f56be56a664138b325cdba508a2d,0.01,5,,110.8599,
2026-08-01T12:02:09Z,EPL,435490,epl-2026-team-of-the-season,EPL: 2026 PFA Team of the Year,2026-05-01T16:17:58.439577Z,2127692,will-phil-foden-be-named-to-the-2026-pfa-premier-league-team-of-the-year,Will Phil Foden be named to the 2026 PFA Premier League Team of the Year?,0x0f4085f5c4961b9029c600d4f976d0594a302e9f365552b48f500b655f2ac4fa,"[""8033894410953638407847681522327346336043237396295679948351222439635117761656"", ""89182645560093896409280692775338915223534298743660692930735700909064064285484""]",8033894410953638407847681522327346336043237396295679948351222439635117761656|89182645560093896409280692775338915223534298743660692930735700909064064285484,8033894410953638407847681522327346336043237396295679948351222439635117761656,Yes,True,0.01,78.4,0.19,10.0,0.1,0.18,4e7785863d32836c12cf76397cfcb895b0f248df,0.01,5,,151.1974,
2026-08-01T12:02:09Z,EPL,435490,epl-2026-team-of-the-season,EPL: 2026 PFA Team of the Year,2026-05-01T16:17:58.439577Z,2127692,will-phil-foden-be-named-to-the-2026-pfa-premier-league-team-of-the-year,Will Phil Foden be named to the 2026 PFA Premier League Team of the Year?,0x0f4085f5c4961b9029c600d4f976d0594a302e9f365552b48f500b655f2ac4fa,"[""8033894410953638407847681522327346336043237396295679948351222439635117761656"", ""89182645560093896409280692775338915223534298743660692930735700909064064285484""]",8033894410953638407847681522327346336043237396295679948351222439635117761656|89182645560093896409280692775338915223534298743660692930735700909064064285484,89182645560093896409280692775338915223534298743660692930735700909064064285484,No,True,0.81,10.0,0.99,78.4,0.9,0.17999999999999994,d0446c41ccfa952d17957ed8f71f26ad7b9fac1c,0.01,5,,151.1974,
2026-08-01T12:02:09Z,EPL,435490,epl-2026-team-of-the-season,EPL: 2026 PFA Team of the Year,2026-05-01T16:17:58.439577Z,2127693,will-bukayo-saka-be-named-to-the-2026-pfa-premier-league-team-of-the-year,Will Bukayo Saka be named to the 2026 PFA Premier League Team of the Year?,0xb31d5274c8acbc2b023593c03fe1cb6367f42a9596ebb5d61b3204457b980730,"[""3899512605908669133631802955015968710467998848723391934123440957914049621850"", ""50079801685037680014087676599806731271595381000363699907442053815397821742247""]",3899512605908669133631802955015968710467998848723391934123440957914049621850|50079801685037680014087676599806731271595381000363699907442053815397821742247,3899512605908669133631802955015968710467998848723391934123440957914049621850,Yes,True,0.16,5.0,0.76,100.0,0.46,0.6,a73b6b250e280fa2bd2d75de1feebf31dcc23569,0.01,5,0.370,46.3275,124.88335400000001
2026-08-01T12:02:09Z,EPL,435490,epl-2026-team-of-the-season,EPL: 2026 PFA Team of the Year,2026-05-01T16:17:58.439577Z,2127693,will-bukayo-saka-be-named-to-the-2026-pfa-premier-league-team-of-the-year,Will Bukayo Saka be named to the 2026 PFA Premier League Team of the Year?,0xb31d5274c8acbc2b023593c03fe1cb6367f42a9596ebb5d61b3204457b980730,"[""3899512605908669133631802955015968710467998848723391934123440957914049621850"", ""50079801685037680014087676599806731271595381000363699907442053815397821742247""]",3899512605908669133631802955015968710467998848723391934123440957914049621850|50079801685037680014087676599806731271595381000363699907442053815397821742247,50079801685037680014087676599806731271595381000363699907442053815397821742247,No,True,0.24,100.0,0.84,5.0,0.54,0.6,c577d1328cfe2cbac2ce2cf034614e52704a65af,0.01,5,0.370,46.3275,124.88335400000001
2026-08-01T12:02:09Z,EPL,741502,epl-will-jeff-bezos-be-announced-as-new-liverpool-owner-in-2026-20260722181029339,EPL: Will Jeff Bezos Be Announced as New Liverpool Owner in 2026?,2026-07-24T02:09:07.515064Z,3075557,epl-will-jeff-bezos-be-announced-as-new-liverpool-owner-in-2026-20260722181029339,EPL: Will Jeff Bezos Be Announced as New Liverpool Owner in 2026?,0xf80b06a0af0b0d125260dd874181f7719b744202726b1261630c1e6f47d194b2,"[""111441089755454304558071463386774833085904282688880366696455604871865425149250"", ""96618024647558019955854864607964662434776153113184066607977558350988819171463""]",111441089755454304558071463386774833085904282688880366696455604871865425149250|96618024647558019955854864607964662434776153113184066607977558350988819171463,111441089755454304558071463386774833085904282688880366696455604871865425149250,Yes,True,0.06,40.0,0.38,40.0,0.22,0.32,6c26153f134e238183466c8c868addcac1935687,0.01,5,0.840,79.325,2530.877093
2026-08-01T12:02:09Z,EPL,741502,epl-will-jeff-bezos-be-announced-as-new-liverpool-owner-in-2026-20260722181029339,EPL: Will Jeff Bezos Be Announced as New Liverpool Owner in 2026?,2026-07-24T02:09:07.515064Z,3075557,epl-will-jeff-bezos-be-announced-as-new-liverpool-owner-in-2026-20260722181029339,EPL: Will Jeff Bezos Be Announced as New Liverpool Owner in 2026?,0xf80b06a0af0b0d125260dd874181f7719b744202726b1261630c1e6f47d194b2,"[""111441089755454304558071463386774833085904282688880366696455604871865425149250"", ""96618024647558019955854864607964662434776153113184066607977558350988819171463""]",111441089755454304558071463386774833085904282688880366696455604871865425149250|96618024647558019955854864607964662434776153113184066607977558350988819171463,96618024647558019955854864607964662434776153113184066607977558350988819171463,No,True,0.62,40.0,0.94,40.0,0.78,0.31999999999999995,8c03fb6b9f13a80429d2c169e9941ea5686ded45,0.01,5,0.840,79.325,2530.877093
2026-08-01T13:10:38Z,EPL,333084,epl-team-to-qualify-for-uefa-conference-league,EPL: Team to qualify for UEFA Conference League,2026-04-01T17:27:13.650134Z,1818367,will-arsenal-qualify-for-the-league-phase-of-the-2026-27-uefa-conference-league,Will Arsenal qualify for the League Phase of the 2026-27 UEFA Conference League?,0xe303639e6e879ac5dac9632362583523a2c1ff1ac46645f45fd5c1e7034b3ef7,"[""68901380712839851395966644282518000143877097473327410904576810621084636054002"", ""14101352633367703776049560107649243928150035657062243340231594815518398887879""]",68901380712839851395966644282518000143877097473327410904576810621084636054002|14101352633367703776049560107649243928150035657062243340231594815518398887879,68901380712839851395966644282518000143877097473327410904576810621084636054002,Yes,False,,,,,,,,,,,,467.35890000000006
2026-08-01T13:10:38Z,EPL,333084,epl-team-to-qualify-for-uefa-conference-league,EPL: Team to qualify for UEFA Conference League,2026-04-01T17:27:13.650134Z,1818367,will-arsenal-qualify-for-the-league-phase-of-the-2026-27-uefa-conference-league,Will Arsenal qualify for the League Phase of the 2026-27 UEFA Conference League?,0xe303639e6e879ac5dac9632362583523a2c1ff1ac46645f45fd5c1e7034b3ef7,"[""68901380712839851395966644282518000143877097473327410904576810621084636054002"", ""14101352633367703776049560107649243928150035657062243340231594815518398887879""]",68901380712839851395966644282518000143877097473327410904576810621084636054002|14101352633367703776049560107649243928150035657062243340231594815518398887879,14101352633367703776049560107649243928150035657062243340231594815518398887879,No,False,,,,,,,,,,,,467.35890000000006
2026-08-01T13:10:38Z,EPL,333084,epl-team-to-qualify-for-uefa-conference-league,EPL: Team to qualify for UEFA Conference League,2026-04-01T17:27:13.650134Z,1818368,will-aston-villa-qualify-for-the-league-phase-of-the-2026-27-uefa-conference-league,Will Aston Villa qualify for the League Phase of the 2026-27 UEFA Conference League?,0x28177c964d8b9d218ddc13dac289b4d63545aec7329fb69b12413e1a10a75457,"[""31823132354185101528875214330987706903655516243832510690074648671327601851551"", ""24610182176230826024523430019874907375950075107195029433984156474474467506756""]",31823132354185101528875214330987706903655516243832510690074648671327601851551|24610182176230826024523430019874907375950075107195029433984156474474467506756,31823132354185101528875214330987706903655516243832510690074648671327601851551,Yes,False,,,,,,,,,,,,118.34
2026-08-01T13:10:38Z,EPL,333084,epl-team-to-qualify-for-uefa-conference-league,EPL: Team to qualify for UEFA Conference League,2026-04-01T17:27:13.650134Z,1818368,will-aston-villa-qualify-for-the-league-phase-of-the-2026-27-uefa-conference-league,Will Aston Villa qualify for the League Phase of the 2026-27 UEFA Conference League?,0x28177c964d8b9d218ddc13dac289b4d63545aec7329fb69b12413e1a10a75457,"[""31823132354185101528875214330987706903655516243832510690074648671327601851551"", ""24610182176230826024523430019874907375950075107195029433984156474474467506756""]",31823132354185101528875214330987706903655516243832510690074648671327601851551|24610182176230826024523430019874907375950075107195029433984156474474467506756,24610182176230826024523430019874907375950075107195029433984156474474467506756,No,False,,,,,,,,,,,,118.34
2026-08-01T13:10:38Z,EPL,333084,epl-team-to-qualify-for-uefa-conference-league,EPL: Team to qualify for UEFA Conference League,2026-04-01T17:27:13.650134Z,1818369,will-bournemouth-qualify-for-the-league-phase-of-the-2026-27-uefa-conference-league,Will Bournemouth qualify for the League Phase of the 2026-27 UEFA Conference League?,0x767a11689ea743287c46af43309a57c52055b201a44546f1151ebe770848a4c2,"[""51037068800800327301977700578792391802166844203670527997794112211084782282749"", ""49880512765242008305101129568216821495775216606287544487246019230820484318812""]",51037068800800327301977700578792391802166844203670527997794112211084782282749|49880512765242008305101129568216821495775216606287544487246019230820484318812,51037068800800327301977700578792391802166844203670527997794112211084782282749,Yes,False,,,,,,,,,,,,104.230768
2026-08-01T13:10:38Z,EPL,333084,epl-team-to-qualify-for-uefa-conference-league,EPL: Team to qualify for UEFA Conference League,2026-04-01T17:27:13.650134Z,1818369,will-bournemouth-qualify-for-the-league-phase-of-the-2026-27-uefa-conference-league,Will Bournemouth qualify for the League Phase of the 2026-27 UEFA Conference League?,0x767a11689ea743287c46af43309a57c52055b201a44546f1151ebe770848a4c2,"[""51037068800800327301977700578792391802166844203670527997794112211084782282749"", ""49880512765242008305101129568216821495775216606287544487246019230820484318812""]",51037068800800327301977700578792391802166844203670527997794112211084782282749|49880512765242008305101129568216821495775216606287544487246019230820484318812,49880512765242008305101129568216821495775216606287544487246019230820484318812,No,False,,,,,,,,,,,,104.230768
2026-08-01T13:10:38Z,EPL,333084,epl-team-to-qualify-for-uefa-conference-league,EPL: Team to qualify for UEFA Conference League,2026-04-01T17:27:13.650134Z,1818370,will-brentford-qualify-for-the-league-phase-of-the-2026-27-uefa-conference-league,Will Brentford qualify for the League Phase of the 2026-27 UEFA Conference League?,0x0389abffb5ab63bd6aa4c5a51d9d3aa9448f20cd4ce3aa635fefd2f2349c3a31,"[""28387783984422789854592851598345905688234938653031916751801472369971729754741"", ""114832188258694701659066568174555689813627221405189198849646410747085620840644""]",28387783984422789854592851598345905688234938653031916751801472369971729754741|114832188258694701659066568174555689813627221405189198849646410747085620840644,28387783984422789854592851598345905688234938653031916751801472369971729754741,Yes,False,,,,,,,,,,,,65
2026-08-01T13:10:38Z,EPL,333084,epl-team-to-qualify-for-uefa-conference-league,EPL: Team to qualify for UEFA Conference League,2026-04-01T17:27:13.650134Z,1818370,will-brentford-qualify-for-the-league-phase-of-the-2026-27-uefa-conference-league,Will Brentford qualify for the League Phase of the 2026-27 UEFA Conference League?,0x0389abffb5ab63bd6aa4c5a51d9d3aa9448f20cd4ce3aa635fefd2f2349c3a31,"[""28387783984422789854592851598345905688234938653031916751801472369971729754741"", ""114832188258694701659066568174555689813627221405189198849646410747085620840644""]",28387783984422789854592851598345905688234938653031916751801472369971729754741|114832188258694701659066568174555689813627221405189198849646410747085620840644,114832188258694701659066568174555689813627221405189198849646410747085620840644,No,False,,,,,,,,,,,,65
2026-08-01T13:10:38Z,EPL,333084,epl-team-to-qualify-for-uefa-conference-league,EPL: Team to qualify for UEFA Conference League,2026-04-01T17:27:13.650134Z,1818371,will-brighton-hove-albion-qualify-for-the-league-phase-of-the-2026-27-uefa-conference-league,Will Brighton & Hove Albion qualify for the League Phase of the 2026-27 UEFA Conference League?,0x4e11ad07550e879b771bb74aa2ac543182c0b555f4fd86aaa8c9818d64b91f25,"[""91139930726622392742704198140499166850579482457098783277042371092513674941494"", ""75555949500072945185762043512718261040129266196955015758692797567174442576587""]",91139930726622392742704198140499166850579482457098783277042371092513674941494|75555949500072945185762043512718261040129266196955015758692797567174442576587,91139930726622392742704198140499166850579482457098783277042371092513674941494,Yes,True,0.404,40.0,0.938,70.0,0.671,0.5339999999999999,1a00cd1a18bacfd22d6ef6f3aaea19821a9bd9f6,0.001,5,0.900,182.24666,1233.9694859999997
2026-08-01T13:10:38Z,EPL,333084,epl-team-to-qualify-for-uefa-conference-league,EPL: Team to qualify for UEFA Conference League,2026-04-01T17:27:13.650134Z,1818371,will-brighton-hove-albion-qualify-for-the-league-phase-of-the-2026-27-uefa-conference-league,Will Brighton & Hove Albion qualify for the League Phase of the 2026-27 UEFA Conference League?,0x4e11ad07550e879b771bb74aa2ac543182c0b555f4fd86aaa8c9818d64b91f25,"[""91139930726622392742704198140499166850579482457098783277042371092513674941494"", ""75555949500072945185762043512718261040129266196955015758692797567174442576587""]",91139930726622392742704198140499166850579482457098783277042371092513674941494|75555949500072945185762043512718261040129266196955015758692797567174442576587,75555949500072945185762043512718261040129266196955015758692797567174442576587,No,True,0.062,70.0,0.596,40.0,0.32899999999999996,0.534,e8c04d3396d5c06cd4bddfb239b24307321966f8,0.001,5,0.900,182.24666,1233.9694859999997
2026-08-01T13:10:38Z,EPL,333084,epl-team-to-qualify-for-uefa-conference-league,EPL: Team to qualify for UEFA Conference League,2026-04-01T17:27:13.650134Z,1818372,will-chelsea-qualify-for-the-league-phase-of-the-2026-27-uefa-conference-league,Will Chelsea qualify for the League Phase of the 2026-27 UEFA Conference League?,0xa0a419e4b455bbeb1ac06050bf572bbf636c70dc688f201eda6beb257e0ecccf,"[""24304404136401853611354679156736471836167449603878002382670170418575244748347"", ""34932573794344542041315686660932662303391519134203250572504686994553601884919""]",24304404136401853611354679156736471836167449603878002382670170418575244748347|34932573794344542041315686660932662303391519134203250572504686994553601884919,24304404136401853611354679156736471836167449603878002382670170418575244748347,Yes,False,,,,,,,,,,,,193.140308
2026-08-01T13:10:38Z,EPL,333084,epl-team-to-qualify-for-uefa-conference-league,EPL: Team to qualify for UEFA Conference League,2026-04-01T17:27:13.650134Z,1818372,will-chelsea-qualify-for-the-league-phase-of-the-2026-27-uefa-conference-league,Will Chelsea qualify for the League Phase of the 2026-27 UEFA Conference League?,0xa0a419e4b455bbeb1ac06050bf572bbf636c70dc688f201eda6beb257e0ecccf,"[""24304404136401853611354679156736471836167449603878002382670170418575244748347"", ""34932573794344542041315686660932662303391519134203250572504686994553601884919""]",24304404136401853611354679156736471836167449603878002382670170418575244748347|34932573794344542041315686660932662303391519134203250572504686994553601884919,34932573794344542041315686660932662303391519134203250572504686994553601884919,No,False,,,,,,,,,,,,193.140308
2026-08-01T13:10:38Z,EPL,333084,epl-team-to-qualify-for-uefa-conference-league,EPL: Team to qualify for UEFA Conference League,2026-04-01T17:27:13.650134Z,1818373,will-crystal-palace-qualify-for-the-league-phase-of-the-2026-27-uefa-conference-league,Will Crystal Palace qualify for the League Phase of the 2026-27 UEFA Conference League?,0x7fcff1b74a273c0e48b01dafa03fd994fc6d6a80faf2f401808a1f7c906231e2,"[""83595360800340582836220415327748792858014632655765677024450652227649872829217"", ""8722778550304158158775908112102831721712668882628498669387415627760731221547""]",83595360800340582836220415327748792858014632655765677024450652227649872829217|8722778550304158158775908112102831721712668882628498669387415627760731221547,83595360800340582836220415327748792858014632655765677024450652227649872829217,Yes,False,,,,,,,,,,,,55.10415
2026-08-01T13:10:38Z,EPL,333084,epl-team-to-qualify-for-uefa-conference-league,EPL: Team to qualify for UEFA Conference League,2026-04-01T17:27:13.650134Z,1818373,will-crystal-palace-qualify-for-the-league-phase-of-the-2026-27-uefa-conference-league,Will Crystal Palace qualify for the League Phase of the 2026-27 UEFA Conference League?,0x7fcff1b74a273c0e48b01dafa03fd994fc6d6a80faf2f401808a1f7c906231e2,"[""83595360800340582836220415327748792858014632655765677024450652227649872829217"", ""8722778550304158158775908112102831721712668882628498669387415627760731221547""]",83595360800340582836220415327748792858014632655765677024450652227649872829217|8722778550304158158775908112102831721712668882628498669387415627760731221547,8722778550304158158775908112102831721712668882628498669387415627760731221547,No,False,,,,,,,,,,,,55.10415
2026-08-01T13:10:38Z,EPL,333084,epl-team-to-qualify-for-uefa-conference-league,EPL: Team to qualify for UEFA Conference League,2026-04-01T17:27:13.650134Z,1818374,will-everton-qualify-for-the-league-phase-of-the-2026-27-uefa-conference-league,Will Everton qualify for the League Phase of the 2026-27 UEFA Conference League?,0xc2d06ea1b36aa2af374778802062278b37c0681e80b8b30d440eea8c89c69efa,"[""4166923647964243798214643118596450748550925708271797356837126450441673128307"", ""38675784671269789218225363889508272390729885225646140690421495748338190385226""]",4166923647964243798214643118596450748550925708271797356837126450441673128307|38675784671269789218225363889508272390729885225646140690421495748338190385226,4166923647964243798214643118596450748550925708271797356837126450441673128307,Yes,False,,,,,,,,,,,,481.81
2026-08-01T13:10:38Z,EPL,333084,epl-team-to-qualify-for-uefa-conference-league,EPL: Team to qualify for UEFA Conference League,2026-04-01T17:27:13.650134Z,1818374,will-everton-qualify-for-the-league-phase-of-the-2026-27-uefa-conference-league,Will Everton qualify for the League Phase of the 2026-27 UEFA Conference League?,0xc2d06ea1b36aa2af374778802062278b37c0681e80b8b30d440eea8c89c69efa,"[""4166923647964243798214643118596450748550925708271797356837126450441673128307"", ""38675784671269789218225363889508272390729885225646140690421495748338190385226""]",4166923647964243798214643118596450748550925708271797356837126450441673128307|38675784671269789218225363889508272390729885225646140690421495748338190385226,38675784671269789218225363889508272390729885225646140690421495748338190385226,No,False,,,,,,,,,,,,481.81
2026-08-01T13:10:38Z,EPL,333084,epl-team-to-qualify-for-uefa-conference-league,EPL: Team to qualify for UEFA Conference League,2026-04-01T17:27:13.650134Z,1818375,will-fulham-qualify-for-the-league-phase-of-the-2026-27-uefa-conference-league,Will Fulham qualify for the League Phase of the 2026-27 UEFA Conference League?,0xa9c80d9e6d42b63441eb65788fa6715dd14e46e84e92ab0af524aa71de00e9fe,"[""58173349290615436261874750189700214187364770220706840363443501392029514828013"", ""68870830613563352664780739176635792396465611522859759407689581346809698393825""]",58173349290615436261874750189700214187364770220706840363443501392029514828013|68870830613563352664780739176635792396465611522859759407689581346809698393825,58173349290615436261874750189700214187364770220706840363443501392029514828013,Yes,False,,,,,,,,,,,,529.6700000000001
2026-08-01T13:10:38Z,EPL,333084,epl-team-to-qualify-for-uefa-conference-league,EPL: Team to qualify for UEFA Conference League,2026-04-01T17:27:13.650134Z,1818375,will-fulham-qualify-for-the-league-phase-of-the-2026-27-uefa-conference-league,Will Fulham qualify for the League Phase of the 2026-27 UEFA Conference League?,0xa9c80d9e6d42b63441eb65788fa6715dd14e46e84e92ab0af524aa71de00e9fe,"[""58173349290615436261874750189700214187364770220706840363443501392029514828013"", ""68870830613563352664780739176635792396465611522859759407689581346809698393825""]",58173349290615436261874750189700214187364770220706840363443501392029514828013|68870830613563352664780739176635792396465611522859759407689581346809698393825,68870830613563352664780739176635792396465611522859759407689581346809698393825,No,False,,,,,,,,,,,,529.6700000000001
2026-08-01T13:10:38Z,EPL,333084,epl-team-to-qualify-for-uefa-conference-league,EPL: Team to qualify for UEFA Conference League,2026-04-01T17:27:13.650134Z,1818376,will-ipswich-town-qualify-for-the-league-phase-of-the-2026-27-uefa-conference-league,Will Ipswich Town qualify for the League Phase of the 2026-27 UEFA Conference League?,0xfd1fd6c7c9106ccdc0a48fb64385b352808d5f6a4eb0157cb37b834002772000,"[""34575040317828011543308948862359294748447343494151397521995978862299718496252"", ""32703218917373905712439402416747473136357574974365039086658033726899781984701""]",34575040317828011543308948862359294748447343494151397521995978862299718496252|32703218917373905712439402416747473136357574974365039086658033726899781984701,34575040317828011543308948862359294748447343494151397521995978862299718496252,Yes,False,,,,,,,,,,,,185.7979
2026-08-01T13:10:38Z,EPL,333084,epl-team-to-qualify-for-uefa-conference-league,EPL: Team to qualify for UEFA Conference League,2026-04-01T17:27:13.650134Z,1818376,will-ipswich-town-qualify-for-the-league-phase-of-the-2026-27-uefa-conference-league,Will Ipswich Town qualify for the League Phase of the 2026-27 UEFA Conference League?,0xfd1fd6c7c9106ccdc0a48fb64385b352808d5f6a4eb0157cb37b834002772000,"[""34575040317828011543308948862359294748447343494151397521995978862299718496252"", ""32703218917373905712439402416747473136357574974365039086658033726899781984701""]",34575040317828011543308948862359294748447343494151397521995978862299718496252|32703218917373905712439402416747473136357574974365039086658033726899781984701,32703218917373905712439402416747473136357574974365039086658033726899781984701,No,False,,,,,,,,,,,,185.7979
2026-08-01T13:10:38Z,EPL,333084,epl-team-to-qualify-for-uefa-conference-league,EPL: Team to qualify for UEFA Conference League,2026-04-01T17:27:13.650134Z,1818377,will-leicester-city-qualify-for-the-league-phase-of-the-2026-27-uefa-conference-league,Will Leicester City qualify for the League Phase of the 2026-27 UEFA Conference League?,0x7f23bad03e49e8691193b374466a982f76952cc0658302268f2122380250f91d,"[""36855782576831156580765175743466253787995589729798761982205435744452738857165"", ""63267615403020851545105138792098005654530731396339683005908577788229989628684""]",36855782576831156580765175743466253787995589729798761982205435744452738857165|63267615403020851545105138792098005654530731396339683005908577788229989628684,36855782576831156580765175743466253787995589729798761982205435744452738857165,Yes,False,,,,,,,,,,,,185.5555
2026-08-01T13:10:38Z,EPL,333084,epl-team-to-qualify-for-uefa-conference-league,EPL: Team to qualify for UEFA Conference League,2026-04-01T17:27:13.650134Z,1818377,will-leicester-city-qualify-for-the-league-phase-of-the-2026-27-uefa-conference-league,Will Leicester City qualify for the League Phase of the 2026-27 UEFA Conference League?,0x7f23bad03e49e8691193b374466a982f76952cc0658302268f2122380250f91d,"[""36855782576831156580765175743466253787995589729798761982205435744452738857165"", ""63267615403020851545105138792098005654530731396339683005908577788229989628684""]",36855782576831156580765175743466253787995589729798761982205435744452738857165|63267615403020851545105138792098005654530731396339683005908577788229989628684,63267615403020851545105138792098005654530731396339683005908577788229989628684,No,False,,,,,,,,,,,,185.5555
2026-08-01T13:10:38Z,EPL,333084,epl-team-to-qualify-for-uefa-conference-league,EPL: Team to qualify for UEFA Conference League,2026-04-01T17:27:13.650134Z,1818378,will-liverpool-qualify-for-the-league-phase-of-the-2026-27-uefa-conference-league,Will Liverpool qualify for the League Phase of the 2026-27 UEFA Conference League?,0x0f39d177f78abd438be984b36f264c13de879b346ae40bfea0ababc108b83f64,"[""65988948624774144931622911564364302133312968519504468408474435267221324233196"", ""115130602602129428285461614417924472558165741430309539659330809798396288056300""]",65988948624774144931622911564364302133312968519504468408474435267221324233196|115130602602129428285461614417924472558165741430309539659330809798396288056300,65988948624774144931622911564364302133312968519504468408474435267221324233196,Yes,False,,,,,,,,,,,0,175.5
2026-08-01T13:10:38Z,EPL,333084,epl-team-to-qualify-for-uefa-conference-league,EPL: Team to qualify for UEFA Conference League,2026-04-01T17:27:13.650134Z,1818378,will-liverpool-qualify-for-the-league-phase-of-the-2026-27-uefa-conference-league,Will Liverpool qualify for the League Phase of the 2026-27 UEFA Conference League?,0x0f39d177f78abd438be984b36f264c13de879b346ae40bfea0ababc108b83f64,"[""65988948624774144931622911564364302133312968519504468408474435267221324233196"", ""115130602602129428285461614417924472558165741430309539659330809798396288056300""]",65988948624774144931622911564364302133312968519504468408474435267221324233196|115130602602129428285461614417924472558165741430309539659330809798396288056300,115130602602129428285461614417924472558165741430309539659330809798396288056300,No,False,,,,,,,,,,,0,175.5
2026-08-01T13:10:38Z,EPL,333084,epl-team-to-qualify-for-uefa-conference-league,EPL: Team to qualify for UEFA Conference League,2026-04-01T17:27:13.650134Z,1818379,will-manchester-city-qualify-for-the-league-phase-of-the-2026-27-uefa-conference-league,Will Manchester City qualify for the League Phase of the 2026-27 UEFA Conference League?,0x9f502be87b77866442714675eeb0ceec67b36469dab587b15862716b95a22a65,"[""81955707153623233000480445669873960416969320182377332341762765419704043622092"", ""63903621190034107756618838956749324043719317201688365281214818158837560760762""]",81955707153623233000480445669873960416969320182377332341762765419704043622092|63903621190034107756618838956749324043719317201688365281214818158837560760762,81955707153623233000480445669873960416969320182377332341762765419704043622092,Yes,False,,,,,,,,,,,,239.96210000000002
2026-08-01T13:10:38Z,EPL,333084,epl-team-to-qualify-for-uefa-conference-league,EPL: Team to qualify for UEFA Conference League,2026-04-01T17:27:13.650134Z,1818379,will-manchester-city-qualify-for-the-league-phase-of-the-2026-27-uefa-conference-league,Will Manchester City qualify for the League Phase of the 2026-27 UEFA Conference League?,0x9f502be87b77866442714675eeb0ceec67b36469dab587b15862716b95a22a65,"[""81955707153623233000480445669873960416969320182377332341762765419704043622092"", ""63903621190034107756618838956749324043719317201688365281214818158837560760762""]",81955707153623233000480445669873960416969320182377332341762765419704043622092|63903621190034107756618838956749324043719317201688365281214818158837560760762,63903621190034107756618838956749324043719317201688365281214818158837560760762,No,False,,,,,,,,,,,,239.96210000000002
2026-08-01T13:10:38Z,EPL,333084,epl-team-to-qualify-for-uefa-conference-league,EPL: Team to qualify for UEFA Conference League,2026-04-01T17:27:13.650134Z,1818380,will-manchester-united-qualify-for-the-league-phase-of-the-2026-27-uefa-conference-league,Will Manchester United qualify for the League Phase of the 2026-27 UEFA Conference League?,0x10faa15e034abb4d8b58e96fa9cceaeba84182d8d26061672b3090ef60c474c7,"[""14537963265850539015090671292913129800573442530565687433985001158662408488535"", ""24584985274241329793529868323709359334793457968867512216477798918303927163120""]",14537963265850539015090671292913129800573442530565687433985001158662408488535|24584985274241329793529868323709359334793457968867512216477798918303927163120,14537963265850539015090671292913129800573442530565687433985001158662408488535,Yes,False,,,,,,,,,,,,654.06
2026-08-01T13:10:38Z,EPL,333084,epl-team-to-qualify-for-uefa-conference-league,EPL: Team to qualify for UEFA Conference League,2026-04-01T17:27:13.650134Z,1818380,will-manchester-united-qualify-for-the-league-phase-of-the-2026-27-uefa-conference-league,Will Manchester United qualify for the League Phase of the 2026-27 UEFA Conference League?,0x10faa15e034abb4d8b58e96fa9cceaeba84182d8d26061672b3090ef60c474c7,"[""14537963265850539015090671292913129800573442530565687433985001158662408488535"", ""24584985274241329793529868323709359334793457968867512216477798918303927163120""]",14537963265850539015090671292913129800573442530565687433985001158662408488535|24584985274241329793529868323709359334793457968867512216477798918303927163120,24584985274241329793529868323709359334793457968867512216477798918303927163120,No,False,,,,,,,,,,,,654.06
2026-08-01T13:10:38Z,EPL,333084,epl-team-to-qualify-for-uefa-conference-league,EPL: Team to qualify for UEFA Conference League,2026-04-01T17:27:13.650134Z,1818381,will-newcastle-united-qualify-for-the-league-phase-of-the-2026-27-uefa-conference-league,Will Newcastle United qualify for the League Phase of the 2026-27 UEFA Conference League?,0xb0716d2b36fd90dd54c600a9e7647616490002987e3eb1ecb3d10ead4d62d33c,"[""59224980280942325666569394558997382798882386438436610001858371645471216555919"", ""79970515927998557660930530711963196679174481368659736459630565505379849389257""]",59224980280942325666569394558997382798882386438436610001858371645471216555919|79970515927998557660930530711963196679174481368659736459630565505379849389257,59224980280942325666569394558997382798882386438436610001858371645471216555919,Yes,False,,,,,,,,,,,,411.9
2026-08-01T13:10:38Z,EPL,333084,epl-team-to-qualify-for-uefa-conference-league,EPL: Team to qualify for UEFA Conference League,2026-04-01T17:27:13.650134Z,1818381,will-newcastle-united-qualify-for-the-league-phase-of-the-2026-27-uefa-conference-league,Will Newcastle United qualify for the League Phase of the 2026-27 UEFA Conference League?,0xb0716d2b36fd90dd54c600a9e7647616490002987e3eb1ecb3d10ead4d62d33c,"[""59224980280942325666569394558997382798882386438436610001858371645471216555919"", ""79970515927998557660930530711963196679174481368659736459630565505379849389257""]",59224980280942325666569394558997382798882386438436610001858371645471216555919|79970515927998557660930530711963196679174481368659736459630565505379849389257,79970515927998557660930530711963196679174481368659736459630565505379849389257,No,False,,,,,,,,,,,,411.9
2026-08-01T13:10:38Z,EPL,333084,epl-team-to-qualify-for-uefa-conference-league,EPL: Team to qualify for UEFA Conference League,2026-04-01T17:27:13.650134Z,1818382,will-nottingham-forest-qualify-for-the-league-phase-of-the-2026-27-uefa-conference-league,Will Nottingham Forest qualify for the League Phase of the 2026-27 UEFA Conference League?,0xe911ed8e88ee4d94cb587ed6128a6c15596d9338a4d90b78b9ea20b0578fc156,"[""19481881546917834293067497074329377518935142669934498853237227966392229142245"", ""57602898067754327037427882833634701750997153547931685588132390215919583981742""]",19481881546917834293067497074329377518935142669934498853237227966392229142245|57602898067754327037427882833634701750997153547931685588132390215919583981742,19481881546917834293067497074329377518935142669934498853237227966392229142245,Yes,False,,,,,,,,,,,,407.7161
2026-08-01T13:10:38Z,EPL,333084,epl-team-to-qualify-for-uefa-conference-league,EPL: Team to qualify for UEFA Conference League,2026-04-01T17:27:13.650134Z,1818382,will-nottingham-forest-qualify-for-the-league-phase-of-the-2026-27-uefa-conference-league,Will Nottingham Forest qualify for the League Phase of the 2026-27 UEFA Conference League?,0xe911ed8e88ee4d94cb587ed6128a6c15596d9338a4d90b78b9ea20b0578fc156,"[""19481881546917834293067497074329377518935142669934498853237227966392229142245"", ""57602898067754327037427882833634701750997153547931685588132390215919583981742""]",19481881546917834293067497074329377518935142669934498853237227966392229142245|57602898067754327037427882833634701750997153547931685588132390215919583981742,57602898067754327037427882833634701750997153547931685588132390215919583981742,No,False,,,,,,,,,,,,407.7161
2026-08-01T13:10:38Z,EPL,333084,epl-team-to-qualify-for-uefa-conference-league,EPL: Team to qualify for UEFA Conference League,2026-04-01T17:27:13.650134Z,1818383,will-southampton-qualify-for-the-league-phase-of-the-2026-27-uefa-conference-league,Will Southampton qualify for the League Phase of the 2026-27 UEFA Conference League?,0x7ca2adbbd88851add0e546dd78574d7e79fc00c76e8c490e5692bf8023c11e75,"[""26877828097379119176280047098274709531228788895296330595994436624390898867911"", ""115748130349087715420332870666315257990045222809843222754054247382701059943674""]",26877828097379119176280047098274709531228788895296330595994436624390898867911|115748130349087715420332870666315257990045222809843222754054247382701059943674,26877828097379119176280047098274709531228788895296330595994436624390898867911,Yes,False,,,,,,,,,,,0,617.6899999999999
2026-08-01T13:10:38Z,EPL,333084,epl-team-to-qualify-for-uefa-conference-league,EPL: Team to qualify for UEFA Conference League,2026-04-01T17:27:13.650134Z,1818383,will-southampton-qualify-for-the-league-phase-of-the-2026-27-uefa-conference-league,Will Southampton qualify for the League Phase of the 2026-27 UEFA Conference League?,0x7ca2adbbd88851add0e546dd78574d7e79fc00c76e8c490e5692bf8023c11e75,"[""26877828097379119176280047098274709531228788895296330595994436624390898867911"", ""115748130349087715420332870666315257990045222809843222754054247382701059943674""]",26877828097379119176280047098274709531228788895296330595994436624390898867911|115748130349087715420332870666315257990045222809843222754054247382701059943674,115748130349087715420332870666315257990045222809843222754054247382701059943674,No,False,,,,,,,,,,,0,617.6899999999999
2026-08-01T13:10:38Z,EPL,333084,epl-team-to-qualify-for-uefa-conference-league,EPL: Team to qualify for UEFA Conference League,2026-04-01T17:27:13.650134Z,1818384,will-tottenham-hotspur-qualify-for-the-league-phase-of-the-2026-27-uefa-conference-league,Will Tottenham Hotspur qualify for the League Phase of the 2026-27 UEFA Conference League?,0xe98b7da9a346eb2aced5b9300c7a53e4d7c147741b546f005de0b3c0d89e0ae1,"[""16165000919596414242427788888124743916698715129044155178467657105167009019476"", ""114828181514576721851254739097127564151815507804110569853443476924908844910766""]",16165000919596414242427788888124743916698715129044155178467657105167009019476|114828181514576721851254739097127564151815507804110569853443476924908844910766,16165000919596414242427788888124743916698715129044155178467657105167009019476,Yes,False,,,,,,,,,,,,1126.7675
2026-08-01T13:10:38Z,EPL,333084,epl-team-to-qualify-for-uefa-conference-league,EPL: Team to qualify for UEFA Conference League,2026-04-01T17:27:13.650134Z,1818384,will-tottenham-hotspur-qualify-for-the-league-phase-of-the-2026-27-uefa-conference-league,Will Tottenham Hotspur qualify for the League Phase of the 2026-27 UEFA Conference League?,0xe98b7da9a346eb2aced5b9300c7a53e4d7c147741b546f005de0b3c0d89e0ae1,"[""16165000919596414242427788888124743916698715129044155178467657105167009019476"", ""114828181514576721851254739097127564151815507804110569853443476924908844910766""]",16165000919596414242427788888124743916698715129044155178467657105167009019476|114828181514576721851254739097127564151815507804110569853443476924908844910766,114828181514576721851254739097127564151815507804110569853443476924908844910766,No,False,,,,,,,,,,,,1126.7675
2026-08-01T13:10:38Z,EPL,333084,epl-team-to-qualify-for-uefa-conference-league,EPL: Team to qualify for UEFA Conference League,2026-04-01T17:27:13.650134Z,1818385,will-west-ham-united-qualify-for-the-league-phase-of-the-2026-27-uefa-conference-league,Will West Ham United qualify for the League Phase of the 2026-27 UEFA Conference League?,0xbc79053a1f7691b55171b4a210da33b3c3fba449c9df4fd954856635f8da0e8e,"[""54894379652853834326297942957419603346481276275403414881816173756537774757640"", ""33108900391203812803918822219418560079370282336069888352885661677363224124116""]",54894379652853834326297942957419603346481276275403414881816173756537774757640|33108900391203812803918822219418560079370282336069888352885661677363224124116,54894379652853834326297942957419603346481276275403414881816173756537774757640,Yes,False,,,,,,,,,,,,207.137
2026-08-01T13:10:38Z,EPL,333084,epl-team-to-qualify-for-uefa-conference-league,EPL: Team to qualify for UEFA Conference League,2026-04-01T17:27:13.650134Z,1818385,will-west-ham-united-qualify-for-the-league-phase-of-the-2026-27-uefa-conference-league,Will West Ham United qualify for the League Phase of the 2026-27 UEFA Conference League?,0xbc79053a1f7691b55171b4a210da33b3c3fba449c9df4fd954856635f8da0e8e,"[""54894379652853834326297942957419603346481276275403414881816173756537774757640"", ""33108900391203812803918822219418560079370282336069888352885661677363224124116""]",54894379652853834326297942957419603346481276275403414881816173756537774757640|33108900391203812803918822219418560079370282336069888352885661677363224124116,33108900391203812803918822219418560079370282336069888352885661677363224124116,No,False,,,,,,,,,,,,207.137
2026-08-01T13:10:38Z,EPL,333084,epl-team-to-qualify-for-uefa-conference-league,EPL: Team to qualify for UEFA Conference League,2026-04-01T17:27:13.650134Z,1818386,will-wolverhampton-wanderers-qualify-for-the-league-phase-of-the-2026-27-uefa-conference-league,Will Wolverhampton Wanderers qualify for the League Phase of the 2026-27 UEFA Conference League?,0x612a47d48e42fc85f4b3099edd0779c399e7393325bae5ef494fbec0b518be97,"[""39645891629689350247020865542579082583944711546641819664090458601825821008952"", ""27752113810792547257158395279414992925826179248970504390132410269490063597360""]",39645891629689350247020865542579082583944711546641819664090458601825821008952|27752113810792547257158395279414992925826179248970504390132410269490063597360,39645891629689350247020865542579082583944711546641819664090458601825821008952,Yes,False,,,,,,,,,,,,216.45
2026-08-01T13:10:38Z,EPL,333084,epl-team-to-qualify-for-uefa-conference-league,EPL: Team to qualify for UEFA Conference League,2026-04-01T17:27:13.650134Z,1818386,will-wolverhampton-wanderers-qualify-for-the-league-phase-of-the-2026-27-uefa-conference-league,Will Wolverhampton Wanderers qualify for the League Phase of the 2026-27 UEFA Conference League?,0x612a47d48e42fc85f4b3099edd0779c399e7393325bae5ef494fbec0b518be97,"[""39645891629689350247020865542579082583944711546641819664090458601825821008952"", ""27752113810792547257158395279414992925826179248970504390132410269490063597360""]",39645891629689350247020865542579082583944711546641819664090458601825821008952|27752113810792547257158395279414992925826179248970504390132410269490063597360,27752113810792547257158395279414992925826179248970504390132410269490063597360,No,False,,,,,,,,,,,,216.45
2026-08-01T13:10:38Z,EPL,435490,epl-2026-team-of-the-season,EPL: 2026 PFA Team of the Year,2026-05-01T16:17:58.439577Z,2127663,will-david-raya-be-named-to-the-2026-pfa-premier-league-team-of-the-year,Will David Raya be named to the 2026 PFA Premier League Team of the Year?,0x50561f0ac9fb48ce9b1dc8f78f84dea5e43d9d30bd507eb93fa57b11a996ffeb,"[""3488261232009523381576281256634840719226792569353110860105294590188599877555"", ""33896607823388600558222421347266613674976673770405419631622989961143438148884""]",3488261232009523381576281256634840719226792569353110860105294590188599877555|33896607823388600558222421347266613674976673770405419631622989961143438148884,3488261232009523381576281256634840719226792569353110860105294590188599877555,Yes,True,0.81,206.16,0.99,78.4,0.9,0.17999999999999994,773b5844612f2ff33c496cd014ab91cf329c9d64,0.01,5,,507.157,
2026-08-01T13:10:38Z,EPL,435490,epl-2026-team-of-the-season,EPL: 2026 PFA Team of the Year,2026-05-01T16:17:58.439577Z,2127663,will-david-raya-be-named-to-the-2026-pfa-premier-league-team-of-the-year,Will David Raya be named to the 2026 PFA Premier League Team of the Year?,0x50561f0ac9fb48ce9b1dc8f78f84dea5e43d9d30bd507eb93fa57b11a996ffeb,"[""3488261232009523381576281256634840719226792569353110860105294590188599877555"", ""33896607823388600558222421347266613674976673770405419631622989961143438148884""]",3488261232009523381576281256634840719226792569353110860105294590188599877555|33896607823388600558222421347266613674976673770405419631622989961143438148884,33896607823388600558222421347266613674976673770405419631622989961143438148884,No,True,0.01,78.4,0.19,206.16,0.1,0.18,0ad0958bb56f2b16c238d163cf44a4a37908287a,0.01,5,,507.157,
2026-08-01T13:10:38Z,EPL,435490,epl-2026-team-of-the-season,EPL: 2026 PFA Team of the Year,2026-05-01T16:17:58.439577Z,2127664,will-jordan-pickford-be-named-to-the-2026-pfa-premier-league-team-of-the-year,Will Jordan Pickford be named to the 2026 PFA Premier League Team of the Year?,0x206d3cf11b86b16708f160e1e5223e75f4f0b126fbfecb52300077792e4a978f,"[""69002409170326112222673578355907486486435514190626080376764720483535336436602"", ""29764786967669041151836718379664776749611256940389381248189333088896507813340""]",69002409170326112222673578355907486486435514190626080376764720483535336436602|29764786967669041151836718379664776749611256940389381248189333088896507813340,69002409170326112222673578355907486486435514190626080376764720483535336436602,Yes,True,,,0.09,11.82,,,a2bfe63ed9837c6bc35ee392d486a2f5834fde7f,0.01,5,,111.7456,11.82
2026-08-01T13:10:38Z,EPL,435490,epl-2026-team-of-the-season,EPL: 2026 PFA Team of the Year,2026-05-01T16:17:58.439577Z,2127664,will-jordan-pickford-be-named-to-the-2026-pfa-premier-league-team-of-the-year,Will Jordan Pickford be named to the 2026 PFA Premier League Team of the Year?,0x206d3cf11b86b16708f160e1e5223e75f4f0b126fbfecb52300077792e4a978f,"[""69002409170326112222673578355907486486435514190626080376764720483535336436602"", ""29764786967669041151836718379664776749611256940389381248189333088896507813340""]",69002409170326112222673578355907486486435514190626080376764720483535336436602|29764786967669041151836718379664776749611256940389381248189333088896507813340,29764786967669041151836718379664776749611256940389381248189333088896507813340,No,True,0.91,11.82,,,,,ae8c37ef375984302057b901cc0cd25cd57eb428,0.01,5,,111.7456,11.82
2026-08-01T13:10:38Z,EPL,435490,epl-2026-team-of-the-season,EPL: 2026 PFA Team of the Year,2026-05-01T16:17:58.439577Z,2127665,will-dean-henderson-be-named-to-the-2026-pfa-premier-league-team-of-the-year,Will Dean Henderson be named to the 2026 PFA Premier League Team of the Year?,0x67ebb7796df1324b1b084b0aaa59e3379513583ac93e3c8e968935e7dbb1f535,"[""77730449116026385251216021681478758817188404733132958155748625297475510396335"", ""86484569427189395298179892127162282618369840953731094949208918944830421003973""]",77730449116026385251216021681478758817188404733132958155748625297475510396335|86484569427189395298179892127162282618369840953731094949208918944830421003973,77730449116026385251216021681478758817188404733132958155748625297475510396335,Yes,True,0.01,78.4,0.1,107.68,0.055,0.09000000000000001,8d8068038c3e8af32176269a8b23616e685eb774,0.01,5,,104.9997,
2026-08-01T13:10:38Z,EPL,435490,epl-2026-team-of-the-season,EPL: 2026 PFA Team of the Year,2026-05-01T16:17:58.439577Z,2127665,will-dean-henderson-be-named-to-the-2026-pfa-premier-league-team-of-the-year,Will Dean Henderson be named to the 2026 PFA Premier League Team of the Year?,0x67ebb7796df1324b1b084b0aaa59e3379513583ac93e3c8e968935e7dbb1f535,"[""77730449116026385251216021681478758817188404733132958155748625297475510396335"", ""86484569427189395298179892127162282618369840953731094949208918944830421003973""]",77730449116026385251216021681478758817188404733132958155748625297475510396335|86484569427189395298179892127162282618369840953731094949208918944830421003973,86484569427189395298179892127162282618369840953731094949208918944830421003973,No,True,0.9,107.68,0.99,78.4,0.9450000000000001,0.08999999999999997,638a7894e1f37c42cecb2e8cc276f395ea0385b2,0.01,5,,104.9997,
2026-08-01T13:10:38Z,EPL,435490,epl-2026-team-of-the-season,EPL: 2026 PFA Team of the Year,2026-05-01T16:17:58.439577Z,2127666,will-robin-roefs-be-named-to-the-2026-pfa-premier-league-team-of-the-year,Will Robin Roefs be named to the 2026 PFA Premier League Team of the Year?,0xdae0f14d1b5ea256638164c6578853226408702f44e238ca8fa692998fdc6332,"[""70182957445101902779363373709716695169810926012757858042099415085409463195888"", ""90699863564786576085723598309072905823666331748016080742800846290619606364496""]",70182957445101902779363373709716695169810926012757858042099415085409463195888|90699863564786576085723598309072905823666331748016080742800846290619606364496,70182957445101902779363373709716695169810926012757858042099415085409463195888,Yes,True,0.01,78.4,0.1,107.68,0.055,0.09000000000000001,e73e03851b50abc04d0c1999ab20d1c6e734add4,0.01,5,,108.0799,
2026-08-01T13:10:38Z,EPL,435490,epl-2026-team-of-the-season,EPL: 2026 PFA Team of the Year,2026-05-01T16:17:58.439577Z,2127666,will-robin-roefs-be-named-to-the-2026-pfa-premier-league-team-of-the-year,Will Robin Roefs be named to the 2026 PFA Premier League Team of the Year?,0xdae0f14d1b5ea256638164c6578853226408702f44e238ca8fa692998fdc6332,"[""70182957445101902779363373709716695169810926012757858042099415085409463195888"", ""90699863564786576085723598309072905823666331748016080742800846290619606364496""]",70182957445101902779363373709716695169810926012757858042099415085409463195888|90699863564786576085723598309072905823666331748016080742800846290619606364496,90699863564786576085723598309072905823666331748016080742800846290619606364496,No,True,0.9,107.68,0.99,78.4,0.9450000000000001,0.08999999999999997,fdb486bd8dd9f02371685a939bd4786802f7e848,0.01,5,,108.0799,
2026-08-01T13:10:38Z,EPL,435490,epl-2026-team-of-the-season,EPL: 2026 PFA Team of the Year,2026-05-01T16:17:58.439577Z,2127667,will-gianluigi-donnarumma-be-named-to-the-2026-pfa-premier-league-team-of-the-year,Will Gianluigi Donnarumma be named to the 2026 PFA Premier League Team of the Year?,0x322441734b9f23744de899e345ef48ec25e0055f8b1bfc19fe4612055a8ff2df,"[""65007673257262595676530056363240287641293306267550009290432560084643152028010"", ""97388027101380065799871752579213229783305736941572715830099055292320933629215""]",65007673257262595676530056363240287641293306267550009290432560084643152028010|97388027101380065799871752579213229783305736941572715830099055292320933629215,65007673257262595676530056363240287641293306267550009290432560084643152028010,Yes,True,0.01,78.4,0.2,10.0,0.10500000000000001,0.19,b8c9891557b513c23037785377d1b27e241caa5d,0.01,5,,11.2647,
2026-08-01T13:10:38Z,EPL,435490,epl-2026-team-of-the-season,EPL: 2026 PFA Team of the Year,2026-05-01T16:17:58.439577Z,2127667,will-gianluigi-donnarumma-be-named-to-the-2026-pfa-premier-league-team-of-the-year,Will Gianluigi Donnarumma be named to the 2026 PFA Premier League Team of the Year?,0x322441734b9f23744de899e345ef48ec25e0055f8b1bfc19fe4612055a8ff2df,"[""65007673257262595676530056363240287641293306267550009290432560084643152028010"", ""97388027101380065799871752579213229783305736941572715830099055292320933629215""]",65007673257262595676530056363240287641293306267550009290432560084643152028010|97388027101380065799871752579213229783305736941572715830099055292320933629215,97388027101380065799871752579213229783305736941572715830099055292320933629215,No,True,0.8,10.0,0.99,78.4,0.895,0.18999999999999995,3513001e1bf145688d3ec75b6b741dc5aa72bc3a,0.01,5,,11.2647,
2026-08-01T13:10:38Z,EPL,435490,epl-2026-team-of-the-season,EPL: 2026 PFA Team of the Year,2026-05-01T16:17:58.439577Z,2127668,will-jurrien-timber-be-named-to-the-2026-pfa-premier-league-team-of-the-year,Will Jurrien Timber be named to the 2026 PFA Premier League Team of the Year?,0x97ca47da99683bddec8036ce29388c2e400e7cecfea8ac4dbef54ac0791cc593,"[""58745854058166153005664210409408254918505117901359386106376082227012206838503"", ""43365583002812118163534009703280808191029196488960918105614424745527498298109""]",58745854058166153005664210409408254918505117901359386106376082227012206838503|43365583002812118163534009703280808191029196488960918105614424745527498298109,58745854058166153005664210409408254918505117901359386106376082227012206838503,Yes,True,0.01,27.41,0.67,100.0,0.34,0.66,ca1f4253fc044e9644801dc9e9aaa1f7fa23e023,0.01,5,,38.0577,
2026-08-01T13:10:38Z,EPL,435490,epl-2026-team-of-the-season,EPL: 2026 PFA Team of the Year,2026-05-01T16:17:58.439577Z,2127668,will-jurrien-timber-be-named-to-the-2026-pfa-premier-league-team-of-the-year,Will Jurrien Timber be named to the 2026 PFA Premier League Team of the Year?,0x97ca47da99683bddec8036ce29388c2e400e7cecfea8ac4dbef54ac0791cc593,"[""58745854058166153005664210409408254918505117901359386106376082227012206838503"", ""43365583002812118163534009703280808191029196488960918105614424745527498298109""]",58745854058166153005664210409408254918505117901359386106376082227012206838503|43365583002812118163534009703280808191029196488960918105614424745527498298109,43365583002812118163534009703280808191029196488960918105614424745527498298109,No,True,0.33,100.0,0.99,27.41,0.66,0.6599999999999999,5244391da5240f93d5f1a8ce54ebd4c8ece11e46,0.01,5,,38.0577,
2026-08-01T13:10:38Z,EPL,435490,epl-2026-team-of-the-season,EPL: 2026 PFA Team of the Year,2026-05-01T16:17:58.439577Z,2127669,will-matheus-nunes-be-named-to-the-2026-pfa-premier-league-team-of-the-year,Will Matheus Nunes be named to the 2026 PFA Premier League Team of the Year?,0x236166693870332c38cc1f290d2de8a00eafa1b78519182663a58811b1011705,"[""71852886829417081758693278389180020836881806315641141653569411011094941385487"", ""27873264127773337044236459909692649813557879461485496445916977915515730222703""]",71852886829417081758693278389180020836881806315641141653569411011094941385487|27873264127773337044236459909692649813557879461485496445916977915515730222703,71852886829417081758693278389180020836881806315641141653569411011094941385487,Yes,True,0.01,78.4,0.2,100.0,0.10500000000000001,0.19,9babd853c26590d9e81b15c3b6cc11b0b65e8af0,0.01,5,,218.7179,
2026-08-01T13:10:38Z,EPL,435490,epl-2026-team-of-the-season,EPL: 2026 PFA Team of the Year,2026-05-01T16:17:58.439577Z,2127669,will-matheus-nunes-be-named-to-the-2026-pfa-premier-league-team-of-the-year,Will Matheus Nunes be named to the 2026 PFA Premier League Team of the Year?,0x236166693870332c38cc1f290d2de8a00eafa1b78519182663a58811b1011705,"[""71852886829417081758693278389180020836881806315641141653569411011094941385487"", ""27873264127773337044236459909692649813557879461485496445916977915515730222703""]",71852886829417081758693278389180020836881806315641141653569411011094941385487|27873264127773337044236459909692649813557879461485496445916977915515730222703,27873264127773337044236459909692649813557879461485496445916977915515730222703,No,True,0.8,100.0,0.99,78.4,0.895,0.18999999999999995,afdadba0056e5b03cf13403e04dbabad88edc42a,0.01,5,,218.7179,
2026-08-01T13:10:38Z,EPL,435490,epl-2026-team-of-the-season,EPL: 2026 PFA Team of the Year,2026-05-01T16:17:58.439577Z,2127670,will-gabriel-magalhes-be-named-to-the-2026-pfa-premier-league-team-of-the-year,Will Gabriel Magalhães be named to the 2026 PFA Premier League Team of the Year?,0xd3d8a97f490967ba04bcf06a1f1fa0b8e14ff08f5f0781bccb14c7eb1cf34ca6,"[""112756383879220814577105643520650901454791316512357676513193784191480344438666"", ""7697378624768914483353901406042873706810082834244678754453720343911008090965""]",112756383879220814577105643520650901454791316512357676513193784191480344438666|7697378624768914483353901406042873706810082834244678754453720343911008090965,112756383879220814577105643520650901454791316512357676513193784191480344438666,Yes,True,0.88,16.5,0.99,30.0,0.935,0.10999999999999999,81e29726a6f38eaa5dc282c8eeab15bb6b58f2c3,0.01,5,0.020,616.8021,59.36
2026-08-01T13:10:38Z,EPL,435490,epl-2026-team-of-the-season,EPL: 2026 PFA Team of the Year,2026-05-01T16:17:58.439577Z,2127670,will-gabriel-magalhes-be-named-to-the-2026-pfa-premier-league-team-of-the-year,Will Gabriel Magalhães be named to the 2026 PFA Premier League Team of the Year?,0xd3d8a97f490967ba04bcf06a1f1fa0b8e14ff08f5f0781bccb14c7eb1cf34ca6,"[""112756383879220814577105643520650901454791316512357676513193784191480344438666"", ""7697378624768914483353901406042873706810082834244678754453720343911008090965""]",112756383879220814577105643520650901454791316512357676513193784191480344438666|7697378624768914483353901406042873706810082834244678754453720343911008090965,7697378624768914483353901406042873706810082834244678754453720343911008090965,No,True,0.01,30.0,0.12,16.5,0.065,0.11,d99cc03442e5fcc884435a12793088ef520cf29b,0.01,5,0.020,616.8021,59.36
2026-08-01T13:10:38Z,EPL,435490,epl-2026-team-of-the-season,EPL: 2026 PFA Team of the Year,2026-05-01T16:17:58.439577Z,2127671,will-william-saliba-be-named-to-the-2026-pfa-premier-league-team-of-the-year,Will William Saliba be named to the 2026 PFA Premier League Team of the Year?,0xc344b5f7891b8617e7118aaa24bac3840a587691c1a36daa479a61de0b79bcb6,"[""47207660538745167295586664941849591121956044929877358537501900994850424263330"", ""105234782857798608331719124706582304874620432378282673665444164066431160124095""]",47207660538745167295586664941849591121956044929877358537501900994850424263330|105234782857798608331719124706582304874620432378282673665444164066431160124095,47207660538745167295586664941849591121956044929877358537501900994850424263330,Yes,True,0.48,10.0,0.97,16.83,0.725,0.49,9d238f583fe21f3402fbd6f0f9c46df1f06f2a09,0.01,5,,168.8678,
2026-08-01T13:10:38Z,EPL,435490,epl-2026-team-of-the-season,EPL: 2026 PFA Team of the Year,2026-05-01T16:17:58.439577Z,2127671,will-william-saliba-be-named-to-the-2026-pfa-premier-league-team-of-the-year,Will William Saliba be named to the 2026 PFA Premier League Team of the Year?,0xc344b5f7891b8617e7118aaa24bac3840a587691c1a36daa479a61de0b79bcb6,"[""47207660538745167295586664941849591121956044929877358537501900994850424263330"", ""105234782857798608331719124706582304874620432378282673665444164066431160124095""]",47207660538745167295586664941849591121956044929877358537501900994850424263330|105234782857798608331719124706582304874620432378282673665444164066431160124095,105234782857798608331719124706582304874620432378282673665444164066431160124095,No,True,0.03,16.83,0.52,10.0,0.275,0.49,5943fe3e70a0616181c33d335af65f41ce2760ac,0.01,5,,168.8678,
2026-08-01T13:10:38Z,EPL,435490,epl-2026-team-of-the-season,EPL: 2026 PFA Team of the Year,2026-05-01T16:17:58.439577Z,2127672,will-marc-guehi-be-named-to-the-2026-pfa-premier-league-team-of-the-year,Will Marc Guehi be named to the 2026 PFA Premier League Team of the Year?,0x9a7829bcaf4bd65e903739dace6db739a8b68a396fd2c71a3d23d2a2cf2e88c5,"[""18774341203836696417330165615678664168245576790259527905518242337305438497157"", ""17833812615529939189123941305353432679112045501201563425472779980851390683424""]",18774341203836696417330165615678664168245576790259527905518242337305438497157|17833812615529939189123941305353432679112045501201563425472779980851390683424,18774341203836696417330165615678664168245576790259527905518242337305438497157,Yes,True,0.08,24.0,0.42,100.0,0.25,0.33999999999999997,5f714481cdf97f47224d6a6ad0f958c7ed4c3cde,0.01,5,,96.2476,
2026-08-01T13:10:38Z,EPL,435490,epl-2026-team-of-the-season,EPL: 2026 PFA Team of the Year,2026-05-01T16:17:58.439577Z,2127672,will-marc-guehi-be-named-to-the-2026-pfa-premier-league-team-of-the-year,Will Marc Guehi be named to the 2026 PFA Premier League Team of the Year?,0x9a7829bcaf4bd65e903739dace6db739a8b68a396fd2c71a3d23d2a2cf2e88c5,"[""18774341203836696417330165615678664168245576790259527905518242337305438497157"", ""17833812615529939189123941305353432679112045501201563425472779980851390683424""]",18774341203836696417330165615678664168245576790259527905518242337305438497157|17833812615529939189123941305353432679112045501201563425472779980851390683424,17833812615529939189123941305353432679112045501201563425472779980851390683424,No,True,0.58,100.0,0.92,24.0,0.75,0.3400000000000001,52b90e8be243c8c04532fe04b6f944a22f8ded78,0.01,5,,96.2476,
2026-08-01T13:10:38Z,EPL,435490,epl-2026-team-of-the-season,EPL: 2026 PFA Team of the Year,2026-05-01T16:17:58.439577Z,2127673,will-virgil-van-dijk-be-named-to-the-2026-pfa-premier-league-team-of-the-year,Will Virgil van Dijk be named to the 2026 PFA Premier League Team of the Year?,0x644231d6b178ebd20f0ab0b061a790f9dee4479ce96ab40686c8ade6f50a0238,"[""31721429411257768645758803262981554412084956132795321375044902571901613004887"", ""113776996666262784023568460080999498147130358875198884777079734831639187945943""]",31721429411257768645758803262981554412084956132795321375044902571901613004887|113776996666262784023568460080999498147130358875198884777079734831639187945943,31721429411257768645758803262981554412084956132795321375044902571901613004887,Yes,True,0.01,78.4,0.19,999.99,0.1,0.18,f0e704923411c09053c6b53ca495f2a5126dc778,0.01,5,,955.4798,1.694914
2026-08-01T13:10:38Z,EPL,435490,epl-2026-team-of-the-season,EPL: 2026 PFA Team of the Year,2026-05-01T16:17:58.439577Z,2127673,will-virgil-van-dijk-be-named-to-the-2026-pfa-premier-league-team-of-the-year,Will Virgil van Dijk be named to the 2026 PFA Premier League Team of the Year?,0x644231d6b178ebd20f0ab0b061a790f9dee4479ce96ab40686c8ade6f50a0238,"[""31721429411257768645758803262981554412084956132795321375044902571901613004887"", ""113776996666262784023568460080999498147130358875198884777079734831639187945943""]",31721429411257768645758803262981554412084956132795321375044902571901613004887|113776996666262784023568460080999498147130358875198884777079734831639187945943,113776996666262784023568460080999498147130358875198884777079734831639187945943,No,True,0.81,999.99,0.99,78.4,0.9,0.17999999999999994,823d7fd5e7ad0d7ee48d4855410f0870396669be,0.01,5,,955.4798,1.694914
2026-08-01T13:10:38Z,EPL,435490,epl-2026-team-of-the-season,EPL: 2026 PFA Team of the Year,2026-05-01T16:17:58.439577Z,2127674,will-marc-cucurella-be-named-to-the-2026-pfa-premier-league-team-of-the-year,Will Marc Cucurella be named to the 2026 PFA Premier League Team of the Year?,0xe74cf34bab6946206532fd38cbf5a7eb4b346f7d13bffc6ae16eb3a69a4225d0,"[""59830425161161665808750586172447751894718446914006207206558327469584286337472"", ""85414521652635437338276097105191648874111759265882984452544936528659374053637""]",59830425161161665808750586172447751894718446914006207206558327469584286337472|85414521652635437338276097105191648874111759265882984452544936528659374053637,59830425161161665808750586172447751894718446914006207206558327469584286337472,Yes,True,0.07,25.7,0.42,100.0,0.245,0.35,8bf45854da34ebdb8d21097f4418929f74ff4689,0.01,5,,94.5466,
2026-08-01T13:10:38Z,EPL,435490,epl-2026-team-of-the-season,EPL: 2026 PFA Team of the Year,2026-05-01T16:17:58.439577Z,2127674,will-marc-cucurella-be-named-to-the-2026-pfa-premier-league-team-of-the-year,Will Marc Cucurella be named to the 2026 PFA Premier League Team of the Year?,0xe74cf34bab6946206532fd38cbf5a7eb4b346f7d13bffc6ae16eb3a69a4225d0,"[""59830425161161665808750586172447751894718446914006207206558327469584286337472"", ""85414521652635437338276097105191648874111759265882984452544936528659374053637""]",59830425161161665808750586172447751894718446914006207206558327469584286337472|85414521652635437338276097105191648874111759265882984452544936528659374053637,85414521652635437338276097105191648874111759265882984452544936528659374053637,No,True,0.58,100.0,0.93,25.7,0.755,0.3500000000000001,905cbaae0000d375c7ae2e0ab1795e68901c40a3,0.01,5,,94.5466,
2026-08-01T13:10:38Z,EPL,435490,epl-2026-team-of-the-season,EPL: 2026 PFA Team of the Year,2026-05-01T16:17:58.439577Z,2127675,will-piero-hincapie-be-named-to-the-2026-pfa-premier-league-team-of-the-year,Will Piero Hincapie be named to the 2026 PFA Premier League Team of the Year?,0x1d5d1e655085db69c387488aa7e661d4719bfa9c0bb392dd05652008c40b4a9a,"[""108011205392215304373394466135742493782019922749752404322686744906595861300763"", ""73789363813582664474158671396757087735667554782131752276569900280712319722369""]",108011205392215304373394466135742493782019922749752404322686744906595861300763|73789363813582664474158671396757087735667554782131752276569900280712319722369,108011205392215304373394466135742493782019922749752404322686744906595861300763,Yes,True,0.07,2.0,0.42,10.0,0.245,0.35,baa06707079353dd11bac80e4ed01aef220b24cc,0.01,5,0.070,11.6818,8
2026-08-01T13:10:38Z,EPL,435490,epl-2026-team-of-the-season,EPL: 2026 PFA Team of the Year,2026-05-01T16:17:58.439577Z,2127675,will-piero-hincapie-be-named-to-the-2026-pfa-premier-league-team-of-the-year,Will Piero Hincapie be named to the 2026 PFA Premier League Team of the Year?,0x1d5d1e655085db69c387488aa7e661d4719bfa9c0bb392dd05652008c40b4a9a,"[""108011205392215304373394466135742493782019922749752404322686744906595861300763"", ""73789363813582664474158671396757087735667554782131752276569900280712319722369""]",108011205392215304373394466135742493782019922749752404322686744906595861300763|73789363813582664474158671396757087735667554782131752276569900280712319722369,73789363813582664474158671396757087735667554782131752276569900280712319722369,No,True,0.58,10.0,0.93,2.0,0.755,0.3500000000000001,0c406572f0a5fffaad5ee394a053bfa227020869,0.01,5,0.070,11.6818,8
2026-08-01T13:10:38Z,EPL,435490,epl-2026-team-of-the-season,EPL: 2026 PFA Team of the Year,2026-05-01T16:17:58.439577Z,2127676,will-declan-rice-be-named-to-the-2026-pfa-premier-league-team-of-the-year,Will Declan Rice be named to the 2026 PFA Premier League Team of the Year?,0x898bbb37bb3e8e03480b52c31bc12b12019e84f4d4042d25622f9a9b9f1a21f2,"[""11523245240526311970979368164866348724509187066335918581337691503956313417913"", ""16544219157755328462914309364144553632877138543113142832790826044960896254419""]",11523245240526311970979368164866348724509187066335918581337691503956313417913|16544219157755328462914309364144553632877138543113142832790826044960896254419,11523245240526311970979368164866348724509187066335918581337691503956313417913,Yes,True,0.86,6.69,,,,,d5355647400d35d88a50d13c66994bd0660ca0b1,0.01,5,,1006.1713,59.044284000000005
2026-08-01T13:10:38Z,EPL,435490,epl-2026-team-of-the-season,EPL: 2026 PFA Team of the Year,2026-05-01T16:17:58.439577Z,2127676,will-declan-rice-be-named-to-the-2026-pfa-premier-league-team-of-the-year,Will Declan Rice be named to the 2026 PFA Premier League Team of the Year?,0x898bbb37bb3e8e03480b52c31bc12b12019e84f4d4042d25622f9a9b9f1a21f2,"[""11523245240526311970979368164866348724509187066335918581337691503956313417913"", ""16544219157755328462914309364144553632877138543113142832790826044960896254419""]",11523245240526311970979368164866348724509187066335918581337691503956313417913|16544219157755328462914309364144553632877138543113142832790826044960896254419,16544219157755328462914309364144553632877138543113142832790826044960896254419,No,True,,,0.14,6.69,,,34ff39c3a3885470b229cdb173ab2ddb3dfb0815,0.01,5,,1006.1713,59.044284000000005
2026-08-01T13:10:38Z,EPL,435490,epl-2026-team-of-the-season,EPL: 2026 PFA Team of the Year,2026-05-01T16:17:58.439577Z,2127677,will-bruno-fernandes-be-named-to-the-2026-pfa-premier-league-team-of-the-year,Will Bruno Fernandes be named to the 2026 PFA Premier League Team of the Year?,0x679720492bcbff900bde0e29eb7e812c77909bccb3c32b79a3186fc1db03b854,"[""86859495495502891076141743940914617575208033060738396981338088715869715113963"", ""65620697419400192059458180949993387679798824363092322581187835468683093164088""]",86859495495502891076141743940914617575208033060738396981338088715869715113963|65620697419400192059458180949993387679798824363092322581187835468683093164088,86859495495502891076141743940914617575208033060738396981338088715869715113963,Yes,True,0.852,15.64,0.996,29.12,0.9239999999999999,0.14400000000000002,49c8ff9e2d2f06f6cccb4a2f1821921030f4a8be,0.001,5,,2416.74721,450.10643600000003
2026-08-01T13:10:38Z,EPL,435490,epl-2026-team-of-the-season,EPL: 2026 PFA Team of the Year,2026-05-01T16:17:58.439577Z,2127677,will-bruno-fernandes-be-named-to-the-2026-pfa-premier-league-team-of-the-year,Will Bruno Fernandes be named to the 2026 PFA Premier League Team of the Year?,0x679720492bcbff900bde0e29eb7e812c77909bccb3c32b79a3186fc1db03b854,"[""86859495495502891076141743940914617575208033060738396981338088715869715113963"", ""65620697419400192059458180949993387679798824363092322581187835468683093164088""]",86859495495502891076141743940914617575208033060738396981338088715869715113963|65620697419400192059458180949993387679798824363092322581187835468683093164088,65620697419400192059458180949993387679798824363092322581187835468683093164088,No,True,0.004,29.12,0.148,15.64,0.076,0.144,a11d9ceb077a36d62c27ede69ab708d9173e0bad,0.001,5,,2416.74721,450.10643600000003
2026-08-01T13:10:38Z,EPL,435490,epl-2026-team-of-the-season,EPL: 2026 PFA Team of the Year,2026-05-01T16:17:58.439577Z,2127678,will-rodri-be-named-to-the-2026-pfa-premier-league-team-of-the-year,Will Rodri be named to the 2026 PFA Premier League Team of the Year?,0xf9de760ff713bdc5ebdc87ea4a88fb9423ef31bc59d2abb917df50b5b44482c1,"[""92734106880343514385310320083033583888695626897895802880610705682382451590633"", ""56976958810450515743106834354983994802402840862579527495329062688335275234740""]",92734106880343514385310320083033583888695626897895802880610705682382451590633|56976958810450515743106834354983994802402840862579527495329062688335275234740,92734106880343514385310320083033583888695626897895802880610705682382451590633,Yes,True,0.09,15.0,0.38,115.35,0.235,0.29000000000000004,5fd1d88338b7d189886ad1cf50a904d0aeb333d1,0.01,5,0.620,614.5075,263.475788
2026-08-01T13:10:38Z,EPL,435490,epl-2026-team-of-the-season,EPL: 2026 PFA Team of the Year,2026-05-01T16:17:58.439577Z,2127678,will-rodri-be-named-to-the-2026-pfa-premier-league-team-of-the-year,Will Rodri be named to the 2026 PFA Premier League Team of the Year?,0xf9de760ff713bdc5ebdc87ea4a88fb9423ef31bc59d2abb917df50b5b44482c1,"[""92734106880343514385310320083033583888695626897895802880610705682382451590633"", ""56976958810450515743106834354983994802402840862579527495329062688335275234740""]",92734106880343514385310320083033583888695626897895802880610705682382451590633|56976958810450515743106834354983994802402840862579527495329062688335275234740,56976958810450515743106834354983994802402840862579527495329062688335275234740,No,True,0.62,115.35,0.91,15.0,0.765,0.29000000000000004,b961693bf519dae1ee2bdc3769441f01d45a08ee,0.01,5,0.620,614.5075,263.475788
2026-08-01T13:10:38Z,EPL,435490,epl-2026-team-of-the-season,EPL: 2026 PFA Team of the Year,2026-05-01T16:17:58.439577Z,2127679,will-rayan-cherki-be-named-to-the-2026-pfa-premier-league-team-of-the-year,Will Rayan Cherki be named to the 2026 PFA Premier League Team of the Year?,0xf1bef1d60925998b7577b014ea907965209b9045c197e79e77eb14439d7c431a,"[""44002481860388892740183335966007748831643129921411222940033401480764334836407"", ""47465498507287502475094187263593898643776563896680345103863507875745126656121""]",44002481860388892740183335966007748831643129921411222940033401480764334836407|47465498507287502475094187263593898643776563896680345103863507875745126656121,44002481860388892740183335966007748831643129921411222940033401480764334836407,Yes,True,0.4,100.0,0.79,6.0,0.595,0.39,09963e36719a838deb199f572b6be69e5b09f347,0.01,5,,66.3479,6.77966
2026-08-01T13:10:38Z,EPL,435490,epl-2026-team-of-the-season,EPL: 2026 PFA Team of the Year,2026-05-01T16:17:58.439577Z,2127679,will-rayan-cherki-be-named-to-the-2026-pfa-premier-league-team-of-the-year,Will Rayan Cherki be named to the 2026 PFA Premier League Team of the Year?,0xf1bef1d60925998b7577b014ea907965209b9045c197e79e77eb14439d7c431a,"[""44002481860388892740183335966007748831643129921411222940033401480764334836407"", ""47465498507287502475094187263593898643776563896680345103863507875745126656121""]",44002481860388892740183335966007748831643129921411222940033401480764334836407|47465498507287502475094187263593898643776563896680345103863507875745126656121,47465498507287502475094187263593898643776563896680345103863507875745126656121,No,True,0.21,6.0,0.6,100.0,0.40499999999999997,0.39,f08d1ab89dfdadb4648d5cca8c06199dd988949a,0.01,5,,66.3479,6.77966
2026-08-01T13:10:38Z,EPL,435490,epl-2026-team-of-the-season,EPL: 2026 PFA Team of the Year,2026-05-01T16:17:58.439577Z,2127680,will-dominik-szoboszlai-be-named-to-the-2026-pfa-premier-league-team-of-the-year,Will Dominik Szoboszlai be named to the 2026 PFA Premier League Team of the Year?,0xd5a172faaf27f951f5bc5c2d19f18367ab85e9c963e7357a8433da84e895507e,"[""10904347939559348084889283384973600207001307228767801114856379948987944051302"", ""63514807846207217791796334733580770155958510280638850911506455990693175502240""]",10904347939559348084889283384973600207001307228767801114856379948987944051302|63514807846207217791796334733580770155958510280638850911506455990693175502240,10904347939559348084889283384973600207001307228767801114856379948987944051302,Yes,True,0.01,78.4,0.2,5.0,0.10500000000000001,0.19,49f153cdf6e2b718c4a405e79f648ed1d9eb279d,0.01,5,,9.0145,100
2026-08-01T13:10:38Z,EPL,435490,epl-2026-team-of-the-season,EPL: 2026 PFA Team of the Year,2026-05-01T16:17:58.439577Z,2127680,will-dominik-szoboszlai-be-named-to-the-2026-pfa-premier-league-team-of-the-year,Will Dominik Szoboszlai be named to the 2026 PFA Premier League Team of the Year?,0xd5a172faaf27f951f5bc5c2d19f18367ab85e9c963e7357a8433da84e895507e,"[""10904347939559348084889283384973600207001307228767801114856379948987944051302"", ""63514807846207217791796334733580770155958510280638850911506455990693175502240""]",10904347939559348084889283384973600207001307228767801114856379948987944051302|63514807846207217791796334733580770155958510280638850911506455990693175502240,63514807846207217791796334733580770155958510280638850911506455990693175502240,No,True,0.8,5.0,0.99,78.4,0.895,0.18999999999999995,3b8e587218e218c28f014353a940fdd5f48fc3e9,0.01,5,,9.0145,100
2026-08-01T13:10:38Z,EPL,435490,epl-2026-team-of-the-season,EPL: 2026 PFA Team of the Year,2026-05-01T16:17:58.439577Z,2127681,will-moises-caicedo-be-named-to-the-2026-pfa-premier-league-team-of-the-year,Will Moises Caicedo be named to the 2026 PFA Premier League Team of the Year?,0x6a8a0e28a90c3880e21bb6de9eb98f12d5e81a8d88570a2c5b855ee60b6263ba,"[""13244409081849499988815460722411109697257731580831464114667102436005675343259"", ""41998463599395516608520033462694074004839767261466278584344671813809549672424""]",13244409081849499988815460722411109697257731580831464114667102436005675343259|41998463599395516608520033462694074004839767261466278584344671813809549672424,13244409081849499988815460722411109697257731580831464114667102436005675343259,Yes,True,0.01,78.4,0.31,7.22,0.16,0.3,98a34afda9a6e38c5effbbbc303901efacdd7cae,0.01,5,,78.9124,
2026-08-01T13:10:38Z,EPL,435490,epl-2026-team-of-the-season,EPL: 2026 PFA Team of the Year,2026-05-01T16:17:58.439577Z,2127681,will-moises-caicedo-be-named-to-the-2026-pfa-premier-league-team-of-the-year,Will Moises Caicedo be named to the 2026 PFA Premier League Team of the Year?,0x6a8a0e28a90c3880e21bb6de9eb98f12d5e81a8d88570a2c5b855ee60b6263ba,"[""13244409081849499988815460722411109697257731580831464114667102436005675343259"", ""41998463599395516608520033462694074004839767261466278584344671813809549672424""]",13244409081849499988815460722411109697257731580831464114667102436005675343259|41998463599395516608520033462694074004839767261466278584344671813809549672424,41998463599395516608520033462694074004839767261466278584344671813809549672424,No,True,0.69,7.22,0.99,78.4,0.84,0.30000000000000004,be7c30978bfa9c2dd2897a42f7903d8bc852f31d,0.01,5,,78.9124,
2026-08-01T13:10:38Z,EPL,435490,epl-2026-team-of-the-season,EPL: 2026 PFA Team of the Year,2026-05-01T16:17:58.439577Z,2127682,will-elliot-anderson-be-named-to-the-2026-pfa-premier-league-team-of-the-year,Will Elliot Anderson be named to the 2026 PFA Premier League Team of the Year?,0x3e7b9aff81e624e4f9ef7677696f2d4fae5837bdf83bd9ed2d62ec7a87aaf7a6,"[""2770428290325312677871192984476250158140993595717599201621714256969118294243"", ""87005572382727825804817777311897399081855387101457739624425019964385877189800""]",2770428290325312677871192984476250158140993595717599201621714256969118294243|87005572382727825804817777311897399081855387101457739624425019964385877189800,2770428290325312677871192984476250158140993595717599201621714256969118294243,Yes,True,0.26,100.0,0.44,100.0,0.35,0.18,f8df985043d7e4a902793c9d2fd1cf13b7dfe95d,0.01,5,,100.7277,
2026-08-01T13:10:38Z,EPL,435490,epl-2026-team-of-the-season,EPL: 2026 PFA Team of the Year,2026-05-01T16:17:58.439577Z,2127682,will-elliot-anderson-be-named-to-the-2026-pfa-premier-league-team-of-the-year,Will Elliot Anderson be named to the 2026 PFA Premier League Team of the Year?,0x3e7b9aff81e624e4f9ef7677696f2d4fae5837bdf83bd9ed2d62ec7a87aaf7a6,"[""2770428290325312677871192984476250158140993595717599201621714256969118294243"", ""87005572382727825804817777311897399081855387101457739624425019964385877189800""]",2770428290325312677871192984476250158140993595717599201621714256969118294243|87005572382727825804817777311897399081855387101457739624425019964385877189800,87005572382727825804817777311897399081855387101457739624425019964385877189800,No,True,0.56,100.0,0.74,100.0,0.65,0.17999999999999994,50593176801d43a2a2dc25fec1a0109e77dd5aa6,0.01,5,,100.7277,
2026-08-01T13:10:38Z,EPL,435490,epl-2026-team-of-the-season,EPL: 2026 PFA Team of the Year,2026-05-01T16:17:58.439577Z,2127683,will-erling-haaland-be-named-to-the-2026-pfa-premier-league-team-of-the-year,Will Erling Haaland be named to the 2026 PFA Premier League Team of the Year?,0x0a3ee85120cf7d2febbaba00b787db1bd1fdc7f80f8277d89675736a430e2065,"[""36505760582912364024564187063352953937975349358323597571083864672476590879653"", ""36939641234709193046881505450280116016622287455799963152747536559103079527590""]",36505760582912364024564187063352953937975349358323597571083864672476590879653|36939641234709193046881505450280116016622287455799963152747536559103079527590,36505760582912364024564187063352953937975349358323597571083864672476590879653,Yes,True,0.85,28.5,0.99,7.11,0.9199999999999999,0.14,75b2aafbf7c94ad2b8cc5fd45cf283b6af5ed72c,0.01,5,0.010,493.0801,153.99
2026-08-01T13:10:38Z,EPL,435490,epl-2026-team-of-the-season,EPL: 2026 PFA Team of the Year,2026-05-01T16:17:58.439577Z,2127683,will-erling-haaland-be-named-to-the-2026-pfa-premier-league-team-of-the-year,Will Erling Haaland be named to the 2026 PFA Premier League Team of the Year?,0x0a3ee85120cf7d2febbaba00b787db1bd1fdc7f80f8277d89675736a430e2065,"[""36505760582912364024564187063352953937975349358323597571083864672476590879653"", ""36939641234709193046881505450280116016622287455799963152747536559103079527590""]",36505760582912364024564187063352953937975349358323597571083864672476590879653|36939641234709193046881505450280116016622287455799963152747536559103079527590,36939641234709193046881505450280116016622287455799963152747536559103079527590,No,True,0.01,7.11,0.15,28.5,0.08,0.13999999999999999,ed038a45490e95c9f26c59277414b269caaf6bfd,0.01,5,0.010,493.0801,153.99
2026-08-01T13:10:38Z,EPL,435490,epl-2026-team-of-the-season,EPL: 2026 PFA Team of the Year,2026-05-01T16:17:58.439577Z,2127684,will-hugo-ekitike-be-named-to-the-2026-pfa-premier-league-team-of-the-year,Will Hugo Ekitike be named to the 2026 PFA Premier League Team of the Year?,0x3ac387fc809af29edadb0c1881ecd88319f8b4ebb5b0a89a77a84e85f4a2099c,"[""21160761171799050394335213154237360537464294007297740615880003417666696561468"", ""57509889980199562878580001207297131252053963359675973392844979135378456666743""]",21160761171799050394335213154237360537464294007297740615880003417666696561468|57509889980199562878580001207297131252053963359675973392844979135378456666743,21160761171799050394335213154237360537464294007297740615880003417666696561468,Yes,True,0.01,78.4,0.18,10.0,0.095,0.16999999999999998,df2134bdd46d1f0e5eb1078842ba01c7500e0f26,0.01,5,,15.922,
2026-08-01T13:10:38Z,EPL,435490,epl-2026-team-of-the-season,EPL: 2026 PFA Team of the Year,2026-05-01T16:17:58.439577Z,2127684,will-hugo-ekitike-be-named-to-the-2026-pfa-premier-league-team-of-the-year,Will Hugo Ekitike be named to the 2026 PFA Premier League Team of the Year?,0x3ac387fc809af29edadb0c1881ecd88319f8b4ebb5b0a89a77a84e85f4a2099c,"[""21160761171799050394335213154237360537464294007297740615880003417666696561468"", ""57509889980199562878580001207297131252053963359675973392844979135378456666743""]",21160761171799050394335213154237360537464294007297740615880003417666696561468|57509889980199562878580001207297131252053963359675973392844979135378456666743,57509889980199562878580001207297131252053963359675973392844979135378456666743,No,True,0.82,10.0,0.99,78.4,0.905,0.17000000000000004,b4d2e4bb37c0938c8a8f02cfd2216c580d0e9309,0.01,5,,15.922,
2026-08-01T13:10:38Z,EPL,435490,epl-2026-team-of-the-season,EPL: 2026 PFA Team of the Year,2026-05-01T16:17:58.439577Z,2127685,will-igor-thiago-be-named-to-the-2026-pfa-premier-league-team-of-the-year,Will Igor Thiago be named to the 2026 PFA Premier League Team of the Year?,0x2565964258328ceff81b8dd027a9b4bfae11353bbfbb3e27625da025fffc2d97,"[""45116472354972988677943929968423217543948497597214084731838340702588569592863"", ""57509607526871690199395719807389480255858394821926865896302284337840164838738""]",45116472354972988677943929968423217543948497597214084731838340702588569592863|57509607526871690199395719807389480255858394821926865896302284337840164838738,45116472354972988677943929968423217543948497597214084731838340702588569592863,Yes,True,0.25,190.0,0.48,100.0,0.365,0.22999999999999998,4c5c585f9b01d354066ceba7d447158ce388aaaa,0.01,5,,102.7977,
2026-08-01T13:10:38Z,EPL,435490,epl-2026-team-of-the-season,EPL: 2026 PFA Team of the Year,2026-05-01T16:17:58.439577Z,2127685,will-igor-thiago-be-named-to-the-2026-pfa-premier-league-team-of-the-year,Will Igor Thiago be named to the 2026 PFA Premier League Team of the Year?,0x2565964258328ceff81b8dd027a9b4bfae11353bbfbb3e27625da025fffc2d97,"[""45116472354972988677943929968423217543948497597214084731838340702588569592863"", ""57509607526871690199395719807389480255858394821926865896302284337840164838738""]",45116472354972988677943929968423217543948497597214084731838340702588569592863|57509607526871690199395719807389480255858394821926865896302284337840164838738,57509607526871690199395719807389480255858394821926865896302284337840164838738,No,True,0.52,100.0,0.75,190.0,0.635,0.22999999999999998,f06623c3bf29d78ca450fd2f94419399efb8fa49,0.01,5,,102.7977,
2026-08-01T13:10:38Z,EPL,435490,epl-2026-team-of-the-season,EPL: 2026 PFA Team of the Year,2026-05-01T16:17:58.439577Z,2127686,will-joo-pedro-be-named-to-the-2026-pfa-premier-league-team-of-the-year,Will João Pedro be named to the 2026 PFA Premier League Team of the Year?,0x6fce5bfb34549a3a2c919a87ed5948038ae259334b99c7626269b54b5aec2e0e,"[""32710637391248437289327028678783582535502723443825413307615920275857755767269"", ""76494283295406840675256483217001111989666469664619203128145658200939942333539""]",32710637391248437289327028678783582535502723443825413307615920275857755767269|76494283295406840675256483217001111989666469664619203128145658200939942333539,32710637391248437289327028678783582535502723443825413307615920275857755767269,Yes,True,0.01,78.4,0.18,69.39,0.095,0.16999999999999998,4385312b56064d8dc2da3cf9f211ed337cc8f83e,0.01,5,,59.4678,57.777776
2026-08-01T13:10:38Z,EPL,435490,epl-2026-team-of-the-season,EPL: 2026 PFA Team of the Year,2026-05-01T16:17:58.439577Z,2127686,will-joo-pedro-be-named-to-the-2026-pfa-premier-league-team-of-the-year,Will João Pedro be named to the 2026 PFA Premier League Team of the Year?,0x6fce5bfb34549a3a2c919a87ed5948038ae259334b99c7626269b54b5aec2e0e,"[""32710637391248437289327028678783582535502723443825413307615920275857755767269"", ""76494283295406840675256483217001111989666469664619203128145658200939942333539""]",32710637391248437289327028678783582535502723443825413307615920275857755767269|76494283295406840675256483217001111989666469664619203128145658200939942333539,76494283295406840675256483217001111989666469664619203128145658200939942333539,No,True,0.82,69.39,0.99,78.4,0.905,0.17000000000000004,6aa71b96c8584b37801493a6734d4fdf3f50eb2b,0.01,5,,59.4678,57.777776
2026-08-01T13:10:38Z,EPL,435490,epl-2026-team-of-the-season,EPL: 2026 PFA Team of the Year,2026-05-01T16:17:58.439577Z,2127687,will-morgan-rogers-be-named-to-the-2026-pfa-premier-league-team-of-the-year,Will Morgan Rogers be named to the 2026 PFA Premier League Team of the Year?,0x96b8591e61ab8153068ed93e54c013f0e6b89cea2aa4e133fdfd9dafcded9277,"[""35606525977135678474506342380680226214353069361032301286284296655225714906882"", ""21333608757853284524355908501060578820412665842300321107531640970971045399525""]",35606525977135678474506342380680226214353069361032301286284296655225714906882|21333608757853284524355908501060578820412665842300321107531640970971045399525,35606525977135678474506342380680226214353069361032301286284296655225714906882,Yes,True,0.01,78.4,0.72,10.0,0.365,0.71,2b11950dd585e014173f24049af33908f2c8955f,0.01,5,,5.5179,
2026-08-01T13:10:38Z,EPL,435490,epl-2026-team-of-the-season,EPL: 2026 PFA Team of the Year,2026-05-01T16:17:58.439577Z,2127687,will-morgan-rogers-be-named-to-the-2026-pfa-premier-league-team-of-the-year,Will Morgan Rogers be named to the 2026 PFA Premier League Team of the Year?,0x96b8591e61ab8153068ed93e54c013f0e6b89cea2aa4e133fdfd9dafcded9277,"[""35606525977135678474506342380680226214353069361032301286284296655225714906882"", ""21333608757853284524355908501060578820412665842300321107531640970971045399525""]",35606525977135678474506342380680226214353069361032301286284296655225714906882|21333608757853284524355908501060578820412665842300321107531640970971045399525,21333608757853284524355908501060578820412665842300321107531640970971045399525,No,True,0.28,10.0,0.99,78.4,0.635,0.71,5c771b8c87470c4759f183f2bba51aa12bf67558,0.01,5,,5.5179,
2026-08-01T13:10:38Z,EPL,435490,epl-2026-team-of-the-season,EPL: 2026 PFA Team of the Year,2026-05-01T16:17:58.439577Z,2127688,will-antoine-semenyo-be-named-to-the-2026-pfa-premier-league-team-of-the-year,Will Antoine Semenyo be named to the 2026 PFA Premier League Team of the Year?,0x1220c8ad3de1b3e3a079e832ec53f3cd4c3f014685820c7364e6feeec413e4d8,"[""76296603541032491222249921378613877627058194760954506807014743183408941333618"", ""21304560232739094042644316740439641499393814233414419162298081903469670924441""]",76296603541032491222249921378613877627058194760954506807014743183408941333618|21304560232739094042644316740439641499393814233414419162298081903469670924441,76296603541032491222249921378613877627058194760954506807014743183408941333618,Yes,True,0.18,9.26,0.97,20.13,0.575,0.79,8e91e17c3f22fcd74620bf018a7a4c40438aeefb,0.01,5,0.400,192.4329,109.94165000000001
2026-08-01T13:10:38Z,EPL,435490,epl-2026-team-of-the-season,EPL: 2026 PFA Team of the Year,2026-05-01T16:17:58.439577Z,2127688,will-antoine-semenyo-be-named-to-the-2026-pfa-premier-league-team-of-the-year,Will Antoine Semenyo be named to the 2026 PFA Premier League Team of the Year?,0x1220c8ad3de1b3e3a079e832ec53f3cd4c3f014685820c7364e6feeec413e4d8,"[""76296603541032491222249921378613877627058194760954506807014743183408941333618"", ""21304560232739094042644316740439641499393814233414419162298081903469670924441""]",76296603541032491222249921378613877627058194760954506807014743183408941333618|21304560232739094042644316740439641499393814233414419162298081903469670924441,21304560232739094042644316740439641499393814233414419162298081903469670924441,No,True,0.03,20.13,0.82,9.26,0.425,0.7899999999999999,3b5b70d1f86fe0b7e3fa8d08f3185aea43528105,0.01,5,0.400,192.4329,109.94165000000001
2026-08-01T13:10:38Z,EPL,435490,epl-2026-team-of-the-season,EPL: 2026 PFA Team of the Year,2026-05-01T16:17:58.439577Z,2127689,will-jeremy-doku-be-named-to-the-2026-pfa-premier-league-team-of-the-year,Will Jeremy Doku be named to the 2026 PFA Premier League Team of the Year?,0xa879be670c7ecf3087a8bf9fc8cf43b4e415502e71e7910dd63ac8f80a56d87b,"[""3879696626646145930128886354978365884788235204398514844964568164322230593973"", ""79551627668553765432569263846776420950508270405186694496807348421004929288226""]",3879696626646145930128886354978365884788235204398514844964568164322230593973|79551627668553765432569263846776420950508270405186694496807348421004929288226,3879696626646145930128886354978365884788235204398514844964568164322230593973,Yes,True,0.01,14.32,0.27,1000.0,0.14,0.26,1cc975d84429150aa917aa098e835d19a887b3b2,0.01,5,,805.8268,
2026-08-01T13:10:38Z,EPL,435490,epl-2026-team-of-the-season,EPL: 2026 PFA Team of the Year,2026-05-01T16:17:58.439577Z,2127689,will-jeremy-doku-be-named-to-the-2026-pfa-premier-league-team-of-the-year,Will Jeremy Doku be named to the 2026 PFA Premier League Team of the Year?,0xa879be670c7ecf3087a8bf9fc8cf43b4e415502e71e7910dd63ac8f80a56d87b,"[""3879696626646145930128886354978365884788235204398514844964568164322230593973"", ""79551627668553765432569263846776420950508270405186694496807348421004929288226""]",3879696626646145930128886354978365884788235204398514844964568164322230593973|79551627668553765432569263846776420950508270405186694496807348421004929288226,79551627668553765432569263846776420950508270405186694496807348421004929288226,No,True,0.73,1000.0,0.99,14.32,0.86,0.26,ab689be7f2ac4da3a8e2741ce26b2f0fc1e107d8,0.01,5,,805.8268,
2026-08-01T13:10:38Z,EPL,435490,epl-2026-team-of-the-season,EPL: 2026 PFA Team of the Year,2026-05-01T16:17:58.439577Z,2127690,will-bryan-mbeumo-be-named-to-the-2026-pfa-premier-league-team-of-the-year,Will Bryan Mbeumo be named to the 2026 PFA Premier League Team of the Year?,0xbc5c1fe3e7dd57070ca528cd85b158334b7aa9ee0c87b22c861586f82f115f53,"[""91785058119765698978951103847186849259631214663163177270696303972172010570357"", ""57423228513700841810717133678013622282899538997222385821885417665448518434118""]",91785058119765698978951103847186849259631214663163177270696303972172010570357|57423228513700841810717133678013622282899538997222385821885417665448518434118,91785058119765698978951103847186849259631214663163177270696303972172010570357,Yes,True,0.05,20.0,0.36,6.6,0.205,0.31,72fdc996a5b23f76ba008bb16494d2a99b9b14da,0.01,5,,72.7718,
2026-08-01T13:10:38Z,EPL,435490,epl-2026-team-of-the-season,EPL: 2026 PFA Team of the Year,2026-05-01T16:17:58.439577Z,2127690,will-bryan-mbeumo-be-named-to-the-2026-pfa-premier-league-team-of-the-year,Will Bryan Mbeumo be named to the 2026 PFA Premier League Team of the Year?,0xbc5c1fe3e7dd57070ca528cd85b158334b7aa9ee0c87b22c861586f82f115f53,"[""91785058119765698978951103847186849259631214663163177270696303972172010570357"", ""57423228513700841810717133678013622282899538997222385821885417665448518434118""]",91785058119765698978951103847186849259631214663163177270696303972172010570357|57423228513700841810717133678013622282899538997222385821885417665448518434118,57423228513700841810717133678013622282899538997222385821885417665448518434118,No,True,0.64,6.6,0.95,20.0,0.7949999999999999,0.30999999999999994,bcd0deec29787c4b20db530b2450ae9baed63572,0.01,5,,72.7718,
2026-08-01T13:10:38Z,EPL,435490,epl-2026-team-of-the-season,EPL: 2026 PFA Team of the Year,2026-05-01T16:17:58.439577Z,2127691,will-jarrod-bowen-be-named-to-the-2026-pfa-premier-league-team-of-the-year,Will Jarrod Bowen be named to the 2026 PFA Premier League Team of the Year?,0x7352d3b05ddd64c22487c855e05c0485348e49d0dad74d9bde2c0478db43701e,"[""72676667720459668200165137999841534576126998576490942457742996617745849748718"", ""93972487936526721423770075279455909737407561133246099106446256232697159064557""]",72676667720459668200165137999841534576126998576490942457742996617745849748718|93972487936526721423770075279455909737407561133246099106446256232697159064557,72676667720459668200165137999841534576126998576490942457742996617745849748718,Yes,True,0.01,78.4,0.1,117.68,0.055,0.09000000000000001,035b747d40ff65e36c5001d8fc116e4efb755d0a,0.01,5,,108.8996,
2026-08-01T13:10:38Z,EPL,435490,epl-2026-team-of-the-season,EPL: 2026 PFA Team of the Year,2026-05-01T16:17:58.439577Z,2127691,will-jarrod-bowen-be-named-to-the-2026-pfa-premier-league-team-of-the-year,Will Jarrod Bowen be named to the 2026 PFA Premier League Team of the Year?,0x7352d3b05ddd64c22487c855e05c0485348e49d0dad74d9bde2c0478db43701e,"[""72676667720459668200165137999841534576126998576490942457742996617745849748718"", ""93972487936526721423770075279455909737407561133246099106446256232697159064557""]",72676667720459668200165137999841534576126998576490942457742996617745849748718|93972487936526721423770075279455909737407561133246099106446256232697159064557,93972487936526721423770075279455909737407561133246099106446256232697159064557,No,True,0.9,117.68,0.99,78.4,0.9450000000000001,0.08999999999999997,f99829ebb01ea5ac1f7a702d0c328e2417fb4dd4,0.01,5,,108.8996,
2026-08-01T13:10:38Z,EPL,435490,epl-2026-team-of-the-season,EPL: 2026 PFA Team of the Year,2026-05-01T16:17:58.439577Z,2127692,will-phil-foden-be-named-to-the-2026-pfa-premier-league-team-of-the-year,Will Phil Foden be named to the 2026 PFA Premier League Team of the Year?,0x0f4085f5c4961b9029c600d4f976d0594a302e9f365552b48f500b655f2ac4fa,"[""8033894410953638407847681522327346336043237396295679948351222439635117761656"", ""89182645560093896409280692775338915223534298743660692930735700909064064285484""]",8033894410953638407847681522327346336043237396295679948351222439635117761656|89182645560093896409280692775338915223534298743660692930735700909064064285484,8033894410953638407847681522327346336043237396295679948351222439635117761656,Yes,True,0.01,78.4,0.19,10.0,0.1,0.18,47d68c38aa91b988c9c33bd0612581eac7ae5211,0.01,5,,153.1174,
2026-08-01T13:10:38Z,EPL,435490,epl-2026-team-of-the-season,EPL: 2026 PFA Team of the Year,2026-05-01T16:17:58.439577Z,2127692,will-phil-foden-be-named-to-the-2026-pfa-premier-league-team-of-the-year,Will Phil Foden be named to the 2026 PFA Premier League Team of the Year?,0x0f4085f5c4961b9029c600d4f976d0594a302e9f365552b48f500b655f2ac4fa,"[""8033894410953638407847681522327346336043237396295679948351222439635117761656"", ""89182645560093896409280692775338915223534298743660692930735700909064064285484""]",8033894410953638407847681522327346336043237396295679948351222439635117761656|89182645560093896409280692775338915223534298743660692930735700909064064285484,89182645560093896409280692775338915223534298743660692930735700909064064285484,No,True,0.81,10.0,0.99,78.4,0.9,0.17999999999999994,a3ef49382f22d4b79ba51b1a8ad06c49840340aa,0.01,5,,153.1174,
2026-08-01T13:10:38Z,EPL,435490,epl-2026-team-of-the-season,EPL: 2026 PFA Team of the Year,2026-05-01T16:17:58.439577Z,2127693,will-bukayo-saka-be-named-to-the-2026-pfa-premier-league-team-of-the-year,Will Bukayo Saka be named to the 2026 PFA Premier League Team of the Year?,0xb31d5274c8acbc2b023593c03fe1cb6367f42a9596ebb5d61b3204457b980730,"[""3899512605908669133631802955015968710467998848723391934123440957914049621850"", ""50079801685037680014087676599806731271595381000363699907442053815397821742247""]",3899512605908669133631802955015968710467998848723391934123440957914049621850|50079801685037680014087676599806731271595381000363699907442053815397821742247,3899512605908669133631802955015968710467998848723391934123440957914049621850,Yes,True,0.16,5.0,0.75,5.0,0.455,0.59,9199a6f2ff63fb71436d262884943e80d696697c,0.01,5,0.370,44.7179,124.88335400000001
2026-08-01T13:10:38Z,EPL,435490,epl-2026-team-of-the-season,EPL: 2026 PFA Team of the Year,2026-05-01T16:17:58.439577Z,2127693,will-bukayo-saka-be-named-to-the-2026-pfa-premier-league-team-of-the-year,Will Bukayo Saka be named to the 2026 PFA Premier League Team of the Year?,0xb31d5274c8acbc2b023593c03fe1cb6367f42a9596ebb5d61b3204457b980730,"[""3899512605908669133631802955015968710467998848723391934123440957914049621850"", ""50079801685037680014087676599806731271595381000363699907442053815397821742247""]",3899512605908669133631802955015968710467998848723391934123440957914049621850|50079801685037680014087676599806731271595381000363699907442053815397821742247,50079801685037680014087676599806731271595381000363699907442053815397821742247,No,True,0.25,5.0,0.84,5.0,0.5449999999999999,0.59,ebf861cd795b2df6571c0a56adfcb15b1bf7c6f3,0.01,5,0.370,44.7179,124.88335400000001
2026-08-01T13:10:38Z,EPL,741502,epl-will-jeff-bezos-be-announced-as-new-liverpool-owner-in-2026-20260722181029339,EPL: Will Jeff Bezos Be Announced as New Liverpool Owner in 2026?,2026-07-24T02:09:07.515064Z,3075557,epl-will-jeff-bezos-be-announced-as-new-liverpool-owner-in-2026-20260722181029339,EPL: Will Jeff Bezos Be Announced as New Liverpool Owner in 2026?,0xf80b06a0af0b0d125260dd874181f7719b744202726b1261630c1e6f47d194b2,"[""111441089755454304558071463386774833085904282688880366696455604871865425149250"", ""96618024647558019955854864607964662434776153113184066607977558350988819171463""]",111441089755454304558071463386774833085904282688880366696455604871865425149250|96618024647558019955854864607964662434776153113184066607977558350988819171463,111441089755454304558071463386774833085904282688880366696455604871865425149250,Yes,True,0.06,40.0,0.38,40.0,0.22,0.32,b40fae9f212f8c3b41300438798d00349e2cbbd8,0.01,5,0.840,81.305,2530.877093
2026-08-01T13:10:38Z,EPL,741502,epl-will-jeff-bezos-be-announced-as-new-liverpool-owner-in-2026-20260722181029339,EPL: Will Jeff Bezos Be Announced as New Liverpool Owner in 2026?,2026-07-24T02:09:07.515064Z,3075557,epl-will-jeff-bezos-be-announced-as-new-liverpool-owner-in-2026-20260722181029339,EPL: Will Jeff Bezos Be Announced as New Liverpool Owner in 2026?,0xf80b06a0af0b0d125260dd874181f7719b744202726b1261630c1e6f47d194b2,"[""111441089755454304558071463386774833085904282688880366696455604871865425149250"", ""96618024647558019955854864607964662434776153113184066607977558350988819171463""]",111441089755454304558071463386774833085904282688880366696455604871865425149250|96618024647558019955854864607964662434776153113184066607977558350988819171463,96618024647558019955854864607964662434776153113184066607977558350988819171463,No,True,0.62,40.0,0.94,40.0,0.78,0.31999999999999995,9cd328e65261ce91e769fa34f1a1970a6dd52763,0.01,5,0.840,81.305,2530.877093
2026-08-01T14:46:33Z,EPL,333084,epl-team-to-qualify-for-uefa-conference-league,EPL: Team to qualify for UEFA Conference League,2026-04-01T17:27:13.650134Z,1818367,will-arsenal-qualify-for-the-league-phase-of-the-2026-27-uefa-conference-league,Will Arsenal qualify for the League Phase of the 2026-27 UEFA Conference League?,0xe303639e6e879ac5dac9632362583523a2c1ff1ac46645f45fd5c1e7034b3ef7,"[""68901380712839851395966644282518000143877097473327410904576810621084636054002"", ""14101352633367703776049560107649243928150035657062243340231594815518398887879""]",68901380712839851395966644282518000143877097473327410904576810621084636054002|14101352633367703776049560107649243928150035657062243340231594815518398887879,68901380712839851395966644282518000143877097473327410904576810621084636054002,Yes,False,,,,,,,,,,,,467.35890000000006
2026-08-01T14:46:33Z,EPL,333084,epl-team-to-qualify-for-uefa-conference-league,EPL: Team to qualify for UEFA Conference League,2026-04-01T17:27:13.650134Z,1818367,will-arsenal-qualify-for-the-league-phase-of-the-2026-27-uefa-conference-league,Will Arsenal qualify for the League Phase of the 2026-27 UEFA Conference League?,0xe303639e6e879ac5dac9632362583523a2c1ff1ac46645f45fd5c1e7034b3ef7,"[""68901380712839851395966644282518000143877097473327410904576810621084636054002"", ""14101352633367703776049560107649243928150035657062243340231594815518398887879""]",68901380712839851395966644282518000143877097473327410904576810621084636054002|14101352633367703776049560107649243928150035657062243340231594815518398887879,14101352633367703776049560107649243928150035657062243340231594815518398887879,No,False,,,,,,,,,,,,467.35890000000006
2026-08-01T14:46:33Z,EPL,333084,epl-team-to-qualify-for-uefa-conference-league,EPL: Team to qualify for UEFA Conference League,2026-04-01T17:27:13.650134Z,1818368,will-aston-villa-qualify-for-the-league-phase-of-the-2026-27-uefa-conference-league,Will Aston Villa qualify for the League Phase of the 2026-27 UEFA Conference League?,0x28177c964d8b9d218ddc13dac289b4d63545aec7329fb69b12413e1a10a75457,"[""31823132354185101528875214330987706903655516243832510690074648671327601851551"", ""24610182176230826024523430019874907375950075107195029433984156474474467506756""]",31823132354185101528875214330987706903655516243832510690074648671327601851551|24610182176230826024523430019874907375950075107195029433984156474474467506756,31823132354185101528875214330987706903655516243832510690074648671327601851551,Yes,False,,,,,,,,,,,,118.34
2026-08-01T14:46:33Z,EPL,333084,epl-team-to-qualify-for-uefa-conference-league,EPL: Team to qualify for UEFA Conference League,2026-04-01T17:27:13.650134Z,1818368,will-aston-villa-qualify-for-the-league-phase-of-the-2026-27-uefa-conference-league,Will Aston Villa qualify for the League Phase of the 2026-27 UEFA Conference League?,0x28177c964d8b9d218ddc13dac289b4d63545aec7329fb69b12413e1a10a75457,"[""31823132354185101528875214330987706903655516243832510690074648671327601851551"", ""24610182176230826024523430019874907375950075107195029433984156474474467506756""]",31823132354185101528875214330987706903655516243832510690074648671327601851551|24610182176230826024523430019874907375950075107195029433984156474474467506756,24610182176230826024523430019874907375950075107195029433984156474474467506756,No,False,,,,,,,,,,,,118.34
2026-08-01T14:46:33Z,EPL,333084,epl-team-to-qualify-for-uefa-conference-league,EPL: Team to qualify for UEFA Conference League,2026-04-01T17:27:13.650134Z,1818369,will-bournemouth-qualify-for-the-league-phase-of-the-2026-27-uefa-conference-league,Will Bournemouth qualify for the League Phase of the 2026-27 UEFA Conference League?,0x767a11689ea743287c46af43309a57c52055b201a44546f1151ebe770848a4c2,"[""51037068800800327301977700578792391802166844203670527997794112211084782282749"", ""49880512765242008305101129568216821495775216606287544487246019230820484318812""]",51037068800800327301977700578792391802166844203670527997794112211084782282749|49880512765242008305101129568216821495775216606287544487246019230820484318812,51037068800800327301977700578792391802166844203670527997794112211084782282749,Yes,False,,,,,,,,,,,,104.230768
2026-08-01T14:46:33Z,EPL,333084,epl-team-to-qualify-for-uefa-conference-league,EPL: Team to qualify for UEFA Conference League,2026-04-01T17:27:13.650134Z,1818369,will-bournemouth-qualify-for-the-league-phase-of-the-2026-27-uefa-conference-league,Will Bournemouth qualify for the League Phase of the 2026-27 UEFA Conference League?,0x767a11689ea743287c46af43309a57c52055b201a44546f1151ebe770848a4c2,"[""51037068800800327301977700578792391802166844203670527997794112211084782282749"", ""49880512765242008305101129568216821495775216606287544487246019230820484318812""]",51037068800800327301977700578792391802166844203670527997794112211084782282749|49880512765242008305101129568216821495775216606287544487246019230820484318812,49880512765242008305101129568216821495775216606287544487246019230820484318812,No,False,,,,,,,,,,,,104.230768
2026-08-01T14:46:33Z,EPL,333084,epl-team-to-qualify-for-uefa-conference-league,EPL: Team to qualify for UEFA Conference League,2026-04-01T17:27:13.650134Z,1818370,will-brentford-qualify-for-the-league-phase-of-the-2026-27-uefa-conference-league,Will Brentford qualify for the League Phase of the 2026-27 UEFA Conference League?,0x0389abffb5ab63bd6aa4c5a51d9d3aa9448f20cd4ce3aa635fefd2f2349c3a31,"[""28387783984422789854592851598345905688234938653031916751801472369971729754741"", ""114832188258694701659066568174555689813627221405189198849646410747085620840644""]",28387783984422789854592851598345905688234938653031916751801472369971729754741|114832188258694701659066568174555689813627221405189198849646410747085620840644,28387783984422789854592851598345905688234938653031916751801472369971729754741,Yes,False,,,,,,,,,,,,65
2026-08-01T14:46:33Z,EPL,333084,epl-team-to-qualify-for-uefa-conference-league,EPL: Team to qualify for UEFA Conference League,2026-04-01T17:27:13.650134Z,1818370,will-brentford-qualify-for-the-league-phase-of-the-2026-27-uefa-conference-league,Will Brentford qualify for the League Phase of the 2026-27 UEFA Conference League?,0x0389abffb5ab63bd6aa4c5a51d9d3aa9448f20cd4ce3aa635fefd2f2349c3a31,"[""28387783984422789854592851598345905688234938653031916751801472369971729754741"", ""114832188258694701659066568174555689813627221405189198849646410747085620840644""]",28387783984422789854592851598345905688234938653031916751801472369971729754741|114832188258694701659066568174555689813627221405189198849646410747085620840644,114832188258694701659066568174555689813627221405189198849646410747085620840644,No,False,,,,,,,,,,,,65
2026-08-01T14:46:33Z,EPL,333084,epl-team-to-qualify-for-uefa-conference-league,EPL: Team to qualify for UEFA Conference League,2026-04-01T17:27:13.650134Z,1818371,will-brighton-hove-albion-qualify-for-the-league-phase-of-the-2026-27-uefa-conference-league,Will Brighton & Hove Albion qualify for the League Phase of the 2026-27 UEFA Conference League?,0x4e11ad07550e879b771bb74aa2ac543182c0b555f4fd86aaa8c9818d64b91f25,"[""91139930726622392742704198140499166850579482457098783277042371092513674941494"", ""75555949500072945185762043512718261040129266196955015758692797567174442576587""]",91139930726622392742704198140499166850579482457098783277042371092513674941494|75555949500072945185762043512718261040129266196955015758692797567174442576587,91139930726622392742704198140499166850579482457098783277042371092513674941494,Yes,True,0.404,40.0,0.934,70.0,0.669,0.53,3571cda884c288e8261beebd6f81d698beb5745b,0.001,5,0.900,182.52666,1233.9694859999997
2026-08-01T14:46:33Z,EPL,333084,epl-team-to-qualify-for-uefa-conference-league,EPL: Team to qualify for UEFA Conference League,2026-04-01T17:27:13.650134Z,1818371,will-brighton-hove-albion-qualify-for-the-league-phase-of-the-2026-27-uefa-conference-league,Will Brighton & Hove Albion qualify for the League Phase of the 2026-27 UEFA Conference League?,0x4e11ad07550e879b771bb74aa2ac543182c0b555f4fd86aaa8c9818d64b91f25,"[""91139930726622392742704198140499166850579482457098783277042371092513674941494"", ""75555949500072945185762043512718261040129266196955015758692797567174442576587""]",91139930726622392742704198140499166850579482457098783277042371092513674941494|75555949500072945185762043512718261040129266196955015758692797567174442576587,75555949500072945185762043512718261040129266196955015758692797567174442576587,No,True,0.066,70.0,0.596,40.0,0.33099999999999996,0.53,2c6ccbf318bb1415e05df9c2361aec4ee4a2a831,0.001,5,0.900,182.52666,1233.9694859999997
2026-08-01T14:46:33Z,EPL,333084,epl-team-to-qualify-for-uefa-conference-league,EPL: Team to qualify for UEFA Conference League,2026-04-01T17:27:13.650134Z,1818372,will-chelsea-qualify-for-the-league-phase-of-the-2026-27-uefa-conference-league,Will Chelsea qualify for the League Phase of the 2026-27 UEFA Conference League?,0xa0a419e4b455bbeb1ac06050bf572bbf636c70dc688f201eda6beb257e0ecccf,"[""24304404136401853611354679156736471836167449603878002382670170418575244748347"", ""34932573794344542041315686660932662303391519134203250572504686994553601884919""]",24304404136401853611354679156736471836167449603878002382670170418575244748347|34932573794344542041315686660932662303391519134203250572504686994553601884919,24304404136401853611354679156736471836167449603878002382670170418575244748347,Yes,False,,,,,,,,,,,,193.140308
2026-08-01T14:46:33Z,EPL,333084,epl-team-to-qualify-for-uefa-conference-league,EPL: Team to qualify for UEFA Conference League,2026-04-01T17:27:13.650134Z,1818372,will-chelsea-qualify-for-the-league-phase-of-the-2026-27-uefa-conference-league,Will Chelsea qualify for the League Phase of the 2026-27 UEFA Conference League?,0xa0a419e4b455bbeb1ac06050bf572bbf636c70dc688f201eda6beb257e0ecccf,"[""24304404136401853611354679156736471836167449603878002382670170418575244748347"", ""34932573794344542041315686660932662303391519134203250572504686994553601884919""]",24304404136401853611354679156736471836167449603878002382670170418575244748347|34932573794344542041315686660932662303391519134203250572504686994553601884919,34932573794344542041315686660932662303391519134203250572504686994553601884919,No,False,,,,,,,,,,,,193.140308
2026-08-01T14:46:33Z,EPL,333084,epl-team-to-qualify-for-uefa-conference-league,EPL: Team to qualify for UEFA Conference League,2026-04-01T17:27:13.650134Z,1818373,will-crystal-palace-qualify-for-the-league-phase-of-the-2026-27-uefa-conference-league,Will Crystal Palace qualify for the League Phase of the 2026-27 UEFA Conference League?,0x7fcff1b74a273c0e48b01dafa03fd994fc6d6a80faf2f401808a1f7c906231e2,"[""83595360800340582836220415327748792858014632655765677024450652227649872829217"", ""8722778550304158158775908112102831721712668882628498669387415627760731221547""]",83595360800340582836220415327748792858014632655765677024450652227649872829217|8722778550304158158775908112102831721712668882628498669387415627760731221547,83595360800340582836220415327748792858014632655765677024450652227649872829217,Yes,False,,,,,,,,,,,,55.10415
2026-08-01T14:46:33Z,EPL,333084,epl-team-to-qualify-for-uefa-conference-league,EPL: Team to qualify for UEFA Conference League,2026-04-01T17:27:13.650134Z,1818373,will-crystal-palace-qualify-for-the-league-phase-of-the-2026-27-uefa-conference-league,Will Crystal Palace qualify for the League Phase of the 2026-27 UEFA Conference League?,0x7fcff1b74a273c0e48b01dafa03fd994fc6d6a80faf2f401808a1f7c906231e2,"[""83595360800340582836220415327748792858014632655765677024450652227649872829217"", ""8722778550304158158775908112102831721712668882628498669387415627760731221547""]",83595360800340582836220415327748792858014632655765677024450652227649872829217|8722778550304158158775908112102831721712668882628498669387415627760731221547,8722778550304158158775908112102831721712668882628498669387415627760731221547,No,False,,,,,,,,,,,,55.10415
2026-08-01T14:46:33Z,EPL,333084,epl-team-to-qualify-for-uefa-conference-league,EPL: Team to qualify for UEFA Conference League,2026-04-01T17:27:13.650134Z,1818374,will-everton-qualify-for-the-league-phase-of-the-2026-27-uefa-conference-league,Will Everton qualify for the League Phase of the 2026-27 UEFA Conference League?,0xc2d06ea1b36aa2af374778802062278b37c0681e80b8b30d440eea8c89c69efa,"[""4166923647964243798214643118596450748550925708271797356837126450441673128307"", ""38675784671269789218225363889508272390729885225646140690421495748338190385226""]",4166923647964243798214643118596450748550925708271797356837126450441673128307|38675784671269789218225363889508272390729885225646140690421495748338190385226,4166923647964243798214643118596450748550925708271797356837126450441673128307,Yes,False,,,,,,,,,,,,481.81
2026-08-01T14:46:33Z,EPL,333084,epl-team-to-qualify-for-uefa-conference-league,EPL: Team to qualify for UEFA Conference League,2026-04-01T17:27:13.650134Z,1818374,will-everton-qualify-for-the-league-phase-of-the-2026-27-uefa-conference-league,Will Everton qualify for the League Phase of the 2026-27 UEFA Conference League?,0xc2d06ea1b36aa2af374778802062278b37c0681e80b8b30d440eea8c89c69efa,"[""4166923647964243798214643118596450748550925708271797356837126450441673128307"", ""38675784671269789218225363889508272390729885225646140690421495748338190385226""]",4166923647964243798214643118596450748550925708271797356837126450441673128307|38675784671269789218225363889508272390729885225646140690421495748338190385226,38675784671269789218225363889508272390729885225646140690421495748338190385226,No,False,,,,,,,,,,,,481.81
2026-08-01T14:46:33Z,EPL,333084,epl-team-to-qualify-for-uefa-conference-league,EPL: Team to qualify for UEFA Conference League,2026-04-01T17:27:13.650134Z,1818375,will-fulham-qualify-for-the-league-phase-of-the-2026-27-uefa-conference-league,Will Fulham qualify for the League Phase of the 2026-27 UEFA Conference League?,0xa9c80d9e6d42b63441eb65788fa6715dd14e46e84e92ab0af524aa71de00e9fe,"[""58173349290615436261874750189700214187364770220706840363443501392029514828013"", ""68870830613563352664780739176635792396465611522859759407689581346809698393825""]",58173349290615436261874750189700214187364770220706840363443501392029514828013|68870830613563352664780739176635792396465611522859759407689581346809698393825,58173349290615436261874750189700214187364770220706840363443501392029514828013,Yes,False,,,,,,,,,,,,529.6700000000001
2026-08-01T14:46:33Z,EPL,333084,epl-team-to-qualify-for-uefa-conference-league,EPL: Team to qualify for UEFA Conference League,2026-04-01T17:27:13.650134Z,1818375,will-fulham-qualify-for-the-league-phase-of-the-2026-27-uefa-conference-league,Will Fulham qualify for the League Phase of the 2026-27 UEFA Conference League?,0xa9c80d9e6d42b63441eb65788fa6715dd14e46e84e92ab0af524aa71de00e9fe,"[""58173349290615436261874750189700214187364770220706840363443501392029514828013"", ""68870830613563352664780739176635792396465611522859759407689581346809698393825""]",58173349290615436261874750189700214187364770220706840363443501392029514828013|68870830613563352664780739176635792396465611522859759407689581346809698393825,68870830613563352664780739176635792396465611522859759407689581346809698393825,No,False,,,,,,,,,,,,529.6700000000001
2026-08-01T14:46:33Z,EPL,333084,epl-team-to-qualify-for-uefa-conference-league,EPL: Team to qualify for UEFA Conference League,2026-04-01T17:27:13.650134Z,1818376,will-ipswich-town-qualify-for-the-league-phase-of-the-2026-27-uefa-conference-league,Will Ipswich Town qualify for the League Phase of the 2026-27 UEFA Conference League?,0xfd1fd6c7c9106ccdc0a48fb64385b352808d5f6a4eb0157cb37b834002772000,"[""34575040317828011543308948862359294748447343494151397521995978862299718496252"", ""32703218917373905712439402416747473136357574974365039086658033726899781984701""]",34575040317828011543308948862359294748447343494151397521995978862299718496252|32703218917373905712439402416747473136357574974365039086658033726899781984701,34575040317828011543308948862359294748447343494151397521995978862299718496252,Yes,False,,,,,,,,,,,,185.7979
2026-08-01T14:46:33Z,EPL,333084,epl-team-to-qualify-for-uefa-conference-league,EPL: Team to qualify for UEFA Conference League,2026-04-01T17:27:13.650134Z,1818376,will-ipswich-town-qualify-for-the-league-phase-of-the-2026-27-uefa-conference-league,Will Ipswich Town qualify for the League Phase of the 2026-27 UEFA Conference League?,0xfd1fd6c7c9106ccdc0a48fb64385b352808d5f6a4eb0157cb37b834002772000,"[""34575040317828011543308948862359294748447343494151397521995978862299718496252"", ""32703218917373905712439402416747473136357574974365039086658033726899781984701""]",34575040317828011543308948862359294748447343494151397521995978862299718496252|32703218917373905712439402416747473136357574974365039086658033726899781984701,32703218917373905712439402416747473136357574974365039086658033726899781984701,No,False,,,,,,,,,,,,185.7979
2026-08-01T14:46:33Z,EPL,333084,epl-team-to-qualify-for-uefa-conference-league,EPL: Team to qualify for UEFA Conference League,2026-04-01T17:27:13.650134Z,1818377,will-leicester-city-qualify-for-the-league-phase-of-the-2026-27-uefa-conference-league,Will Leicester City qualify for the League Phase of the 2026-27 UEFA Conference League?,0x7f23bad03e49e8691193b374466a982f76952cc0658302268f2122380250f91d,"[""36855782576831156580765175743466253787995589729798761982205435744452738857165"", ""63267615403020851545105138792098005654530731396339683005908577788229989628684""]",36855782576831156580765175743466253787995589729798761982205435744452738857165|63267615403020851545105138792098005654530731396339683005908577788229989628684,36855782576831156580765175743466253787995589729798761982205435744452738857165,Yes,False,,,,,,,,,,,,185.5555
2026-08-01T14:46:33Z,EPL,333084,epl-team-to-qualify-for-uefa-conference-league,EPL: Team to qualify for UEFA Conference League,2026-04-01T17:27:13.650134Z,1818377,will-leicester-city-qualify-for-the-league-phase-of-the-2026-27-uefa-conference-league,Will Leicester City qualify for the League Phase of the 2026-27 UEFA Conference League?,0x7f23bad03e49e8691193b374466a982f76952cc0658302268f2122380250f91d,"[""36855782576831156580765175743466253787995589729798761982205435744452738857165"", ""63267615403020851545105138792098005654530731396339683005908577788229989628684""]",36855782576831156580765175743466253787995589729798761982205435744452738857165|63267615403020851545105138792098005654530731396339683005908577788229989628684,63267615403020851545105138792098005654530731396339683005908577788229989628684,No,False,,,,,,,,,,,,185.5555
2026-08-01T14:46:33Z,EPL,333084,epl-team-to-qualify-for-uefa-conference-league,EPL: Team to qualify for UEFA Conference League,2026-04-01T17:27:13.650134Z,1818378,will-liverpool-qualify-for-the-league-phase-of-the-2026-27-uefa-conference-league,Will Liverpool qualify for the League Phase of the 2026-27 UEFA Conference League?,0x0f39d177f78abd438be984b36f264c13de879b346ae40bfea0ababc108b83f64,"[""65988948624774144931622911564364302133312968519504468408474435267221324233196"", ""115130602602129428285461614417924472558165741430309539659330809798396288056300""]",65988948624774144931622911564364302133312968519504468408474435267221324233196|115130602602129428285461614417924472558165741430309539659330809798396288056300,65988948624774144931622911564364302133312968519504468408474435267221324233196,Yes,False,,,,,,,,,,,0,175.5
2026-08-01T14:46:33Z,EPL,333084,epl-team-to-qualify-for-uefa-conference-league,EPL: Team to qualify for UEFA Conference League,2026-04-01T17:27:13.650134Z,1818378,will-liverpool-qualify-for-the-league-phase-of-the-2026-27-uefa-conference-league,Will Liverpool qualify for the League Phase of the 2026-27 UEFA Conference League?,0x0f39d177f78abd438be984b36f264c13de879b346ae40bfea0ababc108b83f64,"[""65988948624774144931622911564364302133312968519504468408474435267221324233196"", ""115130602602129428285461614417924472558165741430309539659330809798396288056300""]",65988948624774144931622911564364302133312968519504468408474435267221324233196|115130602602129428285461614417924472558165741430309539659330809798396288056300,115130602602129428285461614417924472558165741430309539659330809798396288056300,No,False,,,,,,,,,,,0,175.5
2026-08-01T14:46:33Z,EPL,333084,epl-team-to-qualify-for-uefa-conference-league,EPL: Team to qualify for UEFA Conference League,2026-04-01T17:27:13.650134Z,1818379,will-manchester-city-qualify-for-the-league-phase-of-the-2026-27-uefa-conference-league,Will Manchester City qualify for the League Phase of the 2026-27 UEFA Conference League?,0x9f502be87b77866442714675eeb0ceec67b36469dab587b15862716b95a22a65,"[""81955707153623233000480445669873960416969320182377332341762765419704043622092"", ""63903621190034107756618838956749324043719317201688365281214818158837560760762""]",81955707153623233000480445669873960416969320182377332341762765419704043622092|63903621190034107756618838956749324043719317201688365281214818158837560760762,81955707153623233000480445669873960416969320182377332341762765419704043622092,Yes,False,,,,,,,,,,,,239.96210000000002
2026-08-01T14:46:33Z,EPL,333084,epl-team-to-qualify-for-uefa-conference-league,EPL: Team to qualify for UEFA Conference League,2026-04-01T17:27:13.650134Z,1818379,will-manchester-city-qualify-for-the-league-phase-of-the-2026-27-uefa-conference-league,Will Manchester City qualify for the League Phase of the 2026-27 UEFA Conference League?,0x9f502be87b77866442714675eeb0ceec67b36469dab587b15862716b95a22a65,"[""81955707153623233000480445669873960416969320182377332341762765419704043622092"", ""63903621190034107756618838956749324043719317201688365281214818158837560760762""]",81955707153623233000480445669873960416969320182377332341762765419704043622092|63903621190034107756618838956749324043719317201688365281214818158837560760762,63903621190034107756618838956749324043719317201688365281214818158837560760762,No,False,,,,,,,,,,,,239.96210000000002
2026-08-01T14:46:33Z,EPL,333084,epl-team-to-qualify-for-uefa-conference-league,EPL: Team to qualify for UEFA Conference League,2026-04-01T17:27:13.650134Z,1818380,will-manchester-united-qualify-for-the-league-phase-of-the-2026-27-uefa-conference-league,Will Manchester United qualify for the League Phase of the 2026-27 UEFA Conference League?,0x10faa15e034abb4d8b58e96fa9cceaeba84182d8d26061672b3090ef60c474c7,"[""14537963265850539015090671292913129800573442530565687433985001158662408488535"", ""24584985274241329793529868323709359334793457968867512216477798918303927163120""]",14537963265850539015090671292913129800573442530565687433985001158662408488535|24584985274241329793529868323709359334793457968867512216477798918303927163120,14537963265850539015090671292913129800573442530565687433985001158662408488535,Yes,False,,,,,,,,,,,,654.06
2026-08-01T14:46:33Z,EPL,333084,epl-team-to-qualify-for-uefa-conference-league,EPL: Team to qualify for UEFA Conference League,2026-04-01T17:27:13.650134Z,1818380,will-manchester-united-qualify-for-the-league-phase-of-the-2026-27-uefa-conference-league,Will Manchester United qualify for the League Phase of the 2026-27 UEFA Conference League?,0x10faa15e034abb4d8b58e96fa9cceaeba84182d8d26061672b3090ef60c474c7,"[""14537963265850539015090671292913129800573442530565687433985001158662408488535"", ""24584985274241329793529868323709359334793457968867512216477798918303927163120""]",14537963265850539015090671292913129800573442530565687433985001158662408488535|24584985274241329793529868323709359334793457968867512216477798918303927163120,24584985274241329793529868323709359334793457968867512216477798918303927163120,No,False,,,,,,,,,,,,654.06
2026-08-01T14:46:33Z,EPL,333084,epl-team-to-qualify-for-uefa-conference-league,EPL: Team to qualify for UEFA Conference League,2026-04-01T17:27:13.650134Z,1818381,will-newcastle-united-qualify-for-the-league-phase-of-the-2026-27-uefa-conference-league,Will Newcastle United qualify for the League Phase of the 2026-27 UEFA Conference League?,0xb0716d2b36fd90dd54c600a9e7647616490002987e3eb1ecb3d10ead4d62d33c,"[""59224980280942325666569394558997382798882386438436610001858371645471216555919"", ""79970515927998557660930530711963196679174481368659736459630565505379849389257""]",59224980280942325666569394558997382798882386438436610001858371645471216555919|79970515927998557660930530711963196679174481368659736459630565505379849389257,59224980280942325666569394558997382798882386438436610001858371645471216555919,Yes,False,,,,,,,,,,,,411.9
2026-08-01T14:46:33Z,EPL,333084,epl-team-to-qualify-for-uefa-conference-league,EPL: Team to qualify for UEFA Conference League,2026-04-01T17:27:13.650134Z,1818381,will-newcastle-united-qualify-for-the-league-phase-of-the-2026-27-uefa-conference-league,Will Newcastle United qualify for the League Phase of the 2026-27 UEFA Conference League?,0xb0716d2b36fd90dd54c600a9e7647616490002987e3eb1ecb3d10ead4d62d33c,"[""59224980280942325666569394558997382798882386438436610001858371645471216555919"", ""79970515927998557660930530711963196679174481368659736459630565505379849389257""]",59224980280942325666569394558997382798882386438436610001858371645471216555919|79970515927998557660930530711963196679174481368659736459630565505379849389257,79970515927998557660930530711963196679174481368659736459630565505379849389257,No,False,,,,,,,,,,,,411.9
2026-08-01T14:46:33Z,EPL,333084,epl-team-to-qualify-for-uefa-conference-league,EPL: Team to qualify for UEFA Conference League,2026-04-01T17:27:13.650134Z,1818382,will-nottingham-forest-qualify-for-the-league-phase-of-the-2026-27-uefa-conference-league,Will Nottingham Forest qualify for the League Phase of the 2026-27 UEFA Conference League?,0xe911ed8e88ee4d94cb587ed6128a6c15596d9338a4d90b78b9ea20b0578fc156,"[""19481881546917834293067497074329377518935142669934498853237227966392229142245"", ""57602898067754327037427882833634701750997153547931685588132390215919583981742""]",19481881546917834293067497074329377518935142669934498853237227966392229142245|57602898067754327037427882833634701750997153547931685588132390215919583981742,19481881546917834293067497074329377518935142669934498853237227966392229142245,Yes,False,,,,,,,,,,,,407.7161
2026-08-01T14:46:33Z,EPL,333084,epl-team-to-qualify-for-uefa-conference-league,EPL: Team to qualify for UEFA Conference League,2026-04-01T17:27:13.650134Z,1818382,will-nottingham-forest-qualify-for-the-league-phase-of-the-2026-27-uefa-conference-league,Will Nottingham Forest qualify for the League Phase of the 2026-27 UEFA Conference League?,0xe911ed8e88ee4d94cb587ed6128a6c15596d9338a4d90b78b9ea20b0578fc156,"[""19481881546917834293067497074329377518935142669934498853237227966392229142245"", ""57602898067754327037427882833634701750997153547931685588132390215919583981742""]",19481881546917834293067497074329377518935142669934498853237227966392229142245|57602898067754327037427882833634701750997153547931685588132390215919583981742,57602898067754327037427882833634701750997153547931685588132390215919583981742,No,False,,,,,,,,,,,,407.7161
2026-08-01T14:46:33Z,EPL,333084,epl-team-to-qualify-for-uefa-conference-league,EPL: Team to qualify for UEFA Conference League,2026-04-01T17:27:13.650134Z,1818383,will-southampton-qualify-for-the-league-phase-of-the-2026-27-uefa-conference-league,Will Southampton qualify for the League Phase of the 2026-27 UEFA Conference League?,0x7ca2adbbd88851add0e546dd78574d7e79fc00c76e8c490e5692bf8023c11e75,"[""26877828097379119176280047098274709531228788895296330595994436624390898867911"", ""115748130349087715420332870666315257990045222809843222754054247382701059943674""]",26877828097379119176280047098274709531228788895296330595994436624390898867911|115748130349087715420332870666315257990045222809843222754054247382701059943674,26877828097379119176280047098274709531228788895296330595994436624390898867911,Yes,False,,,,,,,,,,,0,617.6899999999999
2026-08-01T14:46:33Z,EPL,333084,epl-team-to-qualify-for-uefa-conference-league,EPL: Team to qualify for UEFA Conference League,2026-04-01T17:27:13.650134Z,1818383,will-southampton-qualify-for-the-league-phase-of-the-2026-27-uefa-conference-league,Will Southampton qualify for the League Phase of the 2026-27 UEFA Conference League?,0x7ca2adbbd88851add0e546dd78574d7e79fc00c76e8c490e5692bf8023c11e75,"[""26877828097379119176280047098274709531228788895296330595994436624390898867911"", ""115748130349087715420332870666315257990045222809843222754054247382701059943674""]",26877828097379119176280047098274709531228788895296330595994436624390898867911|115748130349087715420332870666315257990045222809843222754054247382701059943674,115748130349087715420332870666315257990045222809843222754054247382701059943674,No,False,,,,,,,,,,,0,617.6899999999999
2026-08-01T14:46:33Z,EPL,333084,epl-team-to-qualify-for-uefa-conference-league,EPL: Team to qualify for UEFA Conference League,2026-04-01T17:27:13.650134Z,1818384,will-tottenham-hotspur-qualify-for-the-league-phase-of-the-2026-27-uefa-conference-league,Will Tottenham Hotspur qualify for the League Phase of the 2026-27 UEFA Conference League?,0xe98b7da9a346eb2aced5b9300c7a53e4d7c147741b546f005de0b3c0d89e0ae1,"[""16165000919596414242427788888124743916698715129044155178467657105167009019476"", ""114828181514576721851254739097127564151815507804110569853443476924908844910766""]",16165000919596414242427788888124743916698715129044155178467657105167009019476|114828181514576721851254739097127564151815507804110569853443476924908844910766,16165000919596414242427788888124743916698715129044155178467657105167009019476,Yes,False,,,,,,,,,,,,1126.7675
2026-08-01T14:46:33Z,EPL,333084,epl-team-to-qualify-for-uefa-conference-league,EPL: Team to qualify for UEFA Conference League,2026-04-01T17:27:13.650134Z,1818384,will-tottenham-hotspur-qualify-for-the-league-phase-of-the-2026-27-uefa-conference-league,Will Tottenham Hotspur qualify for the League Phase of the 2026-27 UEFA Conference League?,0xe98b7da9a346eb2aced5b9300c7a53e4d7c147741b546f005de0b3c0d89e0ae1,"[""16165000919596414242427788888124743916698715129044155178467657105167009019476"", ""114828181514576721851254739097127564151815507804110569853443476924908844910766""]",16165000919596414242427788888124743916698715129044155178467657105167009019476|114828181514576721851254739097127564151815507804110569853443476924908844910766,114828181514576721851254739097127564151815507804110569853443476924908844910766,No,False,,,,,,,,,,,,1126.7675
2026-08-01T14:46:33Z,EPL,333084,epl-team-to-qualify-for-uefa-conference-league,EPL: Team to qualify for UEFA Conference League,2026-04-01T17:27:13.650134Z,1818385,will-west-ham-united-qualify-for-the-league-phase-of-the-2026-27-uefa-conference-league,Will West Ham United qualify for the League Phase of the 2026-27 UEFA Conference League?,0xbc79053a1f7691b55171b4a210da33b3c3fba449c9df4fd954856635f8da0e8e,"[""54894379652853834326297942957419603346481276275403414881816173756537774757640"", ""33108900391203812803918822219418560079370282336069888352885661677363224124116""]",54894379652853834326297942957419603346481276275403414881816173756537774757640|33108900391203812803918822219418560079370282336069888352885661677363224124116,54894379652853834326297942957419603346481276275403414881816173756537774757640,Yes,False,,,,,,,,,,,,207.137
2026-08-01T14:46:33Z,EPL,333084,epl-team-to-qualify-for-uefa-conference-league,EPL: Team to qualify for UEFA Conference League,2026-04-01T17:27:13.650134Z,1818385,will-west-ham-united-qualify-for-the-league-phase-of-the-2026-27-uefa-conference-league,Will West Ham United qualify for the League Phase of the 2026-27 UEFA Conference League?,0xbc79053a1f7691b55171b4a210da33b3c3fba449c9df4fd954856635f8da0e8e,"[""54894379652853834326297942957419603346481276275403414881816173756537774757640"", ""33108900391203812803918822219418560079370282336069888352885661677363224124116""]",54894379652853834326297942957419603346481276275403414881816173756537774757640|33108900391203812803918822219418560079370282336069888352885661677363224124116,33108900391203812803918822219418560079370282336069888352885661677363224124116,No,False,,,,,,,,,,,,207.137
2026-08-01T14:46:33Z,EPL,333084,epl-team-to-qualify-for-uefa-conference-league,EPL: Team to qualify for UEFA Conference League,2026-04-01T17:27:13.650134Z,1818386,will-wolverhampton-wanderers-qualify-for-the-league-phase-of-the-2026-27-uefa-conference-league,Will Wolverhampton Wanderers qualify for the League Phase of the 2026-27 UEFA Conference League?,0x612a47d48e42fc85f4b3099edd0779c399e7393325bae5ef494fbec0b518be97,"[""39645891629689350247020865542579082583944711546641819664090458601825821008952"", ""27752113810792547257158395279414992925826179248970504390132410269490063597360""]",39645891629689350247020865542579082583944711546641819664090458601825821008952|27752113810792547257158395279414992925826179248970504390132410269490063597360,39645891629689350247020865542579082583944711546641819664090458601825821008952,Yes,False,,,,,,,,,,,,216.45
2026-08-01T14:46:33Z,EPL,333084,epl-team-to-qualify-for-uefa-conference-league,EPL: Team to qualify for UEFA Conference League,2026-04-01T17:27:13.650134Z,1818386,will-wolverhampton-wanderers-qualify-for-the-league-phase-of-the-2026-27-uefa-conference-league,Will Wolverhampton Wanderers qualify for the League Phase of the 2026-27 UEFA Conference League?,0x612a47d48e42fc85f4b3099edd0779c399e7393325bae5ef494fbec0b518be97,"[""39645891629689350247020865542579082583944711546641819664090458601825821008952"", ""27752113810792547257158395279414992925826179248970504390132410269490063597360""]",39645891629689350247020865542579082583944711546641819664090458601825821008952|27752113810792547257158395279414992925826179248970504390132410269490063597360,27752113810792547257158395279414992925826179248970504390132410269490063597360,No,False,,,,,,,,,,,,216.45
2026-08-01T14:46:33Z,EPL,435490,epl-2026-team-of-the-season,EPL: 2026 PFA Team of the Year,2026-05-01T16:17:58.439577Z,2127663,will-david-raya-be-named-to-the-2026-pfa-premier-league-team-of-the-year,Will David Raya be named to the 2026 PFA Premier League Team of the Year?,0x50561f0ac9fb48ce9b1dc8f78f84dea5e43d9d30bd507eb93fa57b11a996ffeb,"[""3488261232009523381576281256634840719226792569353110860105294590188599877555"", ""33896607823388600558222421347266613674976673770405419631622989961143438148884""]",3488261232009523381576281256634840719226792569353110860105294590188599877555|33896607823388600558222421347266613674976673770405419631622989961143438148884,3488261232009523381576281256634840719226792569353110860105294590188599877555,Yes,True,0.81,206.16,0.99,78.4,0.9,0.17999999999999994,bd6d30b0a1cb1f1a059088b5dff5635d0b9d76b9,0.01,5,,507.157,
2026-08-01T14:46:33Z,EPL,435490,epl-2026-team-of-the-season,EPL: 2026 PFA Team of the Year,2026-05-01T16:17:58.439577Z,2127663,will-david-raya-be-named-to-the-2026-pfa-premier-league-team-of-the-year,Will David Raya be named to the 2026 PFA Premier League Team of the Year?,0x50561f0ac9fb48ce9b1dc8f78f84dea5e43d9d30bd507eb93fa57b11a996ffeb,"[""3488261232009523381576281256634840719226792569353110860105294590188599877555"", ""33896607823388600558222421347266613674976673770405419631622989961143438148884""]",3488261232009523381576281256634840719226792569353110860105294590188599877555|33896607823388600558222421347266613674976673770405419631622989961143438148884,33896607823388600558222421347266613674976673770405419631622989961143438148884,No,True,0.01,78.4,0.19,206.16,0.1,0.18,9cac2100825151621266ad131bbcffb5e9f0897a,0.01,5,,507.157,
2026-08-01T14:46:33Z,EPL,435490,epl-2026-team-of-the-season,EPL: 2026 PFA Team of the Year,2026-05-01T16:17:58.439577Z,2127664,will-jordan-pickford-be-named-to-the-2026-pfa-premier-league-team-of-the-year,Will Jordan Pickford be named to the 2026 PFA Premier League Team of the Year?,0x206d3cf11b86b16708f160e1e5223e75f4f0b126fbfecb52300077792e4a978f,"[""69002409170326112222673578355907486486435514190626080376764720483535336436602"", ""29764786967669041151836718379664776749611256940389381248189333088896507813340""]",69002409170326112222673578355907486486435514190626080376764720483535336436602|29764786967669041151836718379664776749611256940389381248189333088896507813340,69002409170326112222673578355907486486435514190626080376764720483535336436602,Yes,True,,,0.09,11.82,,,1af04625acd28f9b7002873fed0e75196e4feab6,0.01,5,,111.7462,11.82
2026-08-01T14:46:33Z,EPL,435490,epl-2026-team-of-the-season,EPL: 2026 PFA Team of the Year,2026-05-01T16:17:58.439577Z,2127664,will-jordan-pickford-be-named-to-the-2026-pfa-premier-league-team-of-the-year,Will Jordan Pickford be named to the 2026 PFA Premier League Team of the Year?,0x206d3cf11b86b16708f160e1e5223e75f4f0b126fbfecb52300077792e4a978f,"[""69002409170326112222673578355907486486435514190626080376764720483535336436602"", ""29764786967669041151836718379664776749611256940389381248189333088896507813340""]",69002409170326112222673578355907486486435514190626080376764720483535336436602|29764786967669041151836718379664776749611256940389381248189333088896507813340,29764786967669041151836718379664776749611256940389381248189333088896507813340,No,True,0.91,11.82,,,,,e9335b7518b384dd3e25ea6322da22eda03524ed,0.01,5,,111.7462,11.82
2026-08-01T14:46:33Z,EPL,435490,epl-2026-team-of-the-season,EPL: 2026 PFA Team of the Year,2026-05-01T16:17:58.439577Z,2127665,will-dean-henderson-be-named-to-the-2026-pfa-premier-league-team-of-the-year,Will Dean Henderson be named to the 2026 PFA Premier League Team of the Year?,0x67ebb7796df1324b1b084b0aaa59e3379513583ac93e3c8e968935e7dbb1f535,"[""77730449116026385251216021681478758817188404733132958155748625297475510396335"", ""86484569427189395298179892127162282618369840953731094949208918944830421003973""]",77730449116026385251216021681478758817188404733132958155748625297475510396335|86484569427189395298179892127162282618369840953731094949208918944830421003973,77730449116026385251216021681478758817188404733132958155748625297475510396335,Yes,True,0.01,78.4,0.1,107.68,0.055,0.09000000000000001,8912b565eedcb6f6b6169ffa4ee626e5df76e089,0.01,5,,104.9997,
2026-08-01T14:46:33Z,EPL,435490,epl-2026-team-of-the-season,EPL: 2026 PFA Team of the Year,2026-05-01T16:17:58.439577Z,2127665,will-dean-henderson-be-named-to-the-2026-pfa-premier-league-team-of-the-year,Will Dean Henderson be named to the 2026 PFA Premier League Team of the Year?,0x67ebb7796df1324b1b084b0aaa59e3379513583ac93e3c8e968935e7dbb1f535,"[""77730449116026385251216021681478758817188404733132958155748625297475510396335"", ""86484569427189395298179892127162282618369840953731094949208918944830421003973""]",77730449116026385251216021681478758817188404733132958155748625297475510396335|86484569427189395298179892127162282618369840953731094949208918944830421003973,86484569427189395298179892127162282618369840953731094949208918944830421003973,No,True,0.9,107.68,0.99,78.4,0.9450000000000001,0.08999999999999997,31ee41508f00931e4596f02a5938868b26b1adf1,0.01,5,,104.9997,
2026-08-01T14:46:33Z,EPL,435490,epl-2026-team-of-the-season,EPL: 2026 PFA Team of the Year,2026-05-01T16:17:58.439577Z,2127666,will-robin-roefs-be-named-to-the-2026-pfa-premier-league-team-of-the-year,Will Robin Roefs be named to the 2026 PFA Premier League Team of the Year?,0xdae0f14d1b5ea256638164c6578853226408702f44e238ca8fa692998fdc6332,"[""70182957445101902779363373709716695169810926012757858042099415085409463195888"", ""90699863564786576085723598309072905823666331748016080742800846290619606364496""]",70182957445101902779363373709716695169810926012757858042099415085409463195888|90699863564786576085723598309072905823666331748016080742800846290619606364496,70182957445101902779363373709716695169810926012757858042099415085409463195888,Yes,True,0.01,78.4,0.1,107.68,0.055,0.09000000000000001,8451f9f7331c984c8b90469194da31cc18c120fe,0.01,5,,110.0597,
2026-08-01T14:46:33Z,EPL,435490,epl-2026-team-of-the-season,EPL: 2026 PFA Team of the Year,2026-05-01T16:17:58.439577Z,2127666,will-robin-roefs-be-named-to-the-2026-pfa-premier-league-team-of-the-year,Will Robin Roefs be named to the 2026 PFA Premier League Team of the Year?,0xdae0f14d1b5ea256638164c6578853226408702f44e238ca8fa692998fdc6332,"[""70182957445101902779363373709716695169810926012757858042099415085409463195888"", ""90699863564786576085723598309072905823666331748016080742800846290619606364496""]",70182957445101902779363373709716695169810926012757858042099415085409463195888|90699863564786576085723598309072905823666331748016080742800846290619606364496,90699863564786576085723598309072905823666331748016080742800846290619606364496,No,True,0.9,107.68,0.99,78.4,0.9450000000000001,0.08999999999999997,47906d50a4967d9c3cd26cb4ba2cc84de61e60c8,0.01,5,,110.0597,
2026-08-01T14:46:33Z,EPL,435490,epl-2026-team-of-the-season,EPL: 2026 PFA Team of the Year,2026-05-01T16:17:58.439577Z,2127667,will-gianluigi-donnarumma-be-named-to-the-2026-pfa-premier-league-team-of-the-year,Will Gianluigi Donnarumma be named to the 2026 PFA Premier League Team of the Year?,0x322441734b9f23744de899e345ef48ec25e0055f8b1bfc19fe4612055a8ff2df,"[""65007673257262595676530056363240287641293306267550009290432560084643152028010"", ""97388027101380065799871752579213229783305736941572715830099055292320933629215""]",65007673257262595676530056363240287641293306267550009290432560084643152028010|97388027101380065799871752579213229783305736941572715830099055292320933629215,65007673257262595676530056363240287641293306267550009290432560084643152028010,Yes,True,0.01,78.4,0.2,10.0,0.10500000000000001,0.19,f65389936b62292c38f7cff8b841c4bc74fe2644,0.01,5,,13.2645,
2026-08-01T14:46:33Z,EPL,435490,epl-2026-team-of-the-season,EPL: 2026 PFA Team of the Year,2026-05-01T16:17:58.439577Z,2127667,will-gianluigi-donnarumma-be-named-to-the-2026-pfa-premier-league-team-of-the-year,Will Gianluigi Donnarumma be named to the 2026 PFA Premier League Team of the Year?,0x322441734b9f23744de899e345ef48ec25e0055f8b1bfc19fe4612055a8ff2df,"[""65007673257262595676530056363240287641293306267550009290432560084643152028010"", ""97388027101380065799871752579213229783305736941572715830099055292320933629215""]",65007673257262595676530056363240287641293306267550009290432560084643152028010|97388027101380065799871752579213229783305736941572715830099055292320933629215,97388027101380065799871752579213229783305736941572715830099055292320933629215,No,True,0.8,10.0,0.99,78.4,0.895,0.18999999999999995,763fd51ae35b59e122099ef7cc4e03cac56c71b0,0.01,5,,13.2645,
2026-08-01T14:46:33Z,EPL,435490,epl-2026-team-of-the-season,EPL: 2026 PFA Team of the Year,2026-05-01T16:17:58.439577Z,2127668,will-jurrien-timber-be-named-to-the-2026-pfa-premier-league-team-of-the-year,Will Jurrien Timber be named to the 2026 PFA Premier League Team of the Year?,0x97ca47da99683bddec8036ce29388c2e400e7cecfea8ac4dbef54ac0791cc593,"[""58745854058166153005664210409408254918505117901359386106376082227012206838503"", ""43365583002812118163534009703280808191029196488960918105614424745527498298109""]",58745854058166153005664210409408254918505117901359386106376082227012206838503|43365583002812118163534009703280808191029196488960918105614424745527498298109,58745854058166153005664210409408254918505117901359386106376082227012206838503,Yes,True,0.01,27.41,0.67,100.0,0.34,0.66,8550672bd934650c9f617c569a6a01c797c26e94,0.01,5,,35.1979,
2026-08-01T14:46:33Z,EPL,435490,epl-2026-team-of-the-season,EPL: 2026 PFA Team of the Year,2026-05-01T16:17:58.439577Z,2127668,will-jurrien-timber-be-named-to-the-2026-pfa-premier-league-team-of-the-year,Will Jurrien Timber be named to the 2026 PFA Premier League Team of the Year?,0x97ca47da99683bddec8036ce29388c2e400e7cecfea8ac4dbef54ac0791cc593,"[""58745854058166153005664210409408254918505117901359386106376082227012206838503"", ""43365583002812118163534009703280808191029196488960918105614424745527498298109""]",58745854058166153005664210409408254918505117901359386106376082227012206838503|43365583002812118163534009703280808191029196488960918105614424745527498298109,43365583002812118163534009703280808191029196488960918105614424745527498298109,No,True,0.33,100.0,0.99,27.41,0.66,0.6599999999999999,2b5bb079494b1f1887aebcca290e4e03424edc1c,0.01,5,,35.1979,
2026-08-01T14:46:33Z,EPL,435490,epl-2026-team-of-the-season,EPL: 2026 PFA Team of the Year,2026-05-01T16:17:58.439577Z,2127669,will-matheus-nunes-be-named-to-the-2026-pfa-premier-league-team-of-the-year,Will Matheus Nunes be named to the 2026 PFA Premier League Team of the Year?,0x236166693870332c38cc1f290d2de8a00eafa1b78519182663a58811b1011705,"[""71852886829417081758693278389180020836881806315641141653569411011094941385487"", ""27873264127773337044236459909692649813557879461485496445916977915515730222703""]",71852886829417081758693278389180020836881806315641141653569411011094941385487|27873264127773337044236459909692649813557879461485496445916977915515730222703,71852886829417081758693278389180020836881806315641141653569411011094941385487,Yes,True,0.01,78.4,0.2,100.0,0.10500000000000001,0.19,adb7c776603ba717cdceafb700e734bfa632de9e,0.01,5,,216.7679,
2026-08-01T14:46:33Z,EPL,435490,epl-2026-team-of-the-season,EPL: 2026 PFA Team of the Year,2026-05-01T16:17:58.439577Z,2127669,will-matheus-nunes-be-named-to-the-2026-pfa-premier-league-team-of-the-year,Will Matheus Nunes be named to the 2026 PFA Premier League Team of the Year?,0x236166693870332c38cc1f290d2de8a00eafa1b78519182663a58811b1011705,"[""71852886829417081758693278389180020836881806315641141653569411011094941385487"", ""27873264127773337044236459909692649813557879461485496445916977915515730222703""]",71852886829417081758693278389180020836881806315641141653569411011094941385487|27873264127773337044236459909692649813557879461485496445916977915515730222703,27873264127773337044236459909692649813557879461485496445916977915515730222703,No,True,0.8,100.0,0.99,78.4,0.895,0.18999999999999995,b45986501712d3a0944fe79f73ccc648f68b15e4,0.01,5,,216.7679,
2026-08-01T14:46:33Z,EPL,435490,epl-2026-team-of-the-season,EPL: 2026 PFA Team of the Year,2026-05-01T16:17:58.439577Z,2127670,will-gabriel-magalhes-be-named-to-the-2026-pfa-premier-league-team-of-the-year,Will Gabriel Magalhães be named to the 2026 PFA Premier League Team of the Year?,0xd3d8a97f490967ba04bcf06a1f1fa0b8e14ff08f5f0781bccb14c7eb1cf34ca6,"[""112756383879220814577105643520650901454791316512357676513193784191480344438666"", ""7697378624768914483353901406042873706810082834244678754453720343911008090965""]",112756383879220814577105643520650901454791316512357676513193784191480344438666|7697378624768914483353901406042873706810082834244678754453720343911008090965,112756383879220814577105643520650901454791316512357676513193784191480344438666,Yes,True,0.81,8.43,0.99,30.0,0.9,0.17999999999999994,47e8d22b3b836a11f9bae94037ac694ad871db62,0.01,5,0.020,601.2944,59.36
2026-08-01T14:46:33Z,EPL,435490,epl-2026-team-of-the-season,EPL: 2026 PFA Team of the Year,2026-05-01T16:17:58.439577Z,2127670,will-gabriel-magalhes-be-named-to-the-2026-pfa-premier-league-team-of-the-year,Will Gabriel Magalhães be named to the 2026 PFA Premier League Team of the Year?,0xd3d8a97f490967ba04bcf06a1f1fa0b8e14ff08f5f0781bccb14c7eb1cf34ca6,"[""112756383879220814577105643520650901454791316512357676513193784191480344438666"", ""7697378624768914483353901406042873706810082834244678754453720343911008090965""]",112756383879220814577105643520650901454791316512357676513193784191480344438666|7697378624768914483353901406042873706810082834244678754453720343911008090965,7697378624768914483353901406042873706810082834244678754453720343911008090965,No,True,0.01,30.0,0.19,8.43,0.1,0.18,430c42a7f4f0d54331c73626a715c25cf520ac33,0.01,5,0.020,601.2944,59.36
2026-08-01T14:46:33Z,EPL,435490,epl-2026-team-of-the-season,EPL: 2026 PFA Team of the Year,2026-05-01T16:17:58.439577Z,2127671,will-william-saliba-be-named-to-the-2026-pfa-premier-league-team-of-the-year,Will William Saliba be named to the 2026 PFA Premier League Team of the Year?,0xc344b5f7891b8617e7118aaa24bac3840a587691c1a36daa479a61de0b79bcb6,"[""47207660538745167295586664941849591121956044929877358537501900994850424263330"", ""105234782857798608331719124706582304874620432378282673665444164066431160124095""]",47207660538745167295586664941849591121956044929877358537501900994850424263330|105234782857798608331719124706582304874620432378282673665444164066431160124095,47207660538745167295586664941849591121956044929877358537501900994850424263330,Yes,True,0.48,10.0,0.97,16.83,0.725,0.49,d3e87d050d032af85c76d58b92789e081db844b3,0.01,5,,168.8678,
2026-08-01T14:46:33Z,EPL,435490,epl-2026-team-of-the-season,EPL: 2026 PFA Team of the Year,2026-05-01T16:17:58.439577Z,2127671,will-william-saliba-be-named-to-the-2026-pfa-premier-league-team-of-the-year,Will William Saliba be named to the 2026 PFA Premier League Team of the Year?,0xc344b5f7891b8617e7118aaa24bac3840a587691c1a36daa479a61de0b79bcb6,"[""47207660538745167295586664941849591121956044929877358537501900994850424263330"", ""105234782857798608331719124706582304874620432378282673665444164066431160124095""]",47207660538745167295586664941849591121956044929877358537501900994850424263330|105234782857798608331719124706582304874620432378282673665444164066431160124095,105234782857798608331719124706582304874620432378282673665444164066431160124095,No,True,0.03,16.83,0.52,10.0,0.275,0.49,f4e5abf98b156cba04ca9fa8928c73f14d8a7524,0.01,5,,168.8678,
2026-08-01T14:46:33Z,EPL,435490,epl-2026-team-of-the-season,EPL: 2026 PFA Team of the Year,2026-05-01T16:17:58.439577Z,2127672,will-marc-guehi-be-named-to-the-2026-pfa-premier-league-team-of-the-year,Will Marc Guehi be named to the 2026 PFA Premier League Team of the Year?,0x9a7829bcaf4bd65e903739dace6db739a8b68a396fd2c71a3d23d2a2cf2e88c5,"[""18774341203836696417330165615678664168245576790259527905518242337305438497157"", ""17833812615529939189123941305353432679112045501201563425472779980851390683424""]",18774341203836696417330165615678664168245576790259527905518242337305438497157|17833812615529939189123941305353432679112045501201563425472779980851390683424,18774341203836696417330165615678664168245576790259527905518242337305438497157,Yes,True,0.08,24.0,0.42,100.0,0.25,0.33999999999999997,088825739c0deedfc6a88f1edef96b824209e2b8,0.01,5,,96.2476,
2026-08-01T14:46:33Z,EPL,435490,epl-2026-team-of-the-season,EPL: 2026 PFA Team of the Year,2026-05-01T16:17:58.439577Z,2127672,will-marc-guehi-be-named-to-the-2026-pfa-premier-league-team-of-the-year,Will Marc Guehi be named to the 2026 PFA Premier League Team of the Year?,0x9a7829bcaf4bd65e903739dace6db739a8b68a396fd2c71a3d23d2a2cf2e88c5,"[""18774341203836696417330165615678664168245576790259527905518242337305438497157"", ""17833812615529939189123941305353432679112045501201563425472779980851390683424""]",18774341203836696417330165615678664168245576790259527905518242337305438497157|17833812615529939189123941305353432679112045501201563425472779980851390683424,17833812615529939189123941305353432679112045501201563425472779980851390683424,No,True,0.58,100.0,0.92,24.0,0.75,0.3400000000000001,49731a884655e19d365db2f87029fa92c8c0b5f3,0.01,5,,96.2476,
2026-08-01T14:46:33Z,EPL,435490,epl-2026-team-of-the-season,EPL: 2026 PFA Team of the Year,2026-05-01T16:17:58.439577Z,2127673,will-virgil-van-dijk-be-named-to-the-2026-pfa-premier-league-team-of-the-year,Will Virgil van Dijk be named to the 2026 PFA Premier League Team of the Year?,0x644231d6b178ebd20f0ab0b061a790f9dee4479ce96ab40686c8ade6f50a0238,"[""31721429411257768645758803262981554412084956132795321375044902571901613004887"", ""113776996666262784023568460080999498147130358875198884777079734831639187945943""]",31721429411257768645758803262981554412084956132795321375044902571901613004887|113776996666262784023568460080999498147130358875198884777079734831639187945943,31721429411257768645758803262981554412084956132795321375044902571901613004887,Yes,True,0.01,78.4,0.19,999.99,0.1,0.18,c9a7e497d50fbee6b2ede190785d60c0c5809539,0.01,5,,955.4798,1.694914
2026-08-01T14:46:33Z,EPL,435490,epl-2026-team-of-the-season,EPL: 2026 PFA Team of the Year,2026-05-01T16:17:58.439577Z,2127673,will-virgil-van-dijk-be-named-to-the-2026-pfa-premier-league-team-of-the-year,Will Virgil van Dijk be named to the 2026 PFA Premier League Team of the Year?,0x644231d6b178ebd20f0ab0b061a790f9dee4479ce96ab40686c8ade6f50a0238,"[""31721429411257768645758803262981554412084956132795321375044902571901613004887"", ""113776996666262784023568460080999498147130358875198884777079734831639187945943""]",31721429411257768645758803262981554412084956132795321375044902571901613004887|113776996666262784023568460080999498147130358875198884777079734831639187945943,113776996666262784023568460080999498147130358875198884777079734831639187945943,No,True,0.81,999.99,0.99,78.4,0.9,0.17999999999999994,d972bf9a54f7f9a0683e04a6d9d858fe20230109,0.01,5,,955.4798,1.694914
2026-08-01T14:46:33Z,EPL,435490,epl-2026-team-of-the-season,EPL: 2026 PFA Team of the Year,2026-05-01T16:17:58.439577Z,2127674,will-marc-cucurella-be-named-to-the-2026-pfa-premier-league-team-of-the-year,Will Marc Cucurella be named to the 2026 PFA Premier League Team of the Year?,0xe74cf34bab6946206532fd38cbf5a7eb4b346f7d13bffc6ae16eb3a69a4225d0,"[""59830425161161665808750586172447751894718446914006207206558327469584286337472"", ""85414521652635437338276097105191648874111759265882984452544936528659374053637""]",59830425161161665808750586172447751894718446914006207206558327469584286337472|85414521652635437338276097105191648874111759265882984452544936528659374053637,59830425161161665808750586172447751894718446914006207206558327469584286337472,Yes,True,0.07,25.7,0.42,100.0,0.245,0.35,8ef9059f343906dd5a7580fcea2f94dc47c92454,0.01,5,,94.5466,
2026-08-01T14:46:33Z,EPL,435490,epl-2026-team-of-the-season,EPL: 2026 PFA Team of the Year,2026-05-01T16:17:58.439577Z,2127674,will-marc-cucurella-be-named-to-the-2026-pfa-premier-league-team-of-the-year,Will Marc Cucurella be named to the 2026 PFA Premier League Team of the Year?,0xe74cf34bab6946206532fd38cbf5a7eb4b346f7d13bffc6ae16eb3a69a4225d0,"[""59830425161161665808750586172447751894718446914006207206558327469584286337472"", ""85414521652635437338276097105191648874111759265882984452544936528659374053637""]",59830425161161665808750586172447751894718446914006207206558327469584286337472|85414521652635437338276097105191648874111759265882984452544936528659374053637,85414521652635437338276097105191648874111759265882984452544936528659374053637,No,True,0.58,100.0,0.93,25.7,0.755,0.3500000000000001,a39d28ac44818a9557a1c20df1609aff3888d45e,0.01,5,,94.5466,
2026-08-01T14:46:33Z,EPL,435490,epl-2026-team-of-the-season,EPL: 2026 PFA Team of the Year,2026-05-01T16:17:58.439577Z,2127675,will-piero-hincapie-be-named-to-the-2026-pfa-premier-league-team-of-the-year,Will Piero Hincapie be named to the 2026 PFA Premier League Team of the Year?,0x1d5d1e655085db69c387488aa7e661d4719bfa9c0bb392dd05652008c40b4a9a,"[""108011205392215304373394466135742493782019922749752404322686744906595861300763"", ""73789363813582664474158671396757087735667554782131752276569900280712319722369""]",108011205392215304373394466135742493782019922749752404322686744906595861300763|73789363813582664474158671396757087735667554782131752276569900280712319722369,108011205392215304373394466135742493782019922749752404322686744906595861300763,Yes,True,0.07,2.0,0.42,10.0,0.245,0.35,87481cb271788a80e7d479d5d491d19b5e2e3b35,0.01,5,0.070,13.6616,8
2026-08-01T14:46:33Z,EPL,435490,epl-2026-team-of-the-season,EPL: 2026 PFA Team of the Year,2026-05-01T16:17:58.439577Z,2127675,will-piero-hincapie-be-named-to-the-2026-pfa-premier-league-team-of-the-year,Will Piero Hincapie be named to the 2026 PFA Premier League Team of the Year?,0x1d5d1e655085db69c387488aa7e661d4719bfa9c0bb392dd05652008c40b4a9a,"[""108011205392215304373394466135742493782019922749752404322686744906595861300763"", ""73789363813582664474158671396757087735667554782131752276569900280712319722369""]",108011205392215304373394466135742493782019922749752404322686744906595861300763|73789363813582664474158671396757087735667554782131752276569900280712319722369,73789363813582664474158671396757087735667554782131752276569900280712319722369,No,True,0.58,10.0,0.93,2.0,0.755,0.3500000000000001,fc33319cd9e9fb7bd5c31a28a22d0f400bfff0d0,0.01,5,0.070,13.6616,8
2026-08-01T14:46:33Z,EPL,435490,epl-2026-team-of-the-season,EPL: 2026 PFA Team of the Year,2026-05-01T16:17:58.439577Z,2127676,will-declan-rice-be-named-to-the-2026-pfa-premier-league-team-of-the-year,Will Declan Rice be named to the 2026 PFA Premier League Team of the Year?,0x898bbb37bb3e8e03480b52c31bc12b12019e84f4d4042d25622f9a9b9f1a21f2,"[""11523245240526311970979368164866348724509187066335918581337691503956313417913"", ""16544219157755328462914309364144553632877138543113142832790826044960896254419""]",11523245240526311970979368164866348724509187066335918581337691503956313417913|16544219157755328462914309364144553632877138543113142832790826044960896254419,11523245240526311970979368164866348724509187066335918581337691503956313417913,Yes,True,0.86,6.69,,,,,d5355647400d35d88a50d13c66994bd0660ca0b1,0.01,5,,1006.1713,59.044284000000005
2026-08-01T14:46:33Z,EPL,435490,epl-2026-team-of-the-season,EPL: 2026 PFA Team of the Year,2026-05-01T16:17:58.439577Z,2127676,will-declan-rice-be-named-to-the-2026-pfa-premier-league-team-of-the-year,Will Declan Rice be named to the 2026 PFA Premier League Team of the Year?,0x898bbb37bb3e8e03480b52c31bc12b12019e84f4d4042d25622f9a9b9f1a21f2,"[""11523245240526311970979368164866348724509187066335918581337691503956313417913"", ""16544219157755328462914309364144553632877138543113142832790826044960896254419""]",11523245240526311970979368164866348724509187066335918581337691503956313417913|16544219157755328462914309364144553632877138543113142832790826044960896254419,16544219157755328462914309364144553632877138543113142832790826044960896254419,No,True,,,0.14,6.69,,,34ff39c3a3885470b229cdb173ab2ddb3dfb0815,0.01,5,,1006.1713,59.044284000000005
2026-08-01T14:46:33Z,EPL,435490,epl-2026-team-of-the-season,EPL: 2026 PFA Team of the Year,2026-05-01T16:17:58.439577Z,2127677,will-bruno-fernandes-be-named-to-the-2026-pfa-premier-league-team-of-the-year,Will Bruno Fernandes be named to the 2026 PFA Premier League Team of the Year?,0x679720492bcbff900bde0e29eb7e812c77909bccb3c32b79a3186fc1db03b854,"[""86859495495502891076141743940914617575208033060738396981338088715869715113963"", ""65620697419400192059458180949993387679798824363092322581187835468683093164088""]",86859495495502891076141743940914617575208033060738396981338088715869715113963|65620697419400192059458180949993387679798824363092322581187835468683093164088,86859495495502891076141743940914617575208033060738396981338088715869715113963,Yes,True,0.852,15.64,0.988,19.65,0.9199999999999999,0.136,66b583769fbb590078982a2b48e3615af0e51c9c,0.001,5,,2416.85724,450.10643600000003
2026-08-01T14:46:33Z,EPL,435490,epl-2026-team-of-the-season,EPL: 2026 PFA Team of the Year,2026-05-01T16:17:58.439577Z,2127677,will-bruno-fernandes-be-named-to-the-2026-pfa-premier-league-team-of-the-year,Will Bruno Fernandes be named to the 2026 PFA Premier League Team of the Year?,0x679720492bcbff900bde0e29eb7e812c77909bccb3c32b79a3186fc1db03b854,"[""86859495495502891076141743940914617575208033060738396981338088715869715113963"", ""65620697419400192059458180949993387679798824363092322581187835468683093164088""]",86859495495502891076141743940914617575208033060738396981338088715869715113963|65620697419400192059458180949993387679798824363092322581187835468683093164088,65620697419400192059458180949993387679798824363092322581187835468683093164088,No,True,0.012,19.65,0.148,15.64,0.08,0.13599999999999998,1f1fd399a560c072077ddeffe77d62de769b9ed5,0.001,5,,2416.85724,450.10643600000003
2026-08-01T14:46:33Z,EPL,435490,epl-2026-team-of-the-season,EPL: 2026 PFA Team of the Year,2026-05-01T16:17:58.439577Z,2127678,will-rodri-be-named-to-the-2026-pfa-premier-league-team-of-the-year,Will Rodri be named to the 2026 PFA Premier League Team of the Year?,0xf9de760ff713bdc5ebdc87ea4a88fb9423ef31bc59d2abb917df50b5b44482c1,"[""92734106880343514385310320083033583888695626897895802880610705682382451590633"", ""56976958810450515743106834354983994802402840862579527495329062688335275234740""]",92734106880343514385310320083033583888695626897895802880610705682382451590633|56976958810450515743106834354983994802402840862579527495329062688335275234740,92734106880343514385310320083033583888695626897895802880610705682382451590633,Yes,True,0.09,15.0,0.38,115.35,0.235,0.29000000000000004,8adc1319c763f33dc66b627fc4716ea2a2db1ac9,0.01,5,0.620,612.5073,263.475788
2026-08-01T14:46:33Z,EPL,435490,epl-2026-team-of-the-season,EPL: 2026 PFA Team of the Year,2026-05-01T16:17:58.439577Z,2127678,will-rodri-be-named-to-the-2026-pfa-premier-league-team-of-the-year,Will Rodri be named to the 2026 PFA Premier League Team of the Year?,0xf9de760ff713bdc5ebdc87ea4a88fb9423ef31bc59d2abb917df50b5b44482c1,"[""92734106880343514385310320083033583888695626897895802880610705682382451590633"", ""56976958810450515743106834354983994802402840862579527495329062688335275234740""]",92734106880343514385310320083033583888695626897895802880610705682382451590633|56976958810450515743106834354983994802402840862579527495329062688335275234740,56976958810450515743106834354983994802402840862579527495329062688335275234740,No,True,0.62,115.35,0.91,15.0,0.765,0.29000000000000004,92ff8e0612fe2d4647025796bb7e3793ae151b8b,0.01,5,0.620,612.5073,263.475788
2026-08-01T14:46:33Z,EPL,435490,epl-2026-team-of-the-season,EPL: 2026 PFA Team of the Year,2026-05-01T16:17:58.439577Z,2127679,will-rayan-cherki-be-named-to-the-2026-pfa-premier-league-team-of-the-year,Will Rayan Cherki be named to the 2026 PFA Premier League Team of the Year?,0xf1bef1d60925998b7577b014ea907965209b9045c197e79e77eb14439d7c431a,"[""44002481860388892740183335966007748831643129921411222940033401480764334836407"", ""47465498507287502475094187263593898643776563896680345103863507875745126656121""]",44002481860388892740183335966007748831643129921411222940033401480764334836407|47465498507287502475094187263593898643776563896680345103863507875745126656121,44002481860388892740183335966007748831643129921411222940033401480764334836407,Yes,True,0.4,100.0,0.79,6.0,0.595,0.39,014217fd5d8340d1ca56116d599be16260485899,0.01,5,,68.3479,6.77966
2026-08-01T14:46:33Z,EPL,435490,epl-2026-team-of-the-season,EPL: 2026 PFA Team of the Year,2026-05-01T16:17:58.439577Z,2127679,will-rayan-cherki-be-named-to-the-2026-pfa-premier-league-team-of-the-year,Will Rayan Cherki be named to the 2026 PFA Premier League Team of the Year?,0xf1bef1d60925998b7577b014ea907965209b9045c197e79e77eb14439d7c431a,"[""44002481860388892740183335966007748831643129921411222940033401480764334836407"", ""47465498507287502475094187263593898643776563896680345103863507875745126656121""]",44002481860388892740183335966007748831643129921411222940033401480764334836407|47465498507287502475094187263593898643776563896680345103863507875745126656121,47465498507287502475094187263593898643776563896680345103863507875745126656121,No,True,0.21,6.0,0.6,100.0,0.40499999999999997,0.39,1c16434640728fb28c967878a1dc4d2869e58ea9,0.01,5,,68.3479,6.77966
2026-08-01T14:46:33Z,EPL,435490,epl-2026-team-of-the-season,EPL: 2026 PFA Team of the Year,2026-05-01T16:17:58.439577Z,2127680,will-dominik-szoboszlai-be-named-to-the-2026-pfa-premier-league-team-of-the-year,Will Dominik Szoboszlai be named to the 2026 PFA Premier League Team of the Year?,0xd5a172faaf27f951f5bc5c2d19f18367ab85e9c963e7357a8433da84e895507e,"[""10904347939559348084889283384973600207001307228767801114856379948987944051302"", ""63514807846207217791796334733580770155958510280638850911506455990693175502240""]",10904347939559348084889283384973600207001307228767801114856379948987944051302|63514807846207217791796334733580770155958510280638850911506455990693175502240,10904347939559348084889283384973600207001307228767801114856379948987944051302,Yes,True,0.01,78.4,0.2,5.0,0.10500000000000001,0.19,51847bff4621d7c6c19d2670d48652cc69b8ddf3,0.01,5,,9.0145,100
2026-08-01T14:46:33Z,EPL,435490,epl-2026-team-of-the-season,EPL: 2026 PFA Team of the Year,2026-05-01T16:17:58.439577Z,2127680,will-dominik-szoboszlai-be-named-to-the-2026-pfa-premier-league-team-of-the-year,Will Dominik Szoboszlai be named to the 2026 PFA Premier League Team of the Year?,0xd5a172faaf27f951f5bc5c2d19f18367ab85e9c963e7357a8433da84e895507e,"[""10904347939559348084889283384973600207001307228767801114856379948987944051302"", ""63514807846207217791796334733580770155958510280638850911506455990693175502240""]",10904347939559348084889283384973600207001307228767801114856379948987944051302|63514807846207217791796334733580770155958510280638850911506455990693175502240,63514807846207217791796334733580770155958510280638850911506455990693175502240,No,True,0.8,5.0,0.99,78.4,0.895,0.18999999999999995,dbb1994ceba04cba23860b17a35e0a73a8546ea3,0.01,5,,9.0145,100
2026-08-01T14:46:33Z,EPL,435490,epl-2026-team-of-the-season,EPL: 2026 PFA Team of the Year,2026-05-01T16:17:58.439577Z,2127681,will-moises-caicedo-be-named-to-the-2026-pfa-premier-league-team-of-the-year,Will Moises Caicedo be named to the 2026 PFA Premier League Team of the Year?,0x6a8a0e28a90c3880e21bb6de9eb98f12d5e81a8d88570a2c5b855ee60b6263ba,"[""13244409081849499988815460722411109697257731580831464114667102436005675343259"", ""41998463599395516608520033462694074004839767261466278584344671813809549672424""]",13244409081849499988815460722411109697257731580831464114667102436005675343259|41998463599395516608520033462694074004839767261466278584344671813809549672424,13244409081849499988815460722411109697257731580831464114667102436005675343259,Yes,True,0.01,78.4,0.31,7.22,0.16,0.3,b3df4dcb452267f36ae6d3a985c8b6fe47a7408d,0.01,5,,78.9124,
2026-08-01T14:46:33Z,EPL,435490,epl-2026-team-of-the-season,EPL: 2026 PFA Team of the Year,2026-05-01T16:17:58.439577Z,2127681,will-moises-caicedo-be-named-to-the-2026-pfa-premier-league-team-of-the-year,Will Moises Caicedo be named to the 2026 PFA Premier League Team of the Year?,0x6a8a0e28a90c3880e21bb6de9eb98f12d5e81a8d88570a2c5b855ee60b6263ba,"[""13244409081849499988815460722411109697257731580831464114667102436005675343259"", ""41998463599395516608520033462694074004839767261466278584344671813809549672424""]",13244409081849499988815460722411109697257731580831464114667102436005675343259|41998463599395516608520033462694074004839767261466278584344671813809549672424,41998463599395516608520033462694074004839767261466278584344671813809549672424,No,True,0.69,7.22,0.99,78.4,0.84,0.30000000000000004,c493b3d65b3e78be78eb42fefa1d06d2cde6fdc1,0.01,5,,78.9124,
2026-08-01T14:46:33Z,EPL,435490,epl-2026-team-of-the-season,EPL: 2026 PFA Team of the Year,2026-05-01T16:17:58.439577Z,2127682,will-elliot-anderson-be-named-to-the-2026-pfa-premier-league-team-of-the-year,Will Elliot Anderson be named to the 2026 PFA Premier League Team of the Year?,0x3e7b9aff81e624e4f9ef7677696f2d4fae5837bdf83bd9ed2d62ec7a87aaf7a6,"[""2770428290325312677871192984476250158140993595717599201621714256969118294243"", ""87005572382727825804817777311897399081855387101457739624425019964385877189800""]",2770428290325312677871192984476250158140993595717599201621714256969118294243|87005572382727825804817777311897399081855387101457739624425019964385877189800,2770428290325312677871192984476250158140993595717599201621714256969118294243,Yes,True,0.26,100.0,0.44,100.0,0.35,0.18,ea0d40877991db587e76919d48ee6536c5c72f51,0.01,5,,98.728,
2026-08-01T14:46:33Z,EPL,435490,epl-2026-team-of-the-season,EPL: 2026 PFA Team of the Year,2026-05-01T16:17:58.439577Z,2127682,will-elliot-anderson-be-named-to-the-2026-pfa-premier-league-team-of-the-year,Will Elliot Anderson be named to the 2026 PFA Premier League Team of the Year?,0x3e7b9aff81e624e4f9ef7677696f2d4fae5837bdf83bd9ed2d62ec7a87aaf7a6,"[""2770428290325312677871192984476250158140993595717599201621714256969118294243"", ""87005572382727825804817777311897399081855387101457739624425019964385877189800""]",2770428290325312677871192984476250158140993595717599201621714256969118294243|87005572382727825804817777311897399081855387101457739624425019964385877189800,87005572382727825804817777311897399081855387101457739624425019964385877189800,No,True,0.56,100.0,0.74,100.0,0.65,0.17999999999999994,8c906f5908aa7d9d45b298ba709e39614f0b3623,0.01,5,,98.728,
2026-08-01T14:46:33Z,EPL,435490,epl-2026-team-of-the-season,EPL: 2026 PFA Team of the Year,2026-05-01T16:17:58.439577Z,2127683,will-erling-haaland-be-named-to-the-2026-pfa-premier-league-team-of-the-year,Will Erling Haaland be named to the 2026 PFA Premier League Team of the Year?,0x0a3ee85120cf7d2febbaba00b787db1bd1fdc7f80f8277d89675736a430e2065,"[""36505760582912364024564187063352953937975349358323597571083864672476590879653"", ""36939641234709193046881505450280116016622287455799963152747536559103079527590""]",36505760582912364024564187063352953937975349358323597571083864672476590879653|36939641234709193046881505450280116016622287455799963152747536559103079527590,36505760582912364024564187063352953937975349358323597571083864672476590879653,Yes,True,0.85,28.5,0.99,7.11,0.9199999999999999,0.14,7429bcafb1ff7387fb297e7c2143cca9b277697a,0.01,5,0.010,493.0801,153.99
2026-08-01T14:46:33Z,EPL,435490,epl-2026-team-of-the-season,EPL: 2026 PFA Team of the Year,2026-05-01T16:17:58.439577Z,2127683,will-erling-haaland-be-named-to-the-2026-pfa-premier-league-team-of-the-year,Will Erling Haaland be named to the 2026 PFA Premier League Team of the Year?,0x0a3ee85120cf7d2febbaba00b787db1bd1fdc7f80f8277d89675736a430e2065,"[""36505760582912364024564187063352953937975349358323597571083864672476590879653"", ""36939641234709193046881505450280116016622287455799963152747536559103079527590""]",36505760582912364024564187063352953937975349358323597571083864672476590879653|36939641234709193046881505450280116016622287455799963152747536559103079527590,36939641234709193046881505450280116016622287455799963152747536559103079527590,No,True,0.01,7.11,0.15,28.5,0.08,0.13999999999999999,cef6f9aa6c71bae8de1a1ae626e029fa835dcfeb,0.01,5,0.010,493.0801,153.99
2026-08-01T14:46:33Z,EPL,435490,epl-2026-team-of-the-season,EPL: 2026 PFA Team of the Year,2026-05-01T16:17:58.439577Z,2127684,will-hugo-ekitike-be-named-to-the-2026-pfa-premier-league-team-of-the-year,Will Hugo Ekitike be named to the 2026 PFA Premier League Team of the Year?,0x3ac387fc809af29edadb0c1881ecd88319f8b4ebb5b0a89a77a84e85f4a2099c,"[""21160761171799050394335213154237360537464294007297740615880003417666696561468"", ""57509889980199562878580001207297131252053963359675973392844979135378456666743""]",21160761171799050394335213154237360537464294007297740615880003417666696561468|57509889980199562878580001207297131252053963359675973392844979135378456666743,21160761171799050394335213154237360537464294007297740615880003417666696561468,Yes,True,0.01,78.4,0.18,10.0,0.095,0.16999999999999998,74561511c375a7f8a9aec6faf57ffd06ab08c532,0.01,5,,15.922,
2026-08-01T14:46:33Z,EPL,435490,epl-2026-team-of-the-season,EPL: 2026 PFA Team of the Year,2026-05-01T16:17:58.439577Z,2127684,will-hugo-ekitike-be-named-to-the-2026-pfa-premier-league-team-of-the-year,Will Hugo Ekitike be named to the 2026 PFA Premier League Team of the Year?,0x3ac387fc809af29edadb0c1881ecd88319f8b4ebb5b0a89a77a84e85f4a2099c,"[""21160761171799050394335213154237360537464294007297740615880003417666696561468"", ""57509889980199562878580001207297131252053963359675973392844979135378456666743""]",21160761171799050394335213154237360537464294007297740615880003417666696561468|57509889980199562878580001207297131252053963359675973392844979135378456666743,57509889980199562878580001207297131252053963359675973392844979135378456666743,No,True,0.82,10.0,0.99,78.4,0.905,0.17000000000000004,4164bb67d93061ef2b94925c96b9462566f45ada,0.01,5,,15.922,
2026-08-01T14:46:33Z,EPL,435490,epl-2026-team-of-the-season,EPL: 2026 PFA Team of the Year,2026-05-01T16:17:58.439577Z,2127685,will-igor-thiago-be-named-to-the-2026-pfa-premier-league-team-of-the-year,Will Igor Thiago be named to the 2026 PFA Premier League Team of the Year?,0x2565964258328ceff81b8dd027a9b4bfae11353bbfbb3e27625da025fffc2d97,"[""45116472354972988677943929968423217543948497597214084731838340702588569592863"", ""57509607526871690199395719807389480255858394821926865896302284337840164838738""]",45116472354972988677943929968423217543948497597214084731838340702588569592863|57509607526871690199395719807389480255858394821926865896302284337840164838738,45116472354972988677943929968423217543948497597214084731838340702588569592863,Yes,True,0.25,190.0,0.48,100.0,0.365,0.22999999999999998,c45f6affcb2c8868ff4d2e8bd930c65cb80f43fc,0.01,5,,104.7777,
2026-08-01T14:46:33Z,EPL,435490,epl-2026-team-of-the-season,EPL: 2026 PFA Team of the Year,2026-05-01T16:17:58.439577Z,2127685,will-igor-thiago-be-named-to-the-2026-pfa-premier-league-team-of-the-year,Will Igor Thiago be named to the 2026 PFA Premier League Team of the Year?,0x2565964258328ceff81b8dd027a9b4bfae11353bbfbb3e27625da025fffc2d97,"[""45116472354972988677943929968423217543948497597214084731838340702588569592863"", ""57509607526871690199395719807389480255858394821926865896302284337840164838738""]",45116472354972988677943929968423217543948497597214084731838340702588569592863|57509607526871690199395719807389480255858394821926865896302284337840164838738,57509607526871690199395719807389480255858394821926865896302284337840164838738,No,True,0.52,100.0,0.75,190.0,0.635,0.22999999999999998,907a6f4bfb19c7a133f88bb5d05623cf49d6a12c,0.01,5,,104.7777,
2026-08-01T14:46:33Z,EPL,435490,epl-2026-team-of-the-season,EPL: 2026 PFA Team of the Year,2026-05-01T16:17:58.439577Z,2127686,will-joo-pedro-be-named-to-the-2026-pfa-premier-league-team-of-the-year,Will João Pedro be named to the 2026 PFA Premier League Team of the Year?,0x6fce5bfb34549a3a2c919a87ed5948038ae259334b99c7626269b54b5aec2e0e,"[""32710637391248437289327028678783582535502723443825413307615920275857755767269"", ""76494283295406840675256483217001111989666469664619203128145658200939942333539""]",32710637391248437289327028678783582535502723443825413307615920275857755767269|76494283295406840675256483217001111989666469664619203128145658200939942333539,32710637391248437289327028678783582535502723443825413307615920275857755767269,Yes,True,0.01,78.4,0.18,69.39,0.095,0.16999999999999998,03cb85eb781354b061a4872c461f4e917aab457c,0.01,5,,58.6838,57.777776
2026-08-01T14:46:33Z,EPL,435490,epl-2026-team-of-the-season,EPL: 2026 PFA Team of the Year,2026-05-01T16:17:58.439577Z,2127686,will-joo-pedro-be-named-to-the-2026-pfa-premier-league-team-of-the-year,Will João Pedro be named to the 2026 PFA Premier League Team of the Year?,0x6fce5bfb34549a3a2c919a87ed5948038ae259334b99c7626269b54b5aec2e0e,"[""32710637391248437289327028678783582535502723443825413307615920275857755767269"", ""76494283295406840675256483217001111989666469664619203128145658200939942333539""]",32710637391248437289327028678783582535502723443825413307615920275857755767269|76494283295406840675256483217001111989666469664619203128145658200939942333539,76494283295406840675256483217001111989666469664619203128145658200939942333539,No,True,0.82,69.39,0.99,78.4,0.905,0.17000000000000004,69bca0f64ccfaa4c74e2fd06f15f776a666bc999,0.01,5,,58.6838,57.777776
2026-08-01T14:46:33Z,EPL,435490,epl-2026-team-of-the-season,EPL: 2026 PFA Team of the Year,2026-05-01T16:17:58.439577Z,2127687,will-morgan-rogers-be-named-to-the-2026-pfa-premier-league-team-of-the-year,Will Morgan Rogers be named to the 2026 PFA Premier League Team of the Year?,0x96b8591e61ab8153068ed93e54c013f0e6b89cea2aa4e133fdfd9dafcded9277,"[""35606525977135678474506342380680226214353069361032301286284296655225714906882"", ""21333608757853284524355908501060578820412665842300321107531640970971045399525""]",35606525977135678474506342380680226214353069361032301286284296655225714906882|21333608757853284524355908501060578820412665842300321107531640970971045399525,35606525977135678474506342380680226214353069361032301286284296655225714906882,Yes,True,0.01,78.4,0.72,10.0,0.365,0.71,fd66627bffb35cf72175b684350c3a90dcadaf62,0.01,5,,7.4976,
2026-08-01T14:46:33Z,EPL,435490,epl-2026-team-of-the-season,EPL: 2026 PFA Team of the Year,2026-05-01T16:17:58.439577Z,2127687,will-morgan-rogers-be-named-to-the-2026-pfa-premier-league-team-of-the-year,Will Morgan Rogers be named to the 2026 PFA Premier League Team of the Year?,0x96b8591e61ab8153068ed93e54c013f0e6b89cea2aa4e133fdfd9dafcded9277,"[""35606525977135678474506342380680226214353069361032301286284296655225714906882"", ""21333608757853284524355908501060578820412665842300321107531640970971045399525""]",35606525977135678474506342380680226214353069361032301286284296655225714906882|21333608757853284524355908501060578820412665842300321107531640970971045399525,21333608757853284524355908501060578820412665842300321107531640970971045399525,No,True,0.28,10.0,0.99,78.4,0.635,0.71,36f7adbe34b37dba52e4a68add016f43d423536d,0.01,5,,7.4976,
2026-08-01T14:46:33Z,EPL,435490,epl-2026-team-of-the-season,EPL: 2026 PFA Team of the Year,2026-05-01T16:17:58.439577Z,2127688,will-antoine-semenyo-be-named-to-the-2026-pfa-premier-league-team-of-the-year,Will Antoine Semenyo be named to the 2026 PFA Premier League Team of the Year?,0x1220c8ad3de1b3e3a079e832ec53f3cd4c3f014685820c7364e6feeec413e4d8,"[""76296603541032491222249921378613877627058194760954506807014743183408941333618"", ""21304560232739094042644316740439641499393814233414419162298081903469670924441""]",76296603541032491222249921378613877627058194760954506807014743183408941333618|21304560232739094042644316740439641499393814233414419162298081903469670924441,76296603541032491222249921378613877627058194760954506807014743183408941333618,Yes,True,0.18,9.26,0.97,16.76,0.575,0.79,a744ed38f163e8c1709e2b03eadce6f2a03d965a,0.01,5,0.400,192.2968,109.94165000000001
2026-08-01T14:46:33Z,EPL,435490,epl-2026-team-of-the-season,EPL: 2026 PFA Team of the Year,2026-05-01T16:17:58.439577Z,2127688,will-antoine-semenyo-be-named-to-the-2026-pfa-premier-league-team-of-the-year,Will Antoine Semenyo be named to the 2026 PFA Premier League Team of the Year?,0x1220c8ad3de1b3e3a079e832ec53f3cd4c3f014685820c7364e6feeec413e4d8,"[""76296603541032491222249921378613877627058194760954506807014743183408941333618"", ""21304560232739094042644316740439641499393814233414419162298081903469670924441""]",76296603541032491222249921378613877627058194760954506807014743183408941333618|21304560232739094042644316740439641499393814233414419162298081903469670924441,21304560232739094042644316740439641499393814233414419162298081903469670924441,No,True,0.03,16.76,0.82,9.26,0.425,0.7899999999999999,9f4c7ebbe138de08f44221ffb0ed8d893c349eaf,0.01,5,0.400,192.2968,109.94165000000001
2026-08-01T14:46:33Z,EPL,435490,epl-2026-team-of-the-season,EPL: 2026 PFA Team of the Year,2026-05-01T16:17:58.439577Z,2127689,will-jeremy-doku-be-named-to-the-2026-pfa-premier-league-team-of-the-year,Will Jeremy Doku be named to the 2026 PFA Premier League Team of the Year?,0xa879be670c7ecf3087a8bf9fc8cf43b4e415502e71e7910dd63ac8f80a56d87b,"[""3879696626646145930128886354978365884788235204398514844964568164322230593973"", ""79551627668553765432569263846776420950508270405186694496807348421004929288226""]",3879696626646145930128886354978365884788235204398514844964568164322230593973|79551627668553765432569263846776420950508270405186694496807348421004929288226,3879696626646145930128886354978365884788235204398514844964568164322230593973,Yes,True,0.01,14.32,0.27,1000.0,0.14,0.26,b3458eea207d140c07163232690f987f201265dd,0.01,5,,805.8268,
2026-08-01T14:46:33Z,EPL,435490,epl-2026-team-of-the-season,EPL: 2026 PFA Team of the Year,2026-05-01T16:17:58.439577Z,2127689,will-jeremy-doku-be-named-to-the-2026-pfa-premier-league-team-of-the-year,Will Jeremy Doku be named to the 2026 PFA Premier League Team of the Year?,0xa879be670c7ecf3087a8bf9fc8cf43b4e415502e71e7910dd63ac8f80a56d87b,"[""3879696626646145930128886354978365884788235204398514844964568164322230593973"", ""79551627668553765432569263846776420950508270405186694496807348421004929288226""]",3879696626646145930128886354978365884788235204398514844964568164322230593973|79551627668553765432569263846776420950508270405186694496807348421004929288226,79551627668553765432569263846776420950508270405186694496807348421004929288226,No,True,0.73,1000.0,0.99,14.32,0.86,0.26,b36b9fed6febcb0659819658976f4e9e7d2ad20f,0.01,5,,805.8268,
2026-08-01T14:46:33Z,EPL,435490,epl-2026-team-of-the-season,EPL: 2026 PFA Team of the Year,2026-05-01T16:17:58.439577Z,2127690,will-bryan-mbeumo-be-named-to-the-2026-pfa-premier-league-team-of-the-year,Will Bryan Mbeumo be named to the 2026 PFA Premier League Team of the Year?,0xbc5c1fe3e7dd57070ca528cd85b158334b7aa9ee0c87b22c861586f82f115f53,"[""91785058119765698978951103847186849259631214663163177270696303972172010570357"", ""57423228513700841810717133678013622282899538997222385821885417665448518434118""]",91785058119765698978951103847186849259631214663163177270696303972172010570357|57423228513700841810717133678013622282899538997222385821885417665448518434118,91785058119765698978951103847186849259631214663163177270696303972172010570357,Yes,True,0.05,20.0,0.36,6.6,0.205,0.31,67ca7200b966e80cb48bd6743e0b6e9362b326b7,0.01,5,,70.7914,
2026-08-01T14:46:33Z,EPL,435490,epl-2026-team-of-the-season,EPL: 2026 PFA Team of the Year,2026-05-01T16:17:58.439577Z,2127690,will-bryan-mbeumo-be-named-to-the-2026-pfa-premier-league-team-of-the-year,Will Bryan Mbeumo be named to the 2026 PFA Premier League Team of the Year?,0xbc5c1fe3e7dd57070ca528cd85b158334b7aa9ee0c87b22c861586f82f115f53,"[""91785058119765698978951103847186849259631214663163177270696303972172010570357"", ""57423228513700841810717133678013622282899538997222385821885417665448518434118""]",91785058119765698978951103847186849259631214663163177270696303972172010570357|57423228513700841810717133678013622282899538997222385821885417665448518434118,57423228513700841810717133678013622282899538997222385821885417665448518434118,No,True,0.64,6.6,0.95,20.0,0.7949999999999999,0.30999999999999994,a12305f566403e9aefb963f7a780254ebe192126,0.01,5,,70.7914,
2026-08-01T14:46:33Z,EPL,435490,epl-2026-team-of-the-season,EPL: 2026 PFA Team of the Year,2026-05-01T16:17:58.439577Z,2127691,will-jarrod-bowen-be-named-to-the-2026-pfa-premier-league-team-of-the-year,Will Jarrod Bowen be named to the 2026 PFA Premier League Team of the Year?,0x7352d3b05ddd64c22487c855e05c0485348e49d0dad74d9bde2c0478db43701e,"[""72676667720459668200165137999841534576126998576490942457742996617745849748718"", ""93972487936526721423770075279455909737407561133246099106446256232697159064557""]",72676667720459668200165137999841534576126998576490942457742996617745849748718|93972487936526721423770075279455909737407561133246099106446256232697159064557,72676667720459668200165137999841534576126998576490942457742996617745849748718,Yes,True,0.01,78.4,0.1,117.68,0.055,0.09000000000000001,a71a285a0e873cb6e8e11cd0b5375cfb395f71ed,0.01,5,,108.8996,
2026-08-01T14:46:33Z,EPL,435490,epl-2026-team-of-the-season,EPL: 2026 PFA Team of the Year,2026-05-01T16:17:58.439577Z,2127691,will-jarrod-bowen-be-named-to-the-2026-pfa-premier-league-team-of-the-year,Will Jarrod Bowen be named to the 2026 PFA Premier League Team of the Year?,0x7352d3b05ddd64c22487c855e05c0485348e49d0dad74d9bde2c0478db43701e,"[""72676667720459668200165137999841534576126998576490942457742996617745849748718"", ""93972487936526721423770075279455909737407561133246099106446256232697159064557""]",72676667720459668200165137999841534576126998576490942457742996617745849748718|93972487936526721423770075279455909737407561133246099106446256232697159064557,93972487936526721423770075279455909737407561133246099106446256232697159064557,No,True,0.9,117.68,0.99,78.4,0.9450000000000001,0.08999999999999997,d7e6faeba1944ac060b0eb7e0d050555ec759860,0.01,5,,108.8996,
2026-08-01T14:46:33Z,EPL,435490,epl-2026-team-of-the-season,EPL: 2026 PFA Team of the Year,2026-05-01T16:17:58.439577Z,2127692,will-phil-foden-be-named-to-the-2026-pfa-premier-league-team-of-the-year,Will Phil Foden be named to the 2026 PFA Premier League Team of the Year?,0x0f4085f5c4961b9029c600d4f976d0594a302e9f365552b48f500b655f2ac4fa,"[""8033894410953638407847681522327346336043237396295679948351222439635117761656"", ""89182645560093896409280692775338915223534298743660692930735700909064064285484""]",8033894410953638407847681522327346336043237396295679948351222439635117761656|89182645560093896409280692775338915223534298743660692930735700909064064285484,8033894410953638407847681522327346336043237396295679948351222439635117761656,Yes,True,0.01,78.4,0.19,10.0,0.1,0.18,175e0a678fe37c08354f964fa6a2513c3a77df32,0.01,5,,151.1974,
2026-08-01T14:46:33Z,EPL,435490,epl-2026-team-of-the-season,EPL: 2026 PFA Team of the Year,2026-05-01T16:17:58.439577Z,2127692,will-phil-foden-be-named-to-the-2026-pfa-premier-league-team-of-the-year,Will Phil Foden be named to the 2026 PFA Premier League Team of the Year?,0x0f4085f5c4961b9029c600d4f976d0594a302e9f365552b48f500b655f2ac4fa,"[""8033894410953638407847681522327346336043237396295679948351222439635117761656"", ""89182645560093896409280692775338915223534298743660692930735700909064064285484""]",8033894410953638407847681522327346336043237396295679948351222439635117761656|89182645560093896409280692775338915223534298743660692930735700909064064285484,89182645560093896409280692775338915223534298743660692930735700909064064285484,No,True,0.81,10.0,0.99,78.4,0.9,0.17999999999999994,ec7b3c5926f8892b3fd817fcdb4ed91b2a963444,0.01,5,,151.1974,
2026-08-01T14:46:33Z,EPL,435490,epl-2026-team-of-the-season,EPL: 2026 PFA Team of the Year,2026-05-01T16:17:58.439577Z,2127693,will-bukayo-saka-be-named-to-the-2026-pfa-premier-league-team-of-the-year,Will Bukayo Saka be named to the 2026 PFA Premier League Team of the Year?,0xb31d5274c8acbc2b023593c03fe1cb6367f42a9596ebb5d61b3204457b980730,"[""3899512605908669133631802955015968710467998848723391934123440957914049621850"", ""50079801685037680014087676599806731271595381000363699907442053815397821742247""]",3899512605908669133631802955015968710467998848723391934123440957914049621850|50079801685037680014087676599806731271595381000363699907442053815397821742247,3899512605908669133631802955015968710467998848723391934123440957914049621850,Yes,True,0.16,5.0,0.75,5.0,0.455,0.59,9199a6f2ff63fb71436d262884943e80d696697c,0.01,5,0.370,44.7179,124.88335400000001
2026-08-01T14:46:33Z,EPL,435490,epl-2026-team-of-the-season,EPL: 2026 PFA Team of the Year,2026-05-01T16:17:58.439577Z,2127693,will-bukayo-saka-be-named-to-the-2026-pfa-premier-league-team-of-the-year,Will Bukayo Saka be named to the 2026 PFA Premier League Team of the Year?,0xb31d5274c8acbc2b023593c03fe1cb6367f42a9596ebb5d61b3204457b980730,"[""3899512605908669133631802955015968710467998848723391934123440957914049621850"", ""50079801685037680014087676599806731271595381000363699907442053815397821742247""]",3899512605908669133631802955015968710467998848723391934123440957914049621850|50079801685037680014087676599806731271595381000363699907442053815397821742247,50079801685037680014087676599806731271595381000363699907442053815397821742247,No,True,0.25,5.0,0.84,5.0,0.5449999999999999,0.59,ebf861cd795b2df6571c0a56adfcb15b1bf7c6f3,0.01,5,0.370,44.7179,124.88335400000001
2026-08-01T14:46:33Z,EPL,741502,epl-will-jeff-bezos-be-announced-as-new-liverpool-owner-in-2026-20260722181029339,EPL: Will Jeff Bezos Be Announced as New Liverpool Owner in 2026?,2026-07-24T02:09:07.515064Z,3075557,epl-will-jeff-bezos-be-announced-as-new-liverpool-owner-in-2026-20260722181029339,EPL: Will Jeff Bezos Be Announced as New Liverpool Owner in 2026?,0xf80b06a0af0b0d125260dd874181f7719b744202726b1261630c1e6f47d194b2,"[""111441089755454304558071463386774833085904282688880366696455604871865425149250"", ""96618024647558019955854864607964662434776153113184066607977558350988819171463""]",111441089755454304558071463386774833085904282688880366696455604871865425149250|96618024647558019955854864607964662434776153113184066607977558350988819171463,111441089755454304558071463386774833085904282688880366696455604871865425149250,Yes,True,0.06,40.0,0.38,40.0,0.22,0.32,e9b08004e5c4b665e61228a07341cd1a903185b1,0.01,5,0.840,81.305,2530.877093
2026-08-01T14:46:33Z,EPL,741502,epl-will-jeff-bezos-be-announced-as-new-liverpool-owner-in-2026-20260722181029339,EPL: Will Jeff Bezos Be Announced as New Liverpool Owner in 2026?,2026-07-24T02:09:07.515064Z,3075557,epl-will-jeff-bezos-be-announced-as-new-liverpool-owner-in-2026-20260722181029339,EPL: Will Jeff Bezos Be Announced as New Liverpool Owner in 2026?,0xf80b06a0af0b0d125260dd874181f7719b744202726b1261630c1e6f47d194b2,"[""111441089755454304558071463386774833085904282688880366696455604871865425149250"", ""96618024647558019955854864607964662434776153113184066607977558350988819171463""]",111441089755454304558071463386774833085904282688880366696455604871865425149250|96618024647558019955854864607964662434776153113184066607977558350988819171463,96618024647558019955854864607964662434776153113184066607977558350988819171463,No,True,0.62,40.0,0.94,40.0,0.78,0.31999999999999995,046f99e17be7c1aae3e4fa5d2d45e55471b17a62,0.01,5,0.840,81.305,2530.877093
