ts_utc,league,event_id,event_slug,event_title,event_start,market_id,market_slug,market_question,condition_id,clob_token_ids_raw,token_ids_parsed,token_id,outcome,book_found,best_bid,best_bid_size,best_ask,best_ask_size,mid,spread,book_hash,tick_size,min_order_size,last_trade_price,liquidity,volume
2026-05-25T00:01:01Z,UCL,33506,uefa-champions-league-winner,UEFA Champions League Winner ,2025-07-28T16:48:06.450445Z,566139,will-real-madrid-win-the-202526-champions-league,Will Real Madrid win the 2025–26 Champions League?,0x52a5ce595e0f0816e17e5f40dbd5967c88beb4b9f21000bfdd9a1ff26c281fdd,"[""47060861968389645577251408086188258199430417779776802737050665875266354301946"", ""12905796939799815677187294753823746821359945387637800747970148392857538825639""]",47060861968389645577251408086188258199430417779776802737050665875266354301946|12905796939799815677187294753823746821359945387637800747970148392857538825639,47060861968389645577251408086188258199430417779776802737050665875266354301946,Yes,False,,,,,,,,,,,,5281076.39409185
2026-05-25T00:01:01Z,UCL,33506,uefa-champions-league-winner,UEFA Champions League Winner ,2025-07-28T16:48:06.450445Z,566139,will-real-madrid-win-the-202526-champions-league,Will Real Madrid win the 2025–26 Champions League?,0x52a5ce595e0f0816e17e5f40dbd5967c88beb4b9f21000bfdd9a1ff26c281fdd,"[""47060861968389645577251408086188258199430417779776802737050665875266354301946"", ""12905796939799815677187294753823746821359945387637800747970148392857538825639""]",47060861968389645577251408086188258199430417779776802737050665875266354301946|12905796939799815677187294753823746821359945387637800747970148392857538825639,12905796939799815677187294753823746821359945387637800747970148392857538825639,No,False,,,,,,,,,,,,5281076.39409185
2026-05-25T00:01:01Z,UCL,33506,uefa-champions-league-winner,UEFA Champions League Winner ,2025-07-28T16:48:06.450445Z,566140,will-arsenal-win-the-202526-champions-league,Will Arsenal win the 2025–26 Champions League?,0x8df5a4256840dee05851250c0490da7593597faff3a7f9a156ccbbda7fec76f8,"[""76184513907290761912636659055080401703643418316153242056949287928791438454394"", ""40207448075213637709805668474726325753733020974923638056549809058860608450985""]",76184513907290761912636659055080401703643418316153242056949287928791438454394|40207448075213637709805668474726325753733020974923638056549809058860608450985,76184513907290761912636659055080401703643418316153242056949287928791438454394,Yes,True,0.42,797847.88,0.43,412372.74,0.425,0.010000000000000009,3c6b7813e816f7dc66c5ccd28e01ed813cea97d7,0.01,5,0.570,749291.653,8170468.149010222
2026-05-25T00:01:01Z,UCL,33506,uefa-champions-league-winner,UEFA Champions League Winner ,2025-07-28T16:48:06.450445Z,566140,will-arsenal-win-the-202526-champions-league,Will Arsenal win the 2025–26 Champions League?,0x8df5a4256840dee05851250c0490da7593597faff3a7f9a156ccbbda7fec76f8,"[""76184513907290761912636659055080401703643418316153242056949287928791438454394"", ""40207448075213637709805668474726325753733020974923638056549809058860608450985""]",76184513907290761912636659055080401703643418316153242056949287928791438454394|40207448075213637709805668474726325753733020974923638056549809058860608450985,40207448075213637709805668474726325753733020974923638056549809058860608450985,No,True,0.57,412372.74,0.58,797847.88,0.575,0.010000000000000009,476ce65c87ad49c377f26a46e43b0693a5ca582e,0.01,5,0.570,749291.653,8170468.149010222
2026-05-25T00:01:01Z,UCL,33506,uefa-champions-league-winner,UEFA Champions League Winner ,2025-07-28T16:48:06.450445Z,566162,will-nice-win-the-202526-champions-league,Will Nice win the 2025–26 Champions League?,0x13be83c76cc4d5675864e98dd223f31ae55544e756bd820c0e2b25c2ebc38149,"[""36078493005915375352466001135871393432367547181476349286788545624046064026708"", ""47142248944716558259102963239421950721216648703892591032088229166716736318020""]",36078493005915375352466001135871393432367547181476349286788545624046064026708|47142248944716558259102963239421950721216648703892591032088229166716736318020,36078493005915375352466001135871393432367547181476349286788545624046064026708,Yes,False,,,,,,,,,,,,344379.00715
2026-05-25T00:01:01Z,UCL,33506,uefa-champions-league-winner,UEFA Champions League Winner ,2025-07-28T16:48:06.450445Z,566162,will-nice-win-the-202526-champions-league,Will Nice win the 2025–26 Champions League?,0x13be83c76cc4d5675864e98dd223f31ae55544e756bd820c0e2b25c2ebc38149,"[""36078493005915375352466001135871393432367547181476349286788545624046064026708"", ""47142248944716558259102963239421950721216648703892591032088229166716736318020""]",36078493005915375352466001135871393432367547181476349286788545624046064026708|47142248944716558259102963239421950721216648703892591032088229166716736318020,47142248944716558259102963239421950721216648703892591032088229166716736318020,No,False,,,,,,,,,,,,344379.00715
2026-05-25T00:01:01Z,UCL,33506,uefa-champions-league-winner,UEFA Champions League Winner ,2025-07-28T16:48:06.450445Z,566141,will-man-city-win-the-202526-champions-league,Will Man City win the 2025–26 Champions League?,0x453e4a52fd6e889f4895320475971bc8ed0bc427dba6108341be6abea5660c6e,"[""36058894980442135017211479622306510816996260853695318681196065390360075685530"", ""112574489854879876348403352508736279198755657572621272542900243530924839503706""]",36058894980442135017211479622306510816996260853695318681196065390360075685530|112574489854879876348403352508736279198755657572621272542900243530924839503706,36058894980442135017211479622306510816996260853695318681196065390360075685530,Yes,False,,,,,,,,,,,,
2026-05-25T00:01:01Z,UCL,33506,uefa-champions-league-winner,UEFA Champions League Winner ,2025-07-28T16:48:06.450445Z,566141,will-man-city-win-the-202526-champions-league,Will Man City win the 2025–26 Champions League?,0x453e4a52fd6e889f4895320475971bc8ed0bc427dba6108341be6abea5660c6e,"[""36058894980442135017211479622306510816996260853695318681196065390360075685530"", ""112574489854879876348403352508736279198755657572621272542900243530924839503706""]",36058894980442135017211479622306510816996260853695318681196065390360075685530|112574489854879876348403352508736279198755657572621272542900243530924839503706,112574489854879876348403352508736279198755657572621272542900243530924839503706,No,False,,,,,,,,,,,,
2026-05-25T00:01:01Z,UCL,33506,uefa-champions-league-winner,UEFA Champions League Winner ,2025-07-28T16:48:06.450445Z,566151,will-dortmund-win-the-202526-champions-league,Will Dortmund win the 2025–26 Champions League?,0x64992dfd0ed5e31eaf3d2ff7f240ba16d67439f8d580d105ca29e11acf4f36d7,"[""54275533608639596532955018862196542567663670765651740883648018147929291793532"", ""4239985250370208644360888245833679243239394540329134315317169641460228211715""]",54275533608639596532955018862196542567663670765651740883648018147929291793532|4239985250370208644360888245833679243239394540329134315317169641460228211715,54275533608639596532955018862196542567663670765651740883648018147929291793532,Yes,False,,,,,,,,,,,,3784244.309109
2026-05-25T00:01:01Z,UCL,33506,uefa-champions-league-winner,UEFA Champions League Winner ,2025-07-28T16:48:06.450445Z,566151,will-dortmund-win-the-202526-champions-league,Will Dortmund win the 2025–26 Champions League?,0x64992dfd0ed5e31eaf3d2ff7f240ba16d67439f8d580d105ca29e11acf4f36d7,"[""54275533608639596532955018862196542567663670765651740883648018147929291793532"", ""4239985250370208644360888245833679243239394540329134315317169641460228211715""]",54275533608639596532955018862196542567663670765651740883648018147929291793532|4239985250370208644360888245833679243239394540329134315317169641460228211715,4239985250370208644360888245833679243239394540329134315317169641460228211715,No,False,,,,,,,,,,,,3784244.309109
2026-05-25T00:01:01Z,UCL,33506,uefa-champions-league-winner,UEFA Champions League Winner ,2025-07-28T16:48:06.450445Z,566174,will-slavia-pragu-win-the-202526-champions-league,Will Slavia Pragu win the 2025–26 Champions League?,0xe371bb4a38f3714fc1ef7a8ecdaca8a8005aecead9ec95eb5ed8184ca55a94d7,"[""101564510739658892373078552770639793245135038809362064410922020660639564617759"", ""34146754045968539016734059757762644473418677163720213182630410899169414081030""]",101564510739658892373078552770639793245135038809362064410922020660639564617759|34146754045968539016734059757762644473418677163720213182630410899169414081030,101564510739658892373078552770639793245135038809362064410922020660639564617759,Yes,False,,,,,,,,,,,,28392439.058395
2026-05-25T00:01:01Z,UCL,33506,uefa-champions-league-winner,UEFA Champions League Winner ,2025-07-28T16:48:06.450445Z,566174,will-slavia-pragu-win-the-202526-champions-league,Will Slavia Pragu win the 2025–26 Champions League?,0xe371bb4a38f3714fc1ef7a8ecdaca8a8005aecead9ec95eb5ed8184ca55a94d7,"[""101564510739658892373078552770639793245135038809362064410922020660639564617759"", ""34146754045968539016734059757762644473418677163720213182630410899169414081030""]",101564510739658892373078552770639793245135038809362064410922020660639564617759|34146754045968539016734059757762644473418677163720213182630410899169414081030,34146754045968539016734059757762644473418677163720213182630410899169414081030,No,False,,,,,,,,,,,,28392439.058395
2026-05-25T00:01:01Z,UCL,33506,uefa-champions-league-winner,UEFA Champions League Winner ,2025-07-28T16:48:06.450445Z,566183,will-team-h-win-the-202526-champions-league,Will Team H win the 2025–26 Champions League?,0x9950b0caba9b4bf930d76fda75563cccb27cf5f51a8c46eccfe307f631f222a6,"[""14462878575730109408423721841834410823779561252874091193824246909778691369466"", ""4248830884015670977305202975500309601375554974061977301502693957227222591566""]",14462878575730109408423721841834410823779561252874091193824246909778691369466|4248830884015670977305202975500309601375554974061977301502693957227222591566,14462878575730109408423721841834410823779561252874091193824246909778691369466,Yes,False,,,,,,,,,,,0,0
2026-05-25T00:01:01Z,UCL,33506,uefa-champions-league-winner,UEFA Champions League Winner ,2025-07-28T16:48:06.450445Z,566183,will-team-h-win-the-202526-champions-league,Will Team H win the 2025–26 Champions League?,0x9950b0caba9b4bf930d76fda75563cccb27cf5f51a8c46eccfe307f631f222a6,"[""14462878575730109408423721841834410823779561252874091193824246909778691369466"", ""4248830884015670977305202975500309601375554974061977301502693957227222591566""]",14462878575730109408423721841834410823779561252874091193824246909778691369466|4248830884015670977305202975500309601375554974061977301502693957227222591566,4248830884015670977305202975500309601375554974061977301502693957227222591566,No,False,,,,,,,,,,,0,0
2026-05-25T00:01:01Z,UCL,33506,uefa-champions-league-winner,UEFA Champions League Winner ,2025-07-28T16:48:06.450445Z,566142,will-bayern-munich-win-the-202526-champions-league,Will Bayern Munich win the 2025–26 Champions League?,0x852fcfca1dfa1372b768aa6df2269d20564378bb6fe9c64bba3bc040370c1efd,"[""99432401000770353406389174286851792153493338941614722624150072378970973371272"", ""46985784934245469874674051973070583024711389039998687745451745904831527332283""]",99432401000770353406389174286851792153493338941614722624150072378970973371272|46985784934245469874674051973070583024711389039998687745451745904831527332283,99432401000770353406389174286851792153493338941614722624150072378970973371272,Yes,False,,,,,,,,,,,,6836502.651219907
2026-05-25T00:01:01Z,UCL,33506,uefa-champions-league-winner,UEFA Champions League Winner ,2025-07-28T16:48:06.450445Z,566142,will-bayern-munich-win-the-202526-champions-league,Will Bayern Munich win the 2025–26 Champions League?,0x852fcfca1dfa1372b768aa6df2269d20564378bb6fe9c64bba3bc040370c1efd,"[""99432401000770353406389174286851792153493338941614722624150072378970973371272"", ""46985784934245469874674051973070583024711389039998687745451745904831527332283""]",99432401000770353406389174286851792153493338941614722624150072378970973371272|46985784934245469874674051973070583024711389039998687745451745904831527332283,46985784934245469874674051973070583024711389039998687745451745904831527332283,No,False,,,,,,,,,,,,6836502.651219907
2026-05-25T00:01:01Z,UCL,33506,uefa-champions-league-winner,UEFA Champions League Winner ,2025-07-28T16:48:06.450445Z,566144,will-newcastle-win-the-202526-champions-league,Will Newcastle win the 2025–26 Champions League?,0x19c97446c3950446f29624c1361c8fc3546d4db76e07d00ca631504d45140312,"[""20974387742204158068624640187404915189376328559826429535381983865614927838941"", ""115588562834123775446146981123983138271438440893857367313502798436014961190090""]",20974387742204158068624640187404915189376328559826429535381983865614927838941|115588562834123775446146981123983138271438440893857367313502798436014961190090,20974387742204158068624640187404915189376328559826429535381983865614927838941,Yes,False,,,,,,,,,,,,
2026-05-25T00:01:01Z,UCL,33506,uefa-champions-league-winner,UEFA Champions League Winner ,2025-07-28T16:48:06.450445Z,566144,will-newcastle-win-the-202526-champions-league,Will Newcastle win the 2025–26 Champions League?,0x19c97446c3950446f29624c1361c8fc3546d4db76e07d00ca631504d45140312,"[""20974387742204158068624640187404915189376328559826429535381983865614927838941"", ""115588562834123775446146981123983138271438440893857367313502798436014961190090""]",20974387742204158068624640187404915189376328559826429535381983865614927838941|115588562834123775446146981123983138271438440893857367313502798436014961190090,115588562834123775446146981123983138271438440893857367313502798436014961190090,No,False,,,,,,,,,,,,
2026-05-25T00:01:01Z,UCL,33506,uefa-champions-league-winner,UEFA Champions League Winner ,2025-07-28T16:48:06.450445Z,566165,will-galatasaray-win-the-202526-champions-league,Will Galatasaray win the 2025–26 Champions League?,0xe64a95a022a9012b0e5cba0c4c3c8e81caf10f7dd5a091c24714ed154e02c13c,"[""69295864960333425952597016082425376902328320732380315285658062333058942845721"", ""100549304369162677944649288812424315756538998627108177229733233695646624190040""]",69295864960333425952597016082425376902328320732380315285658062333058942845721|100549304369162677944649288812424315756538998627108177229733233695646624190040,69295864960333425952597016082425376902328320732380315285658062333058942845721,Yes,False,,,,,,,,,,,,
2026-05-25T00:01:01Z,UCL,33506,uefa-champions-league-winner,UEFA Champions League Winner ,2025-07-28T16:48:06.450445Z,566165,will-galatasaray-win-the-202526-champions-league,Will Galatasaray win the 2025–26 Champions League?,0xe64a95a022a9012b0e5cba0c4c3c8e81caf10f7dd5a091c24714ed154e02c13c,"[""69295864960333425952597016082425376902328320732380315285658062333058942845721"", ""100549304369162677944649288812424315756538998627108177229733233695646624190040""]",69295864960333425952597016082425376902328320732380315285658062333058942845721|100549304369162677944649288812424315756538998627108177229733233695646624190040,100549304369162677944649288812424315756538998627108177229733233695646624190040,No,False,,,,,,,,,,,,
2026-05-25T00:01:01Z,UCL,33506,uefa-champions-league-winner,UEFA Champions League Winner ,2025-07-28T16:48:06.450445Z,566146,will-atletico-madrid-win-the-202526-champions-league,Will Atletico Madrid win the 2025–26 Champions League?,0xcb06319aa9e029904c93c1df7d10b7ce7d6aab2b25b8f661e0cf57ea048a1567,"[""39199930181061027002976945656289590914091865583643541107948177704448092689848"", ""27446117479784640697574527032292820989191318340119712250294208229142056414640""]",39199930181061027002976945656289590914091865583643541107948177704448092689848|27446117479784640697574527032292820989191318340119712250294208229142056414640,39199930181061027002976945656289590914091865583643541107948177704448092689848,Yes,False,,,,,,,,,,,,24660057.10849773
2026-05-25T00:01:01Z,UCL,33506,uefa-champions-league-winner,UEFA Champions League Winner ,2025-07-28T16:48:06.450445Z,566146,will-atletico-madrid-win-the-202526-champions-league,Will Atletico Madrid win the 2025–26 Champions League?,0xcb06319aa9e029904c93c1df7d10b7ce7d6aab2b25b8f661e0cf57ea048a1567,"[""39199930181061027002976945656289590914091865583643541107948177704448092689848"", ""27446117479784640697574527032292820989191318340119712250294208229142056414640""]",39199930181061027002976945656289590914091865583643541107948177704448092689848|27446117479784640697574527032292820989191318340119712250294208229142056414640,27446117479784640697574527032292820989191318340119712250294208229142056414640,No,False,,,,,,,,,,,,24660057.10849773
2026-05-25T00:01:01Z,UCL,33506,uefa-champions-league-winner,UEFA Champions League Winner ,2025-07-28T16:48:06.450445Z,566147,will-napoli-win-the-202526-champions-league,Will Napoli win the 2025–26 Champions League?,0x7bd85b3f517c51a036127fd585193e811754662a33e0657fae6f2dee09755c39,"[""113386447504176442223121458623547151021227929280920380433637789216784424825801"", ""113753834420626426489086669834410871414747105447808165698067606682083475322079""]",113386447504176442223121458623547151021227929280920380433637789216784424825801|113753834420626426489086669834410871414747105447808165698067606682083475322079,113386447504176442223121458623547151021227929280920380433637789216784424825801,Yes,False,,,,,,,,,,,,2082121.876578
2026-05-25T00:01:01Z,UCL,33506,uefa-champions-league-winner,UEFA Champions League Winner ,2025-07-28T16:48:06.450445Z,566147,will-napoli-win-the-202526-champions-league,Will Napoli win the 2025–26 Champions League?,0x7bd85b3f517c51a036127fd585193e811754662a33e0657fae6f2dee09755c39,"[""113386447504176442223121458623547151021227929280920380433637789216784424825801"", ""113753834420626426489086669834410871414747105447808165698067606682083475322079""]",113386447504176442223121458623547151021227929280920380433637789216784424825801|113753834420626426489086669834410871414747105447808165698067606682083475322079,113753834420626426489086669834410871414747105447808165698067606682083475322079,No,False,,,,,,,,,,,,2082121.876578
2026-05-25T00:01:01Z,UCL,33506,uefa-champions-league-winner,UEFA Champions League Winner ,2025-07-28T16:48:06.450445Z,566149,will-tottenham-win-the-202526-champions-league,Will Tottenham win the 2025–26 Champions League?,0x2571face33de8d5c3541fb569c10af59bb80fa909e1469af1c35919803943ea6,"[""43056875374313905973832907529403631296135811407462538380159199626529592941277"", ""65810667047011144327728455443307199531009544684982457609131541566841564674781""]",43056875374313905973832907529403631296135811407462538380159199626529592941277|65810667047011144327728455443307199531009544684982457609131541566841564674781,43056875374313905973832907529403631296135811407462538380159199626529592941277,Yes,False,,,,,,,,,,,,
2026-05-25T00:01:01Z,UCL,33506,uefa-champions-league-winner,UEFA Champions League Winner ,2025-07-28T16:48:06.450445Z,566149,will-tottenham-win-the-202526-champions-league,Will Tottenham win the 2025–26 Champions League?,0x2571face33de8d5c3541fb569c10af59bb80fa909e1469af1c35919803943ea6,"[""43056875374313905973832907529403631296135811407462538380159199626529592941277"", ""65810667047011144327728455443307199531009544684982457609131541566841564674781""]",43056875374313905973832907529403631296135811407462538380159199626529592941277|65810667047011144327728455443307199531009544684982457609131541566841564674781,65810667047011144327728455443307199531009544684982457609131541566841564674781,No,False,,,,,,,,,,,,
2026-05-25T00:01:01Z,UCL,33506,uefa-champions-league-winner,UEFA Champions League Winner ,2025-07-28T16:48:06.450445Z,566150,will-leverkusen-win-the-202526-champions-league,Will Leverkusen win the 2025–26 Champions League?,0x03ea417a6e1705498427bbe8fd89b922664db3020f196595d5c2a88826c7434c,"[""52573332212624920803134176585325859750004424271300789746166939801263546424199"", ""54288254310839006245201217334074992898039221641789000270404414089297461110375""]",52573332212624920803134176585325859750004424271300789746166939801263546424199|54288254310839006245201217334074992898039221641789000270404414089297461110375,52573332212624920803134176585325859750004424271300789746166939801263546424199,Yes,False,,,,,,,,,,,,
2026-05-25T00:01:01Z,UCL,33506,uefa-champions-league-winner,UEFA Champions League Winner ,2025-07-28T16:48:06.450445Z,566150,will-leverkusen-win-the-202526-champions-league,Will Leverkusen win the 2025–26 Champions League?,0x03ea417a6e1705498427bbe8fd89b922664db3020f196595d5c2a88826c7434c,"[""52573332212624920803134176585325859750004424271300789746166939801263546424199"", ""54288254310839006245201217334074992898039221641789000270404414089297461110375""]",52573332212624920803134176585325859750004424271300789746166939801263546424199|54288254310839006245201217334074992898039221641789000270404414089297461110375,54288254310839006245201217334074992898039221641789000270404414089297461110375,No,False,,,,,,,,,,,,
2026-05-25T00:01:01Z,UCL,33506,uefa-champions-league-winner,UEFA Champions League Winner ,2025-07-28T16:48:06.450445Z,566152,will-atalanta-win-the-202526-champions-league,Will Atalanta win the 2025–26 Champions League?,0xf9d58b904a94f0431d5bee7070650a305566927b3f7bf00f8529e20c9a99a6d4,"[""110744751097176596240040438772217801257447554009105101069887748928186140599293"", ""21944894353965897951603275348219343854238849215840619102823032771992655122234""]",110744751097176596240040438772217801257447554009105101069887748928186140599293|21944894353965897951603275348219343854238849215840619102823032771992655122234,110744751097176596240040438772217801257447554009105101069887748928186140599293,Yes,False,,,,,,,,,,,,
2026-05-25T00:01:01Z,UCL,33506,uefa-champions-league-winner,UEFA Champions League Winner ,2025-07-28T16:48:06.450445Z,566152,will-atalanta-win-the-202526-champions-league,Will Atalanta win the 2025–26 Champions League?,0xf9d58b904a94f0431d5bee7070650a305566927b3f7bf00f8529e20c9a99a6d4,"[""110744751097176596240040438772217801257447554009105101069887748928186140599293"", ""21944894353965897951603275348219343854238849215840619102823032771992655122234""]",110744751097176596240040438772217801257447554009105101069887748928186140599293|21944894353965897951603275348219343854238849215840619102823032771992655122234,21944894353965897951603275348219343854238849215840619102823032771992655122234,No,False,,,,,,,,,,,,
2026-05-25T00:01:01Z,UCL,33506,uefa-champions-league-winner,UEFA Champions League Winner ,2025-07-28T16:48:06.450445Z,566153,will-athletic-club-win-the-202526-champions-league,Will Athletic Club win the 2025–26 Champions League?,0xafb35c067db349948912b0c7443a9837ff9cbfacb9bb952a9cc64081f9c792de,"[""45581647169485622951067728749459881959209909152931448118923981417273529329456"", ""101264163544692975734476704096614714686704159151741493681812911782369649789289""]",45581647169485622951067728749459881959209909152931448118923981417273529329456|101264163544692975734476704096614714686704159151741493681812911782369649789289,45581647169485622951067728749459881959209909152931448118923981417273529329456,Yes,False,,,,,,,,,,,,11867413.991408
2026-05-25T00:01:01Z,UCL,33506,uefa-champions-league-winner,UEFA Champions League Winner ,2025-07-28T16:48:06.450445Z,566153,will-athletic-club-win-the-202526-champions-league,Will Athletic Club win the 2025–26 Champions League?,0xafb35c067db349948912b0c7443a9837ff9cbfacb9bb952a9cc64081f9c792de,"[""45581647169485622951067728749459881959209909152931448118923981417273529329456"", ""101264163544692975734476704096614714686704159151741493681812911782369649789289""]",45581647169485622951067728749459881959209909152931448118923981417273529329456|101264163544692975734476704096614714686704159151741493681812911782369649789289,101264163544692975734476704096614714686704159151741493681812911782369649789289,No,False,,,,,,,,,,,,11867413.991408
2026-05-25T00:01:01Z,UCL,33506,uefa-champions-league-winner,UEFA Champions League Winner ,2025-07-28T16:48:06.450445Z,566155,will-villarreal-win-the-202526-champions-league,Will Villarreal win the 2025–26 Champions League?,0xca0ce5347ab5282bc62bd666f532ffda671ee077dc32219313f545b7e702e33f,"[""20155560878794739053867236360742085290524070637340176924275745589437669214927"", ""74840349204550494545526544369612479696605734739620821995894424717375629643515""]",20155560878794739053867236360742085290524070637340176924275745589437669214927|74840349204550494545526544369612479696605734739620821995894424717375629643515,20155560878794739053867236360742085290524070637340176924275745589437669214927,Yes,False,,,,,,,,,,,,7892075.764682
2026-05-25T00:01:01Z,UCL,33506,uefa-champions-league-winner,UEFA Champions League Winner ,2025-07-28T16:48:06.450445Z,566155,will-villarreal-win-the-202526-champions-league,Will Villarreal win the 2025–26 Champions League?,0xca0ce5347ab5282bc62bd666f532ffda671ee077dc32219313f545b7e702e33f,"[""20155560878794739053867236360742085290524070637340176924275745589437669214927"", ""74840349204550494545526544369612479696605734739620821995894424717375629643515""]",20155560878794739053867236360742085290524070637340176924275745589437669214927|74840349204550494545526544369612479696605734739620821995894424717375629643515,74840349204550494545526544369612479696605734739620821995894424717375629643515,No,False,,,,,,,,,,,,7892075.764682
2026-05-25T00:01:01Z,UCL,33506,uefa-champions-league-winner,UEFA Champions League Winner ,2025-07-28T16:48:06.450445Z,566156,will-eintracht-frankfurt-win-the-202526-champions-league,Will Eintracht Frankfurt win the 2025–26 Champions League?,0x5dac59c04086e3921abc98c1f3b4a1e6a3f4962d8d8869a5e91b58df46b081a1,"[""44502295640052453453468528567471773374460585047835570107312208548251730550687"", ""83316976161831693573840345495338523786007025564748328551038035339165233283009""]",44502295640052453453468528567471773374460585047835570107312208548251730550687|83316976161831693573840345495338523786007025564748328551038035339165233283009,44502295640052453453468528567471773374460585047835570107312208548251730550687,Yes,False,,,,,,,,,,,,7817714.745721
2026-05-25T00:01:01Z,UCL,33506,uefa-champions-league-winner,UEFA Champions League Winner ,2025-07-28T16:48:06.450445Z,566156,will-eintracht-frankfurt-win-the-202526-champions-league,Will Eintracht Frankfurt win the 2025–26 Champions League?,0x5dac59c04086e3921abc98c1f3b4a1e6a3f4962d8d8869a5e91b58df46b081a1,"[""44502295640052453453468528567471773374460585047835570107312208548251730550687"", ""83316976161831693573840345495338523786007025564748328551038035339165233283009""]",44502295640052453453468528567471773374460585047835570107312208548251730550687|83316976161831693573840345495338523786007025564748328551038035339165233283009,83316976161831693573840345495338523786007025564748328551038035339165233283009,No,False,,,,,,,,,,,,7817714.745721
2026-05-25T00:01:01Z,UCL,33506,uefa-champions-league-winner,UEFA Champions League Winner ,2025-07-28T16:48:06.450445Z,566167,will-olympiakos-win-the-202526-champions-league,Will Olympiakos win the 2025–26 Champions League?,0x7e6021ad37547bbec1c6193df617be4ecbb0693d48bd8bb2d57bc290708335f8,"[""39554564777734449159113369155925961418775154448775340140622706142513548632046"", ""46948529410162574338604849441677535355244685495315049291453823664074463952614""]",39554564777734449159113369155925961418775154448775340140622706142513548632046|46948529410162574338604849441677535355244685495315049291453823664074463952614,39554564777734449159113369155925961418775154448775340140622706142513548632046,Yes,False,,,,,,,,,,,,21360158.2305
2026-05-25T00:01:01Z,UCL,33506,uefa-champions-league-winner,UEFA Champions League Winner ,2025-07-28T16:48:06.450445Z,566167,will-olympiakos-win-the-202526-champions-league,Will Olympiakos win the 2025–26 Champions League?,0x7e6021ad37547bbec1c6193df617be4ecbb0693d48bd8bb2d57bc290708335f8,"[""39554564777734449159113369155925961418775154448775340140622706142513548632046"", ""46948529410162574338604849441677535355244685495315049291453823664074463952614""]",39554564777734449159113369155925961418775154448775340140622706142513548632046|46948529410162574338604849441677535355244685495315049291453823664074463952614,46948529410162574338604849441677535355244685495315049291453823664074463952614,No,False,,,,,,,,,,,,21360158.2305
2026-05-25T00:01:01Z,UCL,33506,uefa-champions-league-winner,UEFA Champions League Winner ,2025-07-28T16:48:06.450445Z,566157,will-monaco-win-the-202526-champions-league,Will Monaco win the 2025–26 Champions League?,0x9552060b91cc7502f17dcfd0dd5dbfc01d7eb5be48a853cde4e2b66227e5e030,"[""92365353909273296718211879903004356158727076297140954697193316168974948329972"", ""91710677524925475036413359162474134935219615854940539905937421391373571147534""]",92365353909273296718211879903004356158727076297140954697193316168974948329972|91710677524925475036413359162474134935219615854940539905937421391373571147534,92365353909273296718211879903004356158727076297140954697193316168974948329972,Yes,False,,,,,,,,,,,,9616642.535204
2026-05-25T00:01:01Z,UCL,33506,uefa-champions-league-winner,UEFA Champions League Winner ,2025-07-28T16:48:06.450445Z,566157,will-monaco-win-the-202526-champions-league,Will Monaco win the 2025–26 Champions League?,0x9552060b91cc7502f17dcfd0dd5dbfc01d7eb5be48a853cde4e2b66227e5e030,"[""92365353909273296718211879903004356158727076297140954697193316168974948329972"", ""91710677524925475036413359162474134935219615854940539905937421391373571147534""]",92365353909273296718211879903004356158727076297140954697193316168974948329972|91710677524925475036413359162474134935219615854940539905937421391373571147534,91710677524925475036413359162474134935219615854940539905937421391373571147534,No,False,,,,,,,,,,,,9616642.535204
2026-05-25T00:01:01Z,UCL,33506,uefa-champions-league-winner,UEFA Champions League Winner ,2025-07-28T16:48:06.450445Z,566161,will-celtic-win-the-202526-champions-league,Will Celtic win the 2025–26 Champions League?,0x46b1db240a750bf43b46a6fe15ab771e21cb5951876f54086d23a45df0a53e1c,"[""114276008689329576762086582788629506844338419805813739172521334990216491585549"", ""5882253997080656450173518100121766143655488711244678454951506916447849817860""]",114276008689329576762086582788629506844338419805813739172521334990216491585549|5882253997080656450173518100121766143655488711244678454951506916447849817860,114276008689329576762086582788629506844338419805813739172521334990216491585549,Yes,False,,,,,,,,,,,,70447.384549
2026-05-25T00:01:01Z,UCL,33506,uefa-champions-league-winner,UEFA Champions League Winner ,2025-07-28T16:48:06.450445Z,566161,will-celtic-win-the-202526-champions-league,Will Celtic win the 2025–26 Champions League?,0x46b1db240a750bf43b46a6fe15ab771e21cb5951876f54086d23a45df0a53e1c,"[""114276008689329576762086582788629506844338419805813739172521334990216491585549"", ""5882253997080656450173518100121766143655488711244678454951506916447849817860""]",114276008689329576762086582788629506844338419805813739172521334990216491585549|5882253997080656450173518100121766143655488711244678454951506916447849817860,5882253997080656450173518100121766143655488711244678454951506916447849817860,No,False,,,,,,,,,,,,70447.384549
2026-05-25T00:01:01Z,UCL,33506,uefa-champions-league-winner,UEFA Champions League Winner ,2025-07-28T16:48:06.450445Z,566182,will-team-g-win-the-202526-champions-league,Will Team G win the 2025–26 Champions League?,0xe89e166668d4d7a06b691c1d7b0c7ddc5f2b699028b918cb8a64f3fcba7fc95f,"[""105964687855932662621652279993435306401844112042837204048391437048226192337731"", ""114863252409367170131859619227970200002116578100295637871924176564711201561457""]",105964687855932662621652279993435306401844112042837204048391437048226192337731|114863252409367170131859619227970200002116578100295637871924176564711201561457,105964687855932662621652279993435306401844112042837204048391437048226192337731,Yes,False,,,,,,,,,,,0,0
2026-05-25T00:01:01Z,UCL,33506,uefa-champions-league-winner,UEFA Champions League Winner ,2025-07-28T16:48:06.450445Z,566182,will-team-g-win-the-202526-champions-league,Will Team G win the 2025–26 Champions League?,0xe89e166668d4d7a06b691c1d7b0c7ddc5f2b699028b918cb8a64f3fcba7fc95f,"[""105964687855932662621652279993435306401844112042837204048391437048226192337731"", ""114863252409367170131859619227970200002116578100295637871924176564711201561457""]",105964687855932662621652279993435306401844112042837204048391437048226192337731|114863252409367170131859619227970200002116578100295637871924176564711201561457,114863252409367170131859619227970200002116578100295637871924176564711201561457,No,False,,,,,,,,,,,0,0
2026-05-25T00:01:01Z,UCL,33506,uefa-champions-league-winner,UEFA Champions League Winner ,2025-07-28T16:48:06.450445Z,566163,will-ajax-win-the-202526-champions-league,Will Ajax win the 2025–26 Champions League?,0x5084907f4caed11fff6f029ecd5d66bf24f3afbf970352c0964b547a9079a374,"[""66238210867796580736743244025112266394072009200933232862297072953655148165016"", ""18491832759883472528052920586615186501076720389035092804420992035191801268891""]",66238210867796580736743244025112266394072009200933232862297072953655148165016|18491832759883472528052920586615186501076720389035092804420992035191801268891,66238210867796580736743244025112266394072009200933232862297072953655148165016,Yes,False,,,,,,,,,,,,13373490.72009
2026-05-25T00:01:01Z,UCL,33506,uefa-champions-league-winner,UEFA Champions League Winner ,2025-07-28T16:48:06.450445Z,566163,will-ajax-win-the-202526-champions-league,Will Ajax win the 2025–26 Champions League?,0x5084907f4caed11fff6f029ecd5d66bf24f3afbf970352c0964b547a9079a374,"[""66238210867796580736743244025112266394072009200933232862297072953655148165016"", ""18491832759883472528052920586615186501076720389035092804420992035191801268891""]",66238210867796580736743244025112266394072009200933232862297072953655148165016|18491832759883472528052920586615186501076720389035092804420992035191801268891,18491832759883472528052920586615186501076720389035092804420992035191801268891,No,False,,,,,,,,,,,,13373490.72009
2026-05-25T00:01:01Z,UCL,33506,uefa-champions-league-winner,UEFA Champions League Winner ,2025-07-28T16:48:06.450445Z,566166,will-union-saint-gilloise-win-the-202526-champions-league,Will Union Saint-Gilloise win the 2025–26 Champions League?,0xb7d6b207e1db1e7ea07a7fb37cfd42847f64f0efb0c4dc2af25b0fdd5cee1066,"[""88649172527907989620879114192231078945535857485421163231800246014567503500944"", ""8530723144410488573227621851575969317510697903783455903927607049155629901235""]",88649172527907989620879114192231078945535857485421163231800246014567503500944|8530723144410488573227621851575969317510697903783455903927607049155629901235,88649172527907989620879114192231078945535857485421163231800246014567503500944,Yes,False,,,,,,,,,,,,12756397.600714
2026-05-25T00:01:01Z,UCL,33506,uefa-champions-league-winner,UEFA Champions League Winner ,2025-07-28T16:48:06.450445Z,566166,will-union-saint-gilloise-win-the-202526-champions-league,Will Union Saint-Gilloise win the 2025–26 Champions League?,0xb7d6b207e1db1e7ea07a7fb37cfd42847f64f0efb0c4dc2af25b0fdd5cee1066,"[""88649172527907989620879114192231078945535857485421163231800246014567503500944"", ""8530723144410488573227621851575969317510697903783455903927607049155629901235""]",88649172527907989620879114192231078945535857485421163231800246014567503500944|8530723144410488573227621851575969317510697903783455903927607049155629901235,8530723144410488573227621851575969317510697903783455903927607049155629901235,No,False,,,,,,,,,,,,12756397.600714
2026-05-25T00:01:01Z,UCL,33506,uefa-champions-league-winner,UEFA Champions League Winner ,2025-07-28T16:48:06.450445Z,566168,will-rangers-win-the-202526-champions-league,Will Rangers win the 2025–26 Champions League?,0x51cec7d4fc4de0ec5603d4fb8514cfa78bec6a8d730fc56bca6c14e28b06c1c1,"[""91913476577612035649233126140502940193513852820986709593382572357760454962564"", ""87401242060944888603550501862817218691893437856853540689904190791575000258157""]",91913476577612035649233126140502940193513852820986709593382572357760454962564|87401242060944888603550501862817218691893437856853540689904190791575000258157,91913476577612035649233126140502940193513852820986709593382572357760454962564,Yes,False,,,,,,,,,,,,66427.940987
2026-05-25T00:01:01Z,UCL,33506,uefa-champions-league-winner,UEFA Champions League Winner ,2025-07-28T16:48:06.450445Z,566168,will-rangers-win-the-202526-champions-league,Will Rangers win the 2025–26 Champions League?,0x51cec7d4fc4de0ec5603d4fb8514cfa78bec6a8d730fc56bca6c14e28b06c1c1,"[""91913476577612035649233126140502940193513852820986709593382572357760454962564"", ""87401242060944888603550501862817218691893437856853540689904190791575000258157""]",91913476577612035649233126140502940193513852820986709593382572357760454962564|87401242060944888603550501862817218691893437856853540689904190791575000258157,87401242060944888603550501862817218691893437856853540689904190791575000258157,No,False,,,,,,,,,,,,66427.940987
2026-05-25T00:01:01Z,UCL,33506,uefa-champions-league-winner,UEFA Champions League Winner ,2025-07-28T16:48:06.450445Z,566169,will-fenerbahce-win-the-202526-champions-league,Will Fenerbahce win the 2025–26 Champions League?,0xab1fb73a265efde347f9774ebb4a8b68241b43f47bb03dd0db8937cdd8dc498b,"[""2049351639580049533405868558915851371528391304573174142020395477517859283294"", ""64322019395588777551634820031378976412458799626056873808259108856814491545377""]",2049351639580049533405868558915851371528391304573174142020395477517859283294|64322019395588777551634820031378976412458799626056873808259108856814491545377,2049351639580049533405868558915851371528391304573174142020395477517859283294,Yes,False,,,,,,,,,,,0,90340.440239
2026-05-25T00:01:01Z,UCL,33506,uefa-champions-league-winner,UEFA Champions League Winner ,2025-07-28T16:48:06.450445Z,566169,will-fenerbahce-win-the-202526-champions-league,Will Fenerbahce win the 2025–26 Champions League?,0xab1fb73a265efde347f9774ebb4a8b68241b43f47bb03dd0db8937cdd8dc498b,"[""2049351639580049533405868558915851371528391304573174142020395477517859283294"", ""64322019395588777551634820031378976412458799626056873808259108856814491545377""]",2049351639580049533405868558915851371528391304573174142020395477517859283294|64322019395588777551634820031378976412458799626056873808259108856814491545377,64322019395588777551634820031378976412458799626056873808259108856814491545377,No,False,,,,,,,,,,,0,90340.440239
2026-05-25T00:01:01Z,UCL,33506,uefa-champions-league-winner,UEFA Champions League Winner ,2025-07-28T16:48:06.450445Z,566171,will-basel-win-the-202526-champions-league,Will Basel win the 2025–26 Champions League?,0x83f89ac713d2db49689d04e97ef0b1b1aea95bcb7fda87bf06c79c2cb2f28469,"[""70851618102595700525222065641083332144122412910516986707716379654126945256832"", ""80331004762163944299982267791592175029456054741893621171078968875373643994409""]",70851618102595700525222065641083332144122412910516986707716379654126945256832|80331004762163944299982267791592175029456054741893621171078968875373643994409,70851618102595700525222065641083332144122412910516986707716379654126945256832,Yes,False,,,,,,,,,,,,97156.974572
2026-05-25T00:01:01Z,UCL,33506,uefa-champions-league-winner,UEFA Champions League Winner ,2025-07-28T16:48:06.450445Z,566171,will-basel-win-the-202526-champions-league,Will Basel win the 2025–26 Champions League?,0x83f89ac713d2db49689d04e97ef0b1b1aea95bcb7fda87bf06c79c2cb2f28469,"[""70851618102595700525222065641083332144122412910516986707716379654126945256832"", ""80331004762163944299982267791592175029456054741893621171078968875373643994409""]",70851618102595700525222065641083332144122412910516986707716379654126945256832|80331004762163944299982267791592175029456054741893621171078968875373643994409,80331004762163944299982267791592175029456054741893621171078968875373643994409,No,False,,,,,,,,,,,,97156.974572
2026-05-25T00:01:01Z,UCL,33506,uefa-champions-league-winner,UEFA Champions League Winner ,2025-07-28T16:48:06.450445Z,566172,will-bodo-glimt-win-the-202526-champions-league,Will Bodo Glimt win the 2025–26 Champions League?,0x04b1198c2a888f4d162cc5eea844b2f67a80e684d37d8e75bbcde2fc2d06755b,"[""62582575185741601914570060329560489452594281062505278063937336145989216796217"", ""42256377489275961318725099478818786100179340185057752937112043662235323118766""]",62582575185741601914570060329560489452594281062505278063937336145989216796217|42256377489275961318725099478818786100179340185057752937112043662235323118766,62582575185741601914570060329560489452594281062505278063937336145989216796217,Yes,False,,,,,,,,,,,,
2026-05-25T00:01:01Z,UCL,33506,uefa-champions-league-winner,UEFA Champions League Winner ,2025-07-28T16:48:06.450445Z,566172,will-bodo-glimt-win-the-202526-champions-league,Will Bodo Glimt win the 2025–26 Champions League?,0x04b1198c2a888f4d162cc5eea844b2f67a80e684d37d8e75bbcde2fc2d06755b,"[""62582575185741601914570060329560489452594281062505278063937336145989216796217"", ""42256377489275961318725099478818786100179340185057752937112043662235323118766""]",62582575185741601914570060329560489452594281062505278063937336145989216796217|42256377489275961318725099478818786100179340185057752937112043662235323118766,42256377489275961318725099478818786100179340185057752937112043662235323118766,No,False,,,,,,,,,,,,
2026-05-25T00:01:01Z,UCL,33506,uefa-champions-league-winner,UEFA Champions League Winner ,2025-07-28T16:48:06.450445Z,566173,will-sturm-graz-win-the-202526-champions-league,Will Sturm Graz win the 2025–26 Champions League?,0x08bb8b05a7827175a3c36686bbfaaa64d2481ae14e5d2f0b38533952a26d298a,"[""14836345195696748004952172451932599490684048244001454619724357169841418786954"", ""115267640077908442562893405606966361185963289983634493848909992897555498882474""]",14836345195696748004952172451932599490684048244001454619724357169841418786954|115267640077908442562893405606966361185963289983634493848909992897555498882474,14836345195696748004952172451932599490684048244001454619724357169841418786954,Yes,False,,,,,,,,,,,0,73689.434072
2026-05-25T00:01:01Z,UCL,33506,uefa-champions-league-winner,UEFA Champions League Winner ,2025-07-28T16:48:06.450445Z,566173,will-sturm-graz-win-the-202526-champions-league,Will Sturm Graz win the 2025–26 Champions League?,0x08bb8b05a7827175a3c36686bbfaaa64d2481ae14e5d2f0b38533952a26d298a,"[""14836345195696748004952172451932599490684048244001454619724357169841418786954"", ""115267640077908442562893405606966361185963289983634493848909992897555498882474""]",14836345195696748004952172451932599490684048244001454619724357169841418786954|115267640077908442562893405606966361185963289983634493848909992897555498882474,115267640077908442562893405606966361185963289983634493848909992897555498882474,No,False,,,,,,,,,,,0,73689.434072
2026-05-25T00:01:01Z,UCL,33506,uefa-champions-league-winner,UEFA Champions League Winner ,2025-07-28T16:48:06.450445Z,566175,will-any-other-team-win-the-202526-champions-league,Will Any Other Team win the 2025–26 Champions League?,0x5d8330adf3b2ce4f40e5b85a41ca7c1e542b19aa310ededd2bca2d9763b3ce0f,"[""80531071331263012990191812366009377518805686031192948878201246821619505065609"", ""85842065375267583148367765383791056795641428377825701427529766300888881209118""]",80531071331263012990191812366009377518805686031192948878201246821619505065609|85842065375267583148367765383791056795641428377825701427529766300888881209118,80531071331263012990191812366009377518805686031192948878201246821619505065609,Yes,False,,,,,,,,,,,0,0
2026-05-25T00:01:01Z,UCL,33506,uefa-champions-league-winner,UEFA Champions League Winner ,2025-07-28T16:48:06.450445Z,566175,will-any-other-team-win-the-202526-champions-league,Will Any Other Team win the 2025–26 Champions League?,0x5d8330adf3b2ce4f40e5b85a41ca7c1e542b19aa310ededd2bca2d9763b3ce0f,"[""80531071331263012990191812366009377518805686031192948878201246821619505065609"", ""85842065375267583148367765383791056795641428377825701427529766300888881209118""]",80531071331263012990191812366009377518805686031192948878201246821619505065609|85842065375267583148367765383791056795641428377825701427529766300888881209118,85842065375267583148367765383791056795641428377825701427529766300888881209118,No,False,,,,,,,,,,,0,0
2026-05-25T00:01:01Z,UCL,33506,uefa-champions-league-winner,UEFA Champions League Winner ,2025-07-28T16:48:06.450445Z,566177,will-team-b-win-the-202526-champions-league,Will Team B win the 2025–26 Champions League?,0x5ec36b27457c513705f2856689c72decb67151a63a265aa2ef62037e698605fc,"[""4673079408976118107887674218450891143094456853886765358731460941853479133568"", ""95504573602545051861247740458265427031664026063550204033543451955735625521681""]",4673079408976118107887674218450891143094456853886765358731460941853479133568|95504573602545051861247740458265427031664026063550204033543451955735625521681,4673079408976118107887674218450891143094456853886765358731460941853479133568,Yes,False,,,,,,,,,,,0,0
2026-05-25T00:01:01Z,UCL,33506,uefa-champions-league-winner,UEFA Champions League Winner ,2025-07-28T16:48:06.450445Z,566177,will-team-b-win-the-202526-champions-league,Will Team B win the 2025–26 Champions League?,0x5ec36b27457c513705f2856689c72decb67151a63a265aa2ef62037e698605fc,"[""4673079408976118107887674218450891143094456853886765358731460941853479133568"", ""95504573602545051861247740458265427031664026063550204033543451955735625521681""]",4673079408976118107887674218450891143094456853886765358731460941853479133568|95504573602545051861247740458265427031664026063550204033543451955735625521681,95504573602545051861247740458265427031664026063550204033543451955735625521681,No,False,,,,,,,,,,,0,0
2026-05-25T00:01:01Z,UCL,33506,uefa-champions-league-winner,UEFA Champions League Winner ,2025-07-28T16:48:06.450445Z,566179,will-team-d-win-the-202526-champions-league,Will Team D win the 2025–26 Champions League?,0x0dce52e718704115bc1d3930bd5781c69ada7d16a574ead9f5b2e60d47572b06,"[""39259701626392073955986970165590267176708531331893914961597359731598482942618"", ""13318648989334231316544833089375455656209815961137304809924606191244579788744""]",39259701626392073955986970165590267176708531331893914961597359731598482942618|13318648989334231316544833089375455656209815961137304809924606191244579788744,39259701626392073955986970165590267176708531331893914961597359731598482942618,Yes,False,,,,,,,,,,,0,0
2026-05-25T00:01:01Z,UCL,33506,uefa-champions-league-winner,UEFA Champions League Winner ,2025-07-28T16:48:06.450445Z,566179,will-team-d-win-the-202526-champions-league,Will Team D win the 2025–26 Champions League?,0x0dce52e718704115bc1d3930bd5781c69ada7d16a574ead9f5b2e60d47572b06,"[""39259701626392073955986970165590267176708531331893914961597359731598482942618"", ""13318648989334231316544833089375455656209815961137304809924606191244579788744""]",39259701626392073955986970165590267176708531331893914961597359731598482942618|13318648989334231316544833089375455656209815961137304809924606191244579788744,13318648989334231316544833089375455656209815961137304809924606191244579788744,No,False,,,,,,,,,,,0,0
2026-05-25T00:01:01Z,UCL,33506,uefa-champions-league-winner,UEFA Champions League Winner ,2025-07-28T16:48:06.450445Z,566184,will-team-i-win-the-202526-champions-league,Will Team I win the 2025–26 Champions League?,0xadb8e6c651043e9d3f871e7e793ecdc3f0717b374427341b9ad39c3e72cbb2ab,"[""97391541216142156486360597938689688615958309451491457027903098490837051715295"", ""40349306594996880515480830778134222096689476652728393850937106541424421289620""]",97391541216142156486360597938689688615958309451491457027903098490837051715295|40349306594996880515480830778134222096689476652728393850937106541424421289620,97391541216142156486360597938689688615958309451491457027903098490837051715295,Yes,False,,,,,,,,,,,0,0
2026-05-25T00:01:01Z,UCL,33506,uefa-champions-league-winner,UEFA Champions League Winner ,2025-07-28T16:48:06.450445Z,566184,will-team-i-win-the-202526-champions-league,Will Team I win the 2025–26 Champions League?,0xadb8e6c651043e9d3f871e7e793ecdc3f0717b374427341b9ad39c3e72cbb2ab,"[""97391541216142156486360597938689688615958309451491457027903098490837051715295"", ""40349306594996880515480830778134222096689476652728393850937106541424421289620""]",97391541216142156486360597938689688615958309451491457027903098490837051715295|40349306594996880515480830778134222096689476652728393850937106541424421289620,40349306594996880515480830778134222096689476652728393850937106541424421289620,No,False,,,,,,,,,,,0,0
2026-05-25T00:01:01Z,UCL,33506,uefa-champions-league-winner,UEFA Champions League Winner ,2025-07-28T16:48:06.450445Z,566185,will-team-j-win-the-202526-champions-league,Will Team J win the 2025–26 Champions League?,0x2be80d13b93ad141fbbdc2a6eb38b1aa904eb17f8fd21a436636cf65859b1412,"[""1080728722579132533060466010936987254537802093697459658188459659869439703487"", ""98491776153651052621810720585087413766374760568984767472891511829526970676719""]",1080728722579132533060466010936987254537802093697459658188459659869439703487|98491776153651052621810720585087413766374760568984767472891511829526970676719,1080728722579132533060466010936987254537802093697459658188459659869439703487,Yes,False,,,,,,,,,,,0,0
2026-05-25T00:01:01Z,UCL,33506,uefa-champions-league-winner,UEFA Champions League Winner ,2025-07-28T16:48:06.450445Z,566185,will-team-j-win-the-202526-champions-league,Will Team J win the 2025–26 Champions League?,0x2be80d13b93ad141fbbdc2a6eb38b1aa904eb17f8fd21a436636cf65859b1412,"[""1080728722579132533060466010936987254537802093697459658188459659869439703487"", ""98491776153651052621810720585087413766374760568984767472891511829526970676719""]",1080728722579132533060466010936987254537802093697459658188459659869439703487|98491776153651052621810720585087413766374760568984767472891511829526970676719,98491776153651052621810720585087413766374760568984767472891511829526970676719,No,False,,,,,,,,,,,0,0
2026-05-25T00:01:01Z,UCL,33506,uefa-champions-league-winner,UEFA Champions League Winner ,2025-07-28T16:48:06.450445Z,566143,will-chelsea-win-the-202526-champions-league,Will Chelsea win the 2025–26 Champions League?,0xc2ecc146cbbc8f24186766ef0b2cd56a1757227aee4cc9f951920538769a3490,"[""112897182562089723977963146512517116367868000365616072747678090319147961969687"", ""12655741801215963455918354112862966501046753413817436839424508949889159340688""]",112897182562089723977963146512517116367868000365616072747678090319147961969687|12655741801215963455918354112862966501046753413817436839424508949889159340688,112897182562089723977963146512517116367868000365616072747678090319147961969687,Yes,False,,,,,,,,,,,,
2026-05-25T00:01:01Z,UCL,33506,uefa-champions-league-winner,UEFA Champions League Winner ,2025-07-28T16:48:06.450445Z,566143,will-chelsea-win-the-202526-champions-league,Will Chelsea win the 2025–26 Champions League?,0xc2ecc146cbbc8f24186766ef0b2cd56a1757227aee4cc9f951920538769a3490,"[""112897182562089723977963146512517116367868000365616072747678090319147961969687"", ""12655741801215963455918354112862966501046753413817436839424508949889159340688""]",112897182562089723977963146512517116367868000365616072747678090319147961969687|12655741801215963455918354112862966501046753413817436839424508949889159340688,12655741801215963455918354112862966501046753413817436839424508949889159340688,No,False,,,,,,,,,,,,
2026-05-25T00:01:01Z,UCL,33506,uefa-champions-league-winner,UEFA Champions League Winner ,2025-07-28T16:48:06.450445Z,566164,will-feyenoord-win-the-202526-champions-league,Will Feyenoord win the 2025–26 Champions League?,0xec33c0fe1f37b1d4c2a50bae91425587301bc434fab732981f6d05e2953412d6,"[""110079693613022393791174802599922526596582227687650152169965521618183831918719"", ""8182582899391383556747549556042201703027436173603531545831728435339530405784""]",110079693613022393791174802599922526596582227687650152169965521618183831918719|8182582899391383556747549556042201703027436173603531545831728435339530405784,110079693613022393791174802599922526596582227687650152169965521618183831918719,Yes,False,,,,,,,,,,,,331062.991655
2026-05-25T00:01:01Z,UCL,33506,uefa-champions-league-winner,UEFA Champions League Winner ,2025-07-28T16:48:06.450445Z,566164,will-feyenoord-win-the-202526-champions-league,Will Feyenoord win the 2025–26 Champions League?,0xec33c0fe1f37b1d4c2a50bae91425587301bc434fab732981f6d05e2953412d6,"[""110079693613022393791174802599922526596582227687650152169965521618183831918719"", ""8182582899391383556747549556042201703027436173603531545831728435339530405784""]",110079693613022393791174802599922526596582227687650152169965521618183831918719|8182582899391383556747549556042201703027436173603531545831728435339530405784,8182582899391383556747549556042201703027436173603531545831728435339530405784,No,False,,,,,,,,,,,,331062.991655
2026-05-25T00:01:01Z,UCL,33506,uefa-champions-league-winner,UEFA Champions League Winner ,2025-07-28T16:48:06.450445Z,566176,will-team-a-win-the-202526-champions-league,Will Team A win the 2025–26 Champions League?,0xd3f9bf49e97b91af4fc0bc6fd980279c288cfc2d716d28f5580e64d7028b7081,"[""61720697790247513338404451002118879060240321256315013215613090730271278108862"", ""26524658565474901404596942658856572991878475163265648723421329317946761495732""]",61720697790247513338404451002118879060240321256315013215613090730271278108862|26524658565474901404596942658856572991878475163265648723421329317946761495732,61720697790247513338404451002118879060240321256315013215613090730271278108862,Yes,False,,,,,,,,,,,0,0
2026-05-25T00:01:01Z,UCL,33506,uefa-champions-league-winner,UEFA Champions League Winner ,2025-07-28T16:48:06.450445Z,566176,will-team-a-win-the-202526-champions-league,Will Team A win the 2025–26 Champions League?,0xd3f9bf49e97b91af4fc0bc6fd980279c288cfc2d716d28f5580e64d7028b7081,"[""61720697790247513338404451002118879060240321256315013215613090730271278108862"", ""26524658565474901404596942658856572991878475163265648723421329317946761495732""]",61720697790247513338404451002118879060240321256315013215613090730271278108862|26524658565474901404596942658856572991878475163265648723421329317946761495732,26524658565474901404596942658856572991878475163265648723421329317946761495732,No,False,,,,,,,,,,,0,0
2026-05-25T00:01:01Z,UCL,33506,uefa-champions-league-winner,UEFA Champions League Winner ,2025-07-28T16:48:06.450445Z,566154,will-marseille-win-the-202526-champions-league,Will Marseille win the 2025–26 Champions League?,0x94867c89a77b18380ce1bf85006f3ccf2ef5252e0dc6319677aaf615bd857bf4,"[""37945569058232371209090766565695503688523854587394394089524145486898615500384"", ""19536177378914889035549826755916171491729721728068639865790542131911351592088""]",37945569058232371209090766565695503688523854587394394089524145486898615500384|19536177378914889035549826755916171491729721728068639865790542131911351592088,37945569058232371209090766565695503688523854587394394089524145486898615500384,Yes,False,,,,,,,,,,,,5842226.092289
2026-05-25T00:01:01Z,UCL,33506,uefa-champions-league-winner,UEFA Champions League Winner ,2025-07-28T16:48:06.450445Z,566154,will-marseille-win-the-202526-champions-league,Will Marseille win the 2025–26 Champions League?,0x94867c89a77b18380ce1bf85006f3ccf2ef5252e0dc6319677aaf615bd857bf4,"[""37945569058232371209090766565695503688523854587394394089524145486898615500384"", ""19536177378914889035549826755916171491729721728068639865790542131911351592088""]",37945569058232371209090766565695503688523854587394394089524145486898615500384|19536177378914889035549826755916171491729721728068639865790542131911351592088,19536177378914889035549826755916171491729721728068639865790542131911351592088,No,False,,,,,,,,,,,,5842226.092289
2026-05-25T00:01:01Z,UCL,33506,uefa-champions-league-winner,UEFA Champions League Winner ,2025-07-28T16:48:06.450445Z,566145,will-inter-win-the-202526-champions-league,Will Inter win the 2025–26 Champions League?,0xe4f25e05d842810ff5944ba1e2953c6ced1e869cac3b44d15b32fd404ddb4bf4,"[""107589889099988041445300607606991516566670120875767300754708868073036165511332"", ""88600268059883443385048654191981648497829094336579730410215438763388869951622""]",107589889099988041445300607606991516566670120875767300754708868073036165511332|88600268059883443385048654191981648497829094336579730410215438763388869951622,107589889099988041445300607606991516566670120875767300754708868073036165511332,Yes,False,,,,,,,,,,,,7286054.286861
2026-05-25T00:01:01Z,UCL,33506,uefa-champions-league-winner,UEFA Champions League Winner ,2025-07-28T16:48:06.450445Z,566145,will-inter-win-the-202526-champions-league,Will Inter win the 2025–26 Champions League?,0xe4f25e05d842810ff5944ba1e2953c6ced1e869cac3b44d15b32fd404ddb4bf4,"[""107589889099988041445300607606991516566670120875767300754708868073036165511332"", ""88600268059883443385048654191981648497829094336579730410215438763388869951622""]",107589889099988041445300607606991516566670120875767300754708868073036165511332|88600268059883443385048654191981648497829094336579730410215438763388869951622,88600268059883443385048654191981648497829094336579730410215438763388869951622,No,False,,,,,,,,,,,,7286054.286861
2026-05-25T00:01:01Z,UCL,33506,uefa-champions-league-winner,UEFA Champions League Winner ,2025-07-28T16:48:06.450445Z,566178,will-team-c-win-the-202526-champions-league,Will Team C win the 2025–26 Champions League?,0x577f40fdf34d9b617f7744858c7f039f7c66da62f0cc86d6f544c180e43828e1,"[""73294043218996272046236810861987530097946991768296680592310822244313024933374"", ""65391302643173656820540885219933155311051415821262016870231410705497731566514""]",73294043218996272046236810861987530097946991768296680592310822244313024933374|65391302643173656820540885219933155311051415821262016870231410705497731566514,73294043218996272046236810861987530097946991768296680592310822244313024933374,Yes,False,,,,,,,,,,,0,0
2026-05-25T00:01:01Z,UCL,33506,uefa-champions-league-winner,UEFA Champions League Winner ,2025-07-28T16:48:06.450445Z,566178,will-team-c-win-the-202526-champions-league,Will Team C win the 2025–26 Champions League?,0x577f40fdf34d9b617f7744858c7f039f7c66da62f0cc86d6f544c180e43828e1,"[""73294043218996272046236810861987530097946991768296680592310822244313024933374"", ""65391302643173656820540885219933155311051415821262016870231410705497731566514""]",73294043218996272046236810861987530097946991768296680592310822244313024933374|65391302643173656820540885219933155311051415821262016870231410705497731566514,65391302643173656820540885219933155311051415821262016870231410705497731566514,No,False,,,,,,,,,,,0,0
2026-05-25T00:01:01Z,UCL,33506,uefa-champions-league-winner,UEFA Champions League Winner ,2025-07-28T16:48:06.450445Z,566148,will-juventus-win-the-202526-champions-league,Will Juventus win the 2025–26 Champions League?,0xdd926c00d4bfddfc9051c380151f77509d3eef2e7bef20f8d3aec9cbd50e7586,"[""28349060551413759330452246043341991702791557659100363740323132646947810293543"", ""1879146758336316812853714924296913426652714952732015629000599127768330208957""]",28349060551413759330452246043341991702791557659100363740323132646947810293543|1879146758336316812853714924296913426652714952732015629000599127768330208957,28349060551413759330452246043341991702791557659100363740323132646947810293543,Yes,False,,,,,,,,,,,,5357464.792264
2026-05-25T00:01:01Z,UCL,33506,uefa-champions-league-winner,UEFA Champions League Winner ,2025-07-28T16:48:06.450445Z,566148,will-juventus-win-the-202526-champions-league,Will Juventus win the 2025–26 Champions League?,0xdd926c00d4bfddfc9051c380151f77509d3eef2e7bef20f8d3aec9cbd50e7586,"[""28349060551413759330452246043341991702791557659100363740323132646947810293543"", ""1879146758336316812853714924296913426652714952732015629000599127768330208957""]",28349060551413759330452246043341991702791557659100363740323132646947810293543|1879146758336316812853714924296913426652714952732015629000599127768330208957,1879146758336316812853714924296913426652714952732015629000599127768330208957,No,False,,,,,,,,,,,,5357464.792264
2026-05-25T00:01:01Z,UCL,33506,uefa-champions-league-winner,UEFA Champions League Winner ,2025-07-28T16:48:06.450445Z,566136,will-psg-win-the-202526-champions-league,Will PSG win the 2025–26 Champions League?,0x6e9f90a6f471b52d03499a81586ca478519474eb152f1327c8c767f020d62529,"[""104259436423064082971150541232006260758664018969024622611484550356541952860834"", ""17522237181479319953129418683394157683167669858670412329571078616243234898741""]",104259436423064082971150541232006260758664018969024622611484550356541952860834|17522237181479319953129418683394157683167669858670412329571078616243234898741,104259436423064082971150541232006260758664018969024622611484550356541952860834,Yes,True,0.57,521595.83,0.58,874740.11,0.575,0.010000000000000009,14b073669605993329f4a5205771ad1787dd38c3,0.01,5,0.430,832213.8161,9879714.474173844
2026-05-25T00:01:01Z,UCL,33506,uefa-champions-league-winner,UEFA Champions League Winner ,2025-07-28T16:48:06.450445Z,566136,will-psg-win-the-202526-champions-league,Will PSG win the 2025–26 Champions League?,0x6e9f90a6f471b52d03499a81586ca478519474eb152f1327c8c767f020d62529,"[""104259436423064082971150541232006260758664018969024622611484550356541952860834"", ""17522237181479319953129418683394157683167669858670412329571078616243234898741""]",104259436423064082971150541232006260758664018969024622611484550356541952860834|17522237181479319953129418683394157683167669858670412329571078616243234898741,17522237181479319953129418683394157683167669858670412329571078616243234898741,No,True,0.42,874740.11,0.43,521595.83,0.425,0.010000000000000009,e86954a08b2927eb4d96ac0d3dcb3917930b4308,0.01,5,0.430,832213.8161,9879714.474173844
2026-05-25T00:01:01Z,UCL,33506,uefa-champions-league-winner,UEFA Champions League Winner ,2025-07-28T16:48:06.450445Z,566158,will-benfica-win-the-202526-champions-league,Will Benfica win the 2025–26 Champions League?,0x135e00bfdb16be6111f194cb8365ac5645707c3a43ce3ff298ab4dbf67fcdd09,"[""7586304249265791430570845852083081174415852091440035325232275534452369156457"", ""30481107705228164981180756150572089785688985325793326240520837196628361716295""]",7586304249265791430570845852083081174415852091440035325232275534452369156457|30481107705228164981180756150572089785688985325793326240520837196628361716295,7586304249265791430570845852083081174415852091440035325232275534452369156457,Yes,False,,,,,,,,,,,,12346832.550767
2026-05-25T00:01:01Z,UCL,33506,uefa-champions-league-winner,UEFA Champions League Winner ,2025-07-28T16:48:06.450445Z,566158,will-benfica-win-the-202526-champions-league,Will Benfica win the 2025–26 Champions League?,0x135e00bfdb16be6111f194cb8365ac5645707c3a43ce3ff298ab4dbf67fcdd09,"[""7586304249265791430570845852083081174415852091440035325232275534452369156457"", ""30481107705228164981180756150572089785688985325793326240520837196628361716295""]",7586304249265791430570845852083081174415852091440035325232275534452369156457|30481107705228164981180756150572089785688985325793326240520837196628361716295,30481107705228164981180756150572089785688985325793326240520837196628361716295,No,False,,,,,,,,,,,,12346832.550767
2026-05-25T00:01:01Z,UCL,33506,uefa-champions-league-winner,UEFA Champions League Winner ,2025-07-28T16:48:06.450445Z,566137,will-liverpool-win-the-202526-champions-league,Will Liverpool win the 2025–26 Champions League?,0x4c7db7768547a220d3e26359952d8b2eb9094f5ad02fcc32e70d9361d8491ab5,"[""17069888692871400864567896928400192391528942152400890798437501657293079075323"", ""61363321151738894082270158001558726485654573525177047497641264416022287833194""]",17069888692871400864567896928400192391528942152400890798437501657293079075323|61363321151738894082270158001558726485654573525177047497641264416022287833194,17069888692871400864567896928400192391528942152400890798437501657293079075323,Yes,False,,,,,,,,,,,,5535579.626694023
2026-05-25T00:01:01Z,UCL,33506,uefa-champions-league-winner,UEFA Champions League Winner ,2025-07-28T16:48:06.450445Z,566137,will-liverpool-win-the-202526-champions-league,Will Liverpool win the 2025–26 Champions League?,0x4c7db7768547a220d3e26359952d8b2eb9094f5ad02fcc32e70d9361d8491ab5,"[""17069888692871400864567896928400192391528942152400890798437501657293079075323"", ""61363321151738894082270158001558726485654573525177047497641264416022287833194""]",17069888692871400864567896928400192391528942152400890798437501657293079075323|61363321151738894082270158001558726485654573525177047497641264416022287833194,61363321151738894082270158001558726485654573525177047497641264416022287833194,No,False,,,,,,,,,,,,5535579.626694023
2026-05-25T00:01:01Z,UCL,33506,uefa-champions-league-winner,UEFA Champions League Winner ,2025-07-28T16:48:06.450445Z,566159,will-sporting-win-the-202526-champions-league,Will Sporting win the 2025–26 Champions League?,0x2787c94094285ca0569345219ce0a502d96326767f338a1dec21fb5a296f99ff,"[""95717746392239739926375768716856250054023078540629301064251098770911523489151"", ""47773219925008158425193773022223301400784502627205561460452578517640901381205""]",95717746392239739926375768716856250054023078540629301064251098770911523489151|47773219925008158425193773022223301400784502627205561460452578517640901381205,95717746392239739926375768716856250054023078540629301064251098770911523489151,Yes,False,,,,,,,,,,,,14482170.27963803
2026-05-25T00:01:01Z,UCL,33506,uefa-champions-league-winner,UEFA Champions League Winner ,2025-07-28T16:48:06.450445Z,566159,will-sporting-win-the-202526-champions-league,Will Sporting win the 2025–26 Champions League?,0x2787c94094285ca0569345219ce0a502d96326767f338a1dec21fb5a296f99ff,"[""95717746392239739926375768716856250054023078540629301064251098770911523489151"", ""47773219925008158425193773022223301400784502627205561460452578517640901381205""]",95717746392239739926375768716856250054023078540629301064251098770911523489151|47773219925008158425193773022223301400784502627205561460452578517640901381205,47773219925008158425193773022223301400784502627205561460452578517640901381205,No,False,,,,,,,,,,,,14482170.27963803
2026-05-25T00:01:01Z,UCL,33506,uefa-champions-league-winner,UEFA Champions League Winner ,2025-07-28T16:48:06.450445Z,566170,will-club-brugge-win-the-202526-champions-league,Will Club Brugge win the 2025–26 Champions League?,0xe06c8e9546be61e4ba8b03ad431dfff590fc6b21a5b746e71f62ae85f1dcad6a,"[""43478780997313571844864646081201368302664941062507392308569466005072068318763"", ""94081687856468490693069751274149097929259745780981836537939462200792023206961""]",43478780997313571844864646081201368302664941062507392308569466005072068318763|94081687856468490693069751274149097929259745780981836537939462200792023206961,43478780997313571844864646081201368302664941062507392308569466005072068318763,Yes,False,,,,,,,,,,,,19413483.377014894
2026-05-25T00:01:01Z,UCL,33506,uefa-champions-league-winner,UEFA Champions League Winner ,2025-07-28T16:48:06.450445Z,566170,will-club-brugge-win-the-202526-champions-league,Will Club Brugge win the 2025–26 Champions League?,0xe06c8e9546be61e4ba8b03ad431dfff590fc6b21a5b746e71f62ae85f1dcad6a,"[""43478780997313571844864646081201368302664941062507392308569466005072068318763"", ""94081687856468490693069751274149097929259745780981836537939462200792023206961""]",43478780997313571844864646081201368302664941062507392308569466005072068318763|94081687856468490693069751274149097929259745780981836537939462200792023206961,94081687856468490693069751274149097929259745780981836537939462200792023206961,No,False,,,,,,,,,,,,19413483.377014894
2026-05-25T00:01:01Z,UCL,33506,uefa-champions-league-winner,UEFA Champions League Winner ,2025-07-28T16:48:06.450445Z,566180,will-team-e-win-the-202526-champions-league,Will Team E win the 2025–26 Champions League?,0x3ad4a38542befe312a61a1de4b4b8fb9a9b916a766d83ac875f1f1b6cbd4a8f2,"[""76376922632996162398535513499797774466335077137969223577204909473740263623780"", ""112766370393573794246767910150777880876624457197931300562247731114564217750483""]",76376922632996162398535513499797774466335077137969223577204909473740263623780|112766370393573794246767910150777880876624457197931300562247731114564217750483,76376922632996162398535513499797774466335077137969223577204909473740263623780,Yes,False,,,,,,,,,,,0,0
2026-05-25T00:01:01Z,UCL,33506,uefa-champions-league-winner,UEFA Champions League Winner ,2025-07-28T16:48:06.450445Z,566180,will-team-e-win-the-202526-champions-league,Will Team E win the 2025–26 Champions League?,0x3ad4a38542befe312a61a1de4b4b8fb9a9b916a766d83ac875f1f1b6cbd4a8f2,"[""76376922632996162398535513499797774466335077137969223577204909473740263623780"", ""112766370393573794246767910150777880876624457197931300562247731114564217750483""]",76376922632996162398535513499797774466335077137969223577204909473740263623780|112766370393573794246767910150777880876624457197931300562247731114564217750483,112766370393573794246767910150777880876624457197931300562247731114564217750483,No,False,,,,,,,,,,,0,0
2026-05-25T00:01:01Z,UCL,33506,uefa-champions-league-winner,UEFA Champions League Winner ,2025-07-28T16:48:06.450445Z,566138,will-barcelona-win-the-202526-champions-league,Will Barcelona win the 2025–26 Champions League?,0x43268d56a20113679be36c84dd22550174c6d6bc9d0f4376e882ce61dac3c635,"[""108840247999849444527064093950170000612101147303680893346663504227770756115957"", ""44316820324326475573649547254648033139339541714376543824778689356013656495018""]",108840247999849444527064093950170000612101147303680893346663504227770756115957|44316820324326475573649547254648033139339541714376543824778689356013656495018,108840247999849444527064093950170000612101147303680893346663504227770756115957,Yes,False,,,,,,,,,,,,4481226.426851965
2026-05-25T00:01:01Z,UCL,33506,uefa-champions-league-winner,UEFA Champions League Winner ,2025-07-28T16:48:06.450445Z,566138,will-barcelona-win-the-202526-champions-league,Will Barcelona win the 2025–26 Champions League?,0x43268d56a20113679be36c84dd22550174c6d6bc9d0f4376e882ce61dac3c635,"[""108840247999849444527064093950170000612101147303680893346663504227770756115957"", ""44316820324326475573649547254648033139339541714376543824778689356013656495018""]",108840247999849444527064093950170000612101147303680893346663504227770756115957|44316820324326475573649547254648033139339541714376543824778689356013656495018,44316820324326475573649547254648033139339541714376543824778689356013656495018,No,False,,,,,,,,,,,,4481226.426851965
2026-05-25T00:01:01Z,UCL,33506,uefa-champions-league-winner,UEFA Champions League Winner ,2025-07-28T16:48:06.450445Z,566160,will-psv-win-the-202526-champions-league,Will PSV win the 2025–26 Champions League?,0x40c8ee9e0d66c80695e98b00c1930db96e39554f0eb0801e5cc271ad3f60025a,"[""69538470061945028314828084137994294388993305619992260050581178151069600584374"", ""10315324953630752180814582058662062016159965722850205674902778203288118511497""]",69538470061945028314828084137994294388993305619992260050581178151069600584374|10315324953630752180814582058662062016159965722850205674902778203288118511497,69538470061945028314828084137994294388993305619992260050581178151069600584374,Yes,False,,,,,,,,,,,,6440901.470863
2026-05-25T00:01:01Z,UCL,33506,uefa-champions-league-winner,UEFA Champions League Winner ,2025-07-28T16:48:06.450445Z,566160,will-psv-win-the-202526-champions-league,Will PSV win the 2025–26 Champions League?,0x40c8ee9e0d66c80695e98b00c1930db96e39554f0eb0801e5cc271ad3f60025a,"[""69538470061945028314828084137994294388993305619992260050581178151069600584374"", ""10315324953630752180814582058662062016159965722850205674902778203288118511497""]",69538470061945028314828084137994294388993305619992260050581178151069600584374|10315324953630752180814582058662062016159965722850205674902778203288118511497,10315324953630752180814582058662062016159965722850205674902778203288118511497,No,False,,,,,,,,,,,,6440901.470863
2026-05-25T00:01:01Z,UCL,33506,uefa-champions-league-winner,UEFA Champions League Winner ,2025-07-28T16:48:06.450445Z,566181,will-team-f-win-the-202526-champions-league,Will Team F win the 2025–26 Champions League?,0x85e8377391d9d9b040e4d034dc2c51d0dc11c2e853da08aa7aad12580acbfe1b,"[""70359537978799436238156445503040068473755807876918691685277283099263934427542"", ""94649487326963732399566598845679950222838898320559517576342499368796862078920""]",70359537978799436238156445503040068473755807876918691685277283099263934427542|94649487326963732399566598845679950222838898320559517576342499368796862078920,70359537978799436238156445503040068473755807876918691685277283099263934427542,Yes,False,,,,,,,,,,,0,0
2026-05-25T00:01:01Z,UCL,33506,uefa-champions-league-winner,UEFA Champions League Winner ,2025-07-28T16:48:06.450445Z,566181,will-team-f-win-the-202526-champions-league,Will Team F win the 2025–26 Champions League?,0x85e8377391d9d9b040e4d034dc2c51d0dc11c2e853da08aa7aad12580acbfe1b,"[""70359537978799436238156445503040068473755807876918691685277283099263934427542"", ""94649487326963732399566598845679950222838898320559517576342499368796862078920""]",70359537978799436238156445503040068473755807876918691685277283099263934427542|94649487326963732399566598845679950222838898320559517576342499368796862078920,94649487326963732399566598845679950222838898320559517576342499368796862078920,No,False,,,,,,,,,,,0,0
2026-05-25T00:01:01Z,UCL,33506,uefa-champions-league-winner,UEFA Champions League Winner ,2025-07-28T16:48:06.450445Z,569169,will-team-k-win-the-2025-26-champions-league,Will Team K win the 2025-26 Champions League?,0xd7535d9e593c9aa35653b28e56b06ca36be46ffb3f92ad8f58dde843f8503f45,"[""63667858591109825182946563169860566051126536025376490094299580171183072876203"", ""92214561779754605574742381662068199496451767360838015270991731999931125066158""]",63667858591109825182946563169860566051126536025376490094299580171183072876203|92214561779754605574742381662068199496451767360838015270991731999931125066158,63667858591109825182946563169860566051126536025376490094299580171183072876203,Yes,False,,,,,,,,,,,0,0
2026-05-25T00:01:01Z,UCL,33506,uefa-champions-league-winner,UEFA Champions League Winner ,2025-07-28T16:48:06.450445Z,569169,will-team-k-win-the-2025-26-champions-league,Will Team K win the 2025-26 Champions League?,0xd7535d9e593c9aa35653b28e56b06ca36be46ffb3f92ad8f58dde843f8503f45,"[""63667858591109825182946563169860566051126536025376490094299580171183072876203"", ""92214561779754605574742381662068199496451767360838015270991731999931125066158""]",63667858591109825182946563169860566051126536025376490094299580171183072876203|92214561779754605574742381662068199496451767360838015270991731999931125066158,92214561779754605574742381662068199496451767360838015270991731999931125066158,No,False,,,,,,,,,,,0,0
2026-05-25T00:01:01Z,UCL,33506,uefa-champions-league-winner,UEFA Champions League Winner ,2025-07-28T16:48:06.450445Z,569170,will-team-l-win-the-2025-26-champions-league,Will Team L win the 2025-26 Champions League?,0x2569c92eeb64ad0fca351c1ff3b564cd7082357f15d043a9636c546c4f230f09,"[""1974328280683707032131404657693023991654498166338879843534823093799114269114"", ""80026929542296070832531723246141935926063089290565768107997020473040810917000""]",1974328280683707032131404657693023991654498166338879843534823093799114269114|80026929542296070832531723246141935926063089290565768107997020473040810917000,1974328280683707032131404657693023991654498166338879843534823093799114269114,Yes,False,,,,,,,,,,,0,0
2026-05-25T00:01:01Z,UCL,33506,uefa-champions-league-winner,UEFA Champions League Winner ,2025-07-28T16:48:06.450445Z,569170,will-team-l-win-the-2025-26-champions-league,Will Team L win the 2025-26 Champions League?,0x2569c92eeb64ad0fca351c1ff3b564cd7082357f15d043a9636c546c4f230f09,"[""1974328280683707032131404657693023991654498166338879843534823093799114269114"", ""80026929542296070832531723246141935926063089290565768107997020473040810917000""]",1974328280683707032131404657693023991654498166338879843534823093799114269114|80026929542296070832531723246141935926063089290565768107997020473040810917000,80026929542296070832531723246141935926063089290565768107997020473040810917000,No,False,,,,,,,,,,,0,0
2026-05-25T00:01:01Z,UCL,33506,uefa-champions-league-winner,UEFA Champions League Winner ,2025-07-28T16:48:06.450445Z,569171,will-team-m-win-the-2025-26-champions-league,Will Team M win the 2025-26 Champions League?,0x773381e9c5dfb5be33a282561a96853ff3ede2a70f81fec049dfa9ce7ffd6eb9,"[""48573619899500048907630317541211770292382135120181245516641564997576790106613"", ""73962813906079869477564400318615083885551091649468181998293090726973493559376""]",48573619899500048907630317541211770292382135120181245516641564997576790106613|73962813906079869477564400318615083885551091649468181998293090726973493559376,48573619899500048907630317541211770292382135120181245516641564997576790106613,Yes,False,,,,,,,,,,,0,0
2026-05-25T00:01:01Z,UCL,33506,uefa-champions-league-winner,UEFA Champions League Winner ,2025-07-28T16:48:06.450445Z,569171,will-team-m-win-the-2025-26-champions-league,Will Team M win the 2025-26 Champions League?,0x773381e9c5dfb5be33a282561a96853ff3ede2a70f81fec049dfa9ce7ffd6eb9,"[""48573619899500048907630317541211770292382135120181245516641564997576790106613"", ""73962813906079869477564400318615083885551091649468181998293090726973493559376""]",48573619899500048907630317541211770292382135120181245516641564997576790106613|73962813906079869477564400318615083885551091649468181998293090726973493559376,73962813906079869477564400318615083885551091649468181998293090726973493559376,No,False,,,,,,,,,,,0,0
2026-05-25T00:01:01Z,UCL,33506,uefa-champions-league-winner,UEFA Champions League Winner ,2025-07-28T16:48:06.450445Z,569172,will-team-n-win-the-2025-26-champions-league,Will Team N win the 2025-26 Champions League?,0x56ddebd7526ad03b0ddc2b20418ca2247522df5cac1a689545caa63b976597a4,"[""81053729024302960970566536826863808348277268622543962449422037108705592672633"", ""69653118360505353647484827967716668530234211556184359602965230417014936847438""]",81053729024302960970566536826863808348277268622543962449422037108705592672633|69653118360505353647484827967716668530234211556184359602965230417014936847438,81053729024302960970566536826863808348277268622543962449422037108705592672633,Yes,False,,,,,,,,,,,0,0
2026-05-25T00:01:01Z,UCL,33506,uefa-champions-league-winner,UEFA Champions League Winner ,2025-07-28T16:48:06.450445Z,569172,will-team-n-win-the-2025-26-champions-league,Will Team N win the 2025-26 Champions League?,0x56ddebd7526ad03b0ddc2b20418ca2247522df5cac1a689545caa63b976597a4,"[""81053729024302960970566536826863808348277268622543962449422037108705592672633"", ""69653118360505353647484827967716668530234211556184359602965230417014936847438""]",81053729024302960970566536826863808348277268622543962449422037108705592672633|69653118360505353647484827967716668530234211556184359602965230417014936847438,69653118360505353647484827967716668530234211556184359602965230417014936847438,No,False,,,,,,,,,,,0,0
2026-05-25T00:01:01Z,UCL,33506,uefa-champions-league-winner,UEFA Champions League Winner ,2025-07-28T16:48:06.450445Z,569173,will-team-o-win-the-2025-26-champions-league,Will Team O win the 2025-26 Champions League?,0xdeacc7d6ec15fae41c77fe644456321a150dd5ec2005220dd0106726187830f7,"[""47040752474298913584409458837559103990390650004740134970930657469756707672711"", ""27502924990397424804461039120618061510822161553870285492773194643413666378753""]",47040752474298913584409458837559103990390650004740134970930657469756707672711|27502924990397424804461039120618061510822161553870285492773194643413666378753,47040752474298913584409458837559103990390650004740134970930657469756707672711,Yes,False,,,,,,,,,,,0,0
2026-05-25T00:01:01Z,UCL,33506,uefa-champions-league-winner,UEFA Champions League Winner ,2025-07-28T16:48:06.450445Z,569173,will-team-o-win-the-2025-26-champions-league,Will Team O win the 2025-26 Champions League?,0xdeacc7d6ec15fae41c77fe644456321a150dd5ec2005220dd0106726187830f7,"[""47040752474298913584409458837559103990390650004740134970930657469756707672711"", ""27502924990397424804461039120618061510822161553870285492773194643413666378753""]",47040752474298913584409458837559103990390650004740134970930657469756707672711|27502924990397424804461039120618061510822161553870285492773194643413666378753,27502924990397424804461039120618061510822161553870285492773194643413666378753,No,False,,,,,,,,,,,0,0
2026-05-25T00:01:01Z,UCL,33506,uefa-champions-league-winner,UEFA Champions League Winner ,2025-07-28T16:48:06.450445Z,569174,will-team-p-win-the-2025-26-champions-league,Will Team P win the 2025-26 Champions League?,0xecec47d6716462a9a89dc958b5cadc5764c8a1d66b33cf03d7d18fec4d8a8dd4,"[""72685965437678063254799992744833574810780707076086226291764261920890861689509"", ""52032055214441069842900125011828843931090366480595812323646740608708112608754""]",72685965437678063254799992744833574810780707076086226291764261920890861689509|52032055214441069842900125011828843931090366480595812323646740608708112608754,72685965437678063254799992744833574810780707076086226291764261920890861689509,Yes,False,,,,,,,,,,,0,0
2026-05-25T00:01:01Z,UCL,33506,uefa-champions-league-winner,UEFA Champions League Winner ,2025-07-28T16:48:06.450445Z,569174,will-team-p-win-the-2025-26-champions-league,Will Team P win the 2025-26 Champions League?,0xecec47d6716462a9a89dc958b5cadc5764c8a1d66b33cf03d7d18fec4d8a8dd4,"[""72685965437678063254799992744833574810780707076086226291764261920890861689509"", ""52032055214441069842900125011828843931090366480595812323646740608708112608754""]",72685965437678063254799992744833574810780707076086226291764261920890861689509|52032055214441069842900125011828843931090366480595812323646740608708112608754,52032055214441069842900125011828843931090366480595812323646740608708112608754,No,False,,,,,,,,,,,0,0
2026-05-25T00:01:01Z,UCL,33506,uefa-champions-league-winner,UEFA Champions League Winner ,2025-07-28T16:48:06.450445Z,569175,will-team-q-win-the-2025-26-champions-league,Will Team Q win the 2025-26 Champions League?,0xf1e209ab3834dcb8b8493a5c2654e2f558a5f9365875766fe56c95fc5a602048,"[""28920058982733223858166410050607376284080380083462758174448631195979799430365"", ""95191670354531631514460503664192605099738885562913648531318461146207251980956""]",28920058982733223858166410050607376284080380083462758174448631195979799430365|95191670354531631514460503664192605099738885562913648531318461146207251980956,28920058982733223858166410050607376284080380083462758174448631195979799430365,Yes,False,,,,,,,,,,,0,0
2026-05-25T00:01:01Z,UCL,33506,uefa-champions-league-winner,UEFA Champions League Winner ,2025-07-28T16:48:06.450445Z,569175,will-team-q-win-the-2025-26-champions-league,Will Team Q win the 2025-26 Champions League?,0xf1e209ab3834dcb8b8493a5c2654e2f558a5f9365875766fe56c95fc5a602048,"[""28920058982733223858166410050607376284080380083462758174448631195979799430365"", ""95191670354531631514460503664192605099738885562913648531318461146207251980956""]",28920058982733223858166410050607376284080380083462758174448631195979799430365|95191670354531631514460503664192605099738885562913648531318461146207251980956,95191670354531631514460503664192605099738885562913648531318461146207251980956,No,False,,,,,,,,,,,0,0
2026-05-25T00:01:01Z,UCL,33506,uefa-champions-league-winner,UEFA Champions League Winner ,2025-07-28T16:48:06.450445Z,569176,will-team-r-win-the-2025-26-champions-league,Will Team R win the 2025-26 Champions League?,0xad6bc4f8482316d5c19023aada4b944bdc11394ff46a3356887fa65c307531d4,"[""25637749857455785006939123543755871643009058331770192854266391968056443145411"", ""3669676407776672108761390381757152714997687652224276257855026129377270035120""]",25637749857455785006939123543755871643009058331770192854266391968056443145411|3669676407776672108761390381757152714997687652224276257855026129377270035120,25637749857455785006939123543755871643009058331770192854266391968056443145411,Yes,False,,,,,,,,,,,0,0
2026-05-25T00:01:01Z,UCL,33506,uefa-champions-league-winner,UEFA Champions League Winner ,2025-07-28T16:48:06.450445Z,569176,will-team-r-win-the-2025-26-champions-league,Will Team R win the 2025-26 Champions League?,0xad6bc4f8482316d5c19023aada4b944bdc11394ff46a3356887fa65c307531d4,"[""25637749857455785006939123543755871643009058331770192854266391968056443145411"", ""3669676407776672108761390381757152714997687652224276257855026129377270035120""]",25637749857455785006939123543755871643009058331770192854266391968056443145411|3669676407776672108761390381757152714997687652224276257855026129377270035120,3669676407776672108761390381757152714997687652224276257855026129377270035120,No,False,,,,,,,,,,,0,0
2026-05-25T00:01:01Z,UCL,33506,uefa-champions-league-winner,UEFA Champions League Winner ,2025-07-28T16:48:06.450445Z,569177,will-team-s-win-the-2025-26-champions-league,Will Team S win the 2025-26 Champions League?,0x425489cd6123115110cb2df1688c3853bcf63418197edb952a59a4d6b7167601,"[""48332361333073526156243156917717479124843882042753944554943939336640621149917"", ""13900338457925219918052375048674687477682893818744044710482612613007593390376""]",48332361333073526156243156917717479124843882042753944554943939336640621149917|13900338457925219918052375048674687477682893818744044710482612613007593390376,48332361333073526156243156917717479124843882042753944554943939336640621149917,Yes,False,,,,,,,,,,,0,0
2026-05-25T00:01:01Z,UCL,33506,uefa-champions-league-winner,UEFA Champions League Winner ,2025-07-28T16:48:06.450445Z,569177,will-team-s-win-the-2025-26-champions-league,Will Team S win the 2025-26 Champions League?,0x425489cd6123115110cb2df1688c3853bcf63418197edb952a59a4d6b7167601,"[""48332361333073526156243156917717479124843882042753944554943939336640621149917"", ""13900338457925219918052375048674687477682893818744044710482612613007593390376""]",48332361333073526156243156917717479124843882042753944554943939336640621149917|13900338457925219918052375048674687477682893818744044710482612613007593390376,13900338457925219918052375048674687477682893818744044710482612613007593390376,No,False,,,,,,,,,,,0,0
2026-05-25T00:01:01Z,UCL,33506,uefa-champions-league-winner,UEFA Champions League Winner ,2025-07-28T16:48:06.450445Z,569178,will-team-t-win-the-2025-26-champions-league,Will Team T win the 2025-26 Champions League?,0x2388224e98de1c3b2d9a59258662e4057d181acd94de8879e9e2e9e02c0d1f5d,"[""81516884152676367750260681835324638510982049758434401705121290510231830755503"", ""29074289505420423507754526651079827562788384934514025868520384248653949051262""]",81516884152676367750260681835324638510982049758434401705121290510231830755503|29074289505420423507754526651079827562788384934514025868520384248653949051262,81516884152676367750260681835324638510982049758434401705121290510231830755503,Yes,False,,,,,,,,,,,0,0
2026-05-25T00:01:01Z,UCL,33506,uefa-champions-league-winner,UEFA Champions League Winner ,2025-07-28T16:48:06.450445Z,569178,will-team-t-win-the-2025-26-champions-league,Will Team T win the 2025-26 Champions League?,0x2388224e98de1c3b2d9a59258662e4057d181acd94de8879e9e2e9e02c0d1f5d,"[""81516884152676367750260681835324638510982049758434401705121290510231830755503"", ""29074289505420423507754526651079827562788384934514025868520384248653949051262""]",81516884152676367750260681835324638510982049758434401705121290510231830755503|29074289505420423507754526651079827562788384934514025868520384248653949051262,29074289505420423507754526651079827562788384934514025868520384248653949051262,No,False,,,,,,,,,,,0,0
2026-05-25T00:01:01Z,UCL,217713,uefa-champions-league-most-player-of-the-match-awards,UEFA Champions League: Most Player of the Match Awards,2026-02-21T00:50:31.509181Z,1399553,will-harry-kane-record-the-most-player-of-the-match-awards-during-the-2025-uefa-champions-league,Will Harry Kane record the most Player of the Match awards during the 2025 UEFA Champions League?,0x85ca75b0adad859523569ae4779fd70c55b9a197c58308611f0cbabae1a953dd,"[""15537016803285198311159086354217492190721902211344810254673233244685609931273"", ""53648305857187197223821205198476062710362591490773737518218548614563779261971""]",15537016803285198311159086354217492190721902211344810254673233244685609931273|53648305857187197223821205198476062710362591490773737518218548614563779261971,15537016803285198311159086354217492190721902211344810254673233244685609931273,Yes,True,0.71,45.86,0.92,150.0,0.815,0.21000000000000008,f04177e8d7e28c6b84831063141a8d8f0273d407,0.01,5,0.080,1619.1176,17047.129624000005
2026-05-25T00:01:01Z,UCL,217713,uefa-champions-league-most-player-of-the-match-awards,UEFA Champions League: Most Player of the Match Awards,2026-02-21T00:50:31.509181Z,1399553,will-harry-kane-record-the-most-player-of-the-match-awards-during-the-2025-uefa-champions-league,Will Harry Kane record the most Player of the Match awards during the 2025 UEFA Champions League?,0x85ca75b0adad859523569ae4779fd70c55b9a197c58308611f0cbabae1a953dd,"[""15537016803285198311159086354217492190721902211344810254673233244685609931273"", ""53648305857187197223821205198476062710362591490773737518218548614563779261971""]",15537016803285198311159086354217492190721902211344810254673233244685609931273|53648305857187197223821205198476062710362591490773737518218548614563779261971,53648305857187197223821205198476062710362591490773737518218548614563779261971,No,True,0.08,150.0,0.29,45.86,0.185,0.20999999999999996,adb3d60e921732a9d82e982c65383dc3357f4b49,0.01,5,0.080,1619.1176,17047.129624000005
2026-05-25T00:01:01Z,UCL,217713,uefa-champions-league-most-player-of-the-match-awards,UEFA Champions League: Most Player of the Match Awards,2026-02-21T00:50:31.509181Z,1399555,will-marcus-thuram-record-the-most-player-of-the-match-awards-during-the-2025-uefa-champions-league,Will Marcus Thuram record the most Player of the Match awards during the 2025 UEFA Champions League?,0x15528009350c3f99ffd1d79ed9bf21a0165f2ffabfd69bbb2db066631b20adab,"[""47757598099264730519682081975634678745964359372025600855117278840042065610727"", ""69755295281611679553314767225079829135228062581562121675670439044871323225667""]",47757598099264730519682081975634678745964359372025600855117278840042065610727|69755295281611679553314767225079829135228062581562121675670439044871323225667,47757598099264730519682081975634678745964359372025600855117278840042065610727,Yes,False,,,,,,,,,,,,4586.60785
2026-05-25T00:01:01Z,UCL,217713,uefa-champions-league-most-player-of-the-match-awards,UEFA Champions League: Most Player of the Match Awards,2026-02-21T00:50:31.509181Z,1399555,will-marcus-thuram-record-the-most-player-of-the-match-awards-during-the-2025-uefa-champions-league,Will Marcus Thuram record the most Player of the Match awards during the 2025 UEFA Champions League?,0x15528009350c3f99ffd1d79ed9bf21a0165f2ffabfd69bbb2db066631b20adab,"[""47757598099264730519682081975634678745964359372025600855117278840042065610727"", ""69755295281611679553314767225079829135228062581562121675670439044871323225667""]",47757598099264730519682081975634678745964359372025600855117278840042065610727|69755295281611679553314767225079829135228062581562121675670439044871323225667,69755295281611679553314767225079829135228062581562121675670439044871323225667,No,False,,,,,,,,,,,,4586.60785
2026-05-25T00:01:01Z,UCL,217713,uefa-champions-league-most-player-of-the-match-awards,UEFA Champions League: Most Player of the Match Awards,2026-02-21T00:50:31.509181Z,1399557,will-nuno-mendes-record-the-most-player-of-the-match-awards-during-the-2025-uefa-champions-league,Will Nuno Mendes record the most Player of the Match awards during the 2025 UEFA Champions League?,0xa32785a75002a750486ae89e35665c0225b2343b86afcbba2011e32e1971f9b6,"[""38655487770017246275071683373840031371262842748942274408676427993045807562956"", ""35692113438988747977471836113315366643214221736265009688086810249959727896103""]",38655487770017246275071683373840031371262842748942274408676427993045807562956|35692113438988747977471836113315366643214221736265009688086810249959727896103,38655487770017246275071683373840031371262842748942274408676427993045807562956,Yes,False,,,,,,,,,,,0,457.43727100000007
2026-05-25T00:01:01Z,UCL,217713,uefa-champions-league-most-player-of-the-match-awards,UEFA Champions League: Most Player of the Match Awards,2026-02-21T00:50:31.509181Z,1399557,will-nuno-mendes-record-the-most-player-of-the-match-awards-during-the-2025-uefa-champions-league,Will Nuno Mendes record the most Player of the Match awards during the 2025 UEFA Champions League?,0xa32785a75002a750486ae89e35665c0225b2343b86afcbba2011e32e1971f9b6,"[""38655487770017246275071683373840031371262842748942274408676427993045807562956"", ""35692113438988747977471836113315366643214221736265009688086810249959727896103""]",38655487770017246275071683373840031371262842748942274408676427993045807562956|35692113438988747977471836113315366643214221736265009688086810249959727896103,35692113438988747977471836113315366643214221736265009688086810249959727896103,No,False,,,,,,,,,,,0,457.43727100000007
2026-05-25T00:01:01Z,UCL,217713,uefa-champions-league-most-player-of-the-match-awards,UEFA Champions League: Most Player of the Match Awards,2026-02-21T00:50:31.509181Z,1399559,will-phil-foden-record-the-most-player-of-the-match-awards-during-the-2025-uefa-champions-league,Will Phil Foden record the most Player of the Match awards during the 2025 UEFA Champions League?,0xa70d895c41256bb40a6a1f1959d9221ec7b303fb54c1e93e2d18e87230f2700a,"[""112076888410927944791556171823755936705575045033585227861775412152576005698972"", ""81770942824498859922776164183360243928346384705073497941763681064341770778314""]",112076888410927944791556171823755936705575045033585227861775412152576005698972|81770942824498859922776164183360243928346384705073497941763681064341770778314,112076888410927944791556171823755936705575045033585227861775412152576005698972,Yes,False,,,,,,,,,,,,
2026-05-25T00:01:01Z,UCL,217713,uefa-champions-league-most-player-of-the-match-awards,UEFA Champions League: Most Player of the Match Awards,2026-02-21T00:50:31.509181Z,1399559,will-phil-foden-record-the-most-player-of-the-match-awards-during-the-2025-uefa-champions-league,Will Phil Foden record the most Player of the Match awards during the 2025 UEFA Champions League?,0xa70d895c41256bb40a6a1f1959d9221ec7b303fb54c1e93e2d18e87230f2700a,"[""112076888410927944791556171823755936705575045033585227861775412152576005698972"", ""81770942824498859922776164183360243928346384705073497941763681064341770778314""]",112076888410927944791556171823755936705575045033585227861775412152576005698972|81770942824498859922776164183360243928346384705073497941763681064341770778314,81770942824498859922776164183360243928346384705073497941763681064341770778314,No,False,,,,,,,,,,,,
2026-05-25T00:01:01Z,UCL,217713,uefa-champions-league-most-player-of-the-match-awards,UEFA Champions League: Most Player of the Match Awards,2026-02-21T00:50:31.509181Z,1399561,will-marc-cucurella-record-the-most-player-of-the-match-awards-during-the-2025-uefa-champions-league,Will Marc Cucurella record the most Player of the Match awards during the 2025 UEFA Champions League?,0xcf434c8bbc092cf63723e8c34b3a12c5a3d42de57d7a07dea9d6ef60ab16cd09,"[""50579093185251384460638109379258135242798077469869135217626800169937270088049"", ""114373414907620744882192861066252016747432786254503889980492646149040531833339""]",50579093185251384460638109379258135242798077469869135217626800169937270088049|114373414907620744882192861066252016747432786254503889980492646149040531833339,50579093185251384460638109379258135242798077469869135217626800169937270088049,Yes,False,,,,,,,,,,,,1590.8528999999999
2026-05-25T00:01:01Z,UCL,217713,uefa-champions-league-most-player-of-the-match-awards,UEFA Champions League: Most Player of the Match Awards,2026-02-21T00:50:31.509181Z,1399561,will-marc-cucurella-record-the-most-player-of-the-match-awards-during-the-2025-uefa-champions-league,Will Marc Cucurella record the most Player of the Match awards during the 2025 UEFA Champions League?,0xcf434c8bbc092cf63723e8c34b3a12c5a3d42de57d7a07dea9d6ef60ab16cd09,"[""50579093185251384460638109379258135242798077469869135217626800169937270088049"", ""114373414907620744882192861066252016747432786254503889980492646149040531833339""]",50579093185251384460638109379258135242798077469869135217626800169937270088049|114373414907620744882192861066252016747432786254503889980492646149040531833339,114373414907620744882192861066252016747432786254503889980492646149040531833339,No,False,,,,,,,,,,,,1590.8528999999999
2026-05-25T00:01:01Z,UCL,217713,uefa-champions-league-most-player-of-the-match-awards,UEFA Champions League: Most Player of the Match Awards,2026-02-21T00:50:31.509181Z,1399565,will-xavi-simons-record-the-most-player-of-the-match-awards-during-the-2025-uefa-champions-league-654,Will Xavi Simons record the most Player of the Match awards during the 2025 UEFA Champions League?,0xc4f5bb4f795e3606f6832cd05cc1763e23c1610847007947d785e5b239e04ce7,"[""94299375201591812349084521304596816473199985624459180859704459405422961969689"", ""101629492053752880855283498148178251928033864580322295551767933853012060529524""]",94299375201591812349084521304596816473199985624459180859704459405422961969689|101629492053752880855283498148178251928033864580322295551767933853012060529524,94299375201591812349084521304596816473199985624459180859704459405422961969689,Yes,False,,,,,,,,,,,,
2026-05-25T00:01:01Z,UCL,217713,uefa-champions-league-most-player-of-the-match-awards,UEFA Champions League: Most Player of the Match Awards,2026-02-21T00:50:31.509181Z,1399565,will-xavi-simons-record-the-most-player-of-the-match-awards-during-the-2025-uefa-champions-league-654,Will Xavi Simons record the most Player of the Match awards during the 2025 UEFA Champions League?,0xc4f5bb4f795e3606f6832cd05cc1763e23c1610847007947d785e5b239e04ce7,"[""94299375201591812349084521304596816473199985624459180859704459405422961969689"", ""101629492053752880855283498148178251928033864580322295551767933853012060529524""]",94299375201591812349084521304596816473199985624459180859704459405422961969689|101629492053752880855283498148178251928033864580322295551767933853012060529524,101629492053752880855283498148178251928033864580322295551767933853012060529524,No,False,,,,,,,,,,,,
2026-05-25T00:01:01Z,UCL,217713,uefa-champions-league-most-player-of-the-match-awards,UEFA Champions League: Most Player of the Match Awards,2026-02-21T00:50:31.509181Z,1399567,will-fermn-lpez-record-the-most-player-of-the-match-awards-during-the-2025-uefa-champions-league-591,Will Fermín López record the most Player of the Match awards during the 2025 UEFA Champions League?,0x7bd35d50cf1444a0dc61d85672a40cc8f00ef55a9cff6bb59671948ceb315ada,"[""81266608945451563130030303824236175739157886240397624022222780518063807555985"", ""27135496799124673878428138445119001440751902256488009975233578437057071130602""]",81266608945451563130030303824236175739157886240397624022222780518063807555985|27135496799124673878428138445119001440751902256488009975233578437057071130602,81266608945451563130030303824236175739157886240397624022222780518063807555985,Yes,False,,,,,,,,,,,,17152.395407000007
2026-05-25T00:01:01Z,UCL,217713,uefa-champions-league-most-player-of-the-match-awards,UEFA Champions League: Most Player of the Match Awards,2026-02-21T00:50:31.509181Z,1399567,will-fermn-lpez-record-the-most-player-of-the-match-awards-during-the-2025-uefa-champions-league-591,Will Fermín López record the most Player of the Match awards during the 2025 UEFA Champions League?,0x7bd35d50cf1444a0dc61d85672a40cc8f00ef55a9cff6bb59671948ceb315ada,"[""81266608945451563130030303824236175739157886240397624022222780518063807555985"", ""27135496799124673878428138445119001440751902256488009975233578437057071130602""]",81266608945451563130030303824236175739157886240397624022222780518063807555985|27135496799124673878428138445119001440751902256488009975233578437057071130602,27135496799124673878428138445119001440751902256488009975233578437057071130602,No,False,,,,,,,,,,,,17152.395407000007
2026-05-25T00:01:01Z,UCL,217713,uefa-champions-league-most-player-of-the-match-awards,UEFA Champions League: Most Player of the Match Awards,2026-02-21T00:50:31.509181Z,1399569,will-francisco-trinco-record-the-most-player-of-the-match-awards-during-the-2025-uefa-champions-league-269,Will Francisco Trincão record the most Player of the Match awards during the 2025 UEFA Champions League?,0x741de6a0dc4a98aa39974ec9e0e77c2200d2e69f46ad7b1b54dea5ef877cd070,"[""108883143981864847455097416606330407272845237079126842561627214566691561599690"", ""79477881093661105662052795040542498045782610903743766662228907518461014976197""]",108883143981864847455097416606330407272845237079126842561627214566691561599690|79477881093661105662052795040542498045782610903743766662228907518461014976197,108883143981864847455097416606330407272845237079126842561627214566691561599690,Yes,False,,,,,,,,,,,,772.108084
2026-05-25T00:01:01Z,UCL,217713,uefa-champions-league-most-player-of-the-match-awards,UEFA Champions League: Most Player of the Match Awards,2026-02-21T00:50:31.509181Z,1399569,will-francisco-trinco-record-the-most-player-of-the-match-awards-during-the-2025-uefa-champions-league-269,Will Francisco Trincão record the most Player of the Match awards during the 2025 UEFA Champions League?,0x741de6a0dc4a98aa39974ec9e0e77c2200d2e69f46ad7b1b54dea5ef877cd070,"[""108883143981864847455097416606330407272845237079126842561627214566691561599690"", ""79477881093661105662052795040542498045782610903743766662228907518461014976197""]",108883143981864847455097416606330407272845237079126842561627214566691561599690|79477881093661105662052795040542498045782610903743766662228907518461014976197,79477881093661105662052795040542498045782610903743766662228907518461014976197,No,False,,,,,,,,,,,,772.108084
2026-05-25T00:01:01Z,UCL,217713,uefa-champions-league-most-player-of-the-match-awards,UEFA Champions League: Most Player of the Match Awards,2026-02-21T00:50:31.509181Z,1399571,will-julian-alvarez-record-the-most-player-of-the-match-awards-during-the-2025-uefa-champions-league,Will Julian Alvarez record the most Player of the Match awards during the 2025 UEFA Champions League?,0x2750c85b77eea9525042d1e73ed6f7b671b863e047e76cff976be297fa4652b6,"[""32426457941330631177006699046137928028627131788100999715871029558298183976079"", ""110769539971663446880506049559495784659477351495316157142173824042208873247152""]",32426457941330631177006699046137928028627131788100999715871029558298183976079|110769539971663446880506049559495784659477351495316157142173824042208873247152,32426457941330631177006699046137928028627131788100999715871029558298183976079,Yes,False,,,,,,,,,,,,14090.76441
2026-05-25T00:01:01Z,UCL,217713,uefa-champions-league-most-player-of-the-match-awards,UEFA Champions League: Most Player of the Match Awards,2026-02-21T00:50:31.509181Z,1399571,will-julian-alvarez-record-the-most-player-of-the-match-awards-during-the-2025-uefa-champions-league,Will Julian Alvarez record the most Player of the Match awards during the 2025 UEFA Champions League?,0x2750c85b77eea9525042d1e73ed6f7b671b863e047e76cff976be297fa4652b6,"[""32426457941330631177006699046137928028627131788100999715871029558298183976079"", ""110769539971663446880506049559495784659477351495316157142173824042208873247152""]",32426457941330631177006699046137928028627131788100999715871029558298183976079|110769539971663446880506049559495784659477351495316157142173824042208873247152,110769539971663446880506049559495784659477351495316157142173824042208873247152,No,False,,,,,,,,,,,,14090.76441
2026-05-25T00:01:01Z,UCL,217713,uefa-champions-league-most-player-of-the-match-awards,UEFA Champions League: Most Player of the Match Awards,2026-02-21T00:50:31.509181Z,1399573,will-player-c-record-the-most-player-of-the-match-awards-during-the-2025-uefa-champions-league-846,Will Player C record the most Player of the Match awards during the 2025 UEFA Champions League?,0x2c13d6b45a3b934915476fae0d884cfceab2d438a9b14a38201b9d284536a4e4,"[""91749629825116353421144285193839979316496081873915917950836160234111326861992"", ""47158358983483081794123075563644498132645281207724350101390642676790980846153""]",91749629825116353421144285193839979316496081873915917950836160234111326861992|47158358983483081794123075563644498132645281207724350101390642676790980846153,91749629825116353421144285193839979316496081873915917950836160234111326861992,Yes,False,,,,,,,,,,,0,0
2026-05-25T00:01:01Z,UCL,217713,uefa-champions-league-most-player-of-the-match-awards,UEFA Champions League: Most Player of the Match Awards,2026-02-21T00:50:31.509181Z,1399573,will-player-c-record-the-most-player-of-the-match-awards-during-the-2025-uefa-champions-league-846,Will Player C record the most Player of the Match awards during the 2025 UEFA Champions League?,0x2c13d6b45a3b934915476fae0d884cfceab2d438a9b14a38201b9d284536a4e4,"[""91749629825116353421144285193839979316496081873915917950836160234111326861992"", ""47158358983483081794123075563644498132645281207724350101390642676790980846153""]",91749629825116353421144285193839979316496081873915917950836160234111326861992|47158358983483081794123075563644498132645281207724350101390642676790980846153,47158358983483081794123075563644498132645281207724350101390642676790980846153,No,False,,,,,,,,,,,0,0
2026-05-25T00:01:01Z,UCL,217713,uefa-champions-league-most-player-of-the-match-awards,UEFA Champions League: Most Player of the Match Awards,2026-02-21T00:50:31.509181Z,1399575,will-player-e-record-the-most-player-of-the-match-awards-during-the-2025-uefa-champions-league-583,Will Player E record the most Player of the Match awards during the 2025 UEFA Champions League?,0xc674667c5f28dd5166359f64716e660ba329acc8ec68adfdf2dd0bb536b0b098,"[""35410415329176249445957196082611826871700415548588275015330316563013649214293"", ""53321933319863347269907179188571838922997147853477975935932827592206417480695""]",35410415329176249445957196082611826871700415548588275015330316563013649214293|53321933319863347269907179188571838922997147853477975935932827592206417480695,35410415329176249445957196082611826871700415548588275015330316563013649214293,Yes,False,,,,,,,,,,,0,0
2026-05-25T00:01:01Z,UCL,217713,uefa-champions-league-most-player-of-the-match-awards,UEFA Champions League: Most Player of the Match Awards,2026-02-21T00:50:31.509181Z,1399575,will-player-e-record-the-most-player-of-the-match-awards-during-the-2025-uefa-champions-league-583,Will Player E record the most Player of the Match awards during the 2025 UEFA Champions League?,0xc674667c5f28dd5166359f64716e660ba329acc8ec68adfdf2dd0bb536b0b098,"[""35410415329176249445957196082611826871700415548588275015330316563013649214293"", ""53321933319863347269907179188571838922997147853477975935932827592206417480695""]",35410415329176249445957196082611826871700415548588275015330316563013649214293|53321933319863347269907179188571838922997147853477975935932827592206417480695,53321933319863347269907179188571838922997147853477975935932827592206417480695,No,False,,,,,,,,,,,0,0
2026-05-25T00:01:01Z,UCL,217713,uefa-champions-league-most-player-of-the-match-awards,UEFA Champions League: Most Player of the Match Awards,2026-02-21T00:50:31.509181Z,1399577,will-player-g-record-the-most-player-of-the-match-awards-during-the-2025-uefa-champions-league-437,Will Player G record the most Player of the Match awards during the 2025 UEFA Champions League?,0xcaacfed41494cf0583bd3c729ba2023d0bbb8cc0c13487bc3768bdc5fb1ec8c6,"[""82207314085403569102468862586557731969496450599299504706375664240209708591795"", ""111250455729909033969405870999908884072418864943041792210499982467885587203275""]",82207314085403569102468862586557731969496450599299504706375664240209708591795|111250455729909033969405870999908884072418864943041792210499982467885587203275,82207314085403569102468862586557731969496450599299504706375664240209708591795,Yes,False,,,,,,,,,,,0,0
2026-05-25T00:01:01Z,UCL,217713,uefa-champions-league-most-player-of-the-match-awards,UEFA Champions League: Most Player of the Match Awards,2026-02-21T00:50:31.509181Z,1399577,will-player-g-record-the-most-player-of-the-match-awards-during-the-2025-uefa-champions-league-437,Will Player G record the most Player of the Match awards during the 2025 UEFA Champions League?,0xcaacfed41494cf0583bd3c729ba2023d0bbb8cc0c13487bc3768bdc5fb1ec8c6,"[""82207314085403569102468862586557731969496450599299504706375664240209708591795"", ""111250455729909033969405870999908884072418864943041792210499982467885587203275""]",82207314085403569102468862586557731969496450599299504706375664240209708591795|111250455729909033969405870999908884072418864943041792210499982467885587203275,111250455729909033969405870999908884072418864943041792210499982467885587203275,No,False,,,,,,,,,,,0,0
2026-05-25T00:01:01Z,UCL,217713,uefa-champions-league-most-player-of-the-match-awards,UEFA Champions League: Most Player of the Match Awards,2026-02-21T00:50:31.509181Z,1399579,will-player-i-record-the-most-player-of-the-match-awards-during-the-2025-uefa-champions-league-924,Will Player I record the most Player of the Match awards during the 2025 UEFA Champions League?,0x4ed3bd6ffa763a04899bc3fc70db60cfff6d89959a29f9926b82bcf3bd4c74ea,"[""86306180650113716130220581976424607074124427809546729356840394097788622440744"", ""99510416084221686355090554154071222307210974527184865548224801612290695976255""]",86306180650113716130220581976424607074124427809546729356840394097788622440744|99510416084221686355090554154071222307210974527184865548224801612290695976255,86306180650113716130220581976424607074124427809546729356840394097788622440744,Yes,False,,,,,,,,,,,0,0
2026-05-25T00:01:01Z,UCL,217713,uefa-champions-league-most-player-of-the-match-awards,UEFA Champions League: Most Player of the Match Awards,2026-02-21T00:50:31.509181Z,1399579,will-player-i-record-the-most-player-of-the-match-awards-during-the-2025-uefa-champions-league-924,Will Player I record the most Player of the Match awards during the 2025 UEFA Champions League?,0x4ed3bd6ffa763a04899bc3fc70db60cfff6d89959a29f9926b82bcf3bd4c74ea,"[""86306180650113716130220581976424607074124427809546729356840394097788622440744"", ""99510416084221686355090554154071222307210974527184865548224801612290695976255""]",86306180650113716130220581976424607074124427809546729356840394097788622440744|99510416084221686355090554154071222307210974527184865548224801612290695976255,99510416084221686355090554154071222307210974527184865548224801612290695976255,No,False,,,,,,,,,,,0,0
2026-05-25T00:01:01Z,UCL,217713,uefa-champions-league-most-player-of-the-match-awards,UEFA Champions League: Most Player of the Match Awards,2026-02-21T00:50:31.509181Z,1399581,will-player-k-record-the-most-player-of-the-match-awards-during-the-2025-uefa-champions-league-596,Will Player K record the most Player of the Match awards during the 2025 UEFA Champions League?,0x1834c40944a411cd7f0c9965c4ffa7eca78f98870625c5323747002e5f42afd8,"[""80521203430101341377756660829201446851988601569970107597353960010258530807626"", ""91709661853192336196406149842708850309497687244657347404990561548218694248225""]",80521203430101341377756660829201446851988601569970107597353960010258530807626|91709661853192336196406149842708850309497687244657347404990561548218694248225,80521203430101341377756660829201446851988601569970107597353960010258530807626,Yes,False,,,,,,,,,,,0,0
2026-05-25T00:01:01Z,UCL,217713,uefa-champions-league-most-player-of-the-match-awards,UEFA Champions League: Most Player of the Match Awards,2026-02-21T00:50:31.509181Z,1399581,will-player-k-record-the-most-player-of-the-match-awards-during-the-2025-uefa-champions-league-596,Will Player K record the most Player of the Match awards during the 2025 UEFA Champions League?,0x1834c40944a411cd7f0c9965c4ffa7eca78f98870625c5323747002e5f42afd8,"[""80521203430101341377756660829201446851988601569970107597353960010258530807626"", ""91709661853192336196406149842708850309497687244657347404990561548218694248225""]",80521203430101341377756660829201446851988601569970107597353960010258530807626|91709661853192336196406149842708850309497687244657347404990561548218694248225,91709661853192336196406149842708850309497687244657347404990561548218694248225,No,False,,,,,,,,,,,0,0
2026-05-25T00:01:01Z,UCL,217713,uefa-champions-league-most-player-of-the-match-awards,UEFA Champions League: Most Player of the Match Awards,2026-02-21T00:50:31.509181Z,1399583,will-player-m-record-the-most-player-of-the-match-awards-during-the-2025-uefa-champions-league-758,Will Player M record the most Player of the Match awards during the 2025 UEFA Champions League?,0x44f5bfaac3ad64d5205e2c571bbb276da4aa7843abaf3eef2450bece8119b5d7,"[""67920442632684983913731621766594884337358846546195710083355668761593567030042"", ""70362663189588322360783227991207775742126972869003025928617752450861385991749""]",67920442632684983913731621766594884337358846546195710083355668761593567030042|70362663189588322360783227991207775742126972869003025928617752450861385991749,67920442632684983913731621766594884337358846546195710083355668761593567030042,Yes,False,,,,,,,,,,,0,0
2026-05-25T00:01:01Z,UCL,217713,uefa-champions-league-most-player-of-the-match-awards,UEFA Champions League: Most Player of the Match Awards,2026-02-21T00:50:31.509181Z,1399583,will-player-m-record-the-most-player-of-the-match-awards-during-the-2025-uefa-champions-league-758,Will Player M record the most Player of the Match awards during the 2025 UEFA Champions League?,0x44f5bfaac3ad64d5205e2c571bbb276da4aa7843abaf3eef2450bece8119b5d7,"[""67920442632684983913731621766594884337358846546195710083355668761593567030042"", ""70362663189588322360783227991207775742126972869003025928617752450861385991749""]",67920442632684983913731621766594884337358846546195710083355668761593567030042|70362663189588322360783227991207775742126972869003025928617752450861385991749,70362663189588322360783227991207775742126972869003025928617752450861385991749,No,False,,,,,,,,,,,0,0
2026-05-25T00:01:01Z,UCL,217713,uefa-champions-league-most-player-of-the-match-awards,UEFA Champions League: Most Player of the Match Awards,2026-02-21T00:50:31.509181Z,1399585,will-player-o-record-the-most-player-of-the-match-awards-during-the-2025-uefa-champions-league-821,Will Player O record the most Player of the Match awards during the 2025 UEFA Champions League?,0x9d4bd15e4bd36a426a8d54a74a1885a31321912a4fe335ff72ae26ebbf681cf0,"[""115424525588091863663333783487047471036977587406459365688940557276217151767691"", ""97414999045379731641984150465102428649550399871520652199584710722154695880527""]",115424525588091863663333783487047471036977587406459365688940557276217151767691|97414999045379731641984150465102428649550399871520652199584710722154695880527,115424525588091863663333783487047471036977587406459365688940557276217151767691,Yes,False,,,,,,,,,,,0,0
2026-05-25T00:01:01Z,UCL,217713,uefa-champions-league-most-player-of-the-match-awards,UEFA Champions League: Most Player of the Match Awards,2026-02-21T00:50:31.509181Z,1399585,will-player-o-record-the-most-player-of-the-match-awards-during-the-2025-uefa-champions-league-821,Will Player O record the most Player of the Match awards during the 2025 UEFA Champions League?,0x9d4bd15e4bd36a426a8d54a74a1885a31321912a4fe335ff72ae26ebbf681cf0,"[""115424525588091863663333783487047471036977587406459365688940557276217151767691"", ""97414999045379731641984150465102428649550399871520652199584710722154695880527""]",115424525588091863663333783487047471036977587406459365688940557276217151767691|97414999045379731641984150465102428649550399871520652199584710722154695880527,97414999045379731641984150465102428649550399871520652199584710722154695880527,No,False,,,,,,,,,,,0,0
2026-05-25T00:01:01Z,UCL,217713,uefa-champions-league-most-player-of-the-match-awards,UEFA Champions League: Most Player of the Match Awards,2026-02-21T00:50:31.509181Z,1399587,will-another-player-record-the-most-player-of-the-match-awards-during-the-2025-uefa-champions-league-889,Will another player record the most Player of the Match awards during the 2025 UEFA Champions League?,0x955d9430dcf13669e5e2ce2a9aa6565b2ae92cbc911aa03639fee1a5f865fe64,"[""21196668328585128000187064477749078624335632647987895219029738912840059821691"", ""63715520654972071942334586339918485906383218534726609395713623003329853269218""]",21196668328585128000187064477749078624335632647987895219029738912840059821691|63715520654972071942334586339918485906383218534726609395713623003329853269218,21196668328585128000187064477749078624335632647987895219029738912840059821691,Yes,False,,,,,,,,,,,0,0
2026-05-25T00:01:01Z,UCL,217713,uefa-champions-league-most-player-of-the-match-awards,UEFA Champions League: Most Player of the Match Awards,2026-02-21T00:50:31.509181Z,1399587,will-another-player-record-the-most-player-of-the-match-awards-during-the-2025-uefa-champions-league-889,Will another player record the most Player of the Match awards during the 2025 UEFA Champions League?,0x955d9430dcf13669e5e2ce2a9aa6565b2ae92cbc911aa03639fee1a5f865fe64,"[""21196668328585128000187064477749078624335632647987895219029738912840059821691"", ""63715520654972071942334586339918485906383218534726609395713623003329853269218""]",21196668328585128000187064477749078624335632647987895219029738912840059821691|63715520654972071942334586339918485906383218534726609395713623003329853269218,63715520654972071942334586339918485906383218534726609395713623003329853269218,No,False,,,,,,,,,,,0,0
2026-05-25T00:01:01Z,UCL,217713,uefa-champions-league-most-player-of-the-match-awards,UEFA Champions League: Most Player of the Match Awards,2026-02-21T00:50:31.509181Z,1399554,will-kylian-mbapp-record-the-most-player-of-the-match-awards-during-the-2025-uefa-champions-league,Will Kylian Mbappé record the most Player of the Match awards during the 2025 UEFA Champions League?,0x7c5faf9fae811e5d265884b7bc4d8841a9272f8c97ab5039355206e9cc5b2cfd,"[""72051538362914750764613492312649824458983841081812968885383333057780153009174"", ""8158149506701031779427826652140921251700424063843510411229900610703484381843""]",72051538362914750764613492312649824458983841081812968885383333057780153009174|8158149506701031779427826652140921251700424063843510411229900610703484381843,72051538362914750764613492312649824458983841081812968885383333057780153009174,Yes,False,,,,,,,,,,,,78891.57762200001
2026-05-25T00:01:01Z,UCL,217713,uefa-champions-league-most-player-of-the-match-awards,UEFA Champions League: Most Player of the Match Awards,2026-02-21T00:50:31.509181Z,1399554,will-kylian-mbapp-record-the-most-player-of-the-match-awards-during-the-2025-uefa-champions-league,Will Kylian Mbappé record the most Player of the Match awards during the 2025 UEFA Champions League?,0x7c5faf9fae811e5d265884b7bc4d8841a9272f8c97ab5039355206e9cc5b2cfd,"[""72051538362914750764613492312649824458983841081812968885383333057780153009174"", ""8158149506701031779427826652140921251700424063843510411229900610703484381843""]",72051538362914750764613492312649824458983841081812968885383333057780153009174|8158149506701031779427826652140921251700424063843510411229900610703484381843,8158149506701031779427826652140921251700424063843510411229900610703484381843,No,False,,,,,,,,,,,,78891.57762200001
2026-05-25T00:01:01Z,UCL,217713,uefa-champions-league-most-player-of-the-match-awards,UEFA Champions League: Most Player of the Match Awards,2026-02-21T00:50:31.509181Z,1399556,will-anthony-gordon-record-the-most-player-of-the-match-awards-during-the-2025-uefa-champions-league,Will Anthony Gordon record the most Player of the Match awards during the 2025 UEFA Champions League?,0x4b3715495c49f745913287de46306c6515374d34543238b606182fcbb8c64752,"[""2540895804033978352321996333495680536564138702173792712899562141740891362629"", ""104496009339715484679295086585477609982378921887560709285830151360840173213503""]",2540895804033978352321996333495680536564138702173792712899562141740891362629|104496009339715484679295086585477609982378921887560709285830151360840173213503,2540895804033978352321996333495680536564138702173792712899562141740891362629,Yes,False,,,,,,,,,,,,
2026-05-25T00:01:01Z,UCL,217713,uefa-champions-league-most-player-of-the-match-awards,UEFA Champions League: Most Player of the Match Awards,2026-02-21T00:50:31.509181Z,1399556,will-anthony-gordon-record-the-most-player-of-the-match-awards-during-the-2025-uefa-champions-league,Will Anthony Gordon record the most Player of the Match awards during the 2025 UEFA Champions League?,0x4b3715495c49f745913287de46306c6515374d34543238b606182fcbb8c64752,"[""2540895804033978352321996333495680536564138702173792712899562141740891362629"", ""104496009339715484679295086585477609982378921887560709285830151360840173213503""]",2540895804033978352321996333495680536564138702173792712899562141740891362629|104496009339715484679295086585477609982378921887560709285830151360840173213503,104496009339715484679295086585477609982378921887560709285830151360840173213503,No,False,,,,,,,,,,,,
2026-05-25T00:01:01Z,UCL,217713,uefa-champions-league-most-player-of-the-match-awards,UEFA Champions League: Most Player of the Match Awards,2026-02-21T00:50:31.509181Z,1399558,will-virgil-van-dijk-record-the-most-player-of-the-match-awards-during-the-2025-uefa-champions-league,Will Virgil van Dijk record the most Player of the Match awards during the 2025 UEFA Champions League?,0x01330ac6a3d15f4b3a663daf30ff58fda5fd48b3aec01f0d9ae27b9bce5d9ec4,"[""51605474847032122578567713098229093935572987522096978804308642395284922269010"", ""99212094126368354230614375627797824220530412295471277551283033982607668656278""]",51605474847032122578567713098229093935572987522096978804308642395284922269010|99212094126368354230614375627797824220530412295471277551283033982607668656278,51605474847032122578567713098229093935572987522096978804308642395284922269010,Yes,False,,,,,,,,,,,,521.115713
2026-05-25T00:01:01Z,UCL,217713,uefa-champions-league-most-player-of-the-match-awards,UEFA Champions League: Most Player of the Match Awards,2026-02-21T00:50:31.509181Z,1399558,will-virgil-van-dijk-record-the-most-player-of-the-match-awards-during-the-2025-uefa-champions-league,Will Virgil van Dijk record the most Player of the Match awards during the 2025 UEFA Champions League?,0x01330ac6a3d15f4b3a663daf30ff58fda5fd48b3aec01f0d9ae27b9bce5d9ec4,"[""51605474847032122578567713098229093935572987522096978804308642395284922269010"", ""99212094126368354230614375627797824220530412295471277551283033982607668656278""]",51605474847032122578567713098229093935572987522096978804308642395284922269010|99212094126368354230614375627797824220530412295471277551283033982607668656278,99212094126368354230614375627797824220530412295471277551283033982607668656278,No,False,,,,,,,,,,,,521.115713
2026-05-25T00:01:01Z,UCL,217713,uefa-champions-league-most-player-of-the-match-awards,UEFA Champions League: Most Player of the Match Awards,2026-02-21T00:50:31.509181Z,1399560,will-serhou-guirassy-record-the-most-player-of-the-match-awards-during-the-2025-uefa-champions-league,Will Serhou Guirassy record the most Player of the Match awards during the 2025 UEFA Champions League?,0x9f77e3e66e7e39471f6e65bf40b801909f0587d7491c69cb898dfe0b810569b7,"[""103003836760604651731124803801257125524303532256819535917257262269991770823659"", ""6665439197734896189527530671737690091017766557183157325742055288313256859711""]",103003836760604651731124803801257125524303532256819535917257262269991770823659|6665439197734896189527530671737690091017766557183157325742055288313256859711,103003836760604651731124803801257125524303532256819535917257262269991770823659,Yes,False,,,,,,,,,,,,11213.6
2026-05-25T00:01:01Z,UCL,217713,uefa-champions-league-most-player-of-the-match-awards,UEFA Champions League: Most Player of the Match Awards,2026-02-21T00:50:31.509181Z,1399560,will-serhou-guirassy-record-the-most-player-of-the-match-awards-during-the-2025-uefa-champions-league,Will Serhou Guirassy record the most Player of the Match awards during the 2025 UEFA Champions League?,0x9f77e3e66e7e39471f6e65bf40b801909f0587d7491c69cb898dfe0b810569b7,"[""103003836760604651731124803801257125524303532256819535917257262269991770823659"", ""6665439197734896189527530671737690091017766557183157325742055288313256859711""]",103003836760604651731124803801257125524303532256819535917257262269991770823659|6665439197734896189527530671737690091017766557183157325742055288313256859711,6665439197734896189527530671737690091017766557183157325742055288313256859711,No,False,,,,,,,,,,,,11213.6
2026-05-25T00:01:01Z,UCL,217713,uefa-champions-league-most-player-of-the-match-awards,UEFA Champions League: Most Player of the Match Awards,2026-02-21T00:50:31.509181Z,1399562,will-victor-osimhen-record-the-most-player-of-the-match-awards-during-the-2025-uefa-champions-league,Will Victor Osimhen record the most Player of the Match awards during the 2025 UEFA Champions League?,0x1cb8ad57bd61ead79c708afa8370db0aa7ceda7757e1b2dc7e8e4dd957978759,"[""54903059249311130211654740583772795145008145067153981639564896956533064280909"", ""1225603222315408961780858969232998178288036496445623800952788030690590180992""]",54903059249311130211654740583772795145008145067153981639564896956533064280909|1225603222315408961780858969232998178288036496445623800952788030690590180992,54903059249311130211654740583772795145008145067153981639564896956533064280909,Yes,False,,,,,,,,,,,,29238.459
2026-05-25T00:01:01Z,UCL,217713,uefa-champions-league-most-player-of-the-match-awards,UEFA Champions League: Most Player of the Match Awards,2026-02-21T00:50:31.509181Z,1399562,will-victor-osimhen-record-the-most-player-of-the-match-awards-during-the-2025-uefa-champions-league,Will Victor Osimhen record the most Player of the Match awards during the 2025 UEFA Champions League?,0x1cb8ad57bd61ead79c708afa8370db0aa7ceda7757e1b2dc7e8e4dd957978759,"[""54903059249311130211654740583772795145008145067153981639564896956533064280909"", ""1225603222315408961780858969232998178288036496445623800952788030690590180992""]",54903059249311130211654740583772795145008145067153981639564896956533064280909|1225603222315408961780858969232998178288036496445623800952788030690590180992,1225603222315408961780858969232998178288036496445623800952788030690590180992,No,False,,,,,,,,,,,,29238.459
2026-05-25T00:01:01Z,UCL,217713,uefa-champions-league-most-player-of-the-match-awards,UEFA Champions League: Most Player of the Match Awards,2026-02-21T00:50:31.509181Z,1399564,will-charles-de-ketelaere-record-the-most-player-of-the-match-awards-during-the-2025-uefa-champions-league-372,Will Charles De Ketelaere record the most Player of the Match awards during the 2025 UEFA Champions League?,0x64b035d562de83ad5c84b7c7e5436412f0f5d7f50cf5cac2d2fee4945d93c0c5,"[""86739286924959343265615485484005631413171319762445904453015886442486936327147"", ""20086558893045410004837798827752079102752923106677403669870307512935511377355""]",86739286924959343265615485484005631413171319762445904453015886442486936327147|20086558893045410004837798827752079102752923106677403669870307512935511377355,86739286924959343265615485484005631413171319762445904453015886442486936327147,Yes,False,,,,,,,,,,,,2950.7
2026-05-25T00:01:01Z,UCL,217713,uefa-champions-league-most-player-of-the-match-awards,UEFA Champions League: Most Player of the Match Awards,2026-02-21T00:50:31.509181Z,1399564,will-charles-de-ketelaere-record-the-most-player-of-the-match-awards-during-the-2025-uefa-champions-league-372,Will Charles De Ketelaere record the most Player of the Match awards during the 2025 UEFA Champions League?,0x64b035d562de83ad5c84b7c7e5436412f0f5d7f50cf5cac2d2fee4945d93c0c5,"[""86739286924959343265615485484005631413171319762445904453015886442486936327147"", ""20086558893045410004837798827752079102752923106677403669870307512935511377355""]",86739286924959343265615485484005631413171319762445904453015886442486936327147|20086558893045410004837798827752079102752923106677403669870307512935511377355,20086558893045410004837798827752079102752923106677403669870307512935511377355,No,False,,,,,,,,,,,,2950.7
2026-05-25T00:01:01Z,UCL,217713,uefa-champions-league-most-player-of-the-match-awards,UEFA Champions League: Most Player of the Match Awards,2026-02-21T00:50:31.509181Z,1399566,will-jens-petter-hauge-record-the-most-player-of-the-match-awards-during-the-2025-uefa-champions-league-414,Will Jens Petter Hauge record the most Player of the Match awards during the 2025 UEFA Champions League?,0xb7bdce10fa779c4b1793b1c31face072f07fc8761d3beefd9c5ccc22eecf4d13,"[""11923734644285511234801739643897865198932061504326183629031098964703218796285"", ""45583461187637171485206032460343295764965197717440009739577077469892833704524""]",11923734644285511234801739643897865198932061504326183629031098964703218796285|45583461187637171485206032460343295764965197717440009739577077469892833704524,11923734644285511234801739643897865198932061504326183629031098964703218796285,Yes,False,,,,,,,,,,,,
2026-05-25T00:01:01Z,UCL,217713,uefa-champions-league-most-player-of-the-match-awards,UEFA Champions League: Most Player of the Match Awards,2026-02-21T00:50:31.509181Z,1399566,will-jens-petter-hauge-record-the-most-player-of-the-match-awards-during-the-2025-uefa-champions-league-414,Will Jens Petter Hauge record the most Player of the Match awards during the 2025 UEFA Champions League?,0xb7bdce10fa779c4b1793b1c31face072f07fc8761d3beefd9c5ccc22eecf4d13,"[""11923734644285511234801739643897865198932061504326183629031098964703218796285"", ""45583461187637171485206032460343295764965197717440009739577077469892833704524""]",11923734644285511234801739643897865198932061504326183629031098964703218796285|45583461187637171485206032460343295764965197717440009739577077469892833704524,45583461187637171485206032460343295764965197717440009739577077469892833704524,No,False,,,,,,,,,,,,
2026-05-25T00:01:01Z,UCL,217713,uefa-champions-league-most-player-of-the-match-awards,UEFA Champions League: Most Player of the Match Awards,2026-02-21T00:50:31.509181Z,1399568,will-gelson-martins-record-the-most-player-of-the-match-awards-during-the-2025-uefa-champions-league-212,Will Gelson Martins record the most Player of the Match awards during the 2025 UEFA Champions League?,0x4ba6e0c7b107ff5005bda38a9b548d9cf22463cb91ed31ec93269bf5c7f82a17,"[""65062404296363812006476764626748922405299500015771295493612277760476256817927"", ""16844772968928392399517625045799920368553553182008297594815085843097608458343""]",65062404296363812006476764626748922405299500015771295493612277760476256817927|16844772968928392399517625045799920368553553182008297594815085843097608458343,65062404296363812006476764626748922405299500015771295493612277760476256817927,Yes,False,,,,,,,,,,,,6716.9754
2026-05-25T00:01:01Z,UCL,217713,uefa-champions-league-most-player-of-the-match-awards,UEFA Champions League: Most Player of the Match Awards,2026-02-21T00:50:31.509181Z,1399568,will-gelson-martins-record-the-most-player-of-the-match-awards-during-the-2025-uefa-champions-league-212,Will Gelson Martins record the most Player of the Match awards during the 2025 UEFA Champions League?,0x4ba6e0c7b107ff5005bda38a9b548d9cf22463cb91ed31ec93269bf5c7f82a17,"[""65062404296363812006476764626748922405299500015771295493612277760476256817927"", ""16844772968928392399517625045799920368553553182008297594815085843097608458343""]",65062404296363812006476764626748922405299500015771295493612277760476256817927|16844772968928392399517625045799920368553553182008297594815085843097608458343,16844772968928392399517625045799920368553553182008297594815085843097608458343,No,False,,,,,,,,,,,,6716.9754
2026-05-25T00:01:01Z,UCL,217713,uefa-champions-league-most-player-of-the-match-awards,UEFA Champions League: Most Player of the Match Awards,2026-02-21T00:50:31.509181Z,1399570,will-alexis-mac-allister-record-the-most-player-of-the-match-awards-during-the-2025-uefa-champions-league-993,Will Alexis Mac Allister record the most Player of the Match awards during the 2025 UEFA Champions League?,0xef8fdbdbe4e4a2981442977b25da38d76473f2e096153fa28c153a5b58485f1d,"[""64955999909045941862447571355960209217268697011320453094968397441595009192820"", ""82538717989036551654682471712889739355170740942173090928342921325405986889950""]",64955999909045941862447571355960209217268697011320453094968397441595009192820|82538717989036551654682471712889739355170740942173090928342921325405986889950,64955999909045941862447571355960209217268697011320453094968397441595009192820,Yes,False,,,,,,,,,,,,15779.325145999997
2026-05-25T00:01:01Z,UCL,217713,uefa-champions-league-most-player-of-the-match-awards,UEFA Champions League: Most Player of the Match Awards,2026-02-21T00:50:31.509181Z,1399570,will-alexis-mac-allister-record-the-most-player-of-the-match-awards-during-the-2025-uefa-champions-league-993,Will Alexis Mac Allister record the most Player of the Match awards during the 2025 UEFA Champions League?,0xef8fdbdbe4e4a2981442977b25da38d76473f2e096153fa28c153a5b58485f1d,"[""64955999909045941862447571355960209217268697011320453094968397441595009192820"", ""82538717989036551654682471712889739355170740942173090928342921325405986889950""]",64955999909045941862447571355960209217268697011320453094968397441595009192820|82538717989036551654682471712889739355170740942173090928342921325405986889950,82538717989036551654682471712889739355170740942173090928342921325405986889950,No,False,,,,,,,,,,,,15779.325145999997
2026-05-25T00:01:01Z,UCL,217713,uefa-champions-league-most-player-of-the-match-awards,UEFA Champions League: Most Player of the Match Awards,2026-02-21T00:50:31.509181Z,1399572,will-khvicha-kvaratskhelia-record-the-most-player-of-the-match-awards-during-the-2025-uefa-champions-league,Will Khvicha Kvaratskhelia record the most Player of the Match awards during the 2025 UEFA Champions League?,0x7f432a56899d987bc55639e8ff66713a424c10f26d463f48f52a2cbd8f370f87,"[""43922584200991119205016043856159793272687252889852320205604057884810301336232"", ""61024275367545329843788910138948361539414256221091190428742572218411865114920""]",43922584200991119205016043856159793272687252889852320205604057884810301336232|61024275367545329843788910138948361539414256221091190428742572218411865114920,43922584200991119205016043856159793272687252889852320205604057884810301336232,Yes,True,0.13,4.26,0.294,1500.0,0.212,0.16399999999999998,c3bd0c0cf49a95dce9c17e0523964f314794fef4,0.001,5,0.130,2993.2642,1619.4714970000005
2026-05-25T00:01:01Z,UCL,217713,uefa-champions-league-most-player-of-the-match-awards,UEFA Champions League: Most Player of the Match Awards,2026-02-21T00:50:31.509181Z,1399572,will-khvicha-kvaratskhelia-record-the-most-player-of-the-match-awards-during-the-2025-uefa-champions-league,Will Khvicha Kvaratskhelia record the most Player of the Match awards during the 2025 UEFA Champions League?,0x7f432a56899d987bc55639e8ff66713a424c10f26d463f48f52a2cbd8f370f87,"[""43922584200991119205016043856159793272687252889852320205604057884810301336232"", ""61024275367545329843788910138948361539414256221091190428742572218411865114920""]",43922584200991119205016043856159793272687252889852320205604057884810301336232|61024275367545329843788910138948361539414256221091190428742572218411865114920,61024275367545329843788910138948361539414256221091190428742572218411865114920,No,True,0.706,1500.0,0.87,4.26,0.788,0.16400000000000003,7dc51cf7bcf7b4bfd09df44699a9eb01f13fc1ae,0.001,5,0.130,2993.2642,1619.4714970000005
2026-05-25T00:01:01Z,UCL,217713,uefa-champions-league-most-player-of-the-match-awards,UEFA Champions League: Most Player of the Match Awards,2026-02-21T00:50:31.509181Z,1399574,will-player-d-record-the-most-player-of-the-match-awards-during-the-2025-uefa-champions-league-544,Will Player D record the most Player of the Match awards during the 2025 UEFA Champions League?,0xf398abdee3ae43e0941d7a2bd8ff7c6bc074306975651b9ada8e0dcf2a1065de,"[""17494061399272054108763145766756515314721268356567421076745710504574280338018"", ""50575762940085381853290650184639680206448279987409599502561697183293435861197""]",17494061399272054108763145766756515314721268356567421076745710504574280338018|50575762940085381853290650184639680206448279987409599502561697183293435861197,17494061399272054108763145766756515314721268356567421076745710504574280338018,Yes,False,,,,,,,,,,,0,0
2026-05-25T00:01:01Z,UCL,217713,uefa-champions-league-most-player-of-the-match-awards,UEFA Champions League: Most Player of the Match Awards,2026-02-21T00:50:31.509181Z,1399574,will-player-d-record-the-most-player-of-the-match-awards-during-the-2025-uefa-champions-league-544,Will Player D record the most Player of the Match awards during the 2025 UEFA Champions League?,0xf398abdee3ae43e0941d7a2bd8ff7c6bc074306975651b9ada8e0dcf2a1065de,"[""17494061399272054108763145766756515314721268356567421076745710504574280338018"", ""50575762940085381853290650184639680206448279987409599502561697183293435861197""]",17494061399272054108763145766756515314721268356567421076745710504574280338018|50575762940085381853290650184639680206448279987409599502561697183293435861197,50575762940085381853290650184639680206448279987409599502561697183293435861197,No,False,,,,,,,,,,,0,0
2026-05-25T00:01:01Z,UCL,217713,uefa-champions-league-most-player-of-the-match-awards,UEFA Champions League: Most Player of the Match Awards,2026-02-21T00:50:31.509181Z,1399576,will-player-f-record-the-most-player-of-the-match-awards-during-the-2025-uefa-champions-league-324,Will Player F record the most Player of the Match awards during the 2025 UEFA Champions League?,0x98b5e8ecd5ee8e7a17d01637e84e55cb4f7dd85fb2067646d171b71347403765,"[""24253107235910724471027535215236099088573531457809237298328391043407622827346"", ""42298270383441442848987598032026340064601735868216726874819989268966199462106""]",24253107235910724471027535215236099088573531457809237298328391043407622827346|42298270383441442848987598032026340064601735868216726874819989268966199462106,24253107235910724471027535215236099088573531457809237298328391043407622827346,Yes,False,,,,,,,,,,,0,0
2026-05-25T00:01:01Z,UCL,217713,uefa-champions-league-most-player-of-the-match-awards,UEFA Champions League: Most Player of the Match Awards,2026-02-21T00:50:31.509181Z,1399576,will-player-f-record-the-most-player-of-the-match-awards-during-the-2025-uefa-champions-league-324,Will Player F record the most Player of the Match awards during the 2025 UEFA Champions League?,0x98b5e8ecd5ee8e7a17d01637e84e55cb4f7dd85fb2067646d171b71347403765,"[""24253107235910724471027535215236099088573531457809237298328391043407622827346"", ""42298270383441442848987598032026340064601735868216726874819989268966199462106""]",24253107235910724471027535215236099088573531457809237298328391043407622827346|42298270383441442848987598032026340064601735868216726874819989268966199462106,42298270383441442848987598032026340064601735868216726874819989268966199462106,No,False,,,,,,,,,,,0,0
2026-05-25T00:01:01Z,UCL,217713,uefa-champions-league-most-player-of-the-match-awards,UEFA Champions League: Most Player of the Match Awards,2026-02-21T00:50:31.509181Z,1399578,will-player-h-record-the-most-player-of-the-match-awards-during-the-2025-uefa-champions-league-841,Will Player H record the most Player of the Match awards during the 2025 UEFA Champions League?,0xa9ef4e2c81f6c24c7f752b7c3c402f7f2336efe20c14ed89a7eef22fd447ef65,"[""61506392532184381813334563699095594054329873592733592581002294638942232840697"", ""18585970771794033668992715020185335345524801847388706452602322980970226083034""]",61506392532184381813334563699095594054329873592733592581002294638942232840697|18585970771794033668992715020185335345524801847388706452602322980970226083034,61506392532184381813334563699095594054329873592733592581002294638942232840697,Yes,False,,,,,,,,,,,0,0
2026-05-25T00:01:01Z,UCL,217713,uefa-champions-league-most-player-of-the-match-awards,UEFA Champions League: Most Player of the Match Awards,2026-02-21T00:50:31.509181Z,1399578,will-player-h-record-the-most-player-of-the-match-awards-during-the-2025-uefa-champions-league-841,Will Player H record the most Player of the Match awards during the 2025 UEFA Champions League?,0xa9ef4e2c81f6c24c7f752b7c3c402f7f2336efe20c14ed89a7eef22fd447ef65,"[""61506392532184381813334563699095594054329873592733592581002294638942232840697"", ""18585970771794033668992715020185335345524801847388706452602322980970226083034""]",61506392532184381813334563699095594054329873592733592581002294638942232840697|18585970771794033668992715020185335345524801847388706452602322980970226083034,18585970771794033668992715020185335345524801847388706452602322980970226083034,No,False,,,,,,,,,,,0,0
2026-05-25T00:01:01Z,UCL,217713,uefa-champions-league-most-player-of-the-match-awards,UEFA Champions League: Most Player of the Match Awards,2026-02-21T00:50:31.509181Z,1399580,will-player-j-record-the-most-player-of-the-match-awards-during-the-2025-uefa-champions-league-269,Will Player J record the most Player of the Match awards during the 2025 UEFA Champions League?,0xd10447e48a4baa471a2caace3ebc3c66635bd7ae85ec99a108f26b191711db6c,"[""48118653555338694166350940564895242979094267556358500285332967272213635212406"", ""39090973332165881131480967397545908787546763348376259582170625660550094999302""]",48118653555338694166350940564895242979094267556358500285332967272213635212406|39090973332165881131480967397545908787546763348376259582170625660550094999302,48118653555338694166350940564895242979094267556358500285332967272213635212406,Yes,False,,,,,,,,,,,0,0
2026-05-25T00:01:01Z,UCL,217713,uefa-champions-league-most-player-of-the-match-awards,UEFA Champions League: Most Player of the Match Awards,2026-02-21T00:50:31.509181Z,1399580,will-player-j-record-the-most-player-of-the-match-awards-during-the-2025-uefa-champions-league-269,Will Player J record the most Player of the Match awards during the 2025 UEFA Champions League?,0xd10447e48a4baa471a2caace3ebc3c66635bd7ae85ec99a108f26b191711db6c,"[""48118653555338694166350940564895242979094267556358500285332967272213635212406"", ""39090973332165881131480967397545908787546763348376259582170625660550094999302""]",48118653555338694166350940564895242979094267556358500285332967272213635212406|39090973332165881131480967397545908787546763348376259582170625660550094999302,39090973332165881131480967397545908787546763348376259582170625660550094999302,No,False,,,,,,,,,,,0,0
2026-05-25T00:01:01Z,UCL,217713,uefa-champions-league-most-player-of-the-match-awards,UEFA Champions League: Most Player of the Match Awards,2026-02-21T00:50:31.509181Z,1399582,will-player-l-record-the-most-player-of-the-match-awards-during-the-2025-uefa-champions-league-884,Will Player L record the most Player of the Match awards during the 2025 UEFA Champions League?,0xd6e50609dde18e487697ff15b8b8ea3db89199fe87ed304332d6b4ee80a4c9f0,"[""25863193194462694992832078285878247452112998355333630930100737635915588456198"", ""26331319799538517336827992948015117341779653157636640440454447229906036232641""]",25863193194462694992832078285878247452112998355333630930100737635915588456198|26331319799538517336827992948015117341779653157636640440454447229906036232641,25863193194462694992832078285878247452112998355333630930100737635915588456198,Yes,False,,,,,,,,,,,0,0
2026-05-25T00:01:01Z,UCL,217713,uefa-champions-league-most-player-of-the-match-awards,UEFA Champions League: Most Player of the Match Awards,2026-02-21T00:50:31.509181Z,1399582,will-player-l-record-the-most-player-of-the-match-awards-during-the-2025-uefa-champions-league-884,Will Player L record the most Player of the Match awards during the 2025 UEFA Champions League?,0xd6e50609dde18e487697ff15b8b8ea3db89199fe87ed304332d6b4ee80a4c9f0,"[""25863193194462694992832078285878247452112998355333630930100737635915588456198"", ""26331319799538517336827992948015117341779653157636640440454447229906036232641""]",25863193194462694992832078285878247452112998355333630930100737635915588456198|26331319799538517336827992948015117341779653157636640440454447229906036232641,26331319799538517336827992948015117341779653157636640440454447229906036232641,No,False,,,,,,,,,,,0,0
2026-05-25T00:01:01Z,UCL,217713,uefa-champions-league-most-player-of-the-match-awards,UEFA Champions League: Most Player of the Match Awards,2026-02-21T00:50:31.509181Z,1399584,will-player-n-record-the-most-player-of-the-match-awards-during-the-2025-uefa-champions-league-291,Will Player N record the most Player of the Match awards during the 2025 UEFA Champions League?,0x81565c8493d037035b7b4851b4e2ca9569742b30f229f830d17514b91e536cae,"[""109782401117309650576497352421611291035132681989661359335540621863811094237055"", ""86659283774155098992683804904293030260978791473075397577306483735252999976740""]",109782401117309650576497352421611291035132681989661359335540621863811094237055|86659283774155098992683804904293030260978791473075397577306483735252999976740,109782401117309650576497352421611291035132681989661359335540621863811094237055,Yes,False,,,,,,,,,,,0,0
2026-05-25T00:01:01Z,UCL,217713,uefa-champions-league-most-player-of-the-match-awards,UEFA Champions League: Most Player of the Match Awards,2026-02-21T00:50:31.509181Z,1399584,will-player-n-record-the-most-player-of-the-match-awards-during-the-2025-uefa-champions-league-291,Will Player N record the most Player of the Match awards during the 2025 UEFA Champions League?,0x81565c8493d037035b7b4851b4e2ca9569742b30f229f830d17514b91e536cae,"[""109782401117309650576497352421611291035132681989661359335540621863811094237055"", ""86659283774155098992683804904293030260978791473075397577306483735252999976740""]",109782401117309650576497352421611291035132681989661359335540621863811094237055|86659283774155098992683804904293030260978791473075397577306483735252999976740,86659283774155098992683804904293030260978791473075397577306483735252999976740,No,False,,,,,,,,,,,0,0
2026-05-25T00:01:01Z,UCL,217713,uefa-champions-league-most-player-of-the-match-awards,UEFA Champions League: Most Player of the Match Awards,2026-02-21T00:50:31.509181Z,1399586,will-player-p-record-the-most-player-of-the-match-awards-during-the-2025-uefa-champions-league-614,Will Player P record the most Player of the Match awards during the 2025 UEFA Champions League?,0xbf90eebdc0e09afd5fa0b5437c61582cacdca4136aee340018032f7e4b280347,"[""44308878221404459818699534691713057802880457570562819729909887781207160563418"", ""101442340745266669572370024174143186351687298365805481137183902419970875142139""]",44308878221404459818699534691713057802880457570562819729909887781207160563418|101442340745266669572370024174143186351687298365805481137183902419970875142139,44308878221404459818699534691713057802880457570562819729909887781207160563418,Yes,False,,,,,,,,,,,0,0
2026-05-25T00:01:01Z,UCL,217713,uefa-champions-league-most-player-of-the-match-awards,UEFA Champions League: Most Player of the Match Awards,2026-02-21T00:50:31.509181Z,1399586,will-player-p-record-the-most-player-of-the-match-awards-during-the-2025-uefa-champions-league-614,Will Player P record the most Player of the Match awards during the 2025 UEFA Champions League?,0xbf90eebdc0e09afd5fa0b5437c61582cacdca4136aee340018032f7e4b280347,"[""44308878221404459818699534691713057802880457570562819729909887781207160563418"", ""101442340745266669572370024174143186351687298365805481137183902419970875142139""]",44308878221404459818699534691713057802880457570562819729909887781207160563418|101442340745266669572370024174143186351687298365805481137183902419970875142139,101442340745266669572370024174143186351687298365805481137183902419970875142139,No,False,,,,,,,,,,,0,0
2026-05-25T00:01:01Z,UCL,217813,uefa-champions-league-top-scorer-club,UEFA Champions League: Top Scorer (Club),2026-02-24T17:26:51.055374Z,1399728,will-bayern-mnchen-score-the-most-goals-in-2025-26-uefa-champions-league,Will Bayern München score the most goals in 2025-26 UEFA Champions League?,0xd5e19bded7ea2f9964c89309631fe1018230e9fe16527c6f0f61cf184dc26be6,"[""51289508620871458772581161474957821788876062992593702547607520622386380485250"", ""69717884166097471714721649030416555612514383447427456531696860280881856376862""]",51289508620871458772581161474957821788876062992593702547607520622386380485250|69717884166097471714721649030416555612514383447427456531696860280881856376862,51289508620871458772581161474957821788876062992593702547607520622386380485250,Yes,False,,,,,,,,,,,,605.1199529999999
2026-05-25T00:01:01Z,UCL,217813,uefa-champions-league-top-scorer-club,UEFA Champions League: Top Scorer (Club),2026-02-24T17:26:51.055374Z,1399728,will-bayern-mnchen-score-the-most-goals-in-2025-26-uefa-champions-league,Will Bayern München score the most goals in 2025-26 UEFA Champions League?,0xd5e19bded7ea2f9964c89309631fe1018230e9fe16527c6f0f61cf184dc26be6,"[""51289508620871458772581161474957821788876062992593702547607520622386380485250"", ""69717884166097471714721649030416555612514383447427456531696860280881856376862""]",51289508620871458772581161474957821788876062992593702547607520622386380485250|69717884166097471714721649030416555612514383447427456531696860280881856376862,69717884166097471714721649030416555612514383447427456531696860280881856376862,No,False,,,,,,,,,,,,605.1199529999999
2026-05-25T00:01:01Z,UCL,217813,uefa-champions-league-top-scorer-club,UEFA Champions League: Top Scorer (Club),2026-02-24T17:26:51.055374Z,1399730,will-tottenham-hotspur-score-the-most-goals-in-2025-26-uefa-champions-league,Will Tottenham Hotspur score the most goals in 2025-26 UEFA Champions League?,0x246b9b7904c7556c3b6b5e28242014e161fa6ccc3178a71fe8955dc61f0d38e4,"[""102327567273097806500753975177323154721246225420065268272534670838893192469566"", ""60582132708542747813956247885047938065113358000912063768078904832229626546538""]",102327567273097806500753975177323154721246225420065268272534670838893192469566|60582132708542747813956247885047938065113358000912063768078904832229626546538,102327567273097806500753975177323154721246225420065268272534670838893192469566,Yes,False,,,,,,,,,,,,
2026-05-25T00:01:01Z,UCL,217813,uefa-champions-league-top-scorer-club,UEFA Champions League: Top Scorer (Club),2026-02-24T17:26:51.055374Z,1399730,will-tottenham-hotspur-score-the-most-goals-in-2025-26-uefa-champions-league,Will Tottenham Hotspur score the most goals in 2025-26 UEFA Champions League?,0x246b9b7904c7556c3b6b5e28242014e161fa6ccc3178a71fe8955dc61f0d38e4,"[""102327567273097806500753975177323154721246225420065268272534670838893192469566"", ""60582132708542747813956247885047938065113358000912063768078904832229626546538""]",102327567273097806500753975177323154721246225420065268272534670838893192469566|60582132708542747813956247885047938065113358000912063768078904832229626546538,60582132708542747813956247885047938065113358000912063768078904832229626546538,No,False,,,,,,,,,,,,
2026-05-25T00:01:01Z,UCL,217813,uefa-champions-league-top-scorer-club,UEFA Champions League: Top Scorer (Club),2026-02-24T17:26:51.055374Z,1399732,will-chelsea-score-the-most-goals-in-2025-26-uefa-champions-league,Will Chelsea score the most goals in 2025-26 UEFA Champions League?,0x681aeec908918434b7fe8dd064f75a1a4d6ea666140602df843273b5df73c6e4,"[""85181025605253196342114638902221366428743477943639826972473026004178971528637"", ""46744796772192423818973275445591788117077219914742343336456320292826272171612""]",85181025605253196342114638902221366428743477943639826972473026004178971528637|46744796772192423818973275445591788117077219914742343336456320292826272171612,85181025605253196342114638902221366428743477943639826972473026004178971528637,Yes,False,,,,,,,,,,,,
2026-05-25T00:01:01Z,UCL,217813,uefa-champions-league-top-scorer-club,UEFA Champions League: Top Scorer (Club),2026-02-24T17:26:51.055374Z,1399732,will-chelsea-score-the-most-goals-in-2025-26-uefa-champions-league,Will Chelsea score the most goals in 2025-26 UEFA Champions League?,0x681aeec908918434b7fe8dd064f75a1a4d6ea666140602df843273b5df73c6e4,"[""85181025605253196342114638902221366428743477943639826972473026004178971528637"", ""46744796772192423818973275445591788117077219914742343336456320292826272171612""]",85181025605253196342114638902221366428743477943639826972473026004178971528637|46744796772192423818973275445591788117077219914742343336456320292826272171612,46744796772192423818973275445591788117077219914742343336456320292826272171612,No,False,,,,,,,,,,,,
2026-05-25T00:01:01Z,UCL,217813,uefa-champions-league-top-scorer-club,UEFA Champions League: Top Scorer (Club),2026-02-24T17:26:51.055374Z,1399733,will-sporting-cp-score-the-most-goals-in-2025-26-uefa-champions-league,Will Sporting CP score the most goals in 2025-26 UEFA Champions League?,0x472d52388a952ff045e2bff8b9c0b43900823dcb245153d09e936c59b25e3831,"[""114592343121941737518718937703348847966530965575015111401746998717127759653514"", ""52233709120819162519250810256755201820992209593170247175597686790782178493131""]",114592343121941737518718937703348847966530965575015111401746998717127759653514|52233709120819162519250810256755201820992209593170247175597686790782178493131,114592343121941737518718937703348847966530965575015111401746998717127759653514,Yes,False,,,,,,,,,,,,1755.743
2026-05-25T00:01:01Z,UCL,217813,uefa-champions-league-top-scorer-club,UEFA Champions League: Top Scorer (Club),2026-02-24T17:26:51.055374Z,1399733,will-sporting-cp-score-the-most-goals-in-2025-26-uefa-champions-league,Will Sporting CP score the most goals in 2025-26 UEFA Champions League?,0x472d52388a952ff045e2bff8b9c0b43900823dcb245153d09e936c59b25e3831,"[""114592343121941737518718937703348847966530965575015111401746998717127759653514"", ""52233709120819162519250810256755201820992209593170247175597686790782178493131""]",114592343121941737518718937703348847966530965575015111401746998717127759653514|52233709120819162519250810256755201820992209593170247175597686790782178493131,52233709120819162519250810256755201820992209593170247175597686790782178493131,No,False,,,,,,,,,,,,1755.743
2026-05-25T00:01:01Z,UCL,217813,uefa-champions-league-top-scorer-club,UEFA Champions League: Top Scorer (Club),2026-02-24T17:26:51.055374Z,1399727,will-arsenal-score-the-most-goals-in-2025-26-uefa-champions-league,Will Arsenal score the most goals in 2025-26 UEFA Champions League?,0xeea1d0a2517facdf92720d8bd772e1ce7b84dc0f4b095d25d5a9bc9973623783,"[""14948428089017933980938863621743816263233541000532684116779344394565678428466"", ""88824069579148987659122535281581127446564508484101080771138861949081085911689""]",14948428089017933980938863621743816263233541000532684116779344394565678428466|88824069579148987659122535281581127446564508484101080771138861949081085911689,14948428089017933980938863621743816263233541000532684116779344394565678428466,Yes,True,0.001,104.1,0.004,12.0,0.0025,0.003,6cf9b870a59958077dab76c0a5b677ce4cb1343b,0.001,5,0.002,13152.6133,3288.527508
2026-05-25T00:01:01Z,UCL,217813,uefa-champions-league-top-scorer-club,UEFA Champions League: Top Scorer (Club),2026-02-24T17:26:51.055374Z,1399727,will-arsenal-score-the-most-goals-in-2025-26-uefa-champions-league,Will Arsenal score the most goals in 2025-26 UEFA Champions League?,0xeea1d0a2517facdf92720d8bd772e1ce7b84dc0f4b095d25d5a9bc9973623783,"[""14948428089017933980938863621743816263233541000532684116779344394565678428466"", ""88824069579148987659122535281581127446564508484101080771138861949081085911689""]",14948428089017933980938863621743816263233541000532684116779344394565678428466|88824069579148987659122535281581127446564508484101080771138861949081085911689,88824069579148987659122535281581127446564508484101080771138861949081085911689,No,True,0.996,12.0,0.999,104.1,0.9975,0.0030000000000000027,817e973459c0c9f9b8709515c4cca4b5083a302c,0.001,5,0.002,13152.6133,3288.527508
2026-05-25T00:01:01Z,UCL,217813,uefa-champions-league-top-scorer-club,UEFA Champions League: Top Scorer (Club),2026-02-24T17:26:51.055374Z,1399729,will-liverpool-score-the-most-goals-in-2025-26-uefa-champions-league,Will Liverpool score the most goals in 2025-26 UEFA Champions League?,0x507cfb9f57c83b4c5f2c060423e15fcb5539738f447f76848bbd2c7df5739c50,"[""102543447385116067906083574690247116887593527109278480700681247156895896318375"", ""59367489169134936077585001014893228335954905209163232872684116442007031099913""]",102543447385116067906083574690247116887593527109278480700681247156895896318375|59367489169134936077585001014893228335954905209163232872684116442007031099913,102543447385116067906083574690247116887593527109278480700681247156895896318375,Yes,False,,,,,,,,,,,,570.310789
2026-05-25T00:01:01Z,UCL,217813,uefa-champions-league-top-scorer-club,UEFA Champions League: Top Scorer (Club),2026-02-24T17:26:51.055374Z,1399729,will-liverpool-score-the-most-goals-in-2025-26-uefa-champions-league,Will Liverpool score the most goals in 2025-26 UEFA Champions League?,0x507cfb9f57c83b4c5f2c060423e15fcb5539738f447f76848bbd2c7df5739c50,"[""102543447385116067906083574690247116887593527109278480700681247156895896318375"", ""59367489169134936077585001014893228335954905209163232872684116442007031099913""]",102543447385116067906083574690247116887593527109278480700681247156895896318375|59367489169134936077585001014893228335954905209163232872684116442007031099913,59367489169134936077585001014893228335954905209163232872684116442007031099913,No,False,,,,,,,,,,,,570.310789
2026-05-25T00:01:01Z,UCL,217813,uefa-champions-league-top-scorer-club,UEFA Champions League: Top Scorer (Club),2026-02-24T17:26:51.055374Z,1399731,will-barcelona-score-the-most-goals-in-2025-26-uefa-champions-league,Will Barcelona score the most goals in 2025-26 UEFA Champions League?,0x2b99b92df157018bf27d875922e7c83e33652dcd27aa4b910db29cad29264e65,"[""251063956442534345296524986967836361131842633733724394476277639561319325497"", ""111441667498839120276980007851803299612320878145794027888730199873519853439572""]",251063956442534345296524986967836361131842633733724394476277639561319325497|111441667498839120276980007851803299612320878145794027888730199873519853439572,251063956442534345296524986967836361131842633733724394476277639561319325497,Yes,False,,,,,,,,,,,,18000.204735
2026-05-25T00:01:01Z,UCL,217813,uefa-champions-league-top-scorer-club,UEFA Champions League: Top Scorer (Club),2026-02-24T17:26:51.055374Z,1399731,will-barcelona-score-the-most-goals-in-2025-26-uefa-champions-league,Will Barcelona score the most goals in 2025-26 UEFA Champions League?,0x2b99b92df157018bf27d875922e7c83e33652dcd27aa4b910db29cad29264e65,"[""251063956442534345296524986967836361131842633733724394476277639561319325497"", ""111441667498839120276980007851803299612320878145794027888730199873519853439572""]",251063956442534345296524986967836361131842633733724394476277639561319325497|111441667498839120276980007851803299612320878145794027888730199873519853439572,111441667498839120276980007851803299612320878145794027888730199873519853439572,No,False,,,,,,,,,,,,18000.204735
2026-05-25T00:01:01Z,UCL,217813,uefa-champions-league-top-scorer-club,UEFA Champions League: Top Scorer (Club),2026-02-24T17:26:51.055374Z,1399735,will-manchester-city-score-the-most-goals-in-2025-26-uefa-champions-league,Will Manchester City score the most goals in 2025-26 UEFA Champions League?,0x5c913b7ac2fac666308f090ced7c8277a65c6f97dfdb6cd90c30952c45a8f30d,"[""34216194346105399929319982294124649134974617539193319722960929143336908873751"", ""40467787993647518156648118762623736042576085510398927438153291126566019980755""]",34216194346105399929319982294124649134974617539193319722960929143336908873751|40467787993647518156648118762623736042576085510398927438153291126566019980755,34216194346105399929319982294124649134974617539193319722960929143336908873751,Yes,False,,,,,,,,,,,,275.604197
2026-05-25T00:01:01Z,UCL,217813,uefa-champions-league-top-scorer-club,UEFA Champions League: Top Scorer (Club),2026-02-24T17:26:51.055374Z,1399735,will-manchester-city-score-the-most-goals-in-2025-26-uefa-champions-league,Will Manchester City score the most goals in 2025-26 UEFA Champions League?,0x5c913b7ac2fac666308f090ced7c8277a65c6f97dfdb6cd90c30952c45a8f30d,"[""34216194346105399929319982294124649134974617539193319722960929143336908873751"", ""40467787993647518156648118762623736042576085510398927438153291126566019980755""]",34216194346105399929319982294124649134974617539193319722960929143336908873751|40467787993647518156648118762623736042576085510398927438153291126566019980755,40467787993647518156648118762623736042576085510398927438153291126566019980755,No,False,,,,,,,,,,,,275.604197
2026-05-25T00:01:01Z,UCL,217813,uefa-champions-league-top-scorer-club,UEFA Champions League: Top Scorer (Club),2026-02-24T17:26:51.055374Z,1399739,will-borussia-dortmund-score-the-most-goals-in-2025-26-uefa-champions-league,Will Borussia Dortmund score the most goals in 2025-26 UEFA Champions League?,0x21c5d27fdcfeedfefd4d21ab543d507671c07dea3ad496ec7691a0576864ba6f,"[""75193150779061904463679752886718526963156460473489130594745322015528765965577"", ""42804793299708600208691005384619659067831828576122259458782356110730838973541""]",75193150779061904463679752886718526963156460473489130594745322015528765965577|42804793299708600208691005384619659067831828576122259458782356110730838973541,75193150779061904463679752886718526963156460473489130594745322015528765965577,Yes,False,,,,,,,,,,,,742.68
2026-05-25T00:01:01Z,UCL,217813,uefa-champions-league-top-scorer-club,UEFA Champions League: Top Scorer (Club),2026-02-24T17:26:51.055374Z,1399739,will-borussia-dortmund-score-the-most-goals-in-2025-26-uefa-champions-league,Will Borussia Dortmund score the most goals in 2025-26 UEFA Champions League?,0x21c5d27fdcfeedfefd4d21ab543d507671c07dea3ad496ec7691a0576864ba6f,"[""75193150779061904463679752886718526963156460473489130594745322015528765965577"", ""42804793299708600208691005384619659067831828576122259458782356110730838973541""]",75193150779061904463679752886718526963156460473489130594745322015528765965577|42804793299708600208691005384619659067831828576122259458782356110730838973541,42804793299708600208691005384619659067831828576122259458782356110730838973541,No,False,,,,,,,,,,,,742.68
2026-05-25T00:01:01Z,UCL,217813,uefa-champions-league-top-scorer-club,UEFA Champions League: Top Scorer (Club),2026-02-24T17:26:51.055374Z,1399745,will-inter-milan-inter-score-the-most-goals-in-2025-26-uefa-champions-league,Will Inter Milan (Inter) score the most goals in 2025-26 UEFA Champions League?,0x845baf55ec1a624c81e569447835469caa0911222fc808309ff56a6c2c58f836,"[""32690870357436412135903971925932084957979783862358950938734334155988781035213"", ""109089650622498764442043954681874817153637722421902336666015261086008168286834""]",32690870357436412135903971925932084957979783862358950938734334155988781035213|109089650622498764442043954681874817153637722421902336666015261086008168286834,32690870357436412135903971925932084957979783862358950938734334155988781035213,Yes,False,,,,,,,,,,,,133.3256
2026-05-25T00:01:01Z,UCL,217813,uefa-champions-league-top-scorer-club,UEFA Champions League: Top Scorer (Club),2026-02-24T17:26:51.055374Z,1399745,will-inter-milan-inter-score-the-most-goals-in-2025-26-uefa-champions-league,Will Inter Milan (Inter) score the most goals in 2025-26 UEFA Champions League?,0x845baf55ec1a624c81e569447835469caa0911222fc808309ff56a6c2c58f836,"[""32690870357436412135903971925932084957979783862358950938734334155988781035213"", ""109089650622498764442043954681874817153637722421902336666015261086008168286834""]",32690870357436412135903971925932084957979783862358950938734334155988781035213|109089650622498764442043954681874817153637722421902336666015261086008168286834,109089650622498764442043954681874817153637722421902336666015261086008168286834,No,False,,,,,,,,,,,,133.3256
2026-05-25T00:01:01Z,UCL,217813,uefa-champions-league-top-scorer-club,UEFA Champions League: Top Scorer (Club),2026-02-24T17:26:51.055374Z,1399747,will-bayer-leverkusen-score-the-most-goals-in-2025-26-uefa-champions-league,Will Bayer Leverkusen score the most goals in 2025-26 UEFA Champions League?,0x012f90546ebd674f92cc0112e70afec17657e669b64846222cc652a2dd8dc03a,"[""82563751666613758338348414189498438877278161313597971442473191446813413302277"", ""45106164041412690958264036308332299802324429277808010624345691366135237936035""]",82563751666613758338348414189498438877278161313597971442473191446813413302277|45106164041412690958264036308332299802324429277808010624345691366135237936035,82563751666613758338348414189498438877278161313597971442473191446813413302277,Yes,False,,,,,,,,,,,,
2026-05-25T00:01:01Z,UCL,217813,uefa-champions-league-top-scorer-club,UEFA Champions League: Top Scorer (Club),2026-02-24T17:26:51.055374Z,1399747,will-bayer-leverkusen-score-the-most-goals-in-2025-26-uefa-champions-league,Will Bayer Leverkusen score the most goals in 2025-26 UEFA Champions League?,0x012f90546ebd674f92cc0112e70afec17657e669b64846222cc652a2dd8dc03a,"[""82563751666613758338348414189498438877278161313597971442473191446813413302277"", ""45106164041412690958264036308332299802324429277808010624345691366135237936035""]",82563751666613758338348414189498438877278161313597971442473191446813413302277|45106164041412690958264036308332299802324429277808010624345691366135237936035,45106164041412690958264036308332299802324429277808010624345691366135237936035,No,False,,,,,,,,,,,,
2026-05-25T00:01:01Z,UCL,217813,uefa-champions-league-top-scorer-club,UEFA Champions League: Top Scorer (Club),2026-02-24T17:26:51.055374Z,1399749,will-newcastle-united-score-the-most-goals-in-2025-26-uefa-champions-league,Will Newcastle United score the most goals in 2025-26 UEFA Champions League?,0x8b0739f3761472d17de8c24d8f61d98fde1bcd5e72c58e5322f416eafd4c135d,"[""8810708921434689891883600534765828016376034521466517043896950848886813010231"", ""80478285102174403978475690690147341158247107232937238007515641048251610922786""]",8810708921434689891883600534765828016376034521466517043896950848886813010231|80478285102174403978475690690147341158247107232937238007515641048251610922786,8810708921434689891883600534765828016376034521466517043896950848886813010231,Yes,False,,,,,,,,,,,,
2026-05-25T00:01:01Z,UCL,217813,uefa-champions-league-top-scorer-club,UEFA Champions League: Top Scorer (Club),2026-02-24T17:26:51.055374Z,1399749,will-newcastle-united-score-the-most-goals-in-2025-26-uefa-champions-league,Will Newcastle United score the most goals in 2025-26 UEFA Champions League?,0x8b0739f3761472d17de8c24d8f61d98fde1bcd5e72c58e5322f416eafd4c135d,"[""8810708921434689891883600534765828016376034521466517043896950848886813010231"", ""80478285102174403978475690690147341158247107232937238007515641048251610922786""]",8810708921434689891883600534765828016376034521466517043896950848886813010231|80478285102174403978475690690147341158247107232937238007515641048251610922786,80478285102174403978475690690147341158247107232937238007515641048251610922786,No,False,,,,,,,,,,,,
2026-05-25T00:01:01Z,UCL,217813,uefa-champions-league-top-scorer-club,UEFA Champions League: Top Scorer (Club),2026-02-24T17:26:51.055374Z,1399751,will-paris-saint-germain-psg-score-the-most-goals-in-2025-26-uefa-champions-league,Will Paris Saint-Germain (PSG) score the most goals in 2025-26 UEFA Champions League?,0xc6f1b6bf80d25336668e842d2c28768581df80de66bb9396b9f03fa308e935e7,"[""86890405007710676112849965044372265362342947040746779371081076786304350779671"", ""22937529524864648930814983971925149566712743873063727607898829266911305221833""]",86890405007710676112849965044372265362342947040746779371081076786304350779671|22937529524864648930814983971925149566712743873063727607898829266911305221833,86890405007710676112849965044372265362342947040746779371081076786304350779671,Yes,True,0.997,18.0,0.998,200.0,0.9975,0.0010000000000000009,a7e544af50395abe06453578e6a479ab7db1802e,0.001,5,0.998,18272.65293,10236.654981999996
2026-05-25T00:01:01Z,UCL,217813,uefa-champions-league-top-scorer-club,UEFA Champions League: Top Scorer (Club),2026-02-24T17:26:51.055374Z,1399751,will-paris-saint-germain-psg-score-the-most-goals-in-2025-26-uefa-champions-league,Will Paris Saint-Germain (PSG) score the most goals in 2025-26 UEFA Champions League?,0xc6f1b6bf80d25336668e842d2c28768581df80de66bb9396b9f03fa308e935e7,"[""86890405007710676112849965044372265362342947040746779371081076786304350779671"", ""22937529524864648930814983971925149566712743873063727607898829266911305221833""]",86890405007710676112849965044372265362342947040746779371081076786304350779671|22937529524864648930814983971925149566712743873063727607898829266911305221833,22937529524864648930814983971925149566712743873063727607898829266911305221833,No,True,0.002,200.0,0.003,18.0,0.0025,0.001,b18dabe8b1064512b3b3f69e19d400be189ca7cf,0.001,5,0.998,18272.65293,10236.654981999996
2026-05-25T00:01:01Z,UCL,217813,uefa-champions-league-top-scorer-club,UEFA Champions League: Top Scorer (Club),2026-02-24T17:26:51.055374Z,1399753,will-club-a-score-the-most-goals-in-2025-26-uefa-champions-league,Will club A score the most goals in 2025-26 UEFA Champions League?,0xc774eccea54048de50dab5092a83dfa726c43d5cca89a8adbde626a69148da5a,"[""4641601972277662682918939708644857941937386094107976907974840486127836616951"", ""24651625977217722481098764047205809181237127027014008177047374516128251535947""]",4641601972277662682918939708644857941937386094107976907974840486127836616951|24651625977217722481098764047205809181237127027014008177047374516128251535947,4641601972277662682918939708644857941937386094107976907974840486127836616951,Yes,False,,,,,,,,,,,0,0
2026-05-25T00:01:01Z,UCL,217813,uefa-champions-league-top-scorer-club,UEFA Champions League: Top Scorer (Club),2026-02-24T17:26:51.055374Z,1399753,will-club-a-score-the-most-goals-in-2025-26-uefa-champions-league,Will club A score the most goals in 2025-26 UEFA Champions League?,0xc774eccea54048de50dab5092a83dfa726c43d5cca89a8adbde626a69148da5a,"[""4641601972277662682918939708644857941937386094107976907974840486127836616951"", ""24651625977217722481098764047205809181237127027014008177047374516128251535947""]",4641601972277662682918939708644857941937386094107976907974840486127836616951|24651625977217722481098764047205809181237127027014008177047374516128251535947,24651625977217722481098764047205809181237127027014008177047374516128251535947,No,False,,,,,,,,,,,0,0
2026-05-25T00:01:01Z,UCL,217813,uefa-champions-league-top-scorer-club,UEFA Champions League: Top Scorer (Club),2026-02-24T17:26:51.055374Z,1399755,will-club-c-score-the-most-goals-in-2025-26-uefa-champions-league,Will club C score the most goals in 2025-26 UEFA Champions League?,0x420ce3cff82c328ed33c8ca491ab63846b8787a75ab299e3203d42ff55925ce9,"[""92682913841602173450246624248216103704493923866957237028716629697794482454669"", ""67613811622643134409058865743898137573232448486317747117725474148037805479567""]",92682913841602173450246624248216103704493923866957237028716629697794482454669|67613811622643134409058865743898137573232448486317747117725474148037805479567,92682913841602173450246624248216103704493923866957237028716629697794482454669,Yes,False,,,,,,,,,,,0,0
2026-05-25T00:01:01Z,UCL,217813,uefa-champions-league-top-scorer-club,UEFA Champions League: Top Scorer (Club),2026-02-24T17:26:51.055374Z,1399755,will-club-c-score-the-most-goals-in-2025-26-uefa-champions-league,Will club C score the most goals in 2025-26 UEFA Champions League?,0x420ce3cff82c328ed33c8ca491ab63846b8787a75ab299e3203d42ff55925ce9,"[""92682913841602173450246624248216103704493923866957237028716629697794482454669"", ""67613811622643134409058865743898137573232448486317747117725474148037805479567""]",92682913841602173450246624248216103704493923866957237028716629697794482454669|67613811622643134409058865743898137573232448486317747117725474148037805479567,67613811622643134409058865743898137573232448486317747117725474148037805479567,No,False,,,,,,,,,,,0,0
2026-05-25T00:01:01Z,UCL,217813,uefa-champions-league-top-scorer-club,UEFA Champions League: Top Scorer (Club),2026-02-24T17:26:51.055374Z,1399736,will-atalanta-score-the-most-goals-in-2025-26-uefa-champions-league,Will Atalanta score the most goals in 2025-26 UEFA Champions League?,0x5bfc8fb1b6aabded270c28c650d0cf11287d8cddaead5a537f73ff919e3c03d8,"[""12585648940294193378922020855803724526899506335266059364926890974811997423386"", ""9982939879206557582977963887938650965212629005371217452751514669910457462720""]",12585648940294193378922020855803724526899506335266059364926890974811997423386|9982939879206557582977963887938650965212629005371217452751514669910457462720,12585648940294193378922020855803724526899506335266059364926890974811997423386,Yes,False,,,,,,,,,,,,
2026-05-25T00:01:01Z,UCL,217813,uefa-champions-league-top-scorer-club,UEFA Champions League: Top Scorer (Club),2026-02-24T17:26:51.055374Z,1399736,will-atalanta-score-the-most-goals-in-2025-26-uefa-champions-league,Will Atalanta score the most goals in 2025-26 UEFA Champions League?,0x5bfc8fb1b6aabded270c28c650d0cf11287d8cddaead5a537f73ff919e3c03d8,"[""12585648940294193378922020855803724526899506335266059364926890974811997423386"", ""9982939879206557582977963887938650965212629005371217452751514669910457462720""]",12585648940294193378922020855803724526899506335266059364926890974811997423386|9982939879206557582977963887938650965212629005371217452751514669910457462720,9982939879206557582977963887938650965212629005371217452751514669910457462720,No,False,,,,,,,,,,,,
2026-05-25T00:01:01Z,UCL,217813,uefa-champions-league-top-scorer-club,UEFA Champions League: Top Scorer (Club),2026-02-24T17:26:51.055374Z,1399740,will-benfica-score-the-most-goals-in-2025-26-uefa-champions-league,Will Benfica score the most goals in 2025-26 UEFA Champions League?,0xb48178d6ac443dbd5f8151271d508a0d9951e498ac51723e2f56cd703408479e,"[""63852310735106804744278801371003483219351239579985971815165935660800391396541"", ""19308035572839839901614218680884478828643320506286775583675152050774400239982""]",63852310735106804744278801371003483219351239579985971815165935660800391396541|19308035572839839901614218680884478828643320506286775583675152050774400239982,63852310735106804744278801371003483219351239579985971815165935660800391396541,Yes,False,,,,,,,,,,,,133.3355
2026-05-25T00:01:01Z,UCL,217813,uefa-champions-league-top-scorer-club,UEFA Champions League: Top Scorer (Club),2026-02-24T17:26:51.055374Z,1399740,will-benfica-score-the-most-goals-in-2025-26-uefa-champions-league,Will Benfica score the most goals in 2025-26 UEFA Champions League?,0xb48178d6ac443dbd5f8151271d508a0d9951e498ac51723e2f56cd703408479e,"[""63852310735106804744278801371003483219351239579985971815165935660800391396541"", ""19308035572839839901614218680884478828643320506286775583675152050774400239982""]",63852310735106804744278801371003483219351239579985971815165935660800391396541|19308035572839839901614218680884478828643320506286775583675152050774400239982,19308035572839839901614218680884478828643320506286775583675152050774400239982,No,False,,,,,,,,,,,,133.3355
2026-05-25T00:01:01Z,UCL,217813,uefa-champions-league-top-scorer-club,UEFA Champions League: Top Scorer (Club),2026-02-24T17:26:51.055374Z,1399743,will-club-brugge-score-the-most-goals-in-2025-26-uefa-champions-league,Will Club Brugge score the most goals in 2025-26 UEFA Champions League?,0x2af61aa5d788024726e01887a5e6daa97d453f4881805e5016a9603fff9a7a9a,"[""27444701436150835702844086366406953804519589779947173226227482383266841325272"", ""114793200540227420819095626369330122649658098361715069191819962497536743485378""]",27444701436150835702844086366406953804519589779947173226227482383266841325272|114793200540227420819095626369330122649658098361715069191819962497536743485378,27444701436150835702844086366406953804519589779947173226227482383266841325272,Yes,False,,,,,,,,,,,,151.6701
2026-05-25T00:01:01Z,UCL,217813,uefa-champions-league-top-scorer-club,UEFA Champions League: Top Scorer (Club),2026-02-24T17:26:51.055374Z,1399743,will-club-brugge-score-the-most-goals-in-2025-26-uefa-champions-league,Will Club Brugge score the most goals in 2025-26 UEFA Champions League?,0x2af61aa5d788024726e01887a5e6daa97d453f4881805e5016a9603fff9a7a9a,"[""27444701436150835702844086366406953804519589779947173226227482383266841325272"", ""114793200540227420819095626369330122649658098361715069191819962497536743485378""]",27444701436150835702844086366406953804519589779947173226227482383266841325272|114793200540227420819095626369330122649658098361715069191819962497536743485378,114793200540227420819095626369330122649658098361715069191819962497536743485378,No,False,,,,,,,,,,,,151.6701
2026-05-25T00:01:01Z,UCL,217813,uefa-champions-league-top-scorer-club,UEFA Champions League: Top Scorer (Club),2026-02-24T17:26:51.055374Z,1399737,will-atltico-madrid-score-the-most-goals-in-2025-26-uefa-champions-league,Will Atlético Madrid score the most goals in 2025-26 UEFA Champions League?,0x861411662265cf51cfa6712b43a188e2dfd3ae50868aa5b107eb7198901b3be8,"[""103256457405344125177257701423235244215119959538653759759110579355718203158694"", ""6767375581682113970382242016988456976048037093305017821948176625735403077252""]",103256457405344125177257701423235244215119959538653759759110579355718203158694|6767375581682113970382242016988456976048037093305017821948176625735403077252,103256457405344125177257701423235244215119959538653759759110579355718203158694,Yes,False,,,,,,,,,,,,904.16811
2026-05-25T00:01:01Z,UCL,217813,uefa-champions-league-top-scorer-club,UEFA Champions League: Top Scorer (Club),2026-02-24T17:26:51.055374Z,1399737,will-atltico-madrid-score-the-most-goals-in-2025-26-uefa-champions-league,Will Atlético Madrid score the most goals in 2025-26 UEFA Champions League?,0x861411662265cf51cfa6712b43a188e2dfd3ae50868aa5b107eb7198901b3be8,"[""103256457405344125177257701423235244215119959538653759759110579355718203158694"", ""6767375581682113970382242016988456976048037093305017821948176625735403077252""]",103256457405344125177257701423235244215119959538653759759110579355718203158694|6767375581682113970382242016988456976048037093305017821948176625735403077252,6767375581682113970382242016988456976048037093305017821948176625735403077252,No,False,,,,,,,,,,,,904.16811
2026-05-25T00:01:01Z,UCL,217813,uefa-champions-league-top-scorer-club,UEFA Champions League: Top Scorer (Club),2026-02-24T17:26:51.055374Z,1399741,will-bodglimt-score-the-most-goals-in-2025-26-uefa-champions-league,Will Bodø/Glimt score the most goals in 2025-26 UEFA Champions League?,0xdc3612d9fae53ceb5d355093c6daea88e3f83558304bd8565e90245fe8bf60c9,"[""69758416599729992371478716014430477418393032619526802220846692485001836294731"", ""92687210924441253763376543716398762557158943737776524323908739801268797867336""]",69758416599729992371478716014430477418393032619526802220846692485001836294731|92687210924441253763376543716398762557158943737776524323908739801268797867336,69758416599729992371478716014430477418393032619526802220846692485001836294731,Yes,False,,,,,,,,,,,,
2026-05-25T00:01:01Z,UCL,217813,uefa-champions-league-top-scorer-club,UEFA Champions League: Top Scorer (Club),2026-02-24T17:26:51.055374Z,1399741,will-bodglimt-score-the-most-goals-in-2025-26-uefa-champions-league,Will Bodø/Glimt score the most goals in 2025-26 UEFA Champions League?,0xdc3612d9fae53ceb5d355093c6daea88e3f83558304bd8565e90245fe8bf60c9,"[""69758416599729992371478716014430477418393032619526802220846692485001836294731"", ""92687210924441253763376543716398762557158943737776524323908739801268797867336""]",69758416599729992371478716014430477418393032619526802220846692485001836294731|92687210924441253763376543716398762557158943737776524323908739801268797867336,92687210924441253763376543716398762557158943737776524323908739801268797867336,No,False,,,,,,,,,,,,
2026-05-25T00:01:01Z,UCL,217813,uefa-champions-league-top-scorer-club,UEFA Champions League: Top Scorer (Club),2026-02-24T17:26:51.055374Z,1399744,will-galatasaray-score-the-most-goals-in-2025-26-uefa-champions-league,Will Galatasaray score the most goals in 2025-26 UEFA Champions League?,0x537b25aa946105c11511d63c199e22cda8983c0c858fea0813a86880e770de66,"[""67076309774242442819162136298718760008261040020669976089837527342603543770688"", ""18777620647597120561945061819800470767133290580880559817444544119308348574896""]",67076309774242442819162136298718760008261040020669976089837527342603543770688|18777620647597120561945061819800470767133290580880559817444544119308348574896,67076309774242442819162136298718760008261040020669976089837527342603543770688,Yes,False,,,,,,,,,,,,
2026-05-25T00:01:01Z,UCL,217813,uefa-champions-league-top-scorer-club,UEFA Champions League: Top Scorer (Club),2026-02-24T17:26:51.055374Z,1399744,will-galatasaray-score-the-most-goals-in-2025-26-uefa-champions-league,Will Galatasaray score the most goals in 2025-26 UEFA Champions League?,0x537b25aa946105c11511d63c199e22cda8983c0c858fea0813a86880e770de66,"[""67076309774242442819162136298718760008261040020669976089837527342603543770688"", ""18777620647597120561945061819800470767133290580880559817444544119308348574896""]",67076309774242442819162136298718760008261040020669976089837527342603543770688|18777620647597120561945061819800470767133290580880559817444544119308348574896,18777620647597120561945061819800470767133290580880559817444544119308348574896,No,False,,,,,,,,,,,,
2026-05-25T00:01:01Z,UCL,217813,uefa-champions-league-top-scorer-club,UEFA Champions League: Top Scorer (Club),2026-02-24T17:26:51.055374Z,1399746,will-juventus-score-the-most-goals-in-2025-26-uefa-champions-league,Will Juventus score the most goals in 2025-26 UEFA Champions League?,0x8badccdb5dc5891bd237fc2b15d7b65cfd17b2a3cea4ed6ca0c3713d78bb149b,"[""3283273051193155527938292923506466335995368347068515947074279279512647158447"", ""101700197779880482598395966412583046972181160955955940591286228131577202077539""]",3283273051193155527938292923506466335995368347068515947074279279512647158447|101700197779880482598395966412583046972181160955955940591286228131577202077539,3283273051193155527938292923506466335995368347068515947074279279512647158447,Yes,False,,,,,,,,,,,,133.34
2026-05-25T00:01:01Z,UCL,217813,uefa-champions-league-top-scorer-club,UEFA Champions League: Top Scorer (Club),2026-02-24T17:26:51.055374Z,1399746,will-juventus-score-the-most-goals-in-2025-26-uefa-champions-league,Will Juventus score the most goals in 2025-26 UEFA Champions League?,0x8badccdb5dc5891bd237fc2b15d7b65cfd17b2a3cea4ed6ca0c3713d78bb149b,"[""3283273051193155527938292923506466335995368347068515947074279279512647158447"", ""101700197779880482598395966412583046972181160955955940591286228131577202077539""]",3283273051193155527938292923506466335995368347068515947074279279512647158447|101700197779880482598395966412583046972181160955955940591286228131577202077539,101700197779880482598395966412583046972181160955955940591286228131577202077539,No,False,,,,,,,,,,,,133.34
2026-05-25T00:01:01Z,UCL,217813,uefa-champions-league-top-scorer-club,UEFA Champions League: Top Scorer (Club),2026-02-24T17:26:51.055374Z,1399748,will-as-monaco-score-the-most-goals-in-2025-26-uefa-champions-league,Will AS Monaco score the most goals in 2025-26 UEFA Champions League?,0xad75dbbed30103113ec995527028f527dac030b0f08f0a7b69f32b86a674f55d,"[""31535928339953248064852989710757772980925865272428448142128321051611159195717"", ""27298687826296692931461285569870323201649084101213889978875596757226182854578""]",31535928339953248064852989710757772980925865272428448142128321051611159195717|27298687826296692931461285569870323201649084101213889978875596757226182854578,31535928339953248064852989710757772980925865272428448142128321051611159195717,Yes,False,,,,,,,,,,,,134.3559
2026-05-25T00:01:01Z,UCL,217813,uefa-champions-league-top-scorer-club,UEFA Champions League: Top Scorer (Club),2026-02-24T17:26:51.055374Z,1399748,will-as-monaco-score-the-most-goals-in-2025-26-uefa-champions-league,Will AS Monaco score the most goals in 2025-26 UEFA Champions League?,0xad75dbbed30103113ec995527028f527dac030b0f08f0a7b69f32b86a674f55d,"[""31535928339953248064852989710757772980925865272428448142128321051611159195717"", ""27298687826296692931461285569870323201649084101213889978875596757226182854578""]",31535928339953248064852989710757772980925865272428448142128321051611159195717|27298687826296692931461285569870323201649084101213889978875596757226182854578,27298687826296692931461285569870323201649084101213889978875596757226182854578,No,False,,,,,,,,,,,,134.3559
2026-05-25T00:01:01Z,UCL,217813,uefa-champions-league-top-scorer-club,UEFA Champions League: Top Scorer (Club),2026-02-24T17:26:51.055374Z,1399750,will-olympiacos-score-the-most-goals-in-2025-26-uefa-champions-league,Will Olympiacos score the most goals in 2025-26 UEFA Champions League?,0x332eba7cf48a7d7022a071fe1636456394e9c1f4bc2469d66aca10ed128eddbe,"[""93962646593817540281126818344862764935867154270618795033483702597857580211128"", ""28160263282189824482557207557465106738665519617445336294784858434864104295565""]",93962646593817540281126818344862764935867154270618795033483702597857580211128|28160263282189824482557207557465106738665519617445336294784858434864104295565,93962646593817540281126818344862764935867154270618795033483702597857580211128,Yes,False,,,,,,,,,,,,300
2026-05-25T00:01:01Z,UCL,217813,uefa-champions-league-top-scorer-club,UEFA Champions League: Top Scorer (Club),2026-02-24T17:26:51.055374Z,1399750,will-olympiacos-score-the-most-goals-in-2025-26-uefa-champions-league,Will Olympiacos score the most goals in 2025-26 UEFA Champions League?,0x332eba7cf48a7d7022a071fe1636456394e9c1f4bc2469d66aca10ed128eddbe,"[""93962646593817540281126818344862764935867154270618795033483702597857580211128"", ""28160263282189824482557207557465106738665519617445336294784858434864104295565""]",93962646593817540281126818344862764935867154270618795033483702597857580211128|28160263282189824482557207557465106738665519617445336294784858434864104295565,28160263282189824482557207557465106738665519617445336294784858434864104295565,No,False,,,,,,,,,,,,300
2026-05-25T00:01:01Z,UCL,217813,uefa-champions-league-top-scorer-club,UEFA Champions League: Top Scorer (Club),2026-02-24T17:26:51.055374Z,1399752,will-qaraba-score-the-most-goals-in-2025-26-uefa-champions-league,Will Qarabağ score the most goals in 2025-26 UEFA Champions League?,0x9c11d408278b3c13285608866f9ea6d393793591735b53c7c809cb27ea774829,"[""93515427391747095531207312460608057341455090991386644783084408213188838343939"", ""54293813328446343413837394388644236677047663480514722077421818595817751439668""]",93515427391747095531207312460608057341455090991386644783084408213188838343939|54293813328446343413837394388644236677047663480514722077421818595817751439668,93515427391747095531207312460608057341455090991386644783084408213188838343939,Yes,False,,,,,,,,,,,,169.14
2026-05-25T00:01:01Z,UCL,217813,uefa-champions-league-top-scorer-club,UEFA Champions League: Top Scorer (Club),2026-02-24T17:26:51.055374Z,1399752,will-qaraba-score-the-most-goals-in-2025-26-uefa-champions-league,Will Qarabağ score the most goals in 2025-26 UEFA Champions League?,0x9c11d408278b3c13285608866f9ea6d393793591735b53c7c809cb27ea774829,"[""93515427391747095531207312460608057341455090991386644783084408213188838343939"", ""54293813328446343413837394388644236677047663480514722077421818595817751439668""]",93515427391747095531207312460608057341455090991386644783084408213188838343939|54293813328446343413837394388644236677047663480514722077421818595817751439668,54293813328446343413837394388644236677047663480514722077421818595817751439668,No,False,,,,,,,,,,,,169.14
2026-05-25T00:01:01Z,UCL,217813,uefa-champions-league-top-scorer-club,UEFA Champions League: Top Scorer (Club),2026-02-24T17:26:51.055374Z,1399754,will-club-b-score-the-most-goals-in-2025-26-uefa-champions-league,Will club B score the most goals in 2025-26 UEFA Champions League?,0x1e03033af0f8610348a3df502aba5d9068b25b8657350f23e33f8cddcc41b040,"[""27000366112326933069792900697171954386184851914817202115712517471750539768848"", ""77361878810100050634551751116205627146453884373708336287178377472975797262814""]",27000366112326933069792900697171954386184851914817202115712517471750539768848|77361878810100050634551751116205627146453884373708336287178377472975797262814,27000366112326933069792900697171954386184851914817202115712517471750539768848,Yes,False,,,,,,,,,,,0,0
2026-05-25T00:01:01Z,UCL,217813,uefa-champions-league-top-scorer-club,UEFA Champions League: Top Scorer (Club),2026-02-24T17:26:51.055374Z,1399754,will-club-b-score-the-most-goals-in-2025-26-uefa-champions-league,Will club B score the most goals in 2025-26 UEFA Champions League?,0x1e03033af0f8610348a3df502aba5d9068b25b8657350f23e33f8cddcc41b040,"[""27000366112326933069792900697171954386184851914817202115712517471750539768848"", ""77361878810100050634551751116205627146453884373708336287178377472975797262814""]",27000366112326933069792900697171954386184851914817202115712517471750539768848|77361878810100050634551751116205627146453884373708336287178377472975797262814,77361878810100050634551751116205627146453884373708336287178377472975797262814,No,False,,,,,,,,,,,0,0
2026-05-25T00:01:01Z,UCL,217813,uefa-champions-league-top-scorer-club,UEFA Champions League: Top Scorer (Club),2026-02-24T17:26:51.055374Z,1399756,will-another-club-score-the-most-goals-in-2025-26-uefa-champions-league,Will another club score the most goals in 2025-26 UEFA Champions League?,0x3d59c6a60efc6a34426138aad234bdd8a01852c0f16933779af536de7a4219e6,"[""49345705290153243562631401987154620905236941676893278029492190331446686641556"", ""112519957309211820300984930942277740667286791186568973569445368922753951192039""]",49345705290153243562631401987154620905236941676893278029492190331446686641556|112519957309211820300984930942277740667286791186568973569445368922753951192039,49345705290153243562631401987154620905236941676893278029492190331446686641556,Yes,False,,,,,,,,,,,0,0
2026-05-25T00:01:01Z,UCL,217813,uefa-champions-league-top-scorer-club,UEFA Champions League: Top Scorer (Club),2026-02-24T17:26:51.055374Z,1399756,will-another-club-score-the-most-goals-in-2025-26-uefa-champions-league,Will another club score the most goals in 2025-26 UEFA Champions League?,0x3d59c6a60efc6a34426138aad234bdd8a01852c0f16933779af536de7a4219e6,"[""49345705290153243562631401987154620905236941676893278029492190331446686641556"", ""112519957309211820300984930942277740667286791186568973569445368922753951192039""]",49345705290153243562631401987154620905236941676893278029492190331446686641556|112519957309211820300984930942277740667286791186568973569445368922753951192039,112519957309211820300984930942277740667286791186568973569445368922753951192039,No,False,,,,,,,,,,,0,0
2026-05-25T00:01:01Z,UCL,248496,uefa-champions-league-home-country-of-champion,UEFA Champions League: Home country of champion,2026-03-10T22:43:28.111748Z,1510177,will-a-team-from-england-be-the-2026-champions-league-winner,Will a team from England be the 2026 Champions League winner?,0x831c01fffcd137a9ebba18cfcf976d68cadf475a4e2eab22af1f822dc7386482,"[""7284586354456207560149114567665934010306070947119037939096526757040830053653"", ""92287995027334088536320324912123874315915194989839477055341918237998076353913""]",7284586354456207560149114567665934010306070947119037939096526757040830053653|92287995027334088536320324912123874315915194989839477055341918237998076353913,7284586354456207560149114567665934010306070947119037939096526757040830053653,Yes,True,0.42,9818.25,0.43,8188.08,0.425,0.010000000000000009,59398a0abb3fe7e79fbc1a28048d9ea3ba13a4e5,0.01,5,0.420,72118.3954,15842.554850999975
2026-05-25T00:01:01Z,UCL,248496,uefa-champions-league-home-country-of-champion,UEFA Champions League: Home country of champion,2026-03-10T22:43:28.111748Z,1510177,will-a-team-from-england-be-the-2026-champions-league-winner,Will a team from England be the 2026 Champions League winner?,0x831c01fffcd137a9ebba18cfcf976d68cadf475a4e2eab22af1f822dc7386482,"[""7284586354456207560149114567665934010306070947119037939096526757040830053653"", ""92287995027334088536320324912123874315915194989839477055341918237998076353913""]",7284586354456207560149114567665934010306070947119037939096526757040830053653|92287995027334088536320324912123874315915194989839477055341918237998076353913,92287995027334088536320324912123874315915194989839477055341918237998076353913,No,True,0.57,8188.08,0.58,9818.25,0.575,0.010000000000000009,500a3a97196597cad59c85b2063d6f88bfac886a,0.01,5,0.420,72118.3954,15842.554850999975
2026-05-25T00:01:01Z,UCL,248496,uefa-champions-league-home-country-of-champion,UEFA Champions League: Home country of champion,2026-03-10T22:43:28.111748Z,1510180,will-a-team-from-italy-be-the-2026-champions-league-winner,Will a team from Italy be the 2026 Champions League winner?,0xdbc6f3ba44d7a78f8c01f209495f2cff485eaf335d777484e5216ba52bd7cf29,"[""85832731192592277574684176120493172554084635243833154521325806561445795523785"", ""51021116549697396424098993237054575311159285516520374028391504423597840390652""]",85832731192592277574684176120493172554084635243833154521325806561445795523785|51021116549697396424098993237054575311159285516520374028391504423597840390652,85832731192592277574684176120493172554084635243833154521325806561445795523785,Yes,False,,,,,,,,,,,,
2026-05-25T00:01:01Z,UCL,248496,uefa-champions-league-home-country-of-champion,UEFA Champions League: Home country of champion,2026-03-10T22:43:28.111748Z,1510180,will-a-team-from-italy-be-the-2026-champions-league-winner,Will a team from Italy be the 2026 Champions League winner?,0xdbc6f3ba44d7a78f8c01f209495f2cff485eaf335d777484e5216ba52bd7cf29,"[""85832731192592277574684176120493172554084635243833154521325806561445795523785"", ""51021116549697396424098993237054575311159285516520374028391504423597840390652""]",85832731192592277574684176120493172554084635243833154521325806561445795523785|51021116549697396424098993237054575311159285516520374028391504423597840390652,51021116549697396424098993237054575311159285516520374028391504423597840390652,No,False,,,,,,,,,,,,
2026-05-25T00:01:01Z,UCL,248496,uefa-champions-league-home-country-of-champion,UEFA Champions League: Home country of champion,2026-03-10T22:43:28.111748Z,1510183,will-a-team-from-turkey-be-the-2026-champions-league-winner,Will a team from Turkey be the 2026 Champions League winner?,0x79b3d7b6e46e508cf7aa28587726911667bb5b4c9b45f207b3c9abfabd2e7d29,"[""88295547606792573171761929265799710676364247413185551393292289395333818721762"", ""51458349249385829147975244253275850930063262824357693265513996213536166146256""]",88295547606792573171761929265799710676364247413185551393292289395333818721762|51458349249385829147975244253275850930063262824357693265513996213536166146256,88295547606792573171761929265799710676364247413185551393292289395333818721762,Yes,False,,,,,,,,,,,,
2026-05-25T00:01:01Z,UCL,248496,uefa-champions-league-home-country-of-champion,UEFA Champions League: Home country of champion,2026-03-10T22:43:28.111748Z,1510183,will-a-team-from-turkey-be-the-2026-champions-league-winner,Will a team from Turkey be the 2026 Champions League winner?,0x79b3d7b6e46e508cf7aa28587726911667bb5b4c9b45f207b3c9abfabd2e7d29,"[""88295547606792573171761929265799710676364247413185551393292289395333818721762"", ""51458349249385829147975244253275850930063262824357693265513996213536166146256""]",88295547606792573171761929265799710676364247413185551393292289395333818721762|51458349249385829147975244253275850930063262824357693265513996213536166146256,51458349249385829147975244253275850930063262824357693265513996213536166146256,No,False,,,,,,,,,,,,
2026-05-25T00:01:01Z,UCL,248496,uefa-champions-league-home-country-of-champion,UEFA Champions League: Home country of champion,2026-03-10T22:43:28.111748Z,1510185,will-a-team-from-another-country-be-the-2026-champions-league-winner,Will a team from another country be the 2026 Champions League winner?,0x22708722ac1a58e0b77d2ddd40fed7dbe63392ebf5fe1f5dfbc6ef56529182aa,"[""86375219468859318012013380920584480037804675828885588153371340630319794187321"", ""21432177966549553760232985546382121201192855807364249252427134588624159297682""]",86375219468859318012013380920584480037804675828885588153371340630319794187321|21432177966549553760232985546382121201192855807364249252427134588624159297682,86375219468859318012013380920584480037804675828885588153371340630319794187321,Yes,False,,,,,,,,,,,0,0
2026-05-25T00:01:01Z,UCL,248496,uefa-champions-league-home-country-of-champion,UEFA Champions League: Home country of champion,2026-03-10T22:43:28.111748Z,1510185,will-a-team-from-another-country-be-the-2026-champions-league-winner,Will a team from another country be the 2026 Champions League winner?,0x22708722ac1a58e0b77d2ddd40fed7dbe63392ebf5fe1f5dfbc6ef56529182aa,"[""86375219468859318012013380920584480037804675828885588153371340630319794187321"", ""21432177966549553760232985546382121201192855807364249252427134588624159297682""]",86375219468859318012013380920584480037804675828885588153371340630319794187321|21432177966549553760232985546382121201192855807364249252427134588624159297682,21432177966549553760232985546382121201192855807364249252427134588624159297682,No,False,,,,,,,,,,,0,0
2026-05-25T00:01:01Z,UCL,248496,uefa-champions-league-home-country-of-champion,UEFA Champions League: Home country of champion,2026-03-10T22:43:28.111748Z,1510178,will-a-team-from-spain-be-the-2026-champions-league-winner,Will a team from Spain be the 2026 Champions League winner?,0x422a3bcf1324f85869f6ad92e6c5cd41543e2bd6ad1f9af8094cb18cd4e4d8f5,"[""71193849975984334890261259211330612905452975369186830100780690516021611072344"", ""39812511973360245130326175257251455537842416217606930606147325134706327488144""]",71193849975984334890261259211330612905452975369186830100780690516021611072344|39812511973360245130326175257251455537842416217606930606147325134706327488144,71193849975984334890261259211330612905452975369186830100780690516021611072344,Yes,False,,,,,,,,,,,,20643.218945
2026-05-25T00:01:01Z,UCL,248496,uefa-champions-league-home-country-of-champion,UEFA Champions League: Home country of champion,2026-03-10T22:43:28.111748Z,1510178,will-a-team-from-spain-be-the-2026-champions-league-winner,Will a team from Spain be the 2026 Champions League winner?,0x422a3bcf1324f85869f6ad92e6c5cd41543e2bd6ad1f9af8094cb18cd4e4d8f5,"[""71193849975984334890261259211330612905452975369186830100780690516021611072344"", ""39812511973360245130326175257251455537842416217606930606147325134706327488144""]",71193849975984334890261259211330612905452975369186830100780690516021611072344|39812511973360245130326175257251455537842416217606930606147325134706327488144,39812511973360245130326175257251455537842416217606930606147325134706327488144,No,False,,,,,,,,,,,,20643.218945
2026-05-25T00:01:01Z,UCL,248496,uefa-champions-league-home-country-of-champion,UEFA Champions League: Home country of champion,2026-03-10T22:43:28.111748Z,1510179,will-a-team-from-germany-be-the-2026-champions-league-winner,Will a team from Germany be the 2026 Champions League winner?,0xdc2c5bffaa16d0fc17826e7143b34ffa467e6e2cb01765fea963b54323c0b42c,"[""12188038291684726325162877933524284392766308954528946069912683823875617642097"", ""44804435350809742139685054763945361943587522036185428720283874299720614735506""]",12188038291684726325162877933524284392766308954528946069912683823875617642097|44804435350809742139685054763945361943587522036185428720283874299720614735506,12188038291684726325162877933524284392766308954528946069912683823875617642097,Yes,False,,,,,,,,,,,,12026.715289999996
2026-05-25T00:01:01Z,UCL,248496,uefa-champions-league-home-country-of-champion,UEFA Champions League: Home country of champion,2026-03-10T22:43:28.111748Z,1510179,will-a-team-from-germany-be-the-2026-champions-league-winner,Will a team from Germany be the 2026 Champions League winner?,0xdc2c5bffaa16d0fc17826e7143b34ffa467e6e2cb01765fea963b54323c0b42c,"[""12188038291684726325162877933524284392766308954528946069912683823875617642097"", ""44804435350809742139685054763945361943587522036185428720283874299720614735506""]",12188038291684726325162877933524284392766308954528946069912683823875617642097|44804435350809742139685054763945361943587522036185428720283874299720614735506,44804435350809742139685054763945361943587522036185428720283874299720614735506,No,False,,,,,,,,,,,,12026.715289999996
2026-05-25T00:01:01Z,UCL,248496,uefa-champions-league-home-country-of-champion,UEFA Champions League: Home country of champion,2026-03-10T22:43:28.111748Z,1510181,will-a-team-from-france-be-the-2026-champions-league-winner,Will a team from France be the 2026 Champions League winner?,0x582deddec9e371ede95b6884df883ccc477204aceff7ef1a1175f3091860aff3,"[""13975947749021946956948025230716177119262148243890101033274727233437428078071"", ""105192293014349201563761989305653588663122520881106274642576782510950789964205""]",13975947749021946956948025230716177119262148243890101033274727233437428078071|105192293014349201563761989305653588663122520881106274642576782510950789964205,13975947749021946956948025230716177119262148243890101033274727233437428078071,Yes,True,0.57,11675.36,0.58,8664.09,0.575,0.010000000000000009,a43a50382ce0ede0b830539dac3b0c902bf2c408,0.01,5,0.430,71244.3321,17369.03702000001
2026-05-25T00:01:01Z,UCL,248496,uefa-champions-league-home-country-of-champion,UEFA Champions League: Home country of champion,2026-03-10T22:43:28.111748Z,1510181,will-a-team-from-france-be-the-2026-champions-league-winner,Will a team from France be the 2026 Champions League winner?,0x582deddec9e371ede95b6884df883ccc477204aceff7ef1a1175f3091860aff3,"[""13975947749021946956948025230716177119262148243890101033274727233437428078071"", ""105192293014349201563761989305653588663122520881106274642576782510950789964205""]",13975947749021946956948025230716177119262148243890101033274727233437428078071|105192293014349201563761989305653588663122520881106274642576782510950789964205,105192293014349201563761989305653588663122520881106274642576782510950789964205,No,True,0.42,8664.09,0.43,11675.36,0.425,0.010000000000000009,8c3e044c02d51e6853c2e37d669ce7515e356a8e,0.01,5,0.430,71244.3321,17369.03702000001
2026-05-25T00:01:01Z,UCL,248496,uefa-champions-league-home-country-of-champion,UEFA Champions League: Home country of champion,2026-03-10T22:43:28.111748Z,1510182,will-a-team-from-portugal-be-the-2026-champions-league-winner,Will a team from Portugal be the 2026 Champions League winner?,0x1f6b8de0f888baf86765f624e61319ce033f084b12464ee45445295d858ade14,"[""71593878597615313007650735809651432524827549655934854897642291532096826639305"", ""107493435784271725212986796313848417921186170946768908188156847524348826415536""]",71593878597615313007650735809651432524827549655934854897642291532096826639305|107493435784271725212986796313848417921186170946768908188156847524348826415536,71593878597615313007650735809651432524827549655934854897642291532096826639305,Yes,False,,,,,,,,,,,,18832.533427999995
2026-05-25T00:01:01Z,UCL,248496,uefa-champions-league-home-country-of-champion,UEFA Champions League: Home country of champion,2026-03-10T22:43:28.111748Z,1510182,will-a-team-from-portugal-be-the-2026-champions-league-winner,Will a team from Portugal be the 2026 Champions League winner?,0x1f6b8de0f888baf86765f624e61319ce033f084b12464ee45445295d858ade14,"[""71593878597615313007650735809651432524827549655934854897642291532096826639305"", ""107493435784271725212986796313848417921186170946768908188156847524348826415536""]",71593878597615313007650735809651432524827549655934854897642291532096826639305|107493435784271725212986796313848417921186170946768908188156847524348826415536,107493435784271725212986796313848417921186170946768908188156847524348826415536,No,False,,,,,,,,,,,,18832.533427999995
2026-05-25T00:01:01Z,UCL,248496,uefa-champions-league-home-country-of-champion,UEFA Champions League: Home country of champion,2026-03-10T22:43:28.111748Z,1510184,will-a-team-from-norway-be-the-2026-champions-league-winner,Will a team from Norway be the 2026 Champions League winner?,0x405a1957c6d61d76be98575cfa416102ced565b77a12a47e76eb078dafc0afb6,"[""37627246724787027689297475860024229959601059355103401164614149787381038057787"", ""39894706785411403235192581934280861378123438461663463792759137548104453047552""]",37627246724787027689297475860024229959601059355103401164614149787381038057787|39894706785411403235192581934280861378123438461663463792759137548104453047552,37627246724787027689297475860024229959601059355103401164614149787381038057787,Yes,False,,,,,,,,,,,,7443.274214000001
2026-05-25T00:01:01Z,UCL,248496,uefa-champions-league-home-country-of-champion,UEFA Champions League: Home country of champion,2026-03-10T22:43:28.111748Z,1510184,will-a-team-from-norway-be-the-2026-champions-league-winner,Will a team from Norway be the 2026 Champions League winner?,0x405a1957c6d61d76be98575cfa416102ced565b77a12a47e76eb078dafc0afb6,"[""37627246724787027689297475860024229959601059355103401164614149787381038057787"", ""39894706785411403235192581934280861378123438461663463792759137548104453047552""]",37627246724787027689297475860024229959601059355103401164614149787381038057787|39894706785411403235192581934280861378123438461663463792759137548104453047552,39894706785411403235192581934280861378123438461663463792759137548104453047552,No,False,,,,,,,,,,,,7443.274214000001
2026-05-25T00:01:01Z,UCL,502650,2026-champions-league-final-man-of-the-match,2026 Champions League Final: Man of the Match,2026-05-19T16:45:17.150566Z,2303779,will-tommy-setford-be-named-the-2026-uefa-champions-league-final-man-of-the-match,Will Tommy Setford be named the 2026 UEFA Champions League Final Man of the Match?,0xce6deb53d518e7f1f6df47cc9d3e0f43ba3c7830f66cb0718271615f28c13ee1,"[""86228760271327676089184608092704306952709844953214592049765974149579244296459"", ""1240103572441573015524500398580462598157916459638675913972330531893703616305""]",86228760271327676089184608092704306952709844953214592049765974149579244296459|1240103572441573015524500398580462598157916459638675913972330531893703616305,86228760271327676089184608092704306952709844953214592049765974149579244296459,Yes,True,,,0.34,1700.0,,,d5fdd7aa8c2624812d9d49512a8d1ed581beb62b,0.01,5,,6173.1004,
2026-05-25T00:01:01Z,UCL,502650,2026-champions-league-final-man-of-the-match,2026 Champions League Final: Man of the Match,2026-05-19T16:45:17.150566Z,2303779,will-tommy-setford-be-named-the-2026-uefa-champions-league-final-man-of-the-match,Will Tommy Setford be named the 2026 UEFA Champions League Final Man of the Match?,0xce6deb53d518e7f1f6df47cc9d3e0f43ba3c7830f66cb0718271615f28c13ee1,"[""86228760271327676089184608092704306952709844953214592049765974149579244296459"", ""1240103572441573015524500398580462598157916459638675913972330531893703616305""]",86228760271327676089184608092704306952709844953214592049765974149579244296459|1240103572441573015524500398580462598157916459638675913972330531893703616305,1240103572441573015524500398580462598157916459638675913972330531893703616305,No,True,0.66,1700.0,,,,,5d0480be470684756ff6f5ba21bd4c90588dcc06,0.01,5,,6173.1004,
2026-05-25T00:01:01Z,UCL,502650,2026-champions-league-final-man-of-the-match,2026 Champions League Final: Man of the Match,2026-05-19T16:45:17.150566Z,2303780,will-william-saliba-be-named-the-2026-uefa-champions-league-final-man-of-the-match,Will William Saliba be named the 2026 UEFA Champions League Final Man of the Match?,0x458ade46a451cb1864591b49d2bee960af3797997d496ed77ccc3692514c8590,"[""106055917736152974814091305573512727273874757198680265873810808975353651674776"", ""108477112255548032894658284613900595612880731839768776114861440093568016552652""]",106055917736152974814091305573512727273874757198680265873810808975353651674776|108477112255548032894658284613900595612880731839768776114861440093568016552652,106055917736152974814091305573512727273874757198680265873810808975353651674776,Yes,True,,,0.34,1700.0,,,1772234faf5f1c3f2b2de7fd557feb8f464c68fa,0.01,5,,6174.9404,
2026-05-25T00:01:01Z,UCL,502650,2026-champions-league-final-man-of-the-match,2026 Champions League Final: Man of the Match,2026-05-19T16:45:17.150566Z,2303780,will-william-saliba-be-named-the-2026-uefa-champions-league-final-man-of-the-match,Will William Saliba be named the 2026 UEFA Champions League Final Man of the Match?,0x458ade46a451cb1864591b49d2bee960af3797997d496ed77ccc3692514c8590,"[""106055917736152974814091305573512727273874757198680265873810808975353651674776"", ""108477112255548032894658284613900595612880731839768776114861440093568016552652""]",106055917736152974814091305573512727273874757198680265873810808975353651674776|108477112255548032894658284613900595612880731839768776114861440093568016552652,108477112255548032894658284613900595612880731839768776114861440093568016552652,No,True,0.66,1700.0,,,,,671b6e2cbe4d2c97c8181166a132f200f98560ef,0.01,5,,6174.9404,
2026-05-25T00:01:01Z,UCL,502650,2026-champions-league-final-man-of-the-match,2026 Champions League Final: Man of the Match,2026-05-19T16:45:17.150566Z,2303782,will-ben-white-be-named-the-2026-uefa-champions-league-final-man-of-the-match,Will Ben White be named the 2026 UEFA Champions League Final Man of the Match?,0x99eeffba5d07ae3ef6489212ca5c648338fd829ae7238506fff4cc09ecee0b72,"[""45018378230468943929734833194317333629296212713480465717285752895668603210624"", ""68093208605164334873313841197473610780497762931350418697335676486680491732657""]",45018378230468943929734833194317333629296212713480465717285752895668603210624|68093208605164334873313841197473610780497762931350418697335676486680491732657,45018378230468943929734833194317333629296212713480465717285752895668603210624,Yes,True,,,0.34,1700.0,,,a42cfd9254ca2d8252fad7ed3b4406dbb2753027,0.01,5,,6173.1,
2026-05-25T00:01:01Z,UCL,502650,2026-champions-league-final-man-of-the-match,2026 Champions League Final: Man of the Match,2026-05-19T16:45:17.150566Z,2303782,will-ben-white-be-named-the-2026-uefa-champions-league-final-man-of-the-match,Will Ben White be named the 2026 UEFA Champions League Final Man of the Match?,0x99eeffba5d07ae3ef6489212ca5c648338fd829ae7238506fff4cc09ecee0b72,"[""45018378230468943929734833194317333629296212713480465717285752895668603210624"", ""68093208605164334873313841197473610780497762931350418697335676486680491732657""]",45018378230468943929734833194317333629296212713480465717285752895668603210624|68093208605164334873313841197473610780497762931350418697335676486680491732657,68093208605164334873313841197473610780497762931350418697335676486680491732657,No,True,0.66,1700.0,,,,,45c5882eefd9a5b60866fcff8f6fbeb72afc82cb,0.01,5,,6173.1,
2026-05-25T00:01:01Z,UCL,502650,2026-champions-league-final-man-of-the-match,2026 Champions League Final: Man of the Match,2026-05-19T16:45:17.150566Z,2303784,will-gabriel-be-named-the-2026-uefa-champions-league-final-man-of-the-match,Will Gabriel be named the 2026 UEFA Champions League Final Man of the Match?,0xb330f2bed9d8d1a41baf61fabaa4588a1baf088ca87b2dab09cfad436925d711,"[""62062280332045513820947664380732209267271679098068327134918005304082646082971"", ""59008283681375492467073452697280780703743822695915016823126666732384103093970""]",62062280332045513820947664380732209267271679098068327134918005304082646082971|59008283681375492467073452697280780703743822695915016823126666732384103093970,62062280332045513820947664380732209267271679098068327134918005304082646082971,Yes,True,,,0.34,1800.0,,,bc00ba6dd0d436b2340579a2e218020b2071b46c,0.01,5,,6239.1004,
2026-05-25T00:01:01Z,UCL,502650,2026-champions-league-final-man-of-the-match,2026 Champions League Final: Man of the Match,2026-05-19T16:45:17.150566Z,2303784,will-gabriel-be-named-the-2026-uefa-champions-league-final-man-of-the-match,Will Gabriel be named the 2026 UEFA Champions League Final Man of the Match?,0xb330f2bed9d8d1a41baf61fabaa4588a1baf088ca87b2dab09cfad436925d711,"[""62062280332045513820947664380732209267271679098068327134918005304082646082971"", ""59008283681375492467073452697280780703743822695915016823126666732384103093970""]",62062280332045513820947664380732209267271679098068327134918005304082646082971|59008283681375492467073452697280780703743822695915016823126666732384103093970,59008283681375492467073452697280780703743822695915016823126666732384103093970,No,True,0.66,1800.0,,,,,1648fa6ef0d450ecd2c5812641ecf85db2bc1fc9,0.01,5,,6239.1004,
2026-05-25T00:01:01Z,UCL,502650,2026-champions-league-final-man-of-the-match,2026 Champions League Final: Man of the Match,2026-05-19T16:45:17.150566Z,2303785,will-jurrin-timber-be-named-the-2026-uefa-champions-league-final-man-of-the-match,Will Jurriën Timber be named the 2026 UEFA Champions League Final Man of the Match?,0xd500a1581ed2e1ef814ca82961fbaf1850380e03986f0147dceae60817273308,"[""29033910158429454141989450663239211768643501593889615803677188106836650129681"", ""90284370402369707363367147397355531408502079375831840935840351874700727976142""]",29033910158429454141989450663239211768643501593889615803677188106836650129681|90284370402369707363367147397355531408502079375831840935840351874700727976142,29033910158429454141989450663239211768643501593889615803677188106836650129681,Yes,True,,,0.3,1500.0,,,9b42770518306cc833a58d36e8fc6ea48561ed77,0.01,5,,6101.0984,
2026-05-25T00:01:01Z,UCL,502650,2026-champions-league-final-man-of-the-match,2026 Champions League Final: Man of the Match,2026-05-19T16:45:17.150566Z,2303785,will-jurrin-timber-be-named-the-2026-uefa-champions-league-final-man-of-the-match,Will Jurriën Timber be named the 2026 UEFA Champions League Final Man of the Match?,0xd500a1581ed2e1ef814ca82961fbaf1850380e03986f0147dceae60817273308,"[""29033910158429454141989450663239211768643501593889615803677188106836650129681"", ""90284370402369707363367147397355531408502079375831840935840351874700727976142""]",29033910158429454141989450663239211768643501593889615803677188106836650129681|90284370402369707363367147397355531408502079375831840935840351874700727976142,90284370402369707363367147397355531408502079375831840935840351874700727976142,No,True,0.7,1500.0,,,,,8188d02a1d9756f553dfb03dc05febf89b679a25,0.01,5,,6101.0984,
2026-05-25T00:01:01Z,UCL,502650,2026-champions-league-final-man-of-the-match,2026 Champions League Final: Man of the Match,2026-05-19T16:45:17.150566Z,2303790,will-mikel-merino-be-named-the-2026-uefa-champions-league-final-man-of-the-match,Will Mikel Merino be named the 2026 UEFA Champions League Final Man of the Match?,0x22470135b0302fda2726371bb4d913844e85548c23ca389db78dee0f643e190e,"[""87905074546875850593647594063741617605933834532199546527014660329039575320143"", ""13417938171777907214184381429142407279478709298756777016858416490565655633810""]",87905074546875850593647594063741617605933834532199546527014660329039575320143|13417938171777907214184381429142407279478709298756777016858416490565655633810,87905074546875850593647594063741617605933834532199546527014660329039575320143,Yes,True,,,0.3,1700.0,,,4a79f469642281cd1514eb296872e08dd7f6d0f3,0.01,5,,6242.9394,
2026-05-25T00:01:01Z,UCL,502650,2026-champions-league-final-man-of-the-match,2026 Champions League Final: Man of the Match,2026-05-19T16:45:17.150566Z,2303790,will-mikel-merino-be-named-the-2026-uefa-champions-league-final-man-of-the-match,Will Mikel Merino be named the 2026 UEFA Champions League Final Man of the Match?,0x22470135b0302fda2726371bb4d913844e85548c23ca389db78dee0f643e190e,"[""87905074546875850593647594063741617605933834532199546527014660329039575320143"", ""13417938171777907214184381429142407279478709298756777016858416490565655633810""]",87905074546875850593647594063741617605933834532199546527014660329039575320143|13417938171777907214184381429142407279478709298756777016858416490565655633810,13417938171777907214184381429142407279478709298756777016858416490565655633810,No,True,0.7,1700.0,,,,,18dde8bc29d54ef0beac2cbc5e4052ad08e56462,0.01,5,,6242.9394,
2026-05-25T00:01:01Z,UCL,502650,2026-champions-league-final-man-of-the-match,2026 Champions League Final: Man of the Match,2026-05-19T16:45:17.150566Z,2303793,will-bukayo-saka-be-named-the-2026-uefa-champions-league-final-man-of-the-match,Will Bukayo Saka be named the 2026 UEFA Champions League Final Man of the Match?,0xb19faa32707ab50cdca386fdb02a00b99aa0d388daee70c0fbe89e17af90ba43,"[""56382969027903672442783433194362572027921283776944891865735784226185883139818"", ""68092858635411926331805313329270727116250016931336817304453877863009423590377""]",56382969027903672442783433194362572027921283776944891865735784226185883139818|68092858635411926331805313329270727116250016931336817304453877863009423590377,56382969027903672442783433194362572027921283776944891865735784226185883139818,Yes,True,,,0.4,1500.0,,,b130dda72cc1de7e72ca50b6e668ebc362732bea,0.01,5,,6559.9344,
2026-05-25T00:01:01Z,UCL,502650,2026-champions-league-final-man-of-the-match,2026 Champions League Final: Man of the Match,2026-05-19T16:45:17.150566Z,2303793,will-bukayo-saka-be-named-the-2026-uefa-champions-league-final-man-of-the-match,Will Bukayo Saka be named the 2026 UEFA Champions League Final Man of the Match?,0xb19faa32707ab50cdca386fdb02a00b99aa0d388daee70c0fbe89e17af90ba43,"[""56382969027903672442783433194362572027921283776944891865735784226185883139818"", ""68092858635411926331805313329270727116250016931336817304453877863009423590377""]",56382969027903672442783433194362572027921283776944891865735784226185883139818|68092858635411926331805313329270727116250016931336817304453877863009423590377,68092858635411926331805313329270727116250016931336817304453877863009423590377,No,True,0.6,1500.0,,,,,3df7dd3f52243bfcc97794aa54376cdba87b605b,0.01,5,,6559.9344,
2026-05-25T00:01:01Z,UCL,502650,2026-champions-league-final-man-of-the-match,2026 Champions League Final: Man of the Match,2026-05-19T16:45:17.150566Z,2303794,will-gabriel-jesus-be-named-the-2026-uefa-champions-league-final-man-of-the-match,Will Gabriel Jesus be named the 2026 UEFA Champions League Final Man of the Match?,0xbc7a89d465d0f28381667aff384ce786fc88a7660e147b60d6cdcd20d848dcb5,"[""40859035480054998411285080370194066059779145009231518340556281800222321150288"", ""13545250708600777456746345919039406031469892927537262406939397065255259705573""]",40859035480054998411285080370194066059779145009231518340556281800222321150288|13545250708600777456746345919039406031469892927537262406939397065255259705573,40859035480054998411285080370194066059779145009231518340556281800222321150288,Yes,True,,,0.24,1700.0,,,dc91122c52af74c067dce4ba71956769cd21c328,0.01,5,,6344.9392,
2026-05-25T00:01:01Z,UCL,502650,2026-champions-league-final-man-of-the-match,2026 Champions League Final: Man of the Match,2026-05-19T16:45:17.150566Z,2303794,will-gabriel-jesus-be-named-the-2026-uefa-champions-league-final-man-of-the-match,Will Gabriel Jesus be named the 2026 UEFA Champions League Final Man of the Match?,0xbc7a89d465d0f28381667aff384ce786fc88a7660e147b60d6cdcd20d848dcb5,"[""40859035480054998411285080370194066059779145009231518340556281800222321150288"", ""13545250708600777456746345919039406031469892927537262406939397065255259705573""]",40859035480054998411285080370194066059779145009231518340556281800222321150288|13545250708600777456746345919039406031469892927537262406939397065255259705573,13545250708600777456746345919039406031469892927537262406939397065255259705573,No,True,0.76,1700.0,,,,,b263c00f3996198ecc82ed571035208c85df20b7,0.01,5,,6344.9392,
2026-05-25T00:01:01Z,UCL,502650,2026-champions-league-final-man-of-the-match,2026 Champions League Final: Man of the Match,2026-05-19T16:45:17.150566Z,2303796,will-gabriel-martinelli-be-named-the-2026-uefa-champions-league-final-man-of-the-match,Will Gabriel Martinelli be named the 2026 UEFA Champions League Final Man of the Match?,0x4cb03e3f00f60224408a3f40b9e9eb8815ba47acef15b350b2cf2bb3de10cb97,"[""90845463390321187396842091266639704207640776066755125749209822480175463129048"", ""74179704291390871202639157330343898561101403338142453393086093401594696520048""]",90845463390321187396842091266639704207640776066755125749209822480175463129048|74179704291390871202639157330343898561101403338142453393086093401594696520048,90845463390321187396842091266639704207640776066755125749209822480175463129048,Yes,True,,,0.35,2000.0,,,dea5a479bb2b2d6538894177aaf18ad8ee470fd6,0.01,5,,7313.9396,
2026-05-25T00:01:01Z,UCL,502650,2026-champions-league-final-man-of-the-match,2026 Champions League Final: Man of the Match,2026-05-19T16:45:17.150566Z,2303796,will-gabriel-martinelli-be-named-the-2026-uefa-champions-league-final-man-of-the-match,Will Gabriel Martinelli be named the 2026 UEFA Champions League Final Man of the Match?,0x4cb03e3f00f60224408a3f40b9e9eb8815ba47acef15b350b2cf2bb3de10cb97,"[""90845463390321187396842091266639704207640776066755125749209822480175463129048"", ""74179704291390871202639157330343898561101403338142453393086093401594696520048""]",90845463390321187396842091266639704207640776066755125749209822480175463129048|74179704291390871202639157330343898561101403338142453393086093401594696520048,74179704291390871202639157330343898561101403338142453393086093401594696520048,No,True,0.65,2000.0,,,,,03a81c2a3e264935246032b3cadb8c5667904471,0.01,5,,7313.9396,
2026-05-25T00:01:01Z,UCL,502650,2026-champions-league-final-man-of-the-match,2026 Champions League Final: Man of the Match,2026-05-19T16:45:17.150566Z,2303798,will-leandro-trossard-be-named-the-2026-uefa-champions-league-final-man-of-the-match,Will Leandro Trossard be named the 2026 UEFA Champions League Final Man of the Match?,0xcaeeb5638632d378344112b81dbdd8c737fec1e0a4169172c8d22f84936d4d0a,"[""50411396693801965227199458442318954372946145712273484501995110829147575909521"", ""22960619620020140642683564212420194895957291704405552762857308577186418797378""]",50411396693801965227199458442318954372946145712273484501995110829147575909521|22960619620020140642683564212420194895957291704405552762857308577186418797378,50411396693801965227199458442318954372946145712273484501995110829147575909521,Yes,True,,,0.33,1500.0,,,ef2b601ec89ed07fb217171ba84204c4c6dfd669,0.01,5,,6056.0999,
2026-05-25T00:01:01Z,UCL,502650,2026-champions-league-final-man-of-the-match,2026 Champions League Final: Man of the Match,2026-05-19T16:45:17.150566Z,2303798,will-leandro-trossard-be-named-the-2026-uefa-champions-league-final-man-of-the-match,Will Leandro Trossard be named the 2026 UEFA Champions League Final Man of the Match?,0xcaeeb5638632d378344112b81dbdd8c737fec1e0a4169172c8d22f84936d4d0a,"[""50411396693801965227199458442318954372946145712273484501995110829147575909521"", ""22960619620020140642683564212420194895957291704405552762857308577186418797378""]",50411396693801965227199458442318954372946145712273484501995110829147575909521|22960619620020140642683564212420194895957291704405552762857308577186418797378,22960619620020140642683564212420194895957291704405552762857308577186418797378,No,True,0.67,1500.0,,,,,e331738499f7eb0966c76bf81249669a08cfb759,0.01,5,,6056.0999,
2026-05-25T00:01:01Z,UCL,502650,2026-champions-league-final-man-of-the-match,2026 Champions League Final: Man of the Match,2026-05-19T16:45:17.150566Z,2303801,will-lucas-chevalier-be-named-the-2026-uefa-champions-league-final-man-of-the-match,Will Lucas Chevalier be named the 2026 UEFA Champions League Final Man of the Match?,0x22808edf4bfc2cb3f109f6db3ccb81304a1a104570b6ca24fc05c770db80bb76,"[""56486317831074716192700912602027415178914779360855169426274824492112453135606"", ""34895408381843848246438777512851050560967299213634598630207304290727336206355""]",56486317831074716192700912602027415178914779360855169426274824492112453135606|34895408381843848246438777512851050560967299213634598630207304290727336206355,56486317831074716192700912602027415178914779360855169426274824492112453135606,Yes,True,,,0.33,1500.0,,,da1f107884a0d2b522aa5e3d9cfdb0da1d217f6f,0.01,5,,6057.9399,
2026-05-25T00:01:01Z,UCL,502650,2026-champions-league-final-man-of-the-match,2026 Champions League Final: Man of the Match,2026-05-19T16:45:17.150566Z,2303801,will-lucas-chevalier-be-named-the-2026-uefa-champions-league-final-man-of-the-match,Will Lucas Chevalier be named the 2026 UEFA Champions League Final Man of the Match?,0x22808edf4bfc2cb3f109f6db3ccb81304a1a104570b6ca24fc05c770db80bb76,"[""56486317831074716192700912602027415178914779360855169426274824492112453135606"", ""34895408381843848246438777512851050560967299213634598630207304290727336206355""]",56486317831074716192700912602027415178914779360855169426274824492112453135606|34895408381843848246438777512851050560967299213634598630207304290727336206355,34895408381843848246438777512851050560967299213634598630207304290727336206355,No,True,0.67,1500.0,,,,,eab40bbb4451c989a78d7d8b12659bc1e37291fd,0.01,5,,6057.9399,
2026-05-25T00:01:01Z,UCL,502650,2026-champions-league-final-man-of-the-match,2026 Champions League Final: Man of the Match,2026-05-19T16:45:17.150566Z,2303804,will-achraf-hakimi-be-named-the-2026-uefa-champions-league-final-man-of-the-match,Will Achraf Hakimi be named the 2026 UEFA Champions League Final Man of the Match?,0xd484f150a5b21127e06d16bc69a2697ee80833815243216d0795d9976de30197,"[""56616791396433433442943538847396287039492099165015626363228671853058850342339"", ""1308232570626516498156806171694218419921905963814941389062475982797404961108""]",56616791396433433442943538847396287039492099165015626363228671853058850342339|1308232570626516498156806171694218419921905963814941389062475982797404961108,56616791396433433442943538847396287039492099165015626363228671853058850342339,Yes,True,,,0.4,2000.0,,,21fd53514bdbbe62c3f0e0a1de01395b571b577a,0.01,5,,6859.9344,
2026-05-25T00:01:01Z,UCL,502650,2026-champions-league-final-man-of-the-match,2026 Champions League Final: Man of the Match,2026-05-19T16:45:17.150566Z,2303804,will-achraf-hakimi-be-named-the-2026-uefa-champions-league-final-man-of-the-match,Will Achraf Hakimi be named the 2026 UEFA Champions League Final Man of the Match?,0xd484f150a5b21127e06d16bc69a2697ee80833815243216d0795d9976de30197,"[""56616791396433433442943538847396287039492099165015626363228671853058850342339"", ""1308232570626516498156806171694218419921905963814941389062475982797404961108""]",56616791396433433442943538847396287039492099165015626363228671853058850342339|1308232570626516498156806171694218419921905963814941389062475982797404961108,1308232570626516498156806171694218419921905963814941389062475982797404961108,No,True,0.6,2000.0,,,,,a9e3d5f1f99d4ca669c70d28dede462ebef8d048,0.01,5,,6859.9344,
2026-05-25T00:01:01Z,UCL,502650,2026-champions-league-final-man-of-the-match,2026 Champions League Final: Man of the Match,2026-05-19T16:45:17.150566Z,2303810,will-willian-pacho-be-named-the-2026-uefa-champions-league-final-man-of-the-match,Will Willian Pacho be named the 2026 UEFA Champions League Final Man of the Match?,0x2d8d7814e4efa791b2cc168aeb2d6e2c5f17f4ef16fcb30b42abce4d4c8f6b84,"[""16154868473103304829922954906824884060178146557267311562527598171462593902892"", ""10099160465881080720234267546996741810186208393150296392459293817265431841627""]",16154868473103304829922954906824884060178146557267311562527598171462593902892|10099160465881080720234267546996741810186208393150296392459293817265431841627,16154868473103304829922954906824884060178146557267311562527598171462593902892,Yes,True,,,0.4,2000.0,,,e4ac9388aea43ddac946b4130770008e961fd697,0.01,5,,7354.9344,
2026-05-25T00:01:01Z,UCL,502650,2026-champions-league-final-man-of-the-match,2026 Champions League Final: Man of the Match,2026-05-19T16:45:17.150566Z,2303810,will-willian-pacho-be-named-the-2026-uefa-champions-league-final-man-of-the-match,Will Willian Pacho be named the 2026 UEFA Champions League Final Man of the Match?,0x2d8d7814e4efa791b2cc168aeb2d6e2c5f17f4ef16fcb30b42abce4d4c8f6b84,"[""16154868473103304829922954906824884060178146557267311562527598171462593902892"", ""10099160465881080720234267546996741810186208393150296392459293817265431841627""]",16154868473103304829922954906824884060178146557267311562527598171462593902892|10099160465881080720234267546996741810186208393150296392459293817265431841627,10099160465881080720234267546996741810186208393150296392459293817265431841627,No,True,0.6,2000.0,,,,,8433e48264ea4d910332459112bc98a1d6f8c59c,0.01,5,,7354.9344,
2026-05-25T00:01:01Z,UCL,502650,2026-champions-league-final-man-of-the-match,2026 Champions League Final: Man of the Match,2026-05-19T16:45:17.150566Z,2303811,will-fabin-ruiz-be-named-the-2026-uefa-champions-league-final-man-of-the-match,Will Fabián Ruiz be named the 2026 UEFA Champions League Final Man of the Match?,0x797d90b8bb1fe68b9cdad0cee3a40e2a670c5d22a98776ace1266e8f6e33894b,"[""107721735738740643593726530424051141871445258570208390265055352346959239210470"", ""49540859423991678531169564025545291497304389829950455229160262380318735856733""]",107721735738740643593726530424051141871445258570208390265055352346959239210470|49540859423991678531169564025545291497304389829950455229160262380318735856733,107721735738740643593726530424051141871445258570208390265055352346959239210470,Yes,True,,,0.37,2000.0,,,4d6783bcd2ef73b017fe26e1424539d0a264f7fe,0.01,5,,7273.9387,
2026-05-25T00:01:01Z,UCL,502650,2026-champions-league-final-man-of-the-match,2026 Champions League Final: Man of the Match,2026-05-19T16:45:17.150566Z,2303811,will-fabin-ruiz-be-named-the-2026-uefa-champions-league-final-man-of-the-match,Will Fabián Ruiz be named the 2026 UEFA Champions League Final Man of the Match?,0x797d90b8bb1fe68b9cdad0cee3a40e2a670c5d22a98776ace1266e8f6e33894b,"[""107721735738740643593726530424051141871445258570208390265055352346959239210470"", ""49540859423991678531169564025545291497304389829950455229160262380318735856733""]",107721735738740643593726530424051141871445258570208390265055352346959239210470|49540859423991678531169564025545291497304389829950455229160262380318735856733,49540859423991678531169564025545291497304389829950455229160262380318735856733,No,True,0.63,2000.0,,,,,3f30e409ee6c1e37dbc973f7ac35c6e67ca52ac8,0.01,5,,7273.9387,
2026-05-25T00:01:01Z,UCL,502650,2026-champions-league-final-man-of-the-match,2026 Champions League Final: Man of the Match,2026-05-19T16:45:17.150566Z,2303818,will-khvicha-kvaratskhelia-be-named-the-2026-uefa-champions-league-final-man-of-the-match,Will Khvicha Kvaratskhelia be named the 2026 UEFA Champions League Final Man of the Match?,0x8aa15e3a6a340a734a69d4151a855d37f7ec47f47e23ce4530c4ee3814606e44,"[""71316754302847117157111826789175269963741994067046041858042749129178191414762"", ""82606419976739348208194359692067743876969186407794374557978966963788893067009""]",71316754302847117157111826789175269963741994067046041858042749129178191414762|82606419976739348208194359692067743876969186407794374557978966963788893067009,71316754302847117157111826789175269963741994067046041858042749129178191414762,Yes,True,0.07,50.0,0.45,1500.0,0.26,0.38,f589ccbdd6ce8583de0f01e3fc7dd52c1f6d3934,0.01,5,,6441.1601,2
2026-05-25T00:01:01Z,UCL,502650,2026-champions-league-final-man-of-the-match,2026 Champions League Final: Man of the Match,2026-05-19T16:45:17.150566Z,2303818,will-khvicha-kvaratskhelia-be-named-the-2026-uefa-champions-league-final-man-of-the-match,Will Khvicha Kvaratskhelia be named the 2026 UEFA Champions League Final Man of the Match?,0x8aa15e3a6a340a734a69d4151a855d37f7ec47f47e23ce4530c4ee3814606e44,"[""71316754302847117157111826789175269963741994067046041858042749129178191414762"", ""82606419976739348208194359692067743876969186407794374557978966963788893067009""]",71316754302847117157111826789175269963741994067046041858042749129178191414762|82606419976739348208194359692067743876969186407794374557978966963788893067009,82606419976739348208194359692067743876969186407794374557978966963788893067009,No,True,0.55,1500.0,0.93,50.0,0.74,0.38,d1dabf0ccd8c9e7ef755133894aa399b7313660c,0.01,5,,6441.1601,2
2026-05-25T00:01:01Z,UCL,502650,2026-champions-league-final-man-of-the-match,2026 Champions League Final: Man of the Match,2026-05-19T16:45:17.150566Z,2303821,will-dsir-dou-be-named-the-2026-uefa-champions-league-final-man-of-the-match,Will Désiré Doué be named the 2026 UEFA Champions League Final Man of the Match?,0xe03ab1b670748d91e43d7ecdf0aeaf39827217e4ca306f3341d425ab8d904edd,"[""15507887154576645272553162419364127904799743223273434332744717556549508559492"", ""14049493112009266910374803856672009864169370997908956505188340785403479940708""]",15507887154576645272553162419364127904799743223273434332744717556549508559492|14049493112009266910374803856672009864169370997908956505188340785403479940708,15507887154576645272553162419364127904799743223273434332744717556549508559492,Yes,True,0.07,50.0,0.45,1999.99,0.26,0.38,cd69741fc4ac25c71e6cf35265f757a0aa4a6e3e,0.01,5,,6167.4946,
2026-05-25T00:01:01Z,UCL,502650,2026-champions-league-final-man-of-the-match,2026 Champions League Final: Man of the Match,2026-05-19T16:45:17.150566Z,2303821,will-dsir-dou-be-named-the-2026-uefa-champions-league-final-man-of-the-match,Will Désiré Doué be named the 2026 UEFA Champions League Final Man of the Match?,0xe03ab1b670748d91e43d7ecdf0aeaf39827217e4ca306f3341d425ab8d904edd,"[""15507887154576645272553162419364127904799743223273434332744717556549508559492"", ""14049493112009266910374803856672009864169370997908956505188340785403479940708""]",15507887154576645272553162419364127904799743223273434332744717556549508559492|14049493112009266910374803856672009864169370997908956505188340785403479940708,14049493112009266910374803856672009864169370997908956505188340785403479940708,No,True,0.55,1999.99,0.93,50.0,0.74,0.38,73e82a599dbfdb0dcaa5677a1dc2b52f8f326eae,0.01,5,,6167.4946,
2026-05-25T00:01:01Z,UCL,502650,2026-champions-league-final-man-of-the-match,2026 Champions League Final: Man of the Match,2026-05-19T16:45:17.150566Z,2303826,will-player-b-be-named-the-2026-uefa-champions-league-final-man-of-the-match,Will Player B be named the 2026 UEFA Champions League Final Man of the Match?,0xd6994bb585d73be22763a703da10478474f4f57c8ea4ff7f280d810a036a5177,"[""113668942141133021296431565177440180904465200353558847882078197607329249495615"", ""41662347686515510081338823557107518630654442867891758305912009381909932171115""]",113668942141133021296431565177440180904465200353558847882078197607329249495615|41662347686515510081338823557107518630654442867891758305912009381909932171115,113668942141133021296431565177440180904465200353558847882078197607329249495615,Yes,False,,,,,,,,,,,0,0
2026-05-25T00:01:01Z,UCL,502650,2026-champions-league-final-man-of-the-match,2026 Champions League Final: Man of the Match,2026-05-19T16:45:17.150566Z,2303826,will-player-b-be-named-the-2026-uefa-champions-league-final-man-of-the-match,Will Player B be named the 2026 UEFA Champions League Final Man of the Match?,0xd6994bb585d73be22763a703da10478474f4f57c8ea4ff7f280d810a036a5177,"[""113668942141133021296431565177440180904465200353558847882078197607329249495615"", ""41662347686515510081338823557107518630654442867891758305912009381909932171115""]",113668942141133021296431565177440180904465200353558847882078197607329249495615|41662347686515510081338823557107518630654442867891758305912009381909932171115,41662347686515510081338823557107518630654442867891758305912009381909932171115,No,False,,,,,,,,,,,0,0
2026-05-25T00:01:01Z,UCL,502650,2026-champions-league-final-man-of-the-match,2026 Champions League Final: Man of the Match,2026-05-19T16:45:17.150566Z,2303828,will-player-d-be-named-the-2026-uefa-champions-league-final-man-of-the-match,Will Player D be named the 2026 UEFA Champions League Final Man of the Match?,0xc04fdb9560646be6d728b85b5221f65e30be3526d911ca8fa3a9df07623c33c2,"[""43642486407601385474066925104679247339149752225463257980156326298220863294789"", ""64802393338051339315551291008719685546686450962016617552483559401882816354202""]",43642486407601385474066925104679247339149752225463257980156326298220863294789|64802393338051339315551291008719685546686450962016617552483559401882816354202,43642486407601385474066925104679247339149752225463257980156326298220863294789,Yes,False,,,,,,,,,,,0,0
2026-05-25T00:01:01Z,UCL,502650,2026-champions-league-final-man-of-the-match,2026 Champions League Final: Man of the Match,2026-05-19T16:45:17.150566Z,2303828,will-player-d-be-named-the-2026-uefa-champions-league-final-man-of-the-match,Will Player D be named the 2026 UEFA Champions League Final Man of the Match?,0xc04fdb9560646be6d728b85b5221f65e30be3526d911ca8fa3a9df07623c33c2,"[""43642486407601385474066925104679247339149752225463257980156326298220863294789"", ""64802393338051339315551291008719685546686450962016617552483559401882816354202""]",43642486407601385474066925104679247339149752225463257980156326298220863294789|64802393338051339315551291008719685546686450962016617552483559401882816354202,64802393338051339315551291008719685546686450962016617552483559401882816354202,No,False,,,,,,,,,,,0,0
2026-05-25T00:01:01Z,UCL,502650,2026-champions-league-final-man-of-the-match,2026 Champions League Final: Man of the Match,2026-05-19T16:45:17.150566Z,2303830,will-player-f-be-named-the-2026-uefa-champions-league-final-man-of-the-match,Will Player F be named the 2026 UEFA Champions League Final Man of the Match?,0xdc304dc08d66f735ee6b0fb39f509502c2bd5434794bb16f5e257aa77f6562d7,"[""40189846068013916119313802376499293678735549167484020106789640555334465593773"", ""89961434691438447183937866093839380463957279080359290977686240006152459055014""]",40189846068013916119313802376499293678735549167484020106789640555334465593773|89961434691438447183937866093839380463957279080359290977686240006152459055014,40189846068013916119313802376499293678735549167484020106789640555334465593773,Yes,False,,,,,,,,,,,0,0
2026-05-25T00:01:01Z,UCL,502650,2026-champions-league-final-man-of-the-match,2026 Champions League Final: Man of the Match,2026-05-19T16:45:17.150566Z,2303830,will-player-f-be-named-the-2026-uefa-champions-league-final-man-of-the-match,Will Player F be named the 2026 UEFA Champions League Final Man of the Match?,0xdc304dc08d66f735ee6b0fb39f509502c2bd5434794bb16f5e257aa77f6562d7,"[""40189846068013916119313802376499293678735549167484020106789640555334465593773"", ""89961434691438447183937866093839380463957279080359290977686240006152459055014""]",40189846068013916119313802376499293678735549167484020106789640555334465593773|89961434691438447183937866093839380463957279080359290977686240006152459055014,89961434691438447183937866093839380463957279080359290977686240006152459055014,No,False,,,,,,,,,,,0,0
2026-05-25T00:01:01Z,UCL,502650,2026-champions-league-final-man-of-the-match,2026 Champions League Final: Man of the Match,2026-05-19T16:45:17.150566Z,2303838,will-player-n-be-named-the-2026-uefa-champions-league-final-man-of-the-match,Will Player N be named the 2026 UEFA Champions League Final Man of the Match?,0x1e43af1187384d575377c63713dac4757fb69658459bb7423898038fde59b00b,"[""50295479823195852672552179837096272018527806671898716619147156844100381557973"", ""7236347052264745940371430507553931029348432710771722347763478312504723062420""]",50295479823195852672552179837096272018527806671898716619147156844100381557973|7236347052264745940371430507553931029348432710771722347763478312504723062420,50295479823195852672552179837096272018527806671898716619147156844100381557973,Yes,False,,,,,,,,,,,0,0
2026-05-25T00:01:01Z,UCL,502650,2026-champions-league-final-man-of-the-match,2026 Champions League Final: Man of the Match,2026-05-19T16:45:17.150566Z,2303838,will-player-n-be-named-the-2026-uefa-champions-league-final-man-of-the-match,Will Player N be named the 2026 UEFA Champions League Final Man of the Match?,0x1e43af1187384d575377c63713dac4757fb69658459bb7423898038fde59b00b,"[""50295479823195852672552179837096272018527806671898716619147156844100381557973"", ""7236347052264745940371430507553931029348432710771722347763478312504723062420""]",50295479823195852672552179837096272018527806671898716619147156844100381557973|7236347052264745940371430507553931029348432710771722347763478312504723062420,7236347052264745940371430507553931029348432710771722347763478312504723062420,No,False,,,,,,,,,,,0,0
2026-05-25T00:01:01Z,UCL,502650,2026-champions-league-final-man-of-the-match,2026 Champions League Final: Man of the Match,2026-05-19T16:45:17.150566Z,2303777,will-david-raya-be-named-the-2026-uefa-champions-league-final-man-of-the-match,Will David Raya be named the 2026 UEFA Champions League Final Man of the Match?,0x912b6fe5ea7003427cd8ff1fba4d461d6ed03fecafdaf2d0b0240b124cbc6f61,"[""101200779701272928447882649311367242455872815056269699813419933076437321762990"", ""87141302441717875686094410431335997772302481935950634336744364047380507043675""]",101200779701272928447882649311367242455872815056269699813419933076437321762990|87141302441717875686094410431335997772302481935950634336744364047380507043675,101200779701272928447882649311367242455872815056269699813419933076437321762990,Yes,True,,,0.33,1500.0,,,817b9ba57f4a8bde7301249beebaa412e2a0677b,0.01,5,,6058.9399,
2026-05-25T00:01:01Z,UCL,502650,2026-champions-league-final-man-of-the-match,2026 Champions League Final: Man of the Match,2026-05-19T16:45:17.150566Z,2303777,will-david-raya-be-named-the-2026-uefa-champions-league-final-man-of-the-match,Will David Raya be named the 2026 UEFA Champions League Final Man of the Match?,0x912b6fe5ea7003427cd8ff1fba4d461d6ed03fecafdaf2d0b0240b124cbc6f61,"[""101200779701272928447882649311367242455872815056269699813419933076437321762990"", ""87141302441717875686094410431335997772302481935950634336744364047380507043675""]",101200779701272928447882649311367242455872815056269699813419933076437321762990|87141302441717875686094410431335997772302481935950634336744364047380507043675,87141302441717875686094410431335997772302481935950634336744364047380507043675,No,True,0.67,1500.0,,,,,db43f8ff8804dcc1fd4e9f8c54a35b847ae73906,0.01,5,,6058.9399,
2026-05-25T00:01:01Z,UCL,502650,2026-champions-league-final-man-of-the-match,2026 Champions League Final: Man of the Match,2026-05-19T16:45:17.150566Z,2303781,will-cristhian-mosquera-be-named-the-2026-uefa-champions-league-final-man-of-the-match,Will Cristhian Mosquera be named the 2026 UEFA Champions League Final Man of the Match?,0x39144aace26d16da35c04dac183d264f911545410b8cc2348b69ef3685a272b4,"[""86479805568090998666274916895121045258132528380486228275416521050912633113494"", ""21011862393832911823882880575668884197933118239354886526600698961781766829712""]",86479805568090998666274916895121045258132528380486228275416521050912633113494|21011862393832911823882880575668884197933118239354886526600698961781766829712,86479805568090998666274916895121045258132528380486228275416521050912633113494,Yes,True,,,0.33,1500.0,,,95b7266a4592928a2122acb0b244e8c8a0ce889e,0.01,5,,6057.9399,
2026-05-25T00:01:01Z,UCL,502650,2026-champions-league-final-man-of-the-match,2026 Champions League Final: Man of the Match,2026-05-19T16:45:17.150566Z,2303781,will-cristhian-mosquera-be-named-the-2026-uefa-champions-league-final-man-of-the-match,Will Cristhian Mosquera be named the 2026 UEFA Champions League Final Man of the Match?,0x39144aace26d16da35c04dac183d264f911545410b8cc2348b69ef3685a272b4,"[""86479805568090998666274916895121045258132528380486228275416521050912633113494"", ""21011862393832911823882880575668884197933118239354886526600698961781766829712""]",86479805568090998666274916895121045258132528380486228275416521050912633113494|21011862393832911823882880575668884197933118239354886526600698961781766829712,21011862393832911823882880575668884197933118239354886526600698961781766829712,No,True,0.67,1500.0,,,,,6c9ba4f7feb1f4fe632886d5b3b6d4fc864fb542,0.01,5,,6057.9399,
2026-05-25T00:01:01Z,UCL,502650,2026-champions-league-final-man-of-the-match,2026 Champions League Final: Man of the Match,2026-05-19T16:45:17.150566Z,2303783,will-piero-hincapi-be-named-the-2026-uefa-champions-league-final-man-of-the-match,Will Piero Hincapié be named the 2026 UEFA Champions League Final Man of the Match?,0x64ff8e2e24693aa320dbc1b04cd9dc108ec533af3832cb7e3cd693878ec2d844,"[""25021042549062250661722541991268571763754044013717305118733063893107019986373"", ""39822071649236103243470056400205819296813173163335396479687202825417776769561""]",25021042549062250661722541991268571763754044013717305118733063893107019986373|39822071649236103243470056400205819296813173163335396479687202825417776769561,25021042549062250661722541991268571763754044013717305118733063893107019986373,Yes,True,,,0.33,1500.0,,,dbc0ff60d2bfdc4fe4f937c5500ed3d0db85b7ac,0.01,5,,6056.0999,
2026-05-25T00:01:01Z,UCL,502650,2026-champions-league-final-man-of-the-match,2026 Champions League Final: Man of the Match,2026-05-19T16:45:17.150566Z,2303783,will-piero-hincapi-be-named-the-2026-uefa-champions-league-final-man-of-the-match,Will Piero Hincapié be named the 2026 UEFA Champions League Final Man of the Match?,0x64ff8e2e24693aa320dbc1b04cd9dc108ec533af3832cb7e3cd693878ec2d844,"[""25021042549062250661722541991268571763754044013717305118733063893107019986373"", ""39822071649236103243470056400205819296813173163335396479687202825417776769561""]",25021042549062250661722541991268571763754044013717305118733063893107019986373|39822071649236103243470056400205819296813173163335396479687202825417776769561,39822071649236103243470056400205819296813173163335396479687202825417776769561,No,True,0.67,1500.0,,,,,5fd723ca6b4269dda6678c7c8e0f54ce81575ecc,0.01,5,,6056.0999,
2026-05-25T00:01:01Z,UCL,502650,2026-champions-league-final-man-of-the-match,2026 Champions League Final: Man of the Match,2026-05-19T16:45:17.150566Z,2303786,will-riccardo-calafiori-be-named-the-2026-uefa-champions-league-final-man-of-the-match,Will Riccardo Calafiori be named the 2026 UEFA Champions League Final Man of the Match?,0x9f2a3a7eaa11a7e4633b64fa0a566d3a4f43a63592e079157e2f8fccc2e2a670,"[""22358598156219372765374869548596116176740939906885478250391801210587095486942"", ""41793893241130837629374246791812874881671461507320891559603106629484833793437""]",22358598156219372765374869548596116176740939906885478250391801210587095486942|41793893241130837629374246791812874881671461507320891559603106629484833793437,22358598156219372765374869548596116176740939906885478250391801210587095486942,Yes,True,,,0.33,1500.0,,,7d4b26b6237f0ad419765b87766356eb208eb1a1,0.01,5,,6057.9399,
2026-05-25T00:01:01Z,UCL,502650,2026-champions-league-final-man-of-the-match,2026 Champions League Final: Man of the Match,2026-05-19T16:45:17.150566Z,2303786,will-riccardo-calafiori-be-named-the-2026-uefa-champions-league-final-man-of-the-match,Will Riccardo Calafiori be named the 2026 UEFA Champions League Final Man of the Match?,0x9f2a3a7eaa11a7e4633b64fa0a566d3a4f43a63592e079157e2f8fccc2e2a670,"[""22358598156219372765374869548596116176740939906885478250391801210587095486942"", ""41793893241130837629374246791812874881671461507320891559603106629484833793437""]",22358598156219372765374869548596116176740939906885478250391801210587095486942|41793893241130837629374246791812874881671461507320891559603106629484833793437,41793893241130837629374246791812874881671461507320891559603106629484833793437,No,True,0.67,1500.0,,,,,6232a1c8dac05997509de7e888100c3b17fe6db4,0.01,5,,6057.9399,
2026-05-25T00:01:01Z,UCL,502650,2026-champions-league-final-man-of-the-match,2026 Champions League Final: Man of the Match,2026-05-19T16:45:17.150566Z,2303799,will-noni-madueke-be-named-the-2026-uefa-champions-league-final-man-of-the-match,Will Noni Madueke be named the 2026 UEFA Champions League Final Man of the Match?,0x38817b1060dfb421c8a901fa0c65de94916f961516c7d3faf04e8c8541c36d31,"[""7532015807198093760852774215007021103960852719814886836192841064927966776692"", ""47750091279500502454910097028814713909898192221266928853802938866531487530482""]",7532015807198093760852774215007021103960852719814886836192841064927966776692|47750091279500502454910097028814713909898192221266928853802938866531487530482,7532015807198093760852774215007021103960852719814886836192841064927966776692,Yes,True,,,0.33,1500.0,,,a6b69688d801508d2611422e6cd9e01cdf0ec112,0.01,5,,6057.9399,
2026-05-25T00:01:01Z,UCL,502650,2026-champions-league-final-man-of-the-match,2026 Champions League Final: Man of the Match,2026-05-19T16:45:17.150566Z,2303799,will-noni-madueke-be-named-the-2026-uefa-champions-league-final-man-of-the-match,Will Noni Madueke be named the 2026 UEFA Champions League Final Man of the Match?,0x38817b1060dfb421c8a901fa0c65de94916f961516c7d3faf04e8c8541c36d31,"[""7532015807198093760852774215007021103960852719814886836192841064927966776692"", ""47750091279500502454910097028814713909898192221266928853802938866531487530482""]",7532015807198093760852774215007021103960852719814886836192841064927966776692|47750091279500502454910097028814713909898192221266928853802938866531487530482,47750091279500502454910097028814713909898192221266928853802938866531487530482,No,True,0.67,1500.0,,,,,21488b8eebc6409e6667b2b22a8df188c81b982a,0.01,5,,6057.9399,
2026-05-25T00:01:01Z,UCL,502650,2026-champions-league-final-man-of-the-match,2026 Champions League Final: Man of the Match,2026-05-19T16:45:17.150566Z,2303800,will-kai-havertz-be-named-the-2026-uefa-champions-league-final-man-of-the-match,Will Kai Havertz be named the 2026 UEFA Champions League Final Man of the Match?,0xcc804de6f4f44f0a504e304389b6b09466040b7875d6bda059978216f01f136e,"[""2329568907254648818984871365859041368831615879415293052542139343003443441447"", ""58921227006418899894160725886039410695122571801211154144290826105783057639315""]",2329568907254648818984871365859041368831615879415293052542139343003443441447|58921227006418899894160725886039410695122571801211154144290826105783057639315,2329568907254648818984871365859041368831615879415293052542139343003443441447,Yes,True,,,0.22,1000.0,,,af8aa6ef03dbd2316e72c173176b32a1d0463e78,0.01,5,,5832.9389,
2026-05-25T00:01:01Z,UCL,502650,2026-champions-league-final-man-of-the-match,2026 Champions League Final: Man of the Match,2026-05-19T16:45:17.150566Z,2303800,will-kai-havertz-be-named-the-2026-uefa-champions-league-final-man-of-the-match,Will Kai Havertz be named the 2026 UEFA Champions League Final Man of the Match?,0xcc804de6f4f44f0a504e304389b6b09466040b7875d6bda059978216f01f136e,"[""2329568907254648818984871365859041368831615879415293052542139343003443441447"", ""58921227006418899894160725886039410695122571801211154144290826105783057639315""]",2329568907254648818984871365859041368831615879415293052542139343003443441447|58921227006418899894160725886039410695122571801211154144290826105783057639315,58921227006418899894160725886039410695122571801211154144290826105783057639315,No,True,0.78,1000.0,,,,,3f670c41c2187ea8ee6bbf94c21c4b44e1291b1b,0.01,5,,5832.9389,
2026-05-25T00:01:01Z,UCL,502650,2026-champions-league-final-man-of-the-match,2026 Champions League Final: Man of the Match,2026-05-19T16:45:17.150566Z,2303802,will-matvey-safonov-be-named-the-2026-uefa-champions-league-final-man-of-the-match,Will Matvey Safonov be named the 2026 UEFA Champions League Final Man of the Match?,0xb1e52d470c2d23269c7da91be02237af7b90f825a1b7159193a38f18b09ec157,"[""5114979702179553492435634822043109387507217276949600097751433882460494420194"", ""102092141331585943501063307678696834416182598701094709170274000679050089992499""]",5114979702179553492435634822043109387507217276949600097751433882460494420194|102092141331585943501063307678696834416182598701094709170274000679050089992499,5114979702179553492435634822043109387507217276949600097751433882460494420194,Yes,True,,,0.22,1000.0,,,1dcf624e26f7ba79a4236986cf09cb4de72619e2,0.01,5,,5831.0989,
2026-05-25T00:01:01Z,UCL,502650,2026-champions-league-final-man-of-the-match,2026 Champions League Final: Man of the Match,2026-05-19T16:45:17.150566Z,2303802,will-matvey-safonov-be-named-the-2026-uefa-champions-league-final-man-of-the-match,Will Matvey Safonov be named the 2026 UEFA Champions League Final Man of the Match?,0xb1e52d470c2d23269c7da91be02237af7b90f825a1b7159193a38f18b09ec157,"[""5114979702179553492435634822043109387507217276949600097751433882460494420194"", ""102092141331585943501063307678696834416182598701094709170274000679050089992499""]",5114979702179553492435634822043109387507217276949600097751433882460494420194|102092141331585943501063307678696834416182598701094709170274000679050089992499,102092141331585943501063307678696834416182598701094709170274000679050089992499,No,True,0.78,1000.0,,,,,39e281bb4c478c28e229b16912ff225c87fba1cc,0.01,5,,5831.0989,
2026-05-25T00:01:01Z,UCL,502650,2026-champions-league-final-man-of-the-match,2026 Champions League Final: Man of the Match,2026-05-19T16:45:17.150566Z,2303805,will-lucas-beraldo-be-named-the-2026-uefa-champions-league-final-man-of-the-match,Will Lucas Beraldo be named the 2026 UEFA Champions League Final Man of the Match?,0x33c38839442ce97b7121d02bb8e5d5b72f45c7d85cc859ade06772b3db19c50a,"[""4936507411543817502844046358142277701608945560148938414452486104282190132956"", ""52100640246911948935621834378610745230316555551182104560481995912459475694945""]",4936507411543817502844046358142277701608945560148938414452486104282190132956|52100640246911948935621834378610745230316555551182104560481995912459475694945,4936507411543817502844046358142277701608945560148938414452486104282190132956,Yes,True,,,0.37,2000.0,,,f9bcb35ab78ac7dc9f57c9037e5eb9a6e77deda5,0.01,5,,6912.94,
2026-05-25T00:01:01Z,UCL,502650,2026-champions-league-final-man-of-the-match,2026 Champions League Final: Man of the Match,2026-05-19T16:45:17.150566Z,2303805,will-lucas-beraldo-be-named-the-2026-uefa-champions-league-final-man-of-the-match,Will Lucas Beraldo be named the 2026 UEFA Champions League Final Man of the Match?,0x33c38839442ce97b7121d02bb8e5d5b72f45c7d85cc859ade06772b3db19c50a,"[""4936507411543817502844046358142277701608945560148938414452486104282190132956"", ""52100640246911948935621834378610745230316555551182104560481995912459475694945""]",4936507411543817502844046358142277701608945560148938414452486104282190132956|52100640246911948935621834378610745230316555551182104560481995912459475694945,52100640246911948935621834378610745230316555551182104560481995912459475694945,No,True,0.63,2000.0,,,,,ae1ad1e2ec774f88590ea665305a26379fc4266c,0.01,5,,6912.94,
2026-05-25T00:01:01Z,UCL,502650,2026-champions-league-final-man-of-the-match,2026 Champions League Final: Man of the Match,2026-05-19T16:45:17.150566Z,2303806,will-marquinhos-be-named-the-2026-uefa-champions-league-final-man-of-the-match,Will Marquinhos be named the 2026 UEFA Champions League Final Man of the Match?,0x8cec6ea5ad0a7a5abfee5130af81aaca0ec67ed14f7da3676d21f0530cc27afb,"[""61278735410846664210134858396487995891052080733929621118118483766029109524147"", ""2890165012794244730766183371772119177141469070198395324915925580650662650032""]",61278735410846664210134858396487995891052080733929621118118483766029109524147|2890165012794244730766183371772119177141469070198395324915925580650662650032,61278735410846664210134858396487995891052080733929621118118483766029109524147,Yes,True,,,0.3,1000.0,,,ca0602397d4f1dfaf7bed68ccf3014bfd5937ae7,0.01,5,,5751.0984,
2026-05-25T00:01:01Z,UCL,502650,2026-champions-league-final-man-of-the-match,2026 Champions League Final: Man of the Match,2026-05-19T16:45:17.150566Z,2303806,will-marquinhos-be-named-the-2026-uefa-champions-league-final-man-of-the-match,Will Marquinhos be named the 2026 UEFA Champions League Final Man of the Match?,0x8cec6ea5ad0a7a5abfee5130af81aaca0ec67ed14f7da3676d21f0530cc27afb,"[""61278735410846664210134858396487995891052080733929621118118483766029109524147"", ""2890165012794244730766183371772119177141469070198395324915925580650662650032""]",61278735410846664210134858396487995891052080733929621118118483766029109524147|2890165012794244730766183371772119177141469070198395324915925580650662650032,2890165012794244730766183371772119177141469070198395324915925580650662650032,No,True,0.7,1000.0,,,,,ea86077d08c54c038a30a44ed5d2cc31322e23c4,0.01,5,,5751.0984,
2026-05-25T00:01:01Z,UCL,502650,2026-champions-league-final-man-of-the-match,2026 Champions League Final: Man of the Match,2026-05-19T16:45:17.150566Z,2303807,will-illia-zabarnyi-be-named-the-2026-uefa-champions-league-final-man-of-the-match,Will Illia Zabarnyi be named the 2026 UEFA Champions League Final Man of the Match?,0x83e9d255c58600897aef0ea526cab9a4829abfcfac163ec84b31058f918f7d3c,"[""55949493897689779805032278863053004804997535594615235971771329625816356206323"", ""16178931325242562641197489722917055376256959176656707986450327656670122089774""]",55949493897689779805032278863053004804997535594615235971771329625816356206323|16178931325242562641197489722917055376256959176656707986450327656670122089774,55949493897689779805032278863053004804997535594615235971771329625816356206323,Yes,True,,,0.3,1000.0,,,273b23395616a254bf3fb9030e56f20419026e11,0.01,5,,5751.0994,
2026-05-25T00:01:01Z,UCL,502650,2026-champions-league-final-man-of-the-match,2026 Champions League Final: Man of the Match,2026-05-19T16:45:17.150566Z,2303807,will-illia-zabarnyi-be-named-the-2026-uefa-champions-league-final-man-of-the-match,Will Illia Zabarnyi be named the 2026 UEFA Champions League Final Man of the Match?,0x83e9d255c58600897aef0ea526cab9a4829abfcfac163ec84b31058f918f7d3c,"[""55949493897689779805032278863053004804997535594615235971771329625816356206323"", ""16178931325242562641197489722917055376256959176656707986450327656670122089774""]",55949493897689779805032278863053004804997535594615235971771329625816356206323|16178931325242562641197489722917055376256959176656707986450327656670122089774,16178931325242562641197489722917055376256959176656707986450327656670122089774,No,True,0.7,1000.0,,,,,2d953cc9c36effe6125883678c5fd61aad2ca4c6,0.01,5,,5751.0994,
2026-05-25T00:01:01Z,UCL,502650,2026-champions-league-final-man-of-the-match,2026 Champions League Final: Man of the Match,2026-05-19T16:45:17.150566Z,2303813,will-lee-kang-in-be-named-the-2026-uefa-champions-league-final-man-of-the-match,Will Lee Kang-in be named the 2026 UEFA Champions League Final Man of the Match?,0xc661274e870664308cf738bd217f6ade05d0fecebbf485a3b7679b0a82c308fa,"[""66294138467040193485627610359623027115089908806055565710597683576145975845959"", ""43330493314903284677048027596412056672880085274676992636315599921369189595557""]",66294138467040193485627610359623027115089908806055565710597683576145975845959|43330493314903284677048027596412056672880085274676992636315599921369189595557,66294138467040193485627610359623027115089908806055565710597683576145975845959,Yes,True,,,0.3,1000.0,,,0bcbe374e21fd5497ce8941ea40e84bc2a5d3dcc,0.01,5,,5752.9402,
2026-05-25T00:01:01Z,UCL,502650,2026-champions-league-final-man-of-the-match,2026 Champions League Final: Man of the Match,2026-05-19T16:45:17.150566Z,2303813,will-lee-kang-in-be-named-the-2026-uefa-champions-league-final-man-of-the-match,Will Lee Kang-in be named the 2026 UEFA Champions League Final Man of the Match?,0xc661274e870664308cf738bd217f6ade05d0fecebbf485a3b7679b0a82c308fa,"[""66294138467040193485627610359623027115089908806055565710597683576145975845959"", ""43330493314903284677048027596412056672880085274676992636315599921369189595557""]",66294138467040193485627610359623027115089908806055565710597683576145975845959|43330493314903284677048027596412056672880085274676992636315599921369189595557,43330493314903284677048027596412056672880085274676992636315599921369189595557,No,True,0.7,1000.0,,,,,87e01ad7d20dd71f324a465e0b182148aaa86e5f,0.01,5,,5752.9402,
2026-05-25T00:01:01Z,UCL,502650,2026-champions-league-final-man-of-the-match,2026 Champions League Final: Man of the Match,2026-05-19T16:45:17.150566Z,2303819,will-gonalo-ramos-be-named-the-2026-uefa-champions-league-final-man-of-the-match,Will Gonçalo Ramos be named the 2026 UEFA Champions League Final Man of the Match?,0x1d5695a2a658c794707e146d34b9263b70f040c455881310f5ca01a2257a684b,"[""31647367820140073181178605597157011397917524118143910264598583340035573625043"", ""25049393766806472244599906106855668714592217950092708661255616623230733961800""]",31647367820140073181178605597157011397917524118143910264598583340035573625043|25049393766806472244599906106855668714592217950092708661255616623230733961800,31647367820140073181178605597157011397917524118143910264598583340035573625043,Yes,True,,,0.45,1488.88,,,d8758778034f89d6f4cb1a59627ea875f2536190,0.01,5,0.550,5922.8241,11.11111
2026-05-25T00:01:01Z,UCL,502650,2026-champions-league-final-man-of-the-match,2026 Champions League Final: Man of the Match,2026-05-19T16:45:17.150566Z,2303819,will-gonalo-ramos-be-named-the-2026-uefa-champions-league-final-man-of-the-match,Will Gonçalo Ramos be named the 2026 UEFA Champions League Final Man of the Match?,0x1d5695a2a658c794707e146d34b9263b70f040c455881310f5ca01a2257a684b,"[""31647367820140073181178605597157011397917524118143910264598583340035573625043"", ""25049393766806472244599906106855668714592217950092708661255616623230733961800""]",31647367820140073181178605597157011397917524118143910264598583340035573625043|25049393766806472244599906106855668714592217950092708661255616623230733961800,25049393766806472244599906106855668714592217950092708661255616623230733961800,No,True,0.55,1488.88,,,,,f337404724a29ebd9fb7c50e52f6128777b6b99d,0.01,5,0.550,5922.8241,11.11111
2026-05-25T00:01:01Z,UCL,502650,2026-champions-league-final-man-of-the-match,2026 Champions League Final: Man of the Match,2026-05-19T16:45:17.150566Z,2303820,will-ousmane-dembl-be-named-the-2026-uefa-champions-league-final-man-of-the-match,Will Ousmane Dembélé be named the 2026 UEFA Champions League Final Man of the Match?,0x0ff6cb1c8ec02c46342be3350f93a6093293c31ed222d77265ad9083b0312381,"[""113218785016752965349211255105010358340806537480148591853825863054243692987231"", ""68727370738158871390231214344152935730430068684954943029358351838032362180909""]",113218785016752965349211255105010358340806537480148591853825863054243692987231|68727370738158871390231214344152935730430068684954943029358351838032362180909,113218785016752965349211255105010358340806537480148591853825863054243692987231,Yes,True,0.07,50.0,0.4,2000.0,0.23500000000000001,0.33,c4c668de67ea18e4bdd86c54c00ce81a48b19d01,0.01,5,,6855.1744,2.127658
2026-05-25T00:01:01Z,UCL,502650,2026-champions-league-final-man-of-the-match,2026 Champions League Final: Man of the Match,2026-05-19T16:45:17.150566Z,2303820,will-ousmane-dembl-be-named-the-2026-uefa-champions-league-final-man-of-the-match,Will Ousmane Dembélé be named the 2026 UEFA Champions League Final Man of the Match?,0x0ff6cb1c8ec02c46342be3350f93a6093293c31ed222d77265ad9083b0312381,"[""113218785016752965349211255105010358340806537480148591853825863054243692987231"", ""68727370738158871390231214344152935730430068684954943029358351838032362180909""]",113218785016752965349211255105010358340806537480148591853825863054243692987231|68727370738158871390231214344152935730430068684954943029358351838032362180909,68727370738158871390231214344152935730430068684954943029358351838032362180909,No,True,0.6,2000.0,0.93,50.0,0.765,0.33000000000000007,5eadf7032851e6cd7be3f2044ab14e5f4f488b72,0.01,5,,6855.1744,2.127658
2026-05-25T00:01:01Z,UCL,502650,2026-champions-league-final-man-of-the-match,2026 Champions League Final: Man of the Match,2026-05-19T16:45:17.150566Z,2303823,will-quentin-ndjantou-be-named-the-2026-uefa-champions-league-final-man-of-the-match,Will Quentin Ndjantou be named the 2026 UEFA Champions League Final Man of the Match?,0xb6f26de7f9ba50b4ec897b03858b85b4bc2865dd55f92e213a454f0b1942a38f,"[""3069104535792918968215431395038605125190422217124435785909467085949234153789"", ""78830929468657608760204867768686594356237789950465392262693569987558619761480""]",3069104535792918968215431395038605125190422217124435785909467085949234153789|78830929468657608760204867768686594356237789950465392262693569987558619761480,3069104535792918968215431395038605125190422217124435785909467085949234153789,Yes,True,0.001,230.0,0.49,100.0,0.2455,0.489,7b6c083047b1d73c75efface6e7cec28b8f3dfe2,0.001,5,,5079.38194,
2026-05-25T00:01:01Z,UCL,502650,2026-champions-league-final-man-of-the-match,2026 Champions League Final: Man of the Match,2026-05-19T16:45:17.150566Z,2303823,will-quentin-ndjantou-be-named-the-2026-uefa-champions-league-final-man-of-the-match,Will Quentin Ndjantou be named the 2026 UEFA Champions League Final Man of the Match?,0xb6f26de7f9ba50b4ec897b03858b85b4bc2865dd55f92e213a454f0b1942a38f,"[""3069104535792918968215431395038605125190422217124435785909467085949234153789"", ""78830929468657608760204867768686594356237789950465392262693569987558619761480""]",3069104535792918968215431395038605125190422217124435785909467085949234153789|78830929468657608760204867768686594356237789950465392262693569987558619761480,78830929468657608760204867768686594356237789950465392262693569987558619761480,No,True,0.51,100.0,0.999,230.0,0.7545,0.489,bbdb58766cf0bf1eb5cb597cc7d974937c40a380,0.001,5,,5079.38194,
2026-05-25T00:01:01Z,UCL,502650,2026-champions-league-final-man-of-the-match,2026 Champions League Final: Man of the Match,2026-05-19T16:45:17.150566Z,2303825,will-player-a-be-named-the-2026-uefa-champions-league-final-man-of-the-match,Will Player A be named the 2026 UEFA Champions League Final Man of the Match?,0x5ae0287daacf418298e462c75c6f2b3964cec948ddf33dd5eada72e2a5d59038,"[""44144665728552418004276317512483818227394103574001756572879318834468111954161"", ""50742043678756717202863551649660876938035868711381911365598124590383904780448""]",44144665728552418004276317512483818227394103574001756572879318834468111954161|50742043678756717202863551649660876938035868711381911365598124590383904780448,44144665728552418004276317512483818227394103574001756572879318834468111954161,Yes,False,,,,,,,,,,,0,0
2026-05-25T00:01:01Z,UCL,502650,2026-champions-league-final-man-of-the-match,2026 Champions League Final: Man of the Match,2026-05-19T16:45:17.150566Z,2303825,will-player-a-be-named-the-2026-uefa-champions-league-final-man-of-the-match,Will Player A be named the 2026 UEFA Champions League Final Man of the Match?,0x5ae0287daacf418298e462c75c6f2b3964cec948ddf33dd5eada72e2a5d59038,"[""44144665728552418004276317512483818227394103574001756572879318834468111954161"", ""50742043678756717202863551649660876938035868711381911365598124590383904780448""]",44144665728552418004276317512483818227394103574001756572879318834468111954161|50742043678756717202863551649660876938035868711381911365598124590383904780448,50742043678756717202863551649660876938035868711381911365598124590383904780448,No,False,,,,,,,,,,,0,0
2026-05-25T00:01:01Z,UCL,502650,2026-champions-league-final-man-of-the-match,2026 Champions League Final: Man of the Match,2026-05-19T16:45:17.150566Z,2303829,will-player-e-be-named-the-2026-uefa-champions-league-final-man-of-the-match,Will Player E be named the 2026 UEFA Champions League Final Man of the Match?,0x6a7ffc9fcfbe43fab6579bd32b0ff74462686ec866a38a2ef25ccdfeb0bd6c13,"[""63133846722922120510253696343182270823108142787185253830154038459228424769283"", ""93651789221193326864117313902480307659072915112163733756046742777353893564863""]",63133846722922120510253696343182270823108142787185253830154038459228424769283|93651789221193326864117313902480307659072915112163733756046742777353893564863,63133846722922120510253696343182270823108142787185253830154038459228424769283,Yes,False,,,,,,,,,,,0,0
2026-05-25T00:01:01Z,UCL,502650,2026-champions-league-final-man-of-the-match,2026 Champions League Final: Man of the Match,2026-05-19T16:45:17.150566Z,2303829,will-player-e-be-named-the-2026-uefa-champions-league-final-man-of-the-match,Will Player E be named the 2026 UEFA Champions League Final Man of the Match?,0x6a7ffc9fcfbe43fab6579bd32b0ff74462686ec866a38a2ef25ccdfeb0bd6c13,"[""63133846722922120510253696343182270823108142787185253830154038459228424769283"", ""93651789221193326864117313902480307659072915112163733756046742777353893564863""]",63133846722922120510253696343182270823108142787185253830154038459228424769283|93651789221193326864117313902480307659072915112163733756046742777353893564863,93651789221193326864117313902480307659072915112163733756046742777353893564863,No,False,,,,,,,,,,,0,0
2026-05-25T00:01:01Z,UCL,502650,2026-champions-league-final-man-of-the-match,2026 Champions League Final: Man of the Match,2026-05-19T16:45:17.150566Z,2303831,will-player-g-be-named-the-2026-uefa-champions-league-final-man-of-the-match,Will Player G be named the 2026 UEFA Champions League Final Man of the Match?,0x3c353615e9d009fcd424a7bae3aaec4b1fb936772a26682d253b0975bca64d05,"[""72314855857569969559331057050480660494009223835001988016909595486429556807253"", ""58719136693374141534298283905967451250426648558871246910327690244886947536126""]",72314855857569969559331057050480660494009223835001988016909595486429556807253|58719136693374141534298283905967451250426648558871246910327690244886947536126,72314855857569969559331057050480660494009223835001988016909595486429556807253,Yes,False,,,,,,,,,,,0,0
2026-05-25T00:01:01Z,UCL,502650,2026-champions-league-final-man-of-the-match,2026 Champions League Final: Man of the Match,2026-05-19T16:45:17.150566Z,2303831,will-player-g-be-named-the-2026-uefa-champions-league-final-man-of-the-match,Will Player G be named the 2026 UEFA Champions League Final Man of the Match?,0x3c353615e9d009fcd424a7bae3aaec4b1fb936772a26682d253b0975bca64d05,"[""72314855857569969559331057050480660494009223835001988016909595486429556807253"", ""58719136693374141534298283905967451250426648558871246910327690244886947536126""]",72314855857569969559331057050480660494009223835001988016909595486429556807253|58719136693374141534298283905967451250426648558871246910327690244886947536126,58719136693374141534298283905967451250426648558871246910327690244886947536126,No,False,,,,,,,,,,,0,0
2026-05-25T00:01:01Z,UCL,502650,2026-champions-league-final-man-of-the-match,2026 Champions League Final: Man of the Match,2026-05-19T16:45:17.150566Z,2303845,will-someone-else-be-named-the-2026-uefa-champions-league-final-man-of-the-match,Will someone else be named the 2026 UEFA Champions League Final Man of the Match?,0xe13b0a66d83c92a9131b916ca1d048482998dea85e8c61aa603a543f6eff3ab8,"[""96220904237733876518672728132017358304742727318721059756403888243503977822903"", ""94317517340830543136506030732444491402743346799214129592893318422592482549275""]",96220904237733876518672728132017358304742727318721059756403888243503977822903|94317517340830543136506030732444491402743346799214129592893318422592482549275,96220904237733876518672728132017358304742727318721059756403888243503977822903,Yes,False,,,,,,,,,,,0,0
2026-05-25T00:01:01Z,UCL,502650,2026-champions-league-final-man-of-the-match,2026 Champions League Final: Man of the Match,2026-05-19T16:45:17.150566Z,2303845,will-someone-else-be-named-the-2026-uefa-champions-league-final-man-of-the-match,Will someone else be named the 2026 UEFA Champions League Final Man of the Match?,0xe13b0a66d83c92a9131b916ca1d048482998dea85e8c61aa603a543f6eff3ab8,"[""96220904237733876518672728132017358304742727318721059756403888243503977822903"", ""94317517340830543136506030732444491402743346799214129592893318422592482549275""]",96220904237733876518672728132017358304742727318721059756403888243503977822903|94317517340830543136506030732444491402743346799214129592893318422592482549275,94317517340830543136506030732444491402743346799214129592893318422592482549275,No,False,,,,,,,,,,,0,0
2026-05-25T00:01:01Z,UCL,502650,2026-champions-league-final-man-of-the-match,2026 Champions League Final: Man of the Match,2026-05-19T16:45:17.150566Z,2303778,will-kepa-arrizabalaga-be-named-the-2026-uefa-champions-league-final-man-of-the-match,Will Kepa Arrizabalaga be named the 2026 UEFA Champions League Final Man of the Match?,0x675b5e9e1f0574ba663a605d9cbfaa3215bb51cc4495b69aac9fb886298151a3,"[""73556392857239712954068611968680731431787951062213571618592466042878738516658"", ""69229249333441828864097791966716329185174026196354205932518956957910772526683""]",73556392857239712954068611968680731431787951062213571618592466042878738516658|69229249333441828864097791966716329185174026196354205932518956957910772526683,73556392857239712954068611968680731431787951062213571618592466042878738516658,Yes,True,,,0.1,3900.0,,,72ff853c8046172524311388f394d14c4b12a7a8,0.01,5,,8562.9392,
2026-05-25T00:01:01Z,UCL,502650,2026-champions-league-final-man-of-the-match,2026 Champions League Final: Man of the Match,2026-05-19T16:45:17.150566Z,2303778,will-kepa-arrizabalaga-be-named-the-2026-uefa-champions-league-final-man-of-the-match,Will Kepa Arrizabalaga be named the 2026 UEFA Champions League Final Man of the Match?,0x675b5e9e1f0574ba663a605d9cbfaa3215bb51cc4495b69aac9fb886298151a3,"[""73556392857239712954068611968680731431787951062213571618592466042878738516658"", ""69229249333441828864097791966716329185174026196354205932518956957910772526683""]",73556392857239712954068611968680731431787951062213571618592466042878738516658|69229249333441828864097791966716329185174026196354205932518956957910772526683,69229249333441828864097791966716329185174026196354205932518956957910772526683,No,True,0.9,3900.0,,,,,1bd900dc37a0be474628d24d0cd1365494e922d0,0.01,5,,8562.9392,
2026-05-25T00:01:01Z,UCL,502650,2026-champions-league-final-man-of-the-match,2026 Champions League Final: Man of the Match,2026-05-19T16:45:17.150566Z,2303788,will-martin-degaard-be-named-the-2026-uefa-champions-league-final-man-of-the-match,Will Martin Ødegaard be named the 2026 UEFA Champions League Final Man of the Match?,0xf687e4ca24312d8d2126c944cce1a09543aed8a8809e391bbaabbbedc07c7071,"[""89819754707233141801098584790125662941493608143211015049769206844912786282100"", ""89643077451518161702608300972154367434200745360919324932826079856592355125015""]",89819754707233141801098584790125662941493608143211015049769206844912786282100|89643077451518161702608300972154367434200745360919324932826079856592355125015,89819754707233141801098584790125662941493608143211015049769206844912786282100,Yes,True,,,0.3,1500.0,,,4de048160dff5d382e1f01a388002920d253df0e,0.01,5,,6102.9384,
2026-05-25T00:01:01Z,UCL,502650,2026-champions-league-final-man-of-the-match,2026 Champions League Final: Man of the Match,2026-05-19T16:45:17.150566Z,2303788,will-martin-degaard-be-named-the-2026-uefa-champions-league-final-man-of-the-match,Will Martin Ødegaard be named the 2026 UEFA Champions League Final Man of the Match?,0xf687e4ca24312d8d2126c944cce1a09543aed8a8809e391bbaabbbedc07c7071,"[""89819754707233141801098584790125662941493608143211015049769206844912786282100"", ""89643077451518161702608300972154367434200745360919324932826079856592355125015""]",89819754707233141801098584790125662941493608143211015049769206844912786282100|89643077451518161702608300972154367434200745360919324932826079856592355125015,89643077451518161702608300972154367434200745360919324932826079856592355125015,No,True,0.7,1500.0,,,,,f2e0711280e6f332f03cc4dca8d3f7e14c5cf507,0.01,5,,6102.9384,
2026-05-25T00:01:01Z,UCL,502650,2026-champions-league-final-man-of-the-match,2026 Champions League Final: Man of the Match,2026-05-19T16:45:17.150566Z,2303789,will-christian-nrgaard-be-named-the-2026-uefa-champions-league-final-man-of-the-match,Will Christian Nørgaard be named the 2026 UEFA Champions League Final Man of the Match?,0x293d7885c434fd708d88e2bb1661cfd3c5084bc5280123038a172009171a2ce1,"[""663419624084604117490491385318184346062407504879203763706744368354378971183"", ""113414948065239701342653222115178362722693543463892148768823633213983595889224""]",663419624084604117490491385318184346062407504879203763706744368354378971183|113414948065239701342653222115178362722693543463892148768823633213983595889224,663419624084604117490491385318184346062407504879203763706744368354378971183,Yes,True,,,0.2,3000.0,,,50dc08ec99eb8c257ff50ed299c8c29fdbb13143,0.01,5,,7452.9392,
2026-05-25T00:01:01Z,UCL,502650,2026-champions-league-final-man-of-the-match,2026 Champions League Final: Man of the Match,2026-05-19T16:45:17.150566Z,2303789,will-christian-nrgaard-be-named-the-2026-uefa-champions-league-final-man-of-the-match,Will Christian Nørgaard be named the 2026 UEFA Champions League Final Man of the Match?,0x293d7885c434fd708d88e2bb1661cfd3c5084bc5280123038a172009171a2ce1,"[""663419624084604117490491385318184346062407504879203763706744368354378971183"", ""113414948065239701342653222115178362722693543463892148768823633213983595889224""]",663419624084604117490491385318184346062407504879203763706744368354378971183|113414948065239701342653222115178362722693543463892148768823633213983595889224,113414948065239701342653222115178362722693543463892148768823633213983595889224,No,True,0.8,3000.0,,,,,21e9184c5149a426e142dee7b1e66f71c2ba26f1,0.01,5,,7452.9392,
2026-05-25T00:01:01Z,UCL,502650,2026-champions-league-final-man-of-the-match,2026 Champions League Final: Man of the Match,2026-05-19T16:45:17.150566Z,2303792,will-declan-rice-be-named-the-2026-uefa-champions-league-final-man-of-the-match,Will Declan Rice be named the 2026 UEFA Champions League Final Man of the Match?,0x00ce8297120362a21fc510219fa2eb916dc0e2c074cdcd698979af5bab434550,"[""111574093872887074904170117338690571659929780558593128587585416869626539679238"", ""17263770202883390982667425559285597216887523536676493561350164395948483611081""]",111574093872887074904170117338690571659929780558593128587585416869626539679238|17263770202883390982667425559285597216887523536676493561350164395948483611081,111574093872887074904170117338690571659929780558593128587585416869626539679238,Yes,True,0.01,2000.0,0.4,2000.0,0.20500000000000002,0.39,4b2512e0837c82ffb1ec2c89318d4d206295f2f6,0.01,5,,6879.6344,
2026-05-25T00:01:01Z,UCL,502650,2026-champions-league-final-man-of-the-match,2026 Champions League Final: Man of the Match,2026-05-19T16:45:17.150566Z,2303792,will-declan-rice-be-named-the-2026-uefa-champions-league-final-man-of-the-match,Will Declan Rice be named the 2026 UEFA Champions League Final Man of the Match?,0x00ce8297120362a21fc510219fa2eb916dc0e2c074cdcd698979af5bab434550,"[""111574093872887074904170117338690571659929780558593128587585416869626539679238"", ""17263770202883390982667425559285597216887523536676493561350164395948483611081""]",111574093872887074904170117338690571659929780558593128587585416869626539679238|17263770202883390982667425559285597216887523536676493561350164395948483611081,17263770202883390982667425559285597216887523536676493561350164395948483611081,No,True,0.6,2000.0,0.99,2000.0,0.7949999999999999,0.39,57d98cb17110e62a9ced68220e71374a6e56dd70,0.01,5,,6879.6344,
2026-05-25T00:01:01Z,UCL,502650,2026-champions-league-final-man-of-the-match,2026 Champions League Final: Man of the Match,2026-05-19T16:45:17.150566Z,2303797,will-viktor-gykeres-be-named-the-2026-uefa-champions-league-final-man-of-the-match,Will Viktor Gyökeres be named the 2026 UEFA Champions League Final Man of the Match?,0xa72de8a281b8958ac2b2b6444b3bd4937c82f5eed9e49f7c756e7a5066a4964a,"[""16879035855959917249418873592248883364946456997309677331746407796578747672864"", ""3752588314825075926195626387339980308304180930995319183665349106357302486749""]",16879035855959917249418873592248883364946456997309677331746407796578747672864|3752588314825075926195626387339980308304180930995319183665349106357302486749,16879035855959917249418873592248883364946456997309677331746407796578747672864,Yes,True,0.01,2000.0,0.37,8.0,0.19,0.36,4b333ba86f518fd957a3ebae9f0335e35412920f,0.01,5,0.620,6771.2105,157
2026-05-25T00:01:01Z,UCL,502650,2026-champions-league-final-man-of-the-match,2026 Champions League Final: Man of the Match,2026-05-19T16:45:17.150566Z,2303797,will-viktor-gykeres-be-named-the-2026-uefa-champions-league-final-man-of-the-match,Will Viktor Gyökeres be named the 2026 UEFA Champions League Final Man of the Match?,0xa72de8a281b8958ac2b2b6444b3bd4937c82f5eed9e49f7c756e7a5066a4964a,"[""16879035855959917249418873592248883364946456997309677331746407796578747672864"", ""3752588314825075926195626387339980308304180930995319183665349106357302486749""]",16879035855959917249418873592248883364946456997309677331746407796578747672864|3752588314825075926195626387339980308304180930995319183665349106357302486749,3752588314825075926195626387339980308304180930995319183665349106357302486749,No,True,0.63,8.0,0.99,2000.0,0.81,0.36,42867fc9a1fc836991507b8bcfd3fb45062c2f06,0.01,5,0.620,6771.2105,157
2026-05-25T00:01:01Z,UCL,502650,2026-champions-league-final-man-of-the-match,2026 Champions League Final: Man of the Match,2026-05-19T16:45:17.150566Z,2303803,will-renato-marin-be-named-the-2026-uefa-champions-league-final-man-of-the-match,Will Renato Marin be named the 2026 UEFA Champions League Final Man of the Match?,0x210ff5dce98d83b1eed7ab2ccba8eacb322146d466ef7df3089dbcdfa9e7cdaf,"[""99614465937116815892769456425084780311394333260374248809731590851503167932461"", ""80331907612960090602189389534962673291350562453267590810955161992282834805661""]",99614465937116815892769456425084780311394333260374248809731590851503167932461|80331907612960090602189389534962673291350562453267590810955161992282834805661,99614465937116815892769456425084780311394333260374248809731590851503167932461,Yes,True,,,0.2,3000.0,,,4244033b179105469c9db629e1fee0b46e87824a,0.01,5,,7451.0992,
2026-05-25T00:01:01Z,UCL,502650,2026-champions-league-final-man-of-the-match,2026 Champions League Final: Man of the Match,2026-05-19T16:45:17.150566Z,2303803,will-renato-marin-be-named-the-2026-uefa-champions-league-final-man-of-the-match,Will Renato Marin be named the 2026 UEFA Champions League Final Man of the Match?,0x210ff5dce98d83b1eed7ab2ccba8eacb322146d466ef7df3089dbcdfa9e7cdaf,"[""99614465937116815892769456425084780311394333260374248809731590851503167932461"", ""80331907612960090602189389534962673291350562453267590810955161992282834805661""]",99614465937116815892769456425084780311394333260374248809731590851503167932461|80331907612960090602189389534962673291350562453267590810955161992282834805661,80331907612960090602189389534962673291350562453267590810955161992282834805661,No,True,0.8,3000.0,,,,,e34e4875747ec7ec90f549a0cf392c8843cde070,0.01,5,,7451.0992,
2026-05-25T00:01:01Z,UCL,502650,2026-champions-league-final-man-of-the-match,2026 Champions League Final: Man of the Match,2026-05-19T16:45:17.150566Z,2303808,will-lucas-hernndez-be-named-the-2026-uefa-champions-league-final-man-of-the-match,Will Lucas Hernández be named the 2026 UEFA Champions League Final Man of the Match?,0xf27cc9f56a0cead1a1e057883998cb14476db8df1c686919d06299c825406ff9,"[""53681801481518111929956040599056283516741294600269519225930289547584081913904"", ""70330750801364455879102427569257675274509583524104216595661245860392957195985""]",53681801481518111929956040599056283516741294600269519225930289547584081913904|70330750801364455879102427569257675274509583524104216595661245860392957195985,53681801481518111929956040599056283516741294600269519225930289547584081913904,Yes,True,,,0.3,1000.0,,,0ef54bab543183d080928aa9b055adc483be70ff,0.01,5,,5752.9394,
2026-05-25T00:01:01Z,UCL,502650,2026-champions-league-final-man-of-the-match,2026 Champions League Final: Man of the Match,2026-05-19T16:45:17.150566Z,2303808,will-lucas-hernndez-be-named-the-2026-uefa-champions-league-final-man-of-the-match,Will Lucas Hernández be named the 2026 UEFA Champions League Final Man of the Match?,0xf27cc9f56a0cead1a1e057883998cb14476db8df1c686919d06299c825406ff9,"[""53681801481518111929956040599056283516741294600269519225930289547584081913904"", ""70330750801364455879102427569257675274509583524104216595661245860392957195985""]",53681801481518111929956040599056283516741294600269519225930289547584081913904|70330750801364455879102427569257675274509583524104216595661245860392957195985,70330750801364455879102427569257675274509583524104216595661245860392957195985,No,True,0.7,1000.0,,,,,f0a55fc0a8f972097628d5ff9964b74ada93ce12,0.01,5,,5752.9394,
2026-05-25T00:01:01Z,UCL,502650,2026-champions-league-final-man-of-the-match,2026 Champions League Final: Man of the Match,2026-05-19T16:45:17.150566Z,2303809,will-nuno-mendes-be-named-the-2026-uefa-champions-league-final-man-of-the-match,Will Nuno Mendes be named the 2026 UEFA Champions League Final Man of the Match?,0x44d0f17d1b8c42c8b9a4cb11a4a1e0c2ffc48f51508936abfa521148b4e0fab1,"[""44060330206504512211444030767552116744849658111422410119077348482252154953202"", ""70296210779675457452292300874368668733776460595024476568355326720010847139797""]",44060330206504512211444030767552116744849658111422410119077348482252154953202|70296210779675457452292300874368668733776460595024476568355326720010847139797,44060330206504512211444030767552116744849658111422410119077348482252154953202,Yes,True,,,0.3,1000.0,,,2d3e2db08c7390460fa4ceaa67f1d961f449acf8,0.01,5,,5752.9402,
2026-05-25T00:01:01Z,UCL,502650,2026-champions-league-final-man-of-the-match,2026 Champions League Final: Man of the Match,2026-05-19T16:45:17.150566Z,2303809,will-nuno-mendes-be-named-the-2026-uefa-champions-league-final-man-of-the-match,Will Nuno Mendes be named the 2026 UEFA Champions League Final Man of the Match?,0x44d0f17d1b8c42c8b9a4cb11a4a1e0c2ffc48f51508936abfa521148b4e0fab1,"[""44060330206504512211444030767552116744849658111422410119077348482252154953202"", ""70296210779675457452292300874368668733776460595024476568355326720010847139797""]",44060330206504512211444030767552116744849658111422410119077348482252154953202|70296210779675457452292300874368668733776460595024476568355326720010847139797,70296210779675457452292300874368668733776460595024476568355326720010847139797,No,True,0.7,1000.0,,,,,8284838e36984be476eda750b32fe3e93fa1cd91,0.01,5,,5752.9402,
2026-05-25T00:01:01Z,UCL,502650,2026-champions-league-final-man-of-the-match,2026 Champions League Final: Man of the Match,2026-05-19T16:45:17.150566Z,2303815,will-dro-fernndez-be-named-the-2026-uefa-champions-league-final-man-of-the-match,Will Dro Fernández be named the 2026 UEFA Champions League Final Man of the Match?,0x8f16800e996b9218f41107d94510cdd64b29cf97289f58ab01cc229ccd255fc4,"[""2479908574767829389277685107423752065821310774611337242979522238432377255352"", ""114402146340957035266877692843058586373469268717288335441215553320198100189175""]",2479908574767829389277685107423752065821310774611337242979522238432377255352|114402146340957035266877692843058586373469268717288335441215553320198100189175,2479908574767829389277685107423752065821310774611337242979522238432377255352,Yes,True,,,0.4,2000.0,,,b1631c40b488e3b16ef6d4451c9207616fb18cc1,0.01,5,,6303.9399,
2026-05-25T00:01:01Z,UCL,502650,2026-champions-league-final-man-of-the-match,2026 Champions League Final: Man of the Match,2026-05-19T16:45:17.150566Z,2303815,will-dro-fernndez-be-named-the-2026-uefa-champions-league-final-man-of-the-match,Will Dro Fernández be named the 2026 UEFA Champions League Final Man of the Match?,0x8f16800e996b9218f41107d94510cdd64b29cf97289f58ab01cc229ccd255fc4,"[""2479908574767829389277685107423752065821310774611337242979522238432377255352"", ""114402146340957035266877692843058586373469268717288335441215553320198100189175""]",2479908574767829389277685107423752065821310774611337242979522238432377255352|114402146340957035266877692843058586373469268717288335441215553320198100189175,114402146340957035266877692843058586373469268717288335441215553320198100189175,No,True,0.6,2000.0,,,,,162511d300ed282808f9af3a346b52cfdf7b197f,0.01,5,,6303.9399,
2026-05-25T00:01:01Z,UCL,502650,2026-champions-league-final-man-of-the-match,2026 Champions League Final: Man of the Match,2026-05-19T16:45:17.150566Z,2303833,will-player-i-be-named-the-2026-uefa-champions-league-final-man-of-the-match,Will Player I be named the 2026 UEFA Champions League Final Man of the Match?,0x9fd5a87769f6097821e26de54688036d58a23e88e86a246e22fc632a67348725,"[""51769112643156987977426588729861734906855842891588196050264083169191777910012"", ""111069600755847337484752917219703310906766297232940234233499670049266563558226""]",51769112643156987977426588729861734906855842891588196050264083169191777910012|111069600755847337484752917219703310906766297232940234233499670049266563558226,51769112643156987977426588729861734906855842891588196050264083169191777910012,Yes,False,,,,,,,,,,,0,0
2026-05-25T00:01:01Z,UCL,502650,2026-champions-league-final-man-of-the-match,2026 Champions League Final: Man of the Match,2026-05-19T16:45:17.150566Z,2303833,will-player-i-be-named-the-2026-uefa-champions-league-final-man-of-the-match,Will Player I be named the 2026 UEFA Champions League Final Man of the Match?,0x9fd5a87769f6097821e26de54688036d58a23e88e86a246e22fc632a67348725,"[""51769112643156987977426588729861734906855842891588196050264083169191777910012"", ""111069600755847337484752917219703310906766297232940234233499670049266563558226""]",51769112643156987977426588729861734906855842891588196050264083169191777910012|111069600755847337484752917219703310906766297232940234233499670049266563558226,111069600755847337484752917219703310906766297232940234233499670049266563558226,No,False,,,,,,,,,,,0,0
2026-05-25T00:01:01Z,UCL,502650,2026-champions-league-final-man-of-the-match,2026 Champions League Final: Man of the Match,2026-05-19T16:45:17.150566Z,2303837,will-player-m-be-named-the-2026-uefa-champions-league-final-man-of-the-match,Will Player M be named the 2026 UEFA Champions League Final Man of the Match?,0x36a19cbbb5e2602c47ac00a6c651f0196fa49a7135ec1abc5420b9b6f710175f,"[""61305512468694559833898105616823296880105073705004574586329952947936990022253"", ""72598827911813788085985535560166292122175464291459846236499474639129155755383""]",61305512468694559833898105616823296880105073705004574586329952947936990022253|72598827911813788085985535560166292122175464291459846236499474639129155755383,61305512468694559833898105616823296880105073705004574586329952947936990022253,Yes,False,,,,,,,,,,,0,0
2026-05-25T00:01:01Z,UCL,502650,2026-champions-league-final-man-of-the-match,2026 Champions League Final: Man of the Match,2026-05-19T16:45:17.150566Z,2303837,will-player-m-be-named-the-2026-uefa-champions-league-final-man-of-the-match,Will Player M be named the 2026 UEFA Champions League Final Man of the Match?,0x36a19cbbb5e2602c47ac00a6c651f0196fa49a7135ec1abc5420b9b6f710175f,"[""61305512468694559833898105616823296880105073705004574586329952947936990022253"", ""72598827911813788085985535560166292122175464291459846236499474639129155755383""]",61305512468694559833898105616823296880105073705004574586329952947936990022253|72598827911813788085985535560166292122175464291459846236499474639129155755383,72598827911813788085985535560166292122175464291459846236499474639129155755383,No,False,,,,,,,,,,,0,0
2026-05-25T00:01:01Z,UCL,502650,2026-champions-league-final-man-of-the-match,2026 Champions League Final: Man of the Match,2026-05-19T16:45:17.150566Z,2303839,will-player-o-be-named-the-2026-uefa-champions-league-final-man-of-the-match,Will Player O be named the 2026 UEFA Champions League Final Man of the Match?,0xf09bd8a1a63bb348efa56c417405dc66a873c41702a3cec050aba69b60a81a71,"[""81483388935806377572596621828629636309235570576774519039592334607251304461614"", ""41943882187509553367730059400630398754068165091617746133662979267063660188984""]",81483388935806377572596621828629636309235570576774519039592334607251304461614|41943882187509553367730059400630398754068165091617746133662979267063660188984,81483388935806377572596621828629636309235570576774519039592334607251304461614,Yes,False,,,,,,,,,,,0,0
2026-05-25T00:01:01Z,UCL,502650,2026-champions-league-final-man-of-the-match,2026 Champions League Final: Man of the Match,2026-05-19T16:45:17.150566Z,2303839,will-player-o-be-named-the-2026-uefa-champions-league-final-man-of-the-match,Will Player O be named the 2026 UEFA Champions League Final Man of the Match?,0xf09bd8a1a63bb348efa56c417405dc66a873c41702a3cec050aba69b60a81a71,"[""81483388935806377572596621828629636309235570576774519039592334607251304461614"", ""41943882187509553367730059400630398754068165091617746133662979267063660188984""]",81483388935806377572596621828629636309235570576774519039592334607251304461614|41943882187509553367730059400630398754068165091617746133662979267063660188984,41943882187509553367730059400630398754068165091617746133662979267063660188984,No,False,,,,,,,,,,,0,0
2026-05-25T00:01:01Z,UCL,502650,2026-champions-league-final-man-of-the-match,2026 Champions League Final: Man of the Match,2026-05-19T16:45:17.150566Z,2303841,will-player-q-be-named-the-2026-uefa-champions-league-final-man-of-the-match,Will Player Q be named the 2026 UEFA Champions League Final Man of the Match?,0x2b00ce73f3c15fd7c1821641b2cac9857477c021194b21e4fe4946cb5dd47000,"[""90409201588324806232778686101359427558693787125393858969636877454387380072042"", ""91907448688429848870748583898556142695583521425104730444823535095960761066275""]",90409201588324806232778686101359427558693787125393858969636877454387380072042|91907448688429848870748583898556142695583521425104730444823535095960761066275,90409201588324806232778686101359427558693787125393858969636877454387380072042,Yes,False,,,,,,,,,,,0,0
2026-05-25T00:01:01Z,UCL,502650,2026-champions-league-final-man-of-the-match,2026 Champions League Final: Man of the Match,2026-05-19T16:45:17.150566Z,2303841,will-player-q-be-named-the-2026-uefa-champions-league-final-man-of-the-match,Will Player Q be named the 2026 UEFA Champions League Final Man of the Match?,0x2b00ce73f3c15fd7c1821641b2cac9857477c021194b21e4fe4946cb5dd47000,"[""90409201588324806232778686101359427558693787125393858969636877454387380072042"", ""91907448688429848870748583898556142695583521425104730444823535095960761066275""]",90409201588324806232778686101359427558693787125393858969636877454387380072042|91907448688429848870748583898556142695583521425104730444823535095960761066275,91907448688429848870748583898556142695583521425104730444823535095960761066275,No,False,,,,,,,,,,,0,0
2026-05-25T00:01:01Z,UCL,502650,2026-champions-league-final-man-of-the-match,2026 Champions League Final: Man of the Match,2026-05-19T16:45:17.150566Z,2303842,will-player-r-be-named-the-2026-uefa-champions-league-final-man-of-the-match,Will Player R be named the 2026 UEFA Champions League Final Man of the Match?,0x26b7cc7b7b29b4a924101e6cccd2162f6db9038cc7f9685c5a122c5e0352e1b0,"[""61177311395677383809394311774371131570950309095991692563474424118381470918957"", ""3902689583203752485402907063605085863094661603058895564365266228557045981895""]",61177311395677383809394311774371131570950309095991692563474424118381470918957|3902689583203752485402907063605085863094661603058895564365266228557045981895,61177311395677383809394311774371131570950309095991692563474424118381470918957,Yes,False,,,,,,,,,,,0,0
2026-05-25T00:01:01Z,UCL,502650,2026-champions-league-final-man-of-the-match,2026 Champions League Final: Man of the Match,2026-05-19T16:45:17.150566Z,2303842,will-player-r-be-named-the-2026-uefa-champions-league-final-man-of-the-match,Will Player R be named the 2026 UEFA Champions League Final Man of the Match?,0x26b7cc7b7b29b4a924101e6cccd2162f6db9038cc7f9685c5a122c5e0352e1b0,"[""61177311395677383809394311774371131570950309095991692563474424118381470918957"", ""3902689583203752485402907063605085863094661603058895564365266228557045981895""]",61177311395677383809394311774371131570950309095991692563474424118381470918957|3902689583203752485402907063605085863094661603058895564365266228557045981895,3902689583203752485402907063605085863094661603058895564365266228557045981895,No,False,,,,,,,,,,,0,0
2026-05-25T00:01:01Z,UCL,502650,2026-champions-league-final-man-of-the-match,2026 Champions League Final: Man of the Match,2026-05-19T16:45:17.150566Z,2303843,will-player-s-be-named-the-2026-uefa-champions-league-final-man-of-the-match,Will Player S be named the 2026 UEFA Champions League Final Man of the Match?,0x70c0ac04ac233cfbebe843a757dbf2e3a017c49ca520cb3d656ad8c58c2a6099,"[""75196139593540100256778174738844818993090080349709173022559746316152866036565"", ""108063430930268779262804196842370895104158106966608444411198293499762592392231""]",75196139593540100256778174738844818993090080349709173022559746316152866036565|108063430930268779262804196842370895104158106966608444411198293499762592392231,75196139593540100256778174738844818993090080349709173022559746316152866036565,Yes,False,,,,,,,,,,,0,0
2026-05-25T00:01:01Z,UCL,502650,2026-champions-league-final-man-of-the-match,2026 Champions League Final: Man of the Match,2026-05-19T16:45:17.150566Z,2303843,will-player-s-be-named-the-2026-uefa-champions-league-final-man-of-the-match,Will Player S be named the 2026 UEFA Champions League Final Man of the Match?,0x70c0ac04ac233cfbebe843a757dbf2e3a017c49ca520cb3d656ad8c58c2a6099,"[""75196139593540100256778174738844818993090080349709173022559746316152866036565"", ""108063430930268779262804196842370895104158106966608444411198293499762592392231""]",75196139593540100256778174738844818993090080349709173022559746316152866036565|108063430930268779262804196842370895104158106966608444411198293499762592392231,108063430930268779262804196842370895104158106966608444411198293499762592392231,No,False,,,,,,,,,,,0,0
2026-05-25T00:01:01Z,UCL,502650,2026-champions-league-final-man-of-the-match,2026 Champions League Final: Man of the Match,2026-05-19T16:45:17.150566Z,2303844,will-player-t-be-named-the-2026-uefa-champions-league-final-man-of-the-match,Will Player T be named the 2026 UEFA Champions League Final Man of the Match?,0xab9a6a4c3d02fdc4064a135829861dc1d944238868955f5bd7e5b144b62fb3cd,"[""41026369573658210053792908722626275402268190952778208055288234016833549567187"", ""80026264097977803498495259090237085504081128066033419114492906501925679247167""]",41026369573658210053792908722626275402268190952778208055288234016833549567187|80026264097977803498495259090237085504081128066033419114492906501925679247167,41026369573658210053792908722626275402268190952778208055288234016833549567187,Yes,False,,,,,,,,,,,0,0
2026-05-25T00:01:01Z,UCL,502650,2026-champions-league-final-man-of-the-match,2026 Champions League Final: Man of the Match,2026-05-19T16:45:17.150566Z,2303844,will-player-t-be-named-the-2026-uefa-champions-league-final-man-of-the-match,Will Player T be named the 2026 UEFA Champions League Final Man of the Match?,0xab9a6a4c3d02fdc4064a135829861dc1d944238868955f5bd7e5b144b62fb3cd,"[""41026369573658210053792908722626275402268190952778208055288234016833549567187"", ""80026264097977803498495259090237085504081128066033419114492906501925679247167""]",41026369573658210053792908722626275402268190952778208055288234016833549567187|80026264097977803498495259090237085504081128066033419114492906501925679247167,80026264097977803498495259090237085504081128066033419114492906501925679247167,No,False,,,,,,,,,,,0,0
2026-05-25T00:01:01Z,UCL,502650,2026-champions-league-final-man-of-the-match,2026 Champions League Final: Man of the Match,2026-05-19T16:45:17.150566Z,2303787,will-myles-lewis-skelly-be-named-the-2026-uefa-champions-league-final-man-of-the-match,Will Myles Lewis-Skelly be named the 2026 UEFA Champions League Final Man of the Match?,0x9d706ca3cff804eacc6481137ee8d10b0772d06bccfd96781dcf40f774e32efb,"[""54892934297620459637853321061145894817495052994415315738172924598199911471315"", ""45904362979560104097082011749887503950602506602421788835819657384073538824853""]",54892934297620459637853321061145894817495052994415315738172924598199911471315|45904362979560104097082011749887503950602506602421788835819657384073538824853,54892934297620459637853321061145894817495052994415315738172924598199911471315,Yes,True,,,0.2,3000.0,,,36391c78caba0ce3e9fa1556940e7dd15947709e,0.01,5,,7451.0992,
2026-05-25T00:01:01Z,UCL,502650,2026-champions-league-final-man-of-the-match,2026 Champions League Final: Man of the Match,2026-05-19T16:45:17.150566Z,2303787,will-myles-lewis-skelly-be-named-the-2026-uefa-champions-league-final-man-of-the-match,Will Myles Lewis-Skelly be named the 2026 UEFA Champions League Final Man of the Match?,0x9d706ca3cff804eacc6481137ee8d10b0772d06bccfd96781dcf40f774e32efb,"[""54892934297620459637853321061145894817495052994415315738172924598199911471315"", ""45904362979560104097082011749887503950602506602421788835819657384073538824853""]",54892934297620459637853321061145894817495052994415315738172924598199911471315|45904362979560104097082011749887503950602506602421788835819657384073538824853,45904362979560104097082011749887503950602506602421788835819657384073538824853,No,True,0.8,3000.0,,,,,8c1521fbb061180c7f56e1d3ed7c36c8b99e90c6,0.01,5,,7451.0992,
2026-05-25T00:01:01Z,UCL,502650,2026-champions-league-final-man-of-the-match,2026 Champions League Final: Man of the Match,2026-05-19T16:45:17.150566Z,2303791,will-martn-zubimendi-be-named-the-2026-uefa-champions-league-final-man-of-the-match,Will Martín Zubimendi be named the 2026 UEFA Champions League Final Man of the Match?,0x5286ffe3783fb9a68a21ab61f1b46e3233a23034524b6051deb82f1309616b56,"[""59648741764860671720204324897442569130221208922616780148670429380637320414153"", ""102896237829162634265125324200150115110439036071559385453787948000377123166684""]",59648741764860671720204324897442569130221208922616780148670429380637320414153|102896237829162634265125324200150115110439036071559385453787948000377123166684,59648741764860671720204324897442569130221208922616780148670429380637320414153,Yes,True,,,0.22,1700.0,,,973046df3841f2a945b2158731ff13564bcad81d,0.01,5,,6377.0989,
2026-05-25T00:01:01Z,UCL,502650,2026-champions-league-final-man-of-the-match,2026 Champions League Final: Man of the Match,2026-05-19T16:45:17.150566Z,2303791,will-martn-zubimendi-be-named-the-2026-uefa-champions-league-final-man-of-the-match,Will Martín Zubimendi be named the 2026 UEFA Champions League Final Man of the Match?,0x5286ffe3783fb9a68a21ab61f1b46e3233a23034524b6051deb82f1309616b56,"[""59648741764860671720204324897442569130221208922616780148670429380637320414153"", ""102896237829162634265125324200150115110439036071559385453787948000377123166684""]",59648741764860671720204324897442569130221208922616780148670429380637320414153|102896237829162634265125324200150115110439036071559385453787948000377123166684,102896237829162634265125324200150115110439036071559385453787948000377123166684,No,True,0.78,1700.0,,,,,9c4f0dda2795cab730f698e10cb5bdbcd4ef304e,0.01,5,,6377.0989,
2026-05-25T00:01:01Z,UCL,502650,2026-champions-league-final-man-of-the-match,2026 Champions League Final: Man of the Match,2026-05-19T16:45:17.150566Z,2303795,will-eberechi-eze-be-named-the-2026-uefa-champions-league-final-man-of-the-match,Will Eberechi Eze be named the 2026 UEFA Champions League Final Man of the Match?,0xc3f5acbaf40a4784b6a03b00354b21cdf7b322b3a706cb080924d00885239570,"[""64866908098257618615497563832145788550905440728436342755321335167458090187821"", ""16208067347360583538435045647797408011143987280021452462302918871683212017989""]",64866908098257618615497563832145788550905440728436342755321335167458090187821|16208067347360583538435045647797408011143987280021452462302918871683212017989,64866908098257618615497563832145788550905440728436342755321335167458090187821,Yes,True,,,0.4,1500.0,,,1d1334122c0b9733cc7db80b192d7da21a66fd67,0.01,5,,5951.0999,
2026-05-25T00:01:01Z,UCL,502650,2026-champions-league-final-man-of-the-match,2026 Champions League Final: Man of the Match,2026-05-19T16:45:17.150566Z,2303795,will-eberechi-eze-be-named-the-2026-uefa-champions-league-final-man-of-the-match,Will Eberechi Eze be named the 2026 UEFA Champions League Final Man of the Match?,0xc3f5acbaf40a4784b6a03b00354b21cdf7b322b3a706cb080924d00885239570,"[""64866908098257618615497563832145788550905440728436342755321335167458090187821"", ""16208067347360583538435045647797408011143987280021452462302918871683212017989""]",64866908098257618615497563832145788550905440728436342755321335167458090187821|16208067347360583538435045647797408011143987280021452462302918871683212017989,16208067347360583538435045647797408011143987280021452462302918871683212017989,No,True,0.6,1500.0,,,,,e74d2a061bbce5ba32ee88a4595cf63badf8d366,0.01,5,,5951.0999,
2026-05-25T00:01:01Z,UCL,502650,2026-champions-league-final-man-of-the-match,2026 Champions League Final: Man of the Match,2026-05-19T16:45:17.150566Z,2303812,will-vitinha-be-named-the-2026-uefa-champions-league-final-man-of-the-match,Will Vitinha be named the 2026 UEFA Champions League Final Man of the Match?,0xaa73e82e90949e9eb4fded30476355a807e832c2610217dbdc46bc8b72369193,"[""67439828681457288350262048988166783004344014005532088185358829082419421673310"", ""103623722840212387939614603132883745087775961731640522897645997722540935832305""]",67439828681457288350262048988166783004344014005532088185358829082419421673310|103623722840212387939614603132883745087775961731640522897645997722540935832305,67439828681457288350262048988166783004344014005532088185358829082419421673310,Yes,True,,,0.35,1000.0,,,d8724011ba1ea6d0319f0e96de6ebc429d7d252c,0.01,5,,5702.0996,
2026-05-25T00:01:01Z,UCL,502650,2026-champions-league-final-man-of-the-match,2026 Champions League Final: Man of the Match,2026-05-19T16:45:17.150566Z,2303812,will-vitinha-be-named-the-2026-uefa-champions-league-final-man-of-the-match,Will Vitinha be named the 2026 UEFA Champions League Final Man of the Match?,0xaa73e82e90949e9eb4fded30476355a807e832c2610217dbdc46bc8b72369193,"[""67439828681457288350262048988166783004344014005532088185358829082419421673310"", ""103623722840212387939614603132883745087775961731640522897645997722540935832305""]",67439828681457288350262048988166783004344014005532088185358829082419421673310|103623722840212387939614603132883745087775961731640522897645997722540935832305,103623722840212387939614603132883745087775961731640522897645997722540935832305,No,True,0.65,1000.0,,,,,b1be73f8d3d0b89c0460d8afdd7f7b029f030cf2,0.01,5,,5702.0996,
2026-05-25T00:01:01Z,UCL,502650,2026-champions-league-final-man-of-the-match,2026 Champions League Final: Man of the Match,2026-05-19T16:45:17.150566Z,2303814,will-senny-mayulu-be-named-the-2026-uefa-champions-league-final-man-of-the-match,Will Senny Mayulu be named the 2026 UEFA Champions League Final Man of the Match?,0x7fc3ce83d900f40d2cd2241823b2d63f660662a243dac19a4bbc6a42cfb638a5,"[""17187456445327594435557660665786929670172467625739326196974874496763363219652"", ""66156071236959242390172764999799836384424965634761442706190086476616966468039""]",17187456445327594435557660665786929670172467625739326196974874496763363219652|66156071236959242390172764999799836384424965634761442706190086476616966468039,17187456445327594435557660665786929670172467625739326196974874496763363219652,Yes,True,,,0.3,1000.0,,,d507a5e18c3b05e183bbe2522fab68d25fe9916e,0.01,5,,5751.0984,
2026-05-25T00:01:01Z,UCL,502650,2026-champions-league-final-man-of-the-match,2026 Champions League Final: Man of the Match,2026-05-19T16:45:17.150566Z,2303814,will-senny-mayulu-be-named-the-2026-uefa-champions-league-final-man-of-the-match,Will Senny Mayulu be named the 2026 UEFA Champions League Final Man of the Match?,0x7fc3ce83d900f40d2cd2241823b2d63f660662a243dac19a4bbc6a42cfb638a5,"[""17187456445327594435557660665786929670172467625739326196974874496763363219652"", ""66156071236959242390172764999799836384424965634761442706190086476616966468039""]",17187456445327594435557660665786929670172467625739326196974874496763363219652|66156071236959242390172764999799836384424965634761442706190086476616966468039,66156071236959242390172764999799836384424965634761442706190086476616966468039,No,True,0.7,1000.0,,,,,03979e2d1522503c991eefc4c0002c8f10d9bba9,0.01,5,,5751.0984,
2026-05-25T00:01:01Z,UCL,502650,2026-champions-league-final-man-of-the-match,2026 Champions League Final: Man of the Match,2026-05-19T16:45:17.150566Z,2303816,will-warren-zare-emery-be-named-the-2026-uefa-champions-league-final-man-of-the-match,Will Warren Zaïre-Emery be named the 2026 UEFA Champions League Final Man of the Match?,0xa4b9623e39d814fa7dcf0cc1f057c9f18569c5a9f2a63bffea9250c70e5470e4,"[""114643873644573939307896520903884301521540111185589981015976295522831082424487"", ""51628178538260201931654689077490784392318936187756991035490784703948035133877""]",114643873644573939307896520903884301521540111185589981015976295522831082424487|51628178538260201931654689077490784392318936187756991035490784703948035133877,114643873644573939307896520903884301521540111185589981015976295522831082424487,Yes,True,,,0.45,999.99,,,e08a952606cd32c5f9079e8b17f21dee2154edf2,0.01,5,,5653.9346,
2026-05-25T00:01:01Z,UCL,502650,2026-champions-league-final-man-of-the-match,2026 Champions League Final: Man of the Match,2026-05-19T16:45:17.150566Z,2303816,will-warren-zare-emery-be-named-the-2026-uefa-champions-league-final-man-of-the-match,Will Warren Zaïre-Emery be named the 2026 UEFA Champions League Final Man of the Match?,0xa4b9623e39d814fa7dcf0cc1f057c9f18569c5a9f2a63bffea9250c70e5470e4,"[""114643873644573939307896520903884301521540111185589981015976295522831082424487"", ""51628178538260201931654689077490784392318936187756991035490784703948035133877""]",114643873644573939307896520903884301521540111185589981015976295522831082424487|51628178538260201931654689077490784392318936187756991035490784703948035133877,51628178538260201931654689077490784392318936187756991035490784703948035133877,No,True,0.55,999.99,,,,,a9cd6b8132074c53a1aa522e6d19a87bc27eeaa1,0.01,5,,5653.9346,
2026-05-25T00:01:01Z,UCL,502650,2026-champions-league-final-man-of-the-match,2026 Champions League Final: Man of the Match,2026-05-19T16:45:17.150566Z,2303817,will-joo-neves-be-named-the-2026-uefa-champions-league-final-man-of-the-match,Will João Neves be named the 2026 UEFA Champions League Final Man of the Match?,0x9457f82b3f8c9d214aee961014b13cbeb3c2c6baff0efa56e7a621f4992ee39e,"[""39302476221518611367980615575769758305005044269066772320801303477252461212453"", ""101238450133986793379665154465825249105093171824497276571029243299392620312105""]",39302476221518611367980615575769758305005044269066772320801303477252461212453|101238450133986793379665154465825249105093171824497276571029243299392620312105,39302476221518611367980615575769758305005044269066772320801303477252461212453,Yes,True,,,0.49,100.0,,,1dc8cf396c38824d72443b4d71d9920d3aebd728,0.01,5,,5065.1003,
2026-05-25T00:01:01Z,UCL,502650,2026-champions-league-final-man-of-the-match,2026 Champions League Final: Man of the Match,2026-05-19T16:45:17.150566Z,2303817,will-joo-neves-be-named-the-2026-uefa-champions-league-final-man-of-the-match,Will João Neves be named the 2026 UEFA Champions League Final Man of the Match?,0x9457f82b3f8c9d214aee961014b13cbeb3c2c6baff0efa56e7a621f4992ee39e,"[""39302476221518611367980615575769758305005044269066772320801303477252461212453"", ""101238450133986793379665154465825249105093171824497276571029243299392620312105""]",39302476221518611367980615575769758305005044269066772320801303477252461212453|101238450133986793379665154465825249105093171824497276571029243299392620312105,101238450133986793379665154465825249105093171824497276571029243299392620312105,No,True,0.51,100.0,,,,,af9fa0372d86cbb71a65d2c416304dd54bf06f2a,0.01,5,,5065.1003,
2026-05-25T00:01:01Z,UCL,502650,2026-champions-league-final-man-of-the-match,2026 Champions League Final: Man of the Match,2026-05-19T16:45:17.150566Z,2303822,will-bradley-barcola-be-named-the-2026-uefa-champions-league-final-man-of-the-match,Will Bradley Barcola be named the 2026 UEFA Champions League Final Man of the Match?,0x615e418d752dc78f3dabaa7712fa9cd6aae20f1a9a4251f536087523ea2a70fe,"[""40404620985514352256461233871362082415996363501303519602194337931454115631545"", ""75219543390958229687860943725813177663570814010564823763696912544063453924076""]",40404620985514352256461233871362082415996363501303519602194337931454115631545|75219543390958229687860943725813177663570814010564823763696912544063453924076,40404620985514352256461233871362082415996363501303519602194337931454115631545,Yes,True,,,0.4,2000.0,,,af046da04154d098ecc809a33b6e582bcbaab1b3,0.01,5,,6303.9399,
2026-05-25T00:01:01Z,UCL,502650,2026-champions-league-final-man-of-the-match,2026 Champions League Final: Man of the Match,2026-05-19T16:45:17.150566Z,2303822,will-bradley-barcola-be-named-the-2026-uefa-champions-league-final-man-of-the-match,Will Bradley Barcola be named the 2026 UEFA Champions League Final Man of the Match?,0x615e418d752dc78f3dabaa7712fa9cd6aae20f1a9a4251f536087523ea2a70fe,"[""40404620985514352256461233871362082415996363501303519602194337931454115631545"", ""75219543390958229687860943725813177663570814010564823763696912544063453924076""]",40404620985514352256461233871362082415996363501303519602194337931454115631545|75219543390958229687860943725813177663570814010564823763696912544063453924076,75219543390958229687860943725813177663570814010564823763696912544063453924076,No,True,0.6,2000.0,,,,,6a3508874aa04198ced59a52c752bd4bfa9d4bc1,0.01,5,,6303.9399,
2026-05-25T00:01:01Z,UCL,502650,2026-champions-league-final-man-of-the-match,2026 Champions League Final: Man of the Match,2026-05-19T16:45:17.150566Z,2303824,will-ibrahim-mbaye-be-named-the-2026-uefa-champions-league-final-man-of-the-match,Will Ibrahim Mbaye be named the 2026 UEFA Champions League Final Man of the Match?,0x790abddeffc585f581416ce73d51f669f751ac44e5df694ced36857d05db1859,"[""52992012647434097851738142999741691695872897278242464601528418472959130359081"", ""8994870812303993975666309458482716173863785312084358862387810582051916311751""]",52992012647434097851738142999741691695872897278242464601528418472959130359081|8994870812303993975666309458482716173863785312084358862387810582051916311751,52992012647434097851738142999741691695872897278242464601528418472959130359081,Yes,True,,,0.4,2000.0,,,71ccc7dcfb9080ada2f2b80c48c9454560fedccf,0.01,5,,6302.0999,
2026-05-25T00:01:01Z,UCL,502650,2026-champions-league-final-man-of-the-match,2026 Champions League Final: Man of the Match,2026-05-19T16:45:17.150566Z,2303824,will-ibrahim-mbaye-be-named-the-2026-uefa-champions-league-final-man-of-the-match,Will Ibrahim Mbaye be named the 2026 UEFA Champions League Final Man of the Match?,0x790abddeffc585f581416ce73d51f669f751ac44e5df694ced36857d05db1859,"[""52992012647434097851738142999741691695872897278242464601528418472959130359081"", ""8994870812303993975666309458482716173863785312084358862387810582051916311751""]",52992012647434097851738142999741691695872897278242464601528418472959130359081|8994870812303993975666309458482716173863785312084358862387810582051916311751,8994870812303993975666309458482716173863785312084358862387810582051916311751,No,True,0.6,2000.0,,,,,df91436a7aa113fab2f41f8f575afdd7500db8fe,0.01,5,,6302.0999,
2026-05-25T00:01:01Z,UCL,502650,2026-champions-league-final-man-of-the-match,2026 Champions League Final: Man of the Match,2026-05-19T16:45:17.150566Z,2303827,will-player-c-be-named-the-2026-uefa-champions-league-final-man-of-the-match,Will Player C be named the 2026 UEFA Champions League Final Man of the Match?,0x7b10c5274a4cc8a3825fbca167e14f5a0782b55393b72f2de50fe57bba7f5cab,"[""84040111697929720819529214010799686050927097181295159419259093334195835756495"", ""102367651872234394098637646026909059078745609630408752251671450839773683380724""]",84040111697929720819529214010799686050927097181295159419259093334195835756495|102367651872234394098637646026909059078745609630408752251671450839773683380724,84040111697929720819529214010799686050927097181295159419259093334195835756495,Yes,False,,,,,,,,,,,0,0
2026-05-25T00:01:01Z,UCL,502650,2026-champions-league-final-man-of-the-match,2026 Champions League Final: Man of the Match,2026-05-19T16:45:17.150566Z,2303827,will-player-c-be-named-the-2026-uefa-champions-league-final-man-of-the-match,Will Player C be named the 2026 UEFA Champions League Final Man of the Match?,0x7b10c5274a4cc8a3825fbca167e14f5a0782b55393b72f2de50fe57bba7f5cab,"[""84040111697929720819529214010799686050927097181295159419259093334195835756495"", ""102367651872234394098637646026909059078745609630408752251671450839773683380724""]",84040111697929720819529214010799686050927097181295159419259093334195835756495|102367651872234394098637646026909059078745609630408752251671450839773683380724,102367651872234394098637646026909059078745609630408752251671450839773683380724,No,False,,,,,,,,,,,0,0
2026-05-25T00:01:01Z,UCL,502650,2026-champions-league-final-man-of-the-match,2026 Champions League Final: Man of the Match,2026-05-19T16:45:17.150566Z,2303832,will-player-h-be-named-the-2026-uefa-champions-league-final-man-of-the-match,Will Player H be named the 2026 UEFA Champions League Final Man of the Match?,0x9e2654b491d0fd190b45218e99b89f14b340a76b0d2d0d115dff051d2eea5eae,"[""85683484644248563456491998567711482708813196181495567154425793859465642064435"", ""8347539629898104824956706049631399794915321468674954399666989445163583982831""]",85683484644248563456491998567711482708813196181495567154425793859465642064435|8347539629898104824956706049631399794915321468674954399666989445163583982831,85683484644248563456491998567711482708813196181495567154425793859465642064435,Yes,False,,,,,,,,,,,0,0
2026-05-25T00:01:01Z,UCL,502650,2026-champions-league-final-man-of-the-match,2026 Champions League Final: Man of the Match,2026-05-19T16:45:17.150566Z,2303832,will-player-h-be-named-the-2026-uefa-champions-league-final-man-of-the-match,Will Player H be named the 2026 UEFA Champions League Final Man of the Match?,0x9e2654b491d0fd190b45218e99b89f14b340a76b0d2d0d115dff051d2eea5eae,"[""85683484644248563456491998567711482708813196181495567154425793859465642064435"", ""8347539629898104824956706049631399794915321468674954399666989445163583982831""]",85683484644248563456491998567711482708813196181495567154425793859465642064435|8347539629898104824956706049631399794915321468674954399666989445163583982831,8347539629898104824956706049631399794915321468674954399666989445163583982831,No,False,,,,,,,,,,,0,0
2026-05-25T00:01:01Z,UCL,502650,2026-champions-league-final-man-of-the-match,2026 Champions League Final: Man of the Match,2026-05-19T16:45:17.150566Z,2303834,will-player-j-be-named-the-2026-uefa-champions-league-final-man-of-the-match,Will Player J be named the 2026 UEFA Champions League Final Man of the Match?,0xc258a75e7fbd512a218025dd96edfcedae0c704456a3b43a8d3fb21d6fa46d29,"[""44503869478684645947061204987881159717779454552167597353365700048603513841889"", ""112507484496316239147366879474768805686263811030180301322584301356254087499006""]",44503869478684645947061204987881159717779454552167597353365700048603513841889|112507484496316239147366879474768805686263811030180301322584301356254087499006,44503869478684645947061204987881159717779454552167597353365700048603513841889,Yes,False,,,,,,,,,,,0,0
2026-05-25T00:01:01Z,UCL,502650,2026-champions-league-final-man-of-the-match,2026 Champions League Final: Man of the Match,2026-05-19T16:45:17.150566Z,2303834,will-player-j-be-named-the-2026-uefa-champions-league-final-man-of-the-match,Will Player J be named the 2026 UEFA Champions League Final Man of the Match?,0xc258a75e7fbd512a218025dd96edfcedae0c704456a3b43a8d3fb21d6fa46d29,"[""44503869478684645947061204987881159717779454552167597353365700048603513841889"", ""112507484496316239147366879474768805686263811030180301322584301356254087499006""]",44503869478684645947061204987881159717779454552167597353365700048603513841889|112507484496316239147366879474768805686263811030180301322584301356254087499006,112507484496316239147366879474768805686263811030180301322584301356254087499006,No,False,,,,,,,,,,,0,0
2026-05-25T00:01:01Z,UCL,502650,2026-champions-league-final-man-of-the-match,2026 Champions League Final: Man of the Match,2026-05-19T16:45:17.150566Z,2303835,will-player-k-be-named-the-2026-uefa-champions-league-final-man-of-the-match,Will Player K be named the 2026 UEFA Champions League Final Man of the Match?,0x5ba9e53e6ef0c3bc609cd39b0f25714b3110de6ea57a69be93bc5a36b47d9426,"[""104989247041632760876891039923497302327278760203890552603518385383990325159292"", ""95975358177041753384373284742841909760839646177309214874353568945762491447042""]",104989247041632760876891039923497302327278760203890552603518385383990325159292|95975358177041753384373284742841909760839646177309214874353568945762491447042,104989247041632760876891039923497302327278760203890552603518385383990325159292,Yes,False,,,,,,,,,,,0,0
2026-05-25T00:01:01Z,UCL,502650,2026-champions-league-final-man-of-the-match,2026 Champions League Final: Man of the Match,2026-05-19T16:45:17.150566Z,2303835,will-player-k-be-named-the-2026-uefa-champions-league-final-man-of-the-match,Will Player K be named the 2026 UEFA Champions League Final Man of the Match?,0x5ba9e53e6ef0c3bc609cd39b0f25714b3110de6ea57a69be93bc5a36b47d9426,"[""104989247041632760876891039923497302327278760203890552603518385383990325159292"", ""95975358177041753384373284742841909760839646177309214874353568945762491447042""]",104989247041632760876891039923497302327278760203890552603518385383990325159292|95975358177041753384373284742841909760839646177309214874353568945762491447042,95975358177041753384373284742841909760839646177309214874353568945762491447042,No,False,,,,,,,,,,,0,0
2026-05-25T00:01:01Z,UCL,502650,2026-champions-league-final-man-of-the-match,2026 Champions League Final: Man of the Match,2026-05-19T16:45:17.150566Z,2303836,will-player-l-be-named-the-2026-uefa-champions-league-final-man-of-the-match,Will Player L be named the 2026 UEFA Champions League Final Man of the Match?,0x22c4de1bffa692d92a97833180a1e405a8612613e07d343cb70883dcfa26558d,"[""5844476354693602492672473715600270992283569897696026766347188700183225828662"", ""7240861838912444116543395737407212172337372797069032195278176665217588045159""]",5844476354693602492672473715600270992283569897696026766347188700183225828662|7240861838912444116543395737407212172337372797069032195278176665217588045159,5844476354693602492672473715600270992283569897696026766347188700183225828662,Yes,False,,,,,,,,,,,0,0
2026-05-25T00:01:01Z,UCL,502650,2026-champions-league-final-man-of-the-match,2026 Champions League Final: Man of the Match,2026-05-19T16:45:17.150566Z,2303836,will-player-l-be-named-the-2026-uefa-champions-league-final-man-of-the-match,Will Player L be named the 2026 UEFA Champions League Final Man of the Match?,0x22c4de1bffa692d92a97833180a1e405a8612613e07d343cb70883dcfa26558d,"[""5844476354693602492672473715600270992283569897696026766347188700183225828662"", ""7240861838912444116543395737407212172337372797069032195278176665217588045159""]",5844476354693602492672473715600270992283569897696026766347188700183225828662|7240861838912444116543395737407212172337372797069032195278176665217588045159,7240861838912444116543395737407212172337372797069032195278176665217588045159,No,False,,,,,,,,,,,0,0
2026-05-25T00:01:01Z,UCL,502650,2026-champions-league-final-man-of-the-match,2026 Champions League Final: Man of the Match,2026-05-19T16:45:17.150566Z,2303840,will-player-p-be-named-the-2026-uefa-champions-league-final-man-of-the-match,Will Player P be named the 2026 UEFA Champions League Final Man of the Match?,0x07c01f49a8cccc4a2407bdefe56c1fab156873628156802da9d7cad663126b11,"[""101552102178778483649648588201159445545826075435990135428944682831310024168515"", ""67377264127035208250645005391249895807577603758886179370356667007901128645265""]",101552102178778483649648588201159445545826075435990135428944682831310024168515|67377264127035208250645005391249895807577603758886179370356667007901128645265,101552102178778483649648588201159445545826075435990135428944682831310024168515,Yes,False,,,,,,,,,,,0,0
2026-05-25T00:01:01Z,UCL,502650,2026-champions-league-final-man-of-the-match,2026 Champions League Final: Man of the Match,2026-05-19T16:45:17.150566Z,2303840,will-player-p-be-named-the-2026-uefa-champions-league-final-man-of-the-match,Will Player P be named the 2026 UEFA Champions League Final Man of the Match?,0x07c01f49a8cccc4a2407bdefe56c1fab156873628156802da9d7cad663126b11,"[""101552102178778483649648588201159445545826075435990135428944682831310024168515"", ""67377264127035208250645005391249895807577603758886179370356667007901128645265""]",101552102178778483649648588201159445545826075435990135428944682831310024168515|67377264127035208250645005391249895807577603758886179370356667007901128645265,67377264127035208250645005391249895807577603758886179370356667007901128645265,No,False,,,,,,,,,,,0,0
2026-05-25T00:01:01Z,UCL,507693,ucl-psg-ars-2026-05-30,Paris Saint-Germain FC vs. Arsenal FC,2026-05-20T23:38:17.630023Z,2316216,ucl-psg-ars-2026-05-30-psg,Will Paris Saint-Germain FC win on 2026-05-30?,0xfef657b2f9ed83dd3db24c61d115203e836f9967289cd3281b6b91dcd7338104,"[""19239676013860700691088049092452970929374202302906885826905266414962485495014"", ""76390033422725593397114214723919940778301596013487841294052189304606101611064""]",19239676013860700691088049092452970929374202302906885826905266414962485495014|76390033422725593397114214723919940778301596013487841294052189304606101611064,19239676013860700691088049092452970929374202302906885826905266414962485495014,Yes,True,0.4,36886.82,0.41,206694.3,0.405,0.009999999999999953,1dfbf4d9b867c1984cb118efead768a23482549d,0.01,5,0.400,800575.4216,199303.45777100095
2026-05-25T00:01:01Z,UCL,507693,ucl-psg-ars-2026-05-30,Paris Saint-Germain FC vs. Arsenal FC,2026-05-20T23:38:17.630023Z,2316216,ucl-psg-ars-2026-05-30-psg,Will Paris Saint-Germain FC win on 2026-05-30?,0xfef657b2f9ed83dd3db24c61d115203e836f9967289cd3281b6b91dcd7338104,"[""19239676013860700691088049092452970929374202302906885826905266414962485495014"", ""76390033422725593397114214723919940778301596013487841294052189304606101611064""]",19239676013860700691088049092452970929374202302906885826905266414962485495014|76390033422725593397114214723919940778301596013487841294052189304606101611064,76390033422725593397114214723919940778301596013487841294052189304606101611064,No,True,0.59,206694.3,0.6,36886.82,0.595,0.010000000000000009,1e52ace714ecdb03f8bbfb7925253a7e2d2eedd1,0.01,5,0.400,800575.4216,199303.45777100095
2026-05-25T00:01:01Z,UCL,507693,ucl-psg-ars-2026-05-30,Paris Saint-Germain FC vs. Arsenal FC,2026-05-20T23:38:17.630023Z,2316218,ucl-psg-ars-2026-05-30-ars,Will Arsenal FC win on 2026-05-30?,0x5dc96d5b6d416507a833231f23a08c69cd04592031519e2d225e2d9860e978cf,"[""48266155784016844137166283546442505319002353733298913457784203021568892550163"", ""17446494501052246971059053978588166916450543663295908526245793646282323329465""]",48266155784016844137166283546442505319002353733298913457784203021568892550163|17446494501052246971059053978588166916450543663295908526245793646282323329465,48266155784016844137166283546442505319002353733298913457784203021568892550163,Yes,True,0.3,7299.8,0.31,275791.39,0.305,0.010000000000000009,2abbfa13e7fd0e3d744d805437145e02946b0531,0.01,5,0.690,457392.4527,41978.416595000024
2026-05-25T00:01:01Z,UCL,507693,ucl-psg-ars-2026-05-30,Paris Saint-Germain FC vs. Arsenal FC,2026-05-20T23:38:17.630023Z,2316218,ucl-psg-ars-2026-05-30-ars,Will Arsenal FC win on 2026-05-30?,0x5dc96d5b6d416507a833231f23a08c69cd04592031519e2d225e2d9860e978cf,"[""48266155784016844137166283546442505319002353733298913457784203021568892550163"", ""17446494501052246971059053978588166916450543663295908526245793646282323329465""]",48266155784016844137166283546442505319002353733298913457784203021568892550163|17446494501052246971059053978588166916450543663295908526245793646282323329465,17446494501052246971059053978588166916450543663295908526245793646282323329465,No,True,0.69,275791.39,0.7,7299.8,0.695,0.010000000000000009,45d543e36076eda560a6c15c5385cd37bd5143a9,0.01,5,0.690,457392.4527,41978.416595000024
2026-05-25T00:01:01Z,UCL,507693,ucl-psg-ars-2026-05-30,Paris Saint-Germain FC vs. Arsenal FC,2026-05-20T23:38:17.630023Z,2316217,ucl-psg-ars-2026-05-30-draw,Will Paris Saint-Germain FC vs. Arsenal FC end in a draw?,0x163dc37103bb0af6e34d46c3b12390790c4210a3df40556620dc7ecd8a1d6d56,"[""83851996047293978711040695609148469340176807181217450343995628690761599071382"", ""25680259997561378515727123004871172023405352425388257898331862126882947936333""]",83851996047293978711040695609148469340176807181217450343995628690761599071382|25680259997561378515727123004871172023405352425388257898331862126882947936333,83851996047293978711040695609148469340176807181217450343995628690761599071382,Yes,True,0.29,6320.67,0.3,35189.81,0.295,0.010000000000000009,8cd81a400dea837b43409d0e5ff331024c3ca7c8,0.01,5,0.700,744763.7289,3674.359223000003
2026-05-25T00:01:01Z,UCL,507693,ucl-psg-ars-2026-05-30,Paris Saint-Germain FC vs. Arsenal FC,2026-05-20T23:38:17.630023Z,2316217,ucl-psg-ars-2026-05-30-draw,Will Paris Saint-Germain FC vs. Arsenal FC end in a draw?,0x163dc37103bb0af6e34d46c3b12390790c4210a3df40556620dc7ecd8a1d6d56,"[""83851996047293978711040695609148469340176807181217450343995628690761599071382"", ""25680259997561378515727123004871172023405352425388257898331862126882947936333""]",83851996047293978711040695609148469340176807181217450343995628690761599071382|25680259997561378515727123004871172023405352425388257898331862126882947936333,25680259997561378515727123004871172023405352425388257898331862126882947936333,No,True,0.7,35189.81,0.71,6320.67,0.705,0.010000000000000009,474410f34ac3fd13c13fc3f42ae5a7d8ca57bd93,0.01,5,0.700,744763.7289,3674.359223000003
2026-05-25T00:01:01Z,UCL,507694,ucl-psg-ars-2026-05-30-halftime-result,Paris Saint-Germain FC vs. Arsenal FC - Halftime Result,2026-05-20T23:38:18.804768Z,2316220,ucl-psg-ars-2026-05-30-halftime-result-draw,Paris Saint-Germain FC vs. Arsenal FC: Draw at halftime?,0x268bd494c8483a7cec96eefa97dbdb1a7b214321555a1fc8d0608ad5f347423b,"[""97210544784680021877836399321592204505163092280100435827096709960391319561862"", ""82096318437466616429827679203068696089587191262022599424273323327367501194800""]",97210544784680021877836399321592204505163092280100435827096709960391319561862|82096318437466616429827679203068696089587191262022599424273323327367501194800,97210544784680021877836399321592204505163092280100435827096709960391319561862,Yes,True,0.42,5.0,0.47,3.02,0.44499999999999995,0.04999999999999999,1cc0aa26c623e80a3dbc108a4c0039aacddc59e5,0.01,5,0.530,2547.5011,360.575768
2026-05-25T00:01:01Z,UCL,507694,ucl-psg-ars-2026-05-30-halftime-result,Paris Saint-Germain FC vs. Arsenal FC - Halftime Result,2026-05-20T23:38:18.804768Z,2316220,ucl-psg-ars-2026-05-30-halftime-result-draw,Paris Saint-Germain FC vs. Arsenal FC: Draw at halftime?,0x268bd494c8483a7cec96eefa97dbdb1a7b214321555a1fc8d0608ad5f347423b,"[""97210544784680021877836399321592204505163092280100435827096709960391319561862"", ""82096318437466616429827679203068696089587191262022599424273323327367501194800""]",97210544784680021877836399321592204505163092280100435827096709960391319561862|82096318437466616429827679203068696089587191262022599424273323327367501194800,82096318437466616429827679203068696089587191262022599424273323327367501194800,No,True,0.53,3.02,0.58,5.0,0.5549999999999999,0.04999999999999993,4cdc81ab343f86abafc26684e187da294f983138,0.01,5,0.530,2547.5011,360.575768
2026-05-25T00:01:01Z,UCL,507694,ucl-psg-ars-2026-05-30-halftime-result,Paris Saint-Germain FC vs. Arsenal FC - Halftime Result,2026-05-20T23:38:18.804768Z,2316219,ucl-psg-ars-2026-05-30-halftime-result-home,Paris Saint-Germain FC leading at halftime?,0x1e68ca73df1358e38e5ca7187ae7cd6ced8b3382e688697d57f0f2da8fd0ce3d,"[""101973878044688446837272896399178199158481513037306791263865969118361730523473"", ""93563729608386295609049120174795948400808414393611451047478030538058543259243""]",101973878044688446837272896399178199158481513037306791263865969118361730523473|93563729608386295609049120174795948400808414393611451047478030538058543259243,101973878044688446837272896399178199158481513037306791263865969118361730523473,Yes,True,0.29,63.0,0.34,60.0,0.315,0.050000000000000044,649621f6fcdd8b1738a120f298e8e2131088b47c,0.01,5,0.290,7631.284,84.819413
2026-05-25T00:01:01Z,UCL,507694,ucl-psg-ars-2026-05-30-halftime-result,Paris Saint-Germain FC vs. Arsenal FC - Halftime Result,2026-05-20T23:38:18.804768Z,2316219,ucl-psg-ars-2026-05-30-halftime-result-home,Paris Saint-Germain FC leading at halftime?,0x1e68ca73df1358e38e5ca7187ae7cd6ced8b3382e688697d57f0f2da8fd0ce3d,"[""101973878044688446837272896399178199158481513037306791263865969118361730523473"", ""93563729608386295609049120174795948400808414393611451047478030538058543259243""]",101973878044688446837272896399178199158481513037306791263865969118361730523473|93563729608386295609049120174795948400808414393611451047478030538058543259243,93563729608386295609049120174795948400808414393611451047478030538058543259243,No,True,0.66,60.0,0.71,63.0,0.685,0.04999999999999993,2a1ea5bc49baa475d1be8c3a117a00e08ad68cb8,0.01,5,0.290,7631.284,84.819413
2026-05-25T00:01:01Z,UCL,507694,ucl-psg-ars-2026-05-30-halftime-result,Paris Saint-Germain FC vs. Arsenal FC - Halftime Result,2026-05-20T23:38:18.804768Z,2316221,ucl-psg-ars-2026-05-30-halftime-result-away,Arsenal FC leading at halftime?,0x2f8aa8c40f65b8dab7980fcf25e2ed7ac69e3816de833117e45cd71b3bb98510,"[""86648704562237436857352964037830172918353213822586403934143576712380116958414"", ""67959178760232731241087704100798989809610492431419169262520812063597282920615""]",86648704562237436857352964037830172918353213822586403934143576712380116958414|67959178760232731241087704100798989809610492431419169262520812063597282920615,86648704562237436857352964037830172918353213822586403934143576712380116958414,Yes,True,0.23,5.0,0.27,63.0,0.25,0.04000000000000001,f9e748209d6d96c6c2694e101b2aa0270791c410,0.01,5,0.720,10280.7713,8.571427
2026-05-25T00:01:01Z,UCL,507694,ucl-psg-ars-2026-05-30-halftime-result,Paris Saint-Germain FC vs. Arsenal FC - Halftime Result,2026-05-20T23:38:18.804768Z,2316221,ucl-psg-ars-2026-05-30-halftime-result-away,Arsenal FC leading at halftime?,0x2f8aa8c40f65b8dab7980fcf25e2ed7ac69e3816de833117e45cd71b3bb98510,"[""86648704562237436857352964037830172918353213822586403934143576712380116958414"", ""67959178760232731241087704100798989809610492431419169262520812063597282920615""]",86648704562237436857352964037830172918353213822586403934143576712380116958414|67959178760232731241087704100798989809610492431419169262520812063597282920615,67959178760232731241087704100798989809610492431419169262520812063597282920615,No,True,0.73,63.0,0.77,5.0,0.75,0.040000000000000036,cca8621cdfb928beb54412181f8d82059631034a,0.01,5,0.720,10280.7713,8.571427
2026-05-25T00:01:01Z,UCL,507695,ucl-psg-ars-2026-05-30-exact-score,Paris Saint-Germain FC vs. Arsenal FC - Exact Score,2026-05-20T23:38:19.068807Z,2316222,ucl-psg-ars-2026-05-30-exact-score-0-0,Exact Score: Paris Saint-Germain FC 0 - 0 Arsenal FC?,0x014a6df6025f17949f5f3de2ecf1b24787315d73d7af627069e8442efb766c1b,"[""59363654735277633744123339155239797497814376834567741525259220139001079148212"", ""75079679152498738960177780694727737033623822914938145535200106699264471657902""]",59363654735277633744123339155239797497814376834567741525259220139001079148212|75079679152498738960177780694727737033623822914938145535200106699264471657902,59363654735277633744123339155239797497814376834567741525259220139001079148212,Yes,True,0.07,983.96,0.1,30.0,0.085,0.03,ca50ec0b3cd39aa78ab14d3054cb631cd20d654b,0.01,5,0.070,5783.1831,21.0215
2026-05-25T00:01:01Z,UCL,507695,ucl-psg-ars-2026-05-30-exact-score,Paris Saint-Germain FC vs. Arsenal FC - Exact Score,2026-05-20T23:38:19.068807Z,2316222,ucl-psg-ars-2026-05-30-exact-score-0-0,Exact Score: Paris Saint-Germain FC 0 - 0 Arsenal FC?,0x014a6df6025f17949f5f3de2ecf1b24787315d73d7af627069e8442efb766c1b,"[""59363654735277633744123339155239797497814376834567741525259220139001079148212"", ""75079679152498738960177780694727737033623822914938145535200106699264471657902""]",59363654735277633744123339155239797497814376834567741525259220139001079148212|75079679152498738960177780694727737033623822914938145535200106699264471657902,75079679152498738960177780694727737033623822914938145535200106699264471657902,No,True,0.9,30.0,0.93,983.96,0.915,0.030000000000000027,eb0d6dc361bf31f629a05d83bcbcdca532742830,0.01,5,0.070,5783.1831,21.0215
2026-05-25T00:01:01Z,UCL,507695,ucl-psg-ars-2026-05-30-exact-score,Paris Saint-Germain FC vs. Arsenal FC - Exact Score,2026-05-20T23:38:19.068807Z,2316224,ucl-psg-ars-2026-05-30-exact-score-1-0,Exact Score: Paris Saint-Germain FC 1 - 0 Arsenal FC?,0x8e84d984aef5870b0a2a53bf45afcc398a33f3b60ec639d11b7034f4213fd7f6,"[""34153252190495493087506994830239323618855791469282128789202539738184097456629"", ""92032572098756419408881019657171215733068217749215090567672915080558965292490""]",34153252190495493087506994830239323618855791469282128789202539738184097456629|92032572098756419408881019657171215733068217749215090567672915080558965292490,34153252190495493087506994830239323618855791469282128789202539738184097456629,Yes,True,0.1,30.0,0.13,95.0,0.115,0.03,58e81587de213cfff3ee8fa3c3dda6fe4eb4b47f,0.01,5,0.870,24673.2329,7.692306
2026-05-25T00:01:01Z,UCL,507695,ucl-psg-ars-2026-05-30-exact-score,Paris Saint-Germain FC vs. Arsenal FC - Exact Score,2026-05-20T23:38:19.068807Z,2316224,ucl-psg-ars-2026-05-30-exact-score-1-0,Exact Score: Paris Saint-Germain FC 1 - 0 Arsenal FC?,0x8e84d984aef5870b0a2a53bf45afcc398a33f3b60ec639d11b7034f4213fd7f6,"[""34153252190495493087506994830239323618855791469282128789202539738184097456629"", ""92032572098756419408881019657171215733068217749215090567672915080558965292490""]",34153252190495493087506994830239323618855791469282128789202539738184097456629|92032572098756419408881019657171215733068217749215090567672915080558965292490,92032572098756419408881019657171215733068217749215090567672915080558965292490,No,True,0.87,95.0,0.9,30.0,0.885,0.030000000000000027,d64175a4fd720441af9a13b3c23a1df5943efb25,0.01,5,0.870,24673.2329,7.692306
2026-05-25T00:01:01Z,UCL,507695,ucl-psg-ars-2026-05-30-exact-score,Paris Saint-Germain FC vs. Arsenal FC - Exact Score,2026-05-20T23:38:19.068807Z,2316226,ucl-psg-ars-2026-05-30-exact-score-1-1,Exact Score: Paris Saint-Germain FC 1 - 1 Arsenal FC?,0x0c6d89f657094f38c0c60d1a02c4b16afaebace346e4b8b5b5cf73d719b36376,"[""55394806745113773858801196853382510378016716046136472848965268127283541890747"", ""103053414245089882061953672704017949072011939419524277543790943528677999143823""]",55394806745113773858801196853382510378016716046136472848965268127283541890747|103053414245089882061953672704017949072011939419524277543790943528677999143823,55394806745113773858801196853382510378016716046136472848965268127283541890747,Yes,True,0.11,25.0,0.15,30.0,0.13,0.039999999999999994,145a5e1262b3d7fb7fc5de5392e0cb68e2ce0ae2,0.01,5,0.830,25541.3235,5.882351
2026-05-25T00:01:01Z,UCL,507695,ucl-psg-ars-2026-05-30-exact-score,Paris Saint-Germain FC vs. Arsenal FC - Exact Score,2026-05-20T23:38:19.068807Z,2316226,ucl-psg-ars-2026-05-30-exact-score-1-1,Exact Score: Paris Saint-Germain FC 1 - 1 Arsenal FC?,0x0c6d89f657094f38c0c60d1a02c4b16afaebace346e4b8b5b5cf73d719b36376,"[""55394806745113773858801196853382510378016716046136472848965268127283541890747"", ""103053414245089882061953672704017949072011939419524277543790943528677999143823""]",55394806745113773858801196853382510378016716046136472848965268127283541890747|103053414245089882061953672704017949072011939419524277543790943528677999143823,103053414245089882061953672704017949072011939419524277543790943528677999143823,No,True,0.85,30.0,0.89,25.0,0.87,0.040000000000000036,2ea1e097f9c9afeb08a8507345d59e81737b5252,0.01,5,0.830,25541.3235,5.882351
2026-05-25T00:01:01Z,UCL,507695,ucl-psg-ars-2026-05-30-exact-score,Paris Saint-Germain FC vs. Arsenal FC - Exact Score,2026-05-20T23:38:19.068807Z,2316228,ucl-psg-ars-2026-05-30-exact-score-0-3,Exact Score: Paris Saint-Germain FC 0 - 3 Arsenal FC?,0x973ad94d9ff5c3abb6b536725657683f7d2abb37156b39cc55c1ca87c7a15e65,"[""19526222247160753337038459308773437367877938983247633333455532596738559114392"", ""102487648956283856757032329716006887488105069449320542200420781140688845163836""]",19526222247160753337038459308773437367877938983247633333455532596738559114392|102487648956283856757032329716006887488105069449320542200420781140688845163836,19526222247160753337038459308773437367877938983247633333455532596738559114392,Yes,True,0.003,19.55,0.03,1300.0,0.0165,0.027,bec1ad74d6b49c2de34279063df3db6691d7ec5c,0.001,5,0.002,25939.04205,3.006
2026-05-25T00:01:01Z,UCL,507695,ucl-psg-ars-2026-05-30-exact-score,Paris Saint-Germain FC vs. Arsenal FC - Exact Score,2026-05-20T23:38:19.068807Z,2316228,ucl-psg-ars-2026-05-30-exact-score-0-3,Exact Score: Paris Saint-Germain FC 0 - 3 Arsenal FC?,0x973ad94d9ff5c3abb6b536725657683f7d2abb37156b39cc55c1ca87c7a15e65,"[""19526222247160753337038459308773437367877938983247633333455532596738559114392"", ""102487648956283856757032329716006887488105069449320542200420781140688845163836""]",19526222247160753337038459308773437367877938983247633333455532596738559114392|102487648956283856757032329716006887488105069449320542200420781140688845163836,102487648956283856757032329716006887488105069449320542200420781140688845163836,No,True,0.97,1300.0,0.997,19.55,0.9835,0.027000000000000024,96d39b7ca1a66a1a3a8d4c93c66693f5b095c7f9,0.001,5,0.002,25939.04205,3.006
2026-05-25T00:01:01Z,UCL,507695,ucl-psg-ars-2026-05-30-exact-score,Paris Saint-Germain FC vs. Arsenal FC - Exact Score,2026-05-20T23:38:19.068807Z,2316230,ucl-psg-ars-2026-05-30-exact-score-2-1,Exact Score: Paris Saint-Germain FC 2 - 1 Arsenal FC?,0x2b26761e67f76cd9736b1abd7819a623bf675799b05a06b616d0a8cd024665fb,"[""59794200441065163863908916073142943985962436189138189813602910055036592182344"", ""15975679952996831230985869593875762155319423497536517258073298670419341952613""]",59794200441065163863908916073142943985962436189138189813602910055036592182344|15975679952996831230985869593875762155319423497536517258073298670419341952613,59794200441065163863908916073142943985962436189138189813602910055036592182344,Yes,True,0.1,150.0,0.13,1055.0,0.115,0.03,8fd15c50413b68511083841df4b0034f8e83ebb7,0.01,5,0.880,25655.2736,48.217943
2026-05-25T00:01:01Z,UCL,507695,ucl-psg-ars-2026-05-30-exact-score,Paris Saint-Germain FC vs. Arsenal FC - Exact Score,2026-05-20T23:38:19.068807Z,2316230,ucl-psg-ars-2026-05-30-exact-score-2-1,Exact Score: Paris Saint-Germain FC 2 - 1 Arsenal FC?,0x2b26761e67f76cd9736b1abd7819a623bf675799b05a06b616d0a8cd024665fb,"[""59794200441065163863908916073142943985962436189138189813602910055036592182344"", ""15975679952996831230985869593875762155319423497536517258073298670419341952613""]",59794200441065163863908916073142943985962436189138189813602910055036592182344|15975679952996831230985869593875762155319423497536517258073298670419341952613,15975679952996831230985869593875762155319423497536517258073298670419341952613,No,True,0.87,1055.0,0.9,150.0,0.885,0.030000000000000027,43001a8b0a38140c6d7bb22fcddb3378e90fb3c8,0.01,5,0.880,25655.2736,48.217943
2026-05-25T00:01:01Z,UCL,507695,ucl-psg-ars-2026-05-30-exact-score,Paris Saint-Germain FC vs. Arsenal FC - Exact Score,2026-05-20T23:38:19.068807Z,2316232,ucl-psg-ars-2026-05-30-exact-score-1-3,Exact Score: Paris Saint-Germain FC 1 - 3 Arsenal FC?,0x92c87211ebf0ab320692f9fb5ed7ceafbeb2deffd61b2228c46352d2fbb28d67,"[""31041576211842799998199153727854163505418489186850961967470312373893580002167"", ""114207153245051751528708512220629489902380739704916488822713745552361912639075""]",31041576211842799998199153727854163505418489186850961967470312373893580002167|114207153245051751528708512220629489902380739704916488822713745552361912639075,31041576211842799998199153727854163505418489186850961967470312373893580002167,Yes,True,0.004,100.0,0.05,1180.0,0.027000000000000003,0.046,09c437e07a69e1689a91d71da83f337969d33ecb,0.001,5,0.950,26374.60671,20
2026-05-25T00:01:01Z,UCL,507695,ucl-psg-ars-2026-05-30-exact-score,Paris Saint-Germain FC vs. Arsenal FC - Exact Score,2026-05-20T23:38:19.068807Z,2316232,ucl-psg-ars-2026-05-30-exact-score-1-3,Exact Score: Paris Saint-Germain FC 1 - 3 Arsenal FC?,0x92c87211ebf0ab320692f9fb5ed7ceafbeb2deffd61b2228c46352d2fbb28d67,"[""31041576211842799998199153727854163505418489186850961967470312373893580002167"", ""114207153245051751528708512220629489902380739704916488822713745552361912639075""]",31041576211842799998199153727854163505418489186850961967470312373893580002167|114207153245051751528708512220629489902380739704916488822713745552361912639075,114207153245051751528708512220629489902380739704916488822713745552361912639075,No,True,0.95,1180.0,0.996,100.0,0.973,0.04600000000000004,c64b7c6e48eb043cc8162d83126006b2bba71f41,0.001,5,0.950,26374.60671,20
2026-05-25T00:01:01Z,UCL,507695,ucl-psg-ars-2026-05-30-exact-score,Paris Saint-Germain FC vs. Arsenal FC - Exact Score,2026-05-20T23:38:19.068807Z,2316234,ucl-psg-ars-2026-05-30-exact-score-3-1,Exact Score: Paris Saint-Germain FC 3 - 1 Arsenal FC?,0xb28bbb46015aec3ec6784b4bcd9e4b500ba1dffbc9efd57e0052f3c0e109485b,"[""110715638050926491705836577544133300086488625025004596862371860659089368842610"", ""11660248992623595681071750674114532009341943942446980870801517904410690319610""]",110715638050926491705836577544133300086488625025004596862371860659089368842610|11660248992623595681071750674114532009341943942446980870801517904410690319610,110715638050926491705836577544133300086488625025004596862371860659089368842610,Yes,True,0.06,100.0,0.08,1142.5,0.07,0.020000000000000004,006c499fa340788e5b66e91a085959c8b730f319,0.01,5,0.920,26973.1824,187.5
2026-05-25T00:01:01Z,UCL,507695,ucl-psg-ars-2026-05-30-exact-score,Paris Saint-Germain FC vs. Arsenal FC - Exact Score,2026-05-20T23:38:19.068807Z,2316234,ucl-psg-ars-2026-05-30-exact-score-3-1,Exact Score: Paris Saint-Germain FC 3 - 1 Arsenal FC?,0xb28bbb46015aec3ec6784b4bcd9e4b500ba1dffbc9efd57e0052f3c0e109485b,"[""110715638050926491705836577544133300086488625025004596862371860659089368842610"", ""11660248992623595681071750674114532009341943942446980870801517904410690319610""]",110715638050926491705836577544133300086488625025004596862371860659089368842610|11660248992623595681071750674114532009341943942446980870801517904410690319610,11660248992623595681071750674114532009341943942446980870801517904410690319610,No,True,0.92,1142.5,0.94,100.0,0.9299999999999999,0.019999999999999907,baead54c8784f67c3a6f931acbc4dd21fbbc639f,0.01,5,0.920,26973.1824,187.5
2026-05-25T00:01:01Z,UCL,507695,ucl-psg-ars-2026-05-30-exact-score,Paris Saint-Germain FC vs. Arsenal FC - Exact Score,2026-05-20T23:38:19.068807Z,2316236,ucl-psg-ars-2026-05-30-exact-score-3-2,Exact Score: Paris Saint-Germain FC 3 - 2 Arsenal FC?,0x4a03613da7056cbab523ad870910d5d6bc095aa04639bdcf577c687387f2526a,"[""39787396407623264417486210928849352615881758433645786814277535065377753667764"", ""11952663143872886968607278271410677226888977912272309806678891983970077187849""]",39787396407623264417486210928849352615881758433645786814277535065377753667764|11952663143872886968607278271410677226888977912272309806678891983970077187849,39787396407623264417486210928849352615881758433645786814277535065377753667764,Yes,True,0.004,100.0,0.05,1080.0,0.027000000000000003,0.046,1c014f90c5cdd8e1c046bef984ebdc512de314f9,0.001,5,,25546.01182,120
2026-05-25T00:01:01Z,UCL,507695,ucl-psg-ars-2026-05-30-exact-score,Paris Saint-Germain FC vs. Arsenal FC - Exact Score,2026-05-20T23:38:19.068807Z,2316236,ucl-psg-ars-2026-05-30-exact-score-3-2,Exact Score: Paris Saint-Germain FC 3 - 2 Arsenal FC?,0x4a03613da7056cbab523ad870910d5d6bc095aa04639bdcf577c687387f2526a,"[""39787396407623264417486210928849352615881758433645786814277535065377753667764"", ""11952663143872886968607278271410677226888977912272309806678891983970077187849""]",39787396407623264417486210928849352615881758433645786814277535065377753667764|11952663143872886968607278271410677226888977912272309806678891983970077187849,11952663143872886968607278271410677226888977912272309806678891983970077187849,No,True,0.95,1080.0,0.996,100.0,0.973,0.04600000000000004,dc5cbc02d096478c4dd25ba16b85705ee440dddc,0.001,5,,25546.01182,120
2026-05-25T00:01:01Z,UCL,507695,ucl-psg-ars-2026-05-30-exact-score,Paris Saint-Germain FC vs. Arsenal FC - Exact Score,2026-05-20T23:38:19.068807Z,2316238,ucl-psg-ars-2026-05-30-exact-score-any-other,Exact Score: Any Other Score?,0xc4333f84901097b882ec55c73a643964de4d7f6b566f6579b75113c1d79529c2,"[""25027602787077542477556236232573124052068694400310383650119124295032318361730"", ""28752578058913199315149602120868929854010820470216021759650913043431214094698""]",25027602787077542477556236232573124052068694400310383650119124295032318361730|28752578058913199315149602120868929854010820470216021759650913043431214094698,25027602787077542477556236232573124052068694400310383650119124295032318361730,Yes,True,0.01,4000.0,0.39,20.0,0.2,0.38,197409d008b4a9ca315e74a0fe2c47bc8082c185,0.01,5,,894.0825,
2026-05-25T00:01:01Z,UCL,507695,ucl-psg-ars-2026-05-30-exact-score,Paris Saint-Germain FC vs. Arsenal FC - Exact Score,2026-05-20T23:38:19.068807Z,2316238,ucl-psg-ars-2026-05-30-exact-score-any-other,Exact Score: Any Other Score?,0xc4333f84901097b882ec55c73a643964de4d7f6b566f6579b75113c1d79529c2,"[""25027602787077542477556236232573124052068694400310383650119124295032318361730"", ""28752578058913199315149602120868929854010820470216021759650913043431214094698""]",25027602787077542477556236232573124052068694400310383650119124295032318361730|28752578058913199315149602120868929854010820470216021759650913043431214094698,28752578058913199315149602120868929854010820470216021759650913043431214094698,No,True,0.61,20.0,0.99,4000.0,0.8,0.38,1470e024b563398aadf5d1460210f06a514773a1,0.01,5,,894.0825,
2026-05-25T00:01:01Z,UCL,507695,ucl-psg-ars-2026-05-30-exact-score,Paris Saint-Germain FC vs. Arsenal FC - Exact Score,2026-05-20T23:38:19.068807Z,2316223,ucl-psg-ars-2026-05-30-exact-score-0-1,Exact Score: Paris Saint-Germain FC 0 - 1 Arsenal FC?,0x5c9780de330b75c32ef3aa02f3a5d959e74c338f5c598376a4a4a5f7084aac2a,"[""15803395940080315635075835667854718055765580867797494032788567811425736207386"", ""63797184855137625996998702343029559525177606241755344744932646368161251108414""]",15803395940080315635075835667854718055765580867797494032788567811425736207386|63797184855137625996998702343029559525177606241755344744932646368161251108414,15803395940080315635075835667854718055765580867797494032788567811425736207386,Yes,True,0.09,40.0,0.1,1097.2,0.095,0.010000000000000009,bafbc443c4998160c26c9632bb21b3469db2c19d,0.01,5,0.900,24852.4019,32.8
2026-05-25T00:01:01Z,UCL,507695,ucl-psg-ars-2026-05-30-exact-score,Paris Saint-Germain FC vs. Arsenal FC - Exact Score,2026-05-20T23:38:19.068807Z,2316223,ucl-psg-ars-2026-05-30-exact-score-0-1,Exact Score: Paris Saint-Germain FC 0 - 1 Arsenal FC?,0x5c9780de330b75c32ef3aa02f3a5d959e74c338f5c598376a4a4a5f7084aac2a,"[""15803395940080315635075835667854718055765580867797494032788567811425736207386"", ""63797184855137625996998702343029559525177606241755344744932646368161251108414""]",15803395940080315635075835667854718055765580867797494032788567811425736207386|63797184855137625996998702343029559525177606241755344744932646368161251108414,63797184855137625996998702343029559525177606241755344744932646368161251108414,No,True,0.9,1097.2,0.91,40.0,0.905,0.010000000000000009,70b07ebe2a28dcf0ac9a8d1cc20137bb4bae6730,0.01,5,0.900,24852.4019,32.8
2026-05-25T00:01:01Z,UCL,507695,ucl-psg-ars-2026-05-30-exact-score,Paris Saint-Germain FC vs. Arsenal FC - Exact Score,2026-05-20T23:38:19.068807Z,2316225,ucl-psg-ars-2026-05-30-exact-score-0-2,Exact Score: Paris Saint-Germain FC 0 - 2 Arsenal FC?,0x31ebe79ea1cf68fd4b337dd731993d5f7bbecacfeb2faa8d73035cc780240a8e,"[""54945566748478249928017654440340661185505427791231174553627570162078178983723"", ""27891870668168500351961525526572061101221978497035276213329993794511082188949""]",54945566748478249928017654440340661185505427791231174553627570162078178983723|27891870668168500351961525526572061101221978497035276213329993794511082188949,54945566748478249928017654440340661185505427791231174553627570162078178983723,Yes,True,0.03,200.0,0.054,30.0,0.041999999999999996,0.024,7bb0d24a894a6e28d6fb93eaac0a20ac887061ca,0.001,5,,26026.88563,
2026-05-25T00:01:01Z,UCL,507695,ucl-psg-ars-2026-05-30-exact-score,Paris Saint-Germain FC vs. Arsenal FC - Exact Score,2026-05-20T23:38:19.068807Z,2316225,ucl-psg-ars-2026-05-30-exact-score-0-2,Exact Score: Paris Saint-Germain FC 0 - 2 Arsenal FC?,0x31ebe79ea1cf68fd4b337dd731993d5f7bbecacfeb2faa8d73035cc780240a8e,"[""54945566748478249928017654440340661185505427791231174553627570162078178983723"", ""27891870668168500351961525526572061101221978497035276213329993794511082188949""]",54945566748478249928017654440340661185505427791231174553627570162078178983723|27891870668168500351961525526572061101221978497035276213329993794511082188949,27891870668168500351961525526572061101221978497035276213329993794511082188949,No,True,0.946,30.0,0.97,200.0,0.958,0.02400000000000002,6afa26948914e48d727d3d778be1d6973910ccd7,0.001,5,,26026.88563,
2026-05-25T00:01:01Z,UCL,507695,ucl-psg-ars-2026-05-30-exact-score,Paris Saint-Germain FC vs. Arsenal FC - Exact Score,2026-05-20T23:38:19.068807Z,2316227,ucl-psg-ars-2026-05-30-exact-score-2-0,Exact Score: Paris Saint-Germain FC 2 - 0 Arsenal FC?,0xcc4468fb13d675838846a4b021a0540340a4393519bde226662396ab07a3c405,"[""50142275028226832212762556448014980807966900630950514991117697455761472626199"", ""20764211385339639066315754175803944985705844611929970351299598070790452382362""]",50142275028226832212762556448014980807966900630950514991117697455761472626199|20764211385339639066315754175803944985705844611929970351299598070790452382362,50142275028226832212762556448014980807966900630950514991117697455761472626199,Yes,True,0.06,100.0,0.09,1016.2,0.075,0.03,c66f423bfb3504481f4745daffea10f436c2bb75,0.01,5,0.910,25925.3052,235.997772
2026-05-25T00:01:01Z,UCL,507695,ucl-psg-ars-2026-05-30-exact-score,Paris Saint-Germain FC vs. Arsenal FC - Exact Score,2026-05-20T23:38:19.068807Z,2316227,ucl-psg-ars-2026-05-30-exact-score-2-0,Exact Score: Paris Saint-Germain FC 2 - 0 Arsenal FC?,0xcc4468fb13d675838846a4b021a0540340a4393519bde226662396ab07a3c405,"[""50142275028226832212762556448014980807966900630950514991117697455761472626199"", ""20764211385339639066315754175803944985705844611929970351299598070790452382362""]",50142275028226832212762556448014980807966900630950514991117697455761472626199|20764211385339639066315754175803944985705844611929970351299598070790452382362,20764211385339639066315754175803944985705844611929970351299598070790452382362,No,True,0.91,1016.2,0.94,100.0,0.925,0.029999999999999916,e8ad1fa56dccb01f226a962f9845b2f640df29c0,0.01,5,0.910,25925.3052,235.997772
2026-05-25T00:01:01Z,UCL,507695,ucl-psg-ars-2026-05-30-exact-score,Paris Saint-Germain FC vs. Arsenal FC - Exact Score,2026-05-20T23:38:19.068807Z,2316229,ucl-psg-ars-2026-05-30-exact-score-1-2,Exact Score: Paris Saint-Germain FC 1 - 2 Arsenal FC?,0x3e4b82e806481f91a4659f495805853f12e993d3107c2c983f7252bfa4428727,"[""23046192541374847574428172146846159929358197241375440757221528856954519406426"", ""91313660592902633932727917482471968864550064409080968466396880603433413143993""]",23046192541374847574428172146846159929358197241375440757221528856954519406426|91313660592902633932727917482471968864550064409080968466396880603433413143993,23046192541374847574428172146846159929358197241375440757221528856954519406426,Yes,True,0.04,325.0,0.08,30.0,0.06,0.04,435ce331c3325074a7651ee4dd8b4c887a667376,0.01,5,0.900,25387.745,60
2026-05-25T00:01:01Z,UCL,507695,ucl-psg-ars-2026-05-30-exact-score,Paris Saint-Germain FC vs. Arsenal FC - Exact Score,2026-05-20T23:38:19.068807Z,2316229,ucl-psg-ars-2026-05-30-exact-score-1-2,Exact Score: Paris Saint-Germain FC 1 - 2 Arsenal FC?,0x3e4b82e806481f91a4659f495805853f12e993d3107c2c983f7252bfa4428727,"[""23046192541374847574428172146846159929358197241375440757221528856954519406426"", ""91313660592902633932727917482471968864550064409080968466396880603433413143993""]",23046192541374847574428172146846159929358197241375440757221528856954519406426|91313660592902633932727917482471968864550064409080968466396880603433413143993,91313660592902633932727917482471968864550064409080968466396880603433413143993,No,True,0.92,30.0,0.96,325.0,0.94,0.039999999999999925,3c925426d5323c4ece9aedddc1e1e8f68aa35009,0.01,5,0.900,25387.745,60
2026-05-25T00:01:01Z,UCL,507695,ucl-psg-ars-2026-05-30-exact-score,Paris Saint-Germain FC vs. Arsenal FC - Exact Score,2026-05-20T23:38:19.068807Z,2316231,ucl-psg-ars-2026-05-30-exact-score-3-0,Exact Score: Paris Saint-Germain FC 3 - 0 Arsenal FC?,0xe8983c25131963d86de77a2eb2df08f78f3c231c15b87605f3b330cc69f65509,"[""17089634362533279521770570135611742141410598612201928564249056724183097230388"", ""63461218381664191190466218006638949585329103239056150309702950274861912627682""]",17089634362533279521770570135611742141410598612201928564249056724183097230388|63461218381664191190466218006638949585329103239056150309702950274861912627682,17089634362533279521770570135611742141410598612201928564249056724183097230388,Yes,True,0.009,15.0,0.05,1054.0,0.029500000000000002,0.041,68a84ff7b36915866fd4f5ae8d735cc7ad3a6ea0,0.001,5,0.950,24448.2049,146
2026-05-25T00:01:01Z,UCL,507695,ucl-psg-ars-2026-05-30-exact-score,Paris Saint-Germain FC vs. Arsenal FC - Exact Score,2026-05-20T23:38:19.068807Z,2316231,ucl-psg-ars-2026-05-30-exact-score-3-0,Exact Score: Paris Saint-Germain FC 3 - 0 Arsenal FC?,0xe8983c25131963d86de77a2eb2df08f78f3c231c15b87605f3b330cc69f65509,"[""17089634362533279521770570135611742141410598612201928564249056724183097230388"", ""63461218381664191190466218006638949585329103239056150309702950274861912627682""]",17089634362533279521770570135611742141410598612201928564249056724183097230388|63461218381664191190466218006638949585329103239056150309702950274861912627682,63461218381664191190466218006638949585329103239056150309702950274861912627682,No,True,0.95,1054.0,0.991,15.0,0.9704999999999999,0.041000000000000036,8a7804158a246134b1afce2efee3217db6e7084a,0.001,5,0.950,24448.2049,146
2026-05-25T00:01:01Z,UCL,507695,ucl-psg-ars-2026-05-30-exact-score,Paris Saint-Germain FC vs. Arsenal FC - Exact Score,2026-05-20T23:38:19.068807Z,2316233,ucl-psg-ars-2026-05-30-exact-score-2-2,Exact Score: Paris Saint-Germain FC 2 - 2 Arsenal FC?,0xe989158c45c6da1ed6d596b1c7008335f0b6748f7047f5dfaeba307a567f924e,"[""87460243788796343805796137384259809477930314209270074466760549628002133411467"", ""104148205181106230067404568494027947788690973753543876102177648667451874419662""]",87460243788796343805796137384259809477930314209270074466760549628002133411467|104148205181106230067404568494027947788690973753543876102177648667451874419662,87460243788796343805796137384259809477930314209270074466760549628002133411467,Yes,True,0.05,150.0,0.07,30.0,0.060000000000000005,0.020000000000000004,e6e0b907cc3a4def62ab10c8761220828fda4b4e,0.01,5,,26708.1018,
2026-05-25T00:01:01Z,UCL,507695,ucl-psg-ars-2026-05-30-exact-score,Paris Saint-Germain FC vs. Arsenal FC - Exact Score,2026-05-20T23:38:19.068807Z,2316233,ucl-psg-ars-2026-05-30-exact-score-2-2,Exact Score: Paris Saint-Germain FC 2 - 2 Arsenal FC?,0xe989158c45c6da1ed6d596b1c7008335f0b6748f7047f5dfaeba307a567f924e,"[""87460243788796343805796137384259809477930314209270074466760549628002133411467"", ""104148205181106230067404568494027947788690973753543876102177648667451874419662""]",87460243788796343805796137384259809477930314209270074466760549628002133411467|104148205181106230067404568494027947788690973753543876102177648667451874419662,104148205181106230067404568494027947788690973753543876102177648667451874419662,No,True,0.93,30.0,0.95,150.0,0.94,0.019999999999999907,d35d617562059a3d0b5262a6e4dbcd447661c6d0,0.01,5,,26708.1018,
2026-05-25T00:01:01Z,UCL,507695,ucl-psg-ars-2026-05-30-exact-score,Paris Saint-Germain FC vs. Arsenal FC - Exact Score,2026-05-20T23:38:19.068807Z,2316235,ucl-psg-ars-2026-05-30-exact-score-2-3,Exact Score: Paris Saint-Germain FC 2 - 3 Arsenal FC?,0x533dde3419aa4e514ba9d7348d2a53b9b16d56982c7fb2794c3bcd4323c95729,"[""48068107634668550532121758049074586384752633755350132268988631443460420700188"", ""110811759965521880970492200408460102010339432678756095352930781312718329031824""]",48068107634668550532121758049074586384752633755350132268988631443460420700188|110811759965521880970492200408460102010339432678756095352930781312718329031824,48068107634668550532121758049074586384752633755350132268988631443460420700188,Yes,True,0.007,15.0,0.04,1250.0,0.0235,0.033,cd73d86f4260612d4ca919781bfaec3f1c30afc5,0.001,5,0.960,25898.53972,50
2026-05-25T00:01:01Z,UCL,507695,ucl-psg-ars-2026-05-30-exact-score,Paris Saint-Germain FC vs. Arsenal FC - Exact Score,2026-05-20T23:38:19.068807Z,2316235,ucl-psg-ars-2026-05-30-exact-score-2-3,Exact Score: Paris Saint-Germain FC 2 - 3 Arsenal FC?,0x533dde3419aa4e514ba9d7348d2a53b9b16d56982c7fb2794c3bcd4323c95729,"[""48068107634668550532121758049074586384752633755350132268988631443460420700188"", ""110811759965521880970492200408460102010339432678756095352930781312718329031824""]",48068107634668550532121758049074586384752633755350132268988631443460420700188|110811759965521880970492200408460102010339432678756095352930781312718329031824,110811759965521880970492200408460102010339432678756095352930781312718329031824,No,True,0.96,1250.0,0.993,15.0,0.9764999999999999,0.03300000000000003,fdf1dfeb3c07dab2c52a543a3fb6c5f25a1ad524,0.001,5,0.960,25898.53972,50
2026-05-25T00:01:01Z,UCL,507695,ucl-psg-ars-2026-05-30-exact-score,Paris Saint-Germain FC vs. Arsenal FC - Exact Score,2026-05-20T23:38:19.068807Z,2316237,ucl-psg-ars-2026-05-30-exact-score-3-3,Exact Score: Paris Saint-Germain FC 3 - 3 Arsenal FC?,0xc32ed3ee720f57611189bea3125f8850c477c283d89b369494651edc7e092102,"[""109236298028858552789918393208855325399260669076206006152055698083251642642714"", ""30609203295187399028683137073300405005370740338102663884276550301982883984444""]",109236298028858552789918393208855325399260669076206006152055698083251642642714|30609203295187399028683137073300405005370740338102663884276550301982883984444,109236298028858552789918393208855325399260669076206006152055698083251642642714,Yes,True,0.007,15.0,0.03,1166.66,0.0185,0.023,c61a9e40c3eed08a892549909865b91777742def,0.001,5,0.970,26054.79683,35.339332
2026-05-25T00:01:01Z,UCL,507695,ucl-psg-ars-2026-05-30-exact-score,Paris Saint-Germain FC vs. Arsenal FC - Exact Score,2026-05-20T23:38:19.068807Z,2316237,ucl-psg-ars-2026-05-30-exact-score-3-3,Exact Score: Paris Saint-Germain FC 3 - 3 Arsenal FC?,0xc32ed3ee720f57611189bea3125f8850c477c283d89b369494651edc7e092102,"[""109236298028858552789918393208855325399260669076206006152055698083251642642714"", ""30609203295187399028683137073300405005370740338102663884276550301982883984444""]",109236298028858552789918393208855325399260669076206006152055698083251642642714|30609203295187399028683137073300405005370740338102663884276550301982883984444,30609203295187399028683137073300405005370740338102663884276550301982883984444,No,True,0.97,1166.66,0.993,15.0,0.9815,0.02300000000000002,77910964ac29b9697037c1317f098aab3fd78e39,0.001,5,0.970,26054.79683,35.339332
2026-05-25T00:01:01Z,UCL,507703,ucl-psg-ars-2026-05-30-player-props,Paris Saint-Germain FC vs. Arsenal FC - Player Props,2026-05-20T23:38:19.013365Z,2316247,ucl-psg-ars-2026-05-30-ags-ousmane-dembele,Ousmane Dembele: Anytime Goalscorer,0x898d0e3b14ddbfffc15e89e9bad9cc9867cf4515bbb6cd41913b962a314c475e,"[""56243560457980393110097322921607185550182716679764809091825889147122512218158"", ""112558258354855441844917600225179434183458531068984928730742962126195673163630""]",56243560457980393110097322921607185550182716679764809091825889147122512218158|112558258354855441844917600225179434183458531068984928730742962126195673163630,56243560457980393110097322921607185550182716679764809091825889147122512218158,Yes,True,0.13,100.0,0.5,270.0,0.315,0.37,846c6be1d61c34ccbcff75d06f6dded1771ad679,0.01,5,0.500,1186.6482,230
2026-05-25T00:01:01Z,UCL,507703,ucl-psg-ars-2026-05-30-player-props,Paris Saint-Germain FC vs. Arsenal FC - Player Props,2026-05-20T23:38:19.013365Z,2316247,ucl-psg-ars-2026-05-30-ags-ousmane-dembele,Ousmane Dembele: Anytime Goalscorer,0x898d0e3b14ddbfffc15e89e9bad9cc9867cf4515bbb6cd41913b962a314c475e,"[""56243560457980393110097322921607185550182716679764809091825889147122512218158"", ""112558258354855441844917600225179434183458531068984928730742962126195673163630""]",56243560457980393110097322921607185550182716679764809091825889147122512218158|112558258354855441844917600225179434183458531068984928730742962126195673163630,112558258354855441844917600225179434183458531068984928730742962126195673163630,No,True,0.5,270.0,0.87,100.0,0.685,0.37,003526d9afb6d68bbe9a63555709cfb15da8ddba,0.01,5,0.500,1186.6482,230
2026-05-25T00:01:01Z,UCL,507703,ucl-psg-ars-2026-05-30-player-props,Paris Saint-Germain FC vs. Arsenal FC - Player Props,2026-05-20T23:38:19.013365Z,2316248,ucl-psg-ars-2026-05-30-ags-goncalo-ramos,Goncalo Ramos: Anytime Goalscorer,0xd1b45ceb8c4a68f7433d1a944c7d1d02f4c3de9128c3ff0ba41ef2c8eb6bee81,"[""32694691410492309775353661446836857325884991215865521756808012189951312059061"", ""38354707061981644997859596565046993097139081881778502451549446285102907520988""]",32694691410492309775353661446836857325884991215865521756808012189951312059061|38354707061981644997859596565046993097139081881778502451549446285102907520988,32694691410492309775353661446836857325884991215865521756808012189951312059061,Yes,True,0.03,100.0,0.42,70.0,0.22499999999999998,0.39,8a262b75d2c86596f81e3228041b41760f3f2193,0.01,5,,1414.4276,
2026-05-25T00:01:01Z,UCL,507703,ucl-psg-ars-2026-05-30-player-props,Paris Saint-Germain FC vs. Arsenal FC - Player Props,2026-05-20T23:38:19.013365Z,2316248,ucl-psg-ars-2026-05-30-ags-goncalo-ramos,Goncalo Ramos: Anytime Goalscorer,0xd1b45ceb8c4a68f7433d1a944c7d1d02f4c3de9128c3ff0ba41ef2c8eb6bee81,"[""32694691410492309775353661446836857325884991215865521756808012189951312059061"", ""38354707061981644997859596565046993097139081881778502451549446285102907520988""]",32694691410492309775353661446836857325884991215865521756808012189951312059061|38354707061981644997859596565046993097139081881778502451549446285102907520988,38354707061981644997859596565046993097139081881778502451549446285102907520988,No,True,0.58,70.0,0.97,100.0,0.7749999999999999,0.39,acc33713037f34ba9bcf2cc7c9086954c30f475f,0.01,5,,1414.4276,
2026-05-25T00:01:01Z,UCL,507703,ucl-psg-ars-2026-05-30-player-props,Paris Saint-Germain FC vs. Arsenal FC - Player Props,2026-05-20T23:38:19.013365Z,2316249,ucl-psg-ars-2026-05-30-ags-khvicha-kvaratskhelia,Khvicha Kvaratskhelia: Anytime Goalscorer,0xd7782c355786b6a911692439c91816db1f4d62b4ce907c27a7425217d5b0bbc4,"[""22153739837413988282840371421694760998853815393913288437770508734948085384633"", ""76723299329247093646562645289984138501087155746726563205424074120433759441271""]",22153739837413988282840371421694760998853815393913288437770508734948085384633|76723299329247093646562645289984138501087155746726563205424074120433759441271,22153739837413988282840371421694760998853815393913288437770508734948085384633,Yes,True,0.16,100.0,0.46,546.45,0.31,0.30000000000000004,935dbf3d8c3d28f02cffdd00a44371bff32937b9,0.01,5,0.540,1333.4904,53.543473999999996
2026-05-25T00:01:01Z,UCL,507703,ucl-psg-ars-2026-05-30-player-props,Paris Saint-Germain FC vs. Arsenal FC - Player Props,2026-05-20T23:38:19.013365Z,2316249,ucl-psg-ars-2026-05-30-ags-khvicha-kvaratskhelia,Khvicha Kvaratskhelia: Anytime Goalscorer,0xd7782c355786b6a911692439c91816db1f4d62b4ce907c27a7425217d5b0bbc4,"[""22153739837413988282840371421694760998853815393913288437770508734948085384633"", ""76723299329247093646562645289984138501087155746726563205424074120433759441271""]",22153739837413988282840371421694760998853815393913288437770508734948085384633|76723299329247093646562645289984138501087155746726563205424074120433759441271,76723299329247093646562645289984138501087155746726563205424074120433759441271,No,True,0.54,546.45,0.84,100.0,0.69,0.29999999999999993,6cc2155ee15a2e2678e157d26b277a54c68bb019,0.01,5,0.540,1333.4904,53.543473999999996
2026-05-25T00:01:01Z,UCL,507703,ucl-psg-ars-2026-05-30-player-props,Paris Saint-Germain FC vs. Arsenal FC - Player Props,2026-05-20T23:38:19.013365Z,2316250,ucl-psg-ars-2026-05-30-ags-bradley-barcola,Bradley Barcola: Anytime Goalscorer,0x05cc69d81e64bf5a2ae2ea34900072feee2c36d3ca9c306caa785ecaf28c4f1a,"[""67445815582705775446243099394541657879289817156609503585829719348301820258449"", ""74575393806745209625568090356186571992580869777582759011900152105405283437528""]",67445815582705775446243099394541657879289817156609503585829719348301820258449|74575393806745209625568090356186571992580869777582759011900152105405283437528,67445815582705775446243099394541657879289817156609503585829719348301820258449,Yes,True,0.01,5.0,0.43,600.0,0.22,0.42,8ef18db2e9fc2fd1eb6eb65b5208ca10ace9b575,0.01,5,,1338.6295,
2026-05-25T00:01:01Z,UCL,507703,ucl-psg-ars-2026-05-30-player-props,Paris Saint-Germain FC vs. Arsenal FC - Player Props,2026-05-20T23:38:19.013365Z,2316250,ucl-psg-ars-2026-05-30-ags-bradley-barcola,Bradley Barcola: Anytime Goalscorer,0x05cc69d81e64bf5a2ae2ea34900072feee2c36d3ca9c306caa785ecaf28c4f1a,"[""67445815582705775446243099394541657879289817156609503585829719348301820258449"", ""74575393806745209625568090356186571992580869777582759011900152105405283437528""]",67445815582705775446243099394541657879289817156609503585829719348301820258449|74575393806745209625568090356186571992580869777582759011900152105405283437528,74575393806745209625568090356186571992580869777582759011900152105405283437528,No,True,0.57,600.0,0.99,5.0,0.78,0.42000000000000004,dfc5e779bd0d8bf4b3e363508a538fa37c6c329d,0.01,5,,1338.6295,
2026-05-25T00:01:01Z,UCL,507703,ucl-psg-ars-2026-05-30-player-props,Paris Saint-Germain FC vs. Arsenal FC - Player Props,2026-05-20T23:38:19.013365Z,2316251,ucl-psg-ars-2026-05-30-ags-desire-doue,Desire Doue: Anytime Goalscorer,0x9aa062d1a5f9deca835672eee54a25c76e7ed935c4cc2b6fd9197e62fbb600b9,"[""111478664986653667314059434789658630577924611207298354865966657237517067384274"", ""58356706673577541206932917637241874274024674509822679987078913663213689193482""]",111478664986653667314059434789658630577924611207298354865966657237517067384274|58356706673577541206932917637241874274024674509822679987078913663213689193482,111478664986653667314059434789658630577924611207298354865966657237517067384274,Yes,True,0.01,5.0,0.44,600.0,0.225,0.43,03bbca9ed46d328f4ef400d481185d5be623489f,0.01,5,,1363.8947,
2026-05-25T00:01:01Z,UCL,507703,ucl-psg-ars-2026-05-30-player-props,Paris Saint-Germain FC vs. Arsenal FC - Player Props,2026-05-20T23:38:19.013365Z,2316251,ucl-psg-ars-2026-05-30-ags-desire-doue,Desire Doue: Anytime Goalscorer,0x9aa062d1a5f9deca835672eee54a25c76e7ed935c4cc2b6fd9197e62fbb600b9,"[""111478664986653667314059434789658630577924611207298354865966657237517067384274"", ""58356706673577541206932917637241874274024674509822679987078913663213689193482""]",111478664986653667314059434789658630577924611207298354865966657237517067384274|58356706673577541206932917637241874274024674509822679987078913663213689193482,58356706673577541206932917637241874274024674509822679987078913663213689193482,No,True,0.56,600.0,0.99,5.0,0.775,0.42999999999999994,1ba5350ff13c81bb40bd574b3b1bd2188e0b1433,0.01,5,,1363.8947,
2026-05-25T00:01:01Z,UCL,507703,ucl-psg-ars-2026-05-30-player-props,Paris Saint-Germain FC vs. Arsenal FC - Player Props,2026-05-20T23:38:19.013365Z,2316252,ucl-psg-ars-2026-05-30-ags-viktor-gyokeres,Viktor Gyokeres: Anytime Goalscorer,0xe093116f7fa9ad7623e0996eee3052f624c0d9ca5fa3e900d76bf9f4be2c86ff,"[""102723355144361289186831795130454840680102685523323284259491274271049041227811"", ""106088797359284191278916075918562106277186943052434068590324966121363139860882""]",102723355144361289186831795130454840680102685523323284259491274271049041227811|106088797359284191278916075918562106277186943052434068590324966121363139860882,102723355144361289186831795130454840680102685523323284259491274271049041227811,Yes,True,0.01,5.0,0.44,600.0,0.225,0.43,5b0c044666b2ba3d8768b09c84711e7143976b9c,0.01,5,,1364.1355,
2026-05-25T00:01:01Z,UCL,507703,ucl-psg-ars-2026-05-30-player-props,Paris Saint-Germain FC vs. Arsenal FC - Player Props,2026-05-20T23:38:19.013365Z,2316252,ucl-psg-ars-2026-05-30-ags-viktor-gyokeres,Viktor Gyokeres: Anytime Goalscorer,0xe093116f7fa9ad7623e0996eee3052f624c0d9ca5fa3e900d76bf9f4be2c86ff,"[""102723355144361289186831795130454840680102685523323284259491274271049041227811"", ""106088797359284191278916075918562106277186943052434068590324966121363139860882""]",102723355144361289186831795130454840680102685523323284259491274271049041227811|106088797359284191278916075918562106277186943052434068590324966121363139860882,106088797359284191278916075918562106277186943052434068590324966121363139860882,No,True,0.56,600.0,0.99,5.0,0.775,0.42999999999999994,3acc063eb0a2f69e3a336b3f6cfb08992d2fb876,0.01,5,,1364.1355,
2026-05-25T00:01:01Z,UCL,507703,ucl-psg-ars-2026-05-30-player-props,Paris Saint-Germain FC vs. Arsenal FC - Player Props,2026-05-20T23:38:19.013365Z,2316253,ucl-psg-ars-2026-05-30-ags-kai-havertz,Kai Havertz: Anytime Goalscorer,0xe4f7a3a38cfb29a5d6084d2c6002ae7c9a36e82ff8728949564a23006969fced,"[""3359850777744408052706974658155922483863942943192571734880121088967063990283"", ""112822257011118653638003257113185599620556011058172432407699742687502826846571""]",3359850777744408052706974658155922483863942943192571734880121088967063990283|112822257011118653638003257113185599620556011058172432407699742687502826846571,3359850777744408052706974658155922483863942943192571734880121088967063990283,Yes,True,0.01,5.0,0.39,600.0,0.2,0.38,b93c55350151be4e62697c917d67727f2211234d,0.01,5,,1443.4001,
2026-05-25T00:01:01Z,UCL,507703,ucl-psg-ars-2026-05-30-player-props,Paris Saint-Germain FC vs. Arsenal FC - Player Props,2026-05-20T23:38:19.013365Z,2316253,ucl-psg-ars-2026-05-30-ags-kai-havertz,Kai Havertz: Anytime Goalscorer,0xe4f7a3a38cfb29a5d6084d2c6002ae7c9a36e82ff8728949564a23006969fced,"[""3359850777744408052706974658155922483863942943192571734880121088967063990283"", ""112822257011118653638003257113185599620556011058172432407699742687502826846571""]",3359850777744408052706974658155922483863942943192571734880121088967063990283|112822257011118653638003257113185599620556011058172432407699742687502826846571,112822257011118653638003257113185599620556011058172432407699742687502826846571,No,True,0.61,600.0,0.99,5.0,0.8,0.38,2520f68b5ad5855dbaaac9b8a668fed8a9ba8964,0.01,5,,1443.4001,
2026-05-25T00:01:01Z,UCL,507703,ucl-psg-ars-2026-05-30-player-props,Paris Saint-Germain FC vs. Arsenal FC - Player Props,2026-05-20T23:38:19.013365Z,2316254,ucl-psg-ars-2026-05-30-ags-gabriel-jesus,Gabriel Jesus: Anytime Goalscorer,0xa196fc749714d9b825c878f31c6a270e9a5d487c089a410050defca3d3fd7091,"[""45201257454119640982758110115230836581636483065669309725437097798599594623199"", ""82797394154045670248062591776689930639582154166842364240841934137627769025022""]",45201257454119640982758110115230836581636483065669309725437097798599594623199|82797394154045670248062591776689930639582154166842364240841934137627769025022,45201257454119640982758110115230836581636483065669309725437097798599594623199,Yes,True,0.01,5.0,0.42,564.28,0.215,0.41,e533ec1b0f7ba5a93e406f1c8bc08138441e2f98,0.01,5,0.580,1482.6664,35.714284
2026-05-25T00:01:01Z,UCL,507703,ucl-psg-ars-2026-05-30-player-props,Paris Saint-Germain FC vs. Arsenal FC - Player Props,2026-05-20T23:38:19.013365Z,2316254,ucl-psg-ars-2026-05-30-ags-gabriel-jesus,Gabriel Jesus: Anytime Goalscorer,0xa196fc749714d9b825c878f31c6a270e9a5d487c089a410050defca3d3fd7091,"[""45201257454119640982758110115230836581636483065669309725437097798599594623199"", ""82797394154045670248062591776689930639582154166842364240841934137627769025022""]",45201257454119640982758110115230836581636483065669309725437097798599594623199|82797394154045670248062591776689930639582154166842364240841934137627769025022,82797394154045670248062591776689930639582154166842364240841934137627769025022,No,True,0.58,564.28,0.99,5.0,0.7849999999999999,0.41000000000000003,31bbad747dfef53304999606bb5a36c0be68ece2,0.01,5,0.580,1482.6664,35.714284
2026-05-25T00:01:01Z,UCL,507703,ucl-psg-ars-2026-05-30-player-props,Paris Saint-Germain FC vs. Arsenal FC - Player Props,2026-05-20T23:38:19.013365Z,2316255,ucl-psg-ars-2026-05-30-ags-bukayo-saka,Bukayo Saka: Anytime Goalscorer,0x99700b642a0891fcbd1edad56ccdb27632be68be917a701035896340a0e9d51d,"[""70611871982089716392514225848727760245217816162432324343024205986976010181088"", ""42586601392658735477762918447228205008576632930944392631330752133774482137601""]",70611871982089716392514225848727760245217816162432324343024205986976010181088|42586601392658735477762918447228205008576632930944392631330752133774482137601,70611871982089716392514225848727760245217816162432324343024205986976010181088,Yes,True,0.03,100.0,0.44,499.99,0.235,0.41000000000000003,268748f32ac8ef49101ed483a6ce88340028401c,0.01,5,0.620,1346.9266,394.736841
2026-05-25T00:01:01Z,UCL,507703,ucl-psg-ars-2026-05-30-player-props,Paris Saint-Germain FC vs. Arsenal FC - Player Props,2026-05-20T23:38:19.013365Z,2316255,ucl-psg-ars-2026-05-30-ags-bukayo-saka,Bukayo Saka: Anytime Goalscorer,0x99700b642a0891fcbd1edad56ccdb27632be68be917a701035896340a0e9d51d,"[""70611871982089716392514225848727760245217816162432324343024205986976010181088"", ""42586601392658735477762918447228205008576632930944392631330752133774482137601""]",70611871982089716392514225848727760245217816162432324343024205986976010181088|42586601392658735477762918447228205008576632930944392631330752133774482137601,42586601392658735477762918447228205008576632930944392631330752133774482137601,No,True,0.56,499.99,0.97,100.0,0.765,0.4099999999999999,55253753950ee86e2aab9658e42c8cbe56a874b4,0.01,5,0.620,1346.9266,394.736841
2026-05-25T00:01:01Z,UCL,507703,ucl-psg-ars-2026-05-30-player-props,Paris Saint-Germain FC vs. Arsenal FC - Player Props,2026-05-20T23:38:19.013365Z,2316256,ucl-psg-ars-2026-05-30-ags-eberechi-eze,Eberechi Eze: Anytime Goalscorer,0x7278c6afe4666b4ccbdb57831a0be46b2ad002da6edba61b5efa1f0f81b41b10,"[""15272419042524843078939598789593017197067732393365519802637397957238120091738"", ""68102538704422156358767824774067551229754626205590583290640058258472657418490""]",15272419042524843078939598789593017197067732393365519802637397957238120091738|68102538704422156358767824774067551229754626205590583290640058258472657418490,15272419042524843078939598789593017197067732393365519802637397957238120091738,Yes,True,0.01,5.0,0.65,150.0,0.33,0.64,3e7ea03ed60512688739b54fda5394c7df081ca3,0.01,5,,816.7116,
2026-05-25T00:01:01Z,UCL,507703,ucl-psg-ars-2026-05-30-player-props,Paris Saint-Germain FC vs. Arsenal FC - Player Props,2026-05-20T23:38:19.013365Z,2316256,ucl-psg-ars-2026-05-30-ags-eberechi-eze,Eberechi Eze: Anytime Goalscorer,0x7278c6afe4666b4ccbdb57831a0be46b2ad002da6edba61b5efa1f0f81b41b10,"[""15272419042524843078939598789593017197067732393365519802637397957238120091738"", ""68102538704422156358767824774067551229754626205590583290640058258472657418490""]",15272419042524843078939598789593017197067732393365519802637397957238120091738|68102538704422156358767824774067551229754626205590583290640058258472657418490,68102538704422156358767824774067551229754626205590583290640058258472657418490,No,True,0.35,150.0,0.99,5.0,0.6699999999999999,0.64,d30de445c59cd2d0c520adbaeaa6df7383381921,0.01,5,,816.7116,
2026-05-25T00:01:01Z,UCL,507703,ucl-psg-ars-2026-05-30-player-props,Paris Saint-Germain FC vs. Arsenal FC - Player Props,2026-05-20T23:38:19.013365Z,2316257,ucl-psg-ars-2026-05-30-ags-lee-kang-in,Lee Kang-in: Anytime Goalscorer,0x33f61213d234485b52d7e09cb009365ca09c444abe65ca059993c5274bda8bc4,"[""108254662174651138355729968459337217491826953774633553330732006727870608836636"", ""12815480425814846855784739792302722384150965345171850892535015439406114125885""]",108254662174651138355729968459337217491826953774633553330732006727870608836636|12815480425814846855784739792302722384150965345171850892535015439406114125885,108254662174651138355729968459337217491826953774633553330732006727870608836636,Yes,True,0.01,5.0,0.67,150.0,0.34,0.66,db630d5a2a2adcef6c67e18b11d9eca483e4caca,0.01,5,,987.4371,
2026-05-25T00:01:01Z,UCL,507703,ucl-psg-ars-2026-05-30-player-props,Paris Saint-Germain FC vs. Arsenal FC - Player Props,2026-05-20T23:38:19.013365Z,2316257,ucl-psg-ars-2026-05-30-ags-lee-kang-in,Lee Kang-in: Anytime Goalscorer,0x33f61213d234485b52d7e09cb009365ca09c444abe65ca059993c5274bda8bc4,"[""108254662174651138355729968459337217491826953774633553330732006727870608836636"", ""12815480425814846855784739792302722384150965345171850892535015439406114125885""]",108254662174651138355729968459337217491826953774633553330732006727870608836636|12815480425814846855784739792302722384150965345171850892535015439406114125885,12815480425814846855784739792302722384150965345171850892535015439406114125885,No,True,0.33,150.0,0.99,5.0,0.66,0.6599999999999999,55dbad7e120550f344cd4417b9538e9ea024e358,0.01,5,,987.4371,
2026-05-25T00:01:01Z,UCL,507703,ucl-psg-ars-2026-05-30-player-props,Paris Saint-Germain FC vs. Arsenal FC - Player Props,2026-05-20T23:38:19.013365Z,2316258,ucl-psg-ars-2026-05-30-ags-senny-mayulu,Senny Mayulu: Anytime Goalscorer,0x406135c58d4abbd5063ad24f0d379b57b0394b356b4d48c868f5e024dedad8e5,"[""84577812273146249379621589581281650416063875033654044652819009053855547860264"", ""111320463385791645220081406127597192288218892071634091491528987786842469196386""]",84577812273146249379621589581281650416063875033654044652819009053855547860264|111320463385791645220081406127597192288218892071634091491528987786842469196386,84577812273146249379621589581281650416063875033654044652819009053855547860264,Yes,True,0.01,5.0,0.6,150.0,0.305,0.59,93ac5e68633b898d40b62b688aa86225609f6cb4,0.01,5,,944.8091,
2026-05-25T00:01:01Z,UCL,507703,ucl-psg-ars-2026-05-30-player-props,Paris Saint-Germain FC vs. Arsenal FC - Player Props,2026-05-20T23:38:19.013365Z,2316258,ucl-psg-ars-2026-05-30-ags-senny-mayulu,Senny Mayulu: Anytime Goalscorer,0x406135c58d4abbd5063ad24f0d379b57b0394b356b4d48c868f5e024dedad8e5,"[""84577812273146249379621589581281650416063875033654044652819009053855547860264"", ""111320463385791645220081406127597192288218892071634091491528987786842469196386""]",84577812273146249379621589581281650416063875033654044652819009053855547860264|111320463385791645220081406127597192288218892071634091491528987786842469196386,111320463385791645220081406127597192288218892071634091491528987786842469196386,No,True,0.4,150.0,0.99,5.0,0.6950000000000001,0.59,b28256936d2313d581967fc7a0ff1d68248e32da,0.01,5,,944.8091,
2026-05-25T00:01:01Z,UCL,507703,ucl-psg-ars-2026-05-30-player-props,Paris Saint-Germain FC vs. Arsenal FC - Player Props,2026-05-20T23:38:19.013365Z,2316259,ucl-psg-ars-2026-05-30-ags-ibrahim-mbaye,Ibrahim Mbaye: Anytime Goalscorer,0x5001eac0bdb43f30fb3be59365bc6ae273f31f061f8df7a18c2f9126c1c32951,"[""41926290895350454831431136024385310389415956076561154891922450580570989986017"", ""101745460009149740170000277368834593368641235606413617542028733959309561578450""]",41926290895350454831431136024385310389415956076561154891922450580570989986017|101745460009149740170000277368834593368641235606413617542028733959309561578450,41926290895350454831431136024385310389415956076561154891922450580570989986017,Yes,True,0.01,5.0,0.63,150.0,0.32,0.62,45f327095061ca7a5ebac77b9cea83ccb09f5eb3,0.01,5,,1048.6199,
2026-05-25T00:01:01Z,UCL,507703,ucl-psg-ars-2026-05-30-player-props,Paris Saint-Germain FC vs. Arsenal FC - Player Props,2026-05-20T23:38:19.013365Z,2316259,ucl-psg-ars-2026-05-30-ags-ibrahim-mbaye,Ibrahim Mbaye: Anytime Goalscorer,0x5001eac0bdb43f30fb3be59365bc6ae273f31f061f8df7a18c2f9126c1c32951,"[""41926290895350454831431136024385310389415956076561154891922450580570989986017"", ""101745460009149740170000277368834593368641235606413617542028733959309561578450""]",41926290895350454831431136024385310389415956076561154891922450580570989986017|101745460009149740170000277368834593368641235606413617542028733959309561578450,101745460009149740170000277368834593368641235606413617542028733959309561578450,No,True,0.37,150.0,0.99,5.0,0.6799999999999999,0.62,2f45cf72c02d938cd2c9819fcf15a5b3e5734c48,0.01,5,,1048.6199,
2026-05-25T00:01:01Z,UCL,507703,ucl-psg-ars-2026-05-30-player-props,Paris Saint-Germain FC vs. Arsenal FC - Player Props,2026-05-20T23:38:19.013365Z,2316260,ucl-psg-ars-2026-05-30-ags-leandro-trossard,Leandro Trossard: Anytime Goalscorer,0x8f832604ce9dd364c9f4600f16553efd6e21f5f2b7224dc553db9b6d72904243,"[""92441887304163252309064601972378572551188614358825097217362955690524784007920"", ""92178031782144618442889678878324737286540508514354332402492563506764428670602""]",92441887304163252309064601972378572551188614358825097217362955690524784007920|92178031782144618442889678878324737286540508514354332402492563506764428670602,92441887304163252309064601972378572551188614358825097217362955690524784007920,Yes,True,0.01,5.0,0.68,150.0,0.34500000000000003,0.67,c2af130bc76959d7994dcee7a071743b0890dd21,0.01,5,,923.2747,
2026-05-25T00:01:01Z,UCL,507703,ucl-psg-ars-2026-05-30-player-props,Paris Saint-Germain FC vs. Arsenal FC - Player Props,2026-05-20T23:38:19.013365Z,2316260,ucl-psg-ars-2026-05-30-ags-leandro-trossard,Leandro Trossard: Anytime Goalscorer,0x8f832604ce9dd364c9f4600f16553efd6e21f5f2b7224dc553db9b6d72904243,"[""92441887304163252309064601972378572551188614358825097217362955690524784007920"", ""92178031782144618442889678878324737286540508514354332402492563506764428670602""]",92441887304163252309064601972378572551188614358825097217362955690524784007920|92178031782144618442889678878324737286540508514354332402492563506764428670602,92178031782144618442889678878324737286540508514354332402492563506764428670602,No,True,0.32,150.0,0.99,5.0,0.655,0.6699999999999999,45fc120fd3883dba380493bfa08bf36b0fd36a75,0.01,5,,923.2747,
2026-05-25T00:01:01Z,UCL,507703,ucl-psg-ars-2026-05-30-player-props,Paris Saint-Germain FC vs. Arsenal FC - Player Props,2026-05-20T23:38:19.013365Z,2316261,ucl-psg-ars-2026-05-30-ags-gabriel-martinelli,Gabriel Martinelli: Anytime Goalscorer,0xbd6e97a926c1e32980688bd4f287da10e7f6136a2aff357bdee5833b215f2fba,"[""38712425484318031501107819783976724927006121208341088874637092813237735518594"", ""90673058914757018966149375470732623172079450652218968473406667997616853959971""]",38712425484318031501107819783976724927006121208341088874637092813237735518594|90673058914757018966149375470732623172079450652218968473406667997616853959971,38712425484318031501107819783976724927006121208341088874637092813237735518594,Yes,True,0.01,5.0,0.65,150.0,0.33,0.64,5216ec0e023663590d153b520cba47969775e696,0.01,5,,994.6536,
2026-05-25T00:01:01Z,UCL,507703,ucl-psg-ars-2026-05-30-player-props,Paris Saint-Germain FC vs. Arsenal FC - Player Props,2026-05-20T23:38:19.013365Z,2316261,ucl-psg-ars-2026-05-30-ags-gabriel-martinelli,Gabriel Martinelli: Anytime Goalscorer,0xbd6e97a926c1e32980688bd4f287da10e7f6136a2aff357bdee5833b215f2fba,"[""38712425484318031501107819783976724927006121208341088874637092813237735518594"", ""90673058914757018966149375470732623172079450652218968473406667997616853959971""]",38712425484318031501107819783976724927006121208341088874637092813237735518594|90673058914757018966149375470732623172079450652218968473406667997616853959971,90673058914757018966149375470732623172079450652218968473406667997616853959971,No,True,0.35,150.0,0.99,5.0,0.6699999999999999,0.64,2a1d0bb20dc557d9485c1ba82ee62e61ef3c7531,0.01,5,,994.6536,
2026-05-25T00:01:01Z,UCL,507703,ucl-psg-ars-2026-05-30-player-props,Paris Saint-Germain FC vs. Arsenal FC - Player Props,2026-05-20T23:38:19.013365Z,2316262,ucl-psg-ars-2026-05-30-ags-max-dowman,Max Dowman: Anytime Goalscorer,0x8e739e643614f0a517a1af31b248f8dc1ebb21ce42d58f18ed509271ae47d1d0,"[""84092811602721737559782275497780755970603046954434634440614642106537567776645"", ""67021230814091476119321204346627367329958772771407231619458836418003443030558""]",84092811602721737559782275497780755970603046954434634440614642106537567776645|67021230814091476119321204346627367329958772771407231619458836418003443030558,84092811602721737559782275497780755970603046954434634440614642106537567776645,Yes,True,0.01,5.0,0.5,50.0,0.255,0.49,a9ba819dcd76fa6f6ee7ac5d97b2951d9c0d2008,0.01,5,,754.9393,
2026-05-25T00:01:01Z,UCL,507703,ucl-psg-ars-2026-05-30-player-props,Paris Saint-Germain FC vs. Arsenal FC - Player Props,2026-05-20T23:38:19.013365Z,2316262,ucl-psg-ars-2026-05-30-ags-max-dowman,Max Dowman: Anytime Goalscorer,0x8e739e643614f0a517a1af31b248f8dc1ebb21ce42d58f18ed509271ae47d1d0,"[""84092811602721737559782275497780755970603046954434634440614642106537567776645"", ""67021230814091476119321204346627367329958772771407231619458836418003443030558""]",84092811602721737559782275497780755970603046954434634440614642106537567776645|67021230814091476119321204346627367329958772771407231619458836418003443030558,67021230814091476119321204346627367329958772771407231619458836418003443030558,No,True,0.5,50.0,0.99,5.0,0.745,0.49,01adcd1d7b1312f54ef372e965bdfea377bb2374,0.01,5,,754.9393,
2026-05-25T00:01:01Z,UCL,510623,ucl-psg-ars-2026-05-30-more-markets,Paris Saint-Germain FC vs. Arsenal FC - More Markets,2026-05-21T18:47:57.038615Z,2324483,ucl-psg-ars-2026-05-30-spread-home-1pt5,Spread: Paris Saint-Germain FC (-1.5),0x1ed24877a1a095f9737a7ca511799f8f002edf1b838c3b38c2ed3d5fef4031b6,"[""96881595880005114811795655104698328474670414683288934208941073933880369315286"", ""76826692363966813793349742499762495205602849807502426540147633560673675893824""]",96881595880005114811795655104698328474670414683288934208941073933880369315286|76826692363966813793349742499762495205602849807502426540147633560673675893824,96881595880005114811795655104698328474670414683288934208941073933880369315286,Paris Saint-Germain FC,True,0.17,1773.0,0.21,116.0,0.19,0.03999999999999998,331af41c95b1dae5ce34150055815ee13267f373,0.01,5,0.190,22886.5998,29503.733146
2026-05-25T00:01:01Z,UCL,510623,ucl-psg-ars-2026-05-30-more-markets,Paris Saint-Germain FC vs. Arsenal FC - More Markets,2026-05-21T18:47:57.038615Z,2324483,ucl-psg-ars-2026-05-30-spread-home-1pt5,Spread: Paris Saint-Germain FC (-1.5),0x1ed24877a1a095f9737a7ca511799f8f002edf1b838c3b38c2ed3d5fef4031b6,"[""96881595880005114811795655104698328474670414683288934208941073933880369315286"", ""76826692363966813793349742499762495205602849807502426540147633560673675893824""]",96881595880005114811795655104698328474670414683288934208941073933880369315286|76826692363966813793349742499762495205602849807502426540147633560673675893824,76826692363966813793349742499762495205602849807502426540147633560673675893824,Arsenal FC,True,0.79,116.0,0.83,1773.0,0.81,0.039999999999999925,b7a651c69e09aa2c8db06f6e245dd47beb83ba7f,0.01,5,0.190,22886.5998,29503.733146
2026-05-25T00:01:01Z,UCL,510623,ucl-psg-ars-2026-05-30-more-markets,Paris Saint-Germain FC vs. Arsenal FC - More Markets,2026-05-21T18:47:57.038615Z,2324484,ucl-psg-ars-2026-05-30-spread-away-1pt5,Spread: Arsenal FC (-1.5),0xebd2aef005c294cfceba4d5aa980cd843d0f1bce08a58e22fe2260286ae41172,"[""114800827416056236831091101351134205547857294729513913312954192904851401228104"", ""90171090365526247441975585460190630230911580897695933491046121082467267647153""]",114800827416056236831091101351134205547857294729513913312954192904851401228104|90171090365526247441975585460190630230911580897695933491046121082467267647153,114800827416056236831091101351134205547857294729513913312954192904851401228104,Arsenal FC,True,0.11,18.0,0.15,122.0,0.13,0.039999999999999994,429796c3a46babc9470736c1a5affada2a1bae9a,0.01,5,0.110,24608.4318,482.407439
2026-05-25T00:01:01Z,UCL,510623,ucl-psg-ars-2026-05-30-more-markets,Paris Saint-Germain FC vs. Arsenal FC - More Markets,2026-05-21T18:47:57.038615Z,2324484,ucl-psg-ars-2026-05-30-spread-away-1pt5,Spread: Arsenal FC (-1.5),0xebd2aef005c294cfceba4d5aa980cd843d0f1bce08a58e22fe2260286ae41172,"[""114800827416056236831091101351134205547857294729513913312954192904851401228104"", ""90171090365526247441975585460190630230911580897695933491046121082467267647153""]",114800827416056236831091101351134205547857294729513913312954192904851401228104|90171090365526247441975585460190630230911580897695933491046121082467267647153,90171090365526247441975585460190630230911580897695933491046121082467267647153,Paris Saint-Germain FC,True,0.85,122.0,0.89,18.0,0.87,0.040000000000000036,653b86caf21957b02268d6f787a7f22afd785ec3,0.01,5,0.110,24608.4318,482.407439
2026-05-25T00:01:01Z,UCL,510623,ucl-psg-ars-2026-05-30-more-markets,Paris Saint-Germain FC vs. Arsenal FC - More Markets,2026-05-21T18:47:57.038615Z,2324485,ucl-psg-ars-2026-05-30-spread-home-2pt5,Spread: Paris Saint-Germain FC (-2.5),0x84bf18d3635a110a837219dd4c4ad4a2552998925505391a44f7dad3d66a5601,"[""51241798073785820495111306697966105469569930899618491115661415215612761240342"", ""83409323025279335792119248207089447576505365471602658721730234048307583539018""]",51241798073785820495111306697966105469569930899618491115661415215612761240342|83409323025279335792119248207089447576505365471602658721730234048307583539018,51241798073785820495111306697966105469569930899618491115661415215612761240342,Paris Saint-Germain FC,True,0.07,23.56,0.1,58.67,0.085,0.03,d44717feabcdfc39ab496c6d06176a77b4fefea9,0.01,5,0.900,23461.5795,464.992579
2026-05-25T00:01:01Z,UCL,510623,ucl-psg-ars-2026-05-30-more-markets,Paris Saint-Germain FC vs. Arsenal FC - More Markets,2026-05-21T18:47:57.038615Z,2324485,ucl-psg-ars-2026-05-30-spread-home-2pt5,Spread: Paris Saint-Germain FC (-2.5),0x84bf18d3635a110a837219dd4c4ad4a2552998925505391a44f7dad3d66a5601,"[""51241798073785820495111306697966105469569930899618491115661415215612761240342"", ""83409323025279335792119248207089447576505365471602658721730234048307583539018""]",51241798073785820495111306697966105469569930899618491115661415215612761240342|83409323025279335792119248207089447576505365471602658721730234048307583539018,83409323025279335792119248207089447576505365471602658721730234048307583539018,Arsenal FC,True,0.9,58.67,0.93,23.56,0.915,0.030000000000000027,5999113c386d9d0be7499399b2ce8941a30e547e,0.01,5,0.900,23461.5795,464.992579
2026-05-25T00:01:01Z,UCL,510623,ucl-psg-ars-2026-05-30-more-markets,Paris Saint-Germain FC vs. Arsenal FC - More Markets,2026-05-21T18:47:57.038615Z,2324486,ucl-psg-ars-2026-05-30-spread-away-2pt5,Spread: Arsenal FC (-2.5),0xa6f2fade9167d9c7c3c6053b4453aab919858e4400148f96453568a563ebb1cd,"[""71224810332023048550604276583676912598650720442796092211042509957517879483695"", ""41611062938329613227971998470469864535443114680098954593643960479811049533702""]",71224810332023048550604276583676912598650720442796092211042509957517879483695|41611062938329613227971998470469864535443114680098954593643960479811049533702,71224810332023048550604276583676912598650720442796092211042509957517879483695,Arsenal FC,True,0.02,120.88,0.09,100.0,0.055,0.06999999999999999,9494488c71c7101a149532b1d12a15d79cec7ae5,0.01,5,0.020,22262.6776,5.102
2026-05-25T00:01:01Z,UCL,510623,ucl-psg-ars-2026-05-30-more-markets,Paris Saint-Germain FC vs. Arsenal FC - More Markets,2026-05-21T18:47:57.038615Z,2324486,ucl-psg-ars-2026-05-30-spread-away-2pt5,Spread: Arsenal FC (-2.5),0xa6f2fade9167d9c7c3c6053b4453aab919858e4400148f96453568a563ebb1cd,"[""71224810332023048550604276583676912598650720442796092211042509957517879483695"", ""41611062938329613227971998470469864535443114680098954593643960479811049533702""]",71224810332023048550604276583676912598650720442796092211042509957517879483695|41611062938329613227971998470469864535443114680098954593643960479811049533702,41611062938329613227971998470469864535443114680098954593643960479811049533702,Paris Saint-Germain FC,True,0.91,100.0,0.98,120.88,0.9450000000000001,0.06999999999999995,4d1089794991eef2bc8d356d0d76af63759835d9,0.01,5,0.020,22262.6776,5.102
2026-05-25T00:01:01Z,UCL,510623,ucl-psg-ars-2026-05-30-more-markets,Paris Saint-Germain FC vs. Arsenal FC - More Markets,2026-05-21T18:47:57.038615Z,2324487,ucl-psg-ars-2026-05-30-total-0pt5,Paris Saint-Germain FC vs. Arsenal FC: O/U 0.5,0xc20405ca8ce7d82790f0557bd5b3fc2bdec2137937d91f53caef5cb86878b18f,"[""82353174861059586860226355393193780181729750750520323403722717036733121543321"", ""15920235510071911203274290978625696098998126958976142843079387752853276718051""]",82353174861059586860226355393193780181729750750520323403722717036733121543321|15920235510071911203274290978625696098998126958976142843079387752853276718051,82353174861059586860226355393193780181729750750520323403722717036733121543321,Over,True,0.911,15.0,0.929,15.0,0.92,0.018000000000000016,312c1e491850580ad2517d955c17a3469ae4fe96,0.001,5,0.070,24469.8909,19.408599
2026-05-25T00:01:01Z,UCL,510623,ucl-psg-ars-2026-05-30-more-markets,Paris Saint-Germain FC vs. Arsenal FC - More Markets,2026-05-21T18:47:57.038615Z,2324487,ucl-psg-ars-2026-05-30-total-0pt5,Paris Saint-Germain FC vs. Arsenal FC: O/U 0.5,0xc20405ca8ce7d82790f0557bd5b3fc2bdec2137937d91f53caef5cb86878b18f,"[""82353174861059586860226355393193780181729750750520323403722717036733121543321"", ""15920235510071911203274290978625696098998126958976142843079387752853276718051""]",82353174861059586860226355393193780181729750750520323403722717036733121543321|15920235510071911203274290978625696098998126958976142843079387752853276718051,15920235510071911203274290978625696098998126958976142843079387752853276718051,Under,True,0.071,15.0,0.089,15.0,0.07999999999999999,0.018000000000000002,10768c8224bd6a05355e8968bbe16b6adf260824,0.001,5,0.070,24469.8909,19.408599
2026-05-25T00:01:01Z,UCL,510623,ucl-psg-ars-2026-05-30-more-markets,Paris Saint-Germain FC vs. Arsenal FC - More Markets,2026-05-21T18:47:57.038615Z,2324488,ucl-psg-ars-2026-05-30-total-1pt5,Paris Saint-Germain FC vs. Arsenal FC: O/U 1.5,0x93ddd1be25f9225289a83a760480ff0dac4126cfbb0b97ead62590eb193c4ff9,"[""60606116669926274125895856692431615247716233497058700435627443024634073129717"", ""105787532659607597894450212127693691191154127865977447158562446331200316071860""]",60606116669926274125895856692431615247716233497058700435627443024634073129717|105787532659607597894450212127693691191154127865977447158562446331200316071860,60606116669926274125895856692431615247716233497058700435627443024634073129717,Over,True,0.72,2296.0,0.74,1649.0,0.73,0.020000000000000018,dfa641987686c434400ca96be89d810fd79ada57,0.01,5,0.730,22287.1054,1050.6233240000001
2026-05-25T00:01:01Z,UCL,510623,ucl-psg-ars-2026-05-30-more-markets,Paris Saint-Germain FC vs. Arsenal FC - More Markets,2026-05-21T18:47:57.038615Z,2324488,ucl-psg-ars-2026-05-30-total-1pt5,Paris Saint-Germain FC vs. Arsenal FC: O/U 1.5,0x93ddd1be25f9225289a83a760480ff0dac4126cfbb0b97ead62590eb193c4ff9,"[""60606116669926274125895856692431615247716233497058700435627443024634073129717"", ""105787532659607597894450212127693691191154127865977447158562446331200316071860""]",60606116669926274125895856692431615247716233497058700435627443024634073129717|105787532659607597894450212127693691191154127865977447158562446331200316071860,105787532659607597894450212127693691191154127865977447158562446331200316071860,Under,True,0.26,1649.0,0.28,2296.0,0.27,0.020000000000000018,3ea671b55ee0895c9c2ac2dbfbffbbfb12290dd3,0.01,5,0.730,22287.1054,1050.6233240000001
2026-05-25T00:01:01Z,UCL,510623,ucl-psg-ars-2026-05-30-more-markets,Paris Saint-Germain FC vs. Arsenal FC - More Markets,2026-05-21T18:47:57.038615Z,2324489,ucl-psg-ars-2026-05-30-total-2pt5,Paris Saint-Germain FC vs. Arsenal FC: O/U 2.5,0xb45a93b98735d9c7b48a61ae7661bb756ccf5b1529bdf88048bcf5404ad88f13,"[""98663377064630668198999581527832082408199289392818592636353915171188677548744"", ""11801049913933431369880600538854887601502257441179625733059200967423234411981""]",98663377064630668198999581527832082408199289392818592636353915171188677548744|11801049913933431369880600538854887601502257441179625733059200967423234411981,98663377064630668198999581527832082408199289392818592636353915171188677548744,Over,True,0.46,3476.89,0.48,1549.13,0.47,0.019999999999999962,96ac24b435eca7c8495d08581df55c17f01a9be5,0.01,5,0.520,31180.1894,6947.435047000001
2026-05-25T00:01:01Z,UCL,510623,ucl-psg-ars-2026-05-30-more-markets,Paris Saint-Germain FC vs. Arsenal FC - More Markets,2026-05-21T18:47:57.038615Z,2324489,ucl-psg-ars-2026-05-30-total-2pt5,Paris Saint-Germain FC vs. Arsenal FC: O/U 2.5,0xb45a93b98735d9c7b48a61ae7661bb756ccf5b1529bdf88048bcf5404ad88f13,"[""98663377064630668198999581527832082408199289392818592636353915171188677548744"", ""11801049913933431369880600538854887601502257441179625733059200967423234411981""]",98663377064630668198999581527832082408199289392818592636353915171188677548744|11801049913933431369880600538854887601502257441179625733059200967423234411981,11801049913933431369880600538854887601502257441179625733059200967423234411981,Under,True,0.52,1549.13,0.54,3476.89,0.53,0.020000000000000018,6bc5e5a9dbb225a4fb4a9a81b97e2fef84db5a46,0.01,5,0.520,31180.1894,6947.435047000001
2026-05-25T00:01:01Z,UCL,510623,ucl-psg-ars-2026-05-30-more-markets,Paris Saint-Germain FC vs. Arsenal FC - More Markets,2026-05-21T18:47:57.038615Z,2324490,ucl-psg-ars-2026-05-30-total-3pt5,Paris Saint-Germain FC vs. Arsenal FC: O/U 3.5,0xd87259e9a3cfa6ce07c0d97bb41ee6859ea47915717632f121d9b96cac4cf7a1,"[""51966249604035552656837104317090914644097898977162792672495352005976038539589"", ""53110699363667232854603826460642130755834921351574197656179965168827813762911""]",51966249604035552656837104317090914644097898977162792672495352005976038539589|53110699363667232854603826460642130755834921351574197656179965168827813762911,51966249604035552656837104317090914644097898977162792672495352005976038539589,Over,True,0.24,297.34,0.28,71.3,0.26,0.040000000000000036,4a0588cc06389e1ef97911b50f642695d9a27bc1,0.01,5,0.720,15455.217,703.6683760000001
2026-05-25T00:01:01Z,UCL,510623,ucl-psg-ars-2026-05-30-more-markets,Paris Saint-Germain FC vs. Arsenal FC - More Markets,2026-05-21T18:47:57.038615Z,2324490,ucl-psg-ars-2026-05-30-total-3pt5,Paris Saint-Germain FC vs. Arsenal FC: O/U 3.5,0xd87259e9a3cfa6ce07c0d97bb41ee6859ea47915717632f121d9b96cac4cf7a1,"[""51966249604035552656837104317090914644097898977162792672495352005976038539589"", ""53110699363667232854603826460642130755834921351574197656179965168827813762911""]",51966249604035552656837104317090914644097898977162792672495352005976038539589|53110699363667232854603826460642130755834921351574197656179965168827813762911,53110699363667232854603826460642130755834921351574197656179965168827813762911,Under,True,0.72,71.3,0.76,297.34,0.74,0.040000000000000036,fd38703042ba2591628a7f9d8de1d171cab0e219,0.01,5,0.720,15455.217,703.6683760000001
2026-05-25T00:01:01Z,UCL,510623,ucl-psg-ars-2026-05-30-more-markets,Paris Saint-Germain FC vs. Arsenal FC - More Markets,2026-05-21T18:47:57.038615Z,2324491,ucl-psg-ars-2026-05-30-total-4pt5,Paris Saint-Germain FC vs. Arsenal FC: O/U 4.5,0xc677877beebf6e85837fe87efc2400175fe149a5cf47625ebb6727ce263943c6,"[""95240436782694009790683963601512832055528609295033787975222303072592588784656"", ""84623799635878869970392015054177653448851836558543143230416120773534222703263""]",95240436782694009790683963601512832055528609295033787975222303072592588784656|84623799635878869970392015054177653448851836558543143230416120773534222703263,95240436782694009790683963601512832055528609295033787975222303072592588784656,Over,True,0.1,29.0,0.15,175.0,0.125,0.04999999999999999,fb987ff60abe3293f18a909b0ce44a386121ecb6,0.01,5,0.090,14942.9381,35.4989
2026-05-25T00:01:01Z,UCL,510623,ucl-psg-ars-2026-05-30-more-markets,Paris Saint-Germain FC vs. Arsenal FC - More Markets,2026-05-21T18:47:57.038615Z,2324491,ucl-psg-ars-2026-05-30-total-4pt5,Paris Saint-Germain FC vs. Arsenal FC: O/U 4.5,0xc677877beebf6e85837fe87efc2400175fe149a5cf47625ebb6727ce263943c6,"[""95240436782694009790683963601512832055528609295033787975222303072592588784656"", ""84623799635878869970392015054177653448851836558543143230416120773534222703263""]",95240436782694009790683963601512832055528609295033787975222303072592588784656|84623799635878869970392015054177653448851836558543143230416120773534222703263,84623799635878869970392015054177653448851836558543143230416120773534222703263,Under,True,0.85,175.0,0.9,29.0,0.875,0.050000000000000044,c5557bc2f919b55196fd21d04bdd8a0ab91b0c7d,0.01,5,0.090,14942.9381,35.4989
2026-05-25T00:01:01Z,UCL,510623,ucl-psg-ars-2026-05-30-more-markets,Paris Saint-Germain FC vs. Arsenal FC - More Markets,2026-05-21T18:47:57.038615Z,2324492,ucl-psg-ars-2026-05-30-total-5pt5,Paris Saint-Germain FC vs. Arsenal FC: O/U 5.5,0x71e836e7c3441e90352313065a274f4f48eac487ade566517cb09a906e3cc186,"[""46883428988892802114561472842588744130178698688558810534847774090247098418862"", ""31745926037780048472807137227093264415606838467005399605248920911092123928643""]",46883428988892802114561472842588744130178698688558810534847774090247098418862|31745926037780048472807137227093264415606838467005399605248920911092123928643,46883428988892802114561472842588744130178698688558810534847774090247098418862,Over,True,0.03,1390.0,0.1,153.9,0.065,0.07,5ddaea25686a34405ba15e6f9c69fa0e647d38d7,0.01,5,0.900,33015.39,75.544443
2026-05-25T00:01:01Z,UCL,510623,ucl-psg-ars-2026-05-30-more-markets,Paris Saint-Germain FC vs. Arsenal FC - More Markets,2026-05-21T18:47:57.038615Z,2324492,ucl-psg-ars-2026-05-30-total-5pt5,Paris Saint-Germain FC vs. Arsenal FC: O/U 5.5,0x71e836e7c3441e90352313065a274f4f48eac487ade566517cb09a906e3cc186,"[""46883428988892802114561472842588744130178698688558810534847774090247098418862"", ""31745926037780048472807137227093264415606838467005399605248920911092123928643""]",46883428988892802114561472842588744130178698688558810534847774090247098418862|31745926037780048472807137227093264415606838467005399605248920911092123928643,31745926037780048472807137227093264415606838467005399605248920911092123928643,Under,True,0.9,153.9,0.97,1390.0,0.935,0.06999999999999995,c331c26cdf74e9655c274de169361d63b659754a,0.01,5,0.900,33015.39,75.544443
2026-05-25T00:01:01Z,UCL,510623,ucl-psg-ars-2026-05-30-more-markets,Paris Saint-Germain FC vs. Arsenal FC - More Markets,2026-05-21T18:47:57.038615Z,2324493,ucl-psg-ars-2026-05-30-btts,Paris Saint-Germain FC vs. Arsenal FC: Both Teams to Score,0x9bffa2fd6e42b8b68c61eb3fcda9801ab22a77fc0005ef387646fa8f8b582678,"[""103435709897292813453585893094584459190985305810975384693981158952053915061696"", ""32578767598528772737641675655729604397079486211670202273780723336365782699332""]",103435709897292813453585893094584459190985305810975384693981158952053915061696|32578767598528772737641675655729604397079486211670202273780723336365782699332,103435709897292813453585893094584459190985305810975384693981158952053915061696,Yes,True,0.53,89.63,0.56,59.04,0.545,0.030000000000000027,55a8e88f6ff305f151e30b711235f437e0de2216,0.01,5,0.440,29181.0102,1715.947075
2026-05-25T00:01:01Z,UCL,510623,ucl-psg-ars-2026-05-30-more-markets,Paris Saint-Germain FC vs. Arsenal FC - More Markets,2026-05-21T18:47:57.038615Z,2324493,ucl-psg-ars-2026-05-30-btts,Paris Saint-Germain FC vs. Arsenal FC: Both Teams to Score,0x9bffa2fd6e42b8b68c61eb3fcda9801ab22a77fc0005ef387646fa8f8b582678,"[""103435709897292813453585893094584459190985305810975384693981158952053915061696"", ""32578767598528772737641675655729604397079486211670202273780723336365782699332""]",103435709897292813453585893094584459190985305810975384693981158952053915061696|32578767598528772737641675655729604397079486211670202273780723336365782699332,32578767598528772737641675655729604397079486211670202273780723336365782699332,No,True,0.44,59.04,0.47,89.63,0.45499999999999996,0.02999999999999997,a17ad364c9634fd2934b7b14f0519c48e31bb60e,0.01,5,0.440,29181.0102,1715.947075
