ts_utc,league,event_id,event_slug,event_title,event_start,market_id,market_slug,market_question,condition_id,clob_token_ids_raw,token_ids_parsed,token_id,outcome,book_found,best_bid,best_bid_size,best_ask,best_ask_size,mid,spread,book_hash,tick_size,min_order_size,last_trade_price,liquidity,volume
2026-03-05T00:48:42Z,UCL,33506,uefa-champions-league-winner,UEFA Champions League Winner ,2025-07-28T16:48:06.450445Z,566139,will-real-madrid-win-the-202526-champions-league,Will Real Madrid win the 2025–26 Champions League?,0x52a5ce595e0f0816e17e5f40dbd5967c88beb4b9f21000bfdd9a1ff26c281fdd,"[""47060861968389645577251408086188258199430417779776802737050665875266354301946"", ""12905796939799815677187294753823746821359945387637800747970148392857538825639""]",47060861968389645577251408086188258199430417779776802737050665875266354301946|12905796939799815677187294753823746821359945387637800747970148392857538825639,47060861968389645577251408086188258199430417779776802737050665875266354301946,Yes,True,0.05,18863.02,0.06,133003.67,0.055,0.009999999999999995,192aaf9bd74b39a83b4d479ddffc67a997fc1575,0.01,5,0.050,283521.3354,1912739.910272
2026-03-05T00:48:42Z,UCL,33506,uefa-champions-league-winner,UEFA Champions League Winner ,2025-07-28T16:48:06.450445Z,566139,will-real-madrid-win-the-202526-champions-league,Will Real Madrid win the 2025–26 Champions League?,0x52a5ce595e0f0816e17e5f40dbd5967c88beb4b9f21000bfdd9a1ff26c281fdd,"[""47060861968389645577251408086188258199430417779776802737050665875266354301946"", ""12905796939799815677187294753823746821359945387637800747970148392857538825639""]",47060861968389645577251408086188258199430417779776802737050665875266354301946|12905796939799815677187294753823746821359945387637800747970148392857538825639,12905796939799815677187294753823746821359945387637800747970148392857538825639,No,True,0.94,133003.67,0.95,18863.02,0.945,0.010000000000000009,388aaf0dfa832a6a8a35a89c8804c3facc7be9db,0.01,5,0.050,283521.3354,1912739.910272
2026-03-05T00:48:42Z,UCL,33506,uefa-champions-league-winner,UEFA Champions League Winner ,2025-07-28T16:48:06.450445Z,566140,will-arsenal-win-the-202526-champions-league,Will Arsenal win the 2025–26 Champions League?,0x8df5a4256840dee05851250c0490da7593597faff3a7f9a156ccbbda7fec76f8,"[""76184513907290761912636659055080401703643418316153242056949287928791438454394"", ""40207448075213637709805668474726325753733020974923638056549809058860608450985""]",76184513907290761912636659055080401703643418316153242056949287928791438454394|40207448075213637709805668474726325753733020974923638056549809058860608450985,76184513907290761912636659055080401703643418316153242056949287928791438454394,Yes,True,0.28,10885.52,0.29,15352.9,0.28500000000000003,0.009999999999999953,9f087356d2bd0a09bd380605c2bd8f732cb6f313,0.01,5,0.280,155449.5348,2285690.028797
2026-03-05T00:48:42Z,UCL,33506,uefa-champions-league-winner,UEFA Champions League Winner ,2025-07-28T16:48:06.450445Z,566140,will-arsenal-win-the-202526-champions-league,Will Arsenal win the 2025–26 Champions League?,0x8df5a4256840dee05851250c0490da7593597faff3a7f9a156ccbbda7fec76f8,"[""76184513907290761912636659055080401703643418316153242056949287928791438454394"", ""40207448075213637709805668474726325753733020974923638056549809058860608450985""]",76184513907290761912636659055080401703643418316153242056949287928791438454394|40207448075213637709805668474726325753733020974923638056549809058860608450985,40207448075213637709805668474726325753733020974923638056549809058860608450985,No,True,0.71,15352.9,0.72,10885.52,0.715,0.010000000000000009,04cf83e3c16813b14139b6f03769a9eab280868f,0.01,5,0.280,155449.5348,2285690.028797
2026-03-05T00:48:42Z,UCL,33506,uefa-champions-league-winner,UEFA Champions League Winner ,2025-07-28T16:48:06.450445Z,566162,will-nice-win-the-202526-champions-league,Will Nice win the 2025–26 Champions League?,0x13be83c76cc4d5675864e98dd223f31ae55544e756bd820c0e2b25c2ebc38149,"[""36078493005915375352466001135871393432367547181476349286788545624046064026708"", ""47142248944716558259102963239421950721216648703892591032088229166716736318020""]",36078493005915375352466001135871393432367547181476349286788545624046064026708|47142248944716558259102963239421950721216648703892591032088229166716736318020,36078493005915375352466001135871393432367547181476349286788545624046064026708,Yes,False,,,,,,,,,,,,344379.00715
2026-03-05T00:48:42Z,UCL,33506,uefa-champions-league-winner,UEFA Champions League Winner ,2025-07-28T16:48:06.450445Z,566162,will-nice-win-the-202526-champions-league,Will Nice win the 2025–26 Champions League?,0x13be83c76cc4d5675864e98dd223f31ae55544e756bd820c0e2b25c2ebc38149,"[""36078493005915375352466001135871393432367547181476349286788545624046064026708"", ""47142248944716558259102963239421950721216648703892591032088229166716736318020""]",36078493005915375352466001135871393432367547181476349286788545624046064026708|47142248944716558259102963239421950721216648703892591032088229166716736318020,47142248944716558259102963239421950721216648703892591032088229166716736318020,No,False,,,,,,,,,,,,344379.00715
2026-03-05T00:48:42Z,UCL,33506,uefa-champions-league-winner,UEFA Champions League Winner ,2025-07-28T16:48:06.450445Z,566141,will-man-city-win-the-202526-champions-league,Will Man City win the 2025–26 Champions League?,0x453e4a52fd6e889f4895320475971bc8ed0bc427dba6108341be6abea5660c6e,"[""36058894980442135017211479622306510816996260853695318681196065390360075685530"", ""112574489854879876348403352508736279198755657572621272542900243530924839503706""]",36058894980442135017211479622306510816996260853695318681196065390360075685530|112574489854879876348403352508736279198755657572621272542900243530924839503706,36058894980442135017211479622306510816996260853695318681196065390360075685530,Yes,True,0.09,9816.91,0.1,70475.4,0.095,0.010000000000000009,b5e8fdc9b578685f0d4c24354f43fab43b0363ca,0.01,5,0.090,217363.1597,1635807.042826
2026-03-05T00:48:42Z,UCL,33506,uefa-champions-league-winner,UEFA Champions League Winner ,2025-07-28T16:48:06.450445Z,566141,will-man-city-win-the-202526-champions-league,Will Man City win the 2025–26 Champions League?,0x453e4a52fd6e889f4895320475971bc8ed0bc427dba6108341be6abea5660c6e,"[""36058894980442135017211479622306510816996260853695318681196065390360075685530"", ""112574489854879876348403352508736279198755657572621272542900243530924839503706""]",36058894980442135017211479622306510816996260853695318681196065390360075685530|112574489854879876348403352508736279198755657572621272542900243530924839503706,112574489854879876348403352508736279198755657572621272542900243530924839503706,No,True,0.9,70475.4,0.91,9816.91,0.905,0.010000000000000009,c783044aaea9d8479f9e798dd636b282f1809fdc,0.01,5,0.090,217363.1597,1635807.042826
2026-03-05T00:48:42Z,UCL,33506,uefa-champions-league-winner,UEFA Champions League Winner ,2025-07-28T16:48:06.450445Z,566151,will-dortmund-win-the-202526-champions-league,Will Dortmund win the 2025–26 Champions League?,0x64992dfd0ed5e31eaf3d2ff7f240ba16d67439f8d580d105ca29e11acf4f36d7,"[""54275533608639596532955018862196542567663670765651740883648018147929291793532"", ""4239985250370208644360888245833679243239394540329134315317169641460228211715""]",54275533608639596532955018862196542567663670765651740883648018147929291793532|4239985250370208644360888245833679243239394540329134315317169641460228211715,54275533608639596532955018862196542567663670765651740883648018147929291793532,Yes,False,,,,,,,,,,,,3784244.309109
2026-03-05T00:48:42Z,UCL,33506,uefa-champions-league-winner,UEFA Champions League Winner ,2025-07-28T16:48:06.450445Z,566151,will-dortmund-win-the-202526-champions-league,Will Dortmund win the 2025–26 Champions League?,0x64992dfd0ed5e31eaf3d2ff7f240ba16d67439f8d580d105ca29e11acf4f36d7,"[""54275533608639596532955018862196542567663670765651740883648018147929291793532"", ""4239985250370208644360888245833679243239394540329134315317169641460228211715""]",54275533608639596532955018862196542567663670765651740883648018147929291793532|4239985250370208644360888245833679243239394540329134315317169641460228211715,4239985250370208644360888245833679243239394540329134315317169641460228211715,No,False,,,,,,,,,,,,3784244.309109
2026-03-05T00:48:42Z,UCL,33506,uefa-champions-league-winner,UEFA Champions League Winner ,2025-07-28T16:48:06.450445Z,566174,will-slavia-pragu-win-the-202526-champions-league,Will Slavia Pragu win the 2025–26 Champions League?,0xe371bb4a38f3714fc1ef7a8ecdaca8a8005aecead9ec95eb5ed8184ca55a94d7,"[""101564510739658892373078552770639793245135038809362064410922020660639564617759"", ""34146754045968539016734059757762644473418677163720213182630410899169414081030""]",101564510739658892373078552770639793245135038809362064410922020660639564617759|34146754045968539016734059757762644473418677163720213182630410899169414081030,101564510739658892373078552770639793245135038809362064410922020660639564617759,Yes,False,,,,,,,,,,,,28392439.058395
2026-03-05T00:48:42Z,UCL,33506,uefa-champions-league-winner,UEFA Champions League Winner ,2025-07-28T16:48:06.450445Z,566174,will-slavia-pragu-win-the-202526-champions-league,Will Slavia Pragu win the 2025–26 Champions League?,0xe371bb4a38f3714fc1ef7a8ecdaca8a8005aecead9ec95eb5ed8184ca55a94d7,"[""101564510739658892373078552770639793245135038809362064410922020660639564617759"", ""34146754045968539016734059757762644473418677163720213182630410899169414081030""]",101564510739658892373078552770639793245135038809362064410922020660639564617759|34146754045968539016734059757762644473418677163720213182630410899169414081030,34146754045968539016734059757762644473418677163720213182630410899169414081030,No,False,,,,,,,,,,,,28392439.058395
2026-03-05T00:48:42Z,UCL,33506,uefa-champions-league-winner,UEFA Champions League Winner ,2025-07-28T16:48:06.450445Z,566183,will-team-h-win-the-202526-champions-league,Will Team H win the 2025–26 Champions League?,0x9950b0caba9b4bf930d76fda75563cccb27cf5f51a8c46eccfe307f631f222a6,"[""14462878575730109408423721841834410823779561252874091193824246909778691369466"", ""4248830884015670977305202975500309601375554974061977301502693957227222591566""]",14462878575730109408423721841834410823779561252874091193824246909778691369466|4248830884015670977305202975500309601375554974061977301502693957227222591566,14462878575730109408423721841834410823779561252874091193824246909778691369466,Yes,False,,,,,,,,,,,0,0
2026-03-05T00:48:42Z,UCL,33506,uefa-champions-league-winner,UEFA Champions League Winner ,2025-07-28T16:48:06.450445Z,566183,will-team-h-win-the-202526-champions-league,Will Team H win the 2025–26 Champions League?,0x9950b0caba9b4bf930d76fda75563cccb27cf5f51a8c46eccfe307f631f222a6,"[""14462878575730109408423721841834410823779561252874091193824246909778691369466"", ""4248830884015670977305202975500309601375554974061977301502693957227222591566""]",14462878575730109408423721841834410823779561252874091193824246909778691369466|4248830884015670977305202975500309601375554974061977301502693957227222591566,4248830884015670977305202975500309601375554974061977301502693957227222591566,No,False,,,,,,,,,,,0,0
2026-03-05T00:48:42Z,UCL,33506,uefa-champions-league-winner,UEFA Champions League Winner ,2025-07-28T16:48:06.450445Z,566142,will-bayern-munich-win-the-202526-champions-league,Will Bayern Munich win the 2025–26 Champions League?,0x852fcfca1dfa1372b768aa6df2269d20564378bb6fe9c64bba3bc040370c1efd,"[""99432401000770353406389174286851792153493338941614722624150072378970973371272"", ""46985784934245469874674051973070583024711389039998687745451745904831527332283""]",99432401000770353406389174286851792153493338941614722624150072378970973371272|46985784934245469874674051973070583024711389039998687745451745904831527332283,99432401000770353406389174286851792153493338941614722624150072378970973371272,Yes,True,0.15,20825.73,0.16,27203.97,0.155,0.010000000000000009,f5ad25425bba8636be3740e40e09f4133b36e5a4,0.01,5,0.160,487927.359,2097907.677055
2026-03-05T00:48:42Z,UCL,33506,uefa-champions-league-winner,UEFA Champions League Winner ,2025-07-28T16:48:06.450445Z,566142,will-bayern-munich-win-the-202526-champions-league,Will Bayern Munich win the 2025–26 Champions League?,0x852fcfca1dfa1372b768aa6df2269d20564378bb6fe9c64bba3bc040370c1efd,"[""99432401000770353406389174286851792153493338941614722624150072378970973371272"", ""46985784934245469874674051973070583024711389039998687745451745904831527332283""]",99432401000770353406389174286851792153493338941614722624150072378970973371272|46985784934245469874674051973070583024711389039998687745451745904831527332283,46985784934245469874674051973070583024711389039998687745451745904831527332283,No,True,0.84,27203.97,0.85,20825.73,0.845,0.010000000000000009,050ef247ac52e66283bc1aacf95a6e26e2dacae3,0.01,5,0.160,487927.359,2097907.677055
2026-03-05T00:48:42Z,UCL,33506,uefa-champions-league-winner,UEFA Champions League Winner ,2025-07-28T16:48:06.450445Z,566144,will-newcastle-win-the-202526-champions-league,Will Newcastle win the 2025–26 Champions League?,0x19c97446c3950446f29624c1361c8fc3546d4db76e07d00ca631504d45140312,"[""20974387742204158068624640187404915189376328559826429535381983865614927838941"", ""115588562834123775446146981123983138271438440893857367313502798436014961190090""]",20974387742204158068624640187404915189376328559826429535381983865614927838941|115588562834123775446146981123983138271438440893857367313502798436014961190090,20974387742204158068624640187404915189376328559826429535381983865614927838941,Yes,True,0.019,6068.07,0.02,75840.47,0.0195,0.0010000000000000009,5b25553d9d7423afdb1f2f53a3bac61920bf7c4c,0.001,5,0.020,758057.81129,2929713.26693
2026-03-05T00:48:42Z,UCL,33506,uefa-champions-league-winner,UEFA Champions League Winner ,2025-07-28T16:48:06.450445Z,566144,will-newcastle-win-the-202526-champions-league,Will Newcastle win the 2025–26 Champions League?,0x19c97446c3950446f29624c1361c8fc3546d4db76e07d00ca631504d45140312,"[""20974387742204158068624640187404915189376328559826429535381983865614927838941"", ""115588562834123775446146981123983138271438440893857367313502798436014961190090""]",20974387742204158068624640187404915189376328559826429535381983865614927838941|115588562834123775446146981123983138271438440893857367313502798436014961190090,115588562834123775446146981123983138271438440893857367313502798436014961190090,No,True,0.98,75840.47,0.981,6068.07,0.9804999999999999,0.0010000000000000009,80f926f4029cde142827e3d3440fb0d755068754,0.001,5,0.020,758057.81129,2929713.26693
2026-03-05T00:48:42Z,UCL,33506,uefa-champions-league-winner,UEFA Champions League Winner ,2025-07-28T16:48:06.450445Z,566165,will-galatasaray-win-the-202526-champions-league,Will Galatasaray win the 2025–26 Champions League?,0xe64a95a022a9012b0e5cba0c4c3c8e81caf10f7dd5a091c24714ed154e02c13c,"[""69295864960333425952597016082425376902328320732380315285658062333058942845721"", ""100549304369162677944649288812424315756538998627108177229733233695646624190040""]",69295864960333425952597016082425376902328320732380315285658062333058942845721|100549304369162677944649288812424315756538998627108177229733233695646624190040,69295864960333425952597016082425376902328320732380315285658062333058942845721,Yes,True,0.007,80944.03,0.008,51533.29,0.0075,0.001,50550d5fad2d6e01ac1873fdb1b20bc9451d9007,0.001,5,0.007,227335.11886,9799921.698073
2026-03-05T00:48:42Z,UCL,33506,uefa-champions-league-winner,UEFA Champions League Winner ,2025-07-28T16:48:06.450445Z,566165,will-galatasaray-win-the-202526-champions-league,Will Galatasaray win the 2025–26 Champions League?,0xe64a95a022a9012b0e5cba0c4c3c8e81caf10f7dd5a091c24714ed154e02c13c,"[""69295864960333425952597016082425376902328320732380315285658062333058942845721"", ""100549304369162677944649288812424315756538998627108177229733233695646624190040""]",69295864960333425952597016082425376902328320732380315285658062333058942845721|100549304369162677944649288812424315756538998627108177229733233695646624190040,100549304369162677944649288812424315756538998627108177229733233695646624190040,No,True,0.992,51533.29,0.993,80944.03,0.9924999999999999,0.0010000000000000009,3326022f31b890aa38a8219613d289d3f1cc5efc,0.001,5,0.007,227335.11886,9799921.698073
2026-03-05T00:48:42Z,UCL,33506,uefa-champions-league-winner,UEFA Champions League Winner ,2025-07-28T16:48:06.450445Z,566146,will-atletico-madrid-win-the-202526-champions-league,Will Atletico Madrid win the 2025–26 Champions League?,0xcb06319aa9e029904c93c1df7d10b7ce7d6aab2b25b8f661e0cf57ea048a1567,"[""39199930181061027002976945656289590914091865583643541107948177704448092689848"", ""27446117479784640697574527032292820989191318340119712250294208229142056414640""]",39199930181061027002976945656289590914091865583643541107948177704448092689848|27446117479784640697574527032292820989191318340119712250294208229142056414640,39199930181061027002976945656289590914091865583643541107948177704448092689848,Yes,True,0.03,2513.32,0.031,5201.66,0.0305,0.0010000000000000009,f6bd93badb63235afc055dd379e50c18df37e52c,0.001,5,0.031,349414.07087,4429957.899115
2026-03-05T00:48:42Z,UCL,33506,uefa-champions-league-winner,UEFA Champions League Winner ,2025-07-28T16:48:06.450445Z,566146,will-atletico-madrid-win-the-202526-champions-league,Will Atletico Madrid win the 2025–26 Champions League?,0xcb06319aa9e029904c93c1df7d10b7ce7d6aab2b25b8f661e0cf57ea048a1567,"[""39199930181061027002976945656289590914091865583643541107948177704448092689848"", ""27446117479784640697574527032292820989191318340119712250294208229142056414640""]",39199930181061027002976945656289590914091865583643541107948177704448092689848|27446117479784640697574527032292820989191318340119712250294208229142056414640,27446117479784640697574527032292820989191318340119712250294208229142056414640,No,True,0.969,5201.66,0.97,2513.32,0.9695,0.0010000000000000009,bddab0ab872e0a1fbd12c99d7c55f5643448a205,0.001,5,0.031,349414.07087,4429957.899115
2026-03-05T00:48:42Z,UCL,33506,uefa-champions-league-winner,UEFA Champions League Winner ,2025-07-28T16:48:06.450445Z,566147,will-napoli-win-the-202526-champions-league,Will Napoli win the 2025–26 Champions League?,0x7bd85b3f517c51a036127fd585193e811754662a33e0657fae6f2dee09755c39,"[""113386447504176442223121458623547151021227929280920380433637789216784424825801"", ""113753834420626426489086669834410871414747105447808165698067606682083475322079""]",113386447504176442223121458623547151021227929280920380433637789216784424825801|113753834420626426489086669834410871414747105447808165698067606682083475322079,113386447504176442223121458623547151021227929280920380433637789216784424825801,Yes,False,,,,,,,,,,,,2082121.876578
2026-03-05T00:48:42Z,UCL,33506,uefa-champions-league-winner,UEFA Champions League Winner ,2025-07-28T16:48:06.450445Z,566147,will-napoli-win-the-202526-champions-league,Will Napoli win the 2025–26 Champions League?,0x7bd85b3f517c51a036127fd585193e811754662a33e0657fae6f2dee09755c39,"[""113386447504176442223121458623547151021227929280920380433637789216784424825801"", ""113753834420626426489086669834410871414747105447808165698067606682083475322079""]",113386447504176442223121458623547151021227929280920380433637789216784424825801|113753834420626426489086669834410871414747105447808165698067606682083475322079,113753834420626426489086669834410871414747105447808165698067606682083475322079,No,False,,,,,,,,,,,,2082121.876578
2026-03-05T00:48:42Z,UCL,33506,uefa-champions-league-winner,UEFA Champions League Winner ,2025-07-28T16:48:06.450445Z,566149,will-tottenham-win-the-202526-champions-league,Will Tottenham win the 2025–26 Champions League?,0x2571face33de8d5c3541fb569c10af59bb80fa909e1469af1c35919803943ea6,"[""43056875374313905973832907529403631296135811407462538380159199626529592941277"", ""65810667047011144327728455443307199531009544684982457609131541566841564674781""]",43056875374313905973832907529403631296135811407462538380159199626529592941277|65810667047011144327728455443307199531009544684982457609131541566841564674781,43056875374313905973832907529403631296135811407462538380159199626529592941277,Yes,True,0.017,1576.38,0.018,5894.18,0.0175,0.0009999999999999974,e57714174a694e5df8bcfb0700cf0eaddf0d3ab5,0.001,5,0.018,539198.14392,8860481.736532
2026-03-05T00:48:42Z,UCL,33506,uefa-champions-league-winner,UEFA Champions League Winner ,2025-07-28T16:48:06.450445Z,566149,will-tottenham-win-the-202526-champions-league,Will Tottenham win the 2025–26 Champions League?,0x2571face33de8d5c3541fb569c10af59bb80fa909e1469af1c35919803943ea6,"[""43056875374313905973832907529403631296135811407462538380159199626529592941277"", ""65810667047011144327728455443307199531009544684982457609131541566841564674781""]",43056875374313905973832907529403631296135811407462538380159199626529592941277|65810667047011144327728455443307199531009544684982457609131541566841564674781,65810667047011144327728455443307199531009544684982457609131541566841564674781,No,True,0.982,5894.18,0.983,1576.38,0.9824999999999999,0.0010000000000000009,bacfdcdb07e77726f607b737bf48f15fc85fba98,0.001,5,0.018,539198.14392,8860481.736532
2026-03-05T00:48:42Z,UCL,33506,uefa-champions-league-winner,UEFA Champions League Winner ,2025-07-28T16:48:06.450445Z,566150,will-leverkusen-win-the-202526-champions-league,Will Leverkusen win the 2025–26 Champions League?,0x03ea417a6e1705498427bbe8fd89b922664db3020f196595d5c2a88826c7434c,"[""52573332212624920803134176585325859750004424271300789746166939801263546424199"", ""54288254310839006245201217334074992898039221641789000270404414089297461110375""]",52573332212624920803134176585325859750004424271300789746166939801263546424199|54288254310839006245201217334074992898039221641789000270404414089297461110375,52573332212624920803134176585325859750004424271300789746166939801263546424199,Yes,True,0.006,170994.4,0.007,104799.13,0.006500000000000001,0.001,5f47cde003223fb27de0dcb403bb232657955c78,0.001,5,0.007,526494.36205,10404326.728132
2026-03-05T00:48:42Z,UCL,33506,uefa-champions-league-winner,UEFA Champions League Winner ,2025-07-28T16:48:06.450445Z,566150,will-leverkusen-win-the-202526-champions-league,Will Leverkusen win the 2025–26 Champions League?,0x03ea417a6e1705498427bbe8fd89b922664db3020f196595d5c2a88826c7434c,"[""52573332212624920803134176585325859750004424271300789746166939801263546424199"", ""54288254310839006245201217334074992898039221641789000270404414089297461110375""]",52573332212624920803134176585325859750004424271300789746166939801263546424199|54288254310839006245201217334074992898039221641789000270404414089297461110375,54288254310839006245201217334074992898039221641789000270404414089297461110375,No,True,0.993,104799.13,0.994,170994.4,0.9935,0.0010000000000000009,70ed02e4ea7158f6710a27020923b9069266bc71,0.001,5,0.007,526494.36205,10404326.728132
2026-03-05T00:48:42Z,UCL,33506,uefa-champions-league-winner,UEFA Champions League Winner ,2025-07-28T16:48:06.450445Z,566152,will-atalanta-win-the-202526-champions-league,Will Atalanta win the 2025–26 Champions League?,0xf9d58b904a94f0431d5bee7070650a305566927b3f7bf00f8529e20c9a99a6d4,"[""110744751097176596240040438772217801257447554009105101069887748928186140599293"", ""21944894353965897951603275348219343854238849215840619102823032771992655122234""]",110744751097176596240040438772217801257447554009105101069887748928186140599293|21944894353965897951603275348219343854238849215840619102823032771992655122234,110744751097176596240040438772217801257447554009105101069887748928186140599293,Yes,True,0.005,228093.26,0.006,81995.53,0.0055,0.001,9c4783a9a5007b44f30d4648ffcf77d3f76181fc,0.001,5,0.005,645594.84147,8925471.347698
2026-03-05T00:48:42Z,UCL,33506,uefa-champions-league-winner,UEFA Champions League Winner ,2025-07-28T16:48:06.450445Z,566152,will-atalanta-win-the-202526-champions-league,Will Atalanta win the 2025–26 Champions League?,0xf9d58b904a94f0431d5bee7070650a305566927b3f7bf00f8529e20c9a99a6d4,"[""110744751097176596240040438772217801257447554009105101069887748928186140599293"", ""21944894353965897951603275348219343854238849215840619102823032771992655122234""]",110744751097176596240040438772217801257447554009105101069887748928186140599293|21944894353965897951603275348219343854238849215840619102823032771992655122234,21944894353965897951603275348219343854238849215840619102823032771992655122234,No,True,0.994,81995.53,0.995,228093.26,0.9944999999999999,0.0010000000000000009,2ebb424fa1b938a8962df63280f84b98acbe791b,0.001,5,0.005,645594.84147,8925471.347698
2026-03-05T00:48:42Z,UCL,33506,uefa-champions-league-winner,UEFA Champions League Winner ,2025-07-28T16:48:06.450445Z,566153,will-athletic-club-win-the-202526-champions-league,Will Athletic Club win the 2025–26 Champions League?,0xafb35c067db349948912b0c7443a9837ff9cbfacb9bb952a9cc64081f9c792de,"[""45581647169485622951067728749459881959209909152931448118923981417273529329456"", ""101264163544692975734476704096614714686704159151741493681812911782369649789289""]",45581647169485622951067728749459881959209909152931448118923981417273529329456|101264163544692975734476704096614714686704159151741493681812911782369649789289,45581647169485622951067728749459881959209909152931448118923981417273529329456,Yes,False,,,,,,,,,,,,11867413.991408
2026-03-05T00:48:42Z,UCL,33506,uefa-champions-league-winner,UEFA Champions League Winner ,2025-07-28T16:48:06.450445Z,566153,will-athletic-club-win-the-202526-champions-league,Will Athletic Club win the 2025–26 Champions League?,0xafb35c067db349948912b0c7443a9837ff9cbfacb9bb952a9cc64081f9c792de,"[""45581647169485622951067728749459881959209909152931448118923981417273529329456"", ""101264163544692975734476704096614714686704159151741493681812911782369649789289""]",45581647169485622951067728749459881959209909152931448118923981417273529329456|101264163544692975734476704096614714686704159151741493681812911782369649789289,101264163544692975734476704096614714686704159151741493681812911782369649789289,No,False,,,,,,,,,,,,11867413.991408
2026-03-05T00:48:42Z,UCL,33506,uefa-champions-league-winner,UEFA Champions League Winner ,2025-07-28T16:48:06.450445Z,566155,will-villarreal-win-the-202526-champions-league,Will Villarreal win the 2025–26 Champions League?,0xca0ce5347ab5282bc62bd666f532ffda671ee077dc32219313f545b7e702e33f,"[""20155560878794739053867236360742085290524070637340176924275745589437669214927"", ""74840349204550494545526544369612479696605734739620821995894424717375629643515""]",20155560878794739053867236360742085290524070637340176924275745589437669214927|74840349204550494545526544369612479696605734739620821995894424717375629643515,20155560878794739053867236360742085290524070637340176924275745589437669214927,Yes,False,,,,,,,,,,,,7892075.764682
2026-03-05T00:48:42Z,UCL,33506,uefa-champions-league-winner,UEFA Champions League Winner ,2025-07-28T16:48:06.450445Z,566155,will-villarreal-win-the-202526-champions-league,Will Villarreal win the 2025–26 Champions League?,0xca0ce5347ab5282bc62bd666f532ffda671ee077dc32219313f545b7e702e33f,"[""20155560878794739053867236360742085290524070637340176924275745589437669214927"", ""74840349204550494545526544369612479696605734739620821995894424717375629643515""]",20155560878794739053867236360742085290524070637340176924275745589437669214927|74840349204550494545526544369612479696605734739620821995894424717375629643515,74840349204550494545526544369612479696605734739620821995894424717375629643515,No,False,,,,,,,,,,,,7892075.764682
2026-03-05T00:48:42Z,UCL,33506,uefa-champions-league-winner,UEFA Champions League Winner ,2025-07-28T16:48:06.450445Z,566156,will-eintracht-frankfurt-win-the-202526-champions-league,Will Eintracht Frankfurt win the 2025–26 Champions League?,0x5dac59c04086e3921abc98c1f3b4a1e6a3f4962d8d8869a5e91b58df46b081a1,"[""44502295640052453453468528567471773374460585047835570107312208548251730550687"", ""83316976161831693573840345495338523786007025564748328551038035339165233283009""]",44502295640052453453468528567471773374460585047835570107312208548251730550687|83316976161831693573840345495338523786007025564748328551038035339165233283009,44502295640052453453468528567471773374460585047835570107312208548251730550687,Yes,False,,,,,,,,,,,,7817714.745721
2026-03-05T00:48:42Z,UCL,33506,uefa-champions-league-winner,UEFA Champions League Winner ,2025-07-28T16:48:06.450445Z,566156,will-eintracht-frankfurt-win-the-202526-champions-league,Will Eintracht Frankfurt win the 2025–26 Champions League?,0x5dac59c04086e3921abc98c1f3b4a1e6a3f4962d8d8869a5e91b58df46b081a1,"[""44502295640052453453468528567471773374460585047835570107312208548251730550687"", ""83316976161831693573840345495338523786007025564748328551038035339165233283009""]",44502295640052453453468528567471773374460585047835570107312208548251730550687|83316976161831693573840345495338523786007025564748328551038035339165233283009,83316976161831693573840345495338523786007025564748328551038035339165233283009,No,False,,,,,,,,,,,,7817714.745721
2026-03-05T00:48:42Z,UCL,33506,uefa-champions-league-winner,UEFA Champions League Winner ,2025-07-28T16:48:06.450445Z,566167,will-olympiakos-win-the-202526-champions-league,Will Olympiakos win the 2025–26 Champions League?,0x7e6021ad37547bbec1c6193df617be4ecbb0693d48bd8bb2d57bc290708335f8,"[""39554564777734449159113369155925961418775154448775340140622706142513548632046"", ""46948529410162574338604849441677535355244685495315049291453823664074463952614""]",39554564777734449159113369155925961418775154448775340140622706142513548632046|46948529410162574338604849441677535355244685495315049291453823664074463952614,39554564777734449159113369155925961418775154448775340140622706142513548632046,Yes,False,,,,,,,,,,,,21360158.2305
2026-03-05T00:48:42Z,UCL,33506,uefa-champions-league-winner,UEFA Champions League Winner ,2025-07-28T16:48:06.450445Z,566167,will-olympiakos-win-the-202526-champions-league,Will Olympiakos win the 2025–26 Champions League?,0x7e6021ad37547bbec1c6193df617be4ecbb0693d48bd8bb2d57bc290708335f8,"[""39554564777734449159113369155925961418775154448775340140622706142513548632046"", ""46948529410162574338604849441677535355244685495315049291453823664074463952614""]",39554564777734449159113369155925961418775154448775340140622706142513548632046|46948529410162574338604849441677535355244685495315049291453823664074463952614,46948529410162574338604849441677535355244685495315049291453823664074463952614,No,False,,,,,,,,,,,,21360158.2305
2026-03-05T00:48:42Z,UCL,33506,uefa-champions-league-winner,UEFA Champions League Winner ,2025-07-28T16:48:06.450445Z,566157,will-monaco-win-the-202526-champions-league,Will Monaco win the 2025–26 Champions League?,0x9552060b91cc7502f17dcfd0dd5dbfc01d7eb5be48a853cde4e2b66227e5e030,"[""92365353909273296718211879903004356158727076297140954697193316168974948329972"", ""91710677524925475036413359162474134935219615854940539905937421391373571147534""]",92365353909273296718211879903004356158727076297140954697193316168974948329972|91710677524925475036413359162474134935219615854940539905937421391373571147534,92365353909273296718211879903004356158727076297140954697193316168974948329972,Yes,False,,,,,,,,,,,,9616642.535204
2026-03-05T00:48:42Z,UCL,33506,uefa-champions-league-winner,UEFA Champions League Winner ,2025-07-28T16:48:06.450445Z,566157,will-monaco-win-the-202526-champions-league,Will Monaco win the 2025–26 Champions League?,0x9552060b91cc7502f17dcfd0dd5dbfc01d7eb5be48a853cde4e2b66227e5e030,"[""92365353909273296718211879903004356158727076297140954697193316168974948329972"", ""91710677524925475036413359162474134935219615854940539905937421391373571147534""]",92365353909273296718211879903004356158727076297140954697193316168974948329972|91710677524925475036413359162474134935219615854940539905937421391373571147534,91710677524925475036413359162474134935219615854940539905937421391373571147534,No,False,,,,,,,,,,,,9616642.535204
2026-03-05T00:48:42Z,UCL,33506,uefa-champions-league-winner,UEFA Champions League Winner ,2025-07-28T16:48:06.450445Z,566161,will-celtic-win-the-202526-champions-league,Will Celtic win the 2025–26 Champions League?,0x46b1db240a750bf43b46a6fe15ab771e21cb5951876f54086d23a45df0a53e1c,"[""114276008689329576762086582788629506844338419805813739172521334990216491585549"", ""5882253997080656450173518100121766143655488711244678454951506916447849817860""]",114276008689329576762086582788629506844338419805813739172521334990216491585549|5882253997080656450173518100121766143655488711244678454951506916447849817860,114276008689329576762086582788629506844338419805813739172521334990216491585549,Yes,False,,,,,,,,,,,,70447.384549
2026-03-05T00:48:42Z,UCL,33506,uefa-champions-league-winner,UEFA Champions League Winner ,2025-07-28T16:48:06.450445Z,566161,will-celtic-win-the-202526-champions-league,Will Celtic win the 2025–26 Champions League?,0x46b1db240a750bf43b46a6fe15ab771e21cb5951876f54086d23a45df0a53e1c,"[""114276008689329576762086582788629506844338419805813739172521334990216491585549"", ""5882253997080656450173518100121766143655488711244678454951506916447849817860""]",114276008689329576762086582788629506844338419805813739172521334990216491585549|5882253997080656450173518100121766143655488711244678454951506916447849817860,5882253997080656450173518100121766143655488711244678454951506916447849817860,No,False,,,,,,,,,,,,70447.384549
2026-03-05T00:48:42Z,UCL,33506,uefa-champions-league-winner,UEFA Champions League Winner ,2025-07-28T16:48:06.450445Z,566182,will-team-g-win-the-202526-champions-league,Will Team G win the 2025–26 Champions League?,0xe89e166668d4d7a06b691c1d7b0c7ddc5f2b699028b918cb8a64f3fcba7fc95f,"[""105964687855932662621652279993435306401844112042837204048391437048226192337731"", ""114863252409367170131859619227970200002116578100295637871924176564711201561457""]",105964687855932662621652279993435306401844112042837204048391437048226192337731|114863252409367170131859619227970200002116578100295637871924176564711201561457,105964687855932662621652279993435306401844112042837204048391437048226192337731,Yes,False,,,,,,,,,,,0,0
2026-03-05T00:48:42Z,UCL,33506,uefa-champions-league-winner,UEFA Champions League Winner ,2025-07-28T16:48:06.450445Z,566182,will-team-g-win-the-202526-champions-league,Will Team G win the 2025–26 Champions League?,0xe89e166668d4d7a06b691c1d7b0c7ddc5f2b699028b918cb8a64f3fcba7fc95f,"[""105964687855932662621652279993435306401844112042837204048391437048226192337731"", ""114863252409367170131859619227970200002116578100295637871924176564711201561457""]",105964687855932662621652279993435306401844112042837204048391437048226192337731|114863252409367170131859619227970200002116578100295637871924176564711201561457,114863252409367170131859619227970200002116578100295637871924176564711201561457,No,False,,,,,,,,,,,0,0
2026-03-05T00:48:42Z,UCL,33506,uefa-champions-league-winner,UEFA Champions League Winner ,2025-07-28T16:48:06.450445Z,566163,will-ajax-win-the-202526-champions-league,Will Ajax win the 2025–26 Champions League?,0x5084907f4caed11fff6f029ecd5d66bf24f3afbf970352c0964b547a9079a374,"[""66238210867796580736743244025112266394072009200933232862297072953655148165016"", ""18491832759883472528052920586615186501076720389035092804420992035191801268891""]",66238210867796580736743244025112266394072009200933232862297072953655148165016|18491832759883472528052920586615186501076720389035092804420992035191801268891,66238210867796580736743244025112266394072009200933232862297072953655148165016,Yes,False,,,,,,,,,,,,13373490.72009
2026-03-05T00:48:42Z,UCL,33506,uefa-champions-league-winner,UEFA Champions League Winner ,2025-07-28T16:48:06.450445Z,566163,will-ajax-win-the-202526-champions-league,Will Ajax win the 2025–26 Champions League?,0x5084907f4caed11fff6f029ecd5d66bf24f3afbf970352c0964b547a9079a374,"[""66238210867796580736743244025112266394072009200933232862297072953655148165016"", ""18491832759883472528052920586615186501076720389035092804420992035191801268891""]",66238210867796580736743244025112266394072009200933232862297072953655148165016|18491832759883472528052920586615186501076720389035092804420992035191801268891,18491832759883472528052920586615186501076720389035092804420992035191801268891,No,False,,,,,,,,,,,,13373490.72009
2026-03-05T00:48:42Z,UCL,33506,uefa-champions-league-winner,UEFA Champions League Winner ,2025-07-28T16:48:06.450445Z,566166,will-union-saint-gilloise-win-the-202526-champions-league,Will Union Saint-Gilloise win the 2025–26 Champions League?,0xb7d6b207e1db1e7ea07a7fb37cfd42847f64f0efb0c4dc2af25b0fdd5cee1066,"[""88649172527907989620879114192231078945535857485421163231800246014567503500944"", ""8530723144410488573227621851575969317510697903783455903927607049155629901235""]",88649172527907989620879114192231078945535857485421163231800246014567503500944|8530723144410488573227621851575969317510697903783455903927607049155629901235,88649172527907989620879114192231078945535857485421163231800246014567503500944,Yes,False,,,,,,,,,,,,12756397.600714
2026-03-05T00:48:42Z,UCL,33506,uefa-champions-league-winner,UEFA Champions League Winner ,2025-07-28T16:48:06.450445Z,566166,will-union-saint-gilloise-win-the-202526-champions-league,Will Union Saint-Gilloise win the 2025–26 Champions League?,0xb7d6b207e1db1e7ea07a7fb37cfd42847f64f0efb0c4dc2af25b0fdd5cee1066,"[""88649172527907989620879114192231078945535857485421163231800246014567503500944"", ""8530723144410488573227621851575969317510697903783455903927607049155629901235""]",88649172527907989620879114192231078945535857485421163231800246014567503500944|8530723144410488573227621851575969317510697903783455903927607049155629901235,8530723144410488573227621851575969317510697903783455903927607049155629901235,No,False,,,,,,,,,,,,12756397.600714
2026-03-05T00:48:42Z,UCL,33506,uefa-champions-league-winner,UEFA Champions League Winner ,2025-07-28T16:48:06.450445Z,566168,will-rangers-win-the-202526-champions-league,Will Rangers win the 2025–26 Champions League?,0x51cec7d4fc4de0ec5603d4fb8514cfa78bec6a8d730fc56bca6c14e28b06c1c1,"[""91913476577612035649233126140502940193513852820986709593382572357760454962564"", ""87401242060944888603550501862817218691893437856853540689904190791575000258157""]",91913476577612035649233126140502940193513852820986709593382572357760454962564|87401242060944888603550501862817218691893437856853540689904190791575000258157,91913476577612035649233126140502940193513852820986709593382572357760454962564,Yes,False,,,,,,,,,,,,66427.940987
2026-03-05T00:48:42Z,UCL,33506,uefa-champions-league-winner,UEFA Champions League Winner ,2025-07-28T16:48:06.450445Z,566168,will-rangers-win-the-202526-champions-league,Will Rangers win the 2025–26 Champions League?,0x51cec7d4fc4de0ec5603d4fb8514cfa78bec6a8d730fc56bca6c14e28b06c1c1,"[""91913476577612035649233126140502940193513852820986709593382572357760454962564"", ""87401242060944888603550501862817218691893437856853540689904190791575000258157""]",91913476577612035649233126140502940193513852820986709593382572357760454962564|87401242060944888603550501862817218691893437856853540689904190791575000258157,87401242060944888603550501862817218691893437856853540689904190791575000258157,No,False,,,,,,,,,,,,66427.940987
2026-03-05T00:48:42Z,UCL,33506,uefa-champions-league-winner,UEFA Champions League Winner ,2025-07-28T16:48:06.450445Z,566169,will-fenerbahce-win-the-202526-champions-league,Will Fenerbahce win the 2025–26 Champions League?,0xab1fb73a265efde347f9774ebb4a8b68241b43f47bb03dd0db8937cdd8dc498b,"[""2049351639580049533405868558915851371528391304573174142020395477517859283294"", ""64322019395588777551634820031378976412458799626056873808259108856814491545377""]",2049351639580049533405868558915851371528391304573174142020395477517859283294|64322019395588777551634820031378976412458799626056873808259108856814491545377,2049351639580049533405868558915851371528391304573174142020395477517859283294,Yes,False,,,,,,,,,,,0,90340.440239
2026-03-05T00:48:42Z,UCL,33506,uefa-champions-league-winner,UEFA Champions League Winner ,2025-07-28T16:48:06.450445Z,566169,will-fenerbahce-win-the-202526-champions-league,Will Fenerbahce win the 2025–26 Champions League?,0xab1fb73a265efde347f9774ebb4a8b68241b43f47bb03dd0db8937cdd8dc498b,"[""2049351639580049533405868558915851371528391304573174142020395477517859283294"", ""64322019395588777551634820031378976412458799626056873808259108856814491545377""]",2049351639580049533405868558915851371528391304573174142020395477517859283294|64322019395588777551634820031378976412458799626056873808259108856814491545377,64322019395588777551634820031378976412458799626056873808259108856814491545377,No,False,,,,,,,,,,,0,90340.440239
2026-03-05T00:48:42Z,UCL,33506,uefa-champions-league-winner,UEFA Champions League Winner ,2025-07-28T16:48:06.450445Z,566171,will-basel-win-the-202526-champions-league,Will Basel win the 2025–26 Champions League?,0x83f89ac713d2db49689d04e97ef0b1b1aea95bcb7fda87bf06c79c2cb2f28469,"[""70851618102595700525222065641083332144122412910516986707716379654126945256832"", ""80331004762163944299982267791592175029456054741893621171078968875373643994409""]",70851618102595700525222065641083332144122412910516986707716379654126945256832|80331004762163944299982267791592175029456054741893621171078968875373643994409,70851618102595700525222065641083332144122412910516986707716379654126945256832,Yes,False,,,,,,,,,,,,97156.974572
2026-03-05T00:48:42Z,UCL,33506,uefa-champions-league-winner,UEFA Champions League Winner ,2025-07-28T16:48:06.450445Z,566171,will-basel-win-the-202526-champions-league,Will Basel win the 2025–26 Champions League?,0x83f89ac713d2db49689d04e97ef0b1b1aea95bcb7fda87bf06c79c2cb2f28469,"[""70851618102595700525222065641083332144122412910516986707716379654126945256832"", ""80331004762163944299982267791592175029456054741893621171078968875373643994409""]",70851618102595700525222065641083332144122412910516986707716379654126945256832|80331004762163944299982267791592175029456054741893621171078968875373643994409,80331004762163944299982267791592175029456054741893621171078968875373643994409,No,False,,,,,,,,,,,,97156.974572
2026-03-05T00:48:42Z,UCL,33506,uefa-champions-league-winner,UEFA Champions League Winner ,2025-07-28T16:48:06.450445Z,566172,will-bodo-glimt-win-the-202526-champions-league,Will Bodo Glimt win the 2025–26 Champions League?,0x04b1198c2a888f4d162cc5eea844b2f67a80e684d37d8e75bbcde2fc2d06755b,"[""62582575185741601914570060329560489452594281062505278063937336145989216796217"", ""42256377489275961318725099478818786100179340185057752937112043662235323118766""]",62582575185741601914570060329560489452594281062505278063937336145989216796217|42256377489275961318725099478818786100179340185057752937112043662235323118766,62582575185741601914570060329560489452594281062505278063937336145989216796217,Yes,True,0.019,1000.0,0.02,5800.0,0.0195,0.0010000000000000009,3eea16cf6b5b542ec980340bdda47cd2e7f51a5d,0.001,5,0.018,262976.89748,11468508.583586
2026-03-05T00:48:42Z,UCL,33506,uefa-champions-league-winner,UEFA Champions League Winner ,2025-07-28T16:48:06.450445Z,566172,will-bodo-glimt-win-the-202526-champions-league,Will Bodo Glimt win the 2025–26 Champions League?,0x04b1198c2a888f4d162cc5eea844b2f67a80e684d37d8e75bbcde2fc2d06755b,"[""62582575185741601914570060329560489452594281062505278063937336145989216796217"", ""42256377489275961318725099478818786100179340185057752937112043662235323118766""]",62582575185741601914570060329560489452594281062505278063937336145989216796217|42256377489275961318725099478818786100179340185057752937112043662235323118766,42256377489275961318725099478818786100179340185057752937112043662235323118766,No,True,0.98,5800.0,0.981,1000.0,0.9804999999999999,0.0010000000000000009,5a72ff85bceccf101053c37a9d8609d42b604b3a,0.001,5,0.018,262976.89748,11468508.583586
2026-03-05T00:48:42Z,UCL,33506,uefa-champions-league-winner,UEFA Champions League Winner ,2025-07-28T16:48:06.450445Z,566173,will-sturm-graz-win-the-202526-champions-league,Will Sturm Graz win the 2025–26 Champions League?,0x08bb8b05a7827175a3c36686bbfaaa64d2481ae14e5d2f0b38533952a26d298a,"[""14836345195696748004952172451932599490684048244001454619724357169841418786954"", ""115267640077908442562893405606966361185963289983634493848909992897555498882474""]",14836345195696748004952172451932599490684048244001454619724357169841418786954|115267640077908442562893405606966361185963289983634493848909992897555498882474,14836345195696748004952172451932599490684048244001454619724357169841418786954,Yes,False,,,,,,,,,,,0,73689.434072
2026-03-05T00:48:42Z,UCL,33506,uefa-champions-league-winner,UEFA Champions League Winner ,2025-07-28T16:48:06.450445Z,566173,will-sturm-graz-win-the-202526-champions-league,Will Sturm Graz win the 2025–26 Champions League?,0x08bb8b05a7827175a3c36686bbfaaa64d2481ae14e5d2f0b38533952a26d298a,"[""14836345195696748004952172451932599490684048244001454619724357169841418786954"", ""115267640077908442562893405606966361185963289983634493848909992897555498882474""]",14836345195696748004952172451932599490684048244001454619724357169841418786954|115267640077908442562893405606966361185963289983634493848909992897555498882474,115267640077908442562893405606966361185963289983634493848909992897555498882474,No,False,,,,,,,,,,,0,73689.434072
2026-03-05T00:48:42Z,UCL,33506,uefa-champions-league-winner,UEFA Champions League Winner ,2025-07-28T16:48:06.450445Z,566175,will-any-other-team-win-the-202526-champions-league,Will Any Other Team win the 2025–26 Champions League?,0x5d8330adf3b2ce4f40e5b85a41ca7c1e542b19aa310ededd2bca2d9763b3ce0f,"[""80531071331263012990191812366009377518805686031192948878201246821619505065609"", ""85842065375267583148367765383791056795641428377825701427529766300888881209118""]",80531071331263012990191812366009377518805686031192948878201246821619505065609|85842065375267583148367765383791056795641428377825701427529766300888881209118,80531071331263012990191812366009377518805686031192948878201246821619505065609,Yes,False,,,,,,,,,,,0,0
2026-03-05T00:48:42Z,UCL,33506,uefa-champions-league-winner,UEFA Champions League Winner ,2025-07-28T16:48:06.450445Z,566175,will-any-other-team-win-the-202526-champions-league,Will Any Other Team win the 2025–26 Champions League?,0x5d8330adf3b2ce4f40e5b85a41ca7c1e542b19aa310ededd2bca2d9763b3ce0f,"[""80531071331263012990191812366009377518805686031192948878201246821619505065609"", ""85842065375267583148367765383791056795641428377825701427529766300888881209118""]",80531071331263012990191812366009377518805686031192948878201246821619505065609|85842065375267583148367765383791056795641428377825701427529766300888881209118,85842065375267583148367765383791056795641428377825701427529766300888881209118,No,False,,,,,,,,,,,0,0
2026-03-05T00:48:42Z,UCL,33506,uefa-champions-league-winner,UEFA Champions League Winner ,2025-07-28T16:48:06.450445Z,566177,will-team-b-win-the-202526-champions-league,Will Team B win the 2025–26 Champions League?,0x5ec36b27457c513705f2856689c72decb67151a63a265aa2ef62037e698605fc,"[""4673079408976118107887674218450891143094456853886765358731460941853479133568"", ""95504573602545051861247740458265427031664026063550204033543451955735625521681""]",4673079408976118107887674218450891143094456853886765358731460941853479133568|95504573602545051861247740458265427031664026063550204033543451955735625521681,4673079408976118107887674218450891143094456853886765358731460941853479133568,Yes,False,,,,,,,,,,,0,0
2026-03-05T00:48:42Z,UCL,33506,uefa-champions-league-winner,UEFA Champions League Winner ,2025-07-28T16:48:06.450445Z,566177,will-team-b-win-the-202526-champions-league,Will Team B win the 2025–26 Champions League?,0x5ec36b27457c513705f2856689c72decb67151a63a265aa2ef62037e698605fc,"[""4673079408976118107887674218450891143094456853886765358731460941853479133568"", ""95504573602545051861247740458265427031664026063550204033543451955735625521681""]",4673079408976118107887674218450891143094456853886765358731460941853479133568|95504573602545051861247740458265427031664026063550204033543451955735625521681,95504573602545051861247740458265427031664026063550204033543451955735625521681,No,False,,,,,,,,,,,0,0
2026-03-05T00:48:42Z,UCL,33506,uefa-champions-league-winner,UEFA Champions League Winner ,2025-07-28T16:48:06.450445Z,566179,will-team-d-win-the-202526-champions-league,Will Team D win the 2025–26 Champions League?,0x0dce52e718704115bc1d3930bd5781c69ada7d16a574ead9f5b2e60d47572b06,"[""39259701626392073955986970165590267176708531331893914961597359731598482942618"", ""13318648989334231316544833089375455656209815961137304809924606191244579788744""]",39259701626392073955986970165590267176708531331893914961597359731598482942618|13318648989334231316544833089375455656209815961137304809924606191244579788744,39259701626392073955986970165590267176708531331893914961597359731598482942618,Yes,False,,,,,,,,,,,0,0
2026-03-05T00:48:42Z,UCL,33506,uefa-champions-league-winner,UEFA Champions League Winner ,2025-07-28T16:48:06.450445Z,566179,will-team-d-win-the-202526-champions-league,Will Team D win the 2025–26 Champions League?,0x0dce52e718704115bc1d3930bd5781c69ada7d16a574ead9f5b2e60d47572b06,"[""39259701626392073955986970165590267176708531331893914961597359731598482942618"", ""13318648989334231316544833089375455656209815961137304809924606191244579788744""]",39259701626392073955986970165590267176708531331893914961597359731598482942618|13318648989334231316544833089375455656209815961137304809924606191244579788744,13318648989334231316544833089375455656209815961137304809924606191244579788744,No,False,,,,,,,,,,,0,0
2026-03-05T00:48:42Z,UCL,33506,uefa-champions-league-winner,UEFA Champions League Winner ,2025-07-28T16:48:06.450445Z,566184,will-team-i-win-the-202526-champions-league,Will Team I win the 2025–26 Champions League?,0xadb8e6c651043e9d3f871e7e793ecdc3f0717b374427341b9ad39c3e72cbb2ab,"[""97391541216142156486360597938689688615958309451491457027903098490837051715295"", ""40349306594996880515480830778134222096689476652728393850937106541424421289620""]",97391541216142156486360597938689688615958309451491457027903098490837051715295|40349306594996880515480830778134222096689476652728393850937106541424421289620,97391541216142156486360597938689688615958309451491457027903098490837051715295,Yes,False,,,,,,,,,,,0,0
2026-03-05T00:48:42Z,UCL,33506,uefa-champions-league-winner,UEFA Champions League Winner ,2025-07-28T16:48:06.450445Z,566184,will-team-i-win-the-202526-champions-league,Will Team I win the 2025–26 Champions League?,0xadb8e6c651043e9d3f871e7e793ecdc3f0717b374427341b9ad39c3e72cbb2ab,"[""97391541216142156486360597938689688615958309451491457027903098490837051715295"", ""40349306594996880515480830778134222096689476652728393850937106541424421289620""]",97391541216142156486360597938689688615958309451491457027903098490837051715295|40349306594996880515480830778134222096689476652728393850937106541424421289620,40349306594996880515480830778134222096689476652728393850937106541424421289620,No,False,,,,,,,,,,,0,0
2026-03-05T00:48:42Z,UCL,33506,uefa-champions-league-winner,UEFA Champions League Winner ,2025-07-28T16:48:06.450445Z,566185,will-team-j-win-the-202526-champions-league,Will Team J win the 2025–26 Champions League?,0x2be80d13b93ad141fbbdc2a6eb38b1aa904eb17f8fd21a436636cf65859b1412,"[""1080728722579132533060466010936987254537802093697459658188459659869439703487"", ""98491776153651052621810720585087413766374760568984767472891511829526970676719""]",1080728722579132533060466010936987254537802093697459658188459659869439703487|98491776153651052621810720585087413766374760568984767472891511829526970676719,1080728722579132533060466010936987254537802093697459658188459659869439703487,Yes,False,,,,,,,,,,,0,0
2026-03-05T00:48:42Z,UCL,33506,uefa-champions-league-winner,UEFA Champions League Winner ,2025-07-28T16:48:06.450445Z,566185,will-team-j-win-the-202526-champions-league,Will Team J win the 2025–26 Champions League?,0x2be80d13b93ad141fbbdc2a6eb38b1aa904eb17f8fd21a436636cf65859b1412,"[""1080728722579132533060466010936987254537802093697459658188459659869439703487"", ""98491776153651052621810720585087413766374760568984767472891511829526970676719""]",1080728722579132533060466010936987254537802093697459658188459659869439703487|98491776153651052621810720585087413766374760568984767472891511829526970676719,98491776153651052621810720585087413766374760568984767472891511829526970676719,No,False,,,,,,,,,,,0,0
2026-03-05T00:48:42Z,UCL,33506,uefa-champions-league-winner,UEFA Champions League Winner ,2025-07-28T16:48:06.450445Z,566143,will-chelsea-win-the-202526-champions-league,Will Chelsea win the 2025–26 Champions League?,0xc2ecc146cbbc8f24186766ef0b2cd56a1757227aee4cc9f951920538769a3490,"[""112897182562089723977963146512517116367868000365616072747678090319147961969687"", ""12655741801215963455918354112862966501046753413817436839424508949889159340688""]",112897182562089723977963146512517116367868000365616072747678090319147961969687|12655741801215963455918354112862966501046753413817436839424508949889159340688,112897182562089723977963146512517116367868000365616072747678090319147961969687,Yes,True,0.029,2587.35,0.03,9101.78,0.0295,0.0009999999999999974,9a9e29eb2a991c2ad3805162e995b3283a1cbd43,0.001,5,0.030,218921.46676,3316117.208737
2026-03-05T00:48:42Z,UCL,33506,uefa-champions-league-winner,UEFA Champions League Winner ,2025-07-28T16:48:06.450445Z,566143,will-chelsea-win-the-202526-champions-league,Will Chelsea win the 2025–26 Champions League?,0xc2ecc146cbbc8f24186766ef0b2cd56a1757227aee4cc9f951920538769a3490,"[""112897182562089723977963146512517116367868000365616072747678090319147961969687"", ""12655741801215963455918354112862966501046753413817436839424508949889159340688""]",112897182562089723977963146512517116367868000365616072747678090319147961969687|12655741801215963455918354112862966501046753413817436839424508949889159340688,12655741801215963455918354112862966501046753413817436839424508949889159340688,No,True,0.97,9101.78,0.971,2587.35,0.9704999999999999,0.0010000000000000009,d898b80e47370a0085538a0ada8308cedbcafe1c,0.001,5,0.030,218921.46676,3316117.208737
2026-03-05T00:48:42Z,UCL,33506,uefa-champions-league-winner,UEFA Champions League Winner ,2025-07-28T16:48:06.450445Z,566164,will-feyenoord-win-the-202526-champions-league,Will Feyenoord win the 2025–26 Champions League?,0xec33c0fe1f37b1d4c2a50bae91425587301bc434fab732981f6d05e2953412d6,"[""110079693613022393791174802599922526596582227687650152169965521618183831918719"", ""8182582899391383556747549556042201703027436173603531545831728435339530405784""]",110079693613022393791174802599922526596582227687650152169965521618183831918719|8182582899391383556747549556042201703027436173603531545831728435339530405784,110079693613022393791174802599922526596582227687650152169965521618183831918719,Yes,False,,,,,,,,,,,,331062.991655
2026-03-05T00:48:42Z,UCL,33506,uefa-champions-league-winner,UEFA Champions League Winner ,2025-07-28T16:48:06.450445Z,566164,will-feyenoord-win-the-202526-champions-league,Will Feyenoord win the 2025–26 Champions League?,0xec33c0fe1f37b1d4c2a50bae91425587301bc434fab732981f6d05e2953412d6,"[""110079693613022393791174802599922526596582227687650152169965521618183831918719"", ""8182582899391383556747549556042201703027436173603531545831728435339530405784""]",110079693613022393791174802599922526596582227687650152169965521618183831918719|8182582899391383556747549556042201703027436173603531545831728435339530405784,8182582899391383556747549556042201703027436173603531545831728435339530405784,No,False,,,,,,,,,,,,331062.991655
2026-03-05T00:48:42Z,UCL,33506,uefa-champions-league-winner,UEFA Champions League Winner ,2025-07-28T16:48:06.450445Z,566176,will-team-a-win-the-202526-champions-league,Will Team A win the 2025–26 Champions League?,0xd3f9bf49e97b91af4fc0bc6fd980279c288cfc2d716d28f5580e64d7028b7081,"[""61720697790247513338404451002118879060240321256315013215613090730271278108862"", ""26524658565474901404596942658856572991878475163265648723421329317946761495732""]",61720697790247513338404451002118879060240321256315013215613090730271278108862|26524658565474901404596942658856572991878475163265648723421329317946761495732,61720697790247513338404451002118879060240321256315013215613090730271278108862,Yes,False,,,,,,,,,,,0,0
2026-03-05T00:48:42Z,UCL,33506,uefa-champions-league-winner,UEFA Champions League Winner ,2025-07-28T16:48:06.450445Z,566176,will-team-a-win-the-202526-champions-league,Will Team A win the 2025–26 Champions League?,0xd3f9bf49e97b91af4fc0bc6fd980279c288cfc2d716d28f5580e64d7028b7081,"[""61720697790247513338404451002118879060240321256315013215613090730271278108862"", ""26524658565474901404596942658856572991878475163265648723421329317946761495732""]",61720697790247513338404451002118879060240321256315013215613090730271278108862|26524658565474901404596942658856572991878475163265648723421329317946761495732,26524658565474901404596942658856572991878475163265648723421329317946761495732,No,False,,,,,,,,,,,0,0
2026-03-05T00:48:42Z,UCL,33506,uefa-champions-league-winner,UEFA Champions League Winner ,2025-07-28T16:48:06.450445Z,566154,will-marseille-win-the-202526-champions-league,Will Marseille win the 2025–26 Champions League?,0x94867c89a77b18380ce1bf85006f3ccf2ef5252e0dc6319677aaf615bd857bf4,"[""37945569058232371209090766565695503688523854587394394089524145486898615500384"", ""19536177378914889035549826755916171491729721728068639865790542131911351592088""]",37945569058232371209090766565695503688523854587394394089524145486898615500384|19536177378914889035549826755916171491729721728068639865790542131911351592088,37945569058232371209090766565695503688523854587394394089524145486898615500384,Yes,False,,,,,,,,,,,,5842226.092289
2026-03-05T00:48:42Z,UCL,33506,uefa-champions-league-winner,UEFA Champions League Winner ,2025-07-28T16:48:06.450445Z,566154,will-marseille-win-the-202526-champions-league,Will Marseille win the 2025–26 Champions League?,0x94867c89a77b18380ce1bf85006f3ccf2ef5252e0dc6319677aaf615bd857bf4,"[""37945569058232371209090766565695503688523854587394394089524145486898615500384"", ""19536177378914889035549826755916171491729721728068639865790542131911351592088""]",37945569058232371209090766565695503688523854587394394089524145486898615500384|19536177378914889035549826755916171491729721728068639865790542131911351592088,19536177378914889035549826755916171491729721728068639865790542131911351592088,No,False,,,,,,,,,,,,5842226.092289
2026-03-05T00:48:42Z,UCL,33506,uefa-champions-league-winner,UEFA Champions League Winner ,2025-07-28T16:48:06.450445Z,566145,will-inter-win-the-202526-champions-league,Will Inter win the 2025–26 Champions League?,0xe4f25e05d842810ff5944ba1e2953c6ced1e869cac3b44d15b32fd404ddb4bf4,"[""107589889099988041445300607606991516566670120875767300754708868073036165511332"", ""88600268059883443385048654191981648497829094336579730410215438763388869951622""]",107589889099988041445300607606991516566670120875767300754708868073036165511332|88600268059883443385048654191981648497829094336579730410215438763388869951622,107589889099988041445300607606991516566670120875767300754708868073036165511332,Yes,False,,,,,,,,,,,,7286054.286861
2026-03-05T00:48:42Z,UCL,33506,uefa-champions-league-winner,UEFA Champions League Winner ,2025-07-28T16:48:06.450445Z,566145,will-inter-win-the-202526-champions-league,Will Inter win the 2025–26 Champions League?,0xe4f25e05d842810ff5944ba1e2953c6ced1e869cac3b44d15b32fd404ddb4bf4,"[""107589889099988041445300607606991516566670120875767300754708868073036165511332"", ""88600268059883443385048654191981648497829094336579730410215438763388869951622""]",107589889099988041445300607606991516566670120875767300754708868073036165511332|88600268059883443385048654191981648497829094336579730410215438763388869951622,88600268059883443385048654191981648497829094336579730410215438763388869951622,No,False,,,,,,,,,,,,7286054.286861
2026-03-05T00:48:42Z,UCL,33506,uefa-champions-league-winner,UEFA Champions League Winner ,2025-07-28T16:48:06.450445Z,566178,will-team-c-win-the-202526-champions-league,Will Team C win the 2025–26 Champions League?,0x577f40fdf34d9b617f7744858c7f039f7c66da62f0cc86d6f544c180e43828e1,"[""73294043218996272046236810861987530097946991768296680592310822244313024933374"", ""65391302643173656820540885219933155311051415821262016870231410705497731566514""]",73294043218996272046236810861987530097946991768296680592310822244313024933374|65391302643173656820540885219933155311051415821262016870231410705497731566514,73294043218996272046236810861987530097946991768296680592310822244313024933374,Yes,False,,,,,,,,,,,0,0
2026-03-05T00:48:42Z,UCL,33506,uefa-champions-league-winner,UEFA Champions League Winner ,2025-07-28T16:48:06.450445Z,566178,will-team-c-win-the-202526-champions-league,Will Team C win the 2025–26 Champions League?,0x577f40fdf34d9b617f7744858c7f039f7c66da62f0cc86d6f544c180e43828e1,"[""73294043218996272046236810861987530097946991768296680592310822244313024933374"", ""65391302643173656820540885219933155311051415821262016870231410705497731566514""]",73294043218996272046236810861987530097946991768296680592310822244313024933374|65391302643173656820540885219933155311051415821262016870231410705497731566514,65391302643173656820540885219933155311051415821262016870231410705497731566514,No,False,,,,,,,,,,,0,0
2026-03-05T00:48:42Z,UCL,33506,uefa-champions-league-winner,UEFA Champions League Winner ,2025-07-28T16:48:06.450445Z,566148,will-juventus-win-the-202526-champions-league,Will Juventus win the 2025–26 Champions League?,0xdd926c00d4bfddfc9051c380151f77509d3eef2e7bef20f8d3aec9cbd50e7586,"[""28349060551413759330452246043341991702791557659100363740323132646947810293543"", ""1879146758336316812853714924296913426652714952732015629000599127768330208957""]",28349060551413759330452246043341991702791557659100363740323132646947810293543|1879146758336316812853714924296913426652714952732015629000599127768330208957,28349060551413759330452246043341991702791557659100363740323132646947810293543,Yes,False,,,,,,,,,,,,5357464.792264
2026-03-05T00:48:42Z,UCL,33506,uefa-champions-league-winner,UEFA Champions League Winner ,2025-07-28T16:48:06.450445Z,566148,will-juventus-win-the-202526-champions-league,Will Juventus win the 2025–26 Champions League?,0xdd926c00d4bfddfc9051c380151f77509d3eef2e7bef20f8d3aec9cbd50e7586,"[""28349060551413759330452246043341991702791557659100363740323132646947810293543"", ""1879146758336316812853714924296913426652714952732015629000599127768330208957""]",28349060551413759330452246043341991702791557659100363740323132646947810293543|1879146758336316812853714924296913426652714952732015629000599127768330208957,1879146758336316812853714924296913426652714952732015629000599127768330208957,No,False,,,,,,,,,,,,5357464.792264
2026-03-05T00:48:42Z,UCL,33506,uefa-champions-league-winner,UEFA Champions League Winner ,2025-07-28T16:48:06.450445Z,566136,will-psg-win-the-202526-champions-league,Will PSG win the 2025–26 Champions League?,0x6e9f90a6f471b52d03499a81586ca478519474eb152f1327c8c767f020d62529,"[""104259436423064082971150541232006260758664018969024622611484550356541952860834"", ""17522237181479319953129418683394157683167669858670412329571078616243234898741""]",104259436423064082971150541232006260758664018969024622611484550356541952860834|17522237181479319953129418683394157683167669858670412329571078616243234898741,104259436423064082971150541232006260758664018969024622611484550356541952860834,Yes,True,0.08,117358.34,0.09,214017.2,0.08499999999999999,0.009999999999999995,cbdeca5b8e80e0823154bf880c3ace7709a71fae,0.01,5,0.080,360515.6969,2825657.326571
2026-03-05T00:48:42Z,UCL,33506,uefa-champions-league-winner,UEFA Champions League Winner ,2025-07-28T16:48:06.450445Z,566136,will-psg-win-the-202526-champions-league,Will PSG win the 2025–26 Champions League?,0x6e9f90a6f471b52d03499a81586ca478519474eb152f1327c8c767f020d62529,"[""104259436423064082971150541232006260758664018969024622611484550356541952860834"", ""17522237181479319953129418683394157683167669858670412329571078616243234898741""]",104259436423064082971150541232006260758664018969024622611484550356541952860834|17522237181479319953129418683394157683167669858670412329571078616243234898741,17522237181479319953129418683394157683167669858670412329571078616243234898741,No,True,0.91,214017.2,0.92,117358.34,0.915,0.010000000000000009,18c14a2b52361a173035ef3824d0a11d2b74b523,0.01,5,0.080,360515.6969,2825657.326571
2026-03-05T00:48:42Z,UCL,33506,uefa-champions-league-winner,UEFA Champions League Winner ,2025-07-28T16:48:06.450445Z,566158,will-benfica-win-the-202526-champions-league,Will Benfica win the 2025–26 Champions League?,0x135e00bfdb16be6111f194cb8365ac5645707c3a43ce3ff298ab4dbf67fcdd09,"[""7586304249265791430570845852083081174415852091440035325232275534452369156457"", ""30481107705228164981180756150572089785688985325793326240520837196628361716295""]",7586304249265791430570845852083081174415852091440035325232275534452369156457|30481107705228164981180756150572089785688985325793326240520837196628361716295,7586304249265791430570845852083081174415852091440035325232275534452369156457,Yes,False,,,,,,,,,,,,12346832.550767
2026-03-05T00:48:42Z,UCL,33506,uefa-champions-league-winner,UEFA Champions League Winner ,2025-07-28T16:48:06.450445Z,566158,will-benfica-win-the-202526-champions-league,Will Benfica win the 2025–26 Champions League?,0x135e00bfdb16be6111f194cb8365ac5645707c3a43ce3ff298ab4dbf67fcdd09,"[""7586304249265791430570845852083081174415852091440035325232275534452369156457"", ""30481107705228164981180756150572089785688985325793326240520837196628361716295""]",7586304249265791430570845852083081174415852091440035325232275534452369156457|30481107705228164981180756150572089785688985325793326240520837196628361716295,30481107705228164981180756150572089785688985325793326240520837196628361716295,No,False,,,,,,,,,,,,12346832.550767
2026-03-05T00:48:42Z,UCL,33506,uefa-champions-league-winner,UEFA Champions League Winner ,2025-07-28T16:48:06.450445Z,566137,will-liverpool-win-the-202526-champions-league,Will Liverpool win the 2025–26 Champions League?,0x4c7db7768547a220d3e26359952d8b2eb9094f5ad02fcc32e70d9361d8491ab5,"[""17069888692871400864567896928400192391528942152400890798437501657293079075323"", ""61363321151738894082270158001558726485654573525177047497641264416022287833194""]",17069888692871400864567896928400192391528942152400890798437501657293079075323|61363321151738894082270158001558726485654573525177047497641264416022287833194,17069888692871400864567896928400192391528942152400890798437501657293079075323,Yes,True,0.07,79380.72,0.08,50615.0,0.07500000000000001,0.009999999999999995,3538d3a2d7e25698e770d06551ae4bca5329f446,0.01,5,0.070,559777.3141,2147905.199366
2026-03-05T00:48:42Z,UCL,33506,uefa-champions-league-winner,UEFA Champions League Winner ,2025-07-28T16:48:06.450445Z,566137,will-liverpool-win-the-202526-champions-league,Will Liverpool win the 2025–26 Champions League?,0x4c7db7768547a220d3e26359952d8b2eb9094f5ad02fcc32e70d9361d8491ab5,"[""17069888692871400864567896928400192391528942152400890798437501657293079075323"", ""61363321151738894082270158001558726485654573525177047497641264416022287833194""]",17069888692871400864567896928400192391528942152400890798437501657293079075323|61363321151738894082270158001558726485654573525177047497641264416022287833194,61363321151738894082270158001558726485654573525177047497641264416022287833194,No,True,0.92,50615.0,0.93,79380.72,0.925,0.010000000000000009,3b6a438abadc9b3fc1b2098189d81793b29f9f7a,0.01,5,0.070,559777.3141,2147905.199366
2026-03-05T00:48:42Z,UCL,33506,uefa-champions-league-winner,UEFA Champions League Winner ,2025-07-28T16:48:06.450445Z,566159,will-sporting-win-the-202526-champions-league,Will Sporting win the 2025–26 Champions League?,0x2787c94094285ca0569345219ce0a502d96326767f338a1dec21fb5a296f99ff,"[""95717746392239739926375768716856250054023078540629301064251098770911523489151"", ""47773219925008158425193773022223301400784502627205561460452578517640901381205""]",95717746392239739926375768716856250054023078540629301064251098770911523489151|47773219925008158425193773022223301400784502627205561460452578517640901381205,95717746392239739926375768716856250054023078540629301064251098770911523489151,Yes,True,0.013,30915.12,0.014,49890.12,0.0135,0.0010000000000000009,43ef0689d4572916147eaf15951c037bb50f8702,0.001,5,0.014,465823.97488,7474367.342113
2026-03-05T00:48:42Z,UCL,33506,uefa-champions-league-winner,UEFA Champions League Winner ,2025-07-28T16:48:06.450445Z,566159,will-sporting-win-the-202526-champions-league,Will Sporting win the 2025–26 Champions League?,0x2787c94094285ca0569345219ce0a502d96326767f338a1dec21fb5a296f99ff,"[""95717746392239739926375768716856250054023078540629301064251098770911523489151"", ""47773219925008158425193773022223301400784502627205561460452578517640901381205""]",95717746392239739926375768716856250054023078540629301064251098770911523489151|47773219925008158425193773022223301400784502627205561460452578517640901381205,47773219925008158425193773022223301400784502627205561460452578517640901381205,No,True,0.986,49890.12,0.987,30915.12,0.9864999999999999,0.0010000000000000009,9ca72f541e738b0b9b367eca63ecbc4adcf64df0,0.001,5,0.014,465823.97488,7474367.342113
2026-03-05T00:48:42Z,UCL,33506,uefa-champions-league-winner,UEFA Champions League Winner ,2025-07-28T16:48:06.450445Z,566170,will-club-brugge-win-the-202526-champions-league,Will Club Brugge win the 2025–26 Champions League?,0xe06c8e9546be61e4ba8b03ad431dfff590fc6b21a5b746e71f62ae85f1dcad6a,"[""43478780997313571844864646081201368302664941062507392308569466005072068318763"", ""94081687856468490693069751274149097929259745780981836537939462200792023206961""]",43478780997313571844864646081201368302664941062507392308569466005072068318763|94081687856468490693069751274149097929259745780981836537939462200792023206961,43478780997313571844864646081201368302664941062507392308569466005072068318763,Yes,True,,,0.001,529645.01,,,a21505510d0ad91936bc497c687be1f3da144401,0.001,5,0.001,781325.70172,18571058.707015
2026-03-05T00:48:42Z,UCL,33506,uefa-champions-league-winner,UEFA Champions League Winner ,2025-07-28T16:48:06.450445Z,566170,will-club-brugge-win-the-202526-champions-league,Will Club Brugge win the 2025–26 Champions League?,0xe06c8e9546be61e4ba8b03ad431dfff590fc6b21a5b746e71f62ae85f1dcad6a,"[""43478780997313571844864646081201368302664941062507392308569466005072068318763"", ""94081687856468490693069751274149097929259745780981836537939462200792023206961""]",43478780997313571844864646081201368302664941062507392308569466005072068318763|94081687856468490693069751274149097929259745780981836537939462200792023206961,94081687856468490693069751274149097929259745780981836537939462200792023206961,No,True,0.999,529645.01,,,,,a07369eb8bd4c615d4650c2debbee87b098198c9,0.001,5,0.001,781325.70172,18571058.707015
2026-03-05T00:48:42Z,UCL,33506,uefa-champions-league-winner,UEFA Champions League Winner ,2025-07-28T16:48:06.450445Z,566180,will-team-e-win-the-202526-champions-league,Will Team E win the 2025–26 Champions League?,0x3ad4a38542befe312a61a1de4b4b8fb9a9b916a766d83ac875f1f1b6cbd4a8f2,"[""76376922632996162398535513499797774466335077137969223577204909473740263623780"", ""112766370393573794246767910150777880876624457197931300562247731114564217750483""]",76376922632996162398535513499797774466335077137969223577204909473740263623780|112766370393573794246767910150777880876624457197931300562247731114564217750483,76376922632996162398535513499797774466335077137969223577204909473740263623780,Yes,False,,,,,,,,,,,0,0
2026-03-05T00:48:42Z,UCL,33506,uefa-champions-league-winner,UEFA Champions League Winner ,2025-07-28T16:48:06.450445Z,566180,will-team-e-win-the-202526-champions-league,Will Team E win the 2025–26 Champions League?,0x3ad4a38542befe312a61a1de4b4b8fb9a9b916a766d83ac875f1f1b6cbd4a8f2,"[""76376922632996162398535513499797774466335077137969223577204909473740263623780"", ""112766370393573794246767910150777880876624457197931300562247731114564217750483""]",76376922632996162398535513499797774466335077137969223577204909473740263623780|112766370393573794246767910150777880876624457197931300562247731114564217750483,112766370393573794246767910150777880876624457197931300562247731114564217750483,No,False,,,,,,,,,,,0,0
2026-03-05T00:48:42Z,UCL,33506,uefa-champions-league-winner,UEFA Champions League Winner ,2025-07-28T16:48:06.450445Z,566138,will-barcelona-win-the-202526-champions-league,Will Barcelona win the 2025–26 Champions League?,0x43268d56a20113679be36c84dd22550174c6d6bc9d0f4376e882ce61dac3c635,"[""108840247999849444527064093950170000612101147303680893346663504227770756115957"", ""44316820324326475573649547254648033139339541714376543824778689356013656495018""]",108840247999849444527064093950170000612101147303680893346663504227770756115957|44316820324326475573649547254648033139339541714376543824778689356013656495018,108840247999849444527064093950170000612101147303680893346663504227770756115957,Yes,True,0.13,130002.93,0.14,14139.01,0.135,0.010000000000000009,910917b204fa71a6c2d84791a92875611b673a9e,0.01,5,0.860,339628.7713,1950499.104425
2026-03-05T00:48:42Z,UCL,33506,uefa-champions-league-winner,UEFA Champions League Winner ,2025-07-28T16:48:06.450445Z,566138,will-barcelona-win-the-202526-champions-league,Will Barcelona win the 2025–26 Champions League?,0x43268d56a20113679be36c84dd22550174c6d6bc9d0f4376e882ce61dac3c635,"[""108840247999849444527064093950170000612101147303680893346663504227770756115957"", ""44316820324326475573649547254648033139339541714376543824778689356013656495018""]",108840247999849444527064093950170000612101147303680893346663504227770756115957|44316820324326475573649547254648033139339541714376543824778689356013656495018,44316820324326475573649547254648033139339541714376543824778689356013656495018,No,True,0.86,14139.01,0.87,130002.93,0.865,0.010000000000000009,b8ebf1be14fcb9f72211737666d6c74161be4c68,0.01,5,0.860,339628.7713,1950499.104425
2026-03-05T00:48:42Z,UCL,33506,uefa-champions-league-winner,UEFA Champions League Winner ,2025-07-28T16:48:06.450445Z,566160,will-psv-win-the-202526-champions-league,Will PSV win the 2025–26 Champions League?,0x40c8ee9e0d66c80695e98b00c1930db96e39554f0eb0801e5cc271ad3f60025a,"[""69538470061945028314828084137994294388993305619992260050581178151069600584374"", ""10315324953630752180814582058662062016159965722850205674902778203288118511497""]",69538470061945028314828084137994294388993305619992260050581178151069600584374|10315324953630752180814582058662062016159965722850205674902778203288118511497,69538470061945028314828084137994294388993305619992260050581178151069600584374,Yes,False,,,,,,,,,,,,6440901.470863
2026-03-05T00:48:42Z,UCL,33506,uefa-champions-league-winner,UEFA Champions League Winner ,2025-07-28T16:48:06.450445Z,566160,will-psv-win-the-202526-champions-league,Will PSV win the 2025–26 Champions League?,0x40c8ee9e0d66c80695e98b00c1930db96e39554f0eb0801e5cc271ad3f60025a,"[""69538470061945028314828084137994294388993305619992260050581178151069600584374"", ""10315324953630752180814582058662062016159965722850205674902778203288118511497""]",69538470061945028314828084137994294388993305619992260050581178151069600584374|10315324953630752180814582058662062016159965722850205674902778203288118511497,10315324953630752180814582058662062016159965722850205674902778203288118511497,No,False,,,,,,,,,,,,6440901.470863
2026-03-05T00:48:42Z,UCL,33506,uefa-champions-league-winner,UEFA Champions League Winner ,2025-07-28T16:48:06.450445Z,566181,will-team-f-win-the-202526-champions-league,Will Team F win the 2025–26 Champions League?,0x85e8377391d9d9b040e4d034dc2c51d0dc11c2e853da08aa7aad12580acbfe1b,"[""70359537978799436238156445503040068473755807876918691685277283099263934427542"", ""94649487326963732399566598845679950222838898320559517576342499368796862078920""]",70359537978799436238156445503040068473755807876918691685277283099263934427542|94649487326963732399566598845679950222838898320559517576342499368796862078920,70359537978799436238156445503040068473755807876918691685277283099263934427542,Yes,False,,,,,,,,,,,0,0
2026-03-05T00:48:42Z,UCL,33506,uefa-champions-league-winner,UEFA Champions League Winner ,2025-07-28T16:48:06.450445Z,566181,will-team-f-win-the-202526-champions-league,Will Team F win the 2025–26 Champions League?,0x85e8377391d9d9b040e4d034dc2c51d0dc11c2e853da08aa7aad12580acbfe1b,"[""70359537978799436238156445503040068473755807876918691685277283099263934427542"", ""94649487326963732399566598845679950222838898320559517576342499368796862078920""]",70359537978799436238156445503040068473755807876918691685277283099263934427542|94649487326963732399566598845679950222838898320559517576342499368796862078920,94649487326963732399566598845679950222838898320559517576342499368796862078920,No,False,,,,,,,,,,,0,0
2026-03-05T00:48:42Z,UCL,33506,uefa-champions-league-winner,UEFA Champions League Winner ,2025-07-28T16:48:06.450445Z,569169,will-team-k-win-the-2025-26-champions-league,Will Team K win the 2025-26 Champions League?,0xd7535d9e593c9aa35653b28e56b06ca36be46ffb3f92ad8f58dde843f8503f45,"[""63667858591109825182946563169860566051126536025376490094299580171183072876203"", ""92214561779754605574742381662068199496451767360838015270991731999931125066158""]",63667858591109825182946563169860566051126536025376490094299580171183072876203|92214561779754605574742381662068199496451767360838015270991731999931125066158,63667858591109825182946563169860566051126536025376490094299580171183072876203,Yes,False,,,,,,,,,,,0,0
2026-03-05T00:48:42Z,UCL,33506,uefa-champions-league-winner,UEFA Champions League Winner ,2025-07-28T16:48:06.450445Z,569169,will-team-k-win-the-2025-26-champions-league,Will Team K win the 2025-26 Champions League?,0xd7535d9e593c9aa35653b28e56b06ca36be46ffb3f92ad8f58dde843f8503f45,"[""63667858591109825182946563169860566051126536025376490094299580171183072876203"", ""92214561779754605574742381662068199496451767360838015270991731999931125066158""]",63667858591109825182946563169860566051126536025376490094299580171183072876203|92214561779754605574742381662068199496451767360838015270991731999931125066158,92214561779754605574742381662068199496451767360838015270991731999931125066158,No,False,,,,,,,,,,,0,0
2026-03-05T00:48:42Z,UCL,33506,uefa-champions-league-winner,UEFA Champions League Winner ,2025-07-28T16:48:06.450445Z,569170,will-team-l-win-the-2025-26-champions-league,Will Team L win the 2025-26 Champions League?,0x2569c92eeb64ad0fca351c1ff3b564cd7082357f15d043a9636c546c4f230f09,"[""1974328280683707032131404657693023991654498166338879843534823093799114269114"", ""80026929542296070832531723246141935926063089290565768107997020473040810917000""]",1974328280683707032131404657693023991654498166338879843534823093799114269114|80026929542296070832531723246141935926063089290565768107997020473040810917000,1974328280683707032131404657693023991654498166338879843534823093799114269114,Yes,False,,,,,,,,,,,0,0
2026-03-05T00:48:42Z,UCL,33506,uefa-champions-league-winner,UEFA Champions League Winner ,2025-07-28T16:48:06.450445Z,569170,will-team-l-win-the-2025-26-champions-league,Will Team L win the 2025-26 Champions League?,0x2569c92eeb64ad0fca351c1ff3b564cd7082357f15d043a9636c546c4f230f09,"[""1974328280683707032131404657693023991654498166338879843534823093799114269114"", ""80026929542296070832531723246141935926063089290565768107997020473040810917000""]",1974328280683707032131404657693023991654498166338879843534823093799114269114|80026929542296070832531723246141935926063089290565768107997020473040810917000,80026929542296070832531723246141935926063089290565768107997020473040810917000,No,False,,,,,,,,,,,0,0
2026-03-05T00:48:42Z,UCL,33506,uefa-champions-league-winner,UEFA Champions League Winner ,2025-07-28T16:48:06.450445Z,569171,will-team-m-win-the-2025-26-champions-league,Will Team M win the 2025-26 Champions League?,0x773381e9c5dfb5be33a282561a96853ff3ede2a70f81fec049dfa9ce7ffd6eb9,"[""48573619899500048907630317541211770292382135120181245516641564997576790106613"", ""73962813906079869477564400318615083885551091649468181998293090726973493559376""]",48573619899500048907630317541211770292382135120181245516641564997576790106613|73962813906079869477564400318615083885551091649468181998293090726973493559376,48573619899500048907630317541211770292382135120181245516641564997576790106613,Yes,False,,,,,,,,,,,0,0
2026-03-05T00:48:42Z,UCL,33506,uefa-champions-league-winner,UEFA Champions League Winner ,2025-07-28T16:48:06.450445Z,569171,will-team-m-win-the-2025-26-champions-league,Will Team M win the 2025-26 Champions League?,0x773381e9c5dfb5be33a282561a96853ff3ede2a70f81fec049dfa9ce7ffd6eb9,"[""48573619899500048907630317541211770292382135120181245516641564997576790106613"", ""73962813906079869477564400318615083885551091649468181998293090726973493559376""]",48573619899500048907630317541211770292382135120181245516641564997576790106613|73962813906079869477564400318615083885551091649468181998293090726973493559376,73962813906079869477564400318615083885551091649468181998293090726973493559376,No,False,,,,,,,,,,,0,0
2026-03-05T00:48:42Z,UCL,33506,uefa-champions-league-winner,UEFA Champions League Winner ,2025-07-28T16:48:06.450445Z,569172,will-team-n-win-the-2025-26-champions-league,Will Team N win the 2025-26 Champions League?,0x56ddebd7526ad03b0ddc2b20418ca2247522df5cac1a689545caa63b976597a4,"[""81053729024302960970566536826863808348277268622543962449422037108705592672633"", ""69653118360505353647484827967716668530234211556184359602965230417014936847438""]",81053729024302960970566536826863808348277268622543962449422037108705592672633|69653118360505353647484827967716668530234211556184359602965230417014936847438,81053729024302960970566536826863808348277268622543962449422037108705592672633,Yes,False,,,,,,,,,,,0,0
2026-03-05T00:48:42Z,UCL,33506,uefa-champions-league-winner,UEFA Champions League Winner ,2025-07-28T16:48:06.450445Z,569172,will-team-n-win-the-2025-26-champions-league,Will Team N win the 2025-26 Champions League?,0x56ddebd7526ad03b0ddc2b20418ca2247522df5cac1a689545caa63b976597a4,"[""81053729024302960970566536826863808348277268622543962449422037108705592672633"", ""69653118360505353647484827967716668530234211556184359602965230417014936847438""]",81053729024302960970566536826863808348277268622543962449422037108705592672633|69653118360505353647484827967716668530234211556184359602965230417014936847438,69653118360505353647484827967716668530234211556184359602965230417014936847438,No,False,,,,,,,,,,,0,0
2026-03-05T00:48:42Z,UCL,33506,uefa-champions-league-winner,UEFA Champions League Winner ,2025-07-28T16:48:06.450445Z,569173,will-team-o-win-the-2025-26-champions-league,Will Team O win the 2025-26 Champions League?,0xdeacc7d6ec15fae41c77fe644456321a150dd5ec2005220dd0106726187830f7,"[""47040752474298913584409458837559103990390650004740134970930657469756707672711"", ""27502924990397424804461039120618061510822161553870285492773194643413666378753""]",47040752474298913584409458837559103990390650004740134970930657469756707672711|27502924990397424804461039120618061510822161553870285492773194643413666378753,47040752474298913584409458837559103990390650004740134970930657469756707672711,Yes,False,,,,,,,,,,,0,0
2026-03-05T00:48:42Z,UCL,33506,uefa-champions-league-winner,UEFA Champions League Winner ,2025-07-28T16:48:06.450445Z,569173,will-team-o-win-the-2025-26-champions-league,Will Team O win the 2025-26 Champions League?,0xdeacc7d6ec15fae41c77fe644456321a150dd5ec2005220dd0106726187830f7,"[""47040752474298913584409458837559103990390650004740134970930657469756707672711"", ""27502924990397424804461039120618061510822161553870285492773194643413666378753""]",47040752474298913584409458837559103990390650004740134970930657469756707672711|27502924990397424804461039120618061510822161553870285492773194643413666378753,27502924990397424804461039120618061510822161553870285492773194643413666378753,No,False,,,,,,,,,,,0,0
2026-03-05T00:48:42Z,UCL,33506,uefa-champions-league-winner,UEFA Champions League Winner ,2025-07-28T16:48:06.450445Z,569174,will-team-p-win-the-2025-26-champions-league,Will Team P win the 2025-26 Champions League?,0xecec47d6716462a9a89dc958b5cadc5764c8a1d66b33cf03d7d18fec4d8a8dd4,"[""72685965437678063254799992744833574810780707076086226291764261920890861689509"", ""52032055214441069842900125011828843931090366480595812323646740608708112608754""]",72685965437678063254799992744833574810780707076086226291764261920890861689509|52032055214441069842900125011828843931090366480595812323646740608708112608754,72685965437678063254799992744833574810780707076086226291764261920890861689509,Yes,False,,,,,,,,,,,0,0
2026-03-05T00:48:42Z,UCL,33506,uefa-champions-league-winner,UEFA Champions League Winner ,2025-07-28T16:48:06.450445Z,569174,will-team-p-win-the-2025-26-champions-league,Will Team P win the 2025-26 Champions League?,0xecec47d6716462a9a89dc958b5cadc5764c8a1d66b33cf03d7d18fec4d8a8dd4,"[""72685965437678063254799992744833574810780707076086226291764261920890861689509"", ""52032055214441069842900125011828843931090366480595812323646740608708112608754""]",72685965437678063254799992744833574810780707076086226291764261920890861689509|52032055214441069842900125011828843931090366480595812323646740608708112608754,52032055214441069842900125011828843931090366480595812323646740608708112608754,No,False,,,,,,,,,,,0,0
2026-03-05T00:48:42Z,UCL,33506,uefa-champions-league-winner,UEFA Champions League Winner ,2025-07-28T16:48:06.450445Z,569175,will-team-q-win-the-2025-26-champions-league,Will Team Q win the 2025-26 Champions League?,0xf1e209ab3834dcb8b8493a5c2654e2f558a5f9365875766fe56c95fc5a602048,"[""28920058982733223858166410050607376284080380083462758174448631195979799430365"", ""95191670354531631514460503664192605099738885562913648531318461146207251980956""]",28920058982733223858166410050607376284080380083462758174448631195979799430365|95191670354531631514460503664192605099738885562913648531318461146207251980956,28920058982733223858166410050607376284080380083462758174448631195979799430365,Yes,False,,,,,,,,,,,0,0
2026-03-05T00:48:42Z,UCL,33506,uefa-champions-league-winner,UEFA Champions League Winner ,2025-07-28T16:48:06.450445Z,569175,will-team-q-win-the-2025-26-champions-league,Will Team Q win the 2025-26 Champions League?,0xf1e209ab3834dcb8b8493a5c2654e2f558a5f9365875766fe56c95fc5a602048,"[""28920058982733223858166410050607376284080380083462758174448631195979799430365"", ""95191670354531631514460503664192605099738885562913648531318461146207251980956""]",28920058982733223858166410050607376284080380083462758174448631195979799430365|95191670354531631514460503664192605099738885562913648531318461146207251980956,95191670354531631514460503664192605099738885562913648531318461146207251980956,No,False,,,,,,,,,,,0,0
2026-03-05T00:48:42Z,UCL,33506,uefa-champions-league-winner,UEFA Champions League Winner ,2025-07-28T16:48:06.450445Z,569176,will-team-r-win-the-2025-26-champions-league,Will Team R win the 2025-26 Champions League?,0xad6bc4f8482316d5c19023aada4b944bdc11394ff46a3356887fa65c307531d4,"[""25637749857455785006939123543755871643009058331770192854266391968056443145411"", ""3669676407776672108761390381757152714997687652224276257855026129377270035120""]",25637749857455785006939123543755871643009058331770192854266391968056443145411|3669676407776672108761390381757152714997687652224276257855026129377270035120,25637749857455785006939123543755871643009058331770192854266391968056443145411,Yes,False,,,,,,,,,,,0,0
2026-03-05T00:48:42Z,UCL,33506,uefa-champions-league-winner,UEFA Champions League Winner ,2025-07-28T16:48:06.450445Z,569176,will-team-r-win-the-2025-26-champions-league,Will Team R win the 2025-26 Champions League?,0xad6bc4f8482316d5c19023aada4b944bdc11394ff46a3356887fa65c307531d4,"[""25637749857455785006939123543755871643009058331770192854266391968056443145411"", ""3669676407776672108761390381757152714997687652224276257855026129377270035120""]",25637749857455785006939123543755871643009058331770192854266391968056443145411|3669676407776672108761390381757152714997687652224276257855026129377270035120,3669676407776672108761390381757152714997687652224276257855026129377270035120,No,False,,,,,,,,,,,0,0
2026-03-05T00:48:42Z,UCL,33506,uefa-champions-league-winner,UEFA Champions League Winner ,2025-07-28T16:48:06.450445Z,569177,will-team-s-win-the-2025-26-champions-league,Will Team S win the 2025-26 Champions League?,0x425489cd6123115110cb2df1688c3853bcf63418197edb952a59a4d6b7167601,"[""48332361333073526156243156917717479124843882042753944554943939336640621149917"", ""13900338457925219918052375048674687477682893818744044710482612613007593390376""]",48332361333073526156243156917717479124843882042753944554943939336640621149917|13900338457925219918052375048674687477682893818744044710482612613007593390376,48332361333073526156243156917717479124843882042753944554943939336640621149917,Yes,False,,,,,,,,,,,0,0
2026-03-05T00:48:42Z,UCL,33506,uefa-champions-league-winner,UEFA Champions League Winner ,2025-07-28T16:48:06.450445Z,569177,will-team-s-win-the-2025-26-champions-league,Will Team S win the 2025-26 Champions League?,0x425489cd6123115110cb2df1688c3853bcf63418197edb952a59a4d6b7167601,"[""48332361333073526156243156917717479124843882042753944554943939336640621149917"", ""13900338457925219918052375048674687477682893818744044710482612613007593390376""]",48332361333073526156243156917717479124843882042753944554943939336640621149917|13900338457925219918052375048674687477682893818744044710482612613007593390376,13900338457925219918052375048674687477682893818744044710482612613007593390376,No,False,,,,,,,,,,,0,0
2026-03-05T00:48:42Z,UCL,33506,uefa-champions-league-winner,UEFA Champions League Winner ,2025-07-28T16:48:06.450445Z,569178,will-team-t-win-the-2025-26-champions-league,Will Team T win the 2025-26 Champions League?,0x2388224e98de1c3b2d9a59258662e4057d181acd94de8879e9e2e9e02c0d1f5d,"[""81516884152676367750260681835324638510982049758434401705121290510231830755503"", ""29074289505420423507754526651079827562788384934514025868520384248653949051262""]",81516884152676367750260681835324638510982049758434401705121290510231830755503|29074289505420423507754526651079827562788384934514025868520384248653949051262,81516884152676367750260681835324638510982049758434401705121290510231830755503,Yes,False,,,,,,,,,,,0,0
2026-03-05T00:48:42Z,UCL,33506,uefa-champions-league-winner,UEFA Champions League Winner ,2025-07-28T16:48:06.450445Z,569178,will-team-t-win-the-2025-26-champions-league,Will Team T win the 2025-26 Champions League?,0x2388224e98de1c3b2d9a59258662e4057d181acd94de8879e9e2e9e02c0d1f5d,"[""81516884152676367750260681835324638510982049758434401705121290510231830755503"", ""29074289505420423507754526651079827562788384934514025868520384248653949051262""]",81516884152676367750260681835324638510982049758434401705121290510231830755503|29074289505420423507754526651079827562788384934514025868520384248653949051262,29074289505420423507754526651079827562788384934514025868520384248653949051262,No,False,,,,,,,,,,,0,0
2026-03-05T00:48:42Z,UCL,166480,will-arsenal-win-a-trophy-this-season,Will Arsenal win a trophy this season?,2026-01-15T20:41:22.138028Z,1193498,will-arsenal-win-a-trophy-this-season,Will Arsenal win a trophy this season?,0x6d6fd5d251ce4cf80ec381a0fb7fcccefff4859ba7be92eddb1f7e6b1ef48595,"[""1550919718358407282195502624454024043548371894880524875591592435874969089593"", ""40629070898962926343473765575500143724660523932838995913155742674772363080482""]",1550919718358407282195502624454024043548371894880524875591592435874969089593|40629070898962926343473765575500143724660523932838995913155742674772363080482,1550919718358407282195502624454024043548371894880524875591592435874969089593,Yes,True,0.84,24.94,0.89,98.66,0.865,0.050000000000000044,2d9c51fb46953341175f2b6bfcf2fd8c736c08d9,0.01,5,0.890,2544.7757,19919.501799
2026-03-05T00:48:42Z,UCL,166480,will-arsenal-win-a-trophy-this-season,Will Arsenal win a trophy this season?,2026-01-15T20:41:22.138028Z,1193498,will-arsenal-win-a-trophy-this-season,Will Arsenal win a trophy this season?,0x6d6fd5d251ce4cf80ec381a0fb7fcccefff4859ba7be92eddb1f7e6b1ef48595,"[""1550919718358407282195502624454024043548371894880524875591592435874969089593"", ""40629070898962926343473765575500143724660523932838995913155742674772363080482""]",1550919718358407282195502624454024043548371894880524875591592435874969089593|40629070898962926343473765575500143724660523932838995913155742674772363080482,40629070898962926343473765575500143724660523932838995913155742674772363080482,No,True,0.11,98.66,0.16,24.94,0.135,0.05,e28525387a6d584e56fe6ebfc005a3cf5fbff1f0,0.01,5,0.890,2544.7757,19919.501799
2026-03-05T00:48:42Z,UCL,166600,will-any-of-the-big-six-epl-clubs-miss-european-football,Will any of the Big Six EPL clubs miss European football?,2026-01-15T21:51:45.644958Z,1193927,will-any-of-the-big-six-epl-clubs-miss-european-football,Will any of the Big Six EPL clubs miss European football?,0x15f255d686073f029120e35a0d84e6b5f12c644ba1c3fb0ff957db39c87dd9d6,"[""53700731619564827206522678634967205863370649402862680120868828134659640876832"", ""27118484817045165323922850148358333703355208882223019742693567654808189238554""]",53700731619564827206522678634967205863370649402862680120868828134659640876832|27118484817045165323922850148358333703355208882223019742693567654808189238554,53700731619564827206522678634967205863370649402862680120868828134659640876832,Yes,True,0.984,1.97,0.988,6.23,0.986,0.0040000000000000036,ed7bb6e5773dba4316f2b189370265a3bb507c34,0.001,5,,757.74918,2642.93845
2026-03-05T00:48:42Z,UCL,166600,will-any-of-the-big-six-epl-clubs-miss-european-football,Will any of the Big Six EPL clubs miss European football?,2026-01-15T21:51:45.644958Z,1193927,will-any-of-the-big-six-epl-clubs-miss-european-football,Will any of the Big Six EPL clubs miss European football?,0x15f255d686073f029120e35a0d84e6b5f12c644ba1c3fb0ff957db39c87dd9d6,"[""53700731619564827206522678634967205863370649402862680120868828134659640876832"", ""27118484817045165323922850148358333703355208882223019742693567654808189238554""]",53700731619564827206522678634967205863370649402862680120868828134659640876832|27118484817045165323922850148358333703355208882223019742693567654808189238554,27118484817045165323922850148358333703355208882223019742693567654808189238554,No,True,0.012,6.23,0.016,1.97,0.014,0.004,6912703dce9c96770b7478468b3543338a25a3f2,0.001,5,,757.74918,2642.93845
2026-03-05T00:48:42Z,UCL,204446,ucl-atm1-bru-2026-02-24,Club Atlético de Madrid vs. Club Brugge KV,2026-02-10T19:06:08.522281Z,1363649,ucl-atm1-bru-2026-02-24-atm1,Will Club Atlético de Madrid win on 2026-02-24?,0x68c1ae541d9c767a1dca43bae533131c2d34ea32763869529cce270283662efa,"[""16107251734527879441616914195872944554196134700278340645730658792730792753044"", ""113580076162033210038188442029486142301687627896507068397896979268358103753453""]",16107251734527879441616914195872944554196134700278340645730658792730792753044|113580076162033210038188442029486142301687627896507068397896979268358103753453,16107251734527879441616914195872944554196134700278340645730658792730792753044,Yes,False,,,,,,,,,,,,8489980.92698
2026-03-05T00:48:42Z,UCL,204446,ucl-atm1-bru-2026-02-24,Club Atlético de Madrid vs. Club Brugge KV,2026-02-10T19:06:08.522281Z,1363649,ucl-atm1-bru-2026-02-24-atm1,Will Club Atlético de Madrid win on 2026-02-24?,0x68c1ae541d9c767a1dca43bae533131c2d34ea32763869529cce270283662efa,"[""16107251734527879441616914195872944554196134700278340645730658792730792753044"", ""113580076162033210038188442029486142301687627896507068397896979268358103753453""]",16107251734527879441616914195872944554196134700278340645730658792730792753044|113580076162033210038188442029486142301687627896507068397896979268358103753453,113580076162033210038188442029486142301687627896507068397896979268358103753453,No,False,,,,,,,,,,,,8489980.92698
2026-03-05T00:48:42Z,UCL,204446,ucl-atm1-bru-2026-02-24,Club Atlético de Madrid vs. Club Brugge KV,2026-02-10T19:06:08.522281Z,1363652,ucl-atm1-bru-2026-02-24-draw,Will Club Atlético de Madrid vs. Club Brugge KV end in a draw?,0xefb1a99c4462dd9b1e566b8fe12ee1080b2a73c8391c7e67aa4c95c26e70d089,"[""38505478854409551225292960733943126501023868036978269979516200075923561377561"", ""74811512510802696465832054859180133290642719250437746961170918915789660952303""]",38505478854409551225292960733943126501023868036978269979516200075923561377561|74811512510802696465832054859180133290642719250437746961170918915789660952303,38505478854409551225292960733943126501023868036978269979516200075923561377561,Yes,True,,,0.001,258.79,,,8261d639add5131d1bfbddc93381030de06d55db,0.001,5,0.999,5615.95582,400481.72971
2026-03-05T00:48:42Z,UCL,204446,ucl-atm1-bru-2026-02-24,Club Atlético de Madrid vs. Club Brugge KV,2026-02-10T19:06:08.522281Z,1363652,ucl-atm1-bru-2026-02-24-draw,Will Club Atlético de Madrid vs. Club Brugge KV end in a draw?,0xefb1a99c4462dd9b1e566b8fe12ee1080b2a73c8391c7e67aa4c95c26e70d089,"[""38505478854409551225292960733943126501023868036978269979516200075923561377561"", ""74811512510802696465832054859180133290642719250437746961170918915789660952303""]",38505478854409551225292960733943126501023868036978269979516200075923561377561|74811512510802696465832054859180133290642719250437746961170918915789660952303,74811512510802696465832054859180133290642719250437746961170918915789660952303,No,True,0.999,258.79,,,,,b1fc67925503638d88cc24e7824ac7a2c8dcdd46,0.001,5,0.999,5615.95582,400481.72971
2026-03-05T00:48:42Z,UCL,204446,ucl-atm1-bru-2026-02-24,Club Atlético de Madrid vs. Club Brugge KV,2026-02-10T19:06:08.522281Z,1363654,ucl-atm1-bru-2026-02-24-bru,Will Club Brugge KV win on 2026-02-24?,0x92a3f4c977104204bcf2305ba637bd27f477ce4b411b91615cd38396757fbcf0,"[""11818111027716980978591503189225158997004484465873909252999489125701230475681"", ""21577357760177622618944820871649316040949951980845740612687341332984338005492""]",11818111027716980978591503189225158997004484465873909252999489125701230475681|21577357760177622618944820871649316040949951980845740612687341332984338005492,11818111027716980978591503189225158997004484465873909252999489125701230475681,Yes,False,,,,,,,,,,,,813811.598021
2026-03-05T00:48:42Z,UCL,204446,ucl-atm1-bru-2026-02-24,Club Atlético de Madrid vs. Club Brugge KV,2026-02-10T19:06:08.522281Z,1363654,ucl-atm1-bru-2026-02-24-bru,Will Club Brugge KV win on 2026-02-24?,0x92a3f4c977104204bcf2305ba637bd27f477ce4b411b91615cd38396757fbcf0,"[""11818111027716980978591503189225158997004484465873909252999489125701230475681"", ""21577357760177622618944820871649316040949951980845740612687341332984338005492""]",11818111027716980978591503189225158997004484465873909252999489125701230475681|21577357760177622618944820871649316040949951980845740612687341332984338005492,21577357760177622618944820871649316040949951980845740612687341332984338005492,No,False,,,,,,,,,,,,813811.598021
2026-03-05T00:48:42Z,UCL,217713,uefa-champions-league-most-player-of-the-match-awards,UEFA Champions League: Most Player of the Match Awards,2026-02-21T00:50:31.509181Z,1399553,will-harry-kane-record-the-most-player-of-the-match-awards-during-the-2025-uefa-champions-league,Will Harry Kane record the most Player of the Match awards during the 2025 UEFA Champions League?,0x85ca75b0adad859523569ae4779fd70c55b9a197c58308611f0cbabae1a953dd,"[""15537016803285198311159086354217492190721902211344810254673233244685609931273"", ""53648305857187197223821205198476062710362591490773737518218548614563779261971""]",15537016803285198311159086354217492190721902211344810254673233244685609931273|53648305857187197223821205198476062710362591490773737518218548614563779261971,15537016803285198311159086354217492190721902211344810254673233244685609931273,Yes,True,0.24,6.76,0.64,6.68,0.44,0.4,a7f60842fe95fb0ff4775ee1d6ddc85357d351b1,0.01,5,,154.932,153.806292
2026-03-05T00:48:42Z,UCL,217713,uefa-champions-league-most-player-of-the-match-awards,UEFA Champions League: Most Player of the Match Awards,2026-02-21T00:50:31.509181Z,1399553,will-harry-kane-record-the-most-player-of-the-match-awards-during-the-2025-uefa-champions-league,Will Harry Kane record the most Player of the Match awards during the 2025 UEFA Champions League?,0x85ca75b0adad859523569ae4779fd70c55b9a197c58308611f0cbabae1a953dd,"[""15537016803285198311159086354217492190721902211344810254673233244685609931273"", ""53648305857187197223821205198476062710362591490773737518218548614563779261971""]",15537016803285198311159086354217492190721902211344810254673233244685609931273|53648305857187197223821205198476062710362591490773737518218548614563779261971,53648305857187197223821205198476062710362591490773737518218548614563779261971,No,True,0.36,6.68,0.76,6.76,0.56,0.4,f3b644e48152a21c6af42c37bc8ff4758944f7c6,0.01,5,,154.932,153.806292
2026-03-05T00:48:42Z,UCL,217713,uefa-champions-league-most-player-of-the-match-awards,UEFA Champions League: Most Player of the Match Awards,2026-02-21T00:50:31.509181Z,1399555,will-marcus-thuram-record-the-most-player-of-the-match-awards-during-the-2025-uefa-champions-league,Will Marcus Thuram record the most Player of the Match awards during the 2025 UEFA Champions League?,0x15528009350c3f99ffd1d79ed9bf21a0165f2ffabfd69bbb2db066631b20adab,"[""47757598099264730519682081975634678745964359372025600855117278840042065610727"", ""69755295281611679553314767225079829135228062581562121675670439044871323225667""]",47757598099264730519682081975634678745964359372025600855117278840042065610727|69755295281611679553314767225079829135228062581562121675670439044871323225667,47757598099264730519682081975634678745964359372025600855117278840042065610727,Yes,False,,,,,,,,,,,,4586.60785
2026-03-05T00:48:42Z,UCL,217713,uefa-champions-league-most-player-of-the-match-awards,UEFA Champions League: Most Player of the Match Awards,2026-02-21T00:50:31.509181Z,1399555,will-marcus-thuram-record-the-most-player-of-the-match-awards-during-the-2025-uefa-champions-league,Will Marcus Thuram record the most Player of the Match awards during the 2025 UEFA Champions League?,0x15528009350c3f99ffd1d79ed9bf21a0165f2ffabfd69bbb2db066631b20adab,"[""47757598099264730519682081975634678745964359372025600855117278840042065610727"", ""69755295281611679553314767225079829135228062581562121675670439044871323225667""]",47757598099264730519682081975634678745964359372025600855117278840042065610727|69755295281611679553314767225079829135228062581562121675670439044871323225667,69755295281611679553314767225079829135228062581562121675670439044871323225667,No,False,,,,,,,,,,,,4586.60785
2026-03-05T00:48:42Z,UCL,217713,uefa-champions-league-most-player-of-the-match-awards,UEFA Champions League: Most Player of the Match Awards,2026-02-21T00:50:31.509181Z,1399557,will-nuno-mendes-record-the-most-player-of-the-match-awards-during-the-2025-uefa-champions-league,Will Nuno Mendes record the most Player of the Match awards during the 2025 UEFA Champions League?,0xa32785a75002a750486ae89e35665c0225b2343b86afcbba2011e32e1971f9b6,"[""38655487770017246275071683373840031371262842748942274408676427993045807562956"", ""35692113438988747977471836113315366643214221736265009688086810249959727896103""]",38655487770017246275071683373840031371262842748942274408676427993045807562956|35692113438988747977471836113315366643214221736265009688086810249959727896103,38655487770017246275071683373840031371262842748942274408676427993045807562956,Yes,True,0.07,23.4,0.17,5.0,0.12000000000000001,0.1,7ebec140baeaeb7dd2848f8587c212bd97d69a9e,0.01,5,,460.4822,238.797271
2026-03-05T00:48:42Z,UCL,217713,uefa-champions-league-most-player-of-the-match-awards,UEFA Champions League: Most Player of the Match Awards,2026-02-21T00:50:31.509181Z,1399557,will-nuno-mendes-record-the-most-player-of-the-match-awards-during-the-2025-uefa-champions-league,Will Nuno Mendes record the most Player of the Match awards during the 2025 UEFA Champions League?,0xa32785a75002a750486ae89e35665c0225b2343b86afcbba2011e32e1971f9b6,"[""38655487770017246275071683373840031371262842748942274408676427993045807562956"", ""35692113438988747977471836113315366643214221736265009688086810249959727896103""]",38655487770017246275071683373840031371262842748942274408676427993045807562956|35692113438988747977471836113315366643214221736265009688086810249959727896103,35692113438988747977471836113315366643214221736265009688086810249959727896103,No,True,0.83,5.0,0.93,23.4,0.88,0.10000000000000009,f099c7f19188a06038ad71395029ec4a3a9e8b14,0.01,5,,460.4822,238.797271
2026-03-05T00:48:42Z,UCL,217713,uefa-champions-league-most-player-of-the-match-awards,UEFA Champions League: Most Player of the Match Awards,2026-02-21T00:50:31.509181Z,1399559,will-phil-foden-record-the-most-player-of-the-match-awards-during-the-2025-uefa-champions-league,Will Phil Foden record the most Player of the Match awards during the 2025 UEFA Champions League?,0xa70d895c41256bb40a6a1f1959d9221ec7b303fb54c1e93e2d18e87230f2700a,"[""112076888410927944791556171823755936705575045033585227861775412152576005698972"", ""81770942824498859922776164183360243928346384705073497941763681064341770778314""]",112076888410927944791556171823755936705575045033585227861775412152576005698972|81770942824498859922776164183360243928346384705073497941763681064341770778314,112076888410927944791556171823755936705575045033585227861775412152576005698972,Yes,True,0.017,12.83,0.445,11.48,0.231,0.428,28a0828adf2e7b8bd3a00807f79e8e21b902c008,0.001,5,,85.85525,87.47
2026-03-05T00:48:42Z,UCL,217713,uefa-champions-league-most-player-of-the-match-awards,UEFA Champions League: Most Player of the Match Awards,2026-02-21T00:50:31.509181Z,1399559,will-phil-foden-record-the-most-player-of-the-match-awards-during-the-2025-uefa-champions-league,Will Phil Foden record the most Player of the Match awards during the 2025 UEFA Champions League?,0xa70d895c41256bb40a6a1f1959d9221ec7b303fb54c1e93e2d18e87230f2700a,"[""112076888410927944791556171823755936705575045033585227861775412152576005698972"", ""81770942824498859922776164183360243928346384705073497941763681064341770778314""]",112076888410927944791556171823755936705575045033585227861775412152576005698972|81770942824498859922776164183360243928346384705073497941763681064341770778314,81770942824498859922776164183360243928346384705073497941763681064341770778314,No,True,0.555,11.48,0.983,12.83,0.769,0.42799999999999994,a456603dffb2acbbc850cde4ac80add40be50e7f,0.001,5,,85.85525,87.47
2026-03-05T00:48:42Z,UCL,217713,uefa-champions-league-most-player-of-the-match-awards,UEFA Champions League: Most Player of the Match Awards,2026-02-21T00:50:31.509181Z,1399561,will-marc-cucurella-record-the-most-player-of-the-match-awards-during-the-2025-uefa-champions-league,Will Marc Cucurella record the most Player of the Match awards during the 2025 UEFA Champions League?,0xcf434c8bbc092cf63723e8c34b3a12c5a3d42de57d7a07dea9d6ef60ab16cd09,"[""50579093185251384460638109379258135242798077469869135217626800169937270088049"", ""114373414907620744882192861066252016747432786254503889980492646149040531833339""]",50579093185251384460638109379258135242798077469869135217626800169937270088049|114373414907620744882192861066252016747432786254503889980492646149040531833339,50579093185251384460638109379258135242798077469869135217626800169937270088049,Yes,True,0.012,7.21,0.437,11.5,0.2245,0.425,da8206411830a49ed34699ff91550641620d4245,0.001,5,,87.12738,87.47
2026-03-05T00:48:42Z,UCL,217713,uefa-champions-league-most-player-of-the-match-awards,UEFA Champions League: Most Player of the Match Awards,2026-02-21T00:50:31.509181Z,1399561,will-marc-cucurella-record-the-most-player-of-the-match-awards-during-the-2025-uefa-champions-league,Will Marc Cucurella record the most Player of the Match awards during the 2025 UEFA Champions League?,0xcf434c8bbc092cf63723e8c34b3a12c5a3d42de57d7a07dea9d6ef60ab16cd09,"[""50579093185251384460638109379258135242798077469869135217626800169937270088049"", ""114373414907620744882192861066252016747432786254503889980492646149040531833339""]",50579093185251384460638109379258135242798077469869135217626800169937270088049|114373414907620744882192861066252016747432786254503889980492646149040531833339,114373414907620744882192861066252016747432786254503889980492646149040531833339,No,True,0.563,11.5,0.988,7.21,0.7755,0.42500000000000004,5c2d869f7553f85c31211df06c5063ef5a1e8789,0.001,5,,87.12738,87.47
2026-03-05T00:48:42Z,UCL,217713,uefa-champions-league-most-player-of-the-match-awards,UEFA Champions League: Most Player of the Match Awards,2026-02-21T00:50:31.509181Z,1399565,will-xavi-simons-record-the-most-player-of-the-match-awards-during-the-2025-uefa-champions-league-654,Will Xavi Simons record the most Player of the Match awards during the 2025 UEFA Champions League?,0xc4f5bb4f795e3606f6832cd05cc1763e23c1610847007947d785e5b239e04ce7,"[""94299375201591812349084521304596816473199985624459180859704459405422961969689"", ""101629492053752880855283498148178251928033864580322295551767933853012060529524""]",94299375201591812349084521304596816473199985624459180859704459405422961969689|101629492053752880855283498148178251928033864580322295551767933853012060529524,94299375201591812349084521304596816473199985624459180859704459405422961969689,Yes,True,0.011,7.08,0.028,29.85,0.0195,0.017,75e28d7cc7f5dd2a58987a11cb7a3df021f4dd7e,0.001,5,,151.99592,62.62
2026-03-05T00:48:42Z,UCL,217713,uefa-champions-league-most-player-of-the-match-awards,UEFA Champions League: Most Player of the Match Awards,2026-02-21T00:50:31.509181Z,1399565,will-xavi-simons-record-the-most-player-of-the-match-awards-during-the-2025-uefa-champions-league-654,Will Xavi Simons record the most Player of the Match awards during the 2025 UEFA Champions League?,0xc4f5bb4f795e3606f6832cd05cc1763e23c1610847007947d785e5b239e04ce7,"[""94299375201591812349084521304596816473199985624459180859704459405422961969689"", ""101629492053752880855283498148178251928033864580322295551767933853012060529524""]",94299375201591812349084521304596816473199985624459180859704459405422961969689|101629492053752880855283498148178251928033864580322295551767933853012060529524,101629492053752880855283498148178251928033864580322295551767933853012060529524,No,True,0.972,29.85,0.989,7.08,0.9804999999999999,0.017000000000000015,336621db99e2f449c5fc36cec7c62ca4221ecf91,0.001,5,,151.99592,62.62
2026-03-05T00:48:42Z,UCL,217713,uefa-champions-league-most-player-of-the-match-awards,UEFA Champions League: Most Player of the Match Awards,2026-02-21T00:50:31.509181Z,1399567,will-fermn-lpez-record-the-most-player-of-the-match-awards-during-the-2025-uefa-champions-league-591,Will Fermín López record the most Player of the Match awards during the 2025 UEFA Champions League?,0x7bd35d50cf1444a0dc61d85672a40cc8f00ef55a9cff6bb59671948ceb315ada,"[""81266608945451563130030303824236175739157886240397624022222780518063807555985"", ""27135496799124673878428138445119001440751902256488009975233578437057071130602""]",81266608945451563130030303824236175739157886240397624022222780518063807555985|27135496799124673878428138445119001440751902256488009975233578437057071130602,81266608945451563130030303824236175739157886240397624022222780518063807555985,Yes,True,0.018,12.02,0.47,6.5,0.244,0.45199999999999996,8b5d94d003a3ba91a7bad6637bf380e4513ea59a,0.001,5,,159.16425,92.47
2026-03-05T00:48:42Z,UCL,217713,uefa-champions-league-most-player-of-the-match-awards,UEFA Champions League: Most Player of the Match Awards,2026-02-21T00:50:31.509181Z,1399567,will-fermn-lpez-record-the-most-player-of-the-match-awards-during-the-2025-uefa-champions-league-591,Will Fermín López record the most Player of the Match awards during the 2025 UEFA Champions League?,0x7bd35d50cf1444a0dc61d85672a40cc8f00ef55a9cff6bb59671948ceb315ada,"[""81266608945451563130030303824236175739157886240397624022222780518063807555985"", ""27135496799124673878428138445119001440751902256488009975233578437057071130602""]",81266608945451563130030303824236175739157886240397624022222780518063807555985|27135496799124673878428138445119001440751902256488009975233578437057071130602,27135496799124673878428138445119001440751902256488009975233578437057071130602,No,True,0.53,6.5,0.982,12.02,0.756,0.45199999999999996,9ab35db6571b98d9e769a240881755aa4603c3c9,0.001,5,,159.16425,92.47
2026-03-05T00:48:42Z,UCL,217713,uefa-champions-league-most-player-of-the-match-awards,UEFA Champions League: Most Player of the Match Awards,2026-02-21T00:50:31.509181Z,1399569,will-francisco-trinco-record-the-most-player-of-the-match-awards-during-the-2025-uefa-champions-league-269,Will Francisco Trincão record the most Player of the Match awards during the 2025 UEFA Champions League?,0x741de6a0dc4a98aa39974ec9e0e77c2200d2e69f46ad7b1b54dea5ef877cd070,"[""108883143981864847455097416606330407272845237079126842561627214566691561599690"", ""79477881093661105662052795040542498045782610903743766662228907518461014976197""]",108883143981864847455097416606330407272845237079126842561627214566691561599690|79477881093661105662052795040542498045782610903743766662228907518461014976197,108883143981864847455097416606330407272845237079126842561627214566691561599690,Yes,True,0.011,7.08,0.028,29.85,0.0195,0.017,95a7c976124fd0c158124986b37efa62c485ec9a,0.001,5,,168.33872,62.62
2026-03-05T00:48:42Z,UCL,217713,uefa-champions-league-most-player-of-the-match-awards,UEFA Champions League: Most Player of the Match Awards,2026-02-21T00:50:31.509181Z,1399569,will-francisco-trinco-record-the-most-player-of-the-match-awards-during-the-2025-uefa-champions-league-269,Will Francisco Trincão record the most Player of the Match awards during the 2025 UEFA Champions League?,0x741de6a0dc4a98aa39974ec9e0e77c2200d2e69f46ad7b1b54dea5ef877cd070,"[""108883143981864847455097416606330407272845237079126842561627214566691561599690"", ""79477881093661105662052795040542498045782610903743766662228907518461014976197""]",108883143981864847455097416606330407272845237079126842561627214566691561599690|79477881093661105662052795040542498045782610903743766662228907518461014976197,79477881093661105662052795040542498045782610903743766662228907518461014976197,No,True,0.972,29.85,0.989,7.08,0.9804999999999999,0.017000000000000015,3d3446a12915b072faca0a709eeb26ab65b7eecb,0.001,5,,168.33872,62.62
2026-03-05T00:48:42Z,UCL,217713,uefa-champions-league-most-player-of-the-match-awards,UEFA Champions League: Most Player of the Match Awards,2026-02-21T00:50:31.509181Z,1399571,will-player-a-record-the-most-player-of-the-match-awards-during-the-2025-uefa-champions-league-284,Will Player A record the most Player of the Match awards during the 2025 UEFA Champions League?,0x2750c85b77eea9525042d1e73ed6f7b671b863e047e76cff976be297fa4652b6,"[""32426457941330631177006699046137928028627131788100999715871029558298183976079"", ""110769539971663446880506049559495784659477351495316157142173824042208873247152""]",32426457941330631177006699046137928028627131788100999715871029558298183976079|110769539971663446880506049559495784659477351495316157142173824042208873247152,32426457941330631177006699046137928028627131788100999715871029558298183976079,Yes,False,,,,,,,,,,,0,0
2026-03-05T00:48:42Z,UCL,217713,uefa-champions-league-most-player-of-the-match-awards,UEFA Champions League: Most Player of the Match Awards,2026-02-21T00:50:31.509181Z,1399571,will-player-a-record-the-most-player-of-the-match-awards-during-the-2025-uefa-champions-league-284,Will Player A record the most Player of the Match awards during the 2025 UEFA Champions League?,0x2750c85b77eea9525042d1e73ed6f7b671b863e047e76cff976be297fa4652b6,"[""32426457941330631177006699046137928028627131788100999715871029558298183976079"", ""110769539971663446880506049559495784659477351495316157142173824042208873247152""]",32426457941330631177006699046137928028627131788100999715871029558298183976079|110769539971663446880506049559495784659477351495316157142173824042208873247152,110769539971663446880506049559495784659477351495316157142173824042208873247152,No,False,,,,,,,,,,,0,0
2026-03-05T00:48:42Z,UCL,217713,uefa-champions-league-most-player-of-the-match-awards,UEFA Champions League: Most Player of the Match Awards,2026-02-21T00:50:31.509181Z,1399573,will-player-c-record-the-most-player-of-the-match-awards-during-the-2025-uefa-champions-league-846,Will Player C record the most Player of the Match awards during the 2025 UEFA Champions League?,0x2c13d6b45a3b934915476fae0d884cfceab2d438a9b14a38201b9d284536a4e4,"[""91749629825116353421144285193839979316496081873915917950836160234111326861992"", ""47158358983483081794123075563644498132645281207724350101390642676790980846153""]",91749629825116353421144285193839979316496081873915917950836160234111326861992|47158358983483081794123075563644498132645281207724350101390642676790980846153,91749629825116353421144285193839979316496081873915917950836160234111326861992,Yes,False,,,,,,,,,,,0,0
2026-03-05T00:48:42Z,UCL,217713,uefa-champions-league-most-player-of-the-match-awards,UEFA Champions League: Most Player of the Match Awards,2026-02-21T00:50:31.509181Z,1399573,will-player-c-record-the-most-player-of-the-match-awards-during-the-2025-uefa-champions-league-846,Will Player C record the most Player of the Match awards during the 2025 UEFA Champions League?,0x2c13d6b45a3b934915476fae0d884cfceab2d438a9b14a38201b9d284536a4e4,"[""91749629825116353421144285193839979316496081873915917950836160234111326861992"", ""47158358983483081794123075563644498132645281207724350101390642676790980846153""]",91749629825116353421144285193839979316496081873915917950836160234111326861992|47158358983483081794123075563644498132645281207724350101390642676790980846153,47158358983483081794123075563644498132645281207724350101390642676790980846153,No,False,,,,,,,,,,,0,0
2026-03-05T00:48:42Z,UCL,217713,uefa-champions-league-most-player-of-the-match-awards,UEFA Champions League: Most Player of the Match Awards,2026-02-21T00:50:31.509181Z,1399575,will-player-e-record-the-most-player-of-the-match-awards-during-the-2025-uefa-champions-league-583,Will Player E record the most Player of the Match awards during the 2025 UEFA Champions League?,0xc674667c5f28dd5166359f64716e660ba329acc8ec68adfdf2dd0bb536b0b098,"[""35410415329176249445957196082611826871700415548588275015330316563013649214293"", ""53321933319863347269907179188571838922997147853477975935932827592206417480695""]",35410415329176249445957196082611826871700415548588275015330316563013649214293|53321933319863347269907179188571838922997147853477975935932827592206417480695,35410415329176249445957196082611826871700415548588275015330316563013649214293,Yes,False,,,,,,,,,,,0,0
2026-03-05T00:48:42Z,UCL,217713,uefa-champions-league-most-player-of-the-match-awards,UEFA Champions League: Most Player of the Match Awards,2026-02-21T00:50:31.509181Z,1399575,will-player-e-record-the-most-player-of-the-match-awards-during-the-2025-uefa-champions-league-583,Will Player E record the most Player of the Match awards during the 2025 UEFA Champions League?,0xc674667c5f28dd5166359f64716e660ba329acc8ec68adfdf2dd0bb536b0b098,"[""35410415329176249445957196082611826871700415548588275015330316563013649214293"", ""53321933319863347269907179188571838922997147853477975935932827592206417480695""]",35410415329176249445957196082611826871700415548588275015330316563013649214293|53321933319863347269907179188571838922997147853477975935932827592206417480695,53321933319863347269907179188571838922997147853477975935932827592206417480695,No,False,,,,,,,,,,,0,0
2026-03-05T00:48:42Z,UCL,217713,uefa-champions-league-most-player-of-the-match-awards,UEFA Champions League: Most Player of the Match Awards,2026-02-21T00:50:31.509181Z,1399577,will-player-g-record-the-most-player-of-the-match-awards-during-the-2025-uefa-champions-league-437,Will Player G record the most Player of the Match awards during the 2025 UEFA Champions League?,0xcaacfed41494cf0583bd3c729ba2023d0bbb8cc0c13487bc3768bdc5fb1ec8c6,"[""82207314085403569102468862586557731969496450599299504706375664240209708591795"", ""111250455729909033969405870999908884072418864943041792210499982467885587203275""]",82207314085403569102468862586557731969496450599299504706375664240209708591795|111250455729909033969405870999908884072418864943041792210499982467885587203275,82207314085403569102468862586557731969496450599299504706375664240209708591795,Yes,False,,,,,,,,,,,0,0
2026-03-05T00:48:42Z,UCL,217713,uefa-champions-league-most-player-of-the-match-awards,UEFA Champions League: Most Player of the Match Awards,2026-02-21T00:50:31.509181Z,1399577,will-player-g-record-the-most-player-of-the-match-awards-during-the-2025-uefa-champions-league-437,Will Player G record the most Player of the Match awards during the 2025 UEFA Champions League?,0xcaacfed41494cf0583bd3c729ba2023d0bbb8cc0c13487bc3768bdc5fb1ec8c6,"[""82207314085403569102468862586557731969496450599299504706375664240209708591795"", ""111250455729909033969405870999908884072418864943041792210499982467885587203275""]",82207314085403569102468862586557731969496450599299504706375664240209708591795|111250455729909033969405870999908884072418864943041792210499982467885587203275,111250455729909033969405870999908884072418864943041792210499982467885587203275,No,False,,,,,,,,,,,0,0
2026-03-05T00:48:42Z,UCL,217713,uefa-champions-league-most-player-of-the-match-awards,UEFA Champions League: Most Player of the Match Awards,2026-02-21T00:50:31.509181Z,1399579,will-player-i-record-the-most-player-of-the-match-awards-during-the-2025-uefa-champions-league-924,Will Player I record the most Player of the Match awards during the 2025 UEFA Champions League?,0x4ed3bd6ffa763a04899bc3fc70db60cfff6d89959a29f9926b82bcf3bd4c74ea,"[""86306180650113716130220581976424607074124427809546729356840394097788622440744"", ""99510416084221686355090554154071222307210974527184865548224801612290695976255""]",86306180650113716130220581976424607074124427809546729356840394097788622440744|99510416084221686355090554154071222307210974527184865548224801612290695976255,86306180650113716130220581976424607074124427809546729356840394097788622440744,Yes,False,,,,,,,,,,,0,0
2026-03-05T00:48:42Z,UCL,217713,uefa-champions-league-most-player-of-the-match-awards,UEFA Champions League: Most Player of the Match Awards,2026-02-21T00:50:31.509181Z,1399579,will-player-i-record-the-most-player-of-the-match-awards-during-the-2025-uefa-champions-league-924,Will Player I record the most Player of the Match awards during the 2025 UEFA Champions League?,0x4ed3bd6ffa763a04899bc3fc70db60cfff6d89959a29f9926b82bcf3bd4c74ea,"[""86306180650113716130220581976424607074124427809546729356840394097788622440744"", ""99510416084221686355090554154071222307210974527184865548224801612290695976255""]",86306180650113716130220581976424607074124427809546729356840394097788622440744|99510416084221686355090554154071222307210974527184865548224801612290695976255,99510416084221686355090554154071222307210974527184865548224801612290695976255,No,False,,,,,,,,,,,0,0
2026-03-05T00:48:42Z,UCL,217713,uefa-champions-league-most-player-of-the-match-awards,UEFA Champions League: Most Player of the Match Awards,2026-02-21T00:50:31.509181Z,1399581,will-player-k-record-the-most-player-of-the-match-awards-during-the-2025-uefa-champions-league-596,Will Player K record the most Player of the Match awards during the 2025 UEFA Champions League?,0x1834c40944a411cd7f0c9965c4ffa7eca78f98870625c5323747002e5f42afd8,"[""80521203430101341377756660829201446851988601569970107597353960010258530807626"", ""91709661853192336196406149842708850309497687244657347404990561548218694248225""]",80521203430101341377756660829201446851988601569970107597353960010258530807626|91709661853192336196406149842708850309497687244657347404990561548218694248225,80521203430101341377756660829201446851988601569970107597353960010258530807626,Yes,False,,,,,,,,,,,0,0
2026-03-05T00:48:42Z,UCL,217713,uefa-champions-league-most-player-of-the-match-awards,UEFA Champions League: Most Player of the Match Awards,2026-02-21T00:50:31.509181Z,1399581,will-player-k-record-the-most-player-of-the-match-awards-during-the-2025-uefa-champions-league-596,Will Player K record the most Player of the Match awards during the 2025 UEFA Champions League?,0x1834c40944a411cd7f0c9965c4ffa7eca78f98870625c5323747002e5f42afd8,"[""80521203430101341377756660829201446851988601569970107597353960010258530807626"", ""91709661853192336196406149842708850309497687244657347404990561548218694248225""]",80521203430101341377756660829201446851988601569970107597353960010258530807626|91709661853192336196406149842708850309497687244657347404990561548218694248225,91709661853192336196406149842708850309497687244657347404990561548218694248225,No,False,,,,,,,,,,,0,0
2026-03-05T00:48:42Z,UCL,217713,uefa-champions-league-most-player-of-the-match-awards,UEFA Champions League: Most Player of the Match Awards,2026-02-21T00:50:31.509181Z,1399583,will-player-m-record-the-most-player-of-the-match-awards-during-the-2025-uefa-champions-league-758,Will Player M record the most Player of the Match awards during the 2025 UEFA Champions League?,0x44f5bfaac3ad64d5205e2c571bbb276da4aa7843abaf3eef2450bece8119b5d7,"[""67920442632684983913731621766594884337358846546195710083355668761593567030042"", ""70362663189588322360783227991207775742126972869003025928617752450861385991749""]",67920442632684983913731621766594884337358846546195710083355668761593567030042|70362663189588322360783227991207775742126972869003025928617752450861385991749,67920442632684983913731621766594884337358846546195710083355668761593567030042,Yes,False,,,,,,,,,,,0,0
2026-03-05T00:48:42Z,UCL,217713,uefa-champions-league-most-player-of-the-match-awards,UEFA Champions League: Most Player of the Match Awards,2026-02-21T00:50:31.509181Z,1399583,will-player-m-record-the-most-player-of-the-match-awards-during-the-2025-uefa-champions-league-758,Will Player M record the most Player of the Match awards during the 2025 UEFA Champions League?,0x44f5bfaac3ad64d5205e2c571bbb276da4aa7843abaf3eef2450bece8119b5d7,"[""67920442632684983913731621766594884337358846546195710083355668761593567030042"", ""70362663189588322360783227991207775742126972869003025928617752450861385991749""]",67920442632684983913731621766594884337358846546195710083355668761593567030042|70362663189588322360783227991207775742126972869003025928617752450861385991749,70362663189588322360783227991207775742126972869003025928617752450861385991749,No,False,,,,,,,,,,,0,0
2026-03-05T00:48:42Z,UCL,217713,uefa-champions-league-most-player-of-the-match-awards,UEFA Champions League: Most Player of the Match Awards,2026-02-21T00:50:31.509181Z,1399585,will-player-o-record-the-most-player-of-the-match-awards-during-the-2025-uefa-champions-league-821,Will Player O record the most Player of the Match awards during the 2025 UEFA Champions League?,0x9d4bd15e4bd36a426a8d54a74a1885a31321912a4fe335ff72ae26ebbf681cf0,"[""115424525588091863663333783487047471036977587406459365688940557276217151767691"", ""97414999045379731641984150465102428649550399871520652199584710722154695880527""]",115424525588091863663333783487047471036977587406459365688940557276217151767691|97414999045379731641984150465102428649550399871520652199584710722154695880527,115424525588091863663333783487047471036977587406459365688940557276217151767691,Yes,False,,,,,,,,,,,0,0
2026-03-05T00:48:42Z,UCL,217713,uefa-champions-league-most-player-of-the-match-awards,UEFA Champions League: Most Player of the Match Awards,2026-02-21T00:50:31.509181Z,1399585,will-player-o-record-the-most-player-of-the-match-awards-during-the-2025-uefa-champions-league-821,Will Player O record the most Player of the Match awards during the 2025 UEFA Champions League?,0x9d4bd15e4bd36a426a8d54a74a1885a31321912a4fe335ff72ae26ebbf681cf0,"[""115424525588091863663333783487047471036977587406459365688940557276217151767691"", ""97414999045379731641984150465102428649550399871520652199584710722154695880527""]",115424525588091863663333783487047471036977587406459365688940557276217151767691|97414999045379731641984150465102428649550399871520652199584710722154695880527,97414999045379731641984150465102428649550399871520652199584710722154695880527,No,False,,,,,,,,,,,0,0
2026-03-05T00:48:42Z,UCL,217713,uefa-champions-league-most-player-of-the-match-awards,UEFA Champions League: Most Player of the Match Awards,2026-02-21T00:50:31.509181Z,1399587,will-another-player-record-the-most-player-of-the-match-awards-during-the-2025-uefa-champions-league-889,Will another player record the most Player of the Match awards during the 2025 UEFA Champions League?,0x955d9430dcf13669e5e2ce2a9aa6565b2ae92cbc911aa03639fee1a5f865fe64,"[""21196668328585128000187064477749078624335632647987895219029738912840059821691"", ""63715520654972071942334586339918485906383218534726609395713623003329853269218""]",21196668328585128000187064477749078624335632647987895219029738912840059821691|63715520654972071942334586339918485906383218534726609395713623003329853269218,21196668328585128000187064477749078624335632647987895219029738912840059821691,Yes,False,,,,,,,,,,,0,0
2026-03-05T00:48:42Z,UCL,217713,uefa-champions-league-most-player-of-the-match-awards,UEFA Champions League: Most Player of the Match Awards,2026-02-21T00:50:31.509181Z,1399587,will-another-player-record-the-most-player-of-the-match-awards-during-the-2025-uefa-champions-league-889,Will another player record the most Player of the Match awards during the 2025 UEFA Champions League?,0x955d9430dcf13669e5e2ce2a9aa6565b2ae92cbc911aa03639fee1a5f865fe64,"[""21196668328585128000187064477749078624335632647987895219029738912840059821691"", ""63715520654972071942334586339918485906383218534726609395713623003329853269218""]",21196668328585128000187064477749078624335632647987895219029738912840059821691|63715520654972071942334586339918485906383218534726609395713623003329853269218,63715520654972071942334586339918485906383218534726609395713623003329853269218,No,False,,,,,,,,,,,0,0
2026-03-05T00:48:42Z,UCL,217713,uefa-champions-league-most-player-of-the-match-awards,UEFA Champions League: Most Player of the Match Awards,2026-02-21T00:50:31.509181Z,1399554,will-kylian-mbapp-record-the-most-player-of-the-match-awards-during-the-2025-uefa-champions-league,Will Kylian Mbappé record the most Player of the Match awards during the 2025 UEFA Champions League?,0x7c5faf9fae811e5d265884b7bc4d8841a9272f8c97ab5039355206e9cc5b2cfd,"[""72051538362914750764613492312649824458983841081812968885383333057780153009174"", ""8158149506701031779427826652140921251700424063843510411229900610703484381843""]",72051538362914750764613492312649824458983841081812968885383333057780153009174|8158149506701031779427826652140921251700424063843510411229900610703484381843,72051538362914750764613492312649824458983841081812968885383333057780153009174,Yes,True,0.11,50.25,0.18,18.52,0.145,0.06999999999999999,65af0fec90b4f00378c2f8c5502060beb7d47e8d,0.01,5,0.860,159.7613,78544.751683
2026-03-05T00:48:42Z,UCL,217713,uefa-champions-league-most-player-of-the-match-awards,UEFA Champions League: Most Player of the Match Awards,2026-02-21T00:50:31.509181Z,1399554,will-kylian-mbapp-record-the-most-player-of-the-match-awards-during-the-2025-uefa-champions-league,Will Kylian Mbappé record the most Player of the Match awards during the 2025 UEFA Champions League?,0x7c5faf9fae811e5d265884b7bc4d8841a9272f8c97ab5039355206e9cc5b2cfd,"[""72051538362914750764613492312649824458983841081812968885383333057780153009174"", ""8158149506701031779427826652140921251700424063843510411229900610703484381843""]",72051538362914750764613492312649824458983841081812968885383333057780153009174|8158149506701031779427826652140921251700424063843510411229900610703484381843,8158149506701031779427826652140921251700424063843510411229900610703484381843,No,True,0.82,18.52,0.89,50.25,0.855,0.07000000000000006,b19671ea17dffb8c75a63d2a6020fa1dbe0a2e1b,0.01,5,0.860,159.7613,78544.751683
2026-03-05T00:48:42Z,UCL,217713,uefa-champions-league-most-player-of-the-match-awards,UEFA Champions League: Most Player of the Match Awards,2026-02-21T00:50:31.509181Z,1399556,will-anthony-gordon-record-the-most-player-of-the-match-awards-during-the-2025-uefa-champions-league,Will Anthony Gordon record the most Player of the Match awards during the 2025 UEFA Champions League?,0x4b3715495c49f745913287de46306c6515374d34543238b606182fcbb8c64752,"[""2540895804033978352321996333495680536564138702173792712899562141740891362629"", ""104496009339715484679295086585477609982378921887560709285830151360840173213503""]",2540895804033978352321996333495680536564138702173792712899562141740891362629|104496009339715484679295086585477609982378921887560709285830151360840173213503,2540895804033978352321996333495680536564138702173792712899562141740891362629,Yes,True,0.018,149.07,0.458,5.14,0.23800000000000002,0.44,194ff9077d1ccef43687ad8fe84e8e7c31b183ac,0.001,5,,144.23629,103.913487
2026-03-05T00:48:42Z,UCL,217713,uefa-champions-league-most-player-of-the-match-awards,UEFA Champions League: Most Player of the Match Awards,2026-02-21T00:50:31.509181Z,1399556,will-anthony-gordon-record-the-most-player-of-the-match-awards-during-the-2025-uefa-champions-league,Will Anthony Gordon record the most Player of the Match awards during the 2025 UEFA Champions League?,0x4b3715495c49f745913287de46306c6515374d34543238b606182fcbb8c64752,"[""2540895804033978352321996333495680536564138702173792712899562141740891362629"", ""104496009339715484679295086585477609982378921887560709285830151360840173213503""]",2540895804033978352321996333495680536564138702173792712899562141740891362629|104496009339715484679295086585477609982378921887560709285830151360840173213503,104496009339715484679295086585477609982378921887560709285830151360840173213503,No,True,0.542,5.14,0.982,149.07,0.762,0.43999999999999995,fd0df1961bade69f80ef71f9de9a92a37448e7f1,0.001,5,,144.23629,103.913487
2026-03-05T00:48:42Z,UCL,217713,uefa-champions-league-most-player-of-the-match-awards,UEFA Champions League: Most Player of the Match Awards,2026-02-21T00:50:31.509181Z,1399558,will-virgil-van-dijk-record-the-most-player-of-the-match-awards-during-the-2025-uefa-champions-league,Will Virgil van Dijk record the most Player of the Match awards during the 2025 UEFA Champions League?,0x01330ac6a3d15f4b3a663daf30ff58fda5fd48b3aec01f0d9ae27b9bce5d9ec4,"[""51605474847032122578567713098229093935572987522096978804308642395284922269010"", ""99212094126368354230614375627797824220530412295471277551283033982607668656278""]",51605474847032122578567713098229093935572987522096978804308642395284922269010|99212094126368354230614375627797824220530412295471277551283033982607668656278,51605474847032122578567713098229093935572987522096978804308642395284922269010,Yes,True,0.011,8.36,0.141,16.35,0.076,0.12999999999999998,6cad20c7dcabd4920c95891c529e4fba7aada13d,0.001,5,,170.04511,107.905713
2026-03-05T00:48:42Z,UCL,217713,uefa-champions-league-most-player-of-the-match-awards,UEFA Champions League: Most Player of the Match Awards,2026-02-21T00:50:31.509181Z,1399558,will-virgil-van-dijk-record-the-most-player-of-the-match-awards-during-the-2025-uefa-champions-league,Will Virgil van Dijk record the most Player of the Match awards during the 2025 UEFA Champions League?,0x01330ac6a3d15f4b3a663daf30ff58fda5fd48b3aec01f0d9ae27b9bce5d9ec4,"[""51605474847032122578567713098229093935572987522096978804308642395284922269010"", ""99212094126368354230614375627797824220530412295471277551283033982607668656278""]",51605474847032122578567713098229093935572987522096978804308642395284922269010|99212094126368354230614375627797824220530412295471277551283033982607668656278,99212094126368354230614375627797824220530412295471277551283033982607668656278,No,True,0.859,16.35,0.989,8.36,0.9239999999999999,0.13,490d2b2aa83378b7929d57f9f7624060e5ef2a55,0.001,5,,170.04511,107.905713
2026-03-05T00:48:42Z,UCL,217713,uefa-champions-league-most-player-of-the-match-awards,UEFA Champions League: Most Player of the Match Awards,2026-02-21T00:50:31.509181Z,1399560,will-serhou-guirassy-record-the-most-player-of-the-match-awards-during-the-2025-uefa-champions-league,Will Serhou Guirassy record the most Player of the Match awards during the 2025 UEFA Champions League?,0x9f77e3e66e7e39471f6e65bf40b801909f0587d7491c69cb898dfe0b810569b7,"[""103003836760604651731124803801257125524303532256819535917257262269991770823659"", ""6665439197734896189527530671737690091017766557183157325742055288313256859711""]",103003836760604651731124803801257125524303532256819535917257262269991770823659|6665439197734896189527530671737690091017766557183157325742055288313256859711,103003836760604651731124803801257125524303532256819535917257262269991770823659,Yes,False,,,,,,,,,,,,11213.6
2026-03-05T00:48:42Z,UCL,217713,uefa-champions-league-most-player-of-the-match-awards,UEFA Champions League: Most Player of the Match Awards,2026-02-21T00:50:31.509181Z,1399560,will-serhou-guirassy-record-the-most-player-of-the-match-awards-during-the-2025-uefa-champions-league,Will Serhou Guirassy record the most Player of the Match awards during the 2025 UEFA Champions League?,0x9f77e3e66e7e39471f6e65bf40b801909f0587d7491c69cb898dfe0b810569b7,"[""103003836760604651731124803801257125524303532256819535917257262269991770823659"", ""6665439197734896189527530671737690091017766557183157325742055288313256859711""]",103003836760604651731124803801257125524303532256819535917257262269991770823659|6665439197734896189527530671737690091017766557183157325742055288313256859711,6665439197734896189527530671737690091017766557183157325742055288313256859711,No,False,,,,,,,,,,,,11213.6
2026-03-05T00:48:42Z,UCL,217713,uefa-champions-league-most-player-of-the-match-awards,UEFA Champions League: Most Player of the Match Awards,2026-02-21T00:50:31.509181Z,1399562,will-victor-osimhen-record-the-most-player-of-the-match-awards-during-the-2025-uefa-champions-league,Will Victor Osimhen record the most Player of the Match awards during the 2025 UEFA Champions League?,0x1cb8ad57bd61ead79c708afa8370db0aa7ceda7757e1b2dc7e8e4dd957978759,"[""54903059249311130211654740583772795145008145067153981639564896956533064280909"", ""1225603222315408961780858969232998178288036496445623800952788030690590180992""]",54903059249311130211654740583772795145008145067153981639564896956533064280909|1225603222315408961780858969232998178288036496445623800952788030690590180992,54903059249311130211654740583772795145008145067153981639564896956533064280909,Yes,True,0.02,20.0,0.472,25.0,0.246,0.45199999999999996,24a049c406608df6f60abd6ed87462c2aca6dfbd,0.001,5,,159.04931,92.47
2026-03-05T00:48:42Z,UCL,217713,uefa-champions-league-most-player-of-the-match-awards,UEFA Champions League: Most Player of the Match Awards,2026-02-21T00:50:31.509181Z,1399562,will-victor-osimhen-record-the-most-player-of-the-match-awards-during-the-2025-uefa-champions-league,Will Victor Osimhen record the most Player of the Match awards during the 2025 UEFA Champions League?,0x1cb8ad57bd61ead79c708afa8370db0aa7ceda7757e1b2dc7e8e4dd957978759,"[""54903059249311130211654740583772795145008145067153981639564896956533064280909"", ""1225603222315408961780858969232998178288036496445623800952788030690590180992""]",54903059249311130211654740583772795145008145067153981639564896956533064280909|1225603222315408961780858969232998178288036496445623800952788030690590180992,1225603222315408961780858969232998178288036496445623800952788030690590180992,No,True,0.528,25.0,0.98,20.0,0.754,0.45199999999999996,8e7e8366ca89027e95c4bee0a462c1e05455430b,0.001,5,,159.04931,92.47
2026-03-05T00:48:42Z,UCL,217713,uefa-champions-league-most-player-of-the-match-awards,UEFA Champions League: Most Player of the Match Awards,2026-02-21T00:50:31.509181Z,1399564,will-charles-de-ketelaere-record-the-most-player-of-the-match-awards-during-the-2025-uefa-champions-league-372,Will Charles De Ketelaere record the most Player of the Match awards during the 2025 UEFA Champions League?,0x64b035d562de83ad5c84b7c7e5436412f0f5d7f50cf5cac2d2fee4945d93c0c5,"[""86739286924959343265615485484005631413171319762445904453015886442486936327147"", ""20086558893045410004837798827752079102752923106677403669870307512935511377355""]",86739286924959343265615485484005631413171319762445904453015886442486936327147|20086558893045410004837798827752079102752923106677403669870307512935511377355,86739286924959343265615485484005631413171319762445904453015886442486936327147,Yes,True,0.01,250.0,0.27,11.4,0.14,0.26,f272dfc4e737ca32ea80134e340fe3d5d824c177,0.01,5,,206.4676,87.47
2026-03-05T00:48:42Z,UCL,217713,uefa-champions-league-most-player-of-the-match-awards,UEFA Champions League: Most Player of the Match Awards,2026-02-21T00:50:31.509181Z,1399564,will-charles-de-ketelaere-record-the-most-player-of-the-match-awards-during-the-2025-uefa-champions-league-372,Will Charles De Ketelaere record the most Player of the Match awards during the 2025 UEFA Champions League?,0x64b035d562de83ad5c84b7c7e5436412f0f5d7f50cf5cac2d2fee4945d93c0c5,"[""86739286924959343265615485484005631413171319762445904453015886442486936327147"", ""20086558893045410004837798827752079102752923106677403669870307512935511377355""]",86739286924959343265615485484005631413171319762445904453015886442486936327147|20086558893045410004837798827752079102752923106677403669870307512935511377355,20086558893045410004837798827752079102752923106677403669870307512935511377355,No,True,0.73,11.4,0.99,250.0,0.86,0.26,a0a615705bd1626afd8cb33804dedd8ca429ae6b,0.01,5,,206.4676,87.47
2026-03-05T00:48:42Z,UCL,217713,uefa-champions-league-most-player-of-the-match-awards,UEFA Champions League: Most Player of the Match Awards,2026-02-21T00:50:31.509181Z,1399566,will-jens-petter-hauge-record-the-most-player-of-the-match-awards-during-the-2025-uefa-champions-league-414,Will Jens Petter Hauge record the most Player of the Match awards during the 2025 UEFA Champions League?,0xb7bdce10fa779c4b1793b1c31face072f07fc8761d3beefd9c5ccc22eecf4d13,"[""11923734644285511234801739643897865198932061504326183629031098964703218796285"", ""45583461187637171485206032460343295764965197717440009739577077469892833704524""]",11923734644285511234801739643897865198932061504326183629031098964703218796285|45583461187637171485206032460343295764965197717440009739577077469892833704524,11923734644285511234801739643897865198932061504326183629031098964703218796285,Yes,True,0.012,7.1,0.397,29.85,0.20450000000000002,0.385,4cd8d46678fa85b29ccab76c1b876fc4cd0a495a,0.001,5,,154.09573,62.62
2026-03-05T00:48:42Z,UCL,217713,uefa-champions-league-most-player-of-the-match-awards,UEFA Champions League: Most Player of the Match Awards,2026-02-21T00:50:31.509181Z,1399566,will-jens-petter-hauge-record-the-most-player-of-the-match-awards-during-the-2025-uefa-champions-league-414,Will Jens Petter Hauge record the most Player of the Match awards during the 2025 UEFA Champions League?,0xb7bdce10fa779c4b1793b1c31face072f07fc8761d3beefd9c5ccc22eecf4d13,"[""11923734644285511234801739643897865198932061504326183629031098964703218796285"", ""45583461187637171485206032460343295764965197717440009739577077469892833704524""]",11923734644285511234801739643897865198932061504326183629031098964703218796285|45583461187637171485206032460343295764965197717440009739577077469892833704524,45583461187637171485206032460343295764965197717440009739577077469892833704524,No,True,0.603,29.85,0.988,7.1,0.7955,0.385,6aa91e319bca338477a8e0e70495b719f504e20a,0.001,5,,154.09573,62.62
2026-03-05T00:48:42Z,UCL,217713,uefa-champions-league-most-player-of-the-match-awards,UEFA Champions League: Most Player of the Match Awards,2026-02-21T00:50:31.509181Z,1399568,will-gelson-martins-record-the-most-player-of-the-match-awards-during-the-2025-uefa-champions-league-212,Will Gelson Martins record the most Player of the Match awards during the 2025 UEFA Champions League?,0x4ba6e0c7b107ff5005bda38a9b548d9cf22463cb91ed31ec93269bf5c7f82a17,"[""65062404296363812006476764626748922405299500015771295493612277760476256817927"", ""16844772968928392399517625045799920368553553182008297594815085843097608458343""]",65062404296363812006476764626748922405299500015771295493612277760476256817927|16844772968928392399517625045799920368553553182008297594815085843097608458343,65062404296363812006476764626748922405299500015771295493612277760476256817927,Yes,False,,,,,,,,,,,,6716.9754
2026-03-05T00:48:42Z,UCL,217713,uefa-champions-league-most-player-of-the-match-awards,UEFA Champions League: Most Player of the Match Awards,2026-02-21T00:50:31.509181Z,1399568,will-gelson-martins-record-the-most-player-of-the-match-awards-during-the-2025-uefa-champions-league-212,Will Gelson Martins record the most Player of the Match awards during the 2025 UEFA Champions League?,0x4ba6e0c7b107ff5005bda38a9b548d9cf22463cb91ed31ec93269bf5c7f82a17,"[""65062404296363812006476764626748922405299500015771295493612277760476256817927"", ""16844772968928392399517625045799920368553553182008297594815085843097608458343""]",65062404296363812006476764626748922405299500015771295493612277760476256817927|16844772968928392399517625045799920368553553182008297594815085843097608458343,16844772968928392399517625045799920368553553182008297594815085843097608458343,No,False,,,,,,,,,,,,6716.9754
2026-03-05T00:48:42Z,UCL,217713,uefa-champions-league-most-player-of-the-match-awards,UEFA Champions League: Most Player of the Match Awards,2026-02-21T00:50:31.509181Z,1399570,will-alexis-mac-allister-record-the-most-player-of-the-match-awards-during-the-2025-uefa-champions-league-993,Will Alexis Mac Allister record the most Player of the Match awards during the 2025 UEFA Champions League?,0xef8fdbdbe4e4a2981442977b25da38d76473f2e096153fa28c153a5b58485f1d,"[""64955999909045941862447571355960209217268697011320453094968397441595009192820"", ""82538717989036551654682471712889739355170740942173090928342921325405986889950""]",64955999909045941862447571355960209217268697011320453094968397441595009192820|82538717989036551654682471712889739355170740942173090928342921325405986889950,64955999909045941862447571355960209217268697011320453094968397441595009192820,Yes,True,0.012,7.41,0.399,6.5,0.20550000000000002,0.387,c55c5f6e86f158db37603c7c4d6ed74c3020603e,0.001,5,,171.55287,106.2664
2026-03-05T00:48:42Z,UCL,217713,uefa-champions-league-most-player-of-the-match-awards,UEFA Champions League: Most Player of the Match Awards,2026-02-21T00:50:31.509181Z,1399570,will-alexis-mac-allister-record-the-most-player-of-the-match-awards-during-the-2025-uefa-champions-league-993,Will Alexis Mac Allister record the most Player of the Match awards during the 2025 UEFA Champions League?,0xef8fdbdbe4e4a2981442977b25da38d76473f2e096153fa28c153a5b58485f1d,"[""64955999909045941862447571355960209217268697011320453094968397441595009192820"", ""82538717989036551654682471712889739355170740942173090928342921325405986889950""]",64955999909045941862447571355960209217268697011320453094968397441595009192820|82538717989036551654682471712889739355170740942173090928342921325405986889950,82538717989036551654682471712889739355170740942173090928342921325405986889950,No,True,0.601,6.5,0.988,7.41,0.7945,0.387,fb269b1951f404b107e0a7c64f4d9a6523c5e0df,0.001,5,,171.55287,106.2664
2026-03-05T00:48:42Z,UCL,217713,uefa-champions-league-most-player-of-the-match-awards,UEFA Champions League: Most Player of the Match Awards,2026-02-21T00:50:31.509181Z,1399572,will-player-b-record-the-most-player-of-the-match-awards-during-the-2025-uefa-champions-league-867,Will Player B record the most Player of the Match awards during the 2025 UEFA Champions League?,0x7f432a56899d987bc55639e8ff66713a424c10f26d463f48f52a2cbd8f370f87,"[""43922584200991119205016043856159793272687252889852320205604057884810301336232"", ""61024275367545329843788910138948361539414256221091190428742572218411865114920""]",43922584200991119205016043856159793272687252889852320205604057884810301336232|61024275367545329843788910138948361539414256221091190428742572218411865114920,43922584200991119205016043856159793272687252889852320205604057884810301336232,Yes,False,,,,,,,,,,,0,0
2026-03-05T00:48:42Z,UCL,217713,uefa-champions-league-most-player-of-the-match-awards,UEFA Champions League: Most Player of the Match Awards,2026-02-21T00:50:31.509181Z,1399572,will-player-b-record-the-most-player-of-the-match-awards-during-the-2025-uefa-champions-league-867,Will Player B record the most Player of the Match awards during the 2025 UEFA Champions League?,0x7f432a56899d987bc55639e8ff66713a424c10f26d463f48f52a2cbd8f370f87,"[""43922584200991119205016043856159793272687252889852320205604057884810301336232"", ""61024275367545329843788910138948361539414256221091190428742572218411865114920""]",43922584200991119205016043856159793272687252889852320205604057884810301336232|61024275367545329843788910138948361539414256221091190428742572218411865114920,61024275367545329843788910138948361539414256221091190428742572218411865114920,No,False,,,,,,,,,,,0,0
2026-03-05T00:48:42Z,UCL,217713,uefa-champions-league-most-player-of-the-match-awards,UEFA Champions League: Most Player of the Match Awards,2026-02-21T00:50:31.509181Z,1399574,will-player-d-record-the-most-player-of-the-match-awards-during-the-2025-uefa-champions-league-544,Will Player D record the most Player of the Match awards during the 2025 UEFA Champions League?,0xf398abdee3ae43e0941d7a2bd8ff7c6bc074306975651b9ada8e0dcf2a1065de,"[""17494061399272054108763145766756515314721268356567421076745710504574280338018"", ""50575762940085381853290650184639680206448279987409599502561697183293435861197""]",17494061399272054108763145766756515314721268356567421076745710504574280338018|50575762940085381853290650184639680206448279987409599502561697183293435861197,17494061399272054108763145766756515314721268356567421076745710504574280338018,Yes,False,,,,,,,,,,,0,0
2026-03-05T00:48:42Z,UCL,217713,uefa-champions-league-most-player-of-the-match-awards,UEFA Champions League: Most Player of the Match Awards,2026-02-21T00:50:31.509181Z,1399574,will-player-d-record-the-most-player-of-the-match-awards-during-the-2025-uefa-champions-league-544,Will Player D record the most Player of the Match awards during the 2025 UEFA Champions League?,0xf398abdee3ae43e0941d7a2bd8ff7c6bc074306975651b9ada8e0dcf2a1065de,"[""17494061399272054108763145766756515314721268356567421076745710504574280338018"", ""50575762940085381853290650184639680206448279987409599502561697183293435861197""]",17494061399272054108763145766756515314721268356567421076745710504574280338018|50575762940085381853290650184639680206448279987409599502561697183293435861197,50575762940085381853290650184639680206448279987409599502561697183293435861197,No,False,,,,,,,,,,,0,0
2026-03-05T00:48:42Z,UCL,217713,uefa-champions-league-most-player-of-the-match-awards,UEFA Champions League: Most Player of the Match Awards,2026-02-21T00:50:31.509181Z,1399576,will-player-f-record-the-most-player-of-the-match-awards-during-the-2025-uefa-champions-league-324,Will Player F record the most Player of the Match awards during the 2025 UEFA Champions League?,0x98b5e8ecd5ee8e7a17d01637e84e55cb4f7dd85fb2067646d171b71347403765,"[""24253107235910724471027535215236099088573531457809237298328391043407622827346"", ""42298270383441442848987598032026340064601735868216726874819989268966199462106""]",24253107235910724471027535215236099088573531457809237298328391043407622827346|42298270383441442848987598032026340064601735868216726874819989268966199462106,24253107235910724471027535215236099088573531457809237298328391043407622827346,Yes,False,,,,,,,,,,,0,0
2026-03-05T00:48:42Z,UCL,217713,uefa-champions-league-most-player-of-the-match-awards,UEFA Champions League: Most Player of the Match Awards,2026-02-21T00:50:31.509181Z,1399576,will-player-f-record-the-most-player-of-the-match-awards-during-the-2025-uefa-champions-league-324,Will Player F record the most Player of the Match awards during the 2025 UEFA Champions League?,0x98b5e8ecd5ee8e7a17d01637e84e55cb4f7dd85fb2067646d171b71347403765,"[""24253107235910724471027535215236099088573531457809237298328391043407622827346"", ""42298270383441442848987598032026340064601735868216726874819989268966199462106""]",24253107235910724471027535215236099088573531457809237298328391043407622827346|42298270383441442848987598032026340064601735868216726874819989268966199462106,42298270383441442848987598032026340064601735868216726874819989268966199462106,No,False,,,,,,,,,,,0,0
2026-03-05T00:48:42Z,UCL,217713,uefa-champions-league-most-player-of-the-match-awards,UEFA Champions League: Most Player of the Match Awards,2026-02-21T00:50:31.509181Z,1399578,will-player-h-record-the-most-player-of-the-match-awards-during-the-2025-uefa-champions-league-841,Will Player H record the most Player of the Match awards during the 2025 UEFA Champions League?,0xa9ef4e2c81f6c24c7f752b7c3c402f7f2336efe20c14ed89a7eef22fd447ef65,"[""61506392532184381813334563699095594054329873592733592581002294638942232840697"", ""18585970771794033668992715020185335345524801847388706452602322980970226083034""]",61506392532184381813334563699095594054329873592733592581002294638942232840697|18585970771794033668992715020185335345524801847388706452602322980970226083034,61506392532184381813334563699095594054329873592733592581002294638942232840697,Yes,False,,,,,,,,,,,0,0
2026-03-05T00:48:42Z,UCL,217713,uefa-champions-league-most-player-of-the-match-awards,UEFA Champions League: Most Player of the Match Awards,2026-02-21T00:50:31.509181Z,1399578,will-player-h-record-the-most-player-of-the-match-awards-during-the-2025-uefa-champions-league-841,Will Player H record the most Player of the Match awards during the 2025 UEFA Champions League?,0xa9ef4e2c81f6c24c7f752b7c3c402f7f2336efe20c14ed89a7eef22fd447ef65,"[""61506392532184381813334563699095594054329873592733592581002294638942232840697"", ""18585970771794033668992715020185335345524801847388706452602322980970226083034""]",61506392532184381813334563699095594054329873592733592581002294638942232840697|18585970771794033668992715020185335345524801847388706452602322980970226083034,18585970771794033668992715020185335345524801847388706452602322980970226083034,No,False,,,,,,,,,,,0,0
2026-03-05T00:48:42Z,UCL,217713,uefa-champions-league-most-player-of-the-match-awards,UEFA Champions League: Most Player of the Match Awards,2026-02-21T00:50:31.509181Z,1399580,will-player-j-record-the-most-player-of-the-match-awards-during-the-2025-uefa-champions-league-269,Will Player J record the most Player of the Match awards during the 2025 UEFA Champions League?,0xd10447e48a4baa471a2caace3ebc3c66635bd7ae85ec99a108f26b191711db6c,"[""48118653555338694166350940564895242979094267556358500285332967272213635212406"", ""39090973332165881131480967397545908787546763348376259582170625660550094999302""]",48118653555338694166350940564895242979094267556358500285332967272213635212406|39090973332165881131480967397545908787546763348376259582170625660550094999302,48118653555338694166350940564895242979094267556358500285332967272213635212406,Yes,False,,,,,,,,,,,0,0
2026-03-05T00:48:42Z,UCL,217713,uefa-champions-league-most-player-of-the-match-awards,UEFA Champions League: Most Player of the Match Awards,2026-02-21T00:50:31.509181Z,1399580,will-player-j-record-the-most-player-of-the-match-awards-during-the-2025-uefa-champions-league-269,Will Player J record the most Player of the Match awards during the 2025 UEFA Champions League?,0xd10447e48a4baa471a2caace3ebc3c66635bd7ae85ec99a108f26b191711db6c,"[""48118653555338694166350940564895242979094267556358500285332967272213635212406"", ""39090973332165881131480967397545908787546763348376259582170625660550094999302""]",48118653555338694166350940564895242979094267556358500285332967272213635212406|39090973332165881131480967397545908787546763348376259582170625660550094999302,39090973332165881131480967397545908787546763348376259582170625660550094999302,No,False,,,,,,,,,,,0,0
2026-03-05T00:48:42Z,UCL,217713,uefa-champions-league-most-player-of-the-match-awards,UEFA Champions League: Most Player of the Match Awards,2026-02-21T00:50:31.509181Z,1399582,will-player-l-record-the-most-player-of-the-match-awards-during-the-2025-uefa-champions-league-884,Will Player L record the most Player of the Match awards during the 2025 UEFA Champions League?,0xd6e50609dde18e487697ff15b8b8ea3db89199fe87ed304332d6b4ee80a4c9f0,"[""25863193194462694992832078285878247452112998355333630930100737635915588456198"", ""26331319799538517336827992948015117341779653157636640440454447229906036232641""]",25863193194462694992832078285878247452112998355333630930100737635915588456198|26331319799538517336827992948015117341779653157636640440454447229906036232641,25863193194462694992832078285878247452112998355333630930100737635915588456198,Yes,False,,,,,,,,,,,0,0
2026-03-05T00:48:42Z,UCL,217713,uefa-champions-league-most-player-of-the-match-awards,UEFA Champions League: Most Player of the Match Awards,2026-02-21T00:50:31.509181Z,1399582,will-player-l-record-the-most-player-of-the-match-awards-during-the-2025-uefa-champions-league-884,Will Player L record the most Player of the Match awards during the 2025 UEFA Champions League?,0xd6e50609dde18e487697ff15b8b8ea3db89199fe87ed304332d6b4ee80a4c9f0,"[""25863193194462694992832078285878247452112998355333630930100737635915588456198"", ""26331319799538517336827992948015117341779653157636640440454447229906036232641""]",25863193194462694992832078285878247452112998355333630930100737635915588456198|26331319799538517336827992948015117341779653157636640440454447229906036232641,26331319799538517336827992948015117341779653157636640440454447229906036232641,No,False,,,,,,,,,,,0,0
2026-03-05T00:48:42Z,UCL,217713,uefa-champions-league-most-player-of-the-match-awards,UEFA Champions League: Most Player of the Match Awards,2026-02-21T00:50:31.509181Z,1399584,will-player-n-record-the-most-player-of-the-match-awards-during-the-2025-uefa-champions-league-291,Will Player N record the most Player of the Match awards during the 2025 UEFA Champions League?,0x81565c8493d037035b7b4851b4e2ca9569742b30f229f830d17514b91e536cae,"[""109782401117309650576497352421611291035132681989661359335540621863811094237055"", ""86659283774155098992683804904293030260978791473075397577306483735252999976740""]",109782401117309650576497352421611291035132681989661359335540621863811094237055|86659283774155098992683804904293030260978791473075397577306483735252999976740,109782401117309650576497352421611291035132681989661359335540621863811094237055,Yes,False,,,,,,,,,,,0,0
2026-03-05T00:48:42Z,UCL,217713,uefa-champions-league-most-player-of-the-match-awards,UEFA Champions League: Most Player of the Match Awards,2026-02-21T00:50:31.509181Z,1399584,will-player-n-record-the-most-player-of-the-match-awards-during-the-2025-uefa-champions-league-291,Will Player N record the most Player of the Match awards during the 2025 UEFA Champions League?,0x81565c8493d037035b7b4851b4e2ca9569742b30f229f830d17514b91e536cae,"[""109782401117309650576497352421611291035132681989661359335540621863811094237055"", ""86659283774155098992683804904293030260978791473075397577306483735252999976740""]",109782401117309650576497352421611291035132681989661359335540621863811094237055|86659283774155098992683804904293030260978791473075397577306483735252999976740,86659283774155098992683804904293030260978791473075397577306483735252999976740,No,False,,,,,,,,,,,0,0
2026-03-05T00:48:42Z,UCL,217713,uefa-champions-league-most-player-of-the-match-awards,UEFA Champions League: Most Player of the Match Awards,2026-02-21T00:50:31.509181Z,1399586,will-player-p-record-the-most-player-of-the-match-awards-during-the-2025-uefa-champions-league-614,Will Player P record the most Player of the Match awards during the 2025 UEFA Champions League?,0xbf90eebdc0e09afd5fa0b5437c61582cacdca4136aee340018032f7e4b280347,"[""44308878221404459818699534691713057802880457570562819729909887781207160563418"", ""101442340745266669572370024174143186351687298365805481137183902419970875142139""]",44308878221404459818699534691713057802880457570562819729909887781207160563418|101442340745266669572370024174143186351687298365805481137183902419970875142139,44308878221404459818699534691713057802880457570562819729909887781207160563418,Yes,False,,,,,,,,,,,0,0
2026-03-05T00:48:42Z,UCL,217713,uefa-champions-league-most-player-of-the-match-awards,UEFA Champions League: Most Player of the Match Awards,2026-02-21T00:50:31.509181Z,1399586,will-player-p-record-the-most-player-of-the-match-awards-during-the-2025-uefa-champions-league-614,Will Player P record the most Player of the Match awards during the 2025 UEFA Champions League?,0xbf90eebdc0e09afd5fa0b5437c61582cacdca4136aee340018032f7e4b280347,"[""44308878221404459818699534691713057802880457570562819729909887781207160563418"", ""101442340745266669572370024174143186351687298365805481137183902419970875142139""]",44308878221404459818699534691713057802880457570562819729909887781207160563418|101442340745266669572370024174143186351687298365805481137183902419970875142139,101442340745266669572370024174143186351687298365805481137183902419970875142139,No,False,,,,,,,,,,,0,0
2026-03-05T00:48:42Z,UCL,217813,uefa-champions-league-top-scorer-club,UEFA Champions League: Top Scorer (Club),2026-02-24T17:26:51.055374Z,1399728,will-bayern-mnchen-score-the-most-goals-in-2025-26-uefa-champions-league,Will Bayern München score the most goals in 2025-26 UEFA Champions League?,0xd5e19bded7ea2f9964c89309631fe1018230e9fe16527c6f0f61cf184dc26be6,"[""51289508620871458772581161474957821788876062992593702547607520622386380485250"", ""69717884166097471714721649030416555612514383447427456531696860280881856376862""]",51289508620871458772581161474957821788876062992593702547607520622386380485250|69717884166097471714721649030416555612514383447427456531696860280881856376862,51289508620871458772581161474957821788876062992593702547607520622386380485250,Yes,True,0.06,55.0,0.46,13.2,0.26,0.4,75ccb798391fa131ed3cc5ba09dcbbd7ee269dc9,0.01,5,0.070,231.3133,39.721415
2026-03-05T00:48:42Z,UCL,217813,uefa-champions-league-top-scorer-club,UEFA Champions League: Top Scorer (Club),2026-02-24T17:26:51.055374Z,1399728,will-bayern-mnchen-score-the-most-goals-in-2025-26-uefa-champions-league,Will Bayern München score the most goals in 2025-26 UEFA Champions League?,0xd5e19bded7ea2f9964c89309631fe1018230e9fe16527c6f0f61cf184dc26be6,"[""51289508620871458772581161474957821788876062992593702547607520622386380485250"", ""69717884166097471714721649030416555612514383447427456531696860280881856376862""]",51289508620871458772581161474957821788876062992593702547607520622386380485250|69717884166097471714721649030416555612514383447427456531696860280881856376862,69717884166097471714721649030416555612514383447427456531696860280881856376862,No,True,0.54,13.2,0.94,55.0,0.74,0.3999999999999999,3fcc5fe8bce61491195c7cfcf1f8e112e98511c4,0.01,5,0.070,231.3133,39.721415
2026-03-05T00:48:42Z,UCL,217813,uefa-champions-league-top-scorer-club,UEFA Champions League: Top Scorer (Club),2026-02-24T17:26:51.055374Z,1399730,will-tottenham-hotspur-score-the-most-goals-in-2025-26-uefa-champions-league,Will Tottenham Hotspur score the most goals in 2025-26 UEFA Champions League?,0x246b9b7904c7556c3b6b5e28242014e161fa6ccc3178a71fe8955dc61f0d38e4,"[""102327567273097806500753975177323154721246225420065268272534670838893192469566"", ""60582132708542747813956247885047938065113358000912063768078904832229626546538""]",102327567273097806500753975177323154721246225420065268272534670838893192469566|60582132708542747813956247885047938065113358000912063768078904832229626546538,102327567273097806500753975177323154721246225420065268272534670838893192469566,Yes,True,0.03,0.22,0.29,6.5,0.15999999999999998,0.26,5cf463bfe24ec7ff56d8ba6ff59c390a231f7d35,0.01,5,0.030,166.4862,30.68
2026-03-05T00:48:42Z,UCL,217813,uefa-champions-league-top-scorer-club,UEFA Champions League: Top Scorer (Club),2026-02-24T17:26:51.055374Z,1399730,will-tottenham-hotspur-score-the-most-goals-in-2025-26-uefa-champions-league,Will Tottenham Hotspur score the most goals in 2025-26 UEFA Champions League?,0x246b9b7904c7556c3b6b5e28242014e161fa6ccc3178a71fe8955dc61f0d38e4,"[""102327567273097806500753975177323154721246225420065268272534670838893192469566"", ""60582132708542747813956247885047938065113358000912063768078904832229626546538""]",102327567273097806500753975177323154721246225420065268272534670838893192469566|60582132708542747813956247885047938065113358000912063768078904832229626546538,60582132708542747813956247885047938065113358000912063768078904832229626546538,No,True,0.71,6.5,0.97,0.22,0.84,0.26,a753b3c30437125faf71cf4e700358f98725aef9,0.01,5,0.030,166.4862,30.68
2026-03-05T00:48:42Z,UCL,217813,uefa-champions-league-top-scorer-club,UEFA Champions League: Top Scorer (Club),2026-02-24T17:26:51.055374Z,1399732,will-chelsea-score-the-most-goals-in-2025-26-uefa-champions-league,Will Chelsea score the most goals in 2025-26 UEFA Champions League?,0x681aeec908918434b7fe8dd064f75a1a4d6ea666140602df843273b5df73c6e4,"[""85181025605253196342114638902221366428743477943639826972473026004178971528637"", ""46744796772192423818973275445591788117077219914742343336456320292826272171612""]",85181025605253196342114638902221366428743477943639826972473026004178971528637|46744796772192423818973275445591788117077219914742343336456320292826272171612,85181025605253196342114638902221366428743477943639826972473026004178971528637,Yes,True,0.01,200.0,0.29,14.5,0.15,0.27999999999999997,815d538a86c1300d16272247139318e487ed52b7,0.01,5,0.020,284.8149,37.68
2026-03-05T00:48:42Z,UCL,217813,uefa-champions-league-top-scorer-club,UEFA Champions League: Top Scorer (Club),2026-02-24T17:26:51.055374Z,1399732,will-chelsea-score-the-most-goals-in-2025-26-uefa-champions-league,Will Chelsea score the most goals in 2025-26 UEFA Champions League?,0x681aeec908918434b7fe8dd064f75a1a4d6ea666140602df843273b5df73c6e4,"[""85181025605253196342114638902221366428743477943639826972473026004178971528637"", ""46744796772192423818973275445591788117077219914742343336456320292826272171612""]",85181025605253196342114638902221366428743477943639826972473026004178971528637|46744796772192423818973275445591788117077219914742343336456320292826272171612,46744796772192423818973275445591788117077219914742343336456320292826272171612,No,True,0.71,14.5,0.99,200.0,0.85,0.28,d8ee2c9d5ee824e9e22f46185e18b8e9ee23faef,0.01,5,0.020,284.8149,37.68
2026-03-05T00:48:42Z,UCL,217813,uefa-champions-league-top-scorer-club,UEFA Champions League: Top Scorer (Club),2026-02-24T17:26:51.055374Z,1399733,will-sporting-cp-score-the-most-goals-in-2025-26-uefa-champions-league,Will Sporting CP score the most goals in 2025-26 UEFA Champions League?,0x472d52388a952ff045e2bff8b9c0b43900823dcb245153d09e936c59b25e3831,"[""114592343121941737518718937703348847966530965575015111401746998717127759653514"", ""52233709120819162519250810256755201820992209593170247175597686790782178493131""]",114592343121941737518718937703348847966530965575015111401746998717127759653514|52233709120819162519250810256755201820992209593170247175597686790782178493131,114592343121941737518718937703348847966530965575015111401746998717127759653514,Yes,True,0.03,0.22,0.29,6.5,0.15999999999999998,0.26,7b83b741c3170722a032647b6db1ad12626bd79c,0.01,5,0.030,203.0902,30.68
2026-03-05T00:48:42Z,UCL,217813,uefa-champions-league-top-scorer-club,UEFA Champions League: Top Scorer (Club),2026-02-24T17:26:51.055374Z,1399733,will-sporting-cp-score-the-most-goals-in-2025-26-uefa-champions-league,Will Sporting CP score the most goals in 2025-26 UEFA Champions League?,0x472d52388a952ff045e2bff8b9c0b43900823dcb245153d09e936c59b25e3831,"[""114592343121941737518718937703348847966530965575015111401746998717127759653514"", ""52233709120819162519250810256755201820992209593170247175597686790782178493131""]",114592343121941737518718937703348847966530965575015111401746998717127759653514|52233709120819162519250810256755201820992209593170247175597686790782178493131,52233709120819162519250810256755201820992209593170247175597686790782178493131,No,True,0.71,6.5,0.97,0.22,0.84,0.26,0f9d24575db12d5b75ca4b74f5bac776e1dd87ea,0.01,5,0.030,203.0902,30.68
2026-03-05T00:48:42Z,UCL,217813,uefa-champions-league-top-scorer-club,UEFA Champions League: Top Scorer (Club),2026-02-24T17:26:51.055374Z,1399727,will-arsenal-score-the-most-goals-in-2025-26-uefa-champions-league,Will Arsenal score the most goals in 2025-26 UEFA Champions League?,0xeea1d0a2517facdf92720d8bd772e1ce7b84dc0f4b095d25d5a9bc9973623783,"[""14948428089017933980938863621743816263233541000532684116779344394565678428466"", ""88824069579148987659122535281581127446564508484101080771138861949081085911689""]",14948428089017933980938863621743816263233541000532684116779344394565678428466|88824069579148987659122535281581127446564508484101080771138861949081085911689,14948428089017933980938863621743816263233541000532684116779344394565678428466,Yes,True,0.16,26.31,0.48,18.64,0.32,0.31999999999999995,24745f52b29341898585554a2fa56497bc33e05f,0.01,5,0.110,379.069,87.117438
2026-03-05T00:48:42Z,UCL,217813,uefa-champions-league-top-scorer-club,UEFA Champions League: Top Scorer (Club),2026-02-24T17:26:51.055374Z,1399727,will-arsenal-score-the-most-goals-in-2025-26-uefa-champions-league,Will Arsenal score the most goals in 2025-26 UEFA Champions League?,0xeea1d0a2517facdf92720d8bd772e1ce7b84dc0f4b095d25d5a9bc9973623783,"[""14948428089017933980938863621743816263233541000532684116779344394565678428466"", ""88824069579148987659122535281581127446564508484101080771138861949081085911689""]",14948428089017933980938863621743816263233541000532684116779344394565678428466|88824069579148987659122535281581127446564508484101080771138861949081085911689,88824069579148987659122535281581127446564508484101080771138861949081085911689,No,True,0.52,18.64,0.84,26.31,0.6799999999999999,0.31999999999999995,c0ae130cd3d2eb38180ed9f87d9127d04a7b5026,0.01,5,0.110,379.069,87.117438
2026-03-05T00:48:42Z,UCL,217813,uefa-champions-league-top-scorer-club,UEFA Champions League: Top Scorer (Club),2026-02-24T17:26:51.055374Z,1399729,will-liverpool-score-the-most-goals-in-2025-26-uefa-champions-league,Will Liverpool score the most goals in 2025-26 UEFA Champions League?,0x507cfb9f57c83b4c5f2c060423e15fcb5539738f447f76848bbd2c7df5739c50,"[""102543447385116067906083574690247116887593527109278480700681247156895896318375"", ""59367489169134936077585001014893228335954905209163232872684116442007031099913""]",102543447385116067906083574690247116887593527109278480700681247156895896318375|59367489169134936077585001014893228335954905209163232872684116442007031099913,102543447385116067906083574690247116887593527109278480700681247156895896318375,Yes,True,0.01,100.0,0.399,6.5,0.20450000000000002,0.389,b25d407e9b3820c19820ef04e4450da6fea6eeeb,0.001,5,0.020,232.20405,48.68
2026-03-05T00:48:42Z,UCL,217813,uefa-champions-league-top-scorer-club,UEFA Champions League: Top Scorer (Club),2026-02-24T17:26:51.055374Z,1399729,will-liverpool-score-the-most-goals-in-2025-26-uefa-champions-league,Will Liverpool score the most goals in 2025-26 UEFA Champions League?,0x507cfb9f57c83b4c5f2c060423e15fcb5539738f447f76848bbd2c7df5739c50,"[""102543447385116067906083574690247116887593527109278480700681247156895896318375"", ""59367489169134936077585001014893228335954905209163232872684116442007031099913""]",102543447385116067906083574690247116887593527109278480700681247156895896318375|59367489169134936077585001014893228335954905209163232872684116442007031099913,59367489169134936077585001014893228335954905209163232872684116442007031099913,No,True,0.601,6.5,0.99,100.0,0.7955,0.389,64c8b614009c748bc5809da60b49f11c1f130bf3,0.001,5,0.020,232.20405,48.68
2026-03-05T00:48:42Z,UCL,217813,uefa-champions-league-top-scorer-club,UEFA Champions League: Top Scorer (Club),2026-02-24T17:26:51.055374Z,1399731,will-barcelona-score-the-most-goals-in-2025-26-uefa-champions-league,Will Barcelona score the most goals in 2025-26 UEFA Champions League?,0x2b99b92df157018bf27d875922e7c83e33652dcd27aa4b910db29cad29264e65,"[""251063956442534345296524986967836361131842633733724394476277639561319325497"", ""111441667498839120276980007851803299612320878145794027888730199873519853439572""]",251063956442534345296524986967836361131842633733724394476277639561319325497|111441667498839120276980007851803299612320878145794027888730199873519853439572,251063956442534345296524986967836361131842633733724394476277639561319325497,Yes,True,0.04,89.0,0.49,6.74,0.265,0.45,1458d00d665dee6d3b1e5eb50a3eab4a7c103c15,0.01,5,0.040,201.022,48.68
2026-03-05T00:48:42Z,UCL,217813,uefa-champions-league-top-scorer-club,UEFA Champions League: Top Scorer (Club),2026-02-24T17:26:51.055374Z,1399731,will-barcelona-score-the-most-goals-in-2025-26-uefa-champions-league,Will Barcelona score the most goals in 2025-26 UEFA Champions League?,0x2b99b92df157018bf27d875922e7c83e33652dcd27aa4b910db29cad29264e65,"[""251063956442534345296524986967836361131842633733724394476277639561319325497"", ""111441667498839120276980007851803299612320878145794027888730199873519853439572""]",251063956442534345296524986967836361131842633733724394476277639561319325497|111441667498839120276980007851803299612320878145794027888730199873519853439572,111441667498839120276980007851803299612320878145794027888730199873519853439572,No,True,0.51,6.74,0.96,89.0,0.735,0.44999999999999996,6a5fddddd493f3262bf1ecec737a0ad58f7165b8,0.01,5,0.040,201.022,48.68
2026-03-05T00:48:42Z,UCL,217813,uefa-champions-league-top-scorer-club,UEFA Champions League: Top Scorer (Club),2026-02-24T17:26:51.055374Z,1399735,will-manchester-city-score-the-most-goals-in-2025-26-uefa-champions-league,Will Manchester City score the most goals in 2025-26 UEFA Champions League?,0x5c913b7ac2fac666308f090ced7c8277a65c6f97dfdb6cd90c30952c45a8f30d,"[""34216194346105399929319982294124649134974617539193319722960929143336908873751"", ""40467787993647518156648118762623736042576085510398927438153291126566019980755""]",34216194346105399929319982294124649134974617539193319722960929143336908873751|40467787993647518156648118762623736042576085510398927438153291126566019980755,34216194346105399929319982294124649134974617539193319722960929143336908873751,Yes,True,0.05,60.0,0.39,6.64,0.22,0.34,77188f5f38afa7a2151104119e8d0921ed8ff256,0.01,5,0.050,280.5916,31.724197
2026-03-05T00:48:42Z,UCL,217813,uefa-champions-league-top-scorer-club,UEFA Champions League: Top Scorer (Club),2026-02-24T17:26:51.055374Z,1399735,will-manchester-city-score-the-most-goals-in-2025-26-uefa-champions-league,Will Manchester City score the most goals in 2025-26 UEFA Champions League?,0x5c913b7ac2fac666308f090ced7c8277a65c6f97dfdb6cd90c30952c45a8f30d,"[""34216194346105399929319982294124649134974617539193319722960929143336908873751"", ""40467787993647518156648118762623736042576085510398927438153291126566019980755""]",34216194346105399929319982294124649134974617539193319722960929143336908873751|40467787993647518156648118762623736042576085510398927438153291126566019980755,40467787993647518156648118762623736042576085510398927438153291126566019980755,No,True,0.61,6.64,0.95,60.0,0.78,0.33999999999999997,560401c5b6139b3e23bb099f9ea7733986f98f96,0.01,5,0.050,280.5916,31.724197
2026-03-05T00:48:42Z,UCL,217813,uefa-champions-league-top-scorer-club,UEFA Champions League: Top Scorer (Club),2026-02-24T17:26:51.055374Z,1399739,will-borussia-dortmund-score-the-most-goals-in-2025-26-uefa-champions-league,Will Borussia Dortmund score the most goals in 2025-26 UEFA Champions League?,0x21c5d27fdcfeedfefd4d21ab543d507671c07dea3ad496ec7691a0576864ba6f,"[""75193150779061904463679752886718526963156460473489130594745322015528765965577"", ""42804793299708600208691005384619659067831828576122259458782356110730838973541""]",75193150779061904463679752886718526963156460473489130594745322015528765965577|42804793299708600208691005384619659067831828576122259458782356110730838973541,75193150779061904463679752886718526963156460473489130594745322015528765965577,Yes,False,,,,,,,,,,,,742.68
2026-03-05T00:48:42Z,UCL,217813,uefa-champions-league-top-scorer-club,UEFA Champions League: Top Scorer (Club),2026-02-24T17:26:51.055374Z,1399739,will-borussia-dortmund-score-the-most-goals-in-2025-26-uefa-champions-league,Will Borussia Dortmund score the most goals in 2025-26 UEFA Champions League?,0x21c5d27fdcfeedfefd4d21ab543d507671c07dea3ad496ec7691a0576864ba6f,"[""75193150779061904463679752886718526963156460473489130594745322015528765965577"", ""42804793299708600208691005384619659067831828576122259458782356110730838973541""]",75193150779061904463679752886718526963156460473489130594745322015528765965577|42804793299708600208691005384619659067831828576122259458782356110730838973541,42804793299708600208691005384619659067831828576122259458782356110730838973541,No,False,,,,,,,,,,,,742.68
2026-03-05T00:48:42Z,UCL,217813,uefa-champions-league-top-scorer-club,UEFA Champions League: Top Scorer (Club),2026-02-24T17:26:51.055374Z,1399745,will-inter-milan-inter-score-the-most-goals-in-2025-26-uefa-champions-league,Will Inter Milan (Inter) score the most goals in 2025-26 UEFA Champions League?,0x845baf55ec1a624c81e569447835469caa0911222fc808309ff56a6c2c58f836,"[""32690870357436412135903971925932084957979783862358950938734334155988781035213"", ""109089650622498764442043954681874817153637722421902336666015261086008168286834""]",32690870357436412135903971925932084957979783862358950938734334155988781035213|109089650622498764442043954681874817153637722421902336666015261086008168286834,32690870357436412135903971925932084957979783862358950938734334155988781035213,Yes,False,,,,,,,,,,,,133.3256
2026-03-05T00:48:42Z,UCL,217813,uefa-champions-league-top-scorer-club,UEFA Champions League: Top Scorer (Club),2026-02-24T17:26:51.055374Z,1399745,will-inter-milan-inter-score-the-most-goals-in-2025-26-uefa-champions-league,Will Inter Milan (Inter) score the most goals in 2025-26 UEFA Champions League?,0x845baf55ec1a624c81e569447835469caa0911222fc808309ff56a6c2c58f836,"[""32690870357436412135903971925932084957979783862358950938734334155988781035213"", ""109089650622498764442043954681874817153637722421902336666015261086008168286834""]",32690870357436412135903971925932084957979783862358950938734334155988781035213|109089650622498764442043954681874817153637722421902336666015261086008168286834,109089650622498764442043954681874817153637722421902336666015261086008168286834,No,False,,,,,,,,,,,,133.3256
2026-03-05T00:48:42Z,UCL,217813,uefa-champions-league-top-scorer-club,UEFA Champions League: Top Scorer (Club),2026-02-24T17:26:51.055374Z,1399747,will-bayer-leverkusen-score-the-most-goals-in-2025-26-uefa-champions-league,Will Bayer Leverkusen score the most goals in 2025-26 UEFA Champions League?,0x012f90546ebd674f92cc0112e70afec17657e669b64846222cc652a2dd8dc03a,"[""82563751666613758338348414189498438877278161313597971442473191446813413302277"", ""45106164041412690958264036308332299802324429277808010624345691366135237936035""]",82563751666613758338348414189498438877278161313597971442473191446813413302277|45106164041412690958264036308332299802324429277808010624345691366135237936035,82563751666613758338348414189498438877278161313597971442473191446813413302277,Yes,True,0.01,89.0,0.13,6.1,0.07,0.12000000000000001,5e365852c8a1c37ce1e23f681f807522c4470354,0.01,5,0.010,350.5072,44.34
2026-03-05T00:48:42Z,UCL,217813,uefa-champions-league-top-scorer-club,UEFA Champions League: Top Scorer (Club),2026-02-24T17:26:51.055374Z,1399747,will-bayer-leverkusen-score-the-most-goals-in-2025-26-uefa-champions-league,Will Bayer Leverkusen score the most goals in 2025-26 UEFA Champions League?,0x012f90546ebd674f92cc0112e70afec17657e669b64846222cc652a2dd8dc03a,"[""82563751666613758338348414189498438877278161313597971442473191446813413302277"", ""45106164041412690958264036308332299802324429277808010624345691366135237936035""]",82563751666613758338348414189498438877278161313597971442473191446813413302277|45106164041412690958264036308332299802324429277808010624345691366135237936035,45106164041412690958264036308332299802324429277808010624345691366135237936035,No,True,0.87,6.1,0.99,89.0,0.9299999999999999,0.12,a57547b1e2c0351f677fc99b79209b60060ef41b,0.01,5,0.010,350.5072,44.34
2026-03-05T00:48:42Z,UCL,217813,uefa-champions-league-top-scorer-club,UEFA Champions League: Top Scorer (Club),2026-02-24T17:26:51.055374Z,1399749,will-newcastle-united-score-the-most-goals-in-2025-26-uefa-champions-league,Will Newcastle United score the most goals in 2025-26 UEFA Champions League?,0x8b0739f3761472d17de8c24d8f61d98fde1bcd5e72c58e5322f416eafd4c135d,"[""8810708921434689891883600534765828016376034521466517043896950848886813010231"", ""80478285102174403978475690690147341158247107232937238007515641048251610922786""]",8810708921434689891883600534765828016376034521466517043896950848886813010231|80478285102174403978475690690147341158247107232937238007515641048251610922786,8810708921434689891883600534765828016376034521466517043896950848886813010231,Yes,True,0.04,180.0,0.3,11.88,0.16999999999999998,0.26,55fa456479f5f8e809aa651fd4738eeff7126ac0,0.01,5,0.040,286.2014,201.266089
2026-03-05T00:48:42Z,UCL,217813,uefa-champions-league-top-scorer-club,UEFA Champions League: Top Scorer (Club),2026-02-24T17:26:51.055374Z,1399749,will-newcastle-united-score-the-most-goals-in-2025-26-uefa-champions-league,Will Newcastle United score the most goals in 2025-26 UEFA Champions League?,0x8b0739f3761472d17de8c24d8f61d98fde1bcd5e72c58e5322f416eafd4c135d,"[""8810708921434689891883600534765828016376034521466517043896950848886813010231"", ""80478285102174403978475690690147341158247107232937238007515641048251610922786""]",8810708921434689891883600534765828016376034521466517043896950848886813010231|80478285102174403978475690690147341158247107232937238007515641048251610922786,80478285102174403978475690690147341158247107232937238007515641048251610922786,No,True,0.7,11.88,0.96,180.0,0.83,0.26,774c88fc3705e0e51b4b733c90a44e25ddc8a64b,0.01,5,0.040,286.2014,201.266089
2026-03-05T00:48:42Z,UCL,217813,uefa-champions-league-top-scorer-club,UEFA Champions League: Top Scorer (Club),2026-02-24T17:26:51.055374Z,1399751,will-paris-saint-germain-psg-score-the-most-goals-in-2025-26-uefa-champions-league,Will Paris Saint-Germain (PSG) score the most goals in 2025-26 UEFA Champions League?,0xc6f1b6bf80d25336668e842d2c28768581df80de66bb9396b9f03fa308e935e7,"[""86890405007710676112849965044372265362342947040746779371081076786304350779671"", ""22937529524864648930814983971925149566712743873063727607898829266911305221833""]",86890405007710676112849965044372265362342947040746779371081076786304350779671|22937529524864648930814983971925149566712743873063727607898829266911305221833,86890405007710676112849965044372265362342947040746779371081076786304350779671,Yes,True,0.06,268.0,0.5,6.36,0.28,0.44,89c2f76826f9927d1f5ea3e33f37f0dadc674d47,0.01,5,0.060,281.7188,48.68
2026-03-05T00:48:42Z,UCL,217813,uefa-champions-league-top-scorer-club,UEFA Champions League: Top Scorer (Club),2026-02-24T17:26:51.055374Z,1399751,will-paris-saint-germain-psg-score-the-most-goals-in-2025-26-uefa-champions-league,Will Paris Saint-Germain (PSG) score the most goals in 2025-26 UEFA Champions League?,0xc6f1b6bf80d25336668e842d2c28768581df80de66bb9396b9f03fa308e935e7,"[""86890405007710676112849965044372265362342947040746779371081076786304350779671"", ""22937529524864648930814983971925149566712743873063727607898829266911305221833""]",86890405007710676112849965044372265362342947040746779371081076786304350779671|22937529524864648930814983971925149566712743873063727607898829266911305221833,22937529524864648930814983971925149566712743873063727607898829266911305221833,No,True,0.5,6.36,0.94,268.0,0.72,0.43999999999999995,c398dbc1542c55044207e04ad796681d6ac352d2,0.01,5,0.060,281.7188,48.68
2026-03-05T00:48:42Z,UCL,217813,uefa-champions-league-top-scorer-club,UEFA Champions League: Top Scorer (Club),2026-02-24T17:26:51.055374Z,1399753,will-club-a-score-the-most-goals-in-2025-26-uefa-champions-league,Will club A score the most goals in 2025-26 UEFA Champions League?,0xc774eccea54048de50dab5092a83dfa726c43d5cca89a8adbde626a69148da5a,"[""4641601972277662682918939708644857941937386094107976907974840486127836616951"", ""24651625977217722481098764047205809181237127027014008177047374516128251535947""]",4641601972277662682918939708644857941937386094107976907974840486127836616951|24651625977217722481098764047205809181237127027014008177047374516128251535947,4641601972277662682918939708644857941937386094107976907974840486127836616951,Yes,False,,,,,,,,,,,0,0
2026-03-05T00:48:42Z,UCL,217813,uefa-champions-league-top-scorer-club,UEFA Champions League: Top Scorer (Club),2026-02-24T17:26:51.055374Z,1399753,will-club-a-score-the-most-goals-in-2025-26-uefa-champions-league,Will club A score the most goals in 2025-26 UEFA Champions League?,0xc774eccea54048de50dab5092a83dfa726c43d5cca89a8adbde626a69148da5a,"[""4641601972277662682918939708644857941937386094107976907974840486127836616951"", ""24651625977217722481098764047205809181237127027014008177047374516128251535947""]",4641601972277662682918939708644857941937386094107976907974840486127836616951|24651625977217722481098764047205809181237127027014008177047374516128251535947,24651625977217722481098764047205809181237127027014008177047374516128251535947,No,False,,,,,,,,,,,0,0
2026-03-05T00:48:42Z,UCL,217813,uefa-champions-league-top-scorer-club,UEFA Champions League: Top Scorer (Club),2026-02-24T17:26:51.055374Z,1399755,will-club-c-score-the-most-goals-in-2025-26-uefa-champions-league,Will club C score the most goals in 2025-26 UEFA Champions League?,0x420ce3cff82c328ed33c8ca491ab63846b8787a75ab299e3203d42ff55925ce9,"[""92682913841602173450246624248216103704493923866957237028716629697794482454669"", ""67613811622643134409058865743898137573232448486317747117725474148037805479567""]",92682913841602173450246624248216103704493923866957237028716629697794482454669|67613811622643134409058865743898137573232448486317747117725474148037805479567,92682913841602173450246624248216103704493923866957237028716629697794482454669,Yes,False,,,,,,,,,,,0,0
2026-03-05T00:48:42Z,UCL,217813,uefa-champions-league-top-scorer-club,UEFA Champions League: Top Scorer (Club),2026-02-24T17:26:51.055374Z,1399755,will-club-c-score-the-most-goals-in-2025-26-uefa-champions-league,Will club C score the most goals in 2025-26 UEFA Champions League?,0x420ce3cff82c328ed33c8ca491ab63846b8787a75ab299e3203d42ff55925ce9,"[""92682913841602173450246624248216103704493923866957237028716629697794482454669"", ""67613811622643134409058865743898137573232448486317747117725474148037805479567""]",92682913841602173450246624248216103704493923866957237028716629697794482454669|67613811622643134409058865743898137573232448486317747117725474148037805479567,67613811622643134409058865743898137573232448486317747117725474148037805479567,No,False,,,,,,,,,,,0,0
2026-03-05T00:48:42Z,UCL,217813,uefa-champions-league-top-scorer-club,UEFA Champions League: Top Scorer (Club),2026-02-24T17:26:51.055374Z,1399736,will-atalanta-score-the-most-goals-in-2025-26-uefa-champions-league,Will Atalanta score the most goals in 2025-26 UEFA Champions League?,0x5bfc8fb1b6aabded270c28c650d0cf11287d8cddaead5a537f73ff919e3c03d8,"[""12585648940294193378922020855803724526899506335266059364926890974811997423386"", ""9982939879206557582977963887938650965212629005371217452751514669910457462720""]",12585648940294193378922020855803724526899506335266059364926890974811997423386|9982939879206557582977963887938650965212629005371217452751514669910457462720,12585648940294193378922020855803724526899506335266059364926890974811997423386,Yes,True,0.01,89.0,0.43,6.5,0.22,0.42,f6e91325b5cc6ab506c1fe1aca310bc4a15fb7af,0.01,5,0.010,333.4806,44.34
2026-03-05T00:48:42Z,UCL,217813,uefa-champions-league-top-scorer-club,UEFA Champions League: Top Scorer (Club),2026-02-24T17:26:51.055374Z,1399736,will-atalanta-score-the-most-goals-in-2025-26-uefa-champions-league,Will Atalanta score the most goals in 2025-26 UEFA Champions League?,0x5bfc8fb1b6aabded270c28c650d0cf11287d8cddaead5a537f73ff919e3c03d8,"[""12585648940294193378922020855803724526899506335266059364926890974811997423386"", ""9982939879206557582977963887938650965212629005371217452751514669910457462720""]",12585648940294193378922020855803724526899506335266059364926890974811997423386|9982939879206557582977963887938650965212629005371217452751514669910457462720,9982939879206557582977963887938650965212629005371217452751514669910457462720,No,True,0.57,6.5,0.99,89.0,0.78,0.42000000000000004,7fd6ee75f929389bc5704743265becf3b52c5fb4,0.01,5,0.010,333.4806,44.34
2026-03-05T00:48:42Z,UCL,217813,uefa-champions-league-top-scorer-club,UEFA Champions League: Top Scorer (Club),2026-02-24T17:26:51.055374Z,1399740,will-benfica-score-the-most-goals-in-2025-26-uefa-champions-league,Will Benfica score the most goals in 2025-26 UEFA Champions League?,0xb48178d6ac443dbd5f8151271d508a0d9951e498ac51723e2f56cd703408479e,"[""63852310735106804744278801371003483219351239579985971815165935660800391396541"", ""19308035572839839901614218680884478828643320506286775583675152050774400239982""]",63852310735106804744278801371003483219351239579985971815165935660800391396541|19308035572839839901614218680884478828643320506286775583675152050774400239982,63852310735106804744278801371003483219351239579985971815165935660800391396541,Yes,False,,,,,,,,,,,,133.3355
2026-03-05T00:48:42Z,UCL,217813,uefa-champions-league-top-scorer-club,UEFA Champions League: Top Scorer (Club),2026-02-24T17:26:51.055374Z,1399740,will-benfica-score-the-most-goals-in-2025-26-uefa-champions-league,Will Benfica score the most goals in 2025-26 UEFA Champions League?,0xb48178d6ac443dbd5f8151271d508a0d9951e498ac51723e2f56cd703408479e,"[""63852310735106804744278801371003483219351239579985971815165935660800391396541"", ""19308035572839839901614218680884478828643320506286775583675152050774400239982""]",63852310735106804744278801371003483219351239579985971815165935660800391396541|19308035572839839901614218680884478828643320506286775583675152050774400239982,19308035572839839901614218680884478828643320506286775583675152050774400239982,No,False,,,,,,,,,,,,133.3355
2026-03-05T00:48:42Z,UCL,217813,uefa-champions-league-top-scorer-club,UEFA Champions League: Top Scorer (Club),2026-02-24T17:26:51.055374Z,1399743,will-club-brugge-score-the-most-goals-in-2025-26-uefa-champions-league,Will Club Brugge score the most goals in 2025-26 UEFA Champions League?,0x2af61aa5d788024726e01887a5e6daa97d453f4881805e5016a9603fff9a7a9a,"[""27444701436150835702844086366406953804519589779947173226227482383266841325272"", ""114793200540227420819095626369330122649658098361715069191819962497536743485378""]",27444701436150835702844086366406953804519589779947173226227482383266841325272|114793200540227420819095626369330122649658098361715069191819962497536743485378,27444701436150835702844086366406953804519589779947173226227482383266841325272,Yes,False,,,,,,,,,,,,151.6701
2026-03-05T00:48:42Z,UCL,217813,uefa-champions-league-top-scorer-club,UEFA Champions League: Top Scorer (Club),2026-02-24T17:26:51.055374Z,1399743,will-club-brugge-score-the-most-goals-in-2025-26-uefa-champions-league,Will Club Brugge score the most goals in 2025-26 UEFA Champions League?,0x2af61aa5d788024726e01887a5e6daa97d453f4881805e5016a9603fff9a7a9a,"[""27444701436150835702844086366406953804519589779947173226227482383266841325272"", ""114793200540227420819095626369330122649658098361715069191819962497536743485378""]",27444701436150835702844086366406953804519589779947173226227482383266841325272|114793200540227420819095626369330122649658098361715069191819962497536743485378,114793200540227420819095626369330122649658098361715069191819962497536743485378,No,False,,,,,,,,,,,,151.6701
2026-03-05T00:48:42Z,UCL,217813,uefa-champions-league-top-scorer-club,UEFA Champions League: Top Scorer (Club),2026-02-24T17:26:51.055374Z,1399737,will-atltico-madrid-score-the-most-goals-in-2025-26-uefa-champions-league,Will Atlético Madrid score the most goals in 2025-26 UEFA Champions League?,0x861411662265cf51cfa6712b43a188e2dfd3ae50868aa5b107eb7198901b3be8,"[""103256457405344125177257701423235244215119959538653759759110579355718203158694"", ""6767375581682113970382242016988456976048037093305017821948176625735403077252""]",103256457405344125177257701423235244215119959538653759759110579355718203158694|6767375581682113970382242016988456976048037093305017821948176625735403077252,103256457405344125177257701423235244215119959538653759759110579355718203158694,Yes,True,0.03,95.22,0.39,13.58,0.21000000000000002,0.36,fae87f1fa6625836351cffa58e79e4c78e6ac685,0.01,5,0.040,235.2118,37.68
2026-03-05T00:48:42Z,UCL,217813,uefa-champions-league-top-scorer-club,UEFA Champions League: Top Scorer (Club),2026-02-24T17:26:51.055374Z,1399737,will-atltico-madrid-score-the-most-goals-in-2025-26-uefa-champions-league,Will Atlético Madrid score the most goals in 2025-26 UEFA Champions League?,0x861411662265cf51cfa6712b43a188e2dfd3ae50868aa5b107eb7198901b3be8,"[""103256457405344125177257701423235244215119959538653759759110579355718203158694"", ""6767375581682113970382242016988456976048037093305017821948176625735403077252""]",103256457405344125177257701423235244215119959538653759759110579355718203158694|6767375581682113970382242016988456976048037093305017821948176625735403077252,6767375581682113970382242016988456976048037093305017821948176625735403077252,No,True,0.61,13.58,0.97,95.22,0.79,0.36,66f8ff858b5a70aba97e301422229733b3c9ec43,0.01,5,0.040,235.2118,37.68
2026-03-05T00:48:42Z,UCL,217813,uefa-champions-league-top-scorer-club,UEFA Champions League: Top Scorer (Club),2026-02-24T17:26:51.055374Z,1399741,will-bodglimt-score-the-most-goals-in-2025-26-uefa-champions-league,Will Bodø/Glimt score the most goals in 2025-26 UEFA Champions League?,0xdc3612d9fae53ceb5d355093c6daea88e3f83558304bd8565e90245fe8bf60c9,"[""69758416599729992371478716014430477418393032619526802220846692485001836294731"", ""92687210924441253763376543716398762557158943737776524323908739801268797867336""]",69758416599729992371478716014430477418393032619526802220846692485001836294731|92687210924441253763376543716398762557158943737776524323908739801268797867336,69758416599729992371478716014430477418393032619526802220846692485001836294731,Yes,True,0.01,108.0,0.069,13.48,0.0395,0.059000000000000004,958cc2cbfe4cb6b7ba94ac72b53667d93f175a66,0.001,5,0.011,242.95915,49.68
2026-03-05T00:48:42Z,UCL,217813,uefa-champions-league-top-scorer-club,UEFA Champions League: Top Scorer (Club),2026-02-24T17:26:51.055374Z,1399741,will-bodglimt-score-the-most-goals-in-2025-26-uefa-champions-league,Will Bodø/Glimt score the most goals in 2025-26 UEFA Champions League?,0xdc3612d9fae53ceb5d355093c6daea88e3f83558304bd8565e90245fe8bf60c9,"[""69758416599729992371478716014430477418393032619526802220846692485001836294731"", ""92687210924441253763376543716398762557158943737776524323908739801268797867336""]",69758416599729992371478716014430477418393032619526802220846692485001836294731|92687210924441253763376543716398762557158943737776524323908739801268797867336,92687210924441253763376543716398762557158943737776524323908739801268797867336,No,True,0.931,13.48,0.99,108.0,0.9605,0.05899999999999994,7829e0c6190a01e21d1410e006add4b144ed1ff8,0.001,5,0.011,242.95915,49.68
2026-03-05T00:48:42Z,UCL,217813,uefa-champions-league-top-scorer-club,UEFA Champions League: Top Scorer (Club),2026-02-24T17:26:51.055374Z,1399744,will-galatasaray-score-the-most-goals-in-2025-26-uefa-champions-league,Will Galatasaray score the most goals in 2025-26 UEFA Champions League?,0x537b25aa946105c11511d63c199e22cda8983c0c858fea0813a86880e770de66,"[""67076309774242442819162136298718760008261040020669976089837527342603543770688"", ""18777620647597120561945061819800470767133290580880559817444544119308348574896""]",67076309774242442819162136298718760008261040020669976089837527342603543770688|18777620647597120561945061819800470767133290580880559817444544119308348574896,67076309774242442819162136298718760008261040020669976089837527342603543770688,Yes,True,0.01,73.88,0.44,6.6,0.225,0.43,3d5db5c39f7b36a1425f3a3e35ee8acdd34ca60f,0.01,5,0.010,217.5734,59.451
2026-03-05T00:48:42Z,UCL,217813,uefa-champions-league-top-scorer-club,UEFA Champions League: Top Scorer (Club),2026-02-24T17:26:51.055374Z,1399744,will-galatasaray-score-the-most-goals-in-2025-26-uefa-champions-league,Will Galatasaray score the most goals in 2025-26 UEFA Champions League?,0x537b25aa946105c11511d63c199e22cda8983c0c858fea0813a86880e770de66,"[""67076309774242442819162136298718760008261040020669976089837527342603543770688"", ""18777620647597120561945061819800470767133290580880559817444544119308348574896""]",67076309774242442819162136298718760008261040020669976089837527342603543770688|18777620647597120561945061819800470767133290580880559817444544119308348574896,18777620647597120561945061819800470767133290580880559817444544119308348574896,No,True,0.56,6.6,0.99,73.88,0.775,0.42999999999999994,c5a387b97876241b8af4499030da0363ece01ccb,0.01,5,0.010,217.5734,59.451
2026-03-05T00:48:42Z,UCL,217813,uefa-champions-league-top-scorer-club,UEFA Champions League: Top Scorer (Club),2026-02-24T17:26:51.055374Z,1399746,will-juventus-score-the-most-goals-in-2025-26-uefa-champions-league,Will Juventus score the most goals in 2025-26 UEFA Champions League?,0x8badccdb5dc5891bd237fc2b15d7b65cfd17b2a3cea4ed6ca0c3713d78bb149b,"[""3283273051193155527938292923506466335995368347068515947074279279512647158447"", ""101700197779880482598395966412583046972181160955955940591286228131577202077539""]",3283273051193155527938292923506466335995368347068515947074279279512647158447|101700197779880482598395966412583046972181160955955940591286228131577202077539,3283273051193155527938292923506466335995368347068515947074279279512647158447,Yes,False,,,,,,,,,,,,133.34
2026-03-05T00:48:42Z,UCL,217813,uefa-champions-league-top-scorer-club,UEFA Champions League: Top Scorer (Club),2026-02-24T17:26:51.055374Z,1399746,will-juventus-score-the-most-goals-in-2025-26-uefa-champions-league,Will Juventus score the most goals in 2025-26 UEFA Champions League?,0x8badccdb5dc5891bd237fc2b15d7b65cfd17b2a3cea4ed6ca0c3713d78bb149b,"[""3283273051193155527938292923506466335995368347068515947074279279512647158447"", ""101700197779880482598395966412583046972181160955955940591286228131577202077539""]",3283273051193155527938292923506466335995368347068515947074279279512647158447|101700197779880482598395966412583046972181160955955940591286228131577202077539,101700197779880482598395966412583046972181160955955940591286228131577202077539,No,False,,,,,,,,,,,,133.34
2026-03-05T00:48:42Z,UCL,217813,uefa-champions-league-top-scorer-club,UEFA Champions League: Top Scorer (Club),2026-02-24T17:26:51.055374Z,1399748,will-as-monaco-score-the-most-goals-in-2025-26-uefa-champions-league,Will AS Monaco score the most goals in 2025-26 UEFA Champions League?,0xad75dbbed30103113ec995527028f527dac030b0f08f0a7b69f32b86a674f55d,"[""31535928339953248064852989710757772980925865272428448142128321051611159195717"", ""27298687826296692931461285569870323201649084101213889978875596757226182854578""]",31535928339953248064852989710757772980925865272428448142128321051611159195717|27298687826296692931461285569870323201649084101213889978875596757226182854578,31535928339953248064852989710757772980925865272428448142128321051611159195717,Yes,False,,,,,,,,,,,,134.3559
2026-03-05T00:48:42Z,UCL,217813,uefa-champions-league-top-scorer-club,UEFA Champions League: Top Scorer (Club),2026-02-24T17:26:51.055374Z,1399748,will-as-monaco-score-the-most-goals-in-2025-26-uefa-champions-league,Will AS Monaco score the most goals in 2025-26 UEFA Champions League?,0xad75dbbed30103113ec995527028f527dac030b0f08f0a7b69f32b86a674f55d,"[""31535928339953248064852989710757772980925865272428448142128321051611159195717"", ""27298687826296692931461285569870323201649084101213889978875596757226182854578""]",31535928339953248064852989710757772980925865272428448142128321051611159195717|27298687826296692931461285569870323201649084101213889978875596757226182854578,27298687826296692931461285569870323201649084101213889978875596757226182854578,No,False,,,,,,,,,,,,134.3559
2026-03-05T00:48:42Z,UCL,217813,uefa-champions-league-top-scorer-club,UEFA Champions League: Top Scorer (Club),2026-02-24T17:26:51.055374Z,1399750,will-olympiacos-score-the-most-goals-in-2025-26-uefa-champions-league,Will Olympiacos score the most goals in 2025-26 UEFA Champions League?,0x332eba7cf48a7d7022a071fe1636456394e9c1f4bc2469d66aca10ed128eddbe,"[""93962646593817540281126818344862764935867154270618795033483702597857580211128"", ""28160263282189824482557207557465106738665519617445336294784858434864104295565""]",93962646593817540281126818344862764935867154270618795033483702597857580211128|28160263282189824482557207557465106738665519617445336294784858434864104295565,93962646593817540281126818344862764935867154270618795033483702597857580211128,Yes,False,,,,,,,,,,,,300
2026-03-05T00:48:42Z,UCL,217813,uefa-champions-league-top-scorer-club,UEFA Champions League: Top Scorer (Club),2026-02-24T17:26:51.055374Z,1399750,will-olympiacos-score-the-most-goals-in-2025-26-uefa-champions-league,Will Olympiacos score the most goals in 2025-26 UEFA Champions League?,0x332eba7cf48a7d7022a071fe1636456394e9c1f4bc2469d66aca10ed128eddbe,"[""93962646593817540281126818344862764935867154270618795033483702597857580211128"", ""28160263282189824482557207557465106738665519617445336294784858434864104295565""]",93962646593817540281126818344862764935867154270618795033483702597857580211128|28160263282189824482557207557465106738665519617445336294784858434864104295565,28160263282189824482557207557465106738665519617445336294784858434864104295565,No,False,,,,,,,,,,,,300
2026-03-05T00:48:42Z,UCL,217813,uefa-champions-league-top-scorer-club,UEFA Champions League: Top Scorer (Club),2026-02-24T17:26:51.055374Z,1399752,will-qaraba-score-the-most-goals-in-2025-26-uefa-champions-league,Will Qarabağ score the most goals in 2025-26 UEFA Champions League?,0x9c11d408278b3c13285608866f9ea6d393793591735b53c7c809cb27ea774829,"[""93515427391747095531207312460608057341455090991386644783084408213188838343939"", ""54293813328446343413837394388644236677047663480514722077421818595817751439668""]",93515427391747095531207312460608057341455090991386644783084408213188838343939|54293813328446343413837394388644236677047663480514722077421818595817751439668,93515427391747095531207312460608057341455090991386644783084408213188838343939,Yes,False,,,,,,,,,,,,169.14
2026-03-05T00:48:42Z,UCL,217813,uefa-champions-league-top-scorer-club,UEFA Champions League: Top Scorer (Club),2026-02-24T17:26:51.055374Z,1399752,will-qaraba-score-the-most-goals-in-2025-26-uefa-champions-league,Will Qarabağ score the most goals in 2025-26 UEFA Champions League?,0x9c11d408278b3c13285608866f9ea6d393793591735b53c7c809cb27ea774829,"[""93515427391747095531207312460608057341455090991386644783084408213188838343939"", ""54293813328446343413837394388644236677047663480514722077421818595817751439668""]",93515427391747095531207312460608057341455090991386644783084408213188838343939|54293813328446343413837394388644236677047663480514722077421818595817751439668,54293813328446343413837394388644236677047663480514722077421818595817751439668,No,False,,,,,,,,,,,,169.14
2026-03-05T00:48:42Z,UCL,217813,uefa-champions-league-top-scorer-club,UEFA Champions League: Top Scorer (Club),2026-02-24T17:26:51.055374Z,1399754,will-club-b-score-the-most-goals-in-2025-26-uefa-champions-league,Will club B score the most goals in 2025-26 UEFA Champions League?,0x1e03033af0f8610348a3df502aba5d9068b25b8657350f23e33f8cddcc41b040,"[""27000366112326933069792900697171954386184851914817202115712517471750539768848"", ""77361878810100050634551751116205627146453884373708336287178377472975797262814""]",27000366112326933069792900697171954386184851914817202115712517471750539768848|77361878810100050634551751116205627146453884373708336287178377472975797262814,27000366112326933069792900697171954386184851914817202115712517471750539768848,Yes,False,,,,,,,,,,,0,0
2026-03-05T00:48:42Z,UCL,217813,uefa-champions-league-top-scorer-club,UEFA Champions League: Top Scorer (Club),2026-02-24T17:26:51.055374Z,1399754,will-club-b-score-the-most-goals-in-2025-26-uefa-champions-league,Will club B score the most goals in 2025-26 UEFA Champions League?,0x1e03033af0f8610348a3df502aba5d9068b25b8657350f23e33f8cddcc41b040,"[""27000366112326933069792900697171954386184851914817202115712517471750539768848"", ""77361878810100050634551751116205627146453884373708336287178377472975797262814""]",27000366112326933069792900697171954386184851914817202115712517471750539768848|77361878810100050634551751116205627146453884373708336287178377472975797262814,77361878810100050634551751116205627146453884373708336287178377472975797262814,No,False,,,,,,,,,,,0,0
2026-03-05T00:48:42Z,UCL,217813,uefa-champions-league-top-scorer-club,UEFA Champions League: Top Scorer (Club),2026-02-24T17:26:51.055374Z,1399756,will-another-club-score-the-most-goals-in-2025-26-uefa-champions-league,Will another club score the most goals in 2025-26 UEFA Champions League?,0x3d59c6a60efc6a34426138aad234bdd8a01852c0f16933779af536de7a4219e6,"[""49345705290153243562631401987154620905236941676893278029492190331446686641556"", ""112519957309211820300984930942277740667286791186568973569445368922753951192039""]",49345705290153243562631401987154620905236941676893278029492190331446686641556|112519957309211820300984930942277740667286791186568973569445368922753951192039,49345705290153243562631401987154620905236941676893278029492190331446686641556,Yes,False,,,,,,,,,,,0,0
2026-03-05T00:48:42Z,UCL,217813,uefa-champions-league-top-scorer-club,UEFA Champions League: Top Scorer (Club),2026-02-24T17:26:51.055374Z,1399756,will-another-club-score-the-most-goals-in-2025-26-uefa-champions-league,Will another club score the most goals in 2025-26 UEFA Champions League?,0x3d59c6a60efc6a34426138aad234bdd8a01852c0f16933779af536de7a4219e6,"[""49345705290153243562631401987154620905236941676893278029492190331446686641556"", ""112519957309211820300984930942277740667286791186568973569445368922753951192039""]",49345705290153243562631401987154620905236941676893278029492190331446686641556|112519957309211820300984930942277740667286791186568973569445368922753951192039,112519957309211820300984930942277740667286791186568973569445368922753951192039,No,False,,,,,,,,,,,0,0
2026-03-05T00:48:42Z,UCL,235021,ucl-gal-liv1-2026-03-10,Galatasaray SK vs. Liverpool FC,2026-02-27T19:15:27.052109Z,1456031,ucl-gal-liv1-2026-03-10-gal,Will Galatasaray SK win on 2026-03-10?,0x04c1673813b88631003334557ad6aec7e200bf84b36a61ce6635f3eb607bd9ba,"[""87238771553206999062273268540352852766649955414836150010419931805950644186201"", ""56117892801764943730194286525386192073528340476937852627211725980140415554847""]",87238771553206999062273268540352852766649955414836150010419931805950644186201|56117892801764943730194286525386192073528340476937852627211725980140415554847,87238771553206999062273268540352852766649955414836150010419931805950644186201,Yes,True,0.22,12276.71,0.23,2267.48,0.225,0.010000000000000009,a94b85befaae430de9f3ea616b964c7be0805af0,0.01,5,0.770,39928.3893,24572.898259
2026-03-05T00:48:42Z,UCL,235021,ucl-gal-liv1-2026-03-10,Galatasaray SK vs. Liverpool FC,2026-02-27T19:15:27.052109Z,1456031,ucl-gal-liv1-2026-03-10-gal,Will Galatasaray SK win on 2026-03-10?,0x04c1673813b88631003334557ad6aec7e200bf84b36a61ce6635f3eb607bd9ba,"[""87238771553206999062273268540352852766649955414836150010419931805950644186201"", ""56117892801764943730194286525386192073528340476937852627211725980140415554847""]",87238771553206999062273268540352852766649955414836150010419931805950644186201|56117892801764943730194286525386192073528340476937852627211725980140415554847,56117892801764943730194286525386192073528340476937852627211725980140415554847,No,True,0.77,2267.48,0.78,12276.71,0.775,0.010000000000000009,b70c93b3e6136be99ae0a16534554d9a47a05146,0.01,5,0.770,39928.3893,24572.898259
2026-03-05T00:48:42Z,UCL,235021,ucl-gal-liv1-2026-03-10,Galatasaray SK vs. Liverpool FC,2026-02-27T19:15:27.052109Z,1456033,ucl-gal-liv1-2026-03-10-draw,Will Galatasaray SK vs. Liverpool FC end in a draw?,0xc35405ee765d8e9adba28aff6f0faaf25a83f0faaddd1c5386ca2a6a77912bcd,"[""72642839448824297966148981885437057123037266758955621931354199085511289611122"", ""89170570741235231052347471244129571210011875606637599212895113483639843570197""]",72642839448824297966148981885437057123037266758955621931354199085511289611122|89170570741235231052347471244129571210011875606637599212895113483639843570197,72642839448824297966148981885437057123037266758955621931354199085511289611122,Yes,True,0.23,1739.01,0.24,6985.02,0.235,0.009999999999999981,9cd98e286ea7fe47b2332802d254d7da8f28c7e2,0.01,5,0.230,27556.994,5479.329071
2026-03-05T00:48:42Z,UCL,235021,ucl-gal-liv1-2026-03-10,Galatasaray SK vs. Liverpool FC,2026-02-27T19:15:27.052109Z,1456033,ucl-gal-liv1-2026-03-10-draw,Will Galatasaray SK vs. Liverpool FC end in a draw?,0xc35405ee765d8e9adba28aff6f0faaf25a83f0faaddd1c5386ca2a6a77912bcd,"[""72642839448824297966148981885437057123037266758955621931354199085511289611122"", ""89170570741235231052347471244129571210011875606637599212895113483639843570197""]",72642839448824297966148981885437057123037266758955621931354199085511289611122|89170570741235231052347471244129571210011875606637599212895113483639843570197,89170570741235231052347471244129571210011875606637599212895113483639843570197,No,True,0.76,6985.02,0.77,1739.01,0.765,0.010000000000000009,e6d8bfccdcb7ed6ab2a4c04f4381abd88758f319,0.01,5,0.230,27556.994,5479.329071
2026-03-05T00:48:42Z,UCL,235021,ucl-gal-liv1-2026-03-10,Galatasaray SK vs. Liverpool FC,2026-02-27T19:15:27.052109Z,1456035,ucl-gal-liv1-2026-03-10-liv1,Will Liverpool FC win on 2026-03-10?,0x02ad508dd49f4a952db6a4323d9bf78f5ee6fc2eb72acaa5053d39224435f883,"[""76302207217910667746235001573638365503836587785675561502940687592825980452481"", ""58524248130025597119415669072812186759333775741822314112120435318238485479405""]",76302207217910667746235001573638365503836587785675561502940687592825980452481|58524248130025597119415669072812186759333775741822314112120435318238485479405,76302207217910667746235001573638365503836587785675561502940687592825980452481,Yes,True,0.54,937.0,0.55,700.0,0.545,0.010000000000000009,09cbbc424e7608efd86c5587170da4513b55a64e,0.01,5,0.440,27361.6808,41300.113662
2026-03-05T00:48:42Z,UCL,235021,ucl-gal-liv1-2026-03-10,Galatasaray SK vs. Liverpool FC,2026-02-27T19:15:27.052109Z,1456035,ucl-gal-liv1-2026-03-10-liv1,Will Liverpool FC win on 2026-03-10?,0x02ad508dd49f4a952db6a4323d9bf78f5ee6fc2eb72acaa5053d39224435f883,"[""76302207217910667746235001573638365503836587785675561502940687592825980452481"", ""58524248130025597119415669072812186759333775741822314112120435318238485479405""]",76302207217910667746235001573638365503836587785675561502940687592825980452481|58524248130025597119415669072812186759333775741822314112120435318238485479405,58524248130025597119415669072812186759333775741822314112120435318238485479405,No,True,0.45,700.0,0.46,937.0,0.455,0.010000000000000009,cc1a80a39b0a0e8f1d07886bf7b579df567e33a7,0.01,5,0.440,27361.6808,41300.113662
2026-03-05T00:48:42Z,UCL,235023,ucl-atm1-tot-2026-03-10,Club Atlético de Madrid vs. Tottenham Hotspur FC,2026-02-27T19:07:21.578032Z,1456044,ucl-atm1-tot-2026-03-10-atm1,Will Club Atlético de Madrid win on 2026-03-10?,0xb6672e33386fff3f751ee29c3bc2cfb0cfe252f8842351f01ef7aed46f28735a,"[""76744295612879811354415003580935932230180459016810395346047695003117934810873"", ""69940326205617469167409775286452944552649831651298636419056129024359666414249""]",76744295612879811354415003580935932230180459016810395346047695003117934810873|69940326205617469167409775286452944552649831651298636419056129024359666414249,76744295612879811354415003580935932230180459016810395346047695003117934810873,Yes,True,0.6,103499.18,0.61,4153.06,0.605,0.010000000000000009,abeafaa8b8cc2c4bea27fefe70fe73196cf53da1,0.01,5,0.390,292024.2161,22968.627583
2026-03-05T00:48:42Z,UCL,235023,ucl-atm1-tot-2026-03-10,Club Atlético de Madrid vs. Tottenham Hotspur FC,2026-02-27T19:07:21.578032Z,1456044,ucl-atm1-tot-2026-03-10-atm1,Will Club Atlético de Madrid win on 2026-03-10?,0xb6672e33386fff3f751ee29c3bc2cfb0cfe252f8842351f01ef7aed46f28735a,"[""76744295612879811354415003580935932230180459016810395346047695003117934810873"", ""69940326205617469167409775286452944552649831651298636419056129024359666414249""]",76744295612879811354415003580935932230180459016810395346047695003117934810873|69940326205617469167409775286452944552649831651298636419056129024359666414249,69940326205617469167409775286452944552649831651298636419056129024359666414249,No,True,0.39,4153.06,0.4,103499.18,0.395,0.010000000000000009,c5a0bf4ef161331f46e33ed25eafdc81798be5f7,0.01,5,0.390,292024.2161,22968.627583
2026-03-05T00:48:42Z,UCL,235023,ucl-atm1-tot-2026-03-10,Club Atlético de Madrid vs. Tottenham Hotspur FC,2026-02-27T19:07:21.578032Z,1456045,ucl-atm1-tot-2026-03-10-draw,Will Club Atlético de Madrid vs. Tottenham Hotspur FC end in a draw?,0x7e8483c8c3b4a01b83250eb36d603b509ae2044541ef2ae8ab2292bab48e9c5e,"[""61730069867978091672147080685925103361768027836529543175919595224321147010085"", ""90616435033013899877954269863983791859122012680918750397378628531732149075281""]",61730069867978091672147080685925103361768027836529543175919595224321147010085|90616435033013899877954269863983791859122012680918750397378628531732149075281,61730069867978091672147080685925103361768027836529543175919595224321147010085,Yes,True,0.22,4417.43,0.23,320.1,0.225,0.010000000000000009,c71c76aff00f309be32c1b4ee2752e6d3bd7b1d2,0.01,5,0.230,9434.4192,334.460194
2026-03-05T00:48:42Z,UCL,235023,ucl-atm1-tot-2026-03-10,Club Atlético de Madrid vs. Tottenham Hotspur FC,2026-02-27T19:07:21.578032Z,1456045,ucl-atm1-tot-2026-03-10-draw,Will Club Atlético de Madrid vs. Tottenham Hotspur FC end in a draw?,0x7e8483c8c3b4a01b83250eb36d603b509ae2044541ef2ae8ab2292bab48e9c5e,"[""61730069867978091672147080685925103361768027836529543175919595224321147010085"", ""90616435033013899877954269863983791859122012680918750397378628531732149075281""]",61730069867978091672147080685925103361768027836529543175919595224321147010085|90616435033013899877954269863983791859122012680918750397378628531732149075281,90616435033013899877954269863983791859122012680918750397378628531732149075281,No,True,0.77,320.1,0.78,4417.43,0.775,0.010000000000000009,66181d7c9af2cf98937749cac763131d2618c031,0.01,5,0.230,9434.4192,334.460194
2026-03-05T00:48:42Z,UCL,235023,ucl-atm1-tot-2026-03-10,Club Atlético de Madrid vs. Tottenham Hotspur FC,2026-02-27T19:07:21.578032Z,1456047,ucl-atm1-tot-2026-03-10-tot,Will Tottenham Hotspur FC win on 2026-03-10?,0x940628d6dfe08a9a33f1aea84645369b76d97e74a317cbf1402ab98070892bb6,"[""99935360932077608000573821485068312683841930438028613095308829036803733897574"", ""96967616420866806153370188413931633634040003544661405016596288715052656842977""]",99935360932077608000573821485068312683841930438028613095308829036803733897574|96967616420866806153370188413931633634040003544661405016596288715052656842977,99935360932077608000573821485068312683841930438028613095308829036803733897574,Yes,True,0.17,411.08,0.18,133.66,0.175,0.009999999999999981,5377edbc6a44dfc83fa4c890e46ff603bb497460,0.01,5,0.820,11345.8515,1014.124599
2026-03-05T00:48:42Z,UCL,235023,ucl-atm1-tot-2026-03-10,Club Atlético de Madrid vs. Tottenham Hotspur FC,2026-02-27T19:07:21.578032Z,1456047,ucl-atm1-tot-2026-03-10-tot,Will Tottenham Hotspur FC win on 2026-03-10?,0x940628d6dfe08a9a33f1aea84645369b76d97e74a317cbf1402ab98070892bb6,"[""99935360932077608000573821485068312683841930438028613095308829036803733897574"", ""96967616420866806153370188413931633634040003544661405016596288715052656842977""]",99935360932077608000573821485068312683841930438028613095308829036803733897574|96967616420866806153370188413931633634040003544661405016596288715052656842977,96967616420866806153370188413931633634040003544661405016596288715052656842977,No,True,0.82,133.66,0.83,411.08,0.825,0.010000000000000009,782d0a012759a2435c5246d2d0b707ef7a39f8d5,0.01,5,0.820,11345.8515,1014.124599
2026-03-05T00:48:42Z,UCL,235024,ucl-ata1-bay1-2026-03-10,Atalanta BC vs. FC Bayern München,2026-02-27T19:15:27.065303Z,1456050,ucl-ata1-bay1-2026-03-10-ata1,Will Atalanta BC win on 2026-03-10?,0x1e7a4ded752fa469f76f1503f7910ea910577187885f7239172f30ec297ad6a8,"[""65289652940462238756785743651122467347581640544045993952813212349329670918636"", ""34875609643369272667749149334846760861167916373848198976855950330052956851746""]",65289652940462238756785743651122467347581640544045993952813212349329670918636|34875609643369272667749149334846760861167916373848198976855950330052956851746,65289652940462238756785743651122467347581640544045993952813212349329670918636,Yes,True,0.19,111.63,0.2,90.45,0.195,0.010000000000000009,870424fc3dbf21e5a77542f2af6d6045bfab27b9,0.01,5,0.800,13193.3849,1601.271596
2026-03-05T00:48:42Z,UCL,235024,ucl-ata1-bay1-2026-03-10,Atalanta BC vs. FC Bayern München,2026-02-27T19:15:27.065303Z,1456050,ucl-ata1-bay1-2026-03-10-ata1,Will Atalanta BC win on 2026-03-10?,0x1e7a4ded752fa469f76f1503f7910ea910577187885f7239172f30ec297ad6a8,"[""65289652940462238756785743651122467347581640544045993952813212349329670918636"", ""34875609643369272667749149334846760861167916373848198976855950330052956851746""]",65289652940462238756785743651122467347581640544045993952813212349329670918636|34875609643369272667749149334846760861167916373848198976855950330052956851746,34875609643369272667749149334846760861167916373848198976855950330052956851746,No,True,0.8,90.45,0.81,111.63,0.805,0.010000000000000009,47df3f8f7eaa993d4cd4b4b601bd79eedbe47ed7,0.01,5,0.800,13193.3849,1601.271596
2026-03-05T00:48:42Z,UCL,235024,ucl-ata1-bay1-2026-03-10,Atalanta BC vs. FC Bayern München,2026-02-27T19:15:27.065303Z,1456051,ucl-ata1-bay1-2026-03-10-draw,Will Atalanta BC vs. FC Bayern München end in a draw?,0x4230ee8ec090de06e0672daefd56de26b1350e7dc63de2746559c7565334208e,"[""2100588859545262385101491239042624475933490861046284146549518613699188034434"", ""68104764479864552650719036830821842267674560433620993621850620388699475028377""]",2100588859545262385101491239042624475933490861046284146549518613699188034434|68104764479864552650719036830821842267674560433620993621850620388699475028377,2100588859545262385101491239042624475933490861046284146549518613699188034434,Yes,True,0.19,2312.75,0.2,1302.55,0.195,0.010000000000000009,b1dd6ebfea5ad056b8e1eaa56520a70898ab1894,0.01,5,0.800,10040.648,1751.719346
2026-03-05T00:48:42Z,UCL,235024,ucl-ata1-bay1-2026-03-10,Atalanta BC vs. FC Bayern München,2026-02-27T19:15:27.065303Z,1456051,ucl-ata1-bay1-2026-03-10-draw,Will Atalanta BC vs. FC Bayern München end in a draw?,0x4230ee8ec090de06e0672daefd56de26b1350e7dc63de2746559c7565334208e,"[""2100588859545262385101491239042624475933490861046284146549518613699188034434"", ""68104764479864552650719036830821842267674560433620993621850620388699475028377""]",2100588859545262385101491239042624475933490861046284146549518613699188034434|68104764479864552650719036830821842267674560433620993621850620388699475028377,68104764479864552650719036830821842267674560433620993621850620388699475028377,No,True,0.8,1302.55,0.81,2312.75,0.805,0.010000000000000009,4460e5ced916c51e9fb9c79fed85b8e21f9ce24c,0.01,5,0.800,10040.648,1751.719346
2026-03-05T00:48:42Z,UCL,235024,ucl-ata1-bay1-2026-03-10,Atalanta BC vs. FC Bayern München,2026-02-27T19:15:27.065303Z,1456052,ucl-ata1-bay1-2026-03-10-bay1,Will FC Bayern München win on 2026-03-10?,0x935805334f27a1ef8ed2adbdc4717afbb8a647c1628baa44333186886621084b,"[""23468278622250162493811012879540333356052317206343964586571449703258433930167"", ""113758685938293417121546116468112450889638750297546570266502872862428393806429""]",23468278622250162493811012879540333356052317206343964586571449703258433930167|113758685938293417121546116468112450889638750297546570266502872862428393806429,23468278622250162493811012879540333356052317206343964586571449703258433930167,Yes,True,0.6,60.08,0.61,10.21,0.605,0.010000000000000009,41c8ad8324d552aa4d3969dbd9910040d0c6aa62,0.01,5,0.390,366119.7655,53977.901644
2026-03-05T00:48:42Z,UCL,235024,ucl-ata1-bay1-2026-03-10,Atalanta BC vs. FC Bayern München,2026-02-27T19:15:27.065303Z,1456052,ucl-ata1-bay1-2026-03-10-bay1,Will FC Bayern München win on 2026-03-10?,0x935805334f27a1ef8ed2adbdc4717afbb8a647c1628baa44333186886621084b,"[""23468278622250162493811012879540333356052317206343964586571449703258433930167"", ""113758685938293417121546116468112450889638750297546570266502872862428393806429""]",23468278622250162493811012879540333356052317206343964586571449703258433930167|113758685938293417121546116468112450889638750297546570266502872862428393806429,113758685938293417121546116468112450889638750297546570266502872862428393806429,No,True,0.39,10.21,0.4,60.08,0.395,0.010000000000000009,3d95d380acb407370f8d4ab8752b55561ec0ce1f,0.01,5,0.390,366119.7655,53977.901644
2026-03-05T00:48:42Z,UCL,235025,ucl-new-fcb1-2026-03-10,Newcastle United FC vs. FC Barcelona,2026-02-27T19:15:27.061248Z,1456054,ucl-new-fcb1-2026-03-10-draw,Will Newcastle United FC vs. FC Barcelona end in a draw?,0x6cde1cf148fda952831e34095a97d719b1b55437168264b738770477186153ce,"[""22136935837709482089377005942530006714482964957872146996113204588633879262846"", ""76308536770520099765191453945156600901024292928121533916405455254698012715854""]",22136935837709482089377005942530006714482964957872146996113204588633879262846|76308536770520099765191453945156600901024292928121533916405455254698012715854,22136935837709482089377005942530006714482964957872146996113204588633879262846,Yes,True,0.23,22724.94,0.24,124.9,0.235,0.009999999999999981,9127793aaf355cd1c99067e12bc5d6e9ad9112ba,0.01,5,0.760,16852.5167,6719.722027
2026-03-05T00:48:42Z,UCL,235025,ucl-new-fcb1-2026-03-10,Newcastle United FC vs. FC Barcelona,2026-02-27T19:15:27.061248Z,1456054,ucl-new-fcb1-2026-03-10-draw,Will Newcastle United FC vs. FC Barcelona end in a draw?,0x6cde1cf148fda952831e34095a97d719b1b55437168264b738770477186153ce,"[""22136935837709482089377005942530006714482964957872146996113204588633879262846"", ""76308536770520099765191453945156600901024292928121533916405455254698012715854""]",22136935837709482089377005942530006714482964957872146996113204588633879262846|76308536770520099765191453945156600901024292928121533916405455254698012715854,76308536770520099765191453945156600901024292928121533916405455254698012715854,No,True,0.76,124.9,0.77,22724.94,0.765,0.010000000000000009,781edec9fa6d0b4444e6bb63bab45ac1c9c15f30,0.01,5,0.760,16852.5167,6719.722027
2026-03-05T00:48:42Z,UCL,235025,ucl-new-fcb1-2026-03-10,Newcastle United FC vs. FC Barcelona,2026-02-27T19:15:27.061248Z,1456055,ucl-new-fcb1-2026-03-10-fcb1,Will FC Barcelona win on 2026-03-10?,0xbae69ae9b70dd90f07af50b9818de5ae7ad5dab1252874a04c95a8127ee45954,"[""40749457448634859432751294869460930167992826720478658831868727481616304516770"", ""36076008792821415451116071083604391332558930393579853239505981764670101832385""]",40749457448634859432751294869460930167992826720478658831868727481616304516770|36076008792821415451116071083604391332558930393579853239505981764670101832385,40749457448634859432751294869460930167992826720478658831868727481616304516770,Yes,True,0.42,6154.0,0.44,3853.17,0.43,0.020000000000000018,57301090d249b839fc129ad027bb23af1ccecee4,0.01,5,0.560,55404.6741,92449.161724
2026-03-05T00:48:42Z,UCL,235025,ucl-new-fcb1-2026-03-10,Newcastle United FC vs. FC Barcelona,2026-02-27T19:15:27.061248Z,1456055,ucl-new-fcb1-2026-03-10-fcb1,Will FC Barcelona win on 2026-03-10?,0xbae69ae9b70dd90f07af50b9818de5ae7ad5dab1252874a04c95a8127ee45954,"[""40749457448634859432751294869460930167992826720478658831868727481616304516770"", ""36076008792821415451116071083604391332558930393579853239505981764670101832385""]",40749457448634859432751294869460930167992826720478658831868727481616304516770|36076008792821415451116071083604391332558930393579853239505981764670101832385,36076008792821415451116071083604391332558930393579853239505981764670101832385,No,True,0.56,3853.17,0.58,6154.0,0.5700000000000001,0.019999999999999907,11b5462d2b13fb6214ba23e053d54d394f826a3d,0.01,5,0.560,55404.6741,92449.161724
2026-03-05T00:48:42Z,UCL,235025,ucl-new-fcb1-2026-03-10,Newcastle United FC vs. FC Barcelona,2026-02-27T19:15:27.061248Z,1456053,ucl-new-fcb1-2026-03-10-new,Will Newcastle United FC win on 2026-03-10?,0x1ac56475465b7d500a59618c645de92bec3ffeb69eac26242721b23f64e31a12,"[""64596889719737870852587648166741991830768554045567080880968217963716347342720"", ""115453296197533695645437479820838351764006903443706015760045707417386562380727""]",64596889719737870852587648166741991830768554045567080880968217963716347342720|115453296197533695645437479820838351764006903443706015760045707417386562380727,64596889719737870852587648166741991830768554045567080880968217963716347342720,Yes,True,0.33,1190.74,0.34,46.46,0.335,0.010000000000000009,5737b73b4be61d4100d8630e563ef5db177caf2b,0.01,5,0.660,18797.6401,15123.980907
2026-03-05T00:48:42Z,UCL,235025,ucl-new-fcb1-2026-03-10,Newcastle United FC vs. FC Barcelona,2026-02-27T19:15:27.061248Z,1456053,ucl-new-fcb1-2026-03-10-new,Will Newcastle United FC win on 2026-03-10?,0x1ac56475465b7d500a59618c645de92bec3ffeb69eac26242721b23f64e31a12,"[""64596889719737870852587648166741991830768554045567080880968217963716347342720"", ""115453296197533695645437479820838351764006903443706015760045707417386562380727""]",64596889719737870852587648166741991830768554045567080880968217963716347342720|115453296197533695645437479820838351764006903443706015760045707417386562380727,115453296197533695645437479820838351764006903443706015760045707417386562380727,No,True,0.66,46.46,0.67,1190.74,0.665,0.010000000000000009,4227490113e4124ba2273b0f5286d4ce0dfb7aa6,0.01,5,0.660,18797.6401,15123.980907
2026-03-05T00:48:42Z,UCL,235026,ucl-lev-ars-2026-03-11,Bayer 04 Leverkusen vs. Arsenal FC,2026-02-27T19:15:34.913234Z,1456056,ucl-lev-ars-2026-03-11-lev,Will Bayer 04 Leverkusen win on 2026-03-11?,0xd9b2390afd8a78258cc6cd8ce931fe4fe90c77c3df2834e04dd4d8dd994f73b5,"[""109069929227071925683742974428296930196077257286101930927263804493142202232290"", ""78872993221767917982108995604621456694526897574300252505474345945076467510366""]",109069929227071925683742974428296930196077257286101930927263804493142202232290|78872993221767917982108995604621456694526897574300252505474345945076467510366,109069929227071925683742974428296930196077257286101930927263804493142202232290,Yes,True,0.14,3039.44,0.15,421.01,0.14500000000000002,0.009999999999999981,af00f0181794e358958299a307617ed3afd2babe,0.01,5,0.850,13886.4407,677.409871
2026-03-05T00:48:42Z,UCL,235026,ucl-lev-ars-2026-03-11,Bayer 04 Leverkusen vs. Arsenal FC,2026-02-27T19:15:34.913234Z,1456056,ucl-lev-ars-2026-03-11-lev,Will Bayer 04 Leverkusen win on 2026-03-11?,0xd9b2390afd8a78258cc6cd8ce931fe4fe90c77c3df2834e04dd4d8dd994f73b5,"[""109069929227071925683742974428296930196077257286101930927263804493142202232290"", ""78872993221767917982108995604621456694526897574300252505474345945076467510366""]",109069929227071925683742974428296930196077257286101930927263804493142202232290|78872993221767917982108995604621456694526897574300252505474345945076467510366,78872993221767917982108995604621456694526897574300252505474345945076467510366,No,True,0.85,421.01,0.86,3039.44,0.855,0.010000000000000009,a708a7f93565f98d2ab5bd69af83fa0285170865,0.01,5,0.850,13886.4407,677.409871
2026-03-05T00:48:42Z,UCL,235026,ucl-lev-ars-2026-03-11,Bayer 04 Leverkusen vs. Arsenal FC,2026-02-27T19:15:34.913234Z,1456057,ucl-lev-ars-2026-03-11-draw,Will Bayer 04 Leverkusen vs. Arsenal FC end in a draw?,0x20a6a5cc51276987b0eef31b9416be450c589cf1f03bd9da037a8aee7053356f,"[""3764694610508318566480503741349342065748628850144208255899767070561633003838"", ""38893944899954347335447397260888354576688239133237291566845876966835142187399""]",3764694610508318566480503741349342065748628850144208255899767070561633003838|38893944899954347335447397260888354576688239133237291566845876966835142187399,3764694610508318566480503741349342065748628850144208255899767070561633003838,Yes,True,0.21,2914.88,0.22,422.14,0.215,0.010000000000000009,a66d9e812575ee1b01b9311a18b317b4598c136f,0.01,5,,11220.98,127.11392
2026-03-05T00:48:42Z,UCL,235026,ucl-lev-ars-2026-03-11,Bayer 04 Leverkusen vs. Arsenal FC,2026-02-27T19:15:34.913234Z,1456057,ucl-lev-ars-2026-03-11-draw,Will Bayer 04 Leverkusen vs. Arsenal FC end in a draw?,0x20a6a5cc51276987b0eef31b9416be450c589cf1f03bd9da037a8aee7053356f,"[""3764694610508318566480503741349342065748628850144208255899767070561633003838"", ""38893944899954347335447397260888354576688239133237291566845876966835142187399""]",3764694610508318566480503741349342065748628850144208255899767070561633003838|38893944899954347335447397260888354576688239133237291566845876966835142187399,38893944899954347335447397260888354576688239133237291566845876966835142187399,No,True,0.78,422.14,0.79,2914.88,0.785,0.010000000000000009,aa45f5609aab512e2d552124509031de5c766d11,0.01,5,,11220.98,127.11392
2026-03-05T00:48:42Z,UCL,235026,ucl-lev-ars-2026-03-11,Bayer 04 Leverkusen vs. Arsenal FC,2026-02-27T19:15:34.913234Z,1456058,ucl-lev-ars-2026-03-11-ars,Will Arsenal FC win on 2026-03-11?,0x13182a3f43e0e50172d6ec2578f960e73f24a5f2c28f3c9e752369d7d5331cb1,"[""6513270381960802253012683151666357505132664786332053561142044868772233342467"", ""110423533006192757186758646844750307831061700346210485468035055247519874406326""]",6513270381960802253012683151666357505132664786332053561142044868772233342467|110423533006192757186758646844750307831061700346210485468035055247519874406326,6513270381960802253012683151666357505132664786332053561142044868772233342467,Yes,True,0.64,2121.97,0.65,6100.32,0.645,0.010000000000000009,5dbde92903a5b405dd1f0f4fb433fc8d21fa1a34,0.01,5,0.640,24138.3166,8228.2723
2026-03-05T00:48:42Z,UCL,235026,ucl-lev-ars-2026-03-11,Bayer 04 Leverkusen vs. Arsenal FC,2026-02-27T19:15:34.913234Z,1456058,ucl-lev-ars-2026-03-11-ars,Will Arsenal FC win on 2026-03-11?,0x13182a3f43e0e50172d6ec2578f960e73f24a5f2c28f3c9e752369d7d5331cb1,"[""6513270381960802253012683151666357505132664786332053561142044868772233342467"", ""110423533006192757186758646844750307831061700346210485468035055247519874406326""]",6513270381960802253012683151666357505132664786332053561142044868772233342467|110423533006192757186758646844750307831061700346210485468035055247519874406326,110423533006192757186758646844750307831061700346210485468035055247519874406326,No,True,0.35,6100.32,0.36,2121.97,0.355,0.010000000000000009,9eaebd48d4562ee261d090b61a3896c877c8440e,0.01,5,0.640,24138.3166,8228.2723
2026-03-05T00:48:42Z,UCL,235027,ucl-psg1-cfc1-2026-03-11,Paris Saint-Germain FC vs. Chelsea FC,2026-02-27T19:12:14.697273Z,1456059,ucl-psg1-cfc1-2026-03-11-psg1,Will Paris Saint-Germain FC win on 2026-03-11?,0x09eb95f347c8ca17d639371297175ed15f397c531e8ef13286382cda2a2595d1,"[""22363389315034600521629710486925706522870234823631575045933955878780499716955"", ""28765639323782584986940161946204598421945373652559065933660352861151749539201""]",22363389315034600521629710486925706522870234823631575045933955878780499716955|28765639323782584986940161946204598421945373652559065933660352861151749539201,22363389315034600521629710486925706522870234823631575045933955878780499716955,Yes,True,0.54,21.0,0.55,4726.2,0.545,0.010000000000000009,fcb3d64836a40f61ad5e6859fea9fef2e3a33a6f,0.01,5,0.450,13674.1929,924.639676
2026-03-05T00:48:42Z,UCL,235027,ucl-psg1-cfc1-2026-03-11,Paris Saint-Germain FC vs. Chelsea FC,2026-02-27T19:12:14.697273Z,1456059,ucl-psg1-cfc1-2026-03-11-psg1,Will Paris Saint-Germain FC win on 2026-03-11?,0x09eb95f347c8ca17d639371297175ed15f397c531e8ef13286382cda2a2595d1,"[""22363389315034600521629710486925706522870234823631575045933955878780499716955"", ""28765639323782584986940161946204598421945373652559065933660352861151749539201""]",22363389315034600521629710486925706522870234823631575045933955878780499716955|28765639323782584986940161946204598421945373652559065933660352861151749539201,28765639323782584986940161946204598421945373652559065933660352861151749539201,No,True,0.45,4726.2,0.46,21.0,0.455,0.010000000000000009,210f5754ae384edc53d81d5d67ec0ae023c82748,0.01,5,0.450,13674.1929,924.639676
2026-03-05T00:48:42Z,UCL,235027,ucl-psg1-cfc1-2026-03-11,Paris Saint-Germain FC vs. Chelsea FC,2026-02-27T19:12:14.697273Z,1456060,ucl-psg1-cfc1-2026-03-11-draw,Will Paris Saint-Germain FC vs. Chelsea FC end in a draw?,0x743ea6cd76e117a6cee533f7c8fc6c4d36fef51cf37ac2d6114ebffaf7f851da,"[""48935414289532439731114353764271826902281568694183435333420462436504905516861"", ""1880871605050197452833694967021561941998274552082477432779484280751520890466""]",48935414289532439731114353764271826902281568694183435333420462436504905516861|1880871605050197452833694967021561941998274552082477432779484280751520890466,48935414289532439731114353764271826902281568694183435333420462436504905516861,Yes,True,0.23,2019.0,0.24,953.8,0.235,0.009999999999999981,09153e2edb6b4b8fd451c6886ee6e79177045003,0.01,5,0.760,10005.38,145.75
2026-03-05T00:48:42Z,UCL,235027,ucl-psg1-cfc1-2026-03-11,Paris Saint-Germain FC vs. Chelsea FC,2026-02-27T19:12:14.697273Z,1456060,ucl-psg1-cfc1-2026-03-11-draw,Will Paris Saint-Germain FC vs. Chelsea FC end in a draw?,0x743ea6cd76e117a6cee533f7c8fc6c4d36fef51cf37ac2d6114ebffaf7f851da,"[""48935414289532439731114353764271826902281568694183435333420462436504905516861"", ""1880871605050197452833694967021561941998274552082477432779484280751520890466""]",48935414289532439731114353764271826902281568694183435333420462436504905516861|1880871605050197452833694967021561941998274552082477432779484280751520890466,1880871605050197452833694967021561941998274552082477432779484280751520890466,No,True,0.76,953.8,0.77,2019.0,0.765,0.010000000000000009,47a7a61365d7be2116e5c866e073a9db10383e93,0.01,5,0.760,10005.38,145.75
2026-03-05T00:48:42Z,UCL,235027,ucl-psg1-cfc1-2026-03-11,Paris Saint-Germain FC vs. Chelsea FC,2026-02-27T19:12:14.697273Z,1456061,ucl-psg1-cfc1-2026-03-11-cfc1,Will Chelsea FC win on 2026-03-11?,0x1209cecae8cf9e969c3cb1e075e3b5e24745acff90d95bb7fa65223f26d5b4b4,"[""22494906137114031057068296666068951411502001148183329146074369867085092258559"", ""38724536228782798830253931124892495875603426663724643729016628461423652043404""]",22494906137114031057068296666068951411502001148183329146074369867085092258559|38724536228782798830253931124892495875603426663724643729016628461423652043404,22494906137114031057068296666068951411502001148183329146074369867085092258559,Yes,True,0.21,5264.0,0.22,30.15,0.215,0.010000000000000009,47dd8a33a2b60d2b0e376d71f9cb0becdacd1850,0.01,5,0.770,12216.4454,1128.814604
2026-03-05T00:48:42Z,UCL,235027,ucl-psg1-cfc1-2026-03-11,Paris Saint-Germain FC vs. Chelsea FC,2026-02-27T19:12:14.697273Z,1456061,ucl-psg1-cfc1-2026-03-11-cfc1,Will Chelsea FC win on 2026-03-11?,0x1209cecae8cf9e969c3cb1e075e3b5e24745acff90d95bb7fa65223f26d5b4b4,"[""22494906137114031057068296666068951411502001148183329146074369867085092258559"", ""38724536228782798830253931124892495875603426663724643729016628461423652043404""]",22494906137114031057068296666068951411502001148183329146074369867085092258559|38724536228782798830253931124892495875603426663724643729016628461423652043404,38724536228782798830253931124892495875603426663724643729016628461423652043404,No,True,0.78,30.15,0.79,5264.0,0.785,0.010000000000000009,4ec3fa5ff73170d3e1017f23ff5ba663f6f70a0d,0.01,5,0.770,12216.4454,1128.814604
2026-03-05T00:48:42Z,UCL,235028,ucl-rma1-mnc1-2026-03-11,Real Madrid CF vs. Manchester City FC,2026-02-27T19:15:27.063937Z,1456062,ucl-rma1-mnc1-2026-03-11-rma1,Will Real Madrid CF win on 2026-03-11?,0x91c512d9857cd92ea3bb3aa60842de2bb4cb27c8120c389dcac68d6e862aa1dc,"[""56414504707422739955831237046661798725741455841321832950381253795907320301962"", ""9059451262741139509490538502038067211339010535712469618380604340564503672798""]",56414504707422739955831237046661798725741455841321832950381253795907320301962|9059451262741139509490538502038067211339010535712469618380604340564503672798,56414504707422739955831237046661798725741455841321832950381253795907320301962,Yes,True,0.3,2228.02,0.31,5072.62,0.305,0.010000000000000009,c662314236e6a66bdf5ded9805fd665162ed39e7,0.01,5,0.300,345219.3236,5977.807632
2026-03-05T00:48:42Z,UCL,235028,ucl-rma1-mnc1-2026-03-11,Real Madrid CF vs. Manchester City FC,2026-02-27T19:15:27.063937Z,1456062,ucl-rma1-mnc1-2026-03-11-rma1,Will Real Madrid CF win on 2026-03-11?,0x91c512d9857cd92ea3bb3aa60842de2bb4cb27c8120c389dcac68d6e862aa1dc,"[""56414504707422739955831237046661798725741455841321832950381253795907320301962"", ""9059451262741139509490538502038067211339010535712469618380604340564503672798""]",56414504707422739955831237046661798725741455841321832950381253795907320301962|9059451262741139509490538502038067211339010535712469618380604340564503672798,9059451262741139509490538502038067211339010535712469618380604340564503672798,No,True,0.69,5072.62,0.7,2228.02,0.695,0.010000000000000009,f4eb694ad68f9dc8212d3db110f80110d4bdc48d,0.01,5,0.300,345219.3236,5977.807632
2026-03-05T00:48:42Z,UCL,235028,ucl-rma1-mnc1-2026-03-11,Real Madrid CF vs. Manchester City FC,2026-02-27T19:15:27.063937Z,1456063,ucl-rma1-mnc1-2026-03-11-draw,Will Real Madrid CF vs. Manchester City FC end in a draw?,0x24ec942a07b3f6c8c471a4065e5336e9966ec2708e8b7750b828b5b7e6356394,"[""12952844210083483476815874086580111251733930248758116703419729064911896085257"", ""90672392462686151800182194402614022581111289390023255682249061039197357899272""]",12952844210083483476815874086580111251733930248758116703419729064911896085257|90672392462686151800182194402614022581111289390023255682249061039197357899272,12952844210083483476815874086580111251733930248758116703419729064911896085257,Yes,True,0.25,3566.86,0.26,399.68,0.255,0.010000000000000009,d12b11efcb8f5b7e6dba7d1a89c72c3d2a4cc1c9,0.01,5,0.740,11599.3155,743.196455
2026-03-05T00:48:42Z,UCL,235028,ucl-rma1-mnc1-2026-03-11,Real Madrid CF vs. Manchester City FC,2026-02-27T19:15:27.063937Z,1456063,ucl-rma1-mnc1-2026-03-11-draw,Will Real Madrid CF vs. Manchester City FC end in a draw?,0x24ec942a07b3f6c8c471a4065e5336e9966ec2708e8b7750b828b5b7e6356394,"[""12952844210083483476815874086580111251733930248758116703419729064911896085257"", ""90672392462686151800182194402614022581111289390023255682249061039197357899272""]",12952844210083483476815874086580111251733930248758116703419729064911896085257|90672392462686151800182194402614022581111289390023255682249061039197357899272,90672392462686151800182194402614022581111289390023255682249061039197357899272,No,True,0.74,399.68,0.75,3566.86,0.745,0.010000000000000009,a1c77c76ca899d91cf7d659c46e99b48f2112a59,0.01,5,0.740,11599.3155,743.196455
2026-03-05T00:48:42Z,UCL,235028,ucl-rma1-mnc1-2026-03-11,Real Madrid CF vs. Manchester City FC,2026-02-27T19:15:27.063937Z,1456064,ucl-rma1-mnc1-2026-03-11-mnc1,Will Manchester City FC win on 2026-03-11?,0xa03d6082ec33a3784fe0ddf89ecd1b9876bf7da3cfc77492f6d4a5ad29c510d3,"[""89979996805911923791096926987781577238847862118033389912099366083297874091108"", ""26337290317778854828666808998234338064502712648502953475578825516607073043375""]",89979996805911923791096926987781577238847862118033389912099366083297874091108|26337290317778854828666808998234338064502712648502953475578825516607073043375,89979996805911923791096926987781577238847862118033389912099366083297874091108,Yes,True,0.44,17959.86,0.46,3084.71,0.45,0.020000000000000018,974afbf22b6d5eebbb137cd3af4e16c9b5b99a50,0.01,5,0.550,301455.7326,20084.016652
2026-03-05T00:48:42Z,UCL,235028,ucl-rma1-mnc1-2026-03-11,Real Madrid CF vs. Manchester City FC,2026-02-27T19:15:27.063937Z,1456064,ucl-rma1-mnc1-2026-03-11-mnc1,Will Manchester City FC win on 2026-03-11?,0xa03d6082ec33a3784fe0ddf89ecd1b9876bf7da3cfc77492f6d4a5ad29c510d3,"[""89979996805911923791096926987781577238847862118033389912099366083297874091108"", ""26337290317778854828666808998234338064502712648502953475578825516607073043375""]",89979996805911923791096926987781577238847862118033389912099366083297874091108|26337290317778854828666808998234338064502712648502953475578825516607073043375,26337290317778854828666808998234338064502712648502953475578825516607073043375,No,True,0.54,3084.71,0.56,17959.86,0.55,0.020000000000000018,1f2d350c01cc824a58b4fe5b6189de85c0dcbe07,0.01,5,0.550,301455.7326,20084.016652
2026-03-05T00:48:42Z,UCL,235029,ucl-bog1-spo1-2026-03-11,FK Bodø/Glimt vs. Sporting CP,2026-02-27T19:15:27.062603Z,1456065,ucl-bog1-spo1-2026-03-11-bog1,Will FK Bodø/Glimt win on 2026-03-11?,0xa37f3ec6b264c2bc560c5e26af30ee8ffbd2216672c3f6001c79e7de2608e123,"[""105642351525574548787019501921139595763321668740836706330985285868847085510897"", ""59758613938864985056021573821549348105288872480469332190356719260343758638751""]",105642351525574548787019501921139595763321668740836706330985285868847085510897|59758613938864985056021573821549348105288872480469332190356719260343758638751,105642351525574548787019501921139595763321668740836706330985285868847085510897,Yes,True,0.37,5500.88,0.38,1999.95,0.375,0.010000000000000009,5518a704b6fbb10111cfc55255ebb8e3aa0d69aa,0.01,5,0.620,52141.7639,6783.330842
2026-03-05T00:48:42Z,UCL,235029,ucl-bog1-spo1-2026-03-11,FK Bodø/Glimt vs. Sporting CP,2026-02-27T19:15:27.062603Z,1456065,ucl-bog1-spo1-2026-03-11-bog1,Will FK Bodø/Glimt win on 2026-03-11?,0xa37f3ec6b264c2bc560c5e26af30ee8ffbd2216672c3f6001c79e7de2608e123,"[""105642351525574548787019501921139595763321668740836706330985285868847085510897"", ""59758613938864985056021573821549348105288872480469332190356719260343758638751""]",105642351525574548787019501921139595763321668740836706330985285868847085510897|59758613938864985056021573821549348105288872480469332190356719260343758638751,59758613938864985056021573821549348105288872480469332190356719260343758638751,No,True,0.62,1999.95,0.63,5500.88,0.625,0.010000000000000009,11b0784fbcd6a506e5af7ce65b59c10332e85ed4,0.01,5,0.620,52141.7639,6783.330842
2026-03-05T00:48:42Z,UCL,235029,ucl-bog1-spo1-2026-03-11,FK Bodø/Glimt vs. Sporting CP,2026-02-27T19:15:27.062603Z,1456066,ucl-bog1-spo1-2026-03-11-draw,Will FK Bodø/Glimt vs. Sporting CP end in a draw?,0x855c58a2761e898a9970bcabb0e2108981982558aa2d39f59af2ba968a3fe008,"[""36151514096235492244751523973781743025060456334563018686468463934059906306868"", ""96737103505214265635174116842860659597122114049692620471219340534625065781476""]",36151514096235492244751523973781743025060456334563018686468463934059906306868|96737103505214265635174116842860659597122114049692620471219340534625065781476,36151514096235492244751523973781743025060456334563018686468463934059906306868,Yes,True,0.25,188.0,0.26,4075.75,0.255,0.010000000000000009,1f1ebb927f061164bf61ee1c449d231620a25e50,0.01,5,0.250,9083.4836,375.542358
2026-03-05T00:48:42Z,UCL,235029,ucl-bog1-spo1-2026-03-11,FK Bodø/Glimt vs. Sporting CP,2026-02-27T19:15:27.062603Z,1456066,ucl-bog1-spo1-2026-03-11-draw,Will FK Bodø/Glimt vs. Sporting CP end in a draw?,0x855c58a2761e898a9970bcabb0e2108981982558aa2d39f59af2ba968a3fe008,"[""36151514096235492244751523973781743025060456334563018686468463934059906306868"", ""96737103505214265635174116842860659597122114049692620471219340534625065781476""]",36151514096235492244751523973781743025060456334563018686468463934059906306868|96737103505214265635174116842860659597122114049692620471219340534625065781476,96737103505214265635174116842860659597122114049692620471219340534625065781476,No,True,0.74,4075.75,0.75,188.0,0.745,0.010000000000000009,a4c15e58af06f89929d7b96c56fac4afdf962585,0.01,5,0.250,9083.4836,375.542358
2026-03-05T00:48:42Z,UCL,235029,ucl-bog1-spo1-2026-03-11,FK Bodø/Glimt vs. Sporting CP,2026-02-27T19:15:27.062603Z,1456067,ucl-bog1-spo1-2026-03-11-spo1,Will Sporting CP win on 2026-03-11?,0x9020e29eac77bb6e2e790825646a3ff1a313630d589cf687006778c45f456f2b,"[""39634876643109174980883276044758329465017212890967252787072431524334274296593"", ""109272817187625512243087705056180429175256952385690724161301456209386145212884""]",39634876643109174980883276044758329465017212890967252787072431524334274296593|109272817187625512243087705056180429175256952385690724161301456209386145212884,39634876643109174980883276044758329465017212890967252787072431524334274296593,Yes,True,0.37,32.87,0.38,337.36,0.375,0.010000000000000009,021b84cdc19b75d45c3881bd033457ba263f20f0,0.01,5,0.630,12311.4256,641.640472
2026-03-05T00:48:42Z,UCL,235029,ucl-bog1-spo1-2026-03-11,FK Bodø/Glimt vs. Sporting CP,2026-02-27T19:15:27.062603Z,1456067,ucl-bog1-spo1-2026-03-11-spo1,Will Sporting CP win on 2026-03-11?,0x9020e29eac77bb6e2e790825646a3ff1a313630d589cf687006778c45f456f2b,"[""39634876643109174980883276044758329465017212890967252787072431524334274296593"", ""109272817187625512243087705056180429175256952385690724161301456209386145212884""]",39634876643109174980883276044758329465017212890967252787072431524334274296593|109272817187625512243087705056180429175256952385690724161301456209386145212884,109272817187625512243087705056180429175256952385690724161301456209386145212884,No,True,0.62,337.36,0.63,32.87,0.625,0.010000000000000009,37dc997aa58344ecb267942fc7c375897d9bd97a,0.01,5,0.630,12311.4256,641.640472
2026-03-05T00:48:42Z,UCL,235048,ucl-bog1-spo1-2026-03-11-more-markets,FK Bodø/Glimt vs. Sporting CP - More Markets,2026-02-27T19:20:13.068769Z,1456116,ucl-bog1-spo1-2026-03-11-spread-home-1pt5,Spread: FK Bodø/Glimt (-1.5),0xa8ec45125a244eac931baf1888b5a2f7e172b83bd4fe78098b1c10f11ab1c91d,"[""41051799493668281143574703702984873301662987167640760518265296579883453027048"", ""70236907291350074231119168394952284983192860347442134426422761995542473717481""]",41051799493668281143574703702984873301662987167640760518265296579883453027048|70236907291350074231119168394952284983192860347442134426422761995542473717481,41051799493668281143574703702984873301662987167640760518265296579883453027048,FK Bodø/Glimt,True,0.05,13.02,0.67,162.16,0.36000000000000004,0.62,a3cbe879f02fa6cac732f310096158c171cc1f93,0.01,5,,195.649,
2026-03-05T00:48:42Z,UCL,235048,ucl-bog1-spo1-2026-03-11-more-markets,FK Bodø/Glimt vs. Sporting CP - More Markets,2026-02-27T19:20:13.068769Z,1456116,ucl-bog1-spo1-2026-03-11-spread-home-1pt5,Spread: FK Bodø/Glimt (-1.5),0xa8ec45125a244eac931baf1888b5a2f7e172b83bd4fe78098b1c10f11ab1c91d,"[""41051799493668281143574703702984873301662987167640760518265296579883453027048"", ""70236907291350074231119168394952284983192860347442134426422761995542473717481""]",41051799493668281143574703702984873301662987167640760518265296579883453027048|70236907291350074231119168394952284983192860347442134426422761995542473717481,70236907291350074231119168394952284983192860347442134426422761995542473717481,Sporting CP,True,0.33,162.16,0.95,13.02,0.64,0.6199999999999999,57bb08b995cd1a551897ed83370395e198a983f8,0.01,5,,195.649,
2026-03-05T00:48:42Z,UCL,235048,ucl-bog1-spo1-2026-03-11-more-markets,FK Bodø/Glimt vs. Sporting CP - More Markets,2026-02-27T19:20:13.068769Z,1456117,ucl-bog1-spo1-2026-03-11-spread-away-1pt5,Spread: Sporting CP (-1.5),0x46083706327913efdc5de4db515d643f7e6b5ec66775fbf3cbe51ed2de342cd6,"[""5159394617770795109981468242249989941999197352124617786058277855686779525424"", ""29667920039211438454164667230473485482738917612862173952504185977330302536215""]",5159394617770795109981468242249989941999197352124617786058277855686779525424|29667920039211438454164667230473485482738917612862173952504185977330302536215,5159394617770795109981468242249989941999197352124617786058277855686779525424,Sporting CP,True,0.05,10.78,0.5,6.5,0.275,0.45,5466755e3a9cf6ae83c6168b1d340bbfb4320f0c,0.01,5,,205.3532,
2026-03-05T00:48:42Z,UCL,235048,ucl-bog1-spo1-2026-03-11-more-markets,FK Bodø/Glimt vs. Sporting CP - More Markets,2026-02-27T19:20:13.068769Z,1456117,ucl-bog1-spo1-2026-03-11-spread-away-1pt5,Spread: Sporting CP (-1.5),0x46083706327913efdc5de4db515d643f7e6b5ec66775fbf3cbe51ed2de342cd6,"[""5159394617770795109981468242249989941999197352124617786058277855686779525424"", ""29667920039211438454164667230473485482738917612862173952504185977330302536215""]",5159394617770795109981468242249989941999197352124617786058277855686779525424|29667920039211438454164667230473485482738917612862173952504185977330302536215,29667920039211438454164667230473485482738917612862173952504185977330302536215,FK Bodø/Glimt,True,0.5,6.5,0.95,10.78,0.725,0.44999999999999996,f1a0cdb857def0727ba3b0a9dc10223eb14c8ffb,0.01,5,,205.3532,
2026-03-05T00:48:42Z,UCL,235048,ucl-bog1-spo1-2026-03-11-more-markets,FK Bodø/Glimt vs. Sporting CP - More Markets,2026-02-27T19:20:13.068769Z,1456118,ucl-bog1-spo1-2026-03-11-spread-home-2pt5,Spread: FK Bodø/Glimt (-2.5),0xaae3b57b1d0079719f03d038099a385012bccd77c819b4688e4df501ab95d4f5,"[""103191239279883518806389314379895615311129414330176394616559988594369871692404"", ""80578915236547174261619453481830036670894928496759686278255772523955900248883""]",103191239279883518806389314379895615311129414330176394616559988594369871692404|80578915236547174261619453481830036670894928496759686278255772523955900248883,103191239279883518806389314379895615311129414330176394616559988594369871692404,FK Bodø/Glimt,True,0.08,89.55,0.4,6.5,0.24000000000000002,0.32,f1a4c3e1f28a82732ad12ff6bda3b9558c88db37,0.01,5,,244.7569,
2026-03-05T00:48:42Z,UCL,235048,ucl-bog1-spo1-2026-03-11-more-markets,FK Bodø/Glimt vs. Sporting CP - More Markets,2026-02-27T19:20:13.068769Z,1456118,ucl-bog1-spo1-2026-03-11-spread-home-2pt5,Spread: FK Bodø/Glimt (-2.5),0xaae3b57b1d0079719f03d038099a385012bccd77c819b4688e4df501ab95d4f5,"[""103191239279883518806389314379895615311129414330176394616559988594369871692404"", ""80578915236547174261619453481830036670894928496759686278255772523955900248883""]",103191239279883518806389314379895615311129414330176394616559988594369871692404|80578915236547174261619453481830036670894928496759686278255772523955900248883,80578915236547174261619453481830036670894928496759686278255772523955900248883,Sporting CP,True,0.6,6.5,0.92,89.55,0.76,0.32000000000000006,879698b368d4985babf06c2bef325b5aba754c70,0.01,5,,244.7569,
2026-03-05T00:48:42Z,UCL,235048,ucl-bog1-spo1-2026-03-11-more-markets,FK Bodø/Glimt vs. Sporting CP - More Markets,2026-02-27T19:20:13.068769Z,1456119,ucl-bog1-spo1-2026-03-11-spread-away-2pt5,Spread: Sporting CP (-2.5),0x3aa19920d12b9a66e508f0a05c494914bcb7ada89dd50d5d285eeb673c4c56c6,"[""89788204995852530146636771594605377424390054909879487699009846321007786080776"", ""13915767812428506650108537250381166190019996065658990805574829589062846475819""]",89788204995852530146636771594605377424390054909879487699009846321007786080776|13915767812428506650108537250381166190019996065658990805574829589062846475819,89788204995852530146636771594605377424390054909879487699009846321007786080776,Sporting CP,True,0.05,10.19,0.27,6.58,0.16,0.22000000000000003,8283a838b7ed65de404d96428f4155a3e1e411b1,0.01,5,,174.9657,
2026-03-05T00:48:42Z,UCL,235048,ucl-bog1-spo1-2026-03-11-more-markets,FK Bodø/Glimt vs. Sporting CP - More Markets,2026-02-27T19:20:13.068769Z,1456119,ucl-bog1-spo1-2026-03-11-spread-away-2pt5,Spread: Sporting CP (-2.5),0x3aa19920d12b9a66e508f0a05c494914bcb7ada89dd50d5d285eeb673c4c56c6,"[""89788204995852530146636771594605377424390054909879487699009846321007786080776"", ""13915767812428506650108537250381166190019996065658990805574829589062846475819""]",89788204995852530146636771594605377424390054909879487699009846321007786080776|13915767812428506650108537250381166190019996065658990805574829589062846475819,13915767812428506650108537250381166190019996065658990805574829589062846475819,FK Bodø/Glimt,True,0.73,6.58,0.95,10.19,0.84,0.21999999999999997,c5fc71b14ffd326a2257dfcc336e1938cdc8f309,0.01,5,,174.9657,
2026-03-05T00:48:42Z,UCL,235048,ucl-bog1-spo1-2026-03-11-more-markets,FK Bodø/Glimt vs. Sporting CP - More Markets,2026-02-27T19:20:13.068769Z,1456120,ucl-bog1-spo1-2026-03-11-total-1pt5,FK Bodø/Glimt vs. Sporting CP: O/U 1.5,0x30ed1a635b54f9a246631b8b81a5a3b03036e239f9a173fd526137f3b869cd3d,"[""71014947362286948477065358120660595728298333323706069514141471057604618393812"", ""92134536140181976853377185933229844016075740640332452305238018555191413359260""]",71014947362286948477065358120660595728298333323706069514141471057604618393812|92134536140181976853377185933229844016075740640332452305238018555191413359260,71014947362286948477065358120660595728298333323706069514141471057604618393812,Over,True,0.44,10.0,0.95,5.68,0.695,0.51,fc68a62f5bd311bc5e5430d2fbfc6b3cce658237,0.01,5,,219.9604,10
2026-03-05T00:48:42Z,UCL,235048,ucl-bog1-spo1-2026-03-11-more-markets,FK Bodø/Glimt vs. Sporting CP - More Markets,2026-02-27T19:20:13.068769Z,1456120,ucl-bog1-spo1-2026-03-11-total-1pt5,FK Bodø/Glimt vs. Sporting CP: O/U 1.5,0x30ed1a635b54f9a246631b8b81a5a3b03036e239f9a173fd526137f3b869cd3d,"[""71014947362286948477065358120660595728298333323706069514141471057604618393812"", ""92134536140181976853377185933229844016075740640332452305238018555191413359260""]",71014947362286948477065358120660595728298333323706069514141471057604618393812|92134536140181976853377185933229844016075740640332452305238018555191413359260,92134536140181976853377185933229844016075740640332452305238018555191413359260,Under,True,0.05,5.68,0.56,10.0,0.30500000000000005,0.51,4a26f98fbab6159119156b2e8bf9266dd0e1f6ec,0.01,5,,219.9604,10
2026-03-05T00:48:42Z,UCL,235048,ucl-bog1-spo1-2026-03-11-more-markets,FK Bodø/Glimt vs. Sporting CP - More Markets,2026-02-27T19:20:13.068769Z,1456121,ucl-bog1-spo1-2026-03-11-total-2pt5,FK Bodø/Glimt vs. Sporting CP: O/U 2.5,0x7675e3c332b108e908c1417d9e7234bc4b44a765b617eefeb39ff7a131a44e34,"[""38430100299399958458973755430948807046445421155577475040493970038640671318457"", ""36236031648400305991157808711669068541161191458247592691782029806866760985749""]",38430100299399958458973755430948807046445421155577475040493970038640671318457|36236031648400305991157808711669068541161191458247592691782029806866760985749,38430100299399958458973755430948807046445421155577475040493970038640671318457,Over,True,0.57,6.6,0.62,789.0,0.595,0.050000000000000044,099ff0019afa9b447d4cf120d99a3d161d11b371,0.01,5,,1656.4871,
2026-03-05T00:48:42Z,UCL,235048,ucl-bog1-spo1-2026-03-11-more-markets,FK Bodø/Glimt vs. Sporting CP - More Markets,2026-02-27T19:20:13.068769Z,1456121,ucl-bog1-spo1-2026-03-11-total-2pt5,FK Bodø/Glimt vs. Sporting CP: O/U 2.5,0x7675e3c332b108e908c1417d9e7234bc4b44a765b617eefeb39ff7a131a44e34,"[""38430100299399958458973755430948807046445421155577475040493970038640671318457"", ""36236031648400305991157808711669068541161191458247592691782029806866760985749""]",38430100299399958458973755430948807046445421155577475040493970038640671318457|36236031648400305991157808711669068541161191458247592691782029806866760985749,36236031648400305991157808711669068541161191458247592691782029806866760985749,Under,True,0.38,789.0,0.43,6.6,0.405,0.04999999999999999,7fb477baf951b511c8abcaf6a66a772a890f6204,0.01,5,,1656.4871,
2026-03-05T00:48:42Z,UCL,235048,ucl-bog1-spo1-2026-03-11-more-markets,FK Bodø/Glimt vs. Sporting CP - More Markets,2026-02-27T19:20:13.068769Z,1456122,ucl-bog1-spo1-2026-03-11-total-3pt5,FK Bodø/Glimt vs. Sporting CP: O/U 3.5,0x8991497d2806f8092697beefe0003afc9673733587ddeb51f7e5d0430f7ccacd,"[""69843139743132114893367449171955167328273933062187084980215118655469936680073"", ""100823657215820590013930385879163999605777820011188650780766730434028516886142""]",69843139743132114893367449171955167328273933062187084980215118655469936680073|100823657215820590013930385879163999605777820011188650780766730434028516886142,69843139743132114893367449171955167328273933062187084980215118655469936680073,Over,True,0.35,65.93,0.42,6.5,0.385,0.07,a57692370da4dd616cf29a52212abb6b1accfe58,0.01,5,,1354.1836,
2026-03-05T00:48:42Z,UCL,235048,ucl-bog1-spo1-2026-03-11-more-markets,FK Bodø/Glimt vs. Sporting CP - More Markets,2026-02-27T19:20:13.068769Z,1456122,ucl-bog1-spo1-2026-03-11-total-3pt5,FK Bodø/Glimt vs. Sporting CP: O/U 3.5,0x8991497d2806f8092697beefe0003afc9673733587ddeb51f7e5d0430f7ccacd,"[""69843139743132114893367449171955167328273933062187084980215118655469936680073"", ""100823657215820590013930385879163999605777820011188650780766730434028516886142""]",69843139743132114893367449171955167328273933062187084980215118655469936680073|100823657215820590013930385879163999605777820011188650780766730434028516886142,100823657215820590013930385879163999605777820011188650780766730434028516886142,Under,True,0.58,6.5,0.65,65.93,0.615,0.07000000000000006,8282a547f9e960589c9a58a8a3ac1ce2c85fe57c,0.01,5,,1354.1836,
2026-03-05T00:48:42Z,UCL,235048,ucl-bog1-spo1-2026-03-11-more-markets,FK Bodø/Glimt vs. Sporting CP - More Markets,2026-02-27T19:20:13.068769Z,1456123,ucl-bog1-spo1-2026-03-11-total-4pt5,FK Bodø/Glimt vs. Sporting CP: O/U 4.5,0x3b877ed6fdbdddc702bdb5e2787bcecd75ec4c6b39c8176a1bb8c94cc298c52f,"[""98711200848834733036496655833544904839517745372799058742617983366845587959800"", ""61081523207686873355186387442688741476049793942652331008705079721601411283387""]",98711200848834733036496655833544904839517745372799058742617983366845587959800|61081523207686873355186387442688741476049793942652331008705079721601411283387,98711200848834733036496655833544904839517745372799058742617983366845587959800,Over,True,0.05,10.79,0.53,117.64,0.29000000000000004,0.48000000000000004,b673057e80df7da297a1b58c31b5cd778ac703a0,0.01,5,,125.8152,
2026-03-05T00:48:42Z,UCL,235048,ucl-bog1-spo1-2026-03-11-more-markets,FK Bodø/Glimt vs. Sporting CP - More Markets,2026-02-27T19:20:13.068769Z,1456123,ucl-bog1-spo1-2026-03-11-total-4pt5,FK Bodø/Glimt vs. Sporting CP: O/U 4.5,0x3b877ed6fdbdddc702bdb5e2787bcecd75ec4c6b39c8176a1bb8c94cc298c52f,"[""98711200848834733036496655833544904839517745372799058742617983366845587959800"", ""61081523207686873355186387442688741476049793942652331008705079721601411283387""]",98711200848834733036496655833544904839517745372799058742617983366845587959800|61081523207686873355186387442688741476049793942652331008705079721601411283387,61081523207686873355186387442688741476049793942652331008705079721601411283387,Under,True,0.47,117.64,0.95,10.79,0.71,0.48,f3f9d161d1532183c9c8ed71f9c3b1bba8730708,0.01,5,,125.8152,
2026-03-05T00:48:42Z,UCL,235048,ucl-bog1-spo1-2026-03-11-more-markets,FK Bodø/Glimt vs. Sporting CP - More Markets,2026-02-27T19:20:13.068769Z,1456124,ucl-bog1-spo1-2026-03-11-btts,FK Bodø/Glimt vs. Sporting CP: Both Teams to Score,0x593d959c5425ac96c2d73b123829d175d3a83c4ba8f5eafd4ca473c543a01592,"[""25352145117725699424354423043546397525629648503306035916302424735004111865329"", ""107270480454746363670414867085509193819263859139571501672362130523801169882190""]",25352145117725699424354423043546397525629648503306035916302424735004111865329|107270480454746363670414867085509193819263859139571501672362130523801169882190,25352145117725699424354423043546397525629648503306035916302424735004111865329,Yes,True,0.6,1000.0,0.66,300.0,0.63,0.06000000000000005,a8373006d878a5f96a17121922356a7309df1a68,0.01,5,,2717.8321,
2026-03-05T00:48:42Z,UCL,235048,ucl-bog1-spo1-2026-03-11-more-markets,FK Bodø/Glimt vs. Sporting CP - More Markets,2026-02-27T19:20:13.068769Z,1456124,ucl-bog1-spo1-2026-03-11-btts,FK Bodø/Glimt vs. Sporting CP: Both Teams to Score,0x593d959c5425ac96c2d73b123829d175d3a83c4ba8f5eafd4ca473c543a01592,"[""25352145117725699424354423043546397525629648503306035916302424735004111865329"", ""107270480454746363670414867085509193819263859139571501672362130523801169882190""]",25352145117725699424354423043546397525629648503306035916302424735004111865329|107270480454746363670414867085509193819263859139571501672362130523801169882190,107270480454746363670414867085509193819263859139571501672362130523801169882190,No,True,0.34,300.0,0.4,1000.0,0.37,0.06,ba4aad8a6df6a225174a384b99c9ddd3c9f57522,0.01,5,,2717.8321,
2026-03-05T00:48:42Z,UCL,235049,ucl-rma1-mnc1-2026-03-11-more-markets,Real Madrid CF vs. Manchester City FC - More Markets,2026-02-27T19:20:13.070762Z,1456132,ucl-rma1-mnc1-2026-03-11-total-4pt5,Real Madrid CF vs. Manchester City FC: O/U 4.5,0x774d0694ac83ebf90b6ac4aaf0b3b883818810f3026a17361c36099d9e8cc964,"[""12648300765037526682742216559299786417112915914580788257076453801534774210186"", ""51441681622875913609547553673717832132575884179846817735989476145722062818013""]",12648300765037526682742216559299786417112915914580788257076453801534774210186|51441681622875913609547553673717832132575884179846817735989476145722062818013,12648300765037526682742216559299786417112915914580788257076453801534774210186,Over,True,0.05,11.03,0.52,115.38,0.28500000000000003,0.47000000000000003,3ba0d386fc6276eb3b0f8f2e94eed7a407f2fd5d,0.01,5,,182.6458,
2026-03-05T00:48:42Z,UCL,235049,ucl-rma1-mnc1-2026-03-11-more-markets,Real Madrid CF vs. Manchester City FC - More Markets,2026-02-27T19:20:13.070762Z,1456132,ucl-rma1-mnc1-2026-03-11-total-4pt5,Real Madrid CF vs. Manchester City FC: O/U 4.5,0x774d0694ac83ebf90b6ac4aaf0b3b883818810f3026a17361c36099d9e8cc964,"[""12648300765037526682742216559299786417112915914580788257076453801534774210186"", ""51441681622875913609547553673717832132575884179846817735989476145722062818013""]",12648300765037526682742216559299786417112915914580788257076453801534774210186|51441681622875913609547553673717832132575884179846817735989476145722062818013,51441681622875913609547553673717832132575884179846817735989476145722062818013,Under,True,0.48,115.38,0.95,11.03,0.715,0.47,fa3f26573b0af74924010d8b0e7ed0ad2fab5b66,0.01,5,,182.6458,
2026-03-05T00:48:42Z,UCL,235049,ucl-rma1-mnc1-2026-03-11-more-markets,Real Madrid CF vs. Manchester City FC - More Markets,2026-02-27T19:20:13.070762Z,1456133,ucl-rma1-mnc1-2026-03-11-btts,Real Madrid CF vs. Manchester City FC: Both Teams to Score,0xfadf2e3da0fec344b8a846a91595c51185fdcf77f1eedcb7c807a0ba8fd086f3,"[""110096346874714774507024256207629069557504105312015361986992885541744629820515"", ""12420658014695274627783552106118147846977979359713605165580084046837961901672""]",110096346874714774507024256207629069557504105312015361986992885541744629820515|12420658014695274627783552106118147846977979359713605165580084046837961901672,110096346874714774507024256207629069557504105312015361986992885541744629820515,Yes,True,0.61,150.0,0.67,450.0,0.64,0.06000000000000005,64786c309fab198a98c4e7d7e787cd644ffb8f73,0.01,5,,3978.8418,
2026-03-05T00:48:42Z,UCL,235049,ucl-rma1-mnc1-2026-03-11-more-markets,Real Madrid CF vs. Manchester City FC - More Markets,2026-02-27T19:20:13.070762Z,1456133,ucl-rma1-mnc1-2026-03-11-btts,Real Madrid CF vs. Manchester City FC: Both Teams to Score,0xfadf2e3da0fec344b8a846a91595c51185fdcf77f1eedcb7c807a0ba8fd086f3,"[""110096346874714774507024256207629069557504105312015361986992885541744629820515"", ""12420658014695274627783552106118147846977979359713605165580084046837961901672""]",110096346874714774507024256207629069557504105312015361986992885541744629820515|12420658014695274627783552106118147846977979359713605165580084046837961901672,12420658014695274627783552106118147846977979359713605165580084046837961901672,No,True,0.33,450.0,0.39,150.0,0.36,0.06,18ff9f97b2483a87d2b75e8fc09dfe747d006382,0.01,5,,3978.8418,
2026-03-05T00:48:42Z,UCL,235049,ucl-rma1-mnc1-2026-03-11-more-markets,Real Madrid CF vs. Manchester City FC - More Markets,2026-02-27T19:20:13.070762Z,1456125,ucl-rma1-mnc1-2026-03-11-spread-home-1pt5,Spread: Real Madrid CF (-1.5),0x722e89e76f860438bb969f5d5bcb51dc30b3f9a421657ccc34223af9a7f450cf,"[""95294892675856634298327852414585845962464910800183459800519170120186765707884"", ""105171508414143250514049563516151809790212451380342650387780475748374254277364""]",95294892675856634298327852414585845962464910800183459800519170120186765707884|105171508414143250514049563516151809790212451380342650387780475748374254277364,95294892675856634298327852414585845962464910800183459800519170120186765707884,Real Madrid CF,True,0.05,12.89,0.27,18.0,0.16,0.22000000000000003,1bfe6595d2b6b0b4b39d09ddcd1ef3feaf58089c,0.01,5,,220.7147,
2026-03-05T00:48:42Z,UCL,235049,ucl-rma1-mnc1-2026-03-11-more-markets,Real Madrid CF vs. Manchester City FC - More Markets,2026-02-27T19:20:13.070762Z,1456125,ucl-rma1-mnc1-2026-03-11-spread-home-1pt5,Spread: Real Madrid CF (-1.5),0x722e89e76f860438bb969f5d5bcb51dc30b3f9a421657ccc34223af9a7f450cf,"[""95294892675856634298327852414585845962464910800183459800519170120186765707884"", ""105171508414143250514049563516151809790212451380342650387780475748374254277364""]",95294892675856634298327852414585845962464910800183459800519170120186765707884|105171508414143250514049563516151809790212451380342650387780475748374254277364,105171508414143250514049563516151809790212451380342650387780475748374254277364,Manchester City FC,True,0.73,18.0,0.95,12.89,0.84,0.21999999999999997,3dbff2c9bb2c22e94a99714a3a37e9daff25eda0,0.01,5,,220.7147,
2026-03-05T00:48:42Z,UCL,235049,ucl-rma1-mnc1-2026-03-11-more-markets,Real Madrid CF vs. Manchester City FC - More Markets,2026-02-27T19:20:13.070762Z,1456130,ucl-rma1-mnc1-2026-03-11-total-2pt5,Real Madrid CF vs. Manchester City FC: O/U 2.5,0x8acf968cf7c7e82544f16c927013bee915aead562ac9fbf2e77c8b1ed21cbe81,"[""25054039379354297052459863399811052835194121143120270705091628629333352934945"", ""95377666785916108267270283004445629398184641721742378178241287235728118540521""]",25054039379354297052459863399811052835194121143120270705091628629333352934945|95377666785916108267270283004445629398184641721742378178241287235728118540521,25054039379354297052459863399811052835194121143120270705091628629333352934945,Over,True,0.57,64.0,0.61,769.0,0.59,0.040000000000000036,b514d0ede62e83e0004a7b38764b52978e3f5c92,0.01,5,0.380,1687.043,98.274192
2026-03-05T00:48:42Z,UCL,235049,ucl-rma1-mnc1-2026-03-11-more-markets,Real Madrid CF vs. Manchester City FC - More Markets,2026-02-27T19:20:13.070762Z,1456130,ucl-rma1-mnc1-2026-03-11-total-2pt5,Real Madrid CF vs. Manchester City FC: O/U 2.5,0x8acf968cf7c7e82544f16c927013bee915aead562ac9fbf2e77c8b1ed21cbe81,"[""25054039379354297052459863399811052835194121143120270705091628629333352934945"", ""95377666785916108267270283004445629398184641721742378178241287235728118540521""]",25054039379354297052459863399811052835194121143120270705091628629333352934945|95377666785916108267270283004445629398184641721742378178241287235728118540521,95377666785916108267270283004445629398184641721742378178241287235728118540521,Under,True,0.39,769.0,0.43,64.0,0.41000000000000003,0.03999999999999998,ac06ac7bdc60e1997f5a803bfa89a9ec094da5e0,0.01,5,0.380,1687.043,98.274192
2026-03-05T00:48:42Z,UCL,235049,ucl-rma1-mnc1-2026-03-11-more-markets,Real Madrid CF vs. Manchester City FC - More Markets,2026-02-27T19:20:13.070762Z,1456131,ucl-rma1-mnc1-2026-03-11-total-3pt5,Real Madrid CF vs. Manchester City FC: O/U 3.5,0x0b864e4a1b17fed8ac9968a4dce10c33cd888cddcd0b28dc7e8040100396fa44,"[""35566953400412781180710113364315343406517931045592337116156120924504368472626"", ""100568022581469473701342028947878619981664916288738847678248687394962428494931""]",35566953400412781180710113364315343406517931045592337116156120924504368472626|100568022581469473701342028947878619981664916288738847678248687394962428494931,35566953400412781180710113364315343406517931045592337116156120924504368472626,Over,True,0.35,221.0,0.44,64.0,0.395,0.09000000000000002,b9c4e906b144d54d651ed7e5ccd781968e0e477c,0.01,5,,1350.9158,
2026-03-05T00:48:42Z,UCL,235049,ucl-rma1-mnc1-2026-03-11-more-markets,Real Madrid CF vs. Manchester City FC - More Markets,2026-02-27T19:20:13.070762Z,1456131,ucl-rma1-mnc1-2026-03-11-total-3pt5,Real Madrid CF vs. Manchester City FC: O/U 3.5,0x0b864e4a1b17fed8ac9968a4dce10c33cd888cddcd0b28dc7e8040100396fa44,"[""35566953400412781180710113364315343406517931045592337116156120924504368472626"", ""100568022581469473701342028947878619981664916288738847678248687394962428494931""]",35566953400412781180710113364315343406517931045592337116156120924504368472626|100568022581469473701342028947878619981664916288738847678248687394962428494931,100568022581469473701342028947878619981664916288738847678248687394962428494931,Under,True,0.56,64.0,0.65,221.0,0.605,0.08999999999999997,7afc1d69a417c38b5f536f87ad0b72a3f904e886,0.01,5,,1350.9158,
2026-03-05T00:48:42Z,UCL,235049,ucl-rma1-mnc1-2026-03-11-more-markets,Real Madrid CF vs. Manchester City FC - More Markets,2026-02-27T19:20:13.070762Z,1456126,ucl-rma1-mnc1-2026-03-11-spread-away-1pt5,Spread: Manchester City FC (-1.5),0xafefb6b740ef26a0a73e40bfe5a1522346dc15810b10d61cce480d1e8cf85655,"[""68326478527963239189797329890368396192385831007169518582196527604813913554207"", ""96625884663064282549535101405329323001941530839412712418721717592091174924726""]",68326478527963239189797329890368396192385831007169518582196527604813913554207|96625884663064282549535101405329323001941530839412712418721717592091174924726,68326478527963239189797329890368396192385831007169518582196527604813913554207,Manchester City FC,True,0.05,11.02,0.53,117.64,0.29000000000000004,0.48000000000000004,783b479a910919a1c1b785b79a70a4036671b396,0.01,5,,171.1947,
2026-03-05T00:48:42Z,UCL,235049,ucl-rma1-mnc1-2026-03-11-more-markets,Real Madrid CF vs. Manchester City FC - More Markets,2026-02-27T19:20:13.070762Z,1456126,ucl-rma1-mnc1-2026-03-11-spread-away-1pt5,Spread: Manchester City FC (-1.5),0xafefb6b740ef26a0a73e40bfe5a1522346dc15810b10d61cce480d1e8cf85655,"[""68326478527963239189797329890368396192385831007169518582196527604813913554207"", ""96625884663064282549535101405329323001941530839412712418721717592091174924726""]",68326478527963239189797329890368396192385831007169518582196527604813913554207|96625884663064282549535101405329323001941530839412712418721717592091174924726,96625884663064282549535101405329323001941530839412712418721717592091174924726,Real Madrid CF,True,0.47,117.64,0.95,11.02,0.71,0.48,61f1bec126223ffc15a51be70afa7ca06bec90b2,0.01,5,,171.1947,
2026-03-05T00:48:42Z,UCL,235049,ucl-rma1-mnc1-2026-03-11-more-markets,Real Madrid CF vs. Manchester City FC - More Markets,2026-02-27T19:20:13.070762Z,1456128,ucl-rma1-mnc1-2026-03-11-spread-away-2pt5,Spread: Manchester City FC (-2.5),0xc26675a7ef69ca24bcff5b85718380d8ca5415e76d0b0dcee7fd0b98baaec3da,"[""10874253379751903437920412816205745980298483835957628257827717164768305140160"", ""71116991317024664582126701636301643005765291556619442743029151429833103344113""]",10874253379751903437920412816205745980298483835957628257827717164768305140160|71116991317024664582126701636301643005765291556619442743029151429833103344113,10874253379751903437920412816205745980298483835957628257827717164768305140160,Manchester City FC,True,0.04,15.79,0.29,6.76,0.16499999999999998,0.24999999999999997,334382e72da3aee2599427d782bd93517652e859,0.01,5,0.830,247.58,222.360476
2026-03-05T00:48:42Z,UCL,235049,ucl-rma1-mnc1-2026-03-11-more-markets,Real Madrid CF vs. Manchester City FC - More Markets,2026-02-27T19:20:13.070762Z,1456128,ucl-rma1-mnc1-2026-03-11-spread-away-2pt5,Spread: Manchester City FC (-2.5),0xc26675a7ef69ca24bcff5b85718380d8ca5415e76d0b0dcee7fd0b98baaec3da,"[""10874253379751903437920412816205745980298483835957628257827717164768305140160"", ""71116991317024664582126701636301643005765291556619442743029151429833103344113""]",10874253379751903437920412816205745980298483835957628257827717164768305140160|71116991317024664582126701636301643005765291556619442743029151429833103344113,71116991317024664582126701636301643005765291556619442743029151429833103344113,Real Madrid CF,True,0.71,6.76,0.96,15.79,0.835,0.25,3a1e841c53134e065f278df82bcd44ffbc2eb5fd,0.01,5,0.830,247.58,222.360476
2026-03-05T00:48:42Z,UCL,235049,ucl-rma1-mnc1-2026-03-11-more-markets,Real Madrid CF vs. Manchester City FC - More Markets,2026-02-27T19:20:13.070762Z,1456127,ucl-rma1-mnc1-2026-03-11-spread-home-2pt5,Spread: Real Madrid CF (-2.5),0x9014bd31878eeca845a0c1b6142bea200ae67b6cd66e1923af4f901b6dee4b4a,"[""17706094093683231693031667797211239922327278134754221553008984204097780893891"", ""114445368625509208594125255719419057692289980478169100613229939774010194039647""]",17706094093683231693031667797211239922327278134754221553008984204097780893891|114445368625509208594125255719419057692289980478169100613229939774010194039647,17706094093683231693031667797211239922327278134754221553008984204097780893891,Real Madrid CF,True,0.04,55.25,0.07,34.6,0.05500000000000001,0.030000000000000006,6ae08489c3984bc0579325f9fcb9ce443e2573ae,0.01,5,0.040,267.7457,49.30165
2026-03-05T00:48:42Z,UCL,235049,ucl-rma1-mnc1-2026-03-11-more-markets,Real Madrid CF vs. Manchester City FC - More Markets,2026-02-27T19:20:13.070762Z,1456127,ucl-rma1-mnc1-2026-03-11-spread-home-2pt5,Spread: Real Madrid CF (-2.5),0x9014bd31878eeca845a0c1b6142bea200ae67b6cd66e1923af4f901b6dee4b4a,"[""17706094093683231693031667797211239922327278134754221553008984204097780893891"", ""114445368625509208594125255719419057692289980478169100613229939774010194039647""]",17706094093683231693031667797211239922327278134754221553008984204097780893891|114445368625509208594125255719419057692289980478169100613229939774010194039647,114445368625509208594125255719419057692289980478169100613229939774010194039647,Manchester City FC,True,0.93,34.6,0.96,55.25,0.9450000000000001,0.029999999999999916,472ef2f7ca8656022ef21c9b638cf6170bfcb45e,0.01,5,0.040,267.7457,49.30165
2026-03-05T00:48:42Z,UCL,235049,ucl-rma1-mnc1-2026-03-11-more-markets,Real Madrid CF vs. Manchester City FC - More Markets,2026-02-27T19:20:13.070762Z,1456129,ucl-rma1-mnc1-2026-03-11-total-1pt5,Real Madrid CF vs. Manchester City FC: O/U 1.5,0x6dbfa1822ef28da7c25d28896957774a38ceb93cdad12f566dbbab9fa9a86cf8,"[""114214603218267022456846429777753843230819292121071205119292726906458676151417"", ""46305916066249574967965943094873262646307995728419846255000995234994656849313""]",114214603218267022456846429777753843230819292121071205119292726906458676151417|46305916066249574967965943094873262646307995728419846255000995234994656849313,114214603218267022456846429777753843230819292121071205119292726906458676151417,Over,True,0.75,50.0,0.94,19.25,0.845,0.18999999999999995,2fbedfb7c3efed72b670747eddb014a48ddaf190,0.01,5,,240.9255,
2026-03-05T00:48:42Z,UCL,235049,ucl-rma1-mnc1-2026-03-11-more-markets,Real Madrid CF vs. Manchester City FC - More Markets,2026-02-27T19:20:13.070762Z,1456129,ucl-rma1-mnc1-2026-03-11-total-1pt5,Real Madrid CF vs. Manchester City FC: O/U 1.5,0x6dbfa1822ef28da7c25d28896957774a38ceb93cdad12f566dbbab9fa9a86cf8,"[""114214603218267022456846429777753843230819292121071205119292726906458676151417"", ""46305916066249574967965943094873262646307995728419846255000995234994656849313""]",114214603218267022456846429777753843230819292121071205119292726906458676151417|46305916066249574967965943094873262646307995728419846255000995234994656849313,46305916066249574967965943094873262646307995728419846255000995234994656849313,Under,True,0.06,19.25,0.25,50.0,0.155,0.19,e5042ffa1a8d7e156ca160c70190930893f8de9d,0.01,5,,240.9255,
2026-03-05T00:48:42Z,UCL,235050,ucl-psg1-cfc1-2026-03-11-more-markets,Paris Saint-Germain FC vs. Chelsea FC - More Markets,2026-02-27T19:20:00.944372Z,1456134,ucl-psg1-cfc1-2026-03-11-spread-home-1pt5,Spread: Paris Saint-Germain FC (-1.5),0x067b56d1f663ad644b31ef7b9e2d43b093b514f66b66e0a163a1159bc2aa1e77,"[""113184242461438026712402898722636366167056620688763111685964495925719146387399"", ""69526164355030589891670366360263432322455811823090701076923914316468465504391""]",113184242461438026712402898722636366167056620688763111685964495925719146387399|69526164355030589891670366360263432322455811823090701076923914316468465504391,113184242461438026712402898722636366167056620688763111685964495925719146387399,Paris Saint-Germain FC,True,0.27,172.0,0.37,1150.0,0.32,0.09999999999999998,921181945a15811297e504a7cc9e63956c333404,0.01,5,,1700.7027,
2026-03-05T00:48:42Z,UCL,235050,ucl-psg1-cfc1-2026-03-11-more-markets,Paris Saint-Germain FC vs. Chelsea FC - More Markets,2026-02-27T19:20:00.944372Z,1456134,ucl-psg1-cfc1-2026-03-11-spread-home-1pt5,Spread: Paris Saint-Germain FC (-1.5),0x067b56d1f663ad644b31ef7b9e2d43b093b514f66b66e0a163a1159bc2aa1e77,"[""113184242461438026712402898722636366167056620688763111685964495925719146387399"", ""69526164355030589891670366360263432322455811823090701076923914316468465504391""]",113184242461438026712402898722636366167056620688763111685964495925719146387399|69526164355030589891670366360263432322455811823090701076923914316468465504391,69526164355030589891670366360263432322455811823090701076923914316468465504391,Chelsea FC,True,0.63,1150.0,0.73,172.0,0.6799999999999999,0.09999999999999998,372f9e0b89277927a60454874a688fc45feaf7d2,0.01,5,,1700.7027,
2026-03-05T00:48:42Z,UCL,235050,ucl-psg1-cfc1-2026-03-11-more-markets,Paris Saint-Germain FC vs. Chelsea FC - More Markets,2026-02-27T19:20:00.944372Z,1456135,ucl-psg1-cfc1-2026-03-11-spread-away-1pt5,Spread: Chelsea FC (-1.5),0xa35464ad50d4e3fbd708690aa3867e6fbb1b343583c6920f5f5c91cc4d18ae3b,"[""24975970479419041945673400273250921892775989961461727855040379194923255233202"", ""67559697809916899834307315650158931826361815754675354938442319011232895413554""]",24975970479419041945673400273250921892775989961461727855040379194923255233202|67559697809916899834307315650158931826361815754675354938442319011232895413554,24975970479419041945673400273250921892775989961461727855040379194923255233202,Chelsea FC,True,0.06,5.0,0.45,6.6,0.255,0.39,711d8b5e39612f2b1d5b91c13442012bceb57ae4,0.01,5,,167.5798,
2026-03-05T00:48:42Z,UCL,235050,ucl-psg1-cfc1-2026-03-11-more-markets,Paris Saint-Germain FC vs. Chelsea FC - More Markets,2026-02-27T19:20:00.944372Z,1456135,ucl-psg1-cfc1-2026-03-11-spread-away-1pt5,Spread: Chelsea FC (-1.5),0xa35464ad50d4e3fbd708690aa3867e6fbb1b343583c6920f5f5c91cc4d18ae3b,"[""24975970479419041945673400273250921892775989961461727855040379194923255233202"", ""67559697809916899834307315650158931826361815754675354938442319011232895413554""]",24975970479419041945673400273250921892775989961461727855040379194923255233202|67559697809916899834307315650158931826361815754675354938442319011232895413554,67559697809916899834307315650158931826361815754675354938442319011232895413554,Paris Saint-Germain FC,True,0.55,6.6,0.94,5.0,0.745,0.3899999999999999,01f5fbee12c97a021d7e04efeef59b4dd49c1a48,0.01,5,,167.5798,
2026-03-05T00:48:42Z,UCL,235050,ucl-psg1-cfc1-2026-03-11-more-markets,Paris Saint-Germain FC vs. Chelsea FC - More Markets,2026-02-27T19:20:00.944372Z,1456136,ucl-psg1-cfc1-2026-03-11-spread-home-2pt5,Spread: Paris Saint-Germain FC (-2.5),0x774d43531d24357fbed733b8a4f9e2369e740243c1acd2b283afd7d854b9eae8,"[""18900874697434430577790715357670351650372238319152011603523859975041324196468"", ""96468430571751135074057610140199634942423691361445938382950109832058640088883""]",18900874697434430577790715357670351650372238319152011603523859975041324196468|96468430571751135074057610140199634942423691361445938382950109832058640088883,18900874697434430577790715357670351650372238319152011603523859975041324196468,Paris Saint-Germain FC,True,0.05,10.63,0.42,6.6,0.235,0.37,09a724232c83f3cb194903085af833392fed0cc6,0.01,5,,280.4555,
2026-03-05T00:48:42Z,UCL,235050,ucl-psg1-cfc1-2026-03-11-more-markets,Paris Saint-Germain FC vs. Chelsea FC - More Markets,2026-02-27T19:20:00.944372Z,1456136,ucl-psg1-cfc1-2026-03-11-spread-home-2pt5,Spread: Paris Saint-Germain FC (-2.5),0x774d43531d24357fbed733b8a4f9e2369e740243c1acd2b283afd7d854b9eae8,"[""18900874697434430577790715357670351650372238319152011603523859975041324196468"", ""96468430571751135074057610140199634942423691361445938382950109832058640088883""]",18900874697434430577790715357670351650372238319152011603523859975041324196468|96468430571751135074057610140199634942423691361445938382950109832058640088883,96468430571751135074057610140199634942423691361445938382950109832058640088883,Chelsea FC,True,0.58,6.6,0.95,10.63,0.7649999999999999,0.37,3a5e2daf03077b9f018fcf616605f46407c70b54,0.01,5,,280.4555,
2026-03-05T00:48:42Z,UCL,235050,ucl-psg1-cfc1-2026-03-11-more-markets,Paris Saint-Germain FC vs. Chelsea FC - More Markets,2026-02-27T19:20:00.944372Z,1456137,ucl-psg1-cfc1-2026-03-11-spread-away-2pt5,Spread: Chelsea FC (-2.5),0xe74aa0ffcf6acdc9a5a6d1ccf083b135dcd629374697425faf7e2f062fd9ef0a,"[""34346284390399459731904721091938690176629830750791079270773302878915416853217"", ""86163297592209121782255892733994645674718362345430560563350079985329879216505""]",34346284390399459731904721091938690176629830750791079270773302878915416853217|86163297592209121782255892733994645674718362345430560563350079985329879216505,34346284390399459731904721091938690176629830750791079270773302878915416853217,Chelsea FC,True,0.03,76.92,0.07,8.44,0.05,0.04000000000000001,9f8fab69525db155fa91fb106046c029fc06f5a7,0.01,5,,248.6897,29.36
2026-03-05T00:48:42Z,UCL,235050,ucl-psg1-cfc1-2026-03-11-more-markets,Paris Saint-Germain FC vs. Chelsea FC - More Markets,2026-02-27T19:20:00.944372Z,1456137,ucl-psg1-cfc1-2026-03-11-spread-away-2pt5,Spread: Chelsea FC (-2.5),0xe74aa0ffcf6acdc9a5a6d1ccf083b135dcd629374697425faf7e2f062fd9ef0a,"[""34346284390399459731904721091938690176629830750791079270773302878915416853217"", ""86163297592209121782255892733994645674718362345430560563350079985329879216505""]",34346284390399459731904721091938690176629830750791079270773302878915416853217|86163297592209121782255892733994645674718362345430560563350079985329879216505,86163297592209121782255892733994645674718362345430560563350079985329879216505,Paris Saint-Germain FC,True,0.93,8.44,0.97,76.92,0.95,0.039999999999999925,3a90d67e06fda1f5e79a375130ca6b5daff113e0,0.01,5,,248.6897,29.36
2026-03-05T00:48:42Z,UCL,235050,ucl-psg1-cfc1-2026-03-11-more-markets,Paris Saint-Germain FC vs. Chelsea FC - More Markets,2026-02-27T19:20:00.944372Z,1456138,ucl-psg1-cfc1-2026-03-11-total-1pt5,Paris Saint-Germain FC vs. Chelsea FC: O/U 1.5,0x250ace781112936d8ef3e9178bc99b48a1d41eba40fa1790ed12b7369a1f67fd,"[""11022737055788612334422261706462148247982465830654500361615539100479080820055"", ""612722523847592413254637841461889422213192126804957648090769693965636923050""]",11022737055788612334422261706462148247982465830654500361615539100479080820055|612722523847592413254637841461889422213192126804957648090769693965636923050,11022737055788612334422261706462148247982465830654500361615539100479080820055,Over,True,0.57,10.0,0.95,5.5,0.76,0.38,a9e94470a37d9d262c4046744ecacd834a2a1be2,0.01,5,,123.3459,10
2026-03-05T00:48:42Z,UCL,235050,ucl-psg1-cfc1-2026-03-11-more-markets,Paris Saint-Germain FC vs. Chelsea FC - More Markets,2026-02-27T19:20:00.944372Z,1456138,ucl-psg1-cfc1-2026-03-11-total-1pt5,Paris Saint-Germain FC vs. Chelsea FC: O/U 1.5,0x250ace781112936d8ef3e9178bc99b48a1d41eba40fa1790ed12b7369a1f67fd,"[""11022737055788612334422261706462148247982465830654500361615539100479080820055"", ""612722523847592413254637841461889422213192126804957648090769693965636923050""]",11022737055788612334422261706462148247982465830654500361615539100479080820055|612722523847592413254637841461889422213192126804957648090769693965636923050,612722523847592413254637841461889422213192126804957648090769693965636923050,Under,True,0.05,5.5,0.43,10.0,0.24,0.38,fe4b9e2e6edbac8cab7905c34bc6e52f7a42f4d8,0.01,5,,123.3459,10
2026-03-05T00:48:42Z,UCL,235050,ucl-psg1-cfc1-2026-03-11-more-markets,Paris Saint-Germain FC vs. Chelsea FC - More Markets,2026-02-27T19:20:00.944372Z,1456139,ucl-psg1-cfc1-2026-03-11-total-2pt5,Paris Saint-Germain FC vs. Chelsea FC: O/U 2.5,0x54988b35e95e64d5f6fe556fce445ab75abcba36b234d9b80929962a50fcecb5,"[""51163740117618802730225984144513606860232684912602196700970456208061637922842"", ""10372609788252341710593787422215316147612412797414769769610914293138870138134""]",51163740117618802730225984144513606860232684912602196700970456208061637922842|10372609788252341710593787422215316147612412797414769769610914293138870138134,51163740117618802730225984144513606860232684912602196700970456208061637922842,Over,True,0.57,6.6,0.62,789.0,0.595,0.050000000000000044,5213ff3bc21318cddcb4876c93098fe38a36de12,0.01,5,,1680.8286,
2026-03-05T00:48:42Z,UCL,235050,ucl-psg1-cfc1-2026-03-11-more-markets,Paris Saint-Germain FC vs. Chelsea FC - More Markets,2026-02-27T19:20:00.944372Z,1456139,ucl-psg1-cfc1-2026-03-11-total-2pt5,Paris Saint-Germain FC vs. Chelsea FC: O/U 2.5,0x54988b35e95e64d5f6fe556fce445ab75abcba36b234d9b80929962a50fcecb5,"[""51163740117618802730225984144513606860232684912602196700970456208061637922842"", ""10372609788252341710593787422215316147612412797414769769610914293138870138134""]",51163740117618802730225984144513606860232684912602196700970456208061637922842|10372609788252341710593787422215316147612412797414769769610914293138870138134,10372609788252341710593787422215316147612412797414769769610914293138870138134,Under,True,0.38,789.0,0.43,6.6,0.405,0.04999999999999999,97be6545463574fdcd6e4ec57639324ade43d9d7,0.01,5,,1680.8286,
2026-03-05T00:48:42Z,UCL,235050,ucl-psg1-cfc1-2026-03-11-more-markets,Paris Saint-Germain FC vs. Chelsea FC - More Markets,2026-02-27T19:20:00.944372Z,1456140,ucl-psg1-cfc1-2026-03-11-total-3pt5,Paris Saint-Germain FC vs. Chelsea FC: O/U 3.5,0x2014351824aa8679b71d337e7578c9ff1c052bd33b2d8532cf77630d1acab0a7,"[""44441813604268751649196609884244899161954852206252846558823032618962822454006"", ""40695366455220083960262223018219447906806839104921180966818206445329468498294""]",44441813604268751649196609884244899161954852206252846558823032618962822454006|40695366455220083960262223018219447906806839104921180966818206445329468498294,44441813604268751649196609884244899161954852206252846558823032618962822454006,Over,True,0.34,1150.0,0.44,1171.0,0.39,0.09999999999999998,a28a965d870451174fb037e9aa3a747dac9b9ade,0.01,5,,1361.0377,28.571426
2026-03-05T00:48:42Z,UCL,235050,ucl-psg1-cfc1-2026-03-11-more-markets,Paris Saint-Germain FC vs. Chelsea FC - More Markets,2026-02-27T19:20:00.944372Z,1456140,ucl-psg1-cfc1-2026-03-11-total-3pt5,Paris Saint-Germain FC vs. Chelsea FC: O/U 3.5,0x2014351824aa8679b71d337e7578c9ff1c052bd33b2d8532cf77630d1acab0a7,"[""44441813604268751649196609884244899161954852206252846558823032618962822454006"", ""40695366455220083960262223018219447906806839104921180966818206445329468498294""]",44441813604268751649196609884244899161954852206252846558823032618962822454006|40695366455220083960262223018219447906806839104921180966818206445329468498294,40695366455220083960262223018219447906806839104921180966818206445329468498294,Under,True,0.56,1171.0,0.66,1150.0,0.6100000000000001,0.09999999999999998,fa613bcbaa379033984594584d976c8be2565285,0.01,5,,1361.0377,28.571426
2026-03-05T00:48:42Z,UCL,235050,ucl-psg1-cfc1-2026-03-11-more-markets,Paris Saint-Germain FC vs. Chelsea FC - More Markets,2026-02-27T19:20:00.944372Z,1456141,ucl-psg1-cfc1-2026-03-11-total-4pt5,Paris Saint-Germain FC vs. Chelsea FC: O/U 4.5,0x2450d632d2ee0e92814fabe7b54a53619f6593ecc6750be174613414d66e7782,"[""18815775308774514457199651229208992481739573433314766061072405203292330517538"", ""66501932418049816462863646602903592232842877054332112172530206941179957435403""]",18815775308774514457199651229208992481739573433314766061072405203292330517538|66501932418049816462863646602903592232842877054332112172530206941179957435403,18815775308774514457199651229208992481739573433314766061072405203292330517538,Over,True,0.11,98.36,0.5,98.36,0.305,0.39,6a7768b826c67d635cb5dadf9dd41fc3f674f7ae,0.01,5,,135.0389,
2026-03-05T00:48:42Z,UCL,235050,ucl-psg1-cfc1-2026-03-11-more-markets,Paris Saint-Germain FC vs. Chelsea FC - More Markets,2026-02-27T19:20:00.944372Z,1456141,ucl-psg1-cfc1-2026-03-11-total-4pt5,Paris Saint-Germain FC vs. Chelsea FC: O/U 4.5,0x2450d632d2ee0e92814fabe7b54a53619f6593ecc6750be174613414d66e7782,"[""18815775308774514457199651229208992481739573433314766061072405203292330517538"", ""66501932418049816462863646602903592232842877054332112172530206941179957435403""]",18815775308774514457199651229208992481739573433314766061072405203292330517538|66501932418049816462863646602903592232842877054332112172530206941179957435403,66501932418049816462863646602903592232842877054332112172530206941179957435403,Under,True,0.5,98.36,0.89,98.36,0.6950000000000001,0.39,a0682561d0987d43b6236b7457edbcdfbf3e7142,0.01,5,,135.0389,
2026-03-05T00:48:42Z,UCL,235050,ucl-psg1-cfc1-2026-03-11-more-markets,Paris Saint-Germain FC vs. Chelsea FC - More Markets,2026-02-27T19:20:00.944372Z,1456142,ucl-psg1-cfc1-2026-03-11-btts,Paris Saint-Germain FC vs. Chelsea FC: Both Teams to Score,0x56a1b248d187eaf5fea2b406ea137653090bd461f8ffe8f015c55899d00ea0b1,"[""40593098071705832597618343728138618579772935948563731641119134914313215892726"", ""92261266825931985331123140703665271570911219167570048186849129680622070348776""]",40593098071705832597618343728138618579772935948563731641119134914313215892726|92261266825931985331123140703665271570911219167570048186849129680622070348776,40593098071705832597618343728138618579772935948563731641119134914313215892726,Yes,True,0.57,1000.0,0.64,84.0,0.605,0.07000000000000006,02e427241c7f91175da3ff47d9ce75628feaac69,0.01,5,,2787.2358,
2026-03-05T00:48:42Z,UCL,235050,ucl-psg1-cfc1-2026-03-11-more-markets,Paris Saint-Germain FC vs. Chelsea FC - More Markets,2026-02-27T19:20:00.944372Z,1456142,ucl-psg1-cfc1-2026-03-11-btts,Paris Saint-Germain FC vs. Chelsea FC: Both Teams to Score,0x56a1b248d187eaf5fea2b406ea137653090bd461f8ffe8f015c55899d00ea0b1,"[""40593098071705832597618343728138618579772935948563731641119134914313215892726"", ""92261266825931985331123140703665271570911219167570048186849129680622070348776""]",40593098071705832597618343728138618579772935948563731641119134914313215892726|92261266825931985331123140703665271570911219167570048186849129680622070348776,92261266825931985331123140703665271570911219167570048186849129680622070348776,No,True,0.36,84.0,0.43,1000.0,0.395,0.07,44efcdbe41ef18dcb68e7c50c1a0255d4b5903e0,0.01,5,,2787.2358,
2026-03-05T00:48:42Z,UCL,235051,ucl-lev-ars-2026-03-11-more-markets,Bayer 04 Leverkusen vs. Arsenal FC - More Markets,2026-02-27T19:20:00.933542Z,1456143,ucl-lev-ars-2026-03-11-spread-home-1pt5,Spread: Bayer 04 Leverkusen (-1.5),0x60e06b8cb49b238b009da3fa4212f77946ff4a23882c3421dcef60be4071c6cc,"[""45166626971028860130322241491115972306052152355963148309707363365815842442205"", ""6762632638147412200188739884538584760384783022472806045488876891003764924526""]",45166626971028860130322241491115972306052152355963148309707363365815842442205|6762632638147412200188739884538584760384783022472806045488876891003764924526,45166626971028860130322241491115972306052152355963148309707363365815842442205,Bayer 04 Leverkusen,True,0.05,0.52,0.07,321.73,0.060000000000000005,0.020000000000000004,1cbfcc3d33780025a379bd008e5fa32a7590b439,0.01,5,0.930,1059.2488,407.07897
2026-03-05T00:48:42Z,UCL,235051,ucl-lev-ars-2026-03-11-more-markets,Bayer 04 Leverkusen vs. Arsenal FC - More Markets,2026-02-27T19:20:00.933542Z,1456143,ucl-lev-ars-2026-03-11-spread-home-1pt5,Spread: Bayer 04 Leverkusen (-1.5),0x60e06b8cb49b238b009da3fa4212f77946ff4a23882c3421dcef60be4071c6cc,"[""45166626971028860130322241491115972306052152355963148309707363365815842442205"", ""6762632638147412200188739884538584760384783022472806045488876891003764924526""]",45166626971028860130322241491115972306052152355963148309707363365815842442205|6762632638147412200188739884538584760384783022472806045488876891003764924526,6762632638147412200188739884538584760384783022472806045488876891003764924526,Arsenal FC,True,0.93,321.73,0.95,0.52,0.94,0.019999999999999907,72831ced9798b3c999a4d3aad069ecc3fea03b04,0.01,5,0.930,1059.2488,407.07897
2026-03-05T00:48:42Z,UCL,235051,ucl-lev-ars-2026-03-11-more-markets,Bayer 04 Leverkusen vs. Arsenal FC - More Markets,2026-02-27T19:20:00.933542Z,1456144,ucl-lev-ars-2026-03-11-spread-away-1pt5,Spread: Arsenal FC (-1.5),0xce281ebd8a58feb902edbb2bea33f4323dbf38999f414eadf36bb1161207ac78,"[""34265919528996333068335220971270535895715759910581458127800028469607707223873"", ""88252107561591534872306825018999813507678513269504976285596400837197629177773""]",34265919528996333068335220971270535895715759910581458127800028469607707223873|88252107561591534872306825018999813507678513269504976285596400837197629177773,34265919528996333068335220971270535895715759910581458127800028469607707223873,Arsenal FC,True,0.31,6.46,0.4,211.0,0.355,0.09000000000000002,140b5f336e7d9d6e44eefdae7b347fbe12024be8,0.01,5,0.670,2033.7846,192.462963
2026-03-05T00:48:42Z,UCL,235051,ucl-lev-ars-2026-03-11-more-markets,Bayer 04 Leverkusen vs. Arsenal FC - More Markets,2026-02-27T19:20:00.933542Z,1456144,ucl-lev-ars-2026-03-11-spread-away-1pt5,Spread: Arsenal FC (-1.5),0xce281ebd8a58feb902edbb2bea33f4323dbf38999f414eadf36bb1161207ac78,"[""34265919528996333068335220971270535895715759910581458127800028469607707223873"", ""88252107561591534872306825018999813507678513269504976285596400837197629177773""]",34265919528996333068335220971270535895715759910581458127800028469607707223873|88252107561591534872306825018999813507678513269504976285596400837197629177773,88252107561591534872306825018999813507678513269504976285596400837197629177773,Bayer 04 Leverkusen,True,0.6,211.0,0.69,6.46,0.645,0.08999999999999997,07f2589530db3c9942e489a3683ad33ba11d44fa,0.01,5,0.670,2033.7846,192.462963
2026-03-05T00:48:42Z,UCL,235051,ucl-lev-ars-2026-03-11-more-markets,Bayer 04 Leverkusen vs. Arsenal FC - More Markets,2026-02-27T19:20:00.933542Z,1456145,ucl-lev-ars-2026-03-11-spread-home-2pt5,Spread: Bayer 04 Leverkusen (-2.5),0x14bce1a001f0b134859dbda52a4e649c2e92f007a66b375f6326a65cd744350b,"[""42324236687644998003189484126798631451033192872127385986747770077693206095364"", ""32431113708819037391836508274834746340989376805318047720250514977072233794987""]",42324236687644998003189484126798631451033192872127385986747770077693206095364|32431113708819037391836508274834746340989376805318047720250514977072233794987,42324236687644998003189484126798631451033192872127385986747770077693206095364,Bayer 04 Leverkusen,True,0.024,25.09,0.171,5.63,0.0975,0.14700000000000002,9fc72d36dd8f9d7ca11742cee22dec60f4c09ab4,0.001,5,,303.35033,102.32
2026-03-05T00:48:42Z,UCL,235051,ucl-lev-ars-2026-03-11-more-markets,Bayer 04 Leverkusen vs. Arsenal FC - More Markets,2026-02-27T19:20:00.933542Z,1456145,ucl-lev-ars-2026-03-11-spread-home-2pt5,Spread: Bayer 04 Leverkusen (-2.5),0x14bce1a001f0b134859dbda52a4e649c2e92f007a66b375f6326a65cd744350b,"[""42324236687644998003189484126798631451033192872127385986747770077693206095364"", ""32431113708819037391836508274834746340989376805318047720250514977072233794987""]",42324236687644998003189484126798631451033192872127385986747770077693206095364|32431113708819037391836508274834746340989376805318047720250514977072233794987,32431113708819037391836508274834746340989376805318047720250514977072233794987,Arsenal FC,True,0.829,5.63,0.976,25.09,0.9025,0.14700000000000002,fb0da356124a2861f84bb615d1d3c7641f352ef2,0.001,5,,303.35033,102.32
2026-03-05T00:48:42Z,UCL,235051,ucl-lev-ars-2026-03-11-more-markets,Bayer 04 Leverkusen vs. Arsenal FC - More Markets,2026-02-27T19:20:00.933542Z,1456146,ucl-lev-ars-2026-03-11-spread-away-2pt5,Spread: Arsenal FC (-2.5),0xdaa357d12e0fb18e40724740e481f381d3e5f6b441aa319075333027fadc18cc,"[""53532453333733675313031933751897513086320510159598741027603160061224003563257"", ""81797835769861561791290830992438034452695900396198785798646701910398592890440""]",53532453333733675313031933751897513086320510159598741027603160061224003563257|81797835769861561791290830992438034452695900396198785798646701910398592890440,53532453333733675313031933751897513086320510159598741027603160061224003563257,Arsenal FC,True,0.06,8.2,0.3,6.58,0.18,0.24,1546b6d012616e3a761d2219f2777bb1a941bee4,0.01,5,,197.9341,
2026-03-05T00:48:42Z,UCL,235051,ucl-lev-ars-2026-03-11-more-markets,Bayer 04 Leverkusen vs. Arsenal FC - More Markets,2026-02-27T19:20:00.933542Z,1456146,ucl-lev-ars-2026-03-11-spread-away-2pt5,Spread: Arsenal FC (-2.5),0xdaa357d12e0fb18e40724740e481f381d3e5f6b441aa319075333027fadc18cc,"[""53532453333733675313031933751897513086320510159598741027603160061224003563257"", ""81797835769861561791290830992438034452695900396198785798646701910398592890440""]",53532453333733675313031933751897513086320510159598741027603160061224003563257|81797835769861561791290830992438034452695900396198785798646701910398592890440,81797835769861561791290830992438034452695900396198785798646701910398592890440,Bayer 04 Leverkusen,True,0.7,6.58,0.94,8.2,0.82,0.24,a3510668b6881d71c6b150a01c213d755edc8805,0.01,5,,197.9341,
2026-03-05T00:48:42Z,UCL,235051,ucl-lev-ars-2026-03-11-more-markets,Bayer 04 Leverkusen vs. Arsenal FC - More Markets,2026-02-27T19:20:00.933542Z,1456147,ucl-lev-ars-2026-03-11-total-1pt5,Bayer 04 Leverkusen vs. Arsenal FC: O/U 1.5,0xc522f65141a3bb24fedce54c9b159d4aca8a75951e7adfdd939992b0ef77c497,"[""67672841989940752102702275884077573008012193051028410856420649989925057191250"", ""59579362113079556785974070867079743909298612468748084463979880178623414793180""]",67672841989940752102702275884077573008012193051028410856420649989925057191250|59579362113079556785974070867079743909298612468748084463979880178623414793180,67672841989940752102702275884077573008012193051028410856420649989925057191250,Over,True,0.64,125.0,0.9,183.0,0.77,0.26,e05510cf8b8694eca7a73c44df65e77b5d19611a,0.01,5,,388.1653,2.24719
2026-03-05T00:48:42Z,UCL,235051,ucl-lev-ars-2026-03-11-more-markets,Bayer 04 Leverkusen vs. Arsenal FC - More Markets,2026-02-27T19:20:00.933542Z,1456147,ucl-lev-ars-2026-03-11-total-1pt5,Bayer 04 Leverkusen vs. Arsenal FC: O/U 1.5,0xc522f65141a3bb24fedce54c9b159d4aca8a75951e7adfdd939992b0ef77c497,"[""67672841989940752102702275884077573008012193051028410856420649989925057191250"", ""59579362113079556785974070867079743909298612468748084463979880178623414793180""]",67672841989940752102702275884077573008012193051028410856420649989925057191250|59579362113079556785974070867079743909298612468748084463979880178623414793180,59579362113079556785974070867079743909298612468748084463979880178623414793180,Under,True,0.1,183.0,0.36,125.0,0.22999999999999998,0.26,a9a9da92922e87896ab7483cff0a1bd234d5fdb2,0.01,5,,388.1653,2.24719
2026-03-05T00:48:42Z,UCL,235051,ucl-lev-ars-2026-03-11-more-markets,Bayer 04 Leverkusen vs. Arsenal FC - More Markets,2026-02-27T19:20:00.933542Z,1456148,ucl-lev-ars-2026-03-11-total-2pt5,Bayer 04 Leverkusen vs. Arsenal FC: O/U 2.5,0x885eb4a05d417cbb654ae7490962584139b8d3fee803230015ab4153468a4135,"[""70483174220513735288063500175926620218981248153892847558837428658967147047775"", ""25812045407390203328094475331598063188975559605222623324727211012987596575751""]",70483174220513735288063500175926620218981248153892847558837428658967147047775|25812045407390203328094475331598063188975559605222623324727211012987596575751,70483174220513735288063500175926620218981248153892847558837428658967147047775,Over,True,0.51,100.0,0.52,625.0,0.515,0.010000000000000009,feab97c56a23984d462075eeb58794ecb94666e3,0.01,5,,1639.7453,7.692305
2026-03-05T00:48:42Z,UCL,235051,ucl-lev-ars-2026-03-11-more-markets,Bayer 04 Leverkusen vs. Arsenal FC - More Markets,2026-02-27T19:20:00.933542Z,1456148,ucl-lev-ars-2026-03-11-total-2pt5,Bayer 04 Leverkusen vs. Arsenal FC: O/U 2.5,0x885eb4a05d417cbb654ae7490962584139b8d3fee803230015ab4153468a4135,"[""70483174220513735288063500175926620218981248153892847558837428658967147047775"", ""25812045407390203328094475331598063188975559605222623324727211012987596575751""]",70483174220513735288063500175926620218981248153892847558837428658967147047775|25812045407390203328094475331598063188975559605222623324727211012987596575751,25812045407390203328094475331598063188975559605222623324727211012987596575751,Under,True,0.48,625.0,0.49,100.0,0.485,0.010000000000000009,7a62b8e14637f58a7a71195012998cd224e1cadc,0.01,5,,1639.7453,7.692305
2026-03-05T00:48:42Z,UCL,235051,ucl-lev-ars-2026-03-11-more-markets,Bayer 04 Leverkusen vs. Arsenal FC - More Markets,2026-02-27T19:20:00.933542Z,1456149,ucl-lev-ars-2026-03-11-total-3pt5,Bayer 04 Leverkusen vs. Arsenal FC: O/U 3.5,0xc155c329e0da4428c983c893b037d75e233d894b6ae3b89efe3083e9a752adf8,"[""17390615172315923606718795347466470407224978489156777843295060397453768142566"", ""64300632682581198187321540612915618773363819334508019758658290247901474075003""]",17390615172315923606718795347466470407224978489156777843295060397453768142566|64300632682581198187321540612915618773363819334508019758658290247901474075003,17390615172315923606718795347466470407224978489156777843295060397453768142566,Over,True,0.24,1000.0,0.37,1022.0,0.305,0.13,4e2f519c838c20a5ab26ee40c71cd331ecb3dac1,0.01,5,,1226.5303,
2026-03-05T00:48:42Z,UCL,235051,ucl-lev-ars-2026-03-11-more-markets,Bayer 04 Leverkusen vs. Arsenal FC - More Markets,2026-02-27T19:20:00.933542Z,1456149,ucl-lev-ars-2026-03-11-total-3pt5,Bayer 04 Leverkusen vs. Arsenal FC: O/U 3.5,0xc155c329e0da4428c983c893b037d75e233d894b6ae3b89efe3083e9a752adf8,"[""17390615172315923606718795347466470407224978489156777843295060397453768142566"", ""64300632682581198187321540612915618773363819334508019758658290247901474075003""]",17390615172315923606718795347466470407224978489156777843295060397453768142566|64300632682581198187321540612915618773363819334508019758658290247901474075003,64300632682581198187321540612915618773363819334508019758658290247901474075003,Under,True,0.63,1022.0,0.76,1000.0,0.6950000000000001,0.13,d4eced17b41142b80e889365a4474f2fc017ca0f,0.01,5,,1226.5303,
2026-03-05T00:48:42Z,UCL,235051,ucl-lev-ars-2026-03-11-more-markets,Bayer 04 Leverkusen vs. Arsenal FC - More Markets,2026-02-27T19:20:00.933542Z,1456150,ucl-lev-ars-2026-03-11-total-4pt5,Bayer 04 Leverkusen vs. Arsenal FC: O/U 4.5,0x1e47fd67f0720e28b73602d7ede3063d3a58b0a698bcd60aee92a616b11552f5,"[""50337635004503335895520223860806682260536644632443107142262088072536945192442"", ""80206740759996817843384221249406413847372626847649675760089541894943413985719""]",50337635004503335895520223860806682260536644632443107142262088072536945192442|80206740759996817843384221249406413847372626847649675760089541894943413985719,50337635004503335895520223860806682260536644632443107142262088072536945192442,Over,True,0.1,96.77,0.48,96.77,0.29,0.38,c0cb12e0fda6fc1ef2f1b580c10d012104e8e232,0.01,5,,182.8052,
2026-03-05T00:48:42Z,UCL,235051,ucl-lev-ars-2026-03-11-more-markets,Bayer 04 Leverkusen vs. Arsenal FC - More Markets,2026-02-27T19:20:00.933542Z,1456150,ucl-lev-ars-2026-03-11-total-4pt5,Bayer 04 Leverkusen vs. Arsenal FC: O/U 4.5,0x1e47fd67f0720e28b73602d7ede3063d3a58b0a698bcd60aee92a616b11552f5,"[""50337635004503335895520223860806682260536644632443107142262088072536945192442"", ""80206740759996817843384221249406413847372626847649675760089541894943413985719""]",50337635004503335895520223860806682260536644632443107142262088072536945192442|80206740759996817843384221249406413847372626847649675760089541894943413985719,80206740759996817843384221249406413847372626847649675760089541894943413985719,Under,True,0.52,96.77,0.9,96.77,0.71,0.38,0aeea678f28a019f45fc92b3fbc1f09afe66e514,0.01,5,,182.8052,
2026-03-05T00:48:42Z,UCL,235051,ucl-lev-ars-2026-03-11-more-markets,Bayer 04 Leverkusen vs. Arsenal FC - More Markets,2026-02-27T19:20:00.933542Z,1456151,ucl-lev-ars-2026-03-11-btts,Bayer 04 Leverkusen vs. Arsenal FC: Both Teams to Score,0x3efb6c2b0ebad800b837937313a400ee8ec5d4da427e6beab2f85dd76820afe0,"[""98766009190177688509205114431827475185179168440774681184011356294682556304999"", ""109129296424230842870635485282188306545143193023513045128132595764111403665885""]",98766009190177688509205114431827475185179168440774681184011356294682556304999|109129296424230842870635485282188306545143193023513045128132595764111403665885,98766009190177688509205114431827475185179168440774681184011356294682556304999,Yes,True,0.47,98.0,0.55,1083.0,0.51,0.08000000000000007,048827abdac769b38d725e1226bc2a8a8da5a810,0.01,5,0.510,2298.5007,163.22818
2026-03-05T00:48:42Z,UCL,235051,ucl-lev-ars-2026-03-11-more-markets,Bayer 04 Leverkusen vs. Arsenal FC - More Markets,2026-02-27T19:20:00.933542Z,1456151,ucl-lev-ars-2026-03-11-btts,Bayer 04 Leverkusen vs. Arsenal FC: Both Teams to Score,0x3efb6c2b0ebad800b837937313a400ee8ec5d4da427e6beab2f85dd76820afe0,"[""98766009190177688509205114431827475185179168440774681184011356294682556304999"", ""109129296424230842870635485282188306545143193023513045128132595764111403665885""]",98766009190177688509205114431827475185179168440774681184011356294682556304999|109129296424230842870635485282188306545143193023513045128132595764111403665885,109129296424230842870635485282188306545143193023513045128132595764111403665885,No,True,0.45,1083.0,0.53,98.0,0.49,0.08000000000000002,a3b2d71d042f3fcc852e37ba24d469c12fa72b34,0.01,5,0.510,2298.5007,163.22818
2026-03-05T00:48:42Z,UCL,235052,ucl-new-fcb1-2026-03-10-more-markets,Newcastle United FC vs. FC Barcelona - More Markets,2026-02-27T19:20:00.951459Z,1456152,ucl-new-fcb1-2026-03-10-spread-home-1pt5,Spread: Newcastle United FC (-1.5),0x4c54143add264c0701c3319ce2fbda98e4e3d69140d6ecff24d18e5c83ad755c,"[""35479654422697553485247631058356098390905675530090737961419274057722007571892"", ""93767032213053602111883367616262283424609293104253400988412233954836413553446""]",35479654422697553485247631058356098390905675530090737961419274057722007571892|93767032213053602111883367616262283424609293104253400988412233954836413553446,35479654422697553485247631058356098390905675530090737961419274057722007571892,Newcastle United FC,True,0.06,7.94,0.28,150.0,0.17,0.22000000000000003,b0d1dfece15b00ec158a51f443475a006e67e0c1,0.01,5,0.130,375.3281,5
2026-03-05T00:48:42Z,UCL,235052,ucl-new-fcb1-2026-03-10-more-markets,Newcastle United FC vs. FC Barcelona - More Markets,2026-02-27T19:20:00.951459Z,1456152,ucl-new-fcb1-2026-03-10-spread-home-1pt5,Spread: Newcastle United FC (-1.5),0x4c54143add264c0701c3319ce2fbda98e4e3d69140d6ecff24d18e5c83ad755c,"[""35479654422697553485247631058356098390905675530090737961419274057722007571892"", ""93767032213053602111883367616262283424609293104253400988412233954836413553446""]",35479654422697553485247631058356098390905675530090737961419274057722007571892|93767032213053602111883367616262283424609293104253400988412233954836413553446,93767032213053602111883367616262283424609293104253400988412233954836413553446,FC Barcelona,True,0.72,150.0,0.94,7.94,0.83,0.21999999999999997,cbb1dd94657f6f6813160a276d7f22eb205949e5,0.01,5,0.130,375.3281,5
2026-03-05T00:48:42Z,UCL,235052,ucl-new-fcb1-2026-03-10-more-markets,Newcastle United FC vs. FC Barcelona - More Markets,2026-02-27T19:20:00.951459Z,1456153,ucl-new-fcb1-2026-03-10-spread-away-1pt5,Spread: FC Barcelona (-1.5),0xdb52e449f43c7ab80ddde805a3da521c342b099396374658942817fc7b773d24,"[""73741945017344035681465342587910880139583280866604315785564182356665183537028"", ""72530256769860314157311546452927109010114050268496678755983903004258096745818""]",73741945017344035681465342587910880139583280866604315785564182356665183537028|72530256769860314157311546452927109010114050268496678755983903004258096745818,73741945017344035681465342587910880139583280866604315785564182356665183537028,FC Barcelona,True,0.11,319.27,0.35,200.0,0.22999999999999998,0.24,3c3ccced1eab3f10b81035e8f9e767a65c4b704a,0.01,5,0.480,1093.9311,27
2026-03-05T00:48:42Z,UCL,235052,ucl-new-fcb1-2026-03-10-more-markets,Newcastle United FC vs. FC Barcelona - More Markets,2026-02-27T19:20:00.951459Z,1456153,ucl-new-fcb1-2026-03-10-spread-away-1pt5,Spread: FC Barcelona (-1.5),0xdb52e449f43c7ab80ddde805a3da521c342b099396374658942817fc7b773d24,"[""73741945017344035681465342587910880139583280866604315785564182356665183537028"", ""72530256769860314157311546452927109010114050268496678755983903004258096745818""]",73741945017344035681465342587910880139583280866604315785564182356665183537028|72530256769860314157311546452927109010114050268496678755983903004258096745818,72530256769860314157311546452927109010114050268496678755983903004258096745818,Newcastle United FC,True,0.65,200.0,0.89,319.27,0.77,0.24,460cc7c5167a5e0b39cc0e802d9e8284d17d2dc5,0.01,5,0.480,1093.9311,27
2026-03-05T00:48:42Z,UCL,235052,ucl-new-fcb1-2026-03-10-more-markets,Newcastle United FC vs. FC Barcelona - More Markets,2026-02-27T19:20:00.951459Z,1456154,ucl-new-fcb1-2026-03-10-spread-home-2pt5,Spread: Newcastle United FC (-2.5),0xc4e55ac6a07d987786f26fbd9f01d227b18c7c53cb5d5b06437f435ad514d20a,"[""85430162332274768817207024939330699138821374433175879485055275762052193728450"", ""60086867627683829893533712539448436099411569425603745313722343880722560796311""]",85430162332274768817207024939330699138821374433175879485055275762052193728450|60086867627683829893533712539448436099411569425603745313722343880722560796311,85430162332274768817207024939330699138821374433175879485055275762052193728450,Newcastle United FC,True,0.06,55.35,0.07,6.1,0.065,0.010000000000000009,482e5a66ce4ae644c14113d1aaad7c0eb1ef2094,0.01,5,0.060,353.7788,57.648418
2026-03-05T00:48:42Z,UCL,235052,ucl-new-fcb1-2026-03-10-more-markets,Newcastle United FC vs. FC Barcelona - More Markets,2026-02-27T19:20:00.951459Z,1456154,ucl-new-fcb1-2026-03-10-spread-home-2pt5,Spread: Newcastle United FC (-2.5),0xc4e55ac6a07d987786f26fbd9f01d227b18c7c53cb5d5b06437f435ad514d20a,"[""85430162332274768817207024939330699138821374433175879485055275762052193728450"", ""60086867627683829893533712539448436099411569425603745313722343880722560796311""]",85430162332274768817207024939330699138821374433175879485055275762052193728450|60086867627683829893533712539448436099411569425603745313722343880722560796311,60086867627683829893533712539448436099411569425603745313722343880722560796311,FC Barcelona,True,0.93,6.1,0.94,55.35,0.935,0.009999999999999898,b65bb47c1dd65ba9f8e5b2725eeb9570721e9a92,0.01,5,0.060,353.7788,57.648418
2026-03-05T00:48:42Z,UCL,235052,ucl-new-fcb1-2026-03-10-more-markets,Newcastle United FC vs. FC Barcelona - More Markets,2026-02-27T19:20:00.951459Z,1456155,ucl-new-fcb1-2026-03-10-spread-away-2pt5,Spread: FC Barcelona (-2.5),0x9611861d94cf3feb644d8c179411847fa3326500a8f9a77210055fa00d5fd1f0,"[""19787061816308197714972290094328180480437481375205771142352566596886981293979"", ""29496655041714841374300084851349173957429257236134430251799141417575546848345""]",19787061816308197714972290094328180480437481375205771142352566596886981293979|29496655041714841374300084851349173957429257236134430251799141417575546848345,19787061816308197714972290094328180480437481375205771142352566596886981293979,FC Barcelona,True,0.08,75.94,0.26,6.5,0.17,0.18,5d9dcd9665297646fc4ea5f9b0b96e8804f8c4aa,0.01,5,,167.325,
2026-03-05T00:48:42Z,UCL,235052,ucl-new-fcb1-2026-03-10-more-markets,Newcastle United FC vs. FC Barcelona - More Markets,2026-02-27T19:20:00.951459Z,1456155,ucl-new-fcb1-2026-03-10-spread-away-2pt5,Spread: FC Barcelona (-2.5),0x9611861d94cf3feb644d8c179411847fa3326500a8f9a77210055fa00d5fd1f0,"[""19787061816308197714972290094328180480437481375205771142352566596886981293979"", ""29496655041714841374300084851349173957429257236134430251799141417575546848345""]",19787061816308197714972290094328180480437481375205771142352566596886981293979|29496655041714841374300084851349173957429257236134430251799141417575546848345,29496655041714841374300084851349173957429257236134430251799141417575546848345,Newcastle United FC,True,0.74,6.5,0.92,75.94,0.8300000000000001,0.18000000000000005,6f343993ff43e9bb7a33998148c5e2c18d4c6151,0.01,5,,167.325,
2026-03-05T00:48:42Z,UCL,235052,ucl-new-fcb1-2026-03-10-more-markets,Newcastle United FC vs. FC Barcelona - More Markets,2026-02-27T19:20:00.951459Z,1456156,ucl-new-fcb1-2026-03-10-total-1pt5,Newcastle United FC vs. FC Barcelona: O/U 1.5,0xfb242cf97411a4d6fb69b9342511c10336d1a2cab0ef221d1e6811287b9d43c8,"[""64515002042655215142821775636783847710703251490536111563244244265813518813453"", ""3118712736601587259885609031280880379083985616134539881350564054369116355769""]",64515002042655215142821775636783847710703251490536111563244244265813518813453|3118712736601587259885609031280880379083985616134539881350564054369116355769,64515002042655215142821775636783847710703251490536111563244244265813518813453,Over,True,0.55,150.0,0.87,140.0,0.71,0.31999999999999995,081536851829b74e2afb765c0c8a2980181ec932,0.01,5,,338.1759,20
2026-03-05T00:48:42Z,UCL,235052,ucl-new-fcb1-2026-03-10-more-markets,Newcastle United FC vs. FC Barcelona - More Markets,2026-02-27T19:20:00.951459Z,1456156,ucl-new-fcb1-2026-03-10-total-1pt5,Newcastle United FC vs. FC Barcelona: O/U 1.5,0xfb242cf97411a4d6fb69b9342511c10336d1a2cab0ef221d1e6811287b9d43c8,"[""64515002042655215142821775636783847710703251490536111563244244265813518813453"", ""3118712736601587259885609031280880379083985616134539881350564054369116355769""]",64515002042655215142821775636783847710703251490536111563244244265813518813453|3118712736601587259885609031280880379083985616134539881350564054369116355769,3118712736601587259885609031280880379083985616134539881350564054369116355769,Under,True,0.13,140.0,0.45,150.0,0.29000000000000004,0.32,bf140a1d348030e41fe9073a3ecbd3448652256a,0.01,5,,338.1759,20
2026-03-05T00:48:42Z,UCL,235052,ucl-new-fcb1-2026-03-10-more-markets,Newcastle United FC vs. FC Barcelona - More Markets,2026-02-27T19:20:00.951459Z,1456157,ucl-new-fcb1-2026-03-10-total-2pt5,Newcastle United FC vs. FC Barcelona: O/U 2.5,0xf7c4ec9c7d18bf2645201399be27b94a1c798dc25f35a13fdff36fc2c3507fa3,"[""21655080110429946136475228813194098298818147935820525942813802156434284435158"", ""74714024083498754487478223635318486435741826998151656137460269820803045942681""]",21655080110429946136475228813194098298818147935820525942813802156434284435158|74714024083498754487478223635318486435741826998151656137460269820803045942681,21655080110429946136475228813194098298818147935820525942813802156434284435158,Over,True,0.61,21.0,0.67,1209.0,0.64,0.06000000000000005,4d7c1cd43cc4b97d702b90544af9d5bedddda1c2,0.01,5,0.610,1732.5478,15.190678
2026-03-05T00:48:42Z,UCL,235052,ucl-new-fcb1-2026-03-10-more-markets,Newcastle United FC vs. FC Barcelona - More Markets,2026-02-27T19:20:00.951459Z,1456157,ucl-new-fcb1-2026-03-10-total-2pt5,Newcastle United FC vs. FC Barcelona: O/U 2.5,0xf7c4ec9c7d18bf2645201399be27b94a1c798dc25f35a13fdff36fc2c3507fa3,"[""21655080110429946136475228813194098298818147935820525942813802156434284435158"", ""74714024083498754487478223635318486435741826998151656137460269820803045942681""]",21655080110429946136475228813194098298818147935820525942813802156434284435158|74714024083498754487478223635318486435741826998151656137460269820803045942681,74714024083498754487478223635318486435741826998151656137460269820803045942681,Under,True,0.33,1209.0,0.39,21.0,0.36,0.06,aa2d0c6392ae3ce0084eeaf53040c066e57399be,0.01,5,0.610,1732.5478,15.190678
2026-03-05T00:48:42Z,UCL,235052,ucl-new-fcb1-2026-03-10-more-markets,Newcastle United FC vs. FC Barcelona - More Markets,2026-02-27T19:20:00.951459Z,1456158,ucl-new-fcb1-2026-03-10-total-3pt5,Newcastle United FC vs. FC Barcelona: O/U 3.5,0x93c22876d94267f2aa90449d6c977238fced1bebeee02b2f797971d49f577386,"[""113109126216511572911290227384224543640691004079849982960738394124596734529414"", ""14390825280572976952619984050486789538874425157209290509587203170876010419729""]",113109126216511572911290227384224543640691004079849982960738394124596734529414|14390825280572976952619984050486789538874425157209290509587203170876010419729,113109126216511572911290227384224543640691004079849982960738394124596734529414,Over,True,0.39,21.0,0.47,63.0,0.43,0.07999999999999996,85f7f793850f79a06be5d134152d65628458b89e,0.01,5,0.340,1690.6012,18.950212
2026-03-05T00:48:42Z,UCL,235052,ucl-new-fcb1-2026-03-10-more-markets,Newcastle United FC vs. FC Barcelona - More Markets,2026-02-27T19:20:00.951459Z,1456158,ucl-new-fcb1-2026-03-10-total-3pt5,Newcastle United FC vs. FC Barcelona: O/U 3.5,0x93c22876d94267f2aa90449d6c977238fced1bebeee02b2f797971d49f577386,"[""113109126216511572911290227384224543640691004079849982960738394124596734529414"", ""14390825280572976952619984050486789538874425157209290509587203170876010419729""]",113109126216511572911290227384224543640691004079849982960738394124596734529414|14390825280572976952619984050486789538874425157209290509587203170876010419729,14390825280572976952619984050486789538874425157209290509587203170876010419729,Under,True,0.53,63.0,0.61,21.0,0.5700000000000001,0.07999999999999996,f96ad556d1ee285d936eeba13b7fceef2297567b,0.01,5,0.340,1690.6012,18.950212
2026-03-05T00:48:42Z,UCL,235052,ucl-new-fcb1-2026-03-10-more-markets,Newcastle United FC vs. FC Barcelona - More Markets,2026-02-27T19:20:00.951459Z,1456159,ucl-new-fcb1-2026-03-10-total-4pt5,Newcastle United FC vs. FC Barcelona: O/U 4.5,0xfdc56673e0dc4ba4598e1ab04c4a27ce770c6c69afb076f746d5982f6a92f73d,"[""92931824465216096826269984387987166844611819826723871791784692462396179335574"", ""56428402873309164748818080233762517663423469448015545855776567253431944442239""]",92931824465216096826269984387987166844611819826723871791784692462396179335574|56428402873309164748818080233762517663423469448015545855776567253431944442239,92931824465216096826269984387987166844611819826723871791784692462396179335574,Over,True,0.08,103.44,0.4,25.0,0.24000000000000002,0.32,54d246a1fde5ba810189ee7557442a3f0ddff6e0,0.01,5,,173.8018,
2026-03-05T00:48:42Z,UCL,235052,ucl-new-fcb1-2026-03-10-more-markets,Newcastle United FC vs. FC Barcelona - More Markets,2026-02-27T19:20:00.951459Z,1456159,ucl-new-fcb1-2026-03-10-total-4pt5,Newcastle United FC vs. FC Barcelona: O/U 4.5,0xfdc56673e0dc4ba4598e1ab04c4a27ce770c6c69afb076f746d5982f6a92f73d,"[""92931824465216096826269984387987166844611819826723871791784692462396179335574"", ""56428402873309164748818080233762517663423469448015545855776567253431944442239""]",92931824465216096826269984387987166844611819826723871791784692462396179335574|56428402873309164748818080233762517663423469448015545855776567253431944442239,56428402873309164748818080233762517663423469448015545855776567253431944442239,Under,True,0.6,25.0,0.92,103.44,0.76,0.32000000000000006,c7da9173907bcd2db8a66d81a2b7ff1ebc9a3039,0.01,5,,173.8018,
2026-03-05T00:48:42Z,UCL,235052,ucl-new-fcb1-2026-03-10-more-markets,Newcastle United FC vs. FC Barcelona - More Markets,2026-02-27T19:20:00.951459Z,1456160,ucl-new-fcb1-2026-03-10-btts,Newcastle United FC vs. FC Barcelona: Both Teams to Score,0xda4a589c69cb4701428e9621bc6834b403655b89a13b2ac987125239cedc3696,"[""60464420637789336102371692008545188345274393282792917728714217076880017191178"", ""13516897271533580971058931050401873316217837340220941443535025369148956863977""]",60464420637789336102371692008545188345274393282792917728714217076880017191178|13516897271533580971058931050401873316217837340220941443535025369148956863977,60464420637789336102371692008545188345274393282792917728714217076880017191178,Yes,True,0.64,11.59,0.67,100.0,0.655,0.030000000000000027,48570ea4d0a3c6644520b3f5eddc22c0e6614fd2,0.01,5,0.310,2858.1704,34.333925
2026-03-05T00:48:42Z,UCL,235052,ucl-new-fcb1-2026-03-10-more-markets,Newcastle United FC vs. FC Barcelona - More Markets,2026-02-27T19:20:00.951459Z,1456160,ucl-new-fcb1-2026-03-10-btts,Newcastle United FC vs. FC Barcelona: Both Teams to Score,0xda4a589c69cb4701428e9621bc6834b403655b89a13b2ac987125239cedc3696,"[""60464420637789336102371692008545188345274393282792917728714217076880017191178"", ""13516897271533580971058931050401873316217837340220941443535025369148956863977""]",60464420637789336102371692008545188345274393282792917728714217076880017191178|13516897271533580971058931050401873316217837340220941443535025369148956863977,13516897271533580971058931050401873316217837340220941443535025369148956863977,No,True,0.33,100.0,0.36,11.59,0.345,0.02999999999999997,e08b79d7c0e49f990cce5f1feb91c0ac6acd2810,0.01,5,0.310,2858.1704,34.333925
2026-03-05T00:48:42Z,UCL,235053,ucl-ata1-bay1-2026-03-10-more-markets,Atalanta BC vs. FC Bayern München - More Markets,2026-02-27T19:20:00.945881Z,1456161,ucl-ata1-bay1-2026-03-10-spread-home-1pt5,Spread: Atalanta BC (-1.5),0xfad3a2cc7d39361ff620ff7602a17346beda9d554176ecf9ecc68daa2094c444,"[""43431658568765852287284297019270527874962291283461926215142271066059457113037"", ""43531707072508236079530987724958898622018527206708045885024417838191489286208""]",43431658568765852287284297019270527874962291283461926215142271066059457113037|43531707072508236079530987724958898622018527206708045885024417838191489286208,43431658568765852287284297019270527874962291283461926215142271066059457113037,Atalanta BC,True,0.05,34.25,0.09,26.8,0.07,0.039999999999999994,362efe9c2add356c4b87c607fb8fc47527a9adf3,0.01,5,0.100,865.8884,641.351517
2026-03-05T00:48:42Z,UCL,235053,ucl-ata1-bay1-2026-03-10-more-markets,Atalanta BC vs. FC Bayern München - More Markets,2026-02-27T19:20:00.945881Z,1456161,ucl-ata1-bay1-2026-03-10-spread-home-1pt5,Spread: Atalanta BC (-1.5),0xfad3a2cc7d39361ff620ff7602a17346beda9d554176ecf9ecc68daa2094c444,"[""43431658568765852287284297019270527874962291283461926215142271066059457113037"", ""43531707072508236079530987724958898622018527206708045885024417838191489286208""]",43431658568765852287284297019270527874962291283461926215142271066059457113037|43531707072508236079530987724958898622018527206708045885024417838191489286208,43531707072508236079530987724958898622018527206708045885024417838191489286208,FC Bayern München,True,0.91,26.8,0.95,34.25,0.9299999999999999,0.039999999999999925,c8e8094a4f25ef392ac5e4674e883eac37544ea6,0.01,5,0.100,865.8884,641.351517
2026-03-05T00:48:42Z,UCL,235053,ucl-ata1-bay1-2026-03-10-more-markets,Atalanta BC vs. FC Bayern München - More Markets,2026-02-27T19:20:00.945881Z,1456162,ucl-ata1-bay1-2026-03-10-spread-away-1pt5,Spread: FC Bayern München (-1.5),0x4319c11106830dd89e91d957404a0830d90ce67a433880189eaf5f918762f46d,"[""90480905031367852158842370901582551273209752182473107655686700871468446179140"", ""110331410250344159521897421790721885520496126667477175750329107760314132255431""]",90480905031367852158842370901582551273209752182473107655686700871468446179140|110331410250344159521897421790721885520496126667477175750329107760314132255431,90480905031367852158842370901582551273209752182473107655686700871468446179140,FC Bayern München,True,0.35,50.0,0.4,450.0,0.375,0.050000000000000044,51e9c48e4c0d5f87544edef9ccb8c08876e8112e,0.01,5,0.600,2223.8443,65.325
2026-03-05T00:48:42Z,UCL,235053,ucl-ata1-bay1-2026-03-10-more-markets,Atalanta BC vs. FC Bayern München - More Markets,2026-02-27T19:20:00.945881Z,1456162,ucl-ata1-bay1-2026-03-10-spread-away-1pt5,Spread: FC Bayern München (-1.5),0x4319c11106830dd89e91d957404a0830d90ce67a433880189eaf5f918762f46d,"[""90480905031367852158842370901582551273209752182473107655686700871468446179140"", ""110331410250344159521897421790721885520496126667477175750329107760314132255431""]",90480905031367852158842370901582551273209752182473107655686700871468446179140|110331410250344159521897421790721885520496126667477175750329107760314132255431,110331410250344159521897421790721885520496126667477175750329107760314132255431,Atalanta BC,True,0.6,450.0,0.65,50.0,0.625,0.050000000000000044,7e861c5371679dedd8e9e3d8a81d3d04dc3c20b4,0.01,5,0.600,2223.8443,65.325
2026-03-05T00:48:42Z,UCL,235053,ucl-ata1-bay1-2026-03-10-more-markets,Atalanta BC vs. FC Bayern München - More Markets,2026-02-27T19:20:00.945881Z,1456163,ucl-ata1-bay1-2026-03-10-spread-home-2pt5,Spread: Atalanta BC (-2.5),0x141f7540413eb564445d1ed62d636e42eb451f525bdf3cc1296fa6d9cfca3cf7,"[""38464527664495196282745728808475907006247258966905817242378410403051875067056"", ""39592087359195107678330944179541254137308477610594592031775408440492766744776""]",38464527664495196282745728808475907006247258966905817242378410403051875067056|39592087359195107678330944179541254137308477610594592031775408440492766744776,38464527664495196282745728808475907006247258966905817242378410403051875067056,Atalanta BC,True,0.02,146.29,0.063,8.44,0.0415,0.043,748f9a5da1f0739082f6095a1b1759a7c382b468,0.001,5,,271.35749,117.989793
2026-03-05T00:48:42Z,UCL,235053,ucl-ata1-bay1-2026-03-10-more-markets,Atalanta BC vs. FC Bayern München - More Markets,2026-02-27T19:20:00.945881Z,1456163,ucl-ata1-bay1-2026-03-10-spread-home-2pt5,Spread: Atalanta BC (-2.5),0x141f7540413eb564445d1ed62d636e42eb451f525bdf3cc1296fa6d9cfca3cf7,"[""38464527664495196282745728808475907006247258966905817242378410403051875067056"", ""39592087359195107678330944179541254137308477610594592031775408440492766744776""]",38464527664495196282745728808475907006247258966905817242378410403051875067056|39592087359195107678330944179541254137308477610594592031775408440492766744776,39592087359195107678330944179541254137308477610594592031775408440492766744776,FC Bayern München,True,0.937,8.44,0.98,146.29,0.9585,0.04299999999999993,9dd33442d1d236a3fec8ecfac9d1cec1b40a1521,0.001,5,,271.35749,117.989793
2026-03-05T00:48:42Z,UCL,235053,ucl-ata1-bay1-2026-03-10-more-markets,Atalanta BC vs. FC Bayern München - More Markets,2026-02-27T19:20:00.945881Z,1456164,ucl-ata1-bay1-2026-03-10-spread-away-2pt5,Spread: FC Bayern München (-2.5),0xd915fa84580bb2b3f09e8a68028ec8b3ba20d341a33ff3e173c70aa4e6a9893d,"[""109159875775586965335001269635826368530091442236881684849095710156676142397428"", ""15705578425115409244854756823002195384348917974039116994078176994281458442757""]",109159875775586965335001269635826368530091442236881684849095710156676142397428|15705578425115409244854756823002195384348917974039116994078176994281458442757,109159875775586965335001269635826368530091442236881684849095710156676142397428,FC Bayern München,True,0.11,75.94,0.3,6.58,0.205,0.19,b9f9cb2d3df218cb2de5aa53053dc19937a1eb4c,0.01,5,,179.6673,
2026-03-05T00:48:42Z,UCL,235053,ucl-ata1-bay1-2026-03-10-more-markets,Atalanta BC vs. FC Bayern München - More Markets,2026-02-27T19:20:00.945881Z,1456164,ucl-ata1-bay1-2026-03-10-spread-away-2pt5,Spread: FC Bayern München (-2.5),0xd915fa84580bb2b3f09e8a68028ec8b3ba20d341a33ff3e173c70aa4e6a9893d,"[""109159875775586965335001269635826368530091442236881684849095710156676142397428"", ""15705578425115409244854756823002195384348917974039116994078176994281458442757""]",109159875775586965335001269635826368530091442236881684849095710156676142397428|15705578425115409244854756823002195384348917974039116994078176994281458442757,15705578425115409244854756823002195384348917974039116994078176994281458442757,Atalanta BC,True,0.7,6.58,0.89,75.94,0.7949999999999999,0.19000000000000006,4263f3c769daca387e1be94f5890afb994909dfa,0.01,5,,179.6673,
2026-03-05T00:48:42Z,UCL,235053,ucl-ata1-bay1-2026-03-10-more-markets,Atalanta BC vs. FC Bayern München - More Markets,2026-02-27T19:20:00.945881Z,1456165,ucl-ata1-bay1-2026-03-10-total-1pt5,Atalanta BC vs. FC Bayern München: O/U 1.5,0x397a1122faa4f6e3b86871088d34dfc4cbee2ba02556a2d017c5fb2df59eab6c,"[""99522775518952681497801292174082417357339541540645251464616421141465907022366"", ""55081500863988567601949788035469903635975065180593705521701412364466640906006""]",99522775518952681497801292174082417357339541540645251464616421141465907022366|55081500863988567601949788035469903635975065180593705521701412364466640906006,99522775518952681497801292174082417357339541540645251464616421141465907022366,Over,True,0.45,40.0,0.94,8.23,0.695,0.48999999999999994,f84e03dbd4109e23bad2a1137548596d03926104,0.01,5,,197.5445,
2026-03-05T00:48:42Z,UCL,235053,ucl-ata1-bay1-2026-03-10-more-markets,Atalanta BC vs. FC Bayern München - More Markets,2026-02-27T19:20:00.945881Z,1456165,ucl-ata1-bay1-2026-03-10-total-1pt5,Atalanta BC vs. FC Bayern München: O/U 1.5,0x397a1122faa4f6e3b86871088d34dfc4cbee2ba02556a2d017c5fb2df59eab6c,"[""99522775518952681497801292174082417357339541540645251464616421141465907022366"", ""55081500863988567601949788035469903635975065180593705521701412364466640906006""]",99522775518952681497801292174082417357339541540645251464616421141465907022366|55081500863988567601949788035469903635975065180593705521701412364466640906006,55081500863988567601949788035469903635975065180593705521701412364466640906006,Under,True,0.06,8.23,0.55,40.0,0.30500000000000005,0.49000000000000005,dfd941a9f7a5a24d00ae1d5802bc9db18a6ffaba,0.01,5,,197.5445,
2026-03-05T00:48:42Z,UCL,235053,ucl-ata1-bay1-2026-03-10-more-markets,Atalanta BC vs. FC Bayern München - More Markets,2026-02-27T19:20:00.945881Z,1456166,ucl-ata1-bay1-2026-03-10-total-2pt5,Atalanta BC vs. FC Bayern München: O/U 2.5,0x7a3010474abc178d486599864d9477bb8cb09d5663a682f38e324c32b0240fa6,"[""34794860096800261035678223535807465286119387965541939033758979793922187443876"", ""112776361358439449238743416054726671558606654892330375105561475787532575794472""]",34794860096800261035678223535807465286119387965541939033758979793922187443876|112776361358439449238743416054726671558606654892330375105561475787532575794472,34794860096800261035678223535807465286119387965541939033758979793922187443876,Over,True,0.62,1000.0,0.69,296.34,0.655,0.06999999999999995,64bf53a8a5a4bfd4fbc3afdb4b37d6de0bc89396,0.01,5,0.310,1458.6446,
2026-03-05T00:48:42Z,UCL,235053,ucl-ata1-bay1-2026-03-10-more-markets,Atalanta BC vs. FC Bayern München - More Markets,2026-02-27T19:20:00.945881Z,1456166,ucl-ata1-bay1-2026-03-10-total-2pt5,Atalanta BC vs. FC Bayern München: O/U 2.5,0x7a3010474abc178d486599864d9477bb8cb09d5663a682f38e324c32b0240fa6,"[""34794860096800261035678223535807465286119387965541939033758979793922187443876"", ""112776361358439449238743416054726671558606654892330375105561475787532575794472""]",34794860096800261035678223535807465286119387965541939033758979793922187443876|112776361358439449238743416054726671558606654892330375105561475787532575794472,112776361358439449238743416054726671558606654892330375105561475787532575794472,Under,True,0.31,296.34,0.38,1000.0,0.345,0.07,07298ed7a5d47d2c5ede3cc0281d5adc77e5f380,0.01,5,0.310,1458.6446,
2026-03-05T00:48:42Z,UCL,235053,ucl-ata1-bay1-2026-03-10-more-markets,Atalanta BC vs. FC Bayern München - More Markets,2026-02-27T19:20:00.945881Z,1456167,ucl-ata1-bay1-2026-03-10-total-3pt5,Atalanta BC vs. FC Bayern München: O/U 3.5,0xffb2351b4ed217f27e9ce76670c599756e14175edd7ac9750241c91d5e8fe8a2,"[""69593690325912249702510675161417629710454556996243821565180129151358300752941"", ""53340855968217290438736969633080498033806325608835797494912983883262476004114""]",69593690325912249702510675161417629710454556996243821565180129151358300752941|53340855968217290438736969633080498033806325608835797494912983883262476004114,69593690325912249702510675161417629710454556996243821565180129151358300752941,Over,True,0.41,62.0,0.49,62.0,0.44999999999999996,0.08000000000000002,07d8db6d4faa01bc22f3c181cff80159cadaed34,0.01,5,,1671.0627,1.53846
2026-03-05T00:48:42Z,UCL,235053,ucl-ata1-bay1-2026-03-10-more-markets,Atalanta BC vs. FC Bayern München - More Markets,2026-02-27T19:20:00.945881Z,1456167,ucl-ata1-bay1-2026-03-10-total-3pt5,Atalanta BC vs. FC Bayern München: O/U 3.5,0xffb2351b4ed217f27e9ce76670c599756e14175edd7ac9750241c91d5e8fe8a2,"[""69593690325912249702510675161417629710454556996243821565180129151358300752941"", ""53340855968217290438736969633080498033806325608835797494912983883262476004114""]",69593690325912249702510675161417629710454556996243821565180129151358300752941|53340855968217290438736969633080498033806325608835797494912983883262476004114,53340855968217290438736969633080498033806325608835797494912983883262476004114,Under,True,0.51,62.0,0.59,62.0,0.55,0.07999999999999996,df98f5ad217a3bd02e6e04505b1243e965b2ec79,0.01,5,,1671.0627,1.53846
2026-03-05T00:48:42Z,UCL,235053,ucl-ata1-bay1-2026-03-10-more-markets,Atalanta BC vs. FC Bayern München - More Markets,2026-02-27T19:20:00.945881Z,1456168,ucl-ata1-bay1-2026-03-10-total-4pt5,Atalanta BC vs. FC Bayern München: O/U 4.5,0xba768ee91c102e85ce1689d01ab10c29d1f3b75c508b94640588b69169ab7e6a,"[""89028030377863192056393024900860855198444365446887309360040151804357119705933"", ""83500624254981195289188925562733783452318798620369375206213599529775197612265""]",89028030377863192056393024900860855198444365446887309360040151804357119705933|83500624254981195289188925562733783452318798620369375206213599529775197612265,89028030377863192056393024900860855198444365446887309360040151804357119705933,Over,True,0.11,100.0,0.4,25.0,0.255,0.29000000000000004,23891f4fef1b7737c8e6e6365e978dddbb64c637,0.01,5,,147.539,
2026-03-05T00:48:42Z,UCL,235053,ucl-ata1-bay1-2026-03-10-more-markets,Atalanta BC vs. FC Bayern München - More Markets,2026-02-27T19:20:00.945881Z,1456168,ucl-ata1-bay1-2026-03-10-total-4pt5,Atalanta BC vs. FC Bayern München: O/U 4.5,0xba768ee91c102e85ce1689d01ab10c29d1f3b75c508b94640588b69169ab7e6a,"[""89028030377863192056393024900860855198444365446887309360040151804357119705933"", ""83500624254981195289188925562733783452318798620369375206213599529775197612265""]",89028030377863192056393024900860855198444365446887309360040151804357119705933|83500624254981195289188925562733783452318798620369375206213599529775197612265,83500624254981195289188925562733783452318798620369375206213599529775197612265,Under,True,0.6,25.0,0.89,100.0,0.745,0.29000000000000004,d93196f080993e88a8ab8575873999b722aa5429,0.01,5,,147.539,
2026-03-05T00:48:42Z,UCL,235053,ucl-ata1-bay1-2026-03-10-more-markets,Atalanta BC vs. FC Bayern München - More Markets,2026-02-27T19:20:00.945881Z,1456169,ucl-ata1-bay1-2026-03-10-btts,Atalanta BC vs. FC Bayern München: Both Teams to Score,0x8212210be403732f316700818d6252af95db64ca34800555adcc629d08756ae8,"[""31040970146369616829863238157183300611057233612472203160456694722299055253819"", ""6459852882986843202040533590381672091977270916810780031913165585126671799016""]",31040970146369616829863238157183300611057233612472203160456694722299055253819|6459852882986843202040533590381672091977270916810780031913165585126671799016,31040970146369616829863238157183300611057233612472203160456694722299055253819,Yes,True,0.59,216.0,0.66,6.88,0.625,0.07000000000000006,659b2201c1406b72107ffc7bfaab00d04a86cbcb,0.01,5,0.580,2813.4449,212.82567
2026-03-05T00:48:42Z,UCL,235053,ucl-ata1-bay1-2026-03-10-more-markets,Atalanta BC vs. FC Bayern München - More Markets,2026-02-27T19:20:00.945881Z,1456169,ucl-ata1-bay1-2026-03-10-btts,Atalanta BC vs. FC Bayern München: Both Teams to Score,0x8212210be403732f316700818d6252af95db64ca34800555adcc629d08756ae8,"[""31040970146369616829863238157183300611057233612472203160456694722299055253819"", ""6459852882986843202040533590381672091977270916810780031913165585126671799016""]",31040970146369616829863238157183300611057233612472203160456694722299055253819|6459852882986843202040533590381672091977270916810780031913165585126671799016,6459852882986843202040533590381672091977270916810780031913165585126671799016,No,True,0.34,6.88,0.41,216.0,0.375,0.06999999999999995,78f713d3e7b61763e5e9b710f91c0dc013ee1fab,0.01,5,0.580,2813.4449,212.82567
2026-03-05T00:48:42Z,UCL,235054,ucl-atm1-tot-2026-03-10-more-markets,Club Atlético de Madrid vs. Tottenham Hotspur FC - More Markets,2026-02-27T19:20:06.795026Z,1456170,ucl-atm1-tot-2026-03-10-spread-home-1pt5,Spread: Club Atlético de Madrid (-1.5),0x091310c64760b762a861e419aba49dcd9956c7360ff31a4de0ffa7127d362f0a,"[""29548335613261969266667021739969888302586661330349641654596875530844745125156"", ""43627103201847441965617086331938195921774849985197142262059294031794670023832""]",29548335613261969266667021739969888302586661330349641654596875530844745125156|43627103201847441965617086331938195921774849985197142262059294031794670023832,29548335613261969266667021739969888302586661330349641654596875530844745125156,Club Atlético de Madrid,True,0.35,269.23,0.38,30.76,0.365,0.030000000000000027,b30c5d8cbbf51e4066edec389d71af4916f02dff,0.01,5,0.350,311034.5031,77.357691
2026-03-05T00:48:42Z,UCL,235054,ucl-atm1-tot-2026-03-10-more-markets,Club Atlético de Madrid vs. Tottenham Hotspur FC - More Markets,2026-02-27T19:20:06.795026Z,1456170,ucl-atm1-tot-2026-03-10-spread-home-1pt5,Spread: Club Atlético de Madrid (-1.5),0x091310c64760b762a861e419aba49dcd9956c7360ff31a4de0ffa7127d362f0a,"[""29548335613261969266667021739969888302586661330349641654596875530844745125156"", ""43627103201847441965617086331938195921774849985197142262059294031794670023832""]",29548335613261969266667021739969888302586661330349641654596875530844745125156|43627103201847441965617086331938195921774849985197142262059294031794670023832,43627103201847441965617086331938195921774849985197142262059294031794670023832,Tottenham Hotspur FC,True,0.62,30.76,0.65,269.23,0.635,0.030000000000000027,f57630f05a29e51fad340ae4f4a530c864ba02fc,0.01,5,0.350,311034.5031,77.357691
2026-03-05T00:48:42Z,UCL,235054,ucl-atm1-tot-2026-03-10-more-markets,Club Atlético de Madrid vs. Tottenham Hotspur FC - More Markets,2026-02-27T19:20:06.795026Z,1456171,ucl-atm1-tot-2026-03-10-spread-away-1pt5,Spread: Tottenham Hotspur FC (-1.5),0x81de4d2c2300c7966fcc7afeca2db4f1b48543154da5b945936116c90173f461,"[""39407662187385569487318763248372040951548783077590709173934079256838775647075"", ""4524530984888431875110450656194455234615389313875513496345035972112554157022""]",39407662187385569487318763248372040951548783077590709173934079256838775647075|4524530984888431875110450656194455234615389313875513496345035972112554157022,39407662187385569487318763248372040951548783077590709173934079256838775647075,Tottenham Hotspur FC,True,0.06,55.78,0.07,7.34,0.065,0.010000000000000009,df90c5d2acc0144b44581bf1fb9443a4c3c8de2b,0.01,5,,955.7753,164.522785
2026-03-05T00:48:42Z,UCL,235054,ucl-atm1-tot-2026-03-10-more-markets,Club Atlético de Madrid vs. Tottenham Hotspur FC - More Markets,2026-02-27T19:20:06.795026Z,1456171,ucl-atm1-tot-2026-03-10-spread-away-1pt5,Spread: Tottenham Hotspur FC (-1.5),0x81de4d2c2300c7966fcc7afeca2db4f1b48543154da5b945936116c90173f461,"[""39407662187385569487318763248372040951548783077590709173934079256838775647075"", ""4524530984888431875110450656194455234615389313875513496345035972112554157022""]",39407662187385569487318763248372040951548783077590709173934079256838775647075|4524530984888431875110450656194455234615389313875513496345035972112554157022,4524530984888431875110450656194455234615389313875513496345035972112554157022,Club Atlético de Madrid,True,0.93,7.34,0.94,55.78,0.935,0.009999999999999898,dda6916ca00c5078cd0d66c50f2a558e3429dd4a,0.01,5,,955.7753,164.522785
2026-03-05T00:48:42Z,UCL,235054,ucl-atm1-tot-2026-03-10-more-markets,Club Atlético de Madrid vs. Tottenham Hotspur FC - More Markets,2026-02-27T19:20:06.795026Z,1456172,ucl-atm1-tot-2026-03-10-spread-home-2pt5,Spread: Club Atlético de Madrid (-2.5),0xdcf60b45af8c02ee4a35cc52480def6df4a4722e95dc0ad036e87895c90e4ebe,"[""22098979829618239991710977639007422191761687586092669450337466246835251891795"", ""97622106790227385037969877609732522624791784883947856651441672898164030343285""]",22098979829618239991710977639007422191761687586092669450337466246835251891795|97622106790227385037969877609732522624791784883947856651441672898164030343285,22098979829618239991710977639007422191761687586092669450337466246835251891795,Club Atlético de Madrid,True,0.13,6.1,0.44,74.5,0.28500000000000003,0.31,c1214321be8934ad0dcae1f082fbd31aa823c59f,0.01,5,0.560,1373.6104,77
2026-03-05T00:48:42Z,UCL,235054,ucl-atm1-tot-2026-03-10-more-markets,Club Atlético de Madrid vs. Tottenham Hotspur FC - More Markets,2026-02-27T19:20:06.795026Z,1456172,ucl-atm1-tot-2026-03-10-spread-home-2pt5,Spread: Club Atlético de Madrid (-2.5),0xdcf60b45af8c02ee4a35cc52480def6df4a4722e95dc0ad036e87895c90e4ebe,"[""22098979829618239991710977639007422191761687586092669450337466246835251891795"", ""97622106790227385037969877609732522624791784883947856651441672898164030343285""]",22098979829618239991710977639007422191761687586092669450337466246835251891795|97622106790227385037969877609732522624791784883947856651441672898164030343285,97622106790227385037969877609732522624791784883947856651441672898164030343285,Tottenham Hotspur FC,True,0.56,74.5,0.87,6.1,0.7150000000000001,0.30999999999999994,d0b17f8ffdd202f2e4283602891a8ab498715fa0,0.01,5,0.560,1373.6104,77
2026-03-05T00:48:42Z,UCL,235054,ucl-atm1-tot-2026-03-10-more-markets,Club Atlético de Madrid vs. Tottenham Hotspur FC - More Markets,2026-02-27T19:20:06.795026Z,1456173,ucl-atm1-tot-2026-03-10-spread-away-2pt5,Spread: Tottenham Hotspur FC (-2.5),0xd0f059627af9ad9ef26eb82083657657e42d3b54c90714279ea6ec1e6c20e710,"[""97915091603155459784868048516320873700437964475849977393068106877216344320732"", ""81801400351902964827518010893815029912705027268021454653199542615814095232568""]",97915091603155459784868048516320873700437964475849977393068106877216344320732|81801400351902964827518010893815029912705027268021454653199542615814095232568,97915091603155459784868048516320873700437964475849977393068106877216344320732,Tottenham Hotspur FC,True,0.04,25.94,0.19,6.16,0.115,0.15,92a0d8c07b3bbfda52d1b5a7a5d223819087acea,0.01,5,0.050,272.4135,62.93048
2026-03-05T00:48:42Z,UCL,235054,ucl-atm1-tot-2026-03-10-more-markets,Club Atlético de Madrid vs. Tottenham Hotspur FC - More Markets,2026-02-27T19:20:06.795026Z,1456173,ucl-atm1-tot-2026-03-10-spread-away-2pt5,Spread: Tottenham Hotspur FC (-2.5),0xd0f059627af9ad9ef26eb82083657657e42d3b54c90714279ea6ec1e6c20e710,"[""97915091603155459784868048516320873700437964475849977393068106877216344320732"", ""81801400351902964827518010893815029912705027268021454653199542615814095232568""]",97915091603155459784868048516320873700437964475849977393068106877216344320732|81801400351902964827518010893815029912705027268021454653199542615814095232568,81801400351902964827518010893815029912705027268021454653199542615814095232568,Club Atlético de Madrid,True,0.81,6.16,0.96,25.94,0.885,0.1499999999999999,e844083d7e5a95d844409999ed0a48d115fd86fa,0.01,5,0.050,272.4135,62.93048
2026-03-05T00:48:42Z,UCL,235054,ucl-atm1-tot-2026-03-10-more-markets,Club Atlético de Madrid vs. Tottenham Hotspur FC - More Markets,2026-02-27T19:20:06.795026Z,1456174,ucl-atm1-tot-2026-03-10-total-1pt5,Club Atlético de Madrid vs. Tottenham Hotspur FC: O/U 1.5,0xe8875293e83aff8c23310e4412c11dfa98461365239976593c85f9a4a12d9ad3,"[""1529334985425052965188863885084393721189036548284011020929352968256913078962"", ""88077900849581787311383645488041248742846159432904971856047427294107912082656""]",1529334985425052965188863885084393721189036548284011020929352968256913078962|88077900849581787311383645488041248742846159432904971856047427294107912082656,1529334985425052965188863885084393721189036548284011020929352968256913078962,Over,True,0.56,6.11,0.94,101.37,0.75,0.3799999999999999,c1b2f69db55890ed810571f17099580eda141284,0.01,5,,183.8185,20
2026-03-05T00:48:42Z,UCL,235054,ucl-atm1-tot-2026-03-10-more-markets,Club Atlético de Madrid vs. Tottenham Hotspur FC - More Markets,2026-02-27T19:20:06.795026Z,1456174,ucl-atm1-tot-2026-03-10-total-1pt5,Club Atlético de Madrid vs. Tottenham Hotspur FC: O/U 1.5,0xe8875293e83aff8c23310e4412c11dfa98461365239976593c85f9a4a12d9ad3,"[""1529334985425052965188863885084393721189036548284011020929352968256913078962"", ""88077900849581787311383645488041248742846159432904971856047427294107912082656""]",1529334985425052965188863885084393721189036548284011020929352968256913078962|88077900849581787311383645488041248742846159432904971856047427294107912082656,88077900849581787311383645488041248742846159432904971856047427294107912082656,Under,True,0.06,101.37,0.44,6.11,0.25,0.38,282435dbb562396105c5c77577b79a1ff3b2ac2f,0.01,5,,183.8185,20
2026-03-05T00:48:42Z,UCL,235054,ucl-atm1-tot-2026-03-10-more-markets,Club Atlético de Madrid vs. Tottenham Hotspur FC - More Markets,2026-02-27T19:20:06.795026Z,1456175,ucl-atm1-tot-2026-03-10-total-2pt5,Club Atlético de Madrid vs. Tottenham Hotspur FC: O/U 2.5,0x7d2ce821a927d9e5d92c3b64e2653312ed1b10f231c39e2fb73d23e96404bca8,"[""75395211199685724401249824446584085141063507045119649838489385658325377671165"", ""71551253255189449954302884411448374707645624087638750578721226157747465034151""]",75395211199685724401249824446584085141063507045119649838489385658325377671165|71551253255189449954302884411448374707645624087638750578721226157747465034151,75395211199685724401249824446584085141063507045119649838489385658325377671165,Over,True,0.52,6.62,0.56,793.0,0.54,0.040000000000000036,04af1e052a5e0691328052ca3b8efe7533dc6fb6,0.01,5,0.460,1777.3079,894.107411
2026-03-05T00:48:42Z,UCL,235054,ucl-atm1-tot-2026-03-10-more-markets,Club Atlético de Madrid vs. Tottenham Hotspur FC - More Markets,2026-02-27T19:20:06.795026Z,1456175,ucl-atm1-tot-2026-03-10-total-2pt5,Club Atlético de Madrid vs. Tottenham Hotspur FC: O/U 2.5,0x7d2ce821a927d9e5d92c3b64e2653312ed1b10f231c39e2fb73d23e96404bca8,"[""75395211199685724401249824446584085141063507045119649838489385658325377671165"", ""71551253255189449954302884411448374707645624087638750578721226157747465034151""]",75395211199685724401249824446584085141063507045119649838489385658325377671165|71551253255189449954302884411448374707645624087638750578721226157747465034151,71551253255189449954302884411448374707645624087638750578721226157747465034151,Under,True,0.44,793.0,0.48,6.62,0.45999999999999996,0.03999999999999998,60c03e1b3e2b31e06d4065cef64168ee8782bbd2,0.01,5,0.460,1777.3079,894.107411
2026-03-05T00:48:42Z,UCL,235054,ucl-atm1-tot-2026-03-10-more-markets,Club Atlético de Madrid vs. Tottenham Hotspur FC - More Markets,2026-02-27T19:20:06.795026Z,1456176,ucl-atm1-tot-2026-03-10-total-3pt5,Club Atlético de Madrid vs. Tottenham Hotspur FC: O/U 3.5,0x07cd0c756836ed73c21dcfa21f7d1bb1c5a6ecfc3c6c75ceebc329d9494f1428,"[""71452141522581645317473029300583451923665211463722178253655766991543953420448"", ""71802859229415125658078646469398307784422980824281487492215641735948596568467""]",71452141522581645317473029300583451923665211463722178253655766991543953420448|71802859229415125658078646469398307784422980824281487492215641735948596568467,71452141522581645317473029300583451923665211463722178253655766991543953420448,Over,True,0.3,21.0,0.4,1171.0,0.35,0.10000000000000003,680ebc1b5b7c2afdb25aa6efe7a8e0c20a77c40f,0.01,5,,1327.6177,
2026-03-05T00:48:42Z,UCL,235054,ucl-atm1-tot-2026-03-10-more-markets,Club Atlético de Madrid vs. Tottenham Hotspur FC - More Markets,2026-02-27T19:20:06.795026Z,1456176,ucl-atm1-tot-2026-03-10-total-3pt5,Club Atlético de Madrid vs. Tottenham Hotspur FC: O/U 3.5,0x07cd0c756836ed73c21dcfa21f7d1bb1c5a6ecfc3c6c75ceebc329d9494f1428,"[""71452141522581645317473029300583451923665211463722178253655766991543953420448"", ""71802859229415125658078646469398307784422980824281487492215641735948596568467""]",71452141522581645317473029300583451923665211463722178253655766991543953420448|71802859229415125658078646469398307784422980824281487492215641735948596568467,71802859229415125658078646469398307784422980824281487492215641735948596568467,Under,True,0.6,1171.0,0.7,21.0,0.6499999999999999,0.09999999999999998,ef02e377977774f99fcd05c3f49af64ee96d26da,0.01,5,,1327.6177,
2026-03-05T00:48:42Z,UCL,235054,ucl-atm1-tot-2026-03-10-more-markets,Club Atlético de Madrid vs. Tottenham Hotspur FC - More Markets,2026-02-27T19:20:06.795026Z,1456177,ucl-atm1-tot-2026-03-10-total-4pt5,Club Atlético de Madrid vs. Tottenham Hotspur FC: O/U 4.5,0x2ce1b46c325e074ee9d9664bd288376635efc029bfe6d931ad4975b487e2fdfc,"[""53008162377743065395700716814090726319888734180779391657650156200970817288419"", ""51894209467579643342021770955546036861029046560337820616936374614618683499465""]",53008162377743065395700716814090726319888734180779391657650156200970817288419|51894209467579643342021770955546036861029046560337820616936374614618683499465,53008162377743065395700716814090726319888734180779391657650156200970817288419,Over,True,0.06,10.0,0.49,107.14,0.275,0.43,2babf9ed01c0c66cac3e38f2cbf4341eb59cb08e,0.01,5,,118.1874,
2026-03-05T00:48:42Z,UCL,235054,ucl-atm1-tot-2026-03-10-more-markets,Club Atlético de Madrid vs. Tottenham Hotspur FC - More Markets,2026-02-27T19:20:06.795026Z,1456177,ucl-atm1-tot-2026-03-10-total-4pt5,Club Atlético de Madrid vs. Tottenham Hotspur FC: O/U 4.5,0x2ce1b46c325e074ee9d9664bd288376635efc029bfe6d931ad4975b487e2fdfc,"[""53008162377743065395700716814090726319888734180779391657650156200970817288419"", ""51894209467579643342021770955546036861029046560337820616936374614618683499465""]",53008162377743065395700716814090726319888734180779391657650156200970817288419|51894209467579643342021770955546036861029046560337820616936374614618683499465,51894209467579643342021770955546036861029046560337820616936374614618683499465,Under,True,0.51,107.14,0.94,10.0,0.725,0.42999999999999994,92bf5548881fc1550e37db83262a35fbe218c9f4,0.01,5,,118.1874,
2026-03-05T00:48:42Z,UCL,235054,ucl-atm1-tot-2026-03-10-more-markets,Club Atlético de Madrid vs. Tottenham Hotspur FC - More Markets,2026-02-27T19:20:06.795026Z,1456178,ucl-atm1-tot-2026-03-10-btts,Club Atlético de Madrid vs. Tottenham Hotspur FC: Both Teams to Score,0x598fad701c919ee111af1fee58c56ddf960a62eb06347c165e55146e91594b01,"[""48794022636109973535197268747041504693188148996798747374728194599471251054844"", ""89911429260793820635221834629939616401349049624940853317774637368547051778""]",48794022636109973535197268747041504693188148996798747374728194599471251054844|89911429260793820635221834629939616401349049624940853317774637368547051778,48794022636109973535197268747041504693188148996798747374728194599471251054844,Yes,True,0.5,233.0,0.58,83.0,0.54,0.07999999999999996,d9fe8cf85c459bd4285f476e93676c2bc001d612,0.01,5,,2662.657,
2026-03-05T00:48:42Z,UCL,235054,ucl-atm1-tot-2026-03-10-more-markets,Club Atlético de Madrid vs. Tottenham Hotspur FC - More Markets,2026-02-27T19:20:06.795026Z,1456178,ucl-atm1-tot-2026-03-10-btts,Club Atlético de Madrid vs. Tottenham Hotspur FC: Both Teams to Score,0x598fad701c919ee111af1fee58c56ddf960a62eb06347c165e55146e91594b01,"[""48794022636109973535197268747041504693188148996798747374728194599471251054844"", ""89911429260793820635221834629939616401349049624940853317774637368547051778""]",48794022636109973535197268747041504693188148996798747374728194599471251054844|89911429260793820635221834629939616401349049624940853317774637368547051778,89911429260793820635221834629939616401349049624940853317774637368547051778,No,True,0.42,83.0,0.5,233.0,0.45999999999999996,0.08000000000000002,0abfa433a31e5f5f4d13ed1bb1fd30c1ac5a3a1b,0.01,5,,2662.657,
2026-03-05T00:48:42Z,UCL,235055,ucl-gal-liv1-2026-03-10-more-markets,Galatasaray SK vs. Liverpool FC - More Markets,2026-02-27T19:20:00.94736Z,1456179,ucl-gal-liv1-2026-03-10-spread-home-1pt5,Spread: Galatasaray SK (-1.5),0xe8b0125389449aab3957750051852d0c234abf94cae8d961183c457627c6f41d,"[""95167362064218906708975551286317104361245802460378986881801395956534518711316"", ""69807682766832134705877794363565161005687925395824379262559169787238353836064""]",95167362064218906708975551286317104361245802460378986881801395956534518711316|69807682766832134705877794363565161005687925395824379262559169787238353836064,95167362064218906708975551286317104361245802460378986881801395956534518711316,Galatasaray SK,True,0.1,725.42,0.12,1101.0,0.11,0.01999999999999999,2ebd8ad8e48044661b00aefc4ca60fcc370b838c,0.01,5,0.900,2044.2494,1530.910777
2026-03-05T00:48:42Z,UCL,235055,ucl-gal-liv1-2026-03-10-more-markets,Galatasaray SK vs. Liverpool FC - More Markets,2026-02-27T19:20:00.94736Z,1456179,ucl-gal-liv1-2026-03-10-spread-home-1pt5,Spread: Galatasaray SK (-1.5),0xe8b0125389449aab3957750051852d0c234abf94cae8d961183c457627c6f41d,"[""95167362064218906708975551286317104361245802460378986881801395956534518711316"", ""69807682766832134705877794363565161005687925395824379262559169787238353836064""]",95167362064218906708975551286317104361245802460378986881801395956534518711316|69807682766832134705877794363565161005687925395824379262559169787238353836064,69807682766832134705877794363565161005687925395824379262559169787238353836064,Liverpool FC,True,0.88,1101.0,0.9,725.42,0.89,0.020000000000000018,e10684df6659116eb329db09d9056cac402c062b,0.01,5,0.900,2044.2494,1530.910777
2026-03-05T00:48:42Z,UCL,235055,ucl-gal-liv1-2026-03-10-more-markets,Galatasaray SK vs. Liverpool FC - More Markets,2026-02-27T19:20:00.94736Z,1456180,ucl-gal-liv1-2026-03-10-spread-away-1pt5,Spread: Liverpool FC (-1.5),0x5f6a838f66534673e79e17cc159e95de2e8139ae84638be015ad9ee53e7a56aa,"[""85209634569049633829422128781398197265539337465797446229428599314749934471181"", ""47881257148095504187545906940805351263399017570809759280892969699630681010906""]",85209634569049633829422128781398197265539337465797446229428599314749934471181|47881257148095504187545906940805351263399017570809759280892969699630681010906,85209634569049633829422128781398197265539337465797446229428599314749934471181,Liverpool FC,True,0.27,150.0,0.37,1150.0,0.32,0.09999999999999998,929252c4dc272d87352ae97495d4cd2fbd36200c,0.01,5,,1899.8862,3.641367
2026-03-05T00:48:42Z,UCL,235055,ucl-gal-liv1-2026-03-10-more-markets,Galatasaray SK vs. Liverpool FC - More Markets,2026-02-27T19:20:00.94736Z,1456180,ucl-gal-liv1-2026-03-10-spread-away-1pt5,Spread: Liverpool FC (-1.5),0x5f6a838f66534673e79e17cc159e95de2e8139ae84638be015ad9ee53e7a56aa,"[""85209634569049633829422128781398197265539337465797446229428599314749934471181"", ""47881257148095504187545906940805351263399017570809759280892969699630681010906""]",85209634569049633829422128781398197265539337465797446229428599314749934471181|47881257148095504187545906940805351263399017570809759280892969699630681010906,47881257148095504187545906940805351263399017570809759280892969699630681010906,Galatasaray SK,True,0.63,1150.0,0.73,150.0,0.6799999999999999,0.09999999999999998,60bd24da9d773c4298a6af31d0c8cb04bbee9f13,0.01,5,,1899.8862,3.641367
2026-03-05T00:48:42Z,UCL,235055,ucl-gal-liv1-2026-03-10-more-markets,Galatasaray SK vs. Liverpool FC - More Markets,2026-02-27T19:20:00.94736Z,1456181,ucl-gal-liv1-2026-03-10-spread-home-2pt5,Spread: Galatasaray SK (-2.5),0x175a15c3459e5256add14af28b18d18490a73a9bea3c9aac08f8a28f6d688826,"[""4712416766918595684380283123658606541312366793306045024266466327169082034085"", ""77872849320199719657856987602123696313054041367907706398036720483088442504622""]",4712416766918595684380283123658606541312366793306045024266466327169082034085|77872849320199719657856987602123696313054041367907706398036720483088442504622,4712416766918595684380283123658606541312366793306045024266466327169082034085,Galatasaray SK,True,0.02,178.34,0.04,265.61,0.03,0.02,648a805388aab520853fc96d6947695d6f6dfcba,0.001,5,0.960,738.60329,249.63846
2026-03-05T00:48:42Z,UCL,235055,ucl-gal-liv1-2026-03-10-more-markets,Galatasaray SK vs. Liverpool FC - More Markets,2026-02-27T19:20:00.94736Z,1456181,ucl-gal-liv1-2026-03-10-spread-home-2pt5,Spread: Galatasaray SK (-2.5),0x175a15c3459e5256add14af28b18d18490a73a9bea3c9aac08f8a28f6d688826,"[""4712416766918595684380283123658606541312366793306045024266466327169082034085"", ""77872849320199719657856987602123696313054041367907706398036720483088442504622""]",4712416766918595684380283123658606541312366793306045024266466327169082034085|77872849320199719657856987602123696313054041367907706398036720483088442504622,77872849320199719657856987602123696313054041367907706398036720483088442504622,Liverpool FC,True,0.96,265.61,0.98,178.34,0.97,0.020000000000000018,b1539f6c6d94c89c7c523adb12db26e75abe1bb0,0.001,5,0.960,738.60329,249.63846
2026-03-05T00:48:42Z,UCL,235055,ucl-gal-liv1-2026-03-10-more-markets,Galatasaray SK vs. Liverpool FC - More Markets,2026-02-27T19:20:00.94736Z,1456182,ucl-gal-liv1-2026-03-10-spread-away-2pt5,Spread: Liverpool FC (-2.5),0x2fd0ffe1464f9427cae925282a8415f1b60403b603c0ffb12f1697984e3c3de3,"[""61667883178591539143682748019347633737532475903435269437469895228795422811975"", ""90706641120021395167652513424034642711993633902173111822872598790587725455474""]",61667883178591539143682748019347633737532475903435269437469895228795422811975|90706641120021395167652513424034642711993633902173111822872598790587725455474,61667883178591539143682748019347633737532475903435269437469895228795422811975,Liverpool FC,True,0.09,22.0,0.29,6.5,0.19,0.19999999999999998,9eca348744c43b107c403075cba78a4f8ba65ecf,0.01,5,,298.092,27
2026-03-05T00:48:42Z,UCL,235055,ucl-gal-liv1-2026-03-10-more-markets,Galatasaray SK vs. Liverpool FC - More Markets,2026-02-27T19:20:00.94736Z,1456182,ucl-gal-liv1-2026-03-10-spread-away-2pt5,Spread: Liverpool FC (-2.5),0x2fd0ffe1464f9427cae925282a8415f1b60403b603c0ffb12f1697984e3c3de3,"[""61667883178591539143682748019347633737532475903435269437469895228795422811975"", ""90706641120021395167652513424034642711993633902173111822872598790587725455474""]",61667883178591539143682748019347633737532475903435269437469895228795422811975|90706641120021395167652513424034642711993633902173111822872598790587725455474,90706641120021395167652513424034642711993633902173111822872598790587725455474,Galatasaray SK,True,0.71,6.5,0.91,22.0,0.81,0.20000000000000007,ad647f21c3781e9eacb443310b40f662e1749376,0.01,5,,298.092,27
2026-03-05T00:48:42Z,UCL,235055,ucl-gal-liv1-2026-03-10-more-markets,Galatasaray SK vs. Liverpool FC - More Markets,2026-02-27T19:20:00.94736Z,1456183,ucl-gal-liv1-2026-03-10-total-1pt5,Galatasaray SK vs. Liverpool FC: O/U 1.5,0x2baff1bf5e4771cc3728df56a825374733f3c9b3faa8da72e0572419f17efaa8,"[""114272436076579993156006679750078555145975747668079881983093157238223214149562"", ""58461452868937129082442278709199278858722124850561390779358717305446037403562""]",114272436076579993156006679750078555145975747668079881983093157238223214149562|58461452868937129082442278709199278858722124850561390779358717305446037403562,114272436076579993156006679750078555145975747668079881983093157238223214149562,Over,True,0.4,12.0,0.95,11.86,0.675,0.5499999999999999,291925298a04b3bc786e9c6556159743378ed52e,0.01,5,,166.885,
2026-03-05T00:48:42Z,UCL,235055,ucl-gal-liv1-2026-03-10-more-markets,Galatasaray SK vs. Liverpool FC - More Markets,2026-02-27T19:20:00.94736Z,1456183,ucl-gal-liv1-2026-03-10-total-1pt5,Galatasaray SK vs. Liverpool FC: O/U 1.5,0x2baff1bf5e4771cc3728df56a825374733f3c9b3faa8da72e0572419f17efaa8,"[""114272436076579993156006679750078555145975747668079881983093157238223214149562"", ""58461452868937129082442278709199278858722124850561390779358717305446037403562""]",114272436076579993156006679750078555145975747668079881983093157238223214149562|58461452868937129082442278709199278858722124850561390779358717305446037403562,58461452868937129082442278709199278858722124850561390779358717305446037403562,Under,True,0.05,11.86,0.6,12.0,0.325,0.5499999999999999,fab532a6a20a454ec7403ed6de4858fab2cb4fbc,0.01,5,,166.885,
2026-03-05T00:48:42Z,UCL,235055,ucl-gal-liv1-2026-03-10-more-markets,Galatasaray SK vs. Liverpool FC - More Markets,2026-02-27T19:20:00.94736Z,1456184,ucl-gal-liv1-2026-03-10-total-2pt5,Galatasaray SK vs. Liverpool FC: O/U 2.5,0x3d5ccd1836190e7e1df3fe67bfe3e4b5af10301c53096e021317f874fabc3a45,"[""66464349069975424019786071487460435214243805623838484002034991177895807287703"", ""9841054262338147399369003820334817280087628474979924086072812183215564648074""]",66464349069975424019786071487460435214243805623838484002034991177895807287703|9841054262338147399369003820334817280087628474979924086072812183215564648074,66464349069975424019786071487460435214243805623838484002034991177895807287703,Over,True,0.58,1000.0,0.61,769.0,0.595,0.030000000000000027,7ab8b8b41adca00426e62e29265ab9746c1d2971,0.01,5,0.390,1631.406,240.991284
2026-03-05T00:48:42Z,UCL,235055,ucl-gal-liv1-2026-03-10-more-markets,Galatasaray SK vs. Liverpool FC - More Markets,2026-02-27T19:20:00.94736Z,1456184,ucl-gal-liv1-2026-03-10-total-2pt5,Galatasaray SK vs. Liverpool FC: O/U 2.5,0x3d5ccd1836190e7e1df3fe67bfe3e4b5af10301c53096e021317f874fabc3a45,"[""66464349069975424019786071487460435214243805623838484002034991177895807287703"", ""9841054262338147399369003820334817280087628474979924086072812183215564648074""]",66464349069975424019786071487460435214243805623838484002034991177895807287703|9841054262338147399369003820334817280087628474979924086072812183215564648074,9841054262338147399369003820334817280087628474979924086072812183215564648074,Under,True,0.39,769.0,0.42,1000.0,0.405,0.02999999999999997,3c4a1a54f0df5dddf8c20f77dec6b86a388ecbb7,0.01,5,0.390,1631.406,240.991284
2026-03-05T00:48:42Z,UCL,235055,ucl-gal-liv1-2026-03-10-more-markets,Galatasaray SK vs. Liverpool FC - More Markets,2026-02-27T19:20:00.94736Z,1456185,ucl-gal-liv1-2026-03-10-total-3pt5,Galatasaray SK vs. Liverpool FC: O/U 3.5,0x73b338e4d5cb78db9a63cb0f225fc008224448d0c9944a21e13145783fd13939,"[""13880814971288661510330691748763866282760141594996322391024606537343349112255"", ""9270957082719644769475496576074064288714508849811957432840461585416395658381""]",13880814971288661510330691748763866282760141594996322391024606537343349112255|9270957082719644769475496576074064288714508849811957432840461585416395658381,13880814971288661510330691748763866282760141594996322391024606537343349112255,Over,True,0.37,12.0,0.45,573.0,0.41000000000000003,0.08000000000000002,b57180494cf01b188002d9bcfb7a0fca7cc11664,0.01,5,0.400,1654.4949,118.255147
2026-03-05T00:48:42Z,UCL,235055,ucl-gal-liv1-2026-03-10-more-markets,Galatasaray SK vs. Liverpool FC - More Markets,2026-02-27T19:20:00.94736Z,1456185,ucl-gal-liv1-2026-03-10-total-3pt5,Galatasaray SK vs. Liverpool FC: O/U 3.5,0x73b338e4d5cb78db9a63cb0f225fc008224448d0c9944a21e13145783fd13939,"[""13880814971288661510330691748763866282760141594996322391024606537343349112255"", ""9270957082719644769475496576074064288714508849811957432840461585416395658381""]",13880814971288661510330691748763866282760141594996322391024606537343349112255|9270957082719644769475496576074064288714508849811957432840461585416395658381,9270957082719644769475496576074064288714508849811957432840461585416395658381,Under,True,0.55,573.0,0.63,12.0,0.5900000000000001,0.07999999999999996,bbaf9109f19bf67b31f3b2d908e28f67b70d8108,0.01,5,0.400,1654.4949,118.255147
2026-03-05T00:48:42Z,UCL,235055,ucl-gal-liv1-2026-03-10-more-markets,Galatasaray SK vs. Liverpool FC - More Markets,2026-02-27T19:20:00.94736Z,1456186,ucl-gal-liv1-2026-03-10-total-4pt5,Galatasaray SK vs. Liverpool FC: O/U 4.5,0x9edc7962ed2f2685825b65be87daa2c719156d0ce9c9b546a571127c2215bd0a,"[""8691087148663789501616486296724952415866637941172350980490302218085999100958"", ""77095565592117868346908158850091648105086888410549187256441204147917298143738""]",8691087148663789501616486296724952415866637941172350980490302218085999100958|77095565592117868346908158850091648105086888410549187256441204147917298143738,8691087148663789501616486296724952415866637941172350980490302218085999100958,Over,True,0.08,99.69,0.4,25.0,0.24000000000000002,0.32,89dc28ceac1f92d0c5eb2f9172dde4fde64cb370,0.01,5,0.080,175.2286,2
2026-03-05T00:48:42Z,UCL,235055,ucl-gal-liv1-2026-03-10-more-markets,Galatasaray SK vs. Liverpool FC - More Markets,2026-02-27T19:20:00.94736Z,1456186,ucl-gal-liv1-2026-03-10-total-4pt5,Galatasaray SK vs. Liverpool FC: O/U 4.5,0x9edc7962ed2f2685825b65be87daa2c719156d0ce9c9b546a571127c2215bd0a,"[""8691087148663789501616486296724952415866637941172350980490302218085999100958"", ""77095565592117868346908158850091648105086888410549187256441204147917298143738""]",8691087148663789501616486296724952415866637941172350980490302218085999100958|77095565592117868346908158850091648105086888410549187256441204147917298143738,77095565592117868346908158850091648105086888410549187256441204147917298143738,Under,True,0.6,25.0,0.92,99.69,0.76,0.32000000000000006,86fba3d971cd68a02690102cd60631792a00e5d3,0.01,5,0.080,175.2286,2
2026-03-05T00:48:42Z,UCL,235055,ucl-gal-liv1-2026-03-10-more-markets,Galatasaray SK vs. Liverpool FC - More Markets,2026-02-27T19:20:00.94736Z,1456187,ucl-gal-liv1-2026-03-10-btts,Galatasaray SK vs. Liverpool FC: Both Teams to Score,0x221eb35a8e2ec2f9fffcc72d5ae081922206a809bc4cc9af69d260c68fad4e6a,"[""12038759401838138961314709428062023984607382924404194568672439004245328613011"", ""13949953950039496794921034704312064161731509410468037607999330251799447671786""]",12038759401838138961314709428062023984607382924404194568672439004245328613011|13949953950039496794921034704312064161731509410468037607999330251799447671786,12038759401838138961314709428062023984607382924404194568672439004245328613011,Yes,True,0.61,18.67,0.65,300.0,0.63,0.040000000000000036,1970231dbf8e002455057abdf4cf286aa3afc8fe,0.01,5,0.340,2858.9098,72.058247
2026-03-05T00:48:42Z,UCL,235055,ucl-gal-liv1-2026-03-10-more-markets,Galatasaray SK vs. Liverpool FC - More Markets,2026-02-27T19:20:00.94736Z,1456187,ucl-gal-liv1-2026-03-10-btts,Galatasaray SK vs. Liverpool FC: Both Teams to Score,0x221eb35a8e2ec2f9fffcc72d5ae081922206a809bc4cc9af69d260c68fad4e6a,"[""12038759401838138961314709428062023984607382924404194568672439004245328613011"", ""13949953950039496794921034704312064161731509410468037607999330251799447671786""]",12038759401838138961314709428062023984607382924404194568672439004245328613011|13949953950039496794921034704312064161731509410468037607999330251799447671786,13949953950039496794921034704312064161731509410468037607999330251799447671786,No,True,0.35,300.0,0.39,18.67,0.37,0.040000000000000036,aba6e4087315d5b3829e49980ec9e1b190861856,0.01,5,0.340,2858.9098,72.058247
2026-03-05T00:48:42Z,UCL,235209,ucl-rma1-mnc1-2026-03-11-halftime-result,Real Madrid CF vs. Manchester City FC - Halftime Result,2026-02-27T22:43:12.045282Z,1457518,ucl-rma1-mnc1-2026-03-11-halftime-result-home,Real Madrid CF leading at halftime?,0x968eb463d266e2b2b7c62676f797c4d4a492de27411ccec21c13ce3ad5daba04,"[""7270958527341196628663199185112800894580317466508675387135035196678497617253"", ""67088662784907692137460865787944417178422660049289497766659986984584267047183""]",7270958527341196628663199185112800894580317466508675387135035196678497617253|67088662784907692137460865787944417178422660049289497766659986984584267047183,7270958527341196628663199185112800894580317466508675387135035196678497617253,Yes,True,0.2,200.0,0.43,1105.0,0.315,0.22999999999999998,ef042599a09930b4d7b597e8f1e004fcedd6da87,0.01,5,,947.9639,
2026-03-05T00:48:42Z,UCL,235209,ucl-rma1-mnc1-2026-03-11-halftime-result,Real Madrid CF vs. Manchester City FC - Halftime Result,2026-02-27T22:43:12.045282Z,1457518,ucl-rma1-mnc1-2026-03-11-halftime-result-home,Real Madrid CF leading at halftime?,0x968eb463d266e2b2b7c62676f797c4d4a492de27411ccec21c13ce3ad5daba04,"[""7270958527341196628663199185112800894580317466508675387135035196678497617253"", ""67088662784907692137460865787944417178422660049289497766659986984584267047183""]",7270958527341196628663199185112800894580317466508675387135035196678497617253|67088662784907692137460865787944417178422660049289497766659986984584267047183,67088662784907692137460865787944417178422660049289497766659986984584267047183,No,True,0.57,1105.0,0.8,200.0,0.685,0.2300000000000001,8eb6cd79f36e22e963f643b2b84f8ef118c88a3e,0.01,5,,947.9639,
2026-03-05T00:48:42Z,UCL,235209,ucl-rma1-mnc1-2026-03-11-halftime-result,Real Madrid CF vs. Manchester City FC - Halftime Result,2026-02-27T22:43:12.045282Z,1457520,ucl-rma1-mnc1-2026-03-11-halftime-result-away,Manchester City FC leading at halftime?,0xf4179bfba0dcf8c929ec553d7c1cd566b4165900b09cdc336418617d6acd139f,"[""39798666905845125172749108064626806081622139350721173341733183435606382619662"", ""90045172857075807497282415020921130503292073588657242602840165048678319911965""]",39798666905845125172749108064626806081622139350721173341733183435606382619662|90045172857075807497282415020921130503292073588657242602840165048678319911965,39798666905845125172749108064626806081622139350721173341733183435606382619662,Yes,True,0.25,555.0,0.43,26.0,0.33999999999999997,0.18,d95ba97209ccbef1b294b60e03fd448aac6fd4fa,0.01,5,,1077.9434,
2026-03-05T00:48:42Z,UCL,235209,ucl-rma1-mnc1-2026-03-11-halftime-result,Real Madrid CF vs. Manchester City FC - Halftime Result,2026-02-27T22:43:12.045282Z,1457520,ucl-rma1-mnc1-2026-03-11-halftime-result-away,Manchester City FC leading at halftime?,0xf4179bfba0dcf8c929ec553d7c1cd566b4165900b09cdc336418617d6acd139f,"[""39798666905845125172749108064626806081622139350721173341733183435606382619662"", ""90045172857075807497282415020921130503292073588657242602840165048678319911965""]",39798666905845125172749108064626806081622139350721173341733183435606382619662|90045172857075807497282415020921130503292073588657242602840165048678319911965,90045172857075807497282415020921130503292073588657242602840165048678319911965,No,True,0.57,26.0,0.75,555.0,0.6599999999999999,0.18000000000000005,0e0928db84ea9534f116d226e2ca46b35c78454b,0.01,5,,1077.9434,
2026-03-05T00:48:42Z,UCL,235209,ucl-rma1-mnc1-2026-03-11-halftime-result,Real Madrid CF vs. Manchester City FC - Halftime Result,2026-02-27T22:43:12.045282Z,1457519,ucl-rma1-mnc1-2026-03-11-halftime-result-draw,Real Madrid CF vs. Manchester City FC: Draw at halftime?,0xcbc71e9af038d290fbfd87ad940c99ca4f8ff225f576b5dd2904165d789b3e0a,"[""97545961084999684328574074280808865216396589164513023244468153181622772667479"", ""24203760010078307240609491476967765387420033059189672028869677618456520543930""]",97545961084999684328574074280808865216396589164513023244468153181622772667479|24203760010078307240609491476967765387420033059189672028869677618456520543930,97545961084999684328574074280808865216396589164513023244468153181622772667479,Yes,True,0.28,870.0,0.46,26.0,0.37,0.18,c5defa075fe6d87089a6a5898fca5fb30d8c8930,0.01,5,,1318.4947,
2026-03-05T00:48:42Z,UCL,235209,ucl-rma1-mnc1-2026-03-11-halftime-result,Real Madrid CF vs. Manchester City FC - Halftime Result,2026-02-27T22:43:12.045282Z,1457519,ucl-rma1-mnc1-2026-03-11-halftime-result-draw,Real Madrid CF vs. Manchester City FC: Draw at halftime?,0xcbc71e9af038d290fbfd87ad940c99ca4f8ff225f576b5dd2904165d789b3e0a,"[""97545961084999684328574074280808865216396589164513023244468153181622772667479"", ""24203760010078307240609491476967765387420033059189672028869677618456520543930""]",97545961084999684328574074280808865216396589164513023244468153181622772667479|24203760010078307240609491476967765387420033059189672028869677618456520543930,24203760010078307240609491476967765387420033059189672028869677618456520543930,No,True,0.54,26.0,0.72,870.0,0.63,0.17999999999999994,f29f115799942faecbe1e6a71740b41444e53c96,0.01,5,,1318.4947,
2026-03-05T00:48:42Z,UCL,235210,ucl-psg1-cfc1-2026-03-11-halftime-result,Paris Saint-Germain FC vs. Chelsea FC - Halftime Result,2026-02-27T23:53:20.441194Z,1457523,ucl-psg1-cfc1-2026-03-11-halftime-result-away,Chelsea FC leading at halftime?,0xbfe50804dbe17842551a3587c772bc861c282003926c7cfac2e81ac8b85fba03,"[""48338727406293344425871918367399435547091857875859729293028484103127151558317"", ""36890532357493149525807684616077441745085590221449690299900127948257486484536""]",48338727406293344425871918367399435547091857875859729293028484103127151558317|36890532357493149525807684616077441745085590221449690299900127948257486484536,48338727406293344425871918367399435547091857875859729293028484103127151558317,Yes,True,0.06,5.96,0.86,18.0,0.45999999999999996,0.8,6cd9562c9c67be6a9c8452b1eaf4925aeabd0ab4,0.01,5,,59.4645,
2026-03-05T00:48:42Z,UCL,235210,ucl-psg1-cfc1-2026-03-11-halftime-result,Paris Saint-Germain FC vs. Chelsea FC - Halftime Result,2026-02-27T23:53:20.441194Z,1457523,ucl-psg1-cfc1-2026-03-11-halftime-result-away,Chelsea FC leading at halftime?,0xbfe50804dbe17842551a3587c772bc861c282003926c7cfac2e81ac8b85fba03,"[""48338727406293344425871918367399435547091857875859729293028484103127151558317"", ""36890532357493149525807684616077441745085590221449690299900127948257486484536""]",48338727406293344425871918367399435547091857875859729293028484103127151558317|36890532357493149525807684616077441745085590221449690299900127948257486484536,36890532357493149525807684616077441745085590221449690299900127948257486484536,No,True,0.14,18.0,0.94,5.96,0.54,0.7999999999999999,a355158ddfbade46059da7e0818508b774353fb1,0.01,5,,59.4645,
2026-03-05T00:48:42Z,UCL,235210,ucl-psg1-cfc1-2026-03-11-halftime-result,Paris Saint-Germain FC vs. Chelsea FC - Halftime Result,2026-02-27T23:53:20.441194Z,1457521,ucl-psg1-cfc1-2026-03-11-halftime-result-home,Paris Saint-Germain FC leading at halftime?,0x6aba329d8aea0a5eafcdc9ab12a12c61c823028f26d200460bbbf9514fc2f55b,"[""74351384363451617734456368280418394508126036041676447147406924193783970044294"", ""100797920638148068288712350868406626583910330243222321617736606582507707031898""]",74351384363451617734456368280418394508126036041676447147406924193783970044294|100797920638148068288712350868406626583910330243222321617736606582507707031898,74351384363451617734456368280418394508126036041676447147406924193783970044294,Yes,True,0.07,10.0,0.87,18.0,0.47,0.8,d1c0a116edf1dcf18fc8af5b9413615378f92b17,0.01,5,,39.9557,
2026-03-05T00:48:42Z,UCL,235210,ucl-psg1-cfc1-2026-03-11-halftime-result,Paris Saint-Germain FC vs. Chelsea FC - Halftime Result,2026-02-27T23:53:20.441194Z,1457521,ucl-psg1-cfc1-2026-03-11-halftime-result-home,Paris Saint-Germain FC leading at halftime?,0x6aba329d8aea0a5eafcdc9ab12a12c61c823028f26d200460bbbf9514fc2f55b,"[""74351384363451617734456368280418394508126036041676447147406924193783970044294"", ""100797920638148068288712350868406626583910330243222321617736606582507707031898""]",74351384363451617734456368280418394508126036041676447147406924193783970044294|100797920638148068288712350868406626583910330243222321617736606582507707031898,100797920638148068288712350868406626583910330243222321617736606582507707031898,No,True,0.13,18.0,0.93,10.0,0.53,0.8,e49a02c19b5324a81617ca651ebcd4d125902484,0.01,5,,39.9557,
2026-03-05T00:48:42Z,UCL,235210,ucl-psg1-cfc1-2026-03-11-halftime-result,Paris Saint-Germain FC vs. Chelsea FC - Halftime Result,2026-02-27T23:53:20.441194Z,1457522,ucl-psg1-cfc1-2026-03-11-halftime-result-draw,Paris Saint-Germain FC vs. Chelsea FC: Draw at halftime?,0x66779ac779fdc84c94d3c62105231c27e90dc1839131cbe3e10136c7f0d07548,"[""91096380097519103041157725582288570827041479807918839406270317311193749858550"", ""31022137904475806489117383802970454745597053432125601968734685411845257548344""]",91096380097519103041157725582288570827041479807918839406270317311193749858550|31022137904475806489117383802970454745597053432125601968734685411845257548344,91096380097519103041157725582288570827041479807918839406270317311193749858550,Yes,True,0.06,26.22,0.91,10.56,0.485,0.8500000000000001,7c3ea999b7576aef8b1c98ea1b00ff55bc96610e,0.01,5,,39.0158,
2026-03-05T00:48:42Z,UCL,235210,ucl-psg1-cfc1-2026-03-11-halftime-result,Paris Saint-Germain FC vs. Chelsea FC - Halftime Result,2026-02-27T23:53:20.441194Z,1457522,ucl-psg1-cfc1-2026-03-11-halftime-result-draw,Paris Saint-Germain FC vs. Chelsea FC: Draw at halftime?,0x66779ac779fdc84c94d3c62105231c27e90dc1839131cbe3e10136c7f0d07548,"[""91096380097519103041157725582288570827041479807918839406270317311193749858550"", ""31022137904475806489117383802970454745597053432125601968734685411845257548344""]",91096380097519103041157725582288570827041479807918839406270317311193749858550|31022137904475806489117383802970454745597053432125601968734685411845257548344,31022137904475806489117383802970454745597053432125601968734685411845257548344,No,True,0.09,10.56,0.94,26.22,0.515,0.85,189d4a0e27f2d7b282678b9cddb34266cd21b094,0.01,5,,39.0158,
2026-03-05T00:48:42Z,UCL,235211,ucl-lev-ars-2026-03-11-halftime-result,Bayer 04 Leverkusen vs. Arsenal FC - Halftime Result,2026-02-27T23:23:45.443572Z,1457524,ucl-lev-ars-2026-03-11-halftime-result-home,Bayer 04 Leverkusen leading at halftime?,0x618905fb614af4900f4b48b2da5ebd530d32f50069ab54923e93647db6cef0b0,"[""78453910084755994914705342135544041746249829706832832483191722792946208009471"", ""47086049129708296327752807591449899933018599172682788962446717226599874450075""]",78453910084755994914705342135544041746249829706832832483191722792946208009471|47086049129708296327752807591449899933018599172682788962446717226599874450075,78453910084755994914705342135544041746249829706832832483191722792946208009471,Yes,True,0.06,30.0,0.28,888.0,0.17,0.22000000000000003,c0c8c6c0da876e464d06fd9e120021e58832ae48,0.01,5,,890.2646,
2026-03-05T00:48:42Z,UCL,235211,ucl-lev-ars-2026-03-11-halftime-result,Bayer 04 Leverkusen vs. Arsenal FC - Halftime Result,2026-02-27T23:23:45.443572Z,1457524,ucl-lev-ars-2026-03-11-halftime-result-home,Bayer 04 Leverkusen leading at halftime?,0x618905fb614af4900f4b48b2da5ebd530d32f50069ab54923e93647db6cef0b0,"[""78453910084755994914705342135544041746249829706832832483191722792946208009471"", ""47086049129708296327752807591449899933018599172682788962446717226599874450075""]",78453910084755994914705342135544041746249829706832832483191722792946208009471|47086049129708296327752807591449899933018599172682788962446717226599874450075,47086049129708296327752807591449899933018599172682788962446717226599874450075,No,True,0.72,888.0,0.94,30.0,0.83,0.21999999999999997,38762a05d93c0c71e04a74018721e9a68240dc8f,0.01,5,,890.2646,
2026-03-05T00:48:42Z,UCL,235211,ucl-lev-ars-2026-03-11-halftime-result,Bayer 04 Leverkusen vs. Arsenal FC - Halftime Result,2026-02-27T23:23:45.443572Z,1457525,ucl-lev-ars-2026-03-11-halftime-result-draw,Bayer 04 Leverkusen vs. Arsenal FC: Draw at halftime?,0xf0ea94f7c487dd72e1af8d8af04eaba844bec3f7dae5c26c4eceb67f8bfa5332,"[""104970199518625722932455629532427422682245756430101806490872114362907616968946"", ""56401259890854542991619108084182250802364118196512408945935344064849725586821""]",104970199518625722932455629532427422682245756430101806490872114362907616968946|56401259890854542991619108084182250802364118196512408945935344064849725586821,104970199518625722932455629532427422682245756430101806490872114362907616968946,Yes,True,0.3,888.0,0.48,26.0,0.39,0.18,8ac87303a2cd8de9f42c3c3a1b938ce39ecbbda0,0.01,5,,1464.2244,
2026-03-05T00:48:42Z,UCL,235211,ucl-lev-ars-2026-03-11-halftime-result,Bayer 04 Leverkusen vs. Arsenal FC - Halftime Result,2026-02-27T23:23:45.443572Z,1457525,ucl-lev-ars-2026-03-11-halftime-result-draw,Bayer 04 Leverkusen vs. Arsenal FC: Draw at halftime?,0xf0ea94f7c487dd72e1af8d8af04eaba844bec3f7dae5c26c4eceb67f8bfa5332,"[""104970199518625722932455629532427422682245756430101806490872114362907616968946"", ""56401259890854542991619108084182250802364118196512408945935344064849725586821""]",104970199518625722932455629532427422682245756430101806490872114362907616968946|56401259890854542991619108084182250802364118196512408945935344064849725586821,56401259890854542991619108084182250802364118196512408945935344064849725586821,No,True,0.52,26.0,0.7,888.0,0.61,0.17999999999999994,e8b717ff1b4a84033863a8a8e703a82d76f3fb8c,0.01,5,,1464.2244,
2026-03-05T00:48:42Z,UCL,235211,ucl-lev-ars-2026-03-11-halftime-result,Bayer 04 Leverkusen vs. Arsenal FC - Halftime Result,2026-02-27T23:23:45.443572Z,1457526,ucl-lev-ars-2026-03-11-halftime-result-away,Arsenal FC leading at halftime?,0x1ddb55b0c51599217ece690b2e78e4c6b3c7abffd6b4e196d1dc679ce419d4ac,"[""13378816477660745147976923752971098328588409795406141127958058577117706459771"", ""70465441398653667030754623860417113254888914281728819845380825104501732960632""]",13378816477660745147976923752971098328588409795406141127958058577117706459771|70465441398653667030754623860417113254888914281728819845380825104501732960632,13378816477660745147976923752971098328588409795406141127958058577117706459771,Yes,True,0.38,440.0,0.54,12.0,0.46,0.16000000000000003,0c667082d4775c0e5f46fcbc8276d3b1cfdcaf50,0.01,5,,1133.7549,
2026-03-05T00:48:42Z,UCL,235211,ucl-lev-ars-2026-03-11-halftime-result,Bayer 04 Leverkusen vs. Arsenal FC - Halftime Result,2026-02-27T23:23:45.443572Z,1457526,ucl-lev-ars-2026-03-11-halftime-result-away,Arsenal FC leading at halftime?,0x1ddb55b0c51599217ece690b2e78e4c6b3c7abffd6b4e196d1dc679ce419d4ac,"[""13378816477660745147976923752971098328588409795406141127958058577117706459771"", ""70465441398653667030754623860417113254888914281728819845380825104501732960632""]",13378816477660745147976923752971098328588409795406141127958058577117706459771|70465441398653667030754623860417113254888914281728819845380825104501732960632,70465441398653667030754623860417113254888914281728819845380825104501732960632,No,True,0.46,12.0,0.62,440.0,0.54,0.15999999999999998,cd6f20eacb9579c5f8cfd321de48ff2af9b1f0db,0.01,5,,1133.7549,
2026-03-05T00:48:42Z,UCL,235212,ucl-new-fcb1-2026-03-10-halftime-result,Newcastle United FC vs. FC Barcelona - Halftime Result,2026-02-27T22:19:24.868087Z,1457527,ucl-new-fcb1-2026-03-10-halftime-result-home,Newcastle United FC leading at halftime?,0x0fcc78723008ca658ef3a1a199fe31e4dfc0eb9f508031770f9227445d8fe1cc,"[""4219867551282804575555713745207195084479083490128089476173064689317697165449"", ""68827609937713510437716335340257126028364114947168953090771472523137687854774""]",4219867551282804575555713745207195084479083490128089476173064689317697165449|68827609937713510437716335340257126028364114947168953090771472523137687854774,4219867551282804575555713745207195084479083490128089476173064689317697165449,Yes,True,0.18,888.0,0.4,1240.0,0.29000000000000004,0.22000000000000003,f910d77879a2bbefa9a7caf936ff9e77827cfa40,0.01,5,,1223.1453,
2026-03-05T00:48:42Z,UCL,235212,ucl-new-fcb1-2026-03-10-halftime-result,Newcastle United FC vs. FC Barcelona - Halftime Result,2026-02-27T22:19:24.868087Z,1457527,ucl-new-fcb1-2026-03-10-halftime-result-home,Newcastle United FC leading at halftime?,0x0fcc78723008ca658ef3a1a199fe31e4dfc0eb9f508031770f9227445d8fe1cc,"[""4219867551282804575555713745207195084479083490128089476173064689317697165449"", ""68827609937713510437716335340257126028364114947168953090771472523137687854774""]",4219867551282804575555713745207195084479083490128089476173064689317697165449|68827609937713510437716335340257126028364114947168953090771472523137687854774,68827609937713510437716335340257126028364114947168953090771472523137687854774,No,True,0.6,1240.0,0.82,888.0,0.71,0.21999999999999997,20598e47f9c3fed995abf392b4bfe669745942c9,0.01,5,,1223.1453,
2026-03-05T00:48:42Z,UCL,235212,ucl-new-fcb1-2026-03-10-halftime-result,Newcastle United FC vs. FC Barcelona - Halftime Result,2026-02-27T22:19:24.868087Z,1457529,ucl-new-fcb1-2026-03-10-halftime-result-away,FC Barcelona leading at halftime?,0xbf16376510be6c43a882ddb17f5992aa1a9b36b4470577f5272fd3a96bb64919,"[""72989853273169635670847001255831383001876462556357908919934241748769293121943"", ""103814879303709116405048674150966463902107007944858609980691143961580077259841""]",72989853273169635670847001255831383001876462556357908919934241748769293121943|103814879303709116405048674150966463902107007944858609980691143961580077259841,72989853273169635670847001255831383001876462556357908919934241748769293121943,Yes,True,0.24,656.0,0.46,1332.0,0.35,0.22000000000000003,ef261e8c078f63e2487404622d5dd981514d6dc4,0.01,5,,1203.3597,
2026-03-05T00:48:42Z,UCL,235212,ucl-new-fcb1-2026-03-10-halftime-result,Newcastle United FC vs. FC Barcelona - Halftime Result,2026-02-27T22:19:24.868087Z,1457529,ucl-new-fcb1-2026-03-10-halftime-result-away,FC Barcelona leading at halftime?,0xbf16376510be6c43a882ddb17f5992aa1a9b36b4470577f5272fd3a96bb64919,"[""72989853273169635670847001255831383001876462556357908919934241748769293121943"", ""103814879303709116405048674150966463902107007944858609980691143961580077259841""]",72989853273169635670847001255831383001876462556357908919934241748769293121943|103814879303709116405048674150966463902107007944858609980691143961580077259841,103814879303709116405048674150966463902107007944858609980691143961580077259841,No,True,0.54,1332.0,0.76,656.0,0.65,0.21999999999999997,fc2d6461b81d435ac7169e4621f528230562ac66,0.01,5,,1203.3597,
2026-03-05T00:48:42Z,UCL,235212,ucl-new-fcb1-2026-03-10-halftime-result,Newcastle United FC vs. FC Barcelona - Halftime Result,2026-02-27T22:19:24.868087Z,1457528,ucl-new-fcb1-2026-03-10-halftime-result-draw,Newcastle United FC vs. FC Barcelona: Draw at halftime?,0x911b348ebe53f1276afbeb73f91c2cb416bd418ae985f48c98d8bcfe956be964,"[""105696971707595349333538050895168568095229618798894851672146315856389778684687"", ""106080585897622081983482297178251271543660263138547744014409770365969360707268""]",105696971707595349333538050895168568095229618798894851672146315856389778684687|106080585897622081983482297178251271543660263138547744014409770365969360707268,105696971707595349333538050895168568095229618798894851672146315856389778684687,Yes,True,0.26,990.0,0.48,1172.0,0.37,0.21999999999999997,2de0ca53228ae1131eb32816d776301f93d4938c,0.01,5,,1172.6122,
2026-03-05T00:48:42Z,UCL,235212,ucl-new-fcb1-2026-03-10-halftime-result,Newcastle United FC vs. FC Barcelona - Halftime Result,2026-02-27T22:19:24.868087Z,1457528,ucl-new-fcb1-2026-03-10-halftime-result-draw,Newcastle United FC vs. FC Barcelona: Draw at halftime?,0x911b348ebe53f1276afbeb73f91c2cb416bd418ae985f48c98d8bcfe956be964,"[""105696971707595349333538050895168568095229618798894851672146315856389778684687"", ""106080585897622081983482297178251271543660263138547744014409770365969360707268""]",105696971707595349333538050895168568095229618798894851672146315856389778684687|106080585897622081983482297178251271543660263138547744014409770365969360707268,106080585897622081983482297178251271543660263138547744014409770365969360707268,No,True,0.52,1172.0,0.74,990.0,0.63,0.21999999999999997,389c90a8bb858f1ed70b2ea8de38f426e943afb2,0.01,5,,1172.6122,
2026-03-05T00:48:42Z,UCL,235213,ucl-ata1-bay1-2026-03-10-halftime-result,Atalanta BC vs. FC Bayern München - Halftime Result,2026-02-27T21:09:16.90752Z,1457530,ucl-ata1-bay1-2026-03-10-halftime-result-home,Atalanta BC leading at halftime?,0xc7620866036fdcff7162285311a98e79f1144b0f0fd8586c292cb81e3ece677f,"[""16054959168615889930792105354477797079736604555776507663658263166039980274058"", ""61188989872150624483712386495871971803015612234027156729911260527409885636695""]",16054959168615889930792105354477797079736604555776507663658263166039980274058|61188989872150624483712386495871971803015612234027156729911260527409885636695,16054959168615889930792105354477797079736604555776507663658263166039980274058,Yes,True,0.05,23.0,0.29,820.0,0.16999999999999998,0.24,bc5a70a548b7dc169e731f70d46408eeee44b7a9,0.01,5,,814.4759,
2026-03-05T00:48:42Z,UCL,235213,ucl-ata1-bay1-2026-03-10-halftime-result,Atalanta BC vs. FC Bayern München - Halftime Result,2026-02-27T21:09:16.90752Z,1457530,ucl-ata1-bay1-2026-03-10-halftime-result-home,Atalanta BC leading at halftime?,0xc7620866036fdcff7162285311a98e79f1144b0f0fd8586c292cb81e3ece677f,"[""16054959168615889930792105354477797079736604555776507663658263166039980274058"", ""61188989872150624483712386495871971803015612234027156729911260527409885636695""]",16054959168615889930792105354477797079736604555776507663658263166039980274058|61188989872150624483712386495871971803015612234027156729911260527409885636695,61188989872150624483712386495871971803015612234027156729911260527409885636695,No,True,0.71,820.0,0.95,23.0,0.83,0.24,ec21b1ae554f9cfc230a0bf46e2a16c292934012,0.01,5,,814.4759,
2026-03-05T00:48:42Z,UCL,235213,ucl-ata1-bay1-2026-03-10-halftime-result,Atalanta BC vs. FC Bayern München - Halftime Result,2026-02-27T21:09:16.90752Z,1457531,ucl-ata1-bay1-2026-03-10-halftime-result-draw,Atalanta BC vs. FC Bayern München: Draw at halftime?,0xc282131bb2ee170d6af3b43c7792d9c738a6fd89ddd2f9a2534d2d82ca98f4a8,"[""14087251383578891544963044990807733313259742179266297085151999896588491356150"", ""21193248535802981092364581854377655125315449290927408546368729156456960870441""]",14087251383578891544963044990807733313259742179266297085151999896588491356150|21193248535802981092364581854377655125315449290927408546368729156456960870441,14087251383578891544963044990807733313259742179266297085151999896588491356150,Yes,True,0.25,777.0,0.44,1070.0,0.345,0.19,99fcaebb5d65eeae3def3e0429d45d8aaafa06d8,0.01,5,,1087.0829,
2026-03-05T00:48:42Z,UCL,235213,ucl-ata1-bay1-2026-03-10-halftime-result,Atalanta BC vs. FC Bayern München - Halftime Result,2026-02-27T21:09:16.90752Z,1457531,ucl-ata1-bay1-2026-03-10-halftime-result-draw,Atalanta BC vs. FC Bayern München: Draw at halftime?,0xc282131bb2ee170d6af3b43c7792d9c738a6fd89ddd2f9a2534d2d82ca98f4a8,"[""14087251383578891544963044990807733313259742179266297085151999896588491356150"", ""21193248535802981092364581854377655125315449290927408546368729156456960870441""]",14087251383578891544963044990807733313259742179266297085151999896588491356150|21193248535802981092364581854377655125315449290927408546368729156456960870441,21193248535802981092364581854377655125315449290927408546368729156456960870441,No,True,0.56,1070.0,0.75,777.0,0.655,0.18999999999999995,b5e50dfbf81343148dabf1df1ebe6a82b2c91811,0.01,5,,1087.0829,
2026-03-05T00:48:42Z,UCL,235213,ucl-ata1-bay1-2026-03-10-halftime-result,Atalanta BC vs. FC Bayern München - Halftime Result,2026-02-27T21:09:16.90752Z,1457532,ucl-ata1-bay1-2026-03-10-halftime-result-away,FC Bayern München leading at halftime?,0x1bd80a5d9e67752da4249eeb4e5f00917922b59e2848a9c1ccad9d796dc0c4ea,"[""17167955729311645235420195408273040108729514948673231162430710166304161940928"", ""107778122959025365906764808492200594968140650142749504772113256025186483305188""]",17167955729311645235420195408273040108729514948673231162430710166304161940928|107778122959025365906764808492200594968140650142749504772113256025186483305188,17167955729311645235420195408273040108729514948673231162430710166304161940928,Yes,True,0.41,330.0,0.49,8.23,0.44999999999999996,0.08000000000000002,dc08e1a936ab44e268e5e4413aefed0a7f6b419b,0.01,5,,918.7871,
2026-03-05T00:48:42Z,UCL,235213,ucl-ata1-bay1-2026-03-10-halftime-result,Atalanta BC vs. FC Bayern München - Halftime Result,2026-02-27T21:09:16.90752Z,1457532,ucl-ata1-bay1-2026-03-10-halftime-result-away,FC Bayern München leading at halftime?,0x1bd80a5d9e67752da4249eeb4e5f00917922b59e2848a9c1ccad9d796dc0c4ea,"[""17167955729311645235420195408273040108729514948673231162430710166304161940928"", ""107778122959025365906764808492200594968140650142749504772113256025186483305188""]",17167955729311645235420195408273040108729514948673231162430710166304161940928|107778122959025365906764808492200594968140650142749504772113256025186483305188,107778122959025365906764808492200594968140650142749504772113256025186483305188,No,True,0.51,8.23,0.59,330.0,0.55,0.07999999999999996,15378936b6e522c25a9cd105f6e889148a5da749,0.01,5,,918.7871,
2026-03-05T00:48:42Z,UCL,235214,ucl-atm1-tot-2026-03-10-halftime-result,Club Atlético de Madrid vs. Tottenham Hotspur FC - Halftime Result,2026-02-27T23:03:37.075697Z,1457535,ucl-atm1-tot-2026-03-10-halftime-result-away,Tottenham Hotspur FC leading at halftime?,0x374e735253c2c828d95eb0daebba2b0d6902e5139e11a290c928cb794795a045,"[""12629495148545652719695811867071343774355739281172582809320064385680079376685"", ""6183693597074520457274630462528067756253861649005374458414222674147799785686""]",12629495148545652719695811867071343774355739281172582809320064385680079376685|6183693597074520457274630462528067756253861649005374458414222674147799785686,12629495148545652719695811867071343774355739281172582809320064385680079376685,Yes,True,0.08,610.0,0.29,1145.0,0.185,0.20999999999999996,b5040f5f6382b090af37e9e42c56a5b90cfedc4f,0.01,5,,1192.4239,
2026-03-05T00:48:42Z,UCL,235214,ucl-atm1-tot-2026-03-10-halftime-result,Club Atlético de Madrid vs. Tottenham Hotspur FC - Halftime Result,2026-02-27T23:03:37.075697Z,1457535,ucl-atm1-tot-2026-03-10-halftime-result-away,Tottenham Hotspur FC leading at halftime?,0x374e735253c2c828d95eb0daebba2b0d6902e5139e11a290c928cb794795a045,"[""12629495148545652719695811867071343774355739281172582809320064385680079376685"", ""6183693597074520457274630462528067756253861649005374458414222674147799785686""]",12629495148545652719695811867071343774355739281172582809320064385680079376685|6183693597074520457274630462528067756253861649005374458414222674147799785686,6183693597074520457274630462528067756253861649005374458414222674147799785686,No,True,0.71,1145.0,0.92,610.0,0.815,0.21000000000000008,71125a41c6880c371e369b7358996960e061efc8,0.01,5,,1192.4239,
2026-03-05T00:48:42Z,UCL,235214,ucl-atm1-tot-2026-03-10-halftime-result,Club Atlético de Madrid vs. Tottenham Hotspur FC - Halftime Result,2026-02-27T23:03:37.075697Z,1457534,ucl-atm1-tot-2026-03-10-halftime-result-draw,Club Atlético de Madrid vs. Tottenham Hotspur FC: Draw at halftime?,0x50b8c63d3d10fa76197a6c3b3f0672350d1d97a2c400f4dad1e8349240755f67,"[""70904027668816877222579431700529853168797148856565039429849050712042199357109"", ""93504497078664509182252366960813004320076016055027250284830142221660704001597""]",70904027668816877222579431700529853168797148856565039429849050712042199357109|93504497078664509182252366960813004320076016055027250284830142221660704001597,70904027668816877222579431700529853168797148856565039429849050712042199357109,Yes,True,0.3,410.0,0.49,20.0,0.395,0.19,841a5706605240de3ad0dc6f782ab46a0ac8f67a,0.01,5,,975.7148,
2026-03-05T00:48:42Z,UCL,235214,ucl-atm1-tot-2026-03-10-halftime-result,Club Atlético de Madrid vs. Tottenham Hotspur FC - Halftime Result,2026-02-27T23:03:37.075697Z,1457534,ucl-atm1-tot-2026-03-10-halftime-result-draw,Club Atlético de Madrid vs. Tottenham Hotspur FC: Draw at halftime?,0x50b8c63d3d10fa76197a6c3b3f0672350d1d97a2c400f4dad1e8349240755f67,"[""70904027668816877222579431700529853168797148856565039429849050712042199357109"", ""93504497078664509182252366960813004320076016055027250284830142221660704001597""]",70904027668816877222579431700529853168797148856565039429849050712042199357109|93504497078664509182252366960813004320076016055027250284830142221660704001597,93504497078664509182252366960813004320076016055027250284830142221660704001597,No,True,0.51,20.0,0.7,410.0,0.605,0.18999999999999995,c2922472ea210d87bc497c033045c7f8f5e67294,0.01,5,,975.7148,
2026-03-05T00:48:42Z,UCL,235214,ucl-atm1-tot-2026-03-10-halftime-result,Club Atlético de Madrid vs. Tottenham Hotspur FC - Halftime Result,2026-02-27T23:03:37.075697Z,1457533,ucl-atm1-tot-2026-03-10-halftime-result-home,Club Atlético de Madrid leading at halftime?,0xe068c6e6c1d444daa9405acf816e688015739656bfd03ba2e706dba8b3d3264f,"[""18416476406672734495026764297346535026065529677500535422932451069475378814889"", ""29842892674940398853347227587868146731675041446006491162724910769672305922116""]",18416476406672734495026764297346535026065529677500535422932451069475378814889|29842892674940398853347227587868146731675041446006491162724910769672305922116,18416476406672734495026764297346535026065529677500535422932451069475378814889,Yes,True,0.33,500.0,0.54,20.0,0.43500000000000005,0.21000000000000002,9bf6533a6503bd54f09fe6d259e37f595ddaf9ab,0.01,5,,1106.8895,
2026-03-05T00:48:42Z,UCL,235214,ucl-atm1-tot-2026-03-10-halftime-result,Club Atlético de Madrid vs. Tottenham Hotspur FC - Halftime Result,2026-02-27T23:03:37.075697Z,1457533,ucl-atm1-tot-2026-03-10-halftime-result-home,Club Atlético de Madrid leading at halftime?,0xe068c6e6c1d444daa9405acf816e688015739656bfd03ba2e706dba8b3d3264f,"[""18416476406672734495026764297346535026065529677500535422932451069475378814889"", ""29842892674940398853347227587868146731675041446006491162724910769672305922116""]",18416476406672734495026764297346535026065529677500535422932451069475378814889|29842892674940398853347227587868146731675041446006491162724910769672305922116,29842892674940398853347227587868146731675041446006491162724910769672305922116,No,True,0.46,20.0,0.67,500.0,0.5650000000000001,0.21000000000000002,316f935f85373b4d4702486cc619e3673dc6292e,0.01,5,,1106.8895,
2026-03-05T00:48:42Z,UCL,235215,ucl-gal-liv1-2026-03-10-halftime-result,Galatasaray SK vs. Liverpool FC - Halftime Result,2026-02-27T21:13:12.622761Z,1457537,ucl-gal-liv1-2026-03-10-halftime-result-draw,Galatasaray SK vs. Liverpool FC: Draw at halftime?,0xf44eb9d034192613fe122d3733321fca5b78da0c95491085618f18b4578826b9,"[""2571250125464524397961959683622567461772320528886122052596563063319966818535"", ""3750354090951885537423877608296110427285325852758433252752845695707075182734""]",2571250125464524397961959683622567461772320528886122052596563063319966818535|3750354090951885537423877608296110427285325852758433252752845695707075182734,2571250125464524397961959683622567461772320528886122052596563063319966818535,Yes,True,0.28,660.0,0.47,6.0,0.375,0.18999999999999995,bf96cf921cbbb7804cdc75ab8f49803f0ede0640,0.01,5,,1028.7642,
2026-03-05T00:48:42Z,UCL,235215,ucl-gal-liv1-2026-03-10-halftime-result,Galatasaray SK vs. Liverpool FC - Halftime Result,2026-02-27T21:13:12.622761Z,1457537,ucl-gal-liv1-2026-03-10-halftime-result-draw,Galatasaray SK vs. Liverpool FC: Draw at halftime?,0xf44eb9d034192613fe122d3733321fca5b78da0c95491085618f18b4578826b9,"[""2571250125464524397961959683622567461772320528886122052596563063319966818535"", ""3750354090951885537423877608296110427285325852758433252752845695707075182734""]",2571250125464524397961959683622567461772320528886122052596563063319966818535|3750354090951885537423877608296110427285325852758433252752845695707075182734,3750354090951885537423877608296110427285325852758433252752845695707075182734,No,True,0.53,6.0,0.72,660.0,0.625,0.18999999999999995,3ada94337bceb353734e3c5f035c3c084aefc7c6,0.01,5,,1028.7642,
2026-03-05T00:48:42Z,UCL,235215,ucl-gal-liv1-2026-03-10-halftime-result,Galatasaray SK vs. Liverpool FC - Halftime Result,2026-02-27T21:13:12.622761Z,1457538,ucl-gal-liv1-2026-03-10-halftime-result-away,Liverpool FC leading at halftime?,0x9bb84cb667b858550f3e522f9e3fb791082dc3837c01b4e58523acae1dff1767,"[""111337276775792523061712215591543129630910135854878582585800450041263797567756"", ""57609577475775259503793639066046498347596212503612152683120515211272902287293""]",111337276775792523061712215591543129630910135854878582585800450041263797567756|57609577475775259503793639066046498347596212503612152683120515211272902287293,111337276775792523061712215591543129630910135854878582585800450041263797567756,Yes,True,0.33,200.0,0.49,12.0,0.41000000000000003,0.15999999999999998,8605ba9eeb95cecc12b98d842edea96972840142,0.01,5,,903.5336,
2026-03-05T00:48:42Z,UCL,235215,ucl-gal-liv1-2026-03-10-halftime-result,Galatasaray SK vs. Liverpool FC - Halftime Result,2026-02-27T21:13:12.622761Z,1457538,ucl-gal-liv1-2026-03-10-halftime-result-away,Liverpool FC leading at halftime?,0x9bb84cb667b858550f3e522f9e3fb791082dc3837c01b4e58523acae1dff1767,"[""111337276775792523061712215591543129630910135854878582585800450041263797567756"", ""57609577475775259503793639066046498347596212503612152683120515211272902287293""]",111337276775792523061712215591543129630910135854878582585800450041263797567756|57609577475775259503793639066046498347596212503612152683120515211272902287293,57609577475775259503793639066046498347596212503612152683120515211272902287293,No,True,0.51,12.0,0.67,200.0,0.5900000000000001,0.16000000000000003,46569bb1f3146154f07ee5e4b6b668e15ede5c1b,0.01,5,,903.5336,
2026-03-05T00:48:42Z,UCL,235215,ucl-gal-liv1-2026-03-10-halftime-result,Galatasaray SK vs. Liverpool FC - Halftime Result,2026-02-27T21:13:12.622761Z,1457536,ucl-gal-liv1-2026-03-10-halftime-result-home,Galatasaray SK leading at halftime?,0xd489174c41fe9c0f3c73c37e850a047a2e7c0f873558c3cf2367cbd7e530d3cf,"[""103571033136863644664765907569652506831709076004105503307107267661213052839305"", ""59845007117651804979426729038470582378967363557937073871753871352514395084954""]",103571033136863644664765907569652506831709076004105503307107267661213052839305|59845007117651804979426729038470582378967363557937073871753871352514395084954,103571033136863644664765907569652506831709076004105503307107267661213052839305,Yes,True,0.06,20.0,0.3,810.0,0.18,0.24,12efee0d2024591d56cdf4614cd2fa7de7e54bb0,0.01,5,,804.136,
2026-03-05T00:48:42Z,UCL,235215,ucl-gal-liv1-2026-03-10-halftime-result,Galatasaray SK vs. Liverpool FC - Halftime Result,2026-02-27T21:13:12.622761Z,1457536,ucl-gal-liv1-2026-03-10-halftime-result-home,Galatasaray SK leading at halftime?,0xd489174c41fe9c0f3c73c37e850a047a2e7c0f873558c3cf2367cbd7e530d3cf,"[""103571033136863644664765907569652506831709076004105503307107267661213052839305"", ""59845007117651804979426729038470582378967363557937073871753871352514395084954""]",103571033136863644664765907569652506831709076004105503307107267661213052839305|59845007117651804979426729038470582378967363557937073871753871352514395084954,59845007117651804979426729038470582378967363557937073871753871352514395084954,No,True,0.7,810.0,0.94,20.0,0.82,0.24,ea411b09237145e9d68cf8d8860d9e6e1bc07746,0.01,5,,804.136,
2026-03-05T00:48:42Z,UCL,246251,ucl-spo1-bog1-2026-03-17,Sporting CP vs. FK Bodø/Glimt,2026-03-04T19:05:33.226765Z,1500844,ucl-spo1-bog1-2026-03-17-spo1,Will Sporting CP win on 2026-03-17?,0x20a4a2962f298ff20d07c4027becce65d38edffa23722f2eed8243fa6118f54a,"[""61140652966863130348027495935215031496891607070352817033325685455006704238006"", ""30896643981009637917916026790364385324887012575174810915667519049582533415199""]",61140652966863130348027495935215031496891607070352817033325685455006704238006|30896643981009637917916026790364385324887012575174810915667519049582533415199,61140652966863130348027495935215031496891607070352817033325685455006704238006,Yes,True,0.41,1120.0,0.7,216.0,0.5549999999999999,0.29,afae593ff85e938d2af976c546f22ae9b678f026,0.01,5,,2013.3285,
2026-03-05T00:48:42Z,UCL,246251,ucl-spo1-bog1-2026-03-17,Sporting CP vs. FK Bodø/Glimt,2026-03-04T19:05:33.226765Z,1500844,ucl-spo1-bog1-2026-03-17-spo1,Will Sporting CP win on 2026-03-17?,0x20a4a2962f298ff20d07c4027becce65d38edffa23722f2eed8243fa6118f54a,"[""61140652966863130348027495935215031496891607070352817033325685455006704238006"", ""30896643981009637917916026790364385324887012575174810915667519049582533415199""]",61140652966863130348027495935215031496891607070352817033325685455006704238006|30896643981009637917916026790364385324887012575174810915667519049582533415199,30896643981009637917916026790364385324887012575174810915667519049582533415199,No,True,0.3,216.0,0.59,1120.0,0.44499999999999995,0.29,34d0e8e99c1073ce4011b868d5cf540efaa4c7dd,0.01,5,,2013.3285,
2026-03-05T00:48:42Z,UCL,246251,ucl-spo1-bog1-2026-03-17,Sporting CP vs. FK Bodø/Glimt,2026-03-04T19:05:33.226765Z,1500846,ucl-spo1-bog1-2026-03-17-draw,Will Sporting CP vs. FK Bodø/Glimt end in a draw?,0x4a708caafb3556f38faaf65cef232e18740b939f94533ba8e5c1df0bfbcf2dc3,"[""72429265217288858991511814047668837748469824491554767016144570850151659406562"", ""83238241352484562816748517808830572807590365947037773107858345360139026047745""]",72429265217288858991511814047668837748469824491554767016144570850151659406562|83238241352484562816748517808830572807590365947037773107858345360139026047745,72429265217288858991511814047668837748469824491554767016144570850151659406562,Yes,True,0.04,21.17,0.8,559.0,0.42000000000000004,0.76,09e8731b6a6e2ba87390ebec2bde52b98f5a469e,0.01,5,,606.3078,
2026-03-05T00:48:42Z,UCL,246251,ucl-spo1-bog1-2026-03-17,Sporting CP vs. FK Bodø/Glimt,2026-03-04T19:05:33.226765Z,1500846,ucl-spo1-bog1-2026-03-17-draw,Will Sporting CP vs. FK Bodø/Glimt end in a draw?,0x4a708caafb3556f38faaf65cef232e18740b939f94533ba8e5c1df0bfbcf2dc3,"[""72429265217288858991511814047668837748469824491554767016144570850151659406562"", ""83238241352484562816748517808830572807590365947037773107858345360139026047745""]",72429265217288858991511814047668837748469824491554767016144570850151659406562|83238241352484562816748517808830572807590365947037773107858345360139026047745,83238241352484562816748517808830572807590365947037773107858345360139026047745,No,True,0.2,559.0,0.96,21.17,0.58,0.76,5954d67f28c38d086f8b5648f161d4ac95982809,0.01,5,,606.3078,
2026-03-05T00:48:42Z,UCL,246251,ucl-spo1-bog1-2026-03-17,Sporting CP vs. FK Bodø/Glimt,2026-03-04T19:05:33.226765Z,1500848,ucl-spo1-bog1-2026-03-17-bog1,Will FK Bodø/Glimt win on 2026-03-17?,0x76057f1ce7f3cc1bca92f6bcfd5752fd205d2431540255a1c9685941c4c3c2f0,"[""81667796278564038256544977005416838662066952707140667017233596748247119767708"", ""115754533625424744034280951288955968951651358407854008442345186106400022243037""]",81667796278564038256544977005416838662066952707140667017233596748247119767708|115754533625424744034280951288955968951651358407854008442345186106400022243037,81667796278564038256544977005416838662066952707140667017233596748247119767708,Yes,True,0.04,18.29,0.36,836.0,0.19999999999999998,0.32,419f66af6189990e3f9c76c1376a0ea5a946e357,0.01,5,,2323.0622,
2026-03-05T00:48:42Z,UCL,246251,ucl-spo1-bog1-2026-03-17,Sporting CP vs. FK Bodø/Glimt,2026-03-04T19:05:33.226765Z,1500848,ucl-spo1-bog1-2026-03-17-bog1,Will FK Bodø/Glimt win on 2026-03-17?,0x76057f1ce7f3cc1bca92f6bcfd5752fd205d2431540255a1c9685941c4c3c2f0,"[""81667796278564038256544977005416838662066952707140667017233596748247119767708"", ""115754533625424744034280951288955968951651358407854008442345186106400022243037""]",81667796278564038256544977005416838662066952707140667017233596748247119767708|115754533625424744034280951288955968951651358407854008442345186106400022243037,115754533625424744034280951288955968951651358407854008442345186106400022243037,No,True,0.64,836.0,0.96,18.29,0.8,0.31999999999999995,828d8734455f81123885994d34e86efa3e9ccd5f,0.01,5,,2323.0622,
2026-03-05T00:48:42Z,UCL,246253,ucl-cfc1-psg1-2026-03-17,Chelsea FC vs. Paris Saint-Germain FC,2026-03-04T19:05:33.202296Z,1500851,ucl-cfc1-psg1-2026-03-17-cfc1,Will Chelsea FC win on 2026-03-17?,0x0f897962828b30476bcb321821f341964e6633923f3d97d36039a53c4dff143b,"[""56817997803930189621621678482938928447956973865815474481042328008173861838753"", ""20602169730357470459553808928210865653293638873943342723222949937173619709192""]",56817997803930189621621678482938928447956973865815474481042328008173861838753|20602169730357470459553808928210865653293638873943342723222949937173619709192,56817997803930189621621678482938928447956973865815474481042328008173861838753,Yes,True,0.25,2010.0,0.84,256.2,0.5449999999999999,0.59,f64b00a142bac9883162b5d95eae3b6c03ffd123,0.01,5,,1901.7474,
2026-03-05T00:48:42Z,UCL,246253,ucl-cfc1-psg1-2026-03-17,Chelsea FC vs. Paris Saint-Germain FC,2026-03-04T19:05:33.202296Z,1500851,ucl-cfc1-psg1-2026-03-17-cfc1,Will Chelsea FC win on 2026-03-17?,0x0f897962828b30476bcb321821f341964e6633923f3d97d36039a53c4dff143b,"[""56817997803930189621621678482938928447956973865815474481042328008173861838753"", ""20602169730357470459553808928210865653293638873943342723222949937173619709192""]",56817997803930189621621678482938928447956973865815474481042328008173861838753|20602169730357470459553808928210865653293638873943342723222949937173619709192,20602169730357470459553808928210865653293638873943342723222949937173619709192,No,True,0.16,256.2,0.75,2010.0,0.455,0.59,5468eb845b3471b095bd3f8ff80a0843a9952a40,0.01,5,,1901.7474,
2026-03-05T00:48:42Z,UCL,246253,ucl-cfc1-psg1-2026-03-17,Chelsea FC vs. Paris Saint-Germain FC,2026-03-04T19:05:33.202296Z,1500852,ucl-cfc1-psg1-2026-03-17-draw,Will Chelsea FC vs. Paris Saint-Germain FC end in a draw?,0x867ff15515d497a010cf5c0f5521fd793aadb2ac2d8deacd5835aea720693f92,"[""58718726174364621310521815907469929023493927093514361785699287934182852040113"", ""93327514402822448360723807020761142436789230082395299188422430662633975449362""]",58718726174364621310521815907469929023493927093514361785699287934182852040113|93327514402822448360723807020761142436789230082395299188422430662633975449362,58718726174364621310521815907469929023493927093514361785699287934182852040113,Yes,True,0.04,20.87,0.77,560.0,0.405,0.73,a791795bb0073042e6ef1bf67b6b9c1ae7ed859a,0.01,5,,641.5998,
2026-03-05T00:48:42Z,UCL,246253,ucl-cfc1-psg1-2026-03-17,Chelsea FC vs. Paris Saint-Germain FC,2026-03-04T19:05:33.202296Z,1500852,ucl-cfc1-psg1-2026-03-17-draw,Will Chelsea FC vs. Paris Saint-Germain FC end in a draw?,0x867ff15515d497a010cf5c0f5521fd793aadb2ac2d8deacd5835aea720693f92,"[""58718726174364621310521815907469929023493927093514361785699287934182852040113"", ""93327514402822448360723807020761142436789230082395299188422430662633975449362""]",58718726174364621310521815907469929023493927093514361785699287934182852040113|93327514402822448360723807020761142436789230082395299188422430662633975449362,93327514402822448360723807020761142436789230082395299188422430662633975449362,No,True,0.23,560.0,0.96,20.87,0.595,0.73,680de6bae41b532c6d16016568f557f5e9dec5a6,0.01,5,,641.5998,
2026-03-05T00:48:42Z,UCL,246253,ucl-cfc1-psg1-2026-03-17,Chelsea FC vs. Paris Saint-Germain FC,2026-03-04T19:05:33.202296Z,1500853,ucl-cfc1-psg1-2026-03-17-psg1,Will Paris Saint-Germain FC win on 2026-03-17?,0x1e1c16b26272fc44cca2a24bc036a8d6701e2039995aac09f37f278851972312,"[""44111445313965949875646902229843929924317743459760140113673086381666707007527"", ""6910416310535395577408336024712601166295550176652088289768845973361802866784""]",44111445313965949875646902229843929924317743459760140113673086381666707007527|6910416310535395577408336024712601166295550176652088289768845973361802866784,44111445313965949875646902229843929924317743459760140113673086381666707007527,Yes,True,0.09,255.83,0.81,571.25,0.45,0.7200000000000001,a69a92ec5ca97553d401669c47928ce0829cdace,0.01,5,,618.8476,
2026-03-05T00:48:42Z,UCL,246253,ucl-cfc1-psg1-2026-03-17,Chelsea FC vs. Paris Saint-Germain FC,2026-03-04T19:05:33.202296Z,1500853,ucl-cfc1-psg1-2026-03-17-psg1,Will Paris Saint-Germain FC win on 2026-03-17?,0x1e1c16b26272fc44cca2a24bc036a8d6701e2039995aac09f37f278851972312,"[""44111445313965949875646902229843929924317743459760140113673086381666707007527"", ""6910416310535395577408336024712601166295550176652088289768845973361802866784""]",44111445313965949875646902229843929924317743459760140113673086381666707007527|6910416310535395577408336024712601166295550176652088289768845973361802866784,6910416310535395577408336024712601166295550176652088289768845973361802866784,No,True,0.19,571.25,0.91,255.83,0.55,0.72,701ebdd1e4e46fb227ea35f1c0619ab13ec709fa,0.01,5,,618.8476,
2026-03-05T00:48:42Z,UCL,246254,ucl-mnc1-rma1-2026-03-17,Manchester City FC vs. Real Madrid CF,2026-03-04T19:08:11.517786Z,1500859,ucl-mnc1-rma1-2026-03-17-mnc1,Will Manchester City FC win on 2026-03-17?,0x02a64b7c7ddb3f8fa184e42f4f00e005bf28c183c756fe2712b15ea033cf275b,"[""93088875585442681803007077559405922313048382254935516642860307964213720037932"", ""53183987403358180765115966942088302199360350633011629838251321531415886194959""]",93088875585442681803007077559405922313048382254935516642860307964213720037932|53183987403358180765115966942088302199360350633011629838251321531415886194959,93088875585442681803007077559405922313048382254935516642860307964213720037932,Yes,True,0.46,980.0,0.84,201.73,0.65,0.37999999999999995,cfc137d9191e5e18e0e670b11f5315e12e3aaeca,0.01,5,,1873.4473,
2026-03-05T00:48:42Z,UCL,246254,ucl-mnc1-rma1-2026-03-17,Manchester City FC vs. Real Madrid CF,2026-03-04T19:08:11.517786Z,1500859,ucl-mnc1-rma1-2026-03-17-mnc1,Will Manchester City FC win on 2026-03-17?,0x02a64b7c7ddb3f8fa184e42f4f00e005bf28c183c756fe2712b15ea033cf275b,"[""93088875585442681803007077559405922313048382254935516642860307964213720037932"", ""53183987403358180765115966942088302199360350633011629838251321531415886194959""]",93088875585442681803007077559405922313048382254935516642860307964213720037932|53183987403358180765115966942088302199360350633011629838251321531415886194959,53183987403358180765115966942088302199360350633011629838251321531415886194959,No,True,0.16,201.73,0.54,980.0,0.35000000000000003,0.38,0b1523dbeb74ee6616b0df4a3ff1306ea81f9fb4,0.01,5,,1873.4473,
2026-03-05T00:48:42Z,UCL,246254,ucl-mnc1-rma1-2026-03-17,Manchester City FC vs. Real Madrid CF,2026-03-04T19:08:11.517786Z,1500860,ucl-mnc1-rma1-2026-03-17-draw,Will Manchester City FC vs. Real Madrid CF end in a draw?,0x61a77b110f816c3464b1f2581c2a6da984b190a83ea0834451852ee7e4ebceff,"[""95487646568849577210554203777265189565956273223905606855527886973693209233146"", ""33124365200051520418072957728452545714564326425529734488317382623390745054479""]",95487646568849577210554203777265189565956273223905606855527886973693209233146|33124365200051520418072957728452545714564326425529734488317382623390745054479,95487646568849577210554203777265189565956273223905606855527886973693209233146,Yes,True,0.04,20.92,0.76,567.0,0.4,0.72,b46c00c46c23d164b76e5d60f6df01248ff9bbb4,0.01,5,,597.5666,
2026-03-05T00:48:42Z,UCL,246254,ucl-mnc1-rma1-2026-03-17,Manchester City FC vs. Real Madrid CF,2026-03-04T19:08:11.517786Z,1500860,ucl-mnc1-rma1-2026-03-17-draw,Will Manchester City FC vs. Real Madrid CF end in a draw?,0x61a77b110f816c3464b1f2581c2a6da984b190a83ea0834451852ee7e4ebceff,"[""95487646568849577210554203777265189565956273223905606855527886973693209233146"", ""33124365200051520418072957728452545714564326425529734488317382623390745054479""]",95487646568849577210554203777265189565956273223905606855527886973693209233146|33124365200051520418072957728452545714564326425529734488317382623390745054479,33124365200051520418072957728452545714564326425529734488317382623390745054479,No,True,0.24,567.0,0.96,20.92,0.6,0.72,a4f3d80fb31e1424a074422d4e03aae3410d6a78,0.01,5,,597.5666,
2026-03-05T00:48:42Z,UCL,246254,ucl-mnc1-rma1-2026-03-17,Manchester City FC vs. Real Madrid CF,2026-03-04T19:08:11.517786Z,1500861,ucl-mnc1-rma1-2026-03-17-rma1,Will Real Madrid CF win on 2026-03-17?,0xe263512d005141b9056d1769de04030b6c772afd4fe2243c977369874ed862f0,"[""55723009503764906852137229221196982431481755148351124868578754295303789980602"", ""47806433732216316396013338057248543472356491209232315417216759322921207990528""]",55723009503764906852137229221196982431481755148351124868578754295303789980602|47806433732216316396013338057248543472356491209232315417216759322921207990528,55723009503764906852137229221196982431481755148351124868578754295303789980602,Yes,True,0.06,7.97,0.3,1467.0,0.18,0.24,48469ade2328df5364ebab0e50c7261dbe9fae8f,0.01,5,,2908.2656,
2026-03-05T00:48:42Z,UCL,246254,ucl-mnc1-rma1-2026-03-17,Manchester City FC vs. Real Madrid CF,2026-03-04T19:08:11.517786Z,1500861,ucl-mnc1-rma1-2026-03-17-rma1,Will Real Madrid CF win on 2026-03-17?,0xe263512d005141b9056d1769de04030b6c772afd4fe2243c977369874ed862f0,"[""55723009503764906852137229221196982431481755148351124868578754295303789980602"", ""47806433732216316396013338057248543472356491209232315417216759322921207990528""]",55723009503764906852137229221196982431481755148351124868578754295303789980602|47806433732216316396013338057248543472356491209232315417216759322921207990528,47806433732216316396013338057248543472356491209232315417216759322921207990528,No,True,0.7,1467.0,0.94,7.97,0.82,0.24,4ee74be6cdeddf4e65041d9e677dc221dab9225b,0.01,5,,2908.2656,
2026-03-05T00:48:42Z,UCL,246257,ucl-ars-lev-2026-03-17,Arsenal FC vs. Bayer 04 Leverkusen,2026-03-04T19:08:11.52019Z,1500868,ucl-ars-lev-2026-03-17-ars,Will Arsenal FC win on 2026-03-17?,0x0acc977e03bddcd667e5f6c3bfa1397790dd22525b64703abe71d8b4cdefab83,"[""108880650012405308230310790426893511945577423523009394904421019220163446158055"", ""64257471701797699777503985733234349140298320365033392513399004687214600471206""]",108880650012405308230310790426893511945577423523009394904421019220163446158055|64257471701797699777503985733234349140298320365033392513399004687214600471206,108880650012405308230310790426893511945577423523009394904421019220163446158055,Yes,True,0.63,780.0,0.78,266.0,0.7050000000000001,0.15000000000000002,1227949a82c22afac316304e6d8270137fe7cf00,0.01,5,,2394.4409,
2026-03-05T00:48:42Z,UCL,246257,ucl-ars-lev-2026-03-17,Arsenal FC vs. Bayer 04 Leverkusen,2026-03-04T19:08:11.52019Z,1500868,ucl-ars-lev-2026-03-17-ars,Will Arsenal FC win on 2026-03-17?,0x0acc977e03bddcd667e5f6c3bfa1397790dd22525b64703abe71d8b4cdefab83,"[""108880650012405308230310790426893511945577423523009394904421019220163446158055"", ""64257471701797699777503985733234349140298320365033392513399004687214600471206""]",108880650012405308230310790426893511945577423523009394904421019220163446158055|64257471701797699777503985733234349140298320365033392513399004687214600471206,64257471701797699777503985733234349140298320365033392513399004687214600471206,No,True,0.22,266.0,0.37,780.0,0.295,0.15,dd764bb284850e3cf527a76c3ad5f51c0626647e,0.01,5,,2394.4409,
2026-03-05T00:48:42Z,UCL,246257,ucl-ars-lev-2026-03-17,Arsenal FC vs. Bayer 04 Leverkusen,2026-03-04T19:08:11.52019Z,1500869,ucl-ars-lev-2026-03-17-draw,Will Arsenal FC vs. Bayer 04 Leverkusen end in a draw?,0xdd2e20f374b80b0d545d8bef8a0144aa4673a8ee3a49bfe619d12250c1def0b9,"[""980353891091935392163843458159224612118943371316549619660099315502689148058"", ""18023906028415527358177718920544071393118791118760868711046129913392881517481""]",980353891091935392163843458159224612118943371316549619660099315502689148058|18023906028415527358177718920544071393118791118760868711046129913392881517481,980353891091935392163843458159224612118943371316549619660099315502689148058,Yes,True,0.07,256.21,0.35,491.0,0.21,0.27999999999999997,420c055381c98b4fb3419e15f64cd91c9ed79cb4,0.01,5,,1868.037,
2026-03-05T00:48:42Z,UCL,246257,ucl-ars-lev-2026-03-17,Arsenal FC vs. Bayer 04 Leverkusen,2026-03-04T19:08:11.52019Z,1500869,ucl-ars-lev-2026-03-17-draw,Will Arsenal FC vs. Bayer 04 Leverkusen end in a draw?,0xdd2e20f374b80b0d545d8bef8a0144aa4673a8ee3a49bfe619d12250c1def0b9,"[""980353891091935392163843458159224612118943371316549619660099315502689148058"", ""18023906028415527358177718920544071393118791118760868711046129913392881517481""]",980353891091935392163843458159224612118943371316549619660099315502689148058|18023906028415527358177718920544071393118791118760868711046129913392881517481,18023906028415527358177718920544071393118791118760868711046129913392881517481,No,True,0.65,491.0,0.93,256.21,0.79,0.28,e4d33319dd7bfe715524891872c5af7107186d29,0.01,5,,1868.037,
2026-03-05T00:48:42Z,UCL,246257,ucl-ars-lev-2026-03-17,Arsenal FC vs. Bayer 04 Leverkusen,2026-03-04T19:08:11.52019Z,1500870,ucl-ars-lev-2026-03-17-lev,Will Bayer 04 Leverkusen win on 2026-03-17?,0x277a1851d0bc6a13b0ab258d81117ccaef7824a11fc12d463e3cc4df2068311a,"[""89752872295420908186397779588408998530110254457318197087057289333082954280496"", ""26303869752905588873713697402652519137620819959606449995796246916878439609536""]",89752872295420908186397779588408998530110254457318197087057289333082954280496|26303869752905588873713697402652519137620819959606449995796246916878439609536,89752872295420908186397779588408998530110254457318197087057289333082954280496,Yes,True,0.04,14.49,0.15,1250.0,0.095,0.10999999999999999,526c97931d61cc664d59b0d78785aac59a2cec1c,0.01,5,,2070.1418,
2026-03-05T00:48:42Z,UCL,246257,ucl-ars-lev-2026-03-17,Arsenal FC vs. Bayer 04 Leverkusen,2026-03-04T19:08:11.52019Z,1500870,ucl-ars-lev-2026-03-17-lev,Will Bayer 04 Leverkusen win on 2026-03-17?,0x277a1851d0bc6a13b0ab258d81117ccaef7824a11fc12d463e3cc4df2068311a,"[""89752872295420908186397779588408998530110254457318197087057289333082954280496"", ""26303869752905588873713697402652519137620819959606449995796246916878439609536""]",89752872295420908186397779588408998530110254457318197087057289333082954280496|26303869752905588873713697402652519137620819959606449995796246916878439609536,26303869752905588873713697402652519137620819959606449995796246916878439609536,No,True,0.85,1250.0,0.96,14.49,0.905,0.10999999999999999,d599cce7dad61855b1c0ac8beb4a01bd0ea67197,0.01,5,,2070.1418,
2026-03-05T00:48:42Z,UCL,246258,ucl-fcb1-new-2026-03-18,FC Barcelona vs. Newcastle United FC,2026-03-04T19:05:34.057616Z,1500871,ucl-fcb1-new-2026-03-18-fcb1,Will FC Barcelona win on 2026-03-18?,0x75f980e82c6233c7335782d96795af32adf66f06755d9facf39cb1fe4573234d,"[""25845698069276681239322469386443883416410519536634919674407031744557375519521"", ""69055387269888828411001457624243989024790693969544659042246354718590314893370""]",25845698069276681239322469386443883416410519536634919674407031744557375519521|69055387269888828411001457624243989024790693969544659042246354718590314893370,25845698069276681239322469386443883416410519536634919674407031744557375519521,Yes,True,0.42,1200.0,0.82,250.0,0.62,0.39999999999999997,6f577a901431c052fd41a27f122bbbef36a13c92,0.01,5,,2215.9129,
2026-03-05T00:48:42Z,UCL,246258,ucl-fcb1-new-2026-03-18,FC Barcelona vs. Newcastle United FC,2026-03-04T19:05:34.057616Z,1500871,ucl-fcb1-new-2026-03-18-fcb1,Will FC Barcelona win on 2026-03-18?,0x75f980e82c6233c7335782d96795af32adf66f06755d9facf39cb1fe4573234d,"[""25845698069276681239322469386443883416410519536634919674407031744557375519521"", ""69055387269888828411001457624243989024790693969544659042246354718590314893370""]",25845698069276681239322469386443883416410519536634919674407031744557375519521|69055387269888828411001457624243989024790693969544659042246354718590314893370,69055387269888828411001457624243989024790693969544659042246354718590314893370,No,True,0.18,250.0,0.58,1200.0,0.38,0.39999999999999997,381ecd53358b6bb5799fde06a753e18f9bb1f1f7,0.01,5,,2215.9129,
2026-03-05T00:48:42Z,UCL,246258,ucl-fcb1-new-2026-03-18,FC Barcelona vs. Newcastle United FC,2026-03-04T19:05:34.057616Z,1500872,ucl-fcb1-new-2026-03-18-draw,Will FC Barcelona vs. Newcastle United FC end in a draw?,0x6e191c3d989cd14a35a974447fc1c3fa8af2c52788aa87fb0e1bae9c7d827c58,"[""62044943196802298927923176049685192552275044572461808672117088982688479732581"", ""102118412528009125322843642923672531816729474304456875017423387987401209913908""]",62044943196802298927923176049685192552275044572461808672117088982688479732581|102118412528009125322843642923672531816729474304456875017423387987401209913908,62044943196802298927923176049685192552275044572461808672117088982688479732581,Yes,True,0.04,20.26,0.77,560.0,0.405,0.73,82e6f07e4f35eb0a69af87f96f0a8acb99b82613,0.01,5,,579.3411,
2026-03-05T00:48:42Z,UCL,246258,ucl-fcb1-new-2026-03-18,FC Barcelona vs. Newcastle United FC,2026-03-04T19:05:34.057616Z,1500872,ucl-fcb1-new-2026-03-18-draw,Will FC Barcelona vs. Newcastle United FC end in a draw?,0x6e191c3d989cd14a35a974447fc1c3fa8af2c52788aa87fb0e1bae9c7d827c58,"[""62044943196802298927923176049685192552275044572461808672117088982688479732581"", ""102118412528009125322843642923672531816729474304456875017423387987401209913908""]",62044943196802298927923176049685192552275044572461808672117088982688479732581|102118412528009125322843642923672531816729474304456875017423387987401209913908,102118412528009125322843642923672531816729474304456875017423387987401209913908,No,True,0.23,560.0,0.96,20.26,0.595,0.73,7a3de3eed3e18e9d18c6ade180eca3940582c208,0.01,5,,579.3411,
2026-03-05T00:48:42Z,UCL,246258,ucl-fcb1-new-2026-03-18,FC Barcelona vs. Newcastle United FC,2026-03-04T19:05:34.057616Z,1500873,ucl-fcb1-new-2026-03-18-new,Will Newcastle United FC win on 2026-03-18?,0x76e5a87afef5a286ac9c62afabf6b901ec65ef9ec66d90f4e4dbb99b95c743aa,"[""30909379099359904747245604913983590810498426007022367682132051536234269899376"", ""10879850261049799574225633937459188746745940585829428018673792886740975338746""]",30909379099359904747245604913983590810498426007022367682132051536234269899376|10879850261049799574225633937459188746745940585829428018673792886740975338746,30909379099359904747245604913983590810498426007022367682132051536234269899376,Yes,True,0.07,5.42,0.33,1520.0,0.2,0.26,e491fb0dd9dc50c1e9ae51b21dd19c51fb9fe43f,0.01,5,,2502.1062,
2026-03-05T00:48:42Z,UCL,246258,ucl-fcb1-new-2026-03-18,FC Barcelona vs. Newcastle United FC,2026-03-04T19:05:34.057616Z,1500873,ucl-fcb1-new-2026-03-18-new,Will Newcastle United FC win on 2026-03-18?,0x76e5a87afef5a286ac9c62afabf6b901ec65ef9ec66d90f4e4dbb99b95c743aa,"[""30909379099359904747245604913983590810498426007022367682132051536234269899376"", ""10879850261049799574225633937459188746745940585829428018673792886740975338746""]",30909379099359904747245604913983590810498426007022367682132051536234269899376|10879850261049799574225633937459188746745940585829428018673792886740975338746,10879850261049799574225633937459188746745940585829428018673792886740975338746,No,True,0.67,1520.0,0.93,5.42,0.8,0.26,84ad759f3a1955c3c23fbac05b0e9ce3122118c4,0.01,5,,2502.1062,
2026-03-05T00:48:42Z,UCL,246279,ucl-fcb1-new-2026-03-18-more-markets,FC Barcelona vs. Newcastle United FC - More Markets,2026-03-04T19:18:23.406713Z,1500927,ucl-fcb1-new-2026-03-18-spread-home-1pt5,Spread: FC Barcelona (-1.5),0xb6c9e1c6dacd28997608f13ea99541226fc102cd11a58df794a903643aa5d20a,"[""47691517791691499361770389916202819977443983462497725971236966612409008510762"", ""18902964845349206097236171579999613671805003428599745471043111755028875354737""]",47691517791691499361770389916202819977443983462497725971236966612409008510762|18902964845349206097236171579999613671805003428599745471043111755028875354737,47691517791691499361770389916202819977443983462497725971236966612409008510762,FC Barcelona,True,0.07,8.41,0.96,34.84,0.515,0.8899999999999999,a6cfb1667ee57438f1211d397fccf4ecb1430cd5,0.01,5,,47.3785,
2026-03-05T00:48:42Z,UCL,246279,ucl-fcb1-new-2026-03-18-more-markets,FC Barcelona vs. Newcastle United FC - More Markets,2026-03-04T19:18:23.406713Z,1500927,ucl-fcb1-new-2026-03-18-spread-home-1pt5,Spread: FC Barcelona (-1.5),0xb6c9e1c6dacd28997608f13ea99541226fc102cd11a58df794a903643aa5d20a,"[""47691517791691499361770389916202819977443983462497725971236966612409008510762"", ""18902964845349206097236171579999613671805003428599745471043111755028875354737""]",47691517791691499361770389916202819977443983462497725971236966612409008510762|18902964845349206097236171579999613671805003428599745471043111755028875354737,18902964845349206097236171579999613671805003428599745471043111755028875354737,Newcastle United FC,True,0.04,34.84,0.93,8.41,0.48500000000000004,0.89,2745ce77965f53cc04f8bf5cdf4a2feccbb8740a,0.01,5,,47.3785,
2026-03-05T00:48:42Z,UCL,246279,ucl-fcb1-new-2026-03-18-more-markets,FC Barcelona vs. Newcastle United FC - More Markets,2026-03-04T19:18:23.406713Z,1500928,ucl-fcb1-new-2026-03-18-spread-away-1pt5,Spread: Newcastle United FC (-1.5),0x2340286357835b34e8378a81f5082f0f3c62b294b788695e3cfd778e081ec1dc,"[""79509353106480846099295991936656021092191101326925668097667105608739325636803"", ""86215910423068987203516939896192537826446687030930199854693903030659918114425""]",79509353106480846099295991936656021092191101326925668097667105608739325636803|86215910423068987203516939896192537826446687030930199854693903030659918114425,79509353106480846099295991936656021092191101326925668097667105608739325636803,Newcastle United FC,True,0.03,50.37,0.92,9.68,0.47500000000000003,0.89,9e24997392c9329cdb41e2a1119febf9d4129fba,0.01,5,,44.0628,
2026-03-05T00:48:42Z,UCL,246279,ucl-fcb1-new-2026-03-18-more-markets,FC Barcelona vs. Newcastle United FC - More Markets,2026-03-04T19:18:23.406713Z,1500928,ucl-fcb1-new-2026-03-18-spread-away-1pt5,Spread: Newcastle United FC (-1.5),0x2340286357835b34e8378a81f5082f0f3c62b294b788695e3cfd778e081ec1dc,"[""79509353106480846099295991936656021092191101326925668097667105608739325636803"", ""86215910423068987203516939896192537826446687030930199854693903030659918114425""]",79509353106480846099295991936656021092191101326925668097667105608739325636803|86215910423068987203516939896192537826446687030930199854693903030659918114425,86215910423068987203516939896192537826446687030930199854693903030659918114425,FC Barcelona,True,0.08,9.68,0.97,50.37,0.525,0.89,1c0b5701edeb2b30eefc0c2b6a7d506999035f10,0.01,5,,44.0628,
2026-03-05T00:48:42Z,UCL,246279,ucl-fcb1-new-2026-03-18-more-markets,FC Barcelona vs. Newcastle United FC - More Markets,2026-03-04T19:18:23.406713Z,1500929,ucl-fcb1-new-2026-03-18-spread-home-2pt5,Spread: FC Barcelona (-2.5),0x1c11d56e661ad3e3a7c72f7b532ac7d430bbe3499dc1dd6b6a59a2c39ea7f826,"[""66152352862529294525184782818732493667819645735875814510592139204408757208962"", ""35676669272254618318669192960166471215160870539058729843935833018990265944262""]",66152352862529294525184782818732493667819645735875814510592139204408757208962|35676669272254618318669192960166471215160870539058729843935833018990265944262,66152352862529294525184782818732493667819645735875814510592139204408757208962,FC Barcelona,True,0.03,50.67,0.92,10.95,0.47500000000000003,0.89,270571a57f009d43dcd77d5f3d5dcea6ae5d29f9,0.01,5,,53.5673,
2026-03-05T00:48:42Z,UCL,246279,ucl-fcb1-new-2026-03-18-more-markets,FC Barcelona vs. Newcastle United FC - More Markets,2026-03-04T19:18:23.406713Z,1500929,ucl-fcb1-new-2026-03-18-spread-home-2pt5,Spread: FC Barcelona (-2.5),0x1c11d56e661ad3e3a7c72f7b532ac7d430bbe3499dc1dd6b6a59a2c39ea7f826,"[""66152352862529294525184782818732493667819645735875814510592139204408757208962"", ""35676669272254618318669192960166471215160870539058729843935833018990265944262""]",66152352862529294525184782818732493667819645735875814510592139204408757208962|35676669272254618318669192960166471215160870539058729843935833018990265944262,35676669272254618318669192960166471215160870539058729843935833018990265944262,Newcastle United FC,True,0.08,10.95,0.97,50.67,0.525,0.89,7ed3e72e3a4f33ffe11a1ce973b3160d9311c82e,0.01,5,,53.5673,
2026-03-05T00:48:42Z,UCL,246279,ucl-fcb1-new-2026-03-18-more-markets,FC Barcelona vs. Newcastle United FC - More Markets,2026-03-04T19:18:23.406713Z,1500930,ucl-fcb1-new-2026-03-18-spread-away-2pt5,Spread: Newcastle United FC (-2.5),0x75107f07256dd47d8f4266ba1570d4a4b076d3d54933964f851d5a6db507dee8,"[""55055847531222187691519252365695088563020728930864235457700871946715507014600"", ""100668226105545637893661603189809542882997674109581135473466607602880515102490""]",55055847531222187691519252365695088563020728930864235457700871946715507014600|100668226105545637893661603189809542882997674109581135473466607602880515102490,55055847531222187691519252365695088563020728930864235457700871946715507014600,Newcastle United FC,True,0.07,8.88,0.96,34.35,0.515,0.8899999999999999,22c7782f84fec809abc4791f79b037e67c0ad727,0.01,5,,44.2869,
2026-03-05T00:48:42Z,UCL,246279,ucl-fcb1-new-2026-03-18-more-markets,FC Barcelona vs. Newcastle United FC - More Markets,2026-03-04T19:18:23.406713Z,1500930,ucl-fcb1-new-2026-03-18-spread-away-2pt5,Spread: Newcastle United FC (-2.5),0x75107f07256dd47d8f4266ba1570d4a4b076d3d54933964f851d5a6db507dee8,"[""55055847531222187691519252365695088563020728930864235457700871946715507014600"", ""100668226105545637893661603189809542882997674109581135473466607602880515102490""]",55055847531222187691519252365695088563020728930864235457700871946715507014600|100668226105545637893661603189809542882997674109581135473466607602880515102490,100668226105545637893661603189809542882997674109581135473466607602880515102490,FC Barcelona,True,0.04,34.35,0.93,8.88,0.48500000000000004,0.89,249f288cc416ac0a01c0124fd8c685bba0c31700,0.01,5,,44.2869,
2026-03-05T00:48:42Z,UCL,246279,ucl-fcb1-new-2026-03-18-more-markets,FC Barcelona vs. Newcastle United FC - More Markets,2026-03-04T19:18:23.406713Z,1500931,ucl-fcb1-new-2026-03-18-total-1pt5,FC Barcelona vs. Newcastle United FC: O/U 1.5,0xbb63da0ef45e1028bd33fe8c0e1b7e8c61fe34bc944da8db953e21affc8f2428,"[""107339505312164514310387629119084795370856734730994086419021346784551753658708"", ""62429014444844414807416597963581254242304667813078274106978765390994488536966""]",107339505312164514310387629119084795370856734730994086419021346784551753658708|62429014444844414807416597963581254242304667813078274106978765390994488536966,107339505312164514310387629119084795370856734730994086419021346784551753658708,Over,True,0.04,14.78,0.92,8.93,0.48000000000000004,0.88,59d6968bfda2e2397c8a9b275be6865d1b7848e0,0.01,5,,23.234,
2026-03-05T00:48:42Z,UCL,246279,ucl-fcb1-new-2026-03-18-more-markets,FC Barcelona vs. Newcastle United FC - More Markets,2026-03-04T19:18:23.406713Z,1500931,ucl-fcb1-new-2026-03-18-total-1pt5,FC Barcelona vs. Newcastle United FC: O/U 1.5,0xbb63da0ef45e1028bd33fe8c0e1b7e8c61fe34bc944da8db953e21affc8f2428,"[""107339505312164514310387629119084795370856734730994086419021346784551753658708"", ""62429014444844414807416597963581254242304667813078274106978765390994488536966""]",107339505312164514310387629119084795370856734730994086419021346784551753658708|62429014444844414807416597963581254242304667813078274106978765390994488536966,62429014444844414807416597963581254242304667813078274106978765390994488536966,Under,True,0.08,8.93,0.96,14.78,0.52,0.88,142af33ccc0a79f3a03a6ba8841a4a228ed7c3d9,0.01,5,,23.234,
2026-03-05T00:48:42Z,UCL,246279,ucl-fcb1-new-2026-03-18-more-markets,FC Barcelona vs. Newcastle United FC - More Markets,2026-03-04T19:18:23.406713Z,1500932,ucl-fcb1-new-2026-03-18-total-2pt5,FC Barcelona vs. Newcastle United FC: O/U 2.5,0x71d6a82d95d585adf288cb822c6b94eb9e6497044c3382ceaea3ce49c8e466e2,"[""11921311617740931947317816419398874032433202567057743259874862751795104862142"", ""52602635690298390357752782511828106263889166604570589257201346385999770558320""]",11921311617740931947317816419398874032433202567057743259874862751795104862142|52602635690298390357752782511828106263889166604570589257201346385999770558320,11921311617740931947317816419398874032433202567057743259874862751795104862142,Over,True,0.03,49.92,0.98,59.99,0.505,0.95,96d15ea4cda2186662c96db9dc0e924daf353af8,0.01,5,,9.7296,
2026-03-05T00:48:42Z,UCL,246279,ucl-fcb1-new-2026-03-18-more-markets,FC Barcelona vs. Newcastle United FC - More Markets,2026-03-04T19:18:23.406713Z,1500932,ucl-fcb1-new-2026-03-18-total-2pt5,FC Barcelona vs. Newcastle United FC: O/U 2.5,0x71d6a82d95d585adf288cb822c6b94eb9e6497044c3382ceaea3ce49c8e466e2,"[""11921311617740931947317816419398874032433202567057743259874862751795104862142"", ""52602635690298390357752782511828106263889166604570589257201346385999770558320""]",11921311617740931947317816419398874032433202567057743259874862751795104862142|52602635690298390357752782511828106263889166604570589257201346385999770558320,52602635690298390357752782511828106263889166604570589257201346385999770558320,Under,True,0.02,59.99,0.97,49.92,0.495,0.95,f77a7686f20854e2ed0412720b9a720e2c230a2c,0.01,5,,9.7296,
2026-03-05T00:48:42Z,UCL,246279,ucl-fcb1-new-2026-03-18-more-markets,FC Barcelona vs. Newcastle United FC - More Markets,2026-03-04T19:18:23.406713Z,1500933,ucl-fcb1-new-2026-03-18-total-3pt5,FC Barcelona vs. Newcastle United FC: O/U 3.5,0x0b13b5666df181ec40eb4f81b83fb5d29c74f191ab4fb0972eaa11262c97e5d6,"[""18720021270737093741599567010327232754189539658060735768905801567790972591681"", ""108515438618019522849823577536177994714720970542201268828218058741104464651714""]",18720021270737093741599567010327232754189539658060735768905801567790972591681|108515438618019522849823577536177994714720970542201268828218058741104464651714,18720021270737093741599567010327232754189539658060735768905801567790972591681,Over,True,0.03,50.32,0.98,82.34,0.505,0.95,b3c02e8036ac65f245e4af341ce809c24a040b5c,0.01,5,,9.5084,
2026-03-05T00:48:42Z,UCL,246279,ucl-fcb1-new-2026-03-18-more-markets,FC Barcelona vs. Newcastle United FC - More Markets,2026-03-04T19:18:23.406713Z,1500933,ucl-fcb1-new-2026-03-18-total-3pt5,FC Barcelona vs. Newcastle United FC: O/U 3.5,0x0b13b5666df181ec40eb4f81b83fb5d29c74f191ab4fb0972eaa11262c97e5d6,"[""18720021270737093741599567010327232754189539658060735768905801567790972591681"", ""108515438618019522849823577536177994714720970542201268828218058741104464651714""]",18720021270737093741599567010327232754189539658060735768905801567790972591681|108515438618019522849823577536177994714720970542201268828218058741104464651714,108515438618019522849823577536177994714720970542201268828218058741104464651714,Under,True,0.02,82.34,0.97,50.32,0.495,0.95,1ee3b0234d1f23e4bf111faa0f823d7790efd3e6,0.01,5,,9.5084,
2026-03-05T00:48:42Z,UCL,246279,ucl-fcb1-new-2026-03-18-more-markets,FC Barcelona vs. Newcastle United FC - More Markets,2026-03-04T19:18:23.406713Z,1500934,ucl-fcb1-new-2026-03-18-total-4pt5,FC Barcelona vs. Newcastle United FC: O/U 4.5,0xc6d011830f75879921ac0b5366a07040dacd5895d5f4df1a70e6bb779e98be20,"[""104873118722601414727378947506065799104768892267626742734792356055475604010202"", ""3743609524883396230925419007452247052598114620502130612356298695325360242981""]",104873118722601414727378947506065799104768892267626742734792356055475604010202|3743609524883396230925419007452247052598114620502130612356298695325360242981,104873118722601414727378947506065799104768892267626742734792356055475604010202,Over,True,0.07,5.52,0.97,50.87,0.52,0.8999999999999999,e35c202bac6d8110696002676bf00b92150aa2d5,0.01,5,,19.4586,
2026-03-05T00:48:42Z,UCL,246279,ucl-fcb1-new-2026-03-18-more-markets,FC Barcelona vs. Newcastle United FC - More Markets,2026-03-04T19:18:23.406713Z,1500934,ucl-fcb1-new-2026-03-18-total-4pt5,FC Barcelona vs. Newcastle United FC: O/U 4.5,0xc6d011830f75879921ac0b5366a07040dacd5895d5f4df1a70e6bb779e98be20,"[""104873118722601414727378947506065799104768892267626742734792356055475604010202"", ""3743609524883396230925419007452247052598114620502130612356298695325360242981""]",104873118722601414727378947506065799104768892267626742734792356055475604010202|3743609524883396230925419007452247052598114620502130612356298695325360242981,3743609524883396230925419007452247052598114620502130612356298695325360242981,Under,True,0.03,50.87,0.93,5.52,0.48000000000000004,0.9,c5a5886c58888881202d3a2bf9ef4a87e157801a,0.01,5,,19.4586,
2026-03-05T00:48:42Z,UCL,246279,ucl-fcb1-new-2026-03-18-more-markets,FC Barcelona vs. Newcastle United FC - More Markets,2026-03-04T19:18:23.406713Z,1500935,ucl-fcb1-new-2026-03-18-btts,FC Barcelona vs. Newcastle United FC: Both Teams to Score,0xdc99a857eb528e00f55020b9cf6869d3c3b938e5d6953b3246d5d5d0776f1a24,"[""34408233670321036685951892188911183487583606448280619533036031025012904588956"", ""63843319953775310723231001513552742750325540838245263670497844237688746279698""]",34408233670321036685951892188911183487583606448280619533036031025012904588956|63843319953775310723231001513552742750325540838245263670497844237688746279698,34408233670321036685951892188911183487583606448280619533036031025012904588956,Yes,True,0.07,12.75,0.94,16.94,0.505,0.8699999999999999,62dad289fd011ce9cd66a6d73999a9f58c6ab7eb,0.01,5,,53.0265,
2026-03-05T00:48:42Z,UCL,246279,ucl-fcb1-new-2026-03-18-more-markets,FC Barcelona vs. Newcastle United FC - More Markets,2026-03-04T19:18:23.406713Z,1500935,ucl-fcb1-new-2026-03-18-btts,FC Barcelona vs. Newcastle United FC: Both Teams to Score,0xdc99a857eb528e00f55020b9cf6869d3c3b938e5d6953b3246d5d5d0776f1a24,"[""34408233670321036685951892188911183487583606448280619533036031025012904588956"", ""63843319953775310723231001513552742750325540838245263670497844237688746279698""]",34408233670321036685951892188911183487583606448280619533036031025012904588956|63843319953775310723231001513552742750325540838245263670497844237688746279698,63843319953775310723231001513552742750325540838245263670497844237688746279698,No,True,0.06,16.94,0.93,12.75,0.495,0.8700000000000001,1b7cd5c42d4a8116f0284cdcbe0bf9f2d2239085,0.01,5,,53.0265,
2026-03-05T00:48:42Z,UCL,246280,ucl-ars-lev-2026-03-17-more-markets,Arsenal FC vs. Bayer 04 Leverkusen - More Markets,2026-03-04T19:18:23.351189Z,1500936,ucl-ars-lev-2026-03-17-spread-home-1pt5,Spread: Arsenal FC (-1.5),0x9d7b7e1ca8ed84bd5431367dff74c44c9eb9b92739b6e25272b17d73fed5545d,"[""70876129376908476544126801744982624251636548282999655658190795380652512615135"", ""109361111770510059003466760875685369685104397025155511698465656656183885622539""]",70876129376908476544126801744982624251636548282999655658190795380652512615135|109361111770510059003466760875685369685104397025155511698465656656183885622539,70876129376908476544126801744982624251636548282999655658190795380652512615135,Arsenal FC,True,0.02,84.26,0.98,144.38,0.5,0.96,ba0cc99124f539b1ccc4d5691e0b40cb6e722b75,0.01,5,,23.6484,
2026-03-05T00:48:42Z,UCL,246280,ucl-ars-lev-2026-03-17-more-markets,Arsenal FC vs. Bayer 04 Leverkusen - More Markets,2026-03-04T19:18:23.351189Z,1500936,ucl-ars-lev-2026-03-17-spread-home-1pt5,Spread: Arsenal FC (-1.5),0x9d7b7e1ca8ed84bd5431367dff74c44c9eb9b92739b6e25272b17d73fed5545d,"[""70876129376908476544126801744982624251636548282999655658190795380652512615135"", ""109361111770510059003466760875685369685104397025155511698465656656183885622539""]",70876129376908476544126801744982624251636548282999655658190795380652512615135|109361111770510059003466760875685369685104397025155511698465656656183885622539,109361111770510059003466760875685369685104397025155511698465656656183885622539,Bayer 04 Leverkusen,True,0.02,144.38,0.98,84.26,0.5,0.96,1366a0d2dd14e93a6542f5812a4451c2c00d64f3,0.01,5,,23.6484,
2026-03-05T00:48:42Z,UCL,246280,ucl-ars-lev-2026-03-17-more-markets,Arsenal FC vs. Bayer 04 Leverkusen - More Markets,2026-03-04T19:18:23.351189Z,1500937,ucl-ars-lev-2026-03-17-spread-away-1pt5,Spread: Bayer 04 Leverkusen (-1.5),0x71467b19f04ad5d2a31c8919fb70d8735b4bcdb300fdc8f0d0cc1bcc49940d27,"[""78934294179682996687467535818158655656943377952991725747086681719273586157434"", ""14292029865398487103112295939552127198309378884779044991378891927071497692019""]",78934294179682996687467535818158655656943377952991725747086681719273586157434|14292029865398487103112295939552127198309378884779044991378891927071497692019,78934294179682996687467535818158655656943377952991725747086681719273586157434,Bayer 04 Leverkusen,True,0.05,7.72,0.95,24.58,0.5,0.8999999999999999,dbc911c4a6de2cd93a76eab1ca7c1170b3cbfe07,0.01,5,,39.6065,
2026-03-05T00:48:42Z,UCL,246280,ucl-ars-lev-2026-03-17-more-markets,Arsenal FC vs. Bayer 04 Leverkusen - More Markets,2026-03-04T19:18:23.351189Z,1500937,ucl-ars-lev-2026-03-17-spread-away-1pt5,Spread: Bayer 04 Leverkusen (-1.5),0x71467b19f04ad5d2a31c8919fb70d8735b4bcdb300fdc8f0d0cc1bcc49940d27,"[""78934294179682996687467535818158655656943377952991725747086681719273586157434"", ""14292029865398487103112295939552127198309378884779044991378891927071497692019""]",78934294179682996687467535818158655656943377952991725747086681719273586157434|14292029865398487103112295939552127198309378884779044991378891927071497692019,14292029865398487103112295939552127198309378884779044991378891927071497692019,Arsenal FC,True,0.05,24.58,0.95,7.72,0.5,0.8999999999999999,7606ace083450e062344b9e201f54fd4bb07b337,0.01,5,,39.6065,
2026-03-05T00:48:42Z,UCL,246280,ucl-ars-lev-2026-03-17-more-markets,Arsenal FC vs. Bayer 04 Leverkusen - More Markets,2026-03-04T19:18:23.351189Z,1500938,ucl-ars-lev-2026-03-17-spread-home-2pt5,Spread: Arsenal FC (-2.5),0x179d3bae4700a31f1f3ab3e2bb98e928153714c9c66b04e8f8d48adba798616e,"[""77152588257313774732731785566169051796515457455713497582179998272344192960958"", ""70181267141341864637332836214096490786334367018553674894683174383490247501457""]",77152588257313774732731785566169051796515457455713497582179998272344192960958|70181267141341864637332836214096490786334367018553674894683174383490247501457,77152588257313774732731785566169051796515457455713497582179998272344192960958,Arsenal FC,True,0.03,49.13,0.93,9.51,0.48000000000000004,0.9,30756f900b81eec8544d58bb3036046471a41556,0.01,5,,42.8827,
2026-03-05T00:48:42Z,UCL,246280,ucl-ars-lev-2026-03-17-more-markets,Arsenal FC vs. Bayer 04 Leverkusen - More Markets,2026-03-04T19:18:23.351189Z,1500938,ucl-ars-lev-2026-03-17-spread-home-2pt5,Spread: Arsenal FC (-2.5),0x179d3bae4700a31f1f3ab3e2bb98e928153714c9c66b04e8f8d48adba798616e,"[""77152588257313774732731785566169051796515457455713497582179998272344192960958"", ""70181267141341864637332836214096490786334367018553674894683174383490247501457""]",77152588257313774732731785566169051796515457455713497582179998272344192960958|70181267141341864637332836214096490786334367018553674894683174383490247501457,70181267141341864637332836214096490786334367018553674894683174383490247501457,Bayer 04 Leverkusen,True,0.07,9.51,0.97,49.13,0.52,0.8999999999999999,6c55bb6e24725e8022ebf7c4554df9d4b272beea,0.01,5,,42.8827,
2026-03-05T00:48:42Z,UCL,246280,ucl-ars-lev-2026-03-17-more-markets,Arsenal FC vs. Bayer 04 Leverkusen - More Markets,2026-03-04T19:18:23.351189Z,1500939,ucl-ars-lev-2026-03-17-spread-away-2pt5,Spread: Bayer 04 Leverkusen (-2.5),0x181ddea0dc2d5cba6cb809fbce2604e5c0e84aee36555efadebbcf78295e63e0,"[""103787775481296446479467360060517256204019583482113117574025866712928247176932"", ""79027720464396097622423213616058188996856392650703380179925941307699680044105""]",103787775481296446479467360060517256204019583482113117574025866712928247176932|79027720464396097622423213616058188996856392650703380179925941307699680044105,103787775481296446479467360060517256204019583482113117574025866712928247176932,Bayer 04 Leverkusen,True,0.04,34.93,0.88,5.72,0.46,0.84,82724faab4b3a38a923db20ba75479d2962b1050,0.01,5,,64.6864,
2026-03-05T00:48:42Z,UCL,246280,ucl-ars-lev-2026-03-17-more-markets,Arsenal FC vs. Bayer 04 Leverkusen - More Markets,2026-03-04T19:18:23.351189Z,1500939,ucl-ars-lev-2026-03-17-spread-away-2pt5,Spread: Bayer 04 Leverkusen (-2.5),0x181ddea0dc2d5cba6cb809fbce2604e5c0e84aee36555efadebbcf78295e63e0,"[""103787775481296446479467360060517256204019583482113117574025866712928247176932"", ""79027720464396097622423213616058188996856392650703380179925941307699680044105""]",103787775481296446479467360060517256204019583482113117574025866712928247176932|79027720464396097622423213616058188996856392650703380179925941307699680044105,79027720464396097622423213616058188996856392650703380179925941307699680044105,Arsenal FC,True,0.12,5.72,0.96,34.93,0.54,0.84,5ea744c1113328b37c732b4c7b439d1cc2dfb8c2,0.01,5,,64.6864,
2026-03-05T00:48:42Z,UCL,246280,ucl-ars-lev-2026-03-17-more-markets,Arsenal FC vs. Bayer 04 Leverkusen - More Markets,2026-03-04T19:18:23.351189Z,1500940,ucl-ars-lev-2026-03-17-total-1pt5,Arsenal FC vs. Bayer 04 Leverkusen: O/U 1.5,0xe3947086bf7c21b8926e8edaa7ff5e56d53e007594ee5d0357e166d6ec49bb69,"[""109800925032709163248158542305468947608982797162585620607870421705758560379878"", ""114733577856668215216926371741432707458142367915671660090371105847922712619720""]",109800925032709163248158542305468947608982797162585620607870421705758560379878|114733577856668215216926371741432707458142367915671660090371105847922712619720,109800925032709163248158542305468947608982797162585620607870421705758560379878,Over,True,0.02,82.58,0.98,83.01,0.5,0.96,eae4fc316c55153c7ea740379361d6b2e41e3224,0.01,5,,12.0856,
2026-03-05T00:48:42Z,UCL,246280,ucl-ars-lev-2026-03-17-more-markets,Arsenal FC vs. Bayer 04 Leverkusen - More Markets,2026-03-04T19:18:23.351189Z,1500940,ucl-ars-lev-2026-03-17-total-1pt5,Arsenal FC vs. Bayer 04 Leverkusen: O/U 1.5,0xe3947086bf7c21b8926e8edaa7ff5e56d53e007594ee5d0357e166d6ec49bb69,"[""109800925032709163248158542305468947608982797162585620607870421705758560379878"", ""114733577856668215216926371741432707458142367915671660090371105847922712619720""]",109800925032709163248158542305468947608982797162585620607870421705758560379878|114733577856668215216926371741432707458142367915671660090371105847922712619720,114733577856668215216926371741432707458142367915671660090371105847922712619720,Under,True,0.02,83.01,0.98,82.58,0.5,0.96,03de24fb33e37f0fc225f44c224d9b0d8a41fe25,0.01,5,,12.0856,
2026-03-05T00:48:42Z,UCL,246280,ucl-ars-lev-2026-03-17-more-markets,Arsenal FC vs. Bayer 04 Leverkusen - More Markets,2026-03-04T19:18:23.351189Z,1500941,ucl-ars-lev-2026-03-17-total-2pt5,Arsenal FC vs. Bayer 04 Leverkusen: O/U 2.5,0x6ee56f8934600412fbfe340dc75ed3b110056c387cf7c61ab0926aed19be653b,"[""54211110274204699050301717826022452875432756435068625415283123005916157824072"", ""113505618051521979083098029048004671143693654485321467356901033066828077871645""]",54211110274204699050301717826022452875432756435068625415283123005916157824072|113505618051521979083098029048004671143693654485321467356901033066828077871645,54211110274204699050301717826022452875432756435068625415283123005916157824072,Over,True,0.02,80.51,0.98,83.15,0.5,0.96,55edf6869d2408777b267ea2838723df8a410132,0.01,5,,12.0392,
2026-03-05T00:48:42Z,UCL,246280,ucl-ars-lev-2026-03-17-more-markets,Arsenal FC vs. Bayer 04 Leverkusen - More Markets,2026-03-04T19:18:23.351189Z,1500941,ucl-ars-lev-2026-03-17-total-2pt5,Arsenal FC vs. Bayer 04 Leverkusen: O/U 2.5,0x6ee56f8934600412fbfe340dc75ed3b110056c387cf7c61ab0926aed19be653b,"[""54211110274204699050301717826022452875432756435068625415283123005916157824072"", ""113505618051521979083098029048004671143693654485321467356901033066828077871645""]",54211110274204699050301717826022452875432756435068625415283123005916157824072|113505618051521979083098029048004671143693654485321467356901033066828077871645,113505618051521979083098029048004671143693654485321467356901033066828077871645,Under,True,0.02,83.15,0.98,80.51,0.5,0.96,f90a866d050e1da8bf47f0c461ac6f394e4b17bc,0.01,5,,12.0392,
2026-03-05T00:48:42Z,UCL,246280,ucl-ars-lev-2026-03-17-more-markets,Arsenal FC vs. Bayer 04 Leverkusen - More Markets,2026-03-04T19:18:23.351189Z,1500942,ucl-ars-lev-2026-03-17-total-3pt5,Arsenal FC vs. Bayer 04 Leverkusen: O/U 3.5,0x99d9521d5034b9eb267136d09fa9f5748173f81d92bc9678efac21bbcc38d984,"[""54678182517052917635443418124324597135965599724048334027053016625248283672591"", ""46438628395738791233726755516660823400655635850821661944902479383489979539825""]",54678182517052917635443418124324597135965599724048334027053016625248283672591|46438628395738791233726755516660823400655635850821661944902479383489979539825,54678182517052917635443418124324597135965599724048334027053016625248283672591,Over,True,0.03,51.61,0.91,8.28,0.47000000000000003,0.88,a6245f622cc5631ae158e081d1923bf5c251ab33,0.01,5,,28.2366,
2026-03-05T00:48:42Z,UCL,246280,ucl-ars-lev-2026-03-17-more-markets,Arsenal FC vs. Bayer 04 Leverkusen - More Markets,2026-03-04T19:18:23.351189Z,1500942,ucl-ars-lev-2026-03-17-total-3pt5,Arsenal FC vs. Bayer 04 Leverkusen: O/U 3.5,0x99d9521d5034b9eb267136d09fa9f5748173f81d92bc9678efac21bbcc38d984,"[""54678182517052917635443418124324597135965599724048334027053016625248283672591"", ""46438628395738791233726755516660823400655635850821661944902479383489979539825""]",54678182517052917635443418124324597135965599724048334027053016625248283672591|46438628395738791233726755516660823400655635850821661944902479383489979539825,46438628395738791233726755516660823400655635850821661944902479383489979539825,Under,True,0.09,8.28,0.97,51.61,0.53,0.88,162d3c14975da133a5be863752c8c7809d7b80ae,0.01,5,,28.2366,
2026-03-05T00:48:42Z,UCL,246280,ucl-ars-lev-2026-03-17-more-markets,Arsenal FC vs. Bayer 04 Leverkusen - More Markets,2026-03-04T19:18:23.351189Z,1500943,ucl-ars-lev-2026-03-17-total-4pt5,Arsenal FC vs. Bayer 04 Leverkusen: O/U 4.5,0xc0971d7d82dfb7a97e969d3731bbd0fd8d4a23a23270550681af8dc0da03927a,"[""100794261149394573568428662212423396779285183118512014228478447814980070396447"", ""77003626290945053565137142535611993740748559014060130597161176004464705490837""]",100794261149394573568428662212423396779285183118512014228478447814980070396447|77003626290945053565137142535611993740748559014060130597161176004464705490837,100794261149394573568428662212423396779285183118512014228478447814980070396447,Over,True,0.07,10.0,0.91,8.71,0.49,0.8400000000000001,b362dc8b9c37c35f8f968fd9c06a7e1d6f94fac7,0.01,5,,32.6947,
2026-03-05T00:48:42Z,UCL,246280,ucl-ars-lev-2026-03-17-more-markets,Arsenal FC vs. Bayer 04 Leverkusen - More Markets,2026-03-04T19:18:23.351189Z,1500943,ucl-ars-lev-2026-03-17-total-4pt5,Arsenal FC vs. Bayer 04 Leverkusen: O/U 4.5,0xc0971d7d82dfb7a97e969d3731bbd0fd8d4a23a23270550681af8dc0da03927a,"[""100794261149394573568428662212423396779285183118512014228478447814980070396447"", ""77003626290945053565137142535611993740748559014060130597161176004464705490837""]",100794261149394573568428662212423396779285183118512014228478447814980070396447|77003626290945053565137142535611993740748559014060130597161176004464705490837,77003626290945053565137142535611993740748559014060130597161176004464705490837,Under,True,0.09,8.71,0.93,10.0,0.51,0.8400000000000001,13167b01c8b6bc39866f100d7aee08a181dcc195,0.01,5,,32.6947,
2026-03-05T00:48:42Z,UCL,246280,ucl-ars-lev-2026-03-17-more-markets,Arsenal FC vs. Bayer 04 Leverkusen - More Markets,2026-03-04T19:18:23.351189Z,1500944,ucl-ars-lev-2026-03-17-btts,Arsenal FC vs. Bayer 04 Leverkusen: Both Teams to Score,0x44e27e5adca5d90d24da18e641bdbc12cb0ab9d4b1f312347439800b00c9d4d7,"[""1656361948877245147623429791786859691660045371748194402051005577593813384601"", ""58836950587973414045184319481704823076409453265733690866732221724361548067651""]",1656361948877245147623429791786859691660045371748194402051005577593813384601|58836950587973414045184319481704823076409453265733690866732221724361548067651,1656361948877245147623429791786859691660045371748194402051005577593813384601,Yes,True,0.06,16.64,0.94,16.44,0.5,0.8799999999999999,6df8260996d10ee0efd97a381ba0cbb77b3fbb84,0.01,5,,46.1764,
2026-03-05T00:48:42Z,UCL,246280,ucl-ars-lev-2026-03-17-more-markets,Arsenal FC vs. Bayer 04 Leverkusen - More Markets,2026-03-04T19:18:23.351189Z,1500944,ucl-ars-lev-2026-03-17-btts,Arsenal FC vs. Bayer 04 Leverkusen: Both Teams to Score,0x44e27e5adca5d90d24da18e641bdbc12cb0ab9d4b1f312347439800b00c9d4d7,"[""1656361948877245147623429791786859691660045371748194402051005577593813384601"", ""58836950587973414045184319481704823076409453265733690866732221724361548067651""]",1656361948877245147623429791786859691660045371748194402051005577593813384601|58836950587973414045184319481704823076409453265733690866732221724361548067651,58836950587973414045184319481704823076409453265733690866732221724361548067651,No,True,0.06,16.44,0.94,16.64,0.5,0.8799999999999999,81633b1e94ee7409ac75f4d9ffe5958ab40d9053,0.01,5,,46.1764,
2026-03-05T00:48:42Z,UCL,246281,ucl-mnc1-rma1-2026-03-17-more-markets,Manchester City FC vs. Real Madrid CF - More Markets,2026-03-04T19:18:23.401253Z,1500945,ucl-mnc1-rma1-2026-03-17-spread-home-1pt5,Spread: Manchester City FC (-1.5),0x68683aab723733cdc03f1bf6a1b9758baad063800bd57a18cbcd29e0bf863950,"[""78940606229390770956621005545960828019783169527776356780468786821621741751930"", ""45288657539051545432020898391448071804336589912354656915990104259988231140190""]",78940606229390770956621005545960828019783169527776356780468786821621741751930|45288657539051545432020898391448071804336589912354656915990104259988231140190,78940606229390770956621005545960828019783169527776356780468786821621741751930,Manchester City FC,True,0.03,51.66,0.91,109.37,0.47000000000000003,0.88,501f1c264d29ea075a804f62b463d0d4c754261b,0.01,5,,53.7665,
2026-03-05T00:48:42Z,UCL,246281,ucl-mnc1-rma1-2026-03-17-more-markets,Manchester City FC vs. Real Madrid CF - More Markets,2026-03-04T19:18:23.401253Z,1500945,ucl-mnc1-rma1-2026-03-17-spread-home-1pt5,Spread: Manchester City FC (-1.5),0x68683aab723733cdc03f1bf6a1b9758baad063800bd57a18cbcd29e0bf863950,"[""78940606229390770956621005545960828019783169527776356780468786821621741751930"", ""45288657539051545432020898391448071804336589912354656915990104259988231140190""]",78940606229390770956621005545960828019783169527776356780468786821621741751930|45288657539051545432020898391448071804336589912354656915990104259988231140190,45288657539051545432020898391448071804336589912354656915990104259988231140190,Real Madrid CF,True,0.09,109.37,0.97,51.66,0.53,0.88,c2cbffdba03e30235a6a509d75aba7f6ae60071c,0.01,5,,53.7665,
2026-03-05T00:48:42Z,UCL,246281,ucl-mnc1-rma1-2026-03-17-more-markets,Manchester City FC vs. Real Madrid CF - More Markets,2026-03-04T19:18:23.401253Z,1500946,ucl-mnc1-rma1-2026-03-17-spread-away-1pt5,Spread: Real Madrid CF (-1.5),0xebb9ccc21dd0d587e1a9d433ba5f657ee250fa53ac3902aab868410e78e89fff,"[""58998900953046472770277649501154787707622672959294037355116201982598382945507"", ""42079648815727470731140593062250183422560931201858498396940500234235488902317""]",58998900953046472770277649501154787707622672959294037355116201982598382945507|42079648815727470731140593062250183422560931201858498396940500234235488902317,58998900953046472770277649501154787707622672959294037355116201982598382945507,Real Madrid CF,True,0.09,7.76,0.92,10.39,0.505,0.8300000000000001,bab20fc62c75596e943df72f8d721a291340dba7,0.01,5,,49.9545,
2026-03-05T00:48:42Z,UCL,246281,ucl-mnc1-rma1-2026-03-17-more-markets,Manchester City FC vs. Real Madrid CF - More Markets,2026-03-04T19:18:23.401253Z,1500946,ucl-mnc1-rma1-2026-03-17-spread-away-1pt5,Spread: Real Madrid CF (-1.5),0xebb9ccc21dd0d587e1a9d433ba5f657ee250fa53ac3902aab868410e78e89fff,"[""58998900953046472770277649501154787707622672959294037355116201982598382945507"", ""42079648815727470731140593062250183422560931201858498396940500234235488902317""]",58998900953046472770277649501154787707622672959294037355116201982598382945507|42079648815727470731140593062250183422560931201858498396940500234235488902317,42079648815727470731140593062250183422560931201858498396940500234235488902317,Manchester City FC,True,0.08,10.39,0.91,7.76,0.495,0.8300000000000001,6d473b0581d7a04ea13f088a5754c565622e8a56,0.01,5,,49.9545,
2026-03-05T00:48:42Z,UCL,246281,ucl-mnc1-rma1-2026-03-17-more-markets,Manchester City FC vs. Real Madrid CF - More Markets,2026-03-04T19:18:23.401253Z,1500947,ucl-mnc1-rma1-2026-03-17-spread-home-2pt5,Spread: Manchester City FC (-2.5),0x90acd1e7b7fb8a97d4e27a5986618aea63ea97881011acc54434d64de865976d,"[""11221428544771384503769760744722025838472722921811901613242091392405051408812"", ""92512781046064609676719695374642341288317600247331269695729756603081931117463""]",11221428544771384503769760744722025838472722921811901613242091392405051408812|92512781046064609676719695374642341288317600247331269695729756603081931117463,11221428544771384503769760744722025838472722921811901613242091392405051408812,Manchester City FC,True,0.05,10.0,0.88,5.97,0.465,0.83,106075d3a394ab99b464595f1287d955f8ddc008,0.01,5,,57.1847,
2026-03-05T00:48:42Z,UCL,246281,ucl-mnc1-rma1-2026-03-17-more-markets,Manchester City FC vs. Real Madrid CF - More Markets,2026-03-04T19:18:23.401253Z,1500947,ucl-mnc1-rma1-2026-03-17-spread-home-2pt5,Spread: Manchester City FC (-2.5),0x90acd1e7b7fb8a97d4e27a5986618aea63ea97881011acc54434d64de865976d,"[""11221428544771384503769760744722025838472722921811901613242091392405051408812"", ""92512781046064609676719695374642341288317600247331269695729756603081931117463""]",11221428544771384503769760744722025838472722921811901613242091392405051408812|92512781046064609676719695374642341288317600247331269695729756603081931117463,92512781046064609676719695374642341288317600247331269695729756603081931117463,Real Madrid CF,True,0.12,5.97,0.95,10.0,0.5349999999999999,0.83,8015d9cf0494689761308e2e6ec7342df0ff861d,0.01,5,,57.1847,
2026-03-05T00:48:42Z,UCL,246281,ucl-mnc1-rma1-2026-03-17-more-markets,Manchester City FC vs. Real Madrid CF - More Markets,2026-03-04T19:18:23.401253Z,1500948,ucl-mnc1-rma1-2026-03-17-spread-away-2pt5,Spread: Real Madrid CF (-2.5),0x8fe4e52cbbdda1f02db9cd66eca86185820b085269376083924abb37876bd77c,"[""59939488584031135168077747614459897694024937169774836333795114970929908789460"", ""85712583608432389820074237130986351569379642391439426632609736097028533224953""]",59939488584031135168077747614459897694024937169774836333795114970929908789460|85712583608432389820074237130986351569379642391439426632609736097028533224953,59939488584031135168077747614459897694024937169774836333795114970929908789460,Real Madrid CF,True,0.09,8.08,0.92,108.35,0.505,0.8300000000000001,9a6b345595201711bffc166e16c3b145015ee393,0.01,5,,44.1256,
2026-03-05T00:48:42Z,UCL,246281,ucl-mnc1-rma1-2026-03-17-more-markets,Manchester City FC vs. Real Madrid CF - More Markets,2026-03-04T19:18:23.401253Z,1500948,ucl-mnc1-rma1-2026-03-17-spread-away-2pt5,Spread: Real Madrid CF (-2.5),0x8fe4e52cbbdda1f02db9cd66eca86185820b085269376083924abb37876bd77c,"[""59939488584031135168077747614459897694024937169774836333795114970929908789460"", ""85712583608432389820074237130986351569379642391439426632609736097028533224953""]",59939488584031135168077747614459897694024937169774836333795114970929908789460|85712583608432389820074237130986351569379642391439426632609736097028533224953,85712583608432389820074237130986351569379642391439426632609736097028533224953,Manchester City FC,True,0.08,108.35,0.91,8.08,0.495,0.8300000000000001,3410362ac2220fdfee2d4c55a2b2769762ff9f03,0.01,5,,44.1256,
2026-03-05T00:48:42Z,UCL,246281,ucl-mnc1-rma1-2026-03-17-more-markets,Manchester City FC vs. Real Madrid CF - More Markets,2026-03-04T19:18:23.401253Z,1500949,ucl-mnc1-rma1-2026-03-17-total-1pt5,Manchester City FC vs. Real Madrid CF: O/U 1.5,0x142424635c0e415bdf9e7501095d5ba5ea254eb7716b34ef71bd2bb6e09b360b,"[""47064568269996362152864753649719821834333225464094784668505933213535899962038"", ""104965258229815802866293792492944121806075750815277809652123146440895703664777""]",47064568269996362152864753649719821834333225464094784668505933213535899962038|104965258229815802866293792492944121806075750815277809652123146440895703664777,47064568269996362152864753649719821834333225464094784668505933213535899962038,Over,True,0.03,51.6,0.94,8.76,0.485,0.9099999999999999,3dfcccec03dc209c0d2fd2264bf80c64b42c3927,0.01,5,,25.7911,
2026-03-05T00:48:42Z,UCL,246281,ucl-mnc1-rma1-2026-03-17-more-markets,Manchester City FC vs. Real Madrid CF - More Markets,2026-03-04T19:18:23.401253Z,1500949,ucl-mnc1-rma1-2026-03-17-total-1pt5,Manchester City FC vs. Real Madrid CF: O/U 1.5,0x142424635c0e415bdf9e7501095d5ba5ea254eb7716b34ef71bd2bb6e09b360b,"[""47064568269996362152864753649719821834333225464094784668505933213535899962038"", ""104965258229815802866293792492944121806075750815277809652123146440895703664777""]",47064568269996362152864753649719821834333225464094784668505933213535899962038|104965258229815802866293792492944121806075750815277809652123146440895703664777,104965258229815802866293792492944121806075750815277809652123146440895703664777,Under,True,0.06,8.76,0.97,51.6,0.515,0.9099999999999999,b113ee69b0fa7fbc644d5082abcdccea0a6c7910,0.01,5,,25.7911,
2026-03-05T00:48:42Z,UCL,246281,ucl-mnc1-rma1-2026-03-17-more-markets,Manchester City FC vs. Real Madrid CF - More Markets,2026-03-04T19:18:23.401253Z,1500950,ucl-mnc1-rma1-2026-03-17-total-2pt5,Manchester City FC vs. Real Madrid CF: O/U 2.5,0xfe5c45e792012d1286dffd98ac06cfc3b20bf431d304fae5d262e841e5faec05,"[""17727046927063108229159014217871912176504179938588981674243735855448062168830"", ""56028751328390192761474665598601687551501765856211462184071656790994970505233""]",17727046927063108229159014217871912176504179938588981674243735855448062168830|56028751328390192761474665598601687551501765856211462184071656790994970505233,17727046927063108229159014217871912176504179938588981674243735855448062168830,Over,True,0.02,83.23,0.98,84.22,0.5,0.96,483c22dce872ecc0e5298dd37048160fa56eca0f,0.01,5,,14.1247,
2026-03-05T00:48:42Z,UCL,246281,ucl-mnc1-rma1-2026-03-17-more-markets,Manchester City FC vs. Real Madrid CF - More Markets,2026-03-04T19:18:23.401253Z,1500950,ucl-mnc1-rma1-2026-03-17-total-2pt5,Manchester City FC vs. Real Madrid CF: O/U 2.5,0xfe5c45e792012d1286dffd98ac06cfc3b20bf431d304fae5d262e841e5faec05,"[""17727046927063108229159014217871912176504179938588981674243735855448062168830"", ""56028751328390192761474665598601687551501765856211462184071656790994970505233""]",17727046927063108229159014217871912176504179938588981674243735855448062168830|56028751328390192761474665598601687551501765856211462184071656790994970505233,56028751328390192761474665598601687551501765856211462184071656790994970505233,Under,True,0.02,84.22,0.98,83.23,0.5,0.96,b24d5d5040d180ef9f986bf790cb187e44e17d20,0.01,5,,14.1247,
2026-03-05T00:48:42Z,UCL,246281,ucl-mnc1-rma1-2026-03-17-more-markets,Manchester City FC vs. Real Madrid CF - More Markets,2026-03-04T19:18:23.401253Z,1500951,ucl-mnc1-rma1-2026-03-17-total-3pt5,Manchester City FC vs. Real Madrid CF: O/U 3.5,0x473b6e8fc9f7669cbe3411fa6281ac0853af43851cde48fc4d0a07838b683bab,"[""101386400926285327209638375536839764384935613348790100332426680461908616337631"", ""45632156906483910939644907596611868096950516245573793119742746325606727659757""]",101386400926285327209638375536839764384935613348790100332426680461908616337631|45632156906483910939644907596611868096950516245573793119742746325606727659757,101386400926285327209638375536839764384935613348790100332426680461908616337631,Over,True,0.02,82.75,0.97,49.75,0.495,0.95,0c3712eaa429315a6764e1758a97c965bde430c2,0.01,5,,15.4582,
2026-03-05T00:48:42Z,UCL,246281,ucl-mnc1-rma1-2026-03-17-more-markets,Manchester City FC vs. Real Madrid CF - More Markets,2026-03-04T19:18:23.401253Z,1500951,ucl-mnc1-rma1-2026-03-17-total-3pt5,Manchester City FC vs. Real Madrid CF: O/U 3.5,0x473b6e8fc9f7669cbe3411fa6281ac0853af43851cde48fc4d0a07838b683bab,"[""101386400926285327209638375536839764384935613348790100332426680461908616337631"", ""45632156906483910939644907596611868096950516245573793119742746325606727659757""]",101386400926285327209638375536839764384935613348790100332426680461908616337631|45632156906483910939644907596611868096950516245573793119742746325606727659757,45632156906483910939644907596611868096950516245573793119742746325606727659757,Under,True,0.03,49.75,0.98,82.75,0.505,0.95,4f0b54d823b64052350383cf8504bd90fb27fe5b,0.01,5,,15.4582,
2026-03-05T00:48:42Z,UCL,246281,ucl-mnc1-rma1-2026-03-17-more-markets,Manchester City FC vs. Real Madrid CF - More Markets,2026-03-04T19:18:23.401253Z,1500952,ucl-mnc1-rma1-2026-03-17-total-4pt5,Manchester City FC vs. Real Madrid CF: O/U 4.5,0x793aa80f599d9a582850c82c369620734409e879dc57052a501ce41ad3c60c82,"[""33025900967915522796836064916314169686341167742245385516430479956130290812172"", ""68465484626134163976167357970254157305259105142359435729874104504958574809063""]",33025900967915522796836064916314169686341167742245385516430479956130290812172|68465484626134163976167357970254157305259105142359435729874104504958574809063,33025900967915522796836064916314169686341167742245385516430479956130290812172,Over,True,0.03,50.82,0.97,49.73,0.5,0.94,39b3d2fef933896fd4cc575e63392d4be25453f3,0.01,5,,19.4354,
2026-03-05T00:48:42Z,UCL,246281,ucl-mnc1-rma1-2026-03-17-more-markets,Manchester City FC vs. Real Madrid CF - More Markets,2026-03-04T19:18:23.401253Z,1500952,ucl-mnc1-rma1-2026-03-17-total-4pt5,Manchester City FC vs. Real Madrid CF: O/U 4.5,0x793aa80f599d9a582850c82c369620734409e879dc57052a501ce41ad3c60c82,"[""33025900967915522796836064916314169686341167742245385516430479956130290812172"", ""68465484626134163976167357970254157305259105142359435729874104504958574809063""]",33025900967915522796836064916314169686341167742245385516430479956130290812172|68465484626134163976167357970254157305259105142359435729874104504958574809063,68465484626134163976167357970254157305259105142359435729874104504958574809063,Under,True,0.03,49.73,0.97,50.82,0.5,0.94,94df27751d2afea58d994a754c8b16200d2ed5bb,0.01,5,,19.4354,
2026-03-05T00:48:42Z,UCL,246281,ucl-mnc1-rma1-2026-03-17-more-markets,Manchester City FC vs. Real Madrid CF - More Markets,2026-03-04T19:18:23.401253Z,1500953,ucl-mnc1-rma1-2026-03-17-btts,Manchester City FC vs. Real Madrid CF: Both Teams to Score,0x702492335021a650cc7735b75ed6d72e53a0861f004824b53d1326b3d4b2696c,"[""49354044818629759792469920993312190768105422057948408666362679488866345111275"", ""103563250456877858109288923150772592000094899514202957597351173308707457575658""]",49354044818629759792469920993312190768105422057948408666362679488866345111275|103563250456877858109288923150772592000094899514202957597351173308707457575658,49354044818629759792469920993312190768105422057948408666362679488866345111275,Yes,True,0.07,13.71,0.94,16.0,0.505,0.8699999999999999,af72c3d600dff3d0b22c20e42d27d4f4c8c2b0f5,0.01,5,,52.484,
2026-03-05T00:48:42Z,UCL,246281,ucl-mnc1-rma1-2026-03-17-more-markets,Manchester City FC vs. Real Madrid CF - More Markets,2026-03-04T19:18:23.401253Z,1500953,ucl-mnc1-rma1-2026-03-17-btts,Manchester City FC vs. Real Madrid CF: Both Teams to Score,0x702492335021a650cc7735b75ed6d72e53a0861f004824b53d1326b3d4b2696c,"[""49354044818629759792469920993312190768105422057948408666362679488866345111275"", ""103563250456877858109288923150772592000094899514202957597351173308707457575658""]",49354044818629759792469920993312190768105422057948408666362679488866345111275|103563250456877858109288923150772592000094899514202957597351173308707457575658,103563250456877858109288923150772592000094899514202957597351173308707457575658,No,True,0.06,16.0,0.93,13.71,0.495,0.8700000000000001,5e20808757b08974bffda1462a8b5957435c8782,0.01,5,,52.484,
2026-03-05T00:48:42Z,UCL,246282,ucl-cfc1-psg1-2026-03-17-more-markets,Chelsea FC vs. Paris Saint-Germain FC - More Markets,2026-03-04T19:23:57.030528Z,1500954,ucl-cfc1-psg1-2026-03-17-spread-home-1pt5,Spread: Chelsea FC (-1.5),0xa96abd8133b81e496b6581eefe622e3fd1eb485dfd7c3d02b81ead15072b9789,"[""114360248829790408135376236458577821075249395744289270523864425762846340126831"", ""96036628486327896040939189256750724464071838176439127181835108941841231063450""]",114360248829790408135376236458577821075249395744289270523864425762846340126831|96036628486327896040939189256750724464071838176439127181835108941841231063450,114360248829790408135376236458577821075249395744289270523864425762846340126831,Chelsea FC,True,0.03,50.54,0.89,26.48,0.46,0.86,6c42d03681ea4dac295a2f724fbaa8b5526f9337,0.01,5,,44.7004,
2026-03-05T00:48:42Z,UCL,246282,ucl-cfc1-psg1-2026-03-17-more-markets,Chelsea FC vs. Paris Saint-Germain FC - More Markets,2026-03-04T19:23:57.030528Z,1500954,ucl-cfc1-psg1-2026-03-17-spread-home-1pt5,Spread: Chelsea FC (-1.5),0xa96abd8133b81e496b6581eefe622e3fd1eb485dfd7c3d02b81ead15072b9789,"[""114360248829790408135376236458577821075249395744289270523864425762846340126831"", ""96036628486327896040939189256750724464071838176439127181835108941841231063450""]",114360248829790408135376236458577821075249395744289270523864425762846340126831|96036628486327896040939189256750724464071838176439127181835108941841231063450,96036628486327896040939189256750724464071838176439127181835108941841231063450,Paris Saint-Germain FC,True,0.11,26.48,0.97,50.54,0.54,0.86,ea40822976ee730ad1f7ef2bb0fa2b041062f1a2,0.01,5,,44.7004,
2026-03-05T00:48:42Z,UCL,246282,ucl-cfc1-psg1-2026-03-17-more-markets,Chelsea FC vs. Paris Saint-Germain FC - More Markets,2026-03-04T19:23:57.030528Z,1500955,ucl-cfc1-psg1-2026-03-17-spread-away-1pt5,Spread: Paris Saint-Germain FC (-1.5),0x9746f0a2c13256e470fb85718c4e60071c199fc39b72cfc1d8dc961179f2f203,"[""83203716446263233002624882154575415818985337494043333394034313512979155269129"", ""103120220620108793625659551729852381200632489017992437940723097975988868690046""]",83203716446263233002624882154575415818985337494043333394034313512979155269129|103120220620108793625659551729852381200632489017992437940723097975988868690046,83203716446263233002624882154575415818985337494043333394034313512979155269129,Paris Saint-Germain FC,True,0.02,83.95,0.98,82.29,0.5,0.96,6c363bdb9e8380e74848a01563e072cdef1b8371,0.01,5,,23.6462,
2026-03-05T00:48:42Z,UCL,246282,ucl-cfc1-psg1-2026-03-17-more-markets,Chelsea FC vs. Paris Saint-Germain FC - More Markets,2026-03-04T19:23:57.030528Z,1500955,ucl-cfc1-psg1-2026-03-17-spread-away-1pt5,Spread: Paris Saint-Germain FC (-1.5),0x9746f0a2c13256e470fb85718c4e60071c199fc39b72cfc1d8dc961179f2f203,"[""83203716446263233002624882154575415818985337494043333394034313512979155269129"", ""103120220620108793625659551729852381200632489017992437940723097975988868690046""]",83203716446263233002624882154575415818985337494043333394034313512979155269129|103120220620108793625659551729852381200632489017992437940723097975988868690046,103120220620108793625659551729852381200632489017992437940723097975988868690046,Chelsea FC,True,0.02,82.29,0.98,83.95,0.5,0.96,8597cdad73b56ca91e399fc5618e0edc05847607,0.01,5,,23.6462,
2026-03-05T00:48:42Z,UCL,246282,ucl-cfc1-psg1-2026-03-17-more-markets,Chelsea FC vs. Paris Saint-Germain FC - More Markets,2026-03-04T19:23:57.030528Z,1500956,ucl-cfc1-psg1-2026-03-17-spread-home-2pt5,Spread: Chelsea FC (-2.5),0xa1558d607041ee00b047847153123c80e7e6d17c4359844d3a397e1604c6e53a,"[""16902596264025731698255968408566387194601047070876322480260115036354378784971"", ""15681557794032458081853646830785711386601451895752209284836879244178683123553""]",16902596264025731698255968408566387194601047070876322480260115036354378784971|15681557794032458081853646830785711386601451895752209284836879244178683123553,16902596264025731698255968408566387194601047070876322480260115036354378784971,Chelsea FC,True,0.04,11.99,0.95,5.22,0.495,0.9099999999999999,d2639aa58a476e661cdfaa631fccba498e73f931,0.01,5,,43.4781,
2026-03-05T00:48:42Z,UCL,246282,ucl-cfc1-psg1-2026-03-17-more-markets,Chelsea FC vs. Paris Saint-Germain FC - More Markets,2026-03-04T19:23:57.030528Z,1500956,ucl-cfc1-psg1-2026-03-17-spread-home-2pt5,Spread: Chelsea FC (-2.5),0xa1558d607041ee00b047847153123c80e7e6d17c4359844d3a397e1604c6e53a,"[""16902596264025731698255968408566387194601047070876322480260115036354378784971"", ""15681557794032458081853646830785711386601451895752209284836879244178683123553""]",16902596264025731698255968408566387194601047070876322480260115036354378784971|15681557794032458081853646830785711386601451895752209284836879244178683123553,15681557794032458081853646830785711386601451895752209284836879244178683123553,Paris Saint-Germain FC,True,0.05,5.22,0.96,11.99,0.505,0.9099999999999999,b6c763b60ee1f5c356180460b2b7a33540288521,0.01,5,,43.4781,
2026-03-05T00:48:42Z,UCL,246282,ucl-cfc1-psg1-2026-03-17-more-markets,Chelsea FC vs. Paris Saint-Germain FC - More Markets,2026-03-04T19:23:57.030528Z,1500957,ucl-cfc1-psg1-2026-03-17-spread-away-2pt5,Spread: Paris Saint-Germain FC (-2.5),0x75f104fafea2c3861d6a919acfbf355834bea565c8e27752fe59df37c1f2c6f2,"[""16898778867063863415636646992084921663944899712372554004749398267449756283987"", ""49811115067442420158447102008362120077287701487714173374011222340959706567792""]",16898778867063863415636646992084921663944899712372554004749398267449756283987|49811115067442420158447102008362120077287701487714173374011222340959706567792,16898778867063863415636646992084921663944899712372554004749398267449756283987,Paris Saint-Germain FC,True,0.05,8.0,0.97,49.83,0.51,0.9199999999999999,cdd74aae38a142f70cfaa2ea98dcf09a231aacc8,0.01,5,,38.0578,
2026-03-05T00:48:42Z,UCL,246282,ucl-cfc1-psg1-2026-03-17-more-markets,Chelsea FC vs. Paris Saint-Germain FC - More Markets,2026-03-04T19:23:57.030528Z,1500957,ucl-cfc1-psg1-2026-03-17-spread-away-2pt5,Spread: Paris Saint-Germain FC (-2.5),0x75f104fafea2c3861d6a919acfbf355834bea565c8e27752fe59df37c1f2c6f2,"[""16898778867063863415636646992084921663944899712372554004749398267449756283987"", ""49811115067442420158447102008362120077287701487714173374011222340959706567792""]",16898778867063863415636646992084921663944899712372554004749398267449756283987|49811115067442420158447102008362120077287701487714173374011222340959706567792,49811115067442420158447102008362120077287701487714173374011222340959706567792,Chelsea FC,True,0.03,49.83,0.95,8.0,0.49,0.9199999999999999,7e9c974a5d09a7e9c15e127f0b96e2d2f4ce9176,0.01,5,,38.0578,
2026-03-05T00:48:42Z,UCL,246282,ucl-cfc1-psg1-2026-03-17-more-markets,Chelsea FC vs. Paris Saint-Germain FC - More Markets,2026-03-04T19:23:57.030528Z,1500958,ucl-cfc1-psg1-2026-03-17-total-1pt5,Chelsea FC vs. Paris Saint-Germain FC: O/U 1.5,0xf07c6b6e46636e4e68bb4c760ffc040e76db9399dee7f4a92f0ae6867a95ff63,"[""107379951624266081441883400039951263754174626528499215626807262602473782458486"", ""87623471987871793531264570698517495907900559358840692060012125015084273964957""]",107379951624266081441883400039951263754174626528499215626807262602473782458486|87623471987871793531264570698517495907900559358840692060012125015084273964957,107379951624266081441883400039951263754174626528499215626807262602473782458486,Over,True,0.04,10.0,0.91,8.53,0.47500000000000003,0.87,e116db9a7aa50af034852cc923f42c955d98f49c,0.01,5,,24.2707,
2026-03-05T00:48:42Z,UCL,246282,ucl-cfc1-psg1-2026-03-17-more-markets,Chelsea FC vs. Paris Saint-Germain FC - More Markets,2026-03-04T19:23:57.030528Z,1500958,ucl-cfc1-psg1-2026-03-17-total-1pt5,Chelsea FC vs. Paris Saint-Germain FC: O/U 1.5,0xf07c6b6e46636e4e68bb4c760ffc040e76db9399dee7f4a92f0ae6867a95ff63,"[""107379951624266081441883400039951263754174626528499215626807262602473782458486"", ""87623471987871793531264570698517495907900559358840692060012125015084273964957""]",107379951624266081441883400039951263754174626528499215626807262602473782458486|87623471987871793531264570698517495907900559358840692060012125015084273964957,87623471987871793531264570698517495907900559358840692060012125015084273964957,Under,True,0.09,8.53,0.96,10.0,0.525,0.87,f484a4d2bbcec2b9ca2eb37ecca8adab4c3a8e65,0.01,5,,24.2707,
2026-03-05T00:48:42Z,UCL,246282,ucl-cfc1-psg1-2026-03-17-more-markets,Chelsea FC vs. Paris Saint-Germain FC - More Markets,2026-03-04T19:23:57.030528Z,1500959,ucl-cfc1-psg1-2026-03-17-total-2pt5,Chelsea FC vs. Paris Saint-Germain FC: O/U 2.5,0xfc8cba3111834763777679a06d79528125d9608a5e3d876317f06ebfc26978a5,"[""96149246539440450263128252123811747982936729470333468025356711110286102684708"", ""59305917610328343462667494051082989077069269638889227507240927672455853706653""]",96149246539440450263128252123811747982936729470333468025356711110286102684708|59305917610328343462667494051082989077069269638889227507240927672455853706653,96149246539440450263128252123811747982936729470333468025356711110286102684708,Over,True,0.03,49.45,0.98,83.95,0.505,0.95,18298fc4b5d6afe675a0a05db6375577085f830c,0.01,5,,11.8465,
2026-03-05T00:48:42Z,UCL,246282,ucl-cfc1-psg1-2026-03-17-more-markets,Chelsea FC vs. Paris Saint-Germain FC - More Markets,2026-03-04T19:23:57.030528Z,1500959,ucl-cfc1-psg1-2026-03-17-total-2pt5,Chelsea FC vs. Paris Saint-Germain FC: O/U 2.5,0xfc8cba3111834763777679a06d79528125d9608a5e3d876317f06ebfc26978a5,"[""96149246539440450263128252123811747982936729470333468025356711110286102684708"", ""59305917610328343462667494051082989077069269638889227507240927672455853706653""]",96149246539440450263128252123811747982936729470333468025356711110286102684708|59305917610328343462667494051082989077069269638889227507240927672455853706653,59305917610328343462667494051082989077069269638889227507240927672455853706653,Under,True,0.02,83.95,0.97,49.45,0.495,0.95,a5135d6b8dc407473d2e1d5c4cf942f278048a24,0.01,5,,11.8465,
2026-03-05T00:48:42Z,UCL,246282,ucl-cfc1-psg1-2026-03-17-more-markets,Chelsea FC vs. Paris Saint-Germain FC - More Markets,2026-03-04T19:23:57.030528Z,1500960,ucl-cfc1-psg1-2026-03-17-total-3pt5,Chelsea FC vs. Paris Saint-Germain FC: O/U 3.5,0x0b85b264338661a3ad219128634978a32ca1197b066ac57335cd979081bb16de,"[""103909268668604927333632193656114733640657798758986180968042643042909836703969"", ""64096078851944884634508249476131628427781517288743862096620642542332665844304""]",103909268668604927333632193656114733640657798758986180968042643042909836703969|64096078851944884634508249476131628427781517288743862096620642542332665844304,103909268668604927333632193656114733640657798758986180968042643042909836703969,Over,True,0.03,49.69,0.98,82.39,0.505,0.95,cc1562b59b11a19d00c8e26600aa0570e857a153,0.01,5,,9.7685,
2026-03-05T00:48:42Z,UCL,246282,ucl-cfc1-psg1-2026-03-17-more-markets,Chelsea FC vs. Paris Saint-Germain FC - More Markets,2026-03-04T19:23:57.030528Z,1500960,ucl-cfc1-psg1-2026-03-17-total-3pt5,Chelsea FC vs. Paris Saint-Germain FC: O/U 3.5,0x0b85b264338661a3ad219128634978a32ca1197b066ac57335cd979081bb16de,"[""103909268668604927333632193656114733640657798758986180968042643042909836703969"", ""64096078851944884634508249476131628427781517288743862096620642542332665844304""]",103909268668604927333632193656114733640657798758986180968042643042909836703969|64096078851944884634508249476131628427781517288743862096620642542332665844304,64096078851944884634508249476131628427781517288743862096620642542332665844304,Under,True,0.02,82.39,0.97,49.69,0.495,0.95,4e3f5f34f05f3cfb482306a65ccde0e298bffbed,0.01,5,,9.7685,
2026-03-05T00:48:42Z,UCL,246282,ucl-cfc1-psg1-2026-03-17-more-markets,Chelsea FC vs. Paris Saint-Germain FC - More Markets,2026-03-04T19:23:57.030528Z,1500961,ucl-cfc1-psg1-2026-03-17-total-4pt5,Chelsea FC vs. Paris Saint-Germain FC: O/U 4.5,0x315cc30b6dc5fd94ba1bb40f19e7eaf140467a22b6745ea5d1ec234f32b1b2cf,"[""52231700143030496690070170191006919949391183468622061573544096274630565934050"", ""55024871281013064312166177296733294413496723011181820210068573505545228860282""]",52231700143030496690070170191006919949391183468622061573544096274630565934050|55024871281013064312166177296733294413496723011181820210068573505545228860282,52231700143030496690070170191006919949391183468622061573544096274630565934050,Over,True,0.03,51.48,0.95,8.0,0.49,0.9199999999999999,cb8c76d5a627294efd665004b0a2e97978c536bd,0.01,5,,22.9173,
2026-03-05T00:48:42Z,UCL,246282,ucl-cfc1-psg1-2026-03-17-more-markets,Chelsea FC vs. Paris Saint-Germain FC - More Markets,2026-03-04T19:23:57.030528Z,1500961,ucl-cfc1-psg1-2026-03-17-total-4pt5,Chelsea FC vs. Paris Saint-Germain FC: O/U 4.5,0x315cc30b6dc5fd94ba1bb40f19e7eaf140467a22b6745ea5d1ec234f32b1b2cf,"[""52231700143030496690070170191006919949391183468622061573544096274630565934050"", ""55024871281013064312166177296733294413496723011181820210068573505545228860282""]",52231700143030496690070170191006919949391183468622061573544096274630565934050|55024871281013064312166177296733294413496723011181820210068573505545228860282,55024871281013064312166177296733294413496723011181820210068573505545228860282,Under,True,0.05,8.0,0.97,51.48,0.51,0.9199999999999999,79daea897dd3f4e54307df69d2158fd15bb394c1,0.01,5,,22.9173,
2026-03-05T00:48:42Z,UCL,246282,ucl-cfc1-psg1-2026-03-17-more-markets,Chelsea FC vs. Paris Saint-Germain FC - More Markets,2026-03-04T19:23:57.030528Z,1500962,ucl-cfc1-psg1-2026-03-17-btts,Chelsea FC vs. Paris Saint-Germain FC: Both Teams to Score,0x1633ed30430cfc09cb86301221a1e6ca29465ea6af33090bc9f1f44a76836d6a,"[""8325156377627902902406749415831499122539407237339006583539846714054749379745"", ""99508351503990512232035165026253896019290647972126024954559218543684960195455""]",8325156377627902902406749415831499122539407237339006583539846714054749379745|99508351503990512232035165026253896019290647972126024954559218543684960195455,8325156377627902902406749415831499122539407237339006583539846714054749379745,Yes,True,0.06,18.03,0.94,16.37,0.5,0.8799999999999999,005eb9e9171d88a2048b669d9ac3025879711f96,0.01,5,,40.2551,
2026-03-05T00:48:42Z,UCL,246282,ucl-cfc1-psg1-2026-03-17-more-markets,Chelsea FC vs. Paris Saint-Germain FC - More Markets,2026-03-04T19:23:57.030528Z,1500962,ucl-cfc1-psg1-2026-03-17-btts,Chelsea FC vs. Paris Saint-Germain FC: Both Teams to Score,0x1633ed30430cfc09cb86301221a1e6ca29465ea6af33090bc9f1f44a76836d6a,"[""8325156377627902902406749415831499122539407237339006583539846714054749379745"", ""99508351503990512232035165026253896019290647972126024954559218543684960195455""]",8325156377627902902406749415831499122539407237339006583539846714054749379745|99508351503990512232035165026253896019290647972126024954559218543684960195455,99508351503990512232035165026253896019290647972126024954559218543684960195455,No,True,0.06,16.37,0.94,18.03,0.5,0.8799999999999999,56338fff0ac278623b9d20e3daa3a2211b751b0d,0.01,5,,40.2551,
2026-03-05T00:48:42Z,UCL,246283,ucl-spo1-bog1-2026-03-17-more-markets,Sporting CP vs. FK Bodø/Glimt - More Markets,2026-03-04T19:23:57.024342Z,1500963,ucl-spo1-bog1-2026-03-17-spread-home-1pt5,Spread: Sporting CP (-1.5),0xb3db06167b3fe6cd897168ec921d85f17b17a15c653c7916efc97a81aec09c9c,"[""58664638753041535086706631619542177594881195382499447149215399272083023873369"", ""66065946672780261029454437557955014947252690953259323773499116052633501543840""]",58664638753041535086706631619542177594881195382499447149215399272083023873369|66065946672780261029454437557955014947252690953259323773499116052633501543840,58664638753041535086706631619542177594881195382499447149215399272083023873369,Sporting CP,True,0.06,8.79,0.94,16.66,0.5,0.8799999999999999,d70325d061068496ed732418ba31197bf7f88761,0.01,5,,53.7944,
2026-03-05T00:48:42Z,UCL,246283,ucl-spo1-bog1-2026-03-17-more-markets,Sporting CP vs. FK Bodø/Glimt - More Markets,2026-03-04T19:23:57.024342Z,1500963,ucl-spo1-bog1-2026-03-17-spread-home-1pt5,Spread: Sporting CP (-1.5),0xb3db06167b3fe6cd897168ec921d85f17b17a15c653c7916efc97a81aec09c9c,"[""58664638753041535086706631619542177594881195382499447149215399272083023873369"", ""66065946672780261029454437557955014947252690953259323773499116052633501543840""]",58664638753041535086706631619542177594881195382499447149215399272083023873369|66065946672780261029454437557955014947252690953259323773499116052633501543840,66065946672780261029454437557955014947252690953259323773499116052633501543840,FK Bodø/Glimt,True,0.06,16.66,0.94,8.79,0.5,0.8799999999999999,ee4b087712242f9bd75636f54531dac707af649a,0.01,5,,53.7944,
2026-03-05T00:48:42Z,UCL,246283,ucl-spo1-bog1-2026-03-17-more-markets,Sporting CP vs. FK Bodø/Glimt - More Markets,2026-03-04T19:23:57.024342Z,1500964,ucl-spo1-bog1-2026-03-17-spread-away-1pt5,Spread: FK Bodø/Glimt (-1.5),0xa17d8952b032565a124e2724f65bac3bcc217aa85dd4fbf2f5b29bdc730690fe,"[""70922553406779833067560566373381490839155673006685933354064874753817268359583"", ""16541201023074519289372268151993747426419941016830834935272952905809028355955""]",70922553406779833067560566373381490839155673006685933354064874753817268359583|16541201023074519289372268151993747426419941016830834935272952905809028355955,70922553406779833067560566373381490839155673006685933354064874753817268359583,FK Bodø/Glimt,True,0.09,8.54,0.95,17.84,0.52,0.86,4b80052f89c7d60268c049e7e7422cb552e90773,0.01,5,,56.2641,
2026-03-05T00:48:42Z,UCL,246283,ucl-spo1-bog1-2026-03-17-more-markets,Sporting CP vs. FK Bodø/Glimt - More Markets,2026-03-04T19:23:57.024342Z,1500964,ucl-spo1-bog1-2026-03-17-spread-away-1pt5,Spread: FK Bodø/Glimt (-1.5),0xa17d8952b032565a124e2724f65bac3bcc217aa85dd4fbf2f5b29bdc730690fe,"[""70922553406779833067560566373381490839155673006685933354064874753817268359583"", ""16541201023074519289372268151993747426419941016830834935272952905809028355955""]",70922553406779833067560566373381490839155673006685933354064874753817268359583|16541201023074519289372268151993747426419941016830834935272952905809028355955,16541201023074519289372268151993747426419941016830834935272952905809028355955,Sporting CP,True,0.05,17.84,0.91,8.54,0.48000000000000004,0.86,9ee435c7e890c92f4c617affc7c9d9e73bcaddbe,0.01,5,,56.2641,
2026-03-05T00:48:42Z,UCL,246283,ucl-spo1-bog1-2026-03-17-more-markets,Sporting CP vs. FK Bodø/Glimt - More Markets,2026-03-04T19:23:57.024342Z,1500965,ucl-spo1-bog1-2026-03-17-spread-home-2pt5,Spread: Sporting CP (-2.5),0xebb066e34b4d949bf932b725aa2ab6bbd29c1ca45b65fd7d17a3aba03761ad64,"[""51925680471616986566258429241182767938938231097909587140605791038776364587321"", ""4962407600021627534883195477373929604300865384021823341996324169183028662833""]",51925680471616986566258429241182767938938231097909587140605791038776364587321|4962407600021627534883195477373929604300865384021823341996324169183028662833,51925680471616986566258429241182767938938231097909587140605791038776364587321,Sporting CP,True,0.06,11.16,0.94,18.67,0.5,0.8799999999999999,b5bc4f43fb3156ddb19294ddcd07009c8f8e1106,0.01,5,,46.4778,
2026-03-05T00:48:42Z,UCL,246283,ucl-spo1-bog1-2026-03-17-more-markets,Sporting CP vs. FK Bodø/Glimt - More Markets,2026-03-04T19:23:57.024342Z,1500965,ucl-spo1-bog1-2026-03-17-spread-home-2pt5,Spread: Sporting CP (-2.5),0xebb066e34b4d949bf932b725aa2ab6bbd29c1ca45b65fd7d17a3aba03761ad64,"[""51925680471616986566258429241182767938938231097909587140605791038776364587321"", ""4962407600021627534883195477373929604300865384021823341996324169183028662833""]",51925680471616986566258429241182767938938231097909587140605791038776364587321|4962407600021627534883195477373929604300865384021823341996324169183028662833,4962407600021627534883195477373929604300865384021823341996324169183028662833,FK Bodø/Glimt,True,0.06,18.67,0.94,11.16,0.5,0.8799999999999999,c7eeb2ca98aac4e454ee0229175eeee944b257f1,0.01,5,,46.4778,
2026-03-05T00:48:42Z,UCL,246283,ucl-spo1-bog1-2026-03-17-more-markets,Sporting CP vs. FK Bodø/Glimt - More Markets,2026-03-04T19:23:57.024342Z,1500966,ucl-spo1-bog1-2026-03-17-spread-away-2pt5,Spread: FK Bodø/Glimt (-2.5),0x1c17ff96f77dbeb90e1c9e926e4c107c68cf51f528e61c8943022fdda5715715,"[""4460435805687915146572642733985077539406041001288174607915890474791729014769"", ""79817444955742389009260533825450006522188931108465150590407578215336189952694""]",4460435805687915146572642733985077539406041001288174607915890474791729014769|79817444955742389009260533825450006522188931108465150590407578215336189952694,4460435805687915146572642733985077539406041001288174607915890474791729014769,FK Bodø/Glimt,True,0.03,49.51,0.95,7.99,0.49,0.9199999999999999,d4edcda2dfab8f5b4a26220beffc48e2d04ddbc2,0.01,5,,38.1515,
2026-03-05T00:48:42Z,UCL,246283,ucl-spo1-bog1-2026-03-17-more-markets,Sporting CP vs. FK Bodø/Glimt - More Markets,2026-03-04T19:23:57.024342Z,1500966,ucl-spo1-bog1-2026-03-17-spread-away-2pt5,Spread: FK Bodø/Glimt (-2.5),0x1c17ff96f77dbeb90e1c9e926e4c107c68cf51f528e61c8943022fdda5715715,"[""4460435805687915146572642733985077539406041001288174607915890474791729014769"", ""79817444955742389009260533825450006522188931108465150590407578215336189952694""]",4460435805687915146572642733985077539406041001288174607915890474791729014769|79817444955742389009260533825450006522188931108465150590407578215336189952694,79817444955742389009260533825450006522188931108465150590407578215336189952694,Sporting CP,True,0.05,7.99,0.97,49.51,0.51,0.9199999999999999,3ac481c7e1a57876867482601a2e25f2e3d64534,0.01,5,,38.1515,
2026-03-05T00:48:42Z,UCL,246283,ucl-spo1-bog1-2026-03-17-more-markets,Sporting CP vs. FK Bodø/Glimt - More Markets,2026-03-04T19:23:57.024342Z,1500967,ucl-spo1-bog1-2026-03-17-total-1pt5,Sporting CP vs. FK Bodø/Glimt: O/U 1.5,0x466db5eff8f6c7c7bc0eb418657ee7681a1fe572a6d69211332466c6d6fc1785,"[""19126841682571568359185436478360040321744671141877141956226828433219600004152"", ""61855256767308905878484824588567515941467793033670155972581396129306523987288""]",19126841682571568359185436478360040321744671141877141956226828433219600004152|61855256767308905878484824588567515941467793033670155972581396129306523987288,19126841682571568359185436478360040321744671141877141956226828433219600004152,Over,True,0.03,45.25,0.9,7.2,0.465,0.87,3b14c3cd260636f219e18ac008a12fd277e62c7b,0.01,5,,29.7455,
2026-03-05T00:48:42Z,UCL,246283,ucl-spo1-bog1-2026-03-17-more-markets,Sporting CP vs. FK Bodø/Glimt - More Markets,2026-03-04T19:23:57.024342Z,1500967,ucl-spo1-bog1-2026-03-17-total-1pt5,Sporting CP vs. FK Bodø/Glimt: O/U 1.5,0x466db5eff8f6c7c7bc0eb418657ee7681a1fe572a6d69211332466c6d6fc1785,"[""19126841682571568359185436478360040321744671141877141956226828433219600004152"", ""61855256767308905878484824588567515941467793033670155972581396129306523987288""]",19126841682571568359185436478360040321744671141877141956226828433219600004152|61855256767308905878484824588567515941467793033670155972581396129306523987288,61855256767308905878484824588567515941467793033670155972581396129306523987288,Under,True,0.1,7.2,0.97,45.25,0.535,0.87,3d5080335ae300a61921f038ad29bb7ec4a340d7,0.01,5,,29.7455,
2026-03-05T00:48:42Z,UCL,246283,ucl-spo1-bog1-2026-03-17-more-markets,Sporting CP vs. FK Bodø/Glimt - More Markets,2026-03-04T19:23:57.024342Z,1500968,ucl-spo1-bog1-2026-03-17-total-2pt5,Sporting CP vs. FK Bodø/Glimt: O/U 2.5,0xa41a9748ae5f89aa8fbe012748555bb8cb48f84e3fb921be4bbeba2a12d23f76,"[""42605578103265458600540299834401396346557955913434602759171734416245990443860"", ""99990545527561380374503394901233779153386883533663201111895484517559058681""]",42605578103265458600540299834401396346557955913434602759171734416245990443860|99990545527561380374503394901233779153386883533663201111895484517559058681,42605578103265458600540299834401396346557955913434602759171734416245990443860,Over,True,0.02,82.07,0.98,82.59,0.5,0.96,d4373de5ee38c22528d429b383a2b28f50621fcd,0.01,5,,10.0668,
2026-03-05T00:48:42Z,UCL,246283,ucl-spo1-bog1-2026-03-17-more-markets,Sporting CP vs. FK Bodø/Glimt - More Markets,2026-03-04T19:23:57.024342Z,1500968,ucl-spo1-bog1-2026-03-17-total-2pt5,Sporting CP vs. FK Bodø/Glimt: O/U 2.5,0xa41a9748ae5f89aa8fbe012748555bb8cb48f84e3fb921be4bbeba2a12d23f76,"[""42605578103265458600540299834401396346557955913434602759171734416245990443860"", ""99990545527561380374503394901233779153386883533663201111895484517559058681""]",42605578103265458600540299834401396346557955913434602759171734416245990443860|99990545527561380374503394901233779153386883533663201111895484517559058681,99990545527561380374503394901233779153386883533663201111895484517559058681,Under,True,0.02,82.59,0.98,82.07,0.5,0.96,d396ca371f083cffe1ae99c9060ca554e0e061f7,0.01,5,,10.0668,
2026-03-05T00:48:42Z,UCL,246283,ucl-spo1-bog1-2026-03-17-more-markets,Sporting CP vs. FK Bodø/Glimt - More Markets,2026-03-04T19:23:57.024342Z,1500969,ucl-spo1-bog1-2026-03-17-total-3pt5,Sporting CP vs. FK Bodø/Glimt: O/U 3.5,0x95b3a4fa8a983569f9542c7231fa68e1990dff149120f7612f9d658c15c5d7ce,"[""35770964226780784436488174867744626541550248870525421223540701480036949823383"", ""12667270410205126019206240152605460953459952315400500524853692692231144140091""]",35770964226780784436488174867744626541550248870525421223540701480036949823383|12667270410205126019206240152605460953459952315400500524853692692231144140091,35770964226780784436488174867744626541550248870525421223540701480036949823383,Over,True,0.04,10.0,0.97,50.98,0.505,0.9299999999999999,99578863e7527b7eaa1bd6effb8be00ac3c6e45e,0.01,5,,21.7965,
2026-03-05T00:48:42Z,UCL,246283,ucl-spo1-bog1-2026-03-17-more-markets,Sporting CP vs. FK Bodø/Glimt - More Markets,2026-03-04T19:23:57.024342Z,1500969,ucl-spo1-bog1-2026-03-17-total-3pt5,Sporting CP vs. FK Bodø/Glimt: O/U 3.5,0x95b3a4fa8a983569f9542c7231fa68e1990dff149120f7612f9d658c15c5d7ce,"[""35770964226780784436488174867744626541550248870525421223540701480036949823383"", ""12667270410205126019206240152605460953459952315400500524853692692231144140091""]",35770964226780784436488174867744626541550248870525421223540701480036949823383|12667270410205126019206240152605460953459952315400500524853692692231144140091,12667270410205126019206240152605460953459952315400500524853692692231144140091,Under,True,0.03,50.98,0.96,10.0,0.495,0.9299999999999999,d43c7c9a411adb263f9bf66035a1c866bdc051a7,0.01,5,,21.7965,
2026-03-05T00:48:42Z,UCL,246283,ucl-spo1-bog1-2026-03-17-more-markets,Sporting CP vs. FK Bodø/Glimt - More Markets,2026-03-04T19:23:57.024342Z,1500970,ucl-spo1-bog1-2026-03-17-total-4pt5,Sporting CP vs. FK Bodø/Glimt: O/U 4.5,0x2db122e0a78eaf4ee472763cd2166f4ab86cc1125e7c72c435991533f31688f3,"[""95815556816362575774696956300810766658394687374843944059299759160796993318807"", ""88395983125124348451219766140123070192455541257496792790880858041652870119779""]",95815556816362575774696956300810766658394687374843944059299759160796993318807|88395983125124348451219766140123070192455541257496792790880858041652870119779,95815556816362575774696956300810766658394687374843944059299759160796993318807,Over,True,0.09,8.69,0.96,35.09,0.525,0.87,db06f11fc9c31ee8d043dbae01f3f5b544b6b119,0.01,5,,23.092,
2026-03-05T00:48:42Z,UCL,246283,ucl-spo1-bog1-2026-03-17-more-markets,Sporting CP vs. FK Bodø/Glimt - More Markets,2026-03-04T19:23:57.024342Z,1500970,ucl-spo1-bog1-2026-03-17-total-4pt5,Sporting CP vs. FK Bodø/Glimt: O/U 4.5,0x2db122e0a78eaf4ee472763cd2166f4ab86cc1125e7c72c435991533f31688f3,"[""95815556816362575774696956300810766658394687374843944059299759160796993318807"", ""88395983125124348451219766140123070192455541257496792790880858041652870119779""]",95815556816362575774696956300810766658394687374843944059299759160796993318807|88395983125124348451219766140123070192455541257496792790880858041652870119779,88395983125124348451219766140123070192455541257496792790880858041652870119779,Under,True,0.04,35.09,0.91,8.69,0.47500000000000003,0.87,16e0109e981ae625fb9d7c0e90b03a9b0858808f,0.01,5,,23.092,
2026-03-05T00:48:42Z,UCL,246283,ucl-spo1-bog1-2026-03-17-more-markets,Sporting CP vs. FK Bodø/Glimt - More Markets,2026-03-04T19:23:57.024342Z,1500971,ucl-spo1-bog1-2026-03-17-btts,Sporting CP vs. FK Bodø/Glimt: Both Teams to Score,0x7f331109bd56d61e1bb2da62641fdb9b0fb9e847e325ad07c1d1b86a69445f9d,"[""5731310634354220597378114023108046440605863005420792031509977707634005895715"", ""545146036905690045527703381512247156836744351397480240713590228142647210168""]",5731310634354220597378114023108046440605863005420792031509977707634005895715|545146036905690045527703381512247156836744351397480240713590228142647210168,5731310634354220597378114023108046440605863005420792031509977707634005895715,Yes,True,0.06,16.44,0.94,16.45,0.5,0.8799999999999999,29c5b282cf3dcdda32abebf5d163de6e2a3660a4,0.01,5,,46.4098,
2026-03-05T00:48:42Z,UCL,246283,ucl-spo1-bog1-2026-03-17-more-markets,Sporting CP vs. FK Bodø/Glimt - More Markets,2026-03-04T19:23:57.024342Z,1500971,ucl-spo1-bog1-2026-03-17-btts,Sporting CP vs. FK Bodø/Glimt: Both Teams to Score,0x7f331109bd56d61e1bb2da62641fdb9b0fb9e847e325ad07c1d1b86a69445f9d,"[""5731310634354220597378114023108046440605863005420792031509977707634005895715"", ""545146036905690045527703381512247156836744351397480240713590228142647210168""]",5731310634354220597378114023108046440605863005420792031509977707634005895715|545146036905690045527703381512247156836744351397480240713590228142647210168,545146036905690045527703381512247156836744351397480240713590228142647210168,No,True,0.06,16.45,0.94,16.44,0.5,0.8799999999999999,fab16c8fb52e5d6776313c5d27bbc09da847e92e,0.01,5,,46.4098,
