ts_utc,league,event_id,event_slug,event_title,event_start,market_id,market_slug,market_question,condition_id,clob_token_ids_raw,token_ids_parsed,token_id,outcome,book_found,best_bid,best_bid_size,best_ask,best_ask_size,mid,spread,book_hash,tick_size,min_order_size,last_trade_price,liquidity,volume
2026-03-09T00:49:30Z,UCL,33506,uefa-champions-league-winner,UEFA Champions League Winner ,2025-07-28T16:48:06.450445Z,566139,will-real-madrid-win-the-202526-champions-league,Will Real Madrid win the 2025–26 Champions League?,0x52a5ce595e0f0816e17e5f40dbd5967c88beb4b9f21000bfdd9a1ff26c281fdd,"[""47060861968389645577251408086188258199430417779776802737050665875266354301946"", ""12905796939799815677187294753823746821359945387637800747970148392857538825639""]",47060861968389645577251408086188258199430417779776802737050665875266354301946|12905796939799815677187294753823746821359945387637800747970148392857538825639,47060861968389645577251408086188258199430417779776802737050665875266354301946,Yes,True,0.05,1583.39,0.06,153216.07,0.055,0.009999999999999995,d0f3df9a3b6e1f3acad55bf1286e6dc34a01199a,0.01,5,0.050,310982.5248,2009550.1302879965
2026-03-09T00:49:30Z,UCL,33506,uefa-champions-league-winner,UEFA Champions League Winner ,2025-07-28T16:48:06.450445Z,566139,will-real-madrid-win-the-202526-champions-league,Will Real Madrid win the 2025–26 Champions League?,0x52a5ce595e0f0816e17e5f40dbd5967c88beb4b9f21000bfdd9a1ff26c281fdd,"[""47060861968389645577251408086188258199430417779776802737050665875266354301946"", ""12905796939799815677187294753823746821359945387637800747970148392857538825639""]",47060861968389645577251408086188258199430417779776802737050665875266354301946|12905796939799815677187294753823746821359945387637800747970148392857538825639,12905796939799815677187294753823746821359945387637800747970148392857538825639,No,True,0.94,153216.07,0.95,1583.39,0.945,0.010000000000000009,2dc5093212f4f731135910a696745a2ef5ad36e5,0.01,5,0.050,310982.5248,2009550.1302879965
2026-03-09T00:49:30Z,UCL,33506,uefa-champions-league-winner,UEFA Champions League Winner ,2025-07-28T16:48:06.450445Z,566140,will-arsenal-win-the-202526-champions-league,Will Arsenal win the 2025–26 Champions League?,0x8df5a4256840dee05851250c0490da7593597faff3a7f9a156ccbbda7fec76f8,"[""76184513907290761912636659055080401703643418316153242056949287928791438454394"", ""40207448075213637709805668474726325753733020974923638056549809058860608450985""]",76184513907290761912636659055080401703643418316153242056949287928791438454394|40207448075213637709805668474726325753733020974923638056549809058860608450985,76184513907290761912636659055080401703643418316153242056949287928791438454394,Yes,True,0.27,8476.2,0.28,36428.5,0.275,0.010000000000000009,49fcb51e05877222f1d465400d2dd21de7d865a4,0.01,5,0.721,523221.6629,2375715.2458600015
2026-03-09T00:49:30Z,UCL,33506,uefa-champions-league-winner,UEFA Champions League Winner ,2025-07-28T16:48:06.450445Z,566140,will-arsenal-win-the-202526-champions-league,Will Arsenal win the 2025–26 Champions League?,0x8df5a4256840dee05851250c0490da7593597faff3a7f9a156ccbbda7fec76f8,"[""76184513907290761912636659055080401703643418316153242056949287928791438454394"", ""40207448075213637709805668474726325753733020974923638056549809058860608450985""]",76184513907290761912636659055080401703643418316153242056949287928791438454394|40207448075213637709805668474726325753733020974923638056549809058860608450985,40207448075213637709805668474726325753733020974923638056549809058860608450985,No,True,0.72,36428.5,0.73,8476.2,0.725,0.010000000000000009,47b391ae8fedc30f0f0e0bb6961040afc43e9e1c,0.01,5,0.721,523221.6629,2375715.2458600015
2026-03-09T00:49:30Z,UCL,33506,uefa-champions-league-winner,UEFA Champions League Winner ,2025-07-28T16:48:06.450445Z,566162,will-nice-win-the-202526-champions-league,Will Nice win the 2025–26 Champions League?,0x13be83c76cc4d5675864e98dd223f31ae55544e756bd820c0e2b25c2ebc38149,"[""36078493005915375352466001135871393432367547181476349286788545624046064026708"", ""47142248944716558259102963239421950721216648703892591032088229166716736318020""]",36078493005915375352466001135871393432367547181476349286788545624046064026708|47142248944716558259102963239421950721216648703892591032088229166716736318020,36078493005915375352466001135871393432367547181476349286788545624046064026708,Yes,False,,,,,,,,,,,,344379.00715
2026-03-09T00:49:30Z,UCL,33506,uefa-champions-league-winner,UEFA Champions League Winner ,2025-07-28T16:48:06.450445Z,566162,will-nice-win-the-202526-champions-league,Will Nice win the 2025–26 Champions League?,0x13be83c76cc4d5675864e98dd223f31ae55544e756bd820c0e2b25c2ebc38149,"[""36078493005915375352466001135871393432367547181476349286788545624046064026708"", ""47142248944716558259102963239421950721216648703892591032088229166716736318020""]",36078493005915375352466001135871393432367547181476349286788545624046064026708|47142248944716558259102963239421950721216648703892591032088229166716736318020,47142248944716558259102963239421950721216648703892591032088229166716736318020,No,False,,,,,,,,,,,,344379.00715
2026-03-09T00:49:30Z,UCL,33506,uefa-champions-league-winner,UEFA Champions League Winner ,2025-07-28T16:48:06.450445Z,566141,will-man-city-win-the-202526-champions-league,Will Man City win the 2025–26 Champions League?,0x453e4a52fd6e889f4895320475971bc8ed0bc427dba6108341be6abea5660c6e,"[""36058894980442135017211479622306510816996260853695318681196065390360075685530"", ""112574489854879876348403352508736279198755657572621272542900243530924839503706""]",36058894980442135017211479622306510816996260853695318681196065390360075685530|112574489854879876348403352508736279198755657572621272542900243530924839503706,36058894980442135017211479622306510816996260853695318681196065390360075685530,Yes,True,0.08,73510.84,0.09,63821.24,0.08499999999999999,0.009999999999999995,66a607d1dd283ef9c68ec17b3378845f6fc7a2f2,0.01,5,0.090,275073.9451,1660016.1842780039
2026-03-09T00:49:30Z,UCL,33506,uefa-champions-league-winner,UEFA Champions League Winner ,2025-07-28T16:48:06.450445Z,566141,will-man-city-win-the-202526-champions-league,Will Man City win the 2025–26 Champions League?,0x453e4a52fd6e889f4895320475971bc8ed0bc427dba6108341be6abea5660c6e,"[""36058894980442135017211479622306510816996260853695318681196065390360075685530"", ""112574489854879876348403352508736279198755657572621272542900243530924839503706""]",36058894980442135017211479622306510816996260853695318681196065390360075685530|112574489854879876348403352508736279198755657572621272542900243530924839503706,112574489854879876348403352508736279198755657572621272542900243530924839503706,No,True,0.91,63821.24,0.92,73510.84,0.915,0.010000000000000009,eef597fe182f573862bd3f6e7edc818291465212,0.01,5,0.090,275073.9451,1660016.1842780039
2026-03-09T00:49:30Z,UCL,33506,uefa-champions-league-winner,UEFA Champions League Winner ,2025-07-28T16:48:06.450445Z,566151,will-dortmund-win-the-202526-champions-league,Will Dortmund win the 2025–26 Champions League?,0x64992dfd0ed5e31eaf3d2ff7f240ba16d67439f8d580d105ca29e11acf4f36d7,"[""54275533608639596532955018862196542567663670765651740883648018147929291793532"", ""4239985250370208644360888245833679243239394540329134315317169641460228211715""]",54275533608639596532955018862196542567663670765651740883648018147929291793532|4239985250370208644360888245833679243239394540329134315317169641460228211715,54275533608639596532955018862196542567663670765651740883648018147929291793532,Yes,False,,,,,,,,,,,,3784244.309109
2026-03-09T00:49:30Z,UCL,33506,uefa-champions-league-winner,UEFA Champions League Winner ,2025-07-28T16:48:06.450445Z,566151,will-dortmund-win-the-202526-champions-league,Will Dortmund win the 2025–26 Champions League?,0x64992dfd0ed5e31eaf3d2ff7f240ba16d67439f8d580d105ca29e11acf4f36d7,"[""54275533608639596532955018862196542567663670765651740883648018147929291793532"", ""4239985250370208644360888245833679243239394540329134315317169641460228211715""]",54275533608639596532955018862196542567663670765651740883648018147929291793532|4239985250370208644360888245833679243239394540329134315317169641460228211715,4239985250370208644360888245833679243239394540329134315317169641460228211715,No,False,,,,,,,,,,,,3784244.309109
2026-03-09T00:49:30Z,UCL,33506,uefa-champions-league-winner,UEFA Champions League Winner ,2025-07-28T16:48:06.450445Z,566174,will-slavia-pragu-win-the-202526-champions-league,Will Slavia Pragu win the 2025–26 Champions League?,0xe371bb4a38f3714fc1ef7a8ecdaca8a8005aecead9ec95eb5ed8184ca55a94d7,"[""101564510739658892373078552770639793245135038809362064410922020660639564617759"", ""34146754045968539016734059757762644473418677163720213182630410899169414081030""]",101564510739658892373078552770639793245135038809362064410922020660639564617759|34146754045968539016734059757762644473418677163720213182630410899169414081030,101564510739658892373078552770639793245135038809362064410922020660639564617759,Yes,False,,,,,,,,,,,,28392439.058395
2026-03-09T00:49:30Z,UCL,33506,uefa-champions-league-winner,UEFA Champions League Winner ,2025-07-28T16:48:06.450445Z,566174,will-slavia-pragu-win-the-202526-champions-league,Will Slavia Pragu win the 2025–26 Champions League?,0xe371bb4a38f3714fc1ef7a8ecdaca8a8005aecead9ec95eb5ed8184ca55a94d7,"[""101564510739658892373078552770639793245135038809362064410922020660639564617759"", ""34146754045968539016734059757762644473418677163720213182630410899169414081030""]",101564510739658892373078552770639793245135038809362064410922020660639564617759|34146754045968539016734059757762644473418677163720213182630410899169414081030,34146754045968539016734059757762644473418677163720213182630410899169414081030,No,False,,,,,,,,,,,,28392439.058395
2026-03-09T00:49:30Z,UCL,33506,uefa-champions-league-winner,UEFA Champions League Winner ,2025-07-28T16:48:06.450445Z,566183,will-team-h-win-the-202526-champions-league,Will Team H win the 2025–26 Champions League?,0x9950b0caba9b4bf930d76fda75563cccb27cf5f51a8c46eccfe307f631f222a6,"[""14462878575730109408423721841834410823779561252874091193824246909778691369466"", ""4248830884015670977305202975500309601375554974061977301502693957227222591566""]",14462878575730109408423721841834410823779561252874091193824246909778691369466|4248830884015670977305202975500309601375554974061977301502693957227222591566,14462878575730109408423721841834410823779561252874091193824246909778691369466,Yes,False,,,,,,,,,,,0,0
2026-03-09T00:49:30Z,UCL,33506,uefa-champions-league-winner,UEFA Champions League Winner ,2025-07-28T16:48:06.450445Z,566183,will-team-h-win-the-202526-champions-league,Will Team H win the 2025–26 Champions League?,0x9950b0caba9b4bf930d76fda75563cccb27cf5f51a8c46eccfe307f631f222a6,"[""14462878575730109408423721841834410823779561252874091193824246909778691369466"", ""4248830884015670977305202975500309601375554974061977301502693957227222591566""]",14462878575730109408423721841834410823779561252874091193824246909778691369466|4248830884015670977305202975500309601375554974061977301502693957227222591566,4248830884015670977305202975500309601375554974061977301502693957227222591566,No,False,,,,,,,,,,,0,0
2026-03-09T00:49:30Z,UCL,33506,uefa-champions-league-winner,UEFA Champions League Winner ,2025-07-28T16:48:06.450445Z,566142,will-bayern-munich-win-the-202526-champions-league,Will Bayern Munich win the 2025–26 Champions League?,0x852fcfca1dfa1372b768aa6df2269d20564378bb6fe9c64bba3bc040370c1efd,"[""99432401000770353406389174286851792153493338941614722624150072378970973371272"", ""46985784934245469874674051973070583024711389039998687745451745904831527332283""]",99432401000770353406389174286851792153493338941614722624150072378970973371272|46985784934245469874674051973070583024711389039998687745451745904831527332283,99432401000770353406389174286851792153493338941614722624150072378970973371272,Yes,True,0.15,73578.31,0.16,4750.09,0.155,0.010000000000000009,122e8f47026fb428ab3aa872a0a55bb86afda81c,0.01,5,0.160,196382.317,2160304.842391006
2026-03-09T00:49:30Z,UCL,33506,uefa-champions-league-winner,UEFA Champions League Winner ,2025-07-28T16:48:06.450445Z,566142,will-bayern-munich-win-the-202526-champions-league,Will Bayern Munich win the 2025–26 Champions League?,0x852fcfca1dfa1372b768aa6df2269d20564378bb6fe9c64bba3bc040370c1efd,"[""99432401000770353406389174286851792153493338941614722624150072378970973371272"", ""46985784934245469874674051973070583024711389039998687745451745904831527332283""]",99432401000770353406389174286851792153493338941614722624150072378970973371272|46985784934245469874674051973070583024711389039998687745451745904831527332283,46985784934245469874674051973070583024711389039998687745451745904831527332283,No,True,0.84,4750.09,0.85,73578.31,0.845,0.010000000000000009,773d83f8901ba4b73d2bdfd6a4c46e071646f9ad,0.01,5,0.160,196382.317,2160304.842391006
2026-03-09T00:49:30Z,UCL,33506,uefa-champions-league-winner,UEFA Champions League Winner ,2025-07-28T16:48:06.450445Z,566144,will-newcastle-win-the-202526-champions-league,Will Newcastle win the 2025–26 Champions League?,0x19c97446c3950446f29624c1361c8fc3546d4db76e07d00ca631504d45140312,"[""20974387742204158068624640187404915189376328559826429535381983865614927838941"", ""115588562834123775446146981123983138271438440893857367313502798436014961190090""]",20974387742204158068624640187404915189376328559826429535381983865614927838941|115588562834123775446146981123983138271438440893857367313502798436014961190090,20974387742204158068624640187404915189376328559826429535381983865614927838941,Yes,True,0.018,4023.37,0.019,20452.38,0.0185,0.0010000000000000009,eac6fadcf7ab96dd8e04e371867162c003298ca3,0.001,5,0.019,743927.72775,3134985.8134619384
2026-03-09T00:49:30Z,UCL,33506,uefa-champions-league-winner,UEFA Champions League Winner ,2025-07-28T16:48:06.450445Z,566144,will-newcastle-win-the-202526-champions-league,Will Newcastle win the 2025–26 Champions League?,0x19c97446c3950446f29624c1361c8fc3546d4db76e07d00ca631504d45140312,"[""20974387742204158068624640187404915189376328559826429535381983865614927838941"", ""115588562834123775446146981123983138271438440893857367313502798436014961190090""]",20974387742204158068624640187404915189376328559826429535381983865614927838941|115588562834123775446146981123983138271438440893857367313502798436014961190090,115588562834123775446146981123983138271438440893857367313502798436014961190090,No,True,0.981,20452.38,0.982,4023.37,0.9815,0.0010000000000000009,d5b68ba1c8ee590bf44c88f45e6aea9ea258464b,0.001,5,0.019,743927.72775,3134985.8134619384
2026-03-09T00:49:30Z,UCL,33506,uefa-champions-league-winner,UEFA Champions League Winner ,2025-07-28T16:48:06.450445Z,566165,will-galatasaray-win-the-202526-champions-league,Will Galatasaray win the 2025–26 Champions League?,0xe64a95a022a9012b0e5cba0c4c3c8e81caf10f7dd5a091c24714ed154e02c13c,"[""69295864960333425952597016082425376902328320732380315285658062333058942845721"", ""100549304369162677944649288812424315756538998627108177229733233695646624190040""]",69295864960333425952597016082425376902328320732380315285658062333058942845721|100549304369162677944649288812424315756538998627108177229733233695646624190040,69295864960333425952597016082425376902328320732380315285658062333058942845721,Yes,True,0.009,2230.6,0.011,2254.97,0.009999999999999998,0.002,2ca7c38ef4bf52c763a608e066e63337f452ae91,0.001,5,0.990,164179.14563,10548154.91846084
2026-03-09T00:49:30Z,UCL,33506,uefa-champions-league-winner,UEFA Champions League Winner ,2025-07-28T16:48:06.450445Z,566165,will-galatasaray-win-the-202526-champions-league,Will Galatasaray win the 2025–26 Champions League?,0xe64a95a022a9012b0e5cba0c4c3c8e81caf10f7dd5a091c24714ed154e02c13c,"[""69295864960333425952597016082425376902328320732380315285658062333058942845721"", ""100549304369162677944649288812424315756538998627108177229733233695646624190040""]",69295864960333425952597016082425376902328320732380315285658062333058942845721|100549304369162677944649288812424315756538998627108177229733233695646624190040,100549304369162677944649288812424315756538998627108177229733233695646624190040,No,True,0.989,2254.97,0.991,2230.6,0.99,0.0020000000000000018,e745a651836857a67c7d53b6661dcbe07c72b867,0.001,5,0.990,164179.14563,10548154.91846084
2026-03-09T00:49:30Z,UCL,33506,uefa-champions-league-winner,UEFA Champions League Winner ,2025-07-28T16:48:06.450445Z,566146,will-atletico-madrid-win-the-202526-champions-league,Will Atletico Madrid win the 2025–26 Champions League?,0xcb06319aa9e029904c93c1df7d10b7ce7d6aab2b25b8f661e0cf57ea048a1567,"[""39199930181061027002976945656289590914091865583643541107948177704448092689848"", ""27446117479784640697574527032292820989191318340119712250294208229142056414640""]",39199930181061027002976945656289590914091865583643541107948177704448092689848|27446117479784640697574527032292820989191318340119712250294208229142056414640,39199930181061027002976945656289590914091865583643541107948177704448092689848,Yes,True,0.03,9189.98,0.031,10826.26,0.0305,0.0010000000000000009,4c03ac0fca09a9559bf713435239f8aa8993574a,0.001,5,0.030,338818.2179,4625237.01610292
2026-03-09T00:49:30Z,UCL,33506,uefa-champions-league-winner,UEFA Champions League Winner ,2025-07-28T16:48:06.450445Z,566146,will-atletico-madrid-win-the-202526-champions-league,Will Atletico Madrid win the 2025–26 Champions League?,0xcb06319aa9e029904c93c1df7d10b7ce7d6aab2b25b8f661e0cf57ea048a1567,"[""39199930181061027002976945656289590914091865583643541107948177704448092689848"", ""27446117479784640697574527032292820989191318340119712250294208229142056414640""]",39199930181061027002976945656289590914091865583643541107948177704448092689848|27446117479784640697574527032292820989191318340119712250294208229142056414640,27446117479784640697574527032292820989191318340119712250294208229142056414640,No,True,0.969,10826.26,0.97,9189.98,0.9695,0.0010000000000000009,e097c14d8ffd3b7b028f94578643b3559548231d,0.001,5,0.030,338818.2179,4625237.01610292
2026-03-09T00:49:30Z,UCL,33506,uefa-champions-league-winner,UEFA Champions League Winner ,2025-07-28T16:48:06.450445Z,566147,will-napoli-win-the-202526-champions-league,Will Napoli win the 2025–26 Champions League?,0x7bd85b3f517c51a036127fd585193e811754662a33e0657fae6f2dee09755c39,"[""113386447504176442223121458623547151021227929280920380433637789216784424825801"", ""113753834420626426489086669834410871414747105447808165698067606682083475322079""]",113386447504176442223121458623547151021227929280920380433637789216784424825801|113753834420626426489086669834410871414747105447808165698067606682083475322079,113386447504176442223121458623547151021227929280920380433637789216784424825801,Yes,False,,,,,,,,,,,,2082121.876578
2026-03-09T00:49:30Z,UCL,33506,uefa-champions-league-winner,UEFA Champions League Winner ,2025-07-28T16:48:06.450445Z,566147,will-napoli-win-the-202526-champions-league,Will Napoli win the 2025–26 Champions League?,0x7bd85b3f517c51a036127fd585193e811754662a33e0657fae6f2dee09755c39,"[""113386447504176442223121458623547151021227929280920380433637789216784424825801"", ""113753834420626426489086669834410871414747105447808165698067606682083475322079""]",113386447504176442223121458623547151021227929280920380433637789216784424825801|113753834420626426489086669834410871414747105447808165698067606682083475322079,113753834420626426489086669834410871414747105447808165698067606682083475322079,No,False,,,,,,,,,,,,2082121.876578
2026-03-09T00:49:30Z,UCL,33506,uefa-champions-league-winner,UEFA Champions League Winner ,2025-07-28T16:48:06.450445Z,566149,will-tottenham-win-the-202526-champions-league,Will Tottenham win the 2025–26 Champions League?,0x2571face33de8d5c3541fb569c10af59bb80fa909e1469af1c35919803943ea6,"[""43056875374313905973832907529403631296135811407462538380159199626529592941277"", ""65810667047011144327728455443307199531009544684982457609131541566841564674781""]",43056875374313905973832907529403631296135811407462538380159199626529592941277|65810667047011144327728455443307199531009544684982457609131541566841564674781,43056875374313905973832907529403631296135811407462538380159199626529592941277,Yes,True,0.018,3935.75,0.019,40146.54,0.0185,0.0010000000000000009,daff2c2897f36224b2744c4955037c5002a9ccca,0.001,5,0.019,527588.94394,9082040.26192304
2026-03-09T00:49:30Z,UCL,33506,uefa-champions-league-winner,UEFA Champions League Winner ,2025-07-28T16:48:06.450445Z,566149,will-tottenham-win-the-202526-champions-league,Will Tottenham win the 2025–26 Champions League?,0x2571face33de8d5c3541fb569c10af59bb80fa909e1469af1c35919803943ea6,"[""43056875374313905973832907529403631296135811407462538380159199626529592941277"", ""65810667047011144327728455443307199531009544684982457609131541566841564674781""]",43056875374313905973832907529403631296135811407462538380159199626529592941277|65810667047011144327728455443307199531009544684982457609131541566841564674781,65810667047011144327728455443307199531009544684982457609131541566841564674781,No,True,0.981,40146.54,0.982,3935.75,0.9815,0.0010000000000000009,7c6de50603bd8f6b6f7c3a7e0e0473802b8e141b,0.001,5,0.019,527588.94394,9082040.26192304
2026-03-09T00:49:30Z,UCL,33506,uefa-champions-league-winner,UEFA Champions League Winner ,2025-07-28T16:48:06.450445Z,566150,will-leverkusen-win-the-202526-champions-league,Will Leverkusen win the 2025–26 Champions League?,0x03ea417a6e1705498427bbe8fd89b922664db3020f196595d5c2a88826c7434c,"[""52573332212624920803134176585325859750004424271300789746166939801263546424199"", ""54288254310839006245201217334074992898039221641789000270404414089297461110375""]",52573332212624920803134176585325859750004424271300789746166939801263546424199|54288254310839006245201217334074992898039221641789000270404414089297461110375,52573332212624920803134176585325859750004424271300789746166939801263546424199,Yes,True,0.006,13856.8,0.007,58052.9,0.006500000000000001,0.001,5b4039067447bfee4c07b67ee9c0e84c5a1fe516,0.001,5,0.007,539338.23898,10864455.797236873
2026-03-09T00:49:30Z,UCL,33506,uefa-champions-league-winner,UEFA Champions League Winner ,2025-07-28T16:48:06.450445Z,566150,will-leverkusen-win-the-202526-champions-league,Will Leverkusen win the 2025–26 Champions League?,0x03ea417a6e1705498427bbe8fd89b922664db3020f196595d5c2a88826c7434c,"[""52573332212624920803134176585325859750004424271300789746166939801263546424199"", ""54288254310839006245201217334074992898039221641789000270404414089297461110375""]",52573332212624920803134176585325859750004424271300789746166939801263546424199|54288254310839006245201217334074992898039221641789000270404414089297461110375,54288254310839006245201217334074992898039221641789000270404414089297461110375,No,True,0.993,58052.9,0.994,13856.8,0.9935,0.0010000000000000009,3a0935965f4928efed4ad498e5db386fd6bfd3fa,0.001,5,0.007,539338.23898,10864455.797236873
2026-03-09T00:49:30Z,UCL,33506,uefa-champions-league-winner,UEFA Champions League Winner ,2025-07-28T16:48:06.450445Z,566152,will-atalanta-win-the-202526-champions-league,Will Atalanta win the 2025–26 Champions League?,0xf9d58b904a94f0431d5bee7070650a305566927b3f7bf00f8529e20c9a99a6d4,"[""110744751097176596240040438772217801257447554009105101069887748928186140599293"", ""21944894353965897951603275348219343854238849215840619102823032771992655122234""]",110744751097176596240040438772217801257447554009105101069887748928186140599293|21944894353965897951603275348219343854238849215840619102823032771992655122234,110744751097176596240040438772217801257447554009105101069887748928186140599293,Yes,True,0.008,0.65,0.009,9998.25,0.0085,0.0009999999999999992,c38c663859aa3eca1e3e90eb72a909be344ed753,0.001,5,0.992,193321.70329,10126004.452943873
2026-03-09T00:49:30Z,UCL,33506,uefa-champions-league-winner,UEFA Champions League Winner ,2025-07-28T16:48:06.450445Z,566152,will-atalanta-win-the-202526-champions-league,Will Atalanta win the 2025–26 Champions League?,0xf9d58b904a94f0431d5bee7070650a305566927b3f7bf00f8529e20c9a99a6d4,"[""110744751097176596240040438772217801257447554009105101069887748928186140599293"", ""21944894353965897951603275348219343854238849215840619102823032771992655122234""]",110744751097176596240040438772217801257447554009105101069887748928186140599293|21944894353965897951603275348219343854238849215840619102823032771992655122234,21944894353965897951603275348219343854238849215840619102823032771992655122234,No,True,0.991,9998.25,0.992,0.65,0.9915,0.0010000000000000009,11c5cd0e618eb64bc07ac3b71b4cad35c3e05145,0.001,5,0.992,193321.70329,10126004.452943873
2026-03-09T00:49:30Z,UCL,33506,uefa-champions-league-winner,UEFA Champions League Winner ,2025-07-28T16:48:06.450445Z,566153,will-athletic-club-win-the-202526-champions-league,Will Athletic Club win the 2025–26 Champions League?,0xafb35c067db349948912b0c7443a9837ff9cbfacb9bb952a9cc64081f9c792de,"[""45581647169485622951067728749459881959209909152931448118923981417273529329456"", ""101264163544692975734476704096614714686704159151741493681812911782369649789289""]",45581647169485622951067728749459881959209909152931448118923981417273529329456|101264163544692975734476704096614714686704159151741493681812911782369649789289,45581647169485622951067728749459881959209909152931448118923981417273529329456,Yes,False,,,,,,,,,,,,11867413.991408
2026-03-09T00:49:30Z,UCL,33506,uefa-champions-league-winner,UEFA Champions League Winner ,2025-07-28T16:48:06.450445Z,566153,will-athletic-club-win-the-202526-champions-league,Will Athletic Club win the 2025–26 Champions League?,0xafb35c067db349948912b0c7443a9837ff9cbfacb9bb952a9cc64081f9c792de,"[""45581647169485622951067728749459881959209909152931448118923981417273529329456"", ""101264163544692975734476704096614714686704159151741493681812911782369649789289""]",45581647169485622951067728749459881959209909152931448118923981417273529329456|101264163544692975734476704096614714686704159151741493681812911782369649789289,101264163544692975734476704096614714686704159151741493681812911782369649789289,No,False,,,,,,,,,,,,11867413.991408
2026-03-09T00:49:30Z,UCL,33506,uefa-champions-league-winner,UEFA Champions League Winner ,2025-07-28T16:48:06.450445Z,566155,will-villarreal-win-the-202526-champions-league,Will Villarreal win the 2025–26 Champions League?,0xca0ce5347ab5282bc62bd666f532ffda671ee077dc32219313f545b7e702e33f,"[""20155560878794739053867236360742085290524070637340176924275745589437669214927"", ""74840349204550494545526544369612479696605734739620821995894424717375629643515""]",20155560878794739053867236360742085290524070637340176924275745589437669214927|74840349204550494545526544369612479696605734739620821995894424717375629643515,20155560878794739053867236360742085290524070637340176924275745589437669214927,Yes,False,,,,,,,,,,,,7892075.764682
2026-03-09T00:49:30Z,UCL,33506,uefa-champions-league-winner,UEFA Champions League Winner ,2025-07-28T16:48:06.450445Z,566155,will-villarreal-win-the-202526-champions-league,Will Villarreal win the 2025–26 Champions League?,0xca0ce5347ab5282bc62bd666f532ffda671ee077dc32219313f545b7e702e33f,"[""20155560878794739053867236360742085290524070637340176924275745589437669214927"", ""74840349204550494545526544369612479696605734739620821995894424717375629643515""]",20155560878794739053867236360742085290524070637340176924275745589437669214927|74840349204550494545526544369612479696605734739620821995894424717375629643515,74840349204550494545526544369612479696605734739620821995894424717375629643515,No,False,,,,,,,,,,,,7892075.764682
2026-03-09T00:49:30Z,UCL,33506,uefa-champions-league-winner,UEFA Champions League Winner ,2025-07-28T16:48:06.450445Z,566156,will-eintracht-frankfurt-win-the-202526-champions-league,Will Eintracht Frankfurt win the 2025–26 Champions League?,0x5dac59c04086e3921abc98c1f3b4a1e6a3f4962d8d8869a5e91b58df46b081a1,"[""44502295640052453453468528567471773374460585047835570107312208548251730550687"", ""83316976161831693573840345495338523786007025564748328551038035339165233283009""]",44502295640052453453468528567471773374460585047835570107312208548251730550687|83316976161831693573840345495338523786007025564748328551038035339165233283009,44502295640052453453468528567471773374460585047835570107312208548251730550687,Yes,False,,,,,,,,,,,,7817714.745721
2026-03-09T00:49:30Z,UCL,33506,uefa-champions-league-winner,UEFA Champions League Winner ,2025-07-28T16:48:06.450445Z,566156,will-eintracht-frankfurt-win-the-202526-champions-league,Will Eintracht Frankfurt win the 2025–26 Champions League?,0x5dac59c04086e3921abc98c1f3b4a1e6a3f4962d8d8869a5e91b58df46b081a1,"[""44502295640052453453468528567471773374460585047835570107312208548251730550687"", ""83316976161831693573840345495338523786007025564748328551038035339165233283009""]",44502295640052453453468528567471773374460585047835570107312208548251730550687|83316976161831693573840345495338523786007025564748328551038035339165233283009,83316976161831693573840345495338523786007025564748328551038035339165233283009,No,False,,,,,,,,,,,,7817714.745721
2026-03-09T00:49:30Z,UCL,33506,uefa-champions-league-winner,UEFA Champions League Winner ,2025-07-28T16:48:06.450445Z,566167,will-olympiakos-win-the-202526-champions-league,Will Olympiakos win the 2025–26 Champions League?,0x7e6021ad37547bbec1c6193df617be4ecbb0693d48bd8bb2d57bc290708335f8,"[""39554564777734449159113369155925961418775154448775340140622706142513548632046"", ""46948529410162574338604849441677535355244685495315049291453823664074463952614""]",39554564777734449159113369155925961418775154448775340140622706142513548632046|46948529410162574338604849441677535355244685495315049291453823664074463952614,39554564777734449159113369155925961418775154448775340140622706142513548632046,Yes,False,,,,,,,,,,,,21360158.2305
2026-03-09T00:49:30Z,UCL,33506,uefa-champions-league-winner,UEFA Champions League Winner ,2025-07-28T16:48:06.450445Z,566167,will-olympiakos-win-the-202526-champions-league,Will Olympiakos win the 2025–26 Champions League?,0x7e6021ad37547bbec1c6193df617be4ecbb0693d48bd8bb2d57bc290708335f8,"[""39554564777734449159113369155925961418775154448775340140622706142513548632046"", ""46948529410162574338604849441677535355244685495315049291453823664074463952614""]",39554564777734449159113369155925961418775154448775340140622706142513548632046|46948529410162574338604849441677535355244685495315049291453823664074463952614,46948529410162574338604849441677535355244685495315049291453823664074463952614,No,False,,,,,,,,,,,,21360158.2305
2026-03-09T00:49:30Z,UCL,33506,uefa-champions-league-winner,UEFA Champions League Winner ,2025-07-28T16:48:06.450445Z,566157,will-monaco-win-the-202526-champions-league,Will Monaco win the 2025–26 Champions League?,0x9552060b91cc7502f17dcfd0dd5dbfc01d7eb5be48a853cde4e2b66227e5e030,"[""92365353909273296718211879903004356158727076297140954697193316168974948329972"", ""91710677524925475036413359162474134935219615854940539905937421391373571147534""]",92365353909273296718211879903004356158727076297140954697193316168974948329972|91710677524925475036413359162474134935219615854940539905937421391373571147534,92365353909273296718211879903004356158727076297140954697193316168974948329972,Yes,False,,,,,,,,,,,,9616642.535204
2026-03-09T00:49:30Z,UCL,33506,uefa-champions-league-winner,UEFA Champions League Winner ,2025-07-28T16:48:06.450445Z,566157,will-monaco-win-the-202526-champions-league,Will Monaco win the 2025–26 Champions League?,0x9552060b91cc7502f17dcfd0dd5dbfc01d7eb5be48a853cde4e2b66227e5e030,"[""92365353909273296718211879903004356158727076297140954697193316168974948329972"", ""91710677524925475036413359162474134935219615854940539905937421391373571147534""]",92365353909273296718211879903004356158727076297140954697193316168974948329972|91710677524925475036413359162474134935219615854940539905937421391373571147534,91710677524925475036413359162474134935219615854940539905937421391373571147534,No,False,,,,,,,,,,,,9616642.535204
2026-03-09T00:49:30Z,UCL,33506,uefa-champions-league-winner,UEFA Champions League Winner ,2025-07-28T16:48:06.450445Z,566161,will-celtic-win-the-202526-champions-league,Will Celtic win the 2025–26 Champions League?,0x46b1db240a750bf43b46a6fe15ab771e21cb5951876f54086d23a45df0a53e1c,"[""114276008689329576762086582788629506844338419805813739172521334990216491585549"", ""5882253997080656450173518100121766143655488711244678454951506916447849817860""]",114276008689329576762086582788629506844338419805813739172521334990216491585549|5882253997080656450173518100121766143655488711244678454951506916447849817860,114276008689329576762086582788629506844338419805813739172521334990216491585549,Yes,False,,,,,,,,,,,,70447.384549
2026-03-09T00:49:30Z,UCL,33506,uefa-champions-league-winner,UEFA Champions League Winner ,2025-07-28T16:48:06.450445Z,566161,will-celtic-win-the-202526-champions-league,Will Celtic win the 2025–26 Champions League?,0x46b1db240a750bf43b46a6fe15ab771e21cb5951876f54086d23a45df0a53e1c,"[""114276008689329576762086582788629506844338419805813739172521334990216491585549"", ""5882253997080656450173518100121766143655488711244678454951506916447849817860""]",114276008689329576762086582788629506844338419805813739172521334990216491585549|5882253997080656450173518100121766143655488711244678454951506916447849817860,5882253997080656450173518100121766143655488711244678454951506916447849817860,No,False,,,,,,,,,,,,70447.384549
2026-03-09T00:49:30Z,UCL,33506,uefa-champions-league-winner,UEFA Champions League Winner ,2025-07-28T16:48:06.450445Z,566182,will-team-g-win-the-202526-champions-league,Will Team G win the 2025–26 Champions League?,0xe89e166668d4d7a06b691c1d7b0c7ddc5f2b699028b918cb8a64f3fcba7fc95f,"[""105964687855932662621652279993435306401844112042837204048391437048226192337731"", ""114863252409367170131859619227970200002116578100295637871924176564711201561457""]",105964687855932662621652279993435306401844112042837204048391437048226192337731|114863252409367170131859619227970200002116578100295637871924176564711201561457,105964687855932662621652279993435306401844112042837204048391437048226192337731,Yes,False,,,,,,,,,,,0,0
2026-03-09T00:49:30Z,UCL,33506,uefa-champions-league-winner,UEFA Champions League Winner ,2025-07-28T16:48:06.450445Z,566182,will-team-g-win-the-202526-champions-league,Will Team G win the 2025–26 Champions League?,0xe89e166668d4d7a06b691c1d7b0c7ddc5f2b699028b918cb8a64f3fcba7fc95f,"[""105964687855932662621652279993435306401844112042837204048391437048226192337731"", ""114863252409367170131859619227970200002116578100295637871924176564711201561457""]",105964687855932662621652279993435306401844112042837204048391437048226192337731|114863252409367170131859619227970200002116578100295637871924176564711201561457,114863252409367170131859619227970200002116578100295637871924176564711201561457,No,False,,,,,,,,,,,0,0
2026-03-09T00:49:30Z,UCL,33506,uefa-champions-league-winner,UEFA Champions League Winner ,2025-07-28T16:48:06.450445Z,566163,will-ajax-win-the-202526-champions-league,Will Ajax win the 2025–26 Champions League?,0x5084907f4caed11fff6f029ecd5d66bf24f3afbf970352c0964b547a9079a374,"[""66238210867796580736743244025112266394072009200933232862297072953655148165016"", ""18491832759883472528052920586615186501076720389035092804420992035191801268891""]",66238210867796580736743244025112266394072009200933232862297072953655148165016|18491832759883472528052920586615186501076720389035092804420992035191801268891,66238210867796580736743244025112266394072009200933232862297072953655148165016,Yes,False,,,,,,,,,,,,13373490.72009
2026-03-09T00:49:30Z,UCL,33506,uefa-champions-league-winner,UEFA Champions League Winner ,2025-07-28T16:48:06.450445Z,566163,will-ajax-win-the-202526-champions-league,Will Ajax win the 2025–26 Champions League?,0x5084907f4caed11fff6f029ecd5d66bf24f3afbf970352c0964b547a9079a374,"[""66238210867796580736743244025112266394072009200933232862297072953655148165016"", ""18491832759883472528052920586615186501076720389035092804420992035191801268891""]",66238210867796580736743244025112266394072009200933232862297072953655148165016|18491832759883472528052920586615186501076720389035092804420992035191801268891,18491832759883472528052920586615186501076720389035092804420992035191801268891,No,False,,,,,,,,,,,,13373490.72009
2026-03-09T00:49:30Z,UCL,33506,uefa-champions-league-winner,UEFA Champions League Winner ,2025-07-28T16:48:06.450445Z,566166,will-union-saint-gilloise-win-the-202526-champions-league,Will Union Saint-Gilloise win the 2025–26 Champions League?,0xb7d6b207e1db1e7ea07a7fb37cfd42847f64f0efb0c4dc2af25b0fdd5cee1066,"[""88649172527907989620879114192231078945535857485421163231800246014567503500944"", ""8530723144410488573227621851575969317510697903783455903927607049155629901235""]",88649172527907989620879114192231078945535857485421163231800246014567503500944|8530723144410488573227621851575969317510697903783455903927607049155629901235,88649172527907989620879114192231078945535857485421163231800246014567503500944,Yes,False,,,,,,,,,,,,12756397.600714
2026-03-09T00:49:30Z,UCL,33506,uefa-champions-league-winner,UEFA Champions League Winner ,2025-07-28T16:48:06.450445Z,566166,will-union-saint-gilloise-win-the-202526-champions-league,Will Union Saint-Gilloise win the 2025–26 Champions League?,0xb7d6b207e1db1e7ea07a7fb37cfd42847f64f0efb0c4dc2af25b0fdd5cee1066,"[""88649172527907989620879114192231078945535857485421163231800246014567503500944"", ""8530723144410488573227621851575969317510697903783455903927607049155629901235""]",88649172527907989620879114192231078945535857485421163231800246014567503500944|8530723144410488573227621851575969317510697903783455903927607049155629901235,8530723144410488573227621851575969317510697903783455903927607049155629901235,No,False,,,,,,,,,,,,12756397.600714
2026-03-09T00:49:30Z,UCL,33506,uefa-champions-league-winner,UEFA Champions League Winner ,2025-07-28T16:48:06.450445Z,566168,will-rangers-win-the-202526-champions-league,Will Rangers win the 2025–26 Champions League?,0x51cec7d4fc4de0ec5603d4fb8514cfa78bec6a8d730fc56bca6c14e28b06c1c1,"[""91913476577612035649233126140502940193513852820986709593382572357760454962564"", ""87401242060944888603550501862817218691893437856853540689904190791575000258157""]",91913476577612035649233126140502940193513852820986709593382572357760454962564|87401242060944888603550501862817218691893437856853540689904190791575000258157,91913476577612035649233126140502940193513852820986709593382572357760454962564,Yes,False,,,,,,,,,,,,66427.940987
2026-03-09T00:49:30Z,UCL,33506,uefa-champions-league-winner,UEFA Champions League Winner ,2025-07-28T16:48:06.450445Z,566168,will-rangers-win-the-202526-champions-league,Will Rangers win the 2025–26 Champions League?,0x51cec7d4fc4de0ec5603d4fb8514cfa78bec6a8d730fc56bca6c14e28b06c1c1,"[""91913476577612035649233126140502940193513852820986709593382572357760454962564"", ""87401242060944888603550501862817218691893437856853540689904190791575000258157""]",91913476577612035649233126140502940193513852820986709593382572357760454962564|87401242060944888603550501862817218691893437856853540689904190791575000258157,87401242060944888603550501862817218691893437856853540689904190791575000258157,No,False,,,,,,,,,,,,66427.940987
2026-03-09T00:49:30Z,UCL,33506,uefa-champions-league-winner,UEFA Champions League Winner ,2025-07-28T16:48:06.450445Z,566169,will-fenerbahce-win-the-202526-champions-league,Will Fenerbahce win the 2025–26 Champions League?,0xab1fb73a265efde347f9774ebb4a8b68241b43f47bb03dd0db8937cdd8dc498b,"[""2049351639580049533405868558915851371528391304573174142020395477517859283294"", ""64322019395588777551634820031378976412458799626056873808259108856814491545377""]",2049351639580049533405868558915851371528391304573174142020395477517859283294|64322019395588777551634820031378976412458799626056873808259108856814491545377,2049351639580049533405868558915851371528391304573174142020395477517859283294,Yes,False,,,,,,,,,,,0,90340.440239
2026-03-09T00:49:30Z,UCL,33506,uefa-champions-league-winner,UEFA Champions League Winner ,2025-07-28T16:48:06.450445Z,566169,will-fenerbahce-win-the-202526-champions-league,Will Fenerbahce win the 2025–26 Champions League?,0xab1fb73a265efde347f9774ebb4a8b68241b43f47bb03dd0db8937cdd8dc498b,"[""2049351639580049533405868558915851371528391304573174142020395477517859283294"", ""64322019395588777551634820031378976412458799626056873808259108856814491545377""]",2049351639580049533405868558915851371528391304573174142020395477517859283294|64322019395588777551634820031378976412458799626056873808259108856814491545377,64322019395588777551634820031378976412458799626056873808259108856814491545377,No,False,,,,,,,,,,,0,90340.440239
2026-03-09T00:49:30Z,UCL,33506,uefa-champions-league-winner,UEFA Champions League Winner ,2025-07-28T16:48:06.450445Z,566171,will-basel-win-the-202526-champions-league,Will Basel win the 2025–26 Champions League?,0x83f89ac713d2db49689d04e97ef0b1b1aea95bcb7fda87bf06c79c2cb2f28469,"[""70851618102595700525222065641083332144122412910516986707716379654126945256832"", ""80331004762163944299982267791592175029456054741893621171078968875373643994409""]",70851618102595700525222065641083332144122412910516986707716379654126945256832|80331004762163944299982267791592175029456054741893621171078968875373643994409,70851618102595700525222065641083332144122412910516986707716379654126945256832,Yes,False,,,,,,,,,,,,97156.974572
2026-03-09T00:49:30Z,UCL,33506,uefa-champions-league-winner,UEFA Champions League Winner ,2025-07-28T16:48:06.450445Z,566171,will-basel-win-the-202526-champions-league,Will Basel win the 2025–26 Champions League?,0x83f89ac713d2db49689d04e97ef0b1b1aea95bcb7fda87bf06c79c2cb2f28469,"[""70851618102595700525222065641083332144122412910516986707716379654126945256832"", ""80331004762163944299982267791592175029456054741893621171078968875373643994409""]",70851618102595700525222065641083332144122412910516986707716379654126945256832|80331004762163944299982267791592175029456054741893621171078968875373643994409,80331004762163944299982267791592175029456054741893621171078968875373643994409,No,False,,,,,,,,,,,,97156.974572
2026-03-09T00:49:30Z,UCL,33506,uefa-champions-league-winner,UEFA Champions League Winner ,2025-07-28T16:48:06.450445Z,566172,will-bodo-glimt-win-the-202526-champions-league,Will Bodo Glimt win the 2025–26 Champions League?,0x04b1198c2a888f4d162cc5eea844b2f67a80e684d37d8e75bbcde2fc2d06755b,"[""62582575185741601914570060329560489452594281062505278063937336145989216796217"", ""42256377489275961318725099478818786100179340185057752937112043662235323118766""]",62582575185741601914570060329560489452594281062505278063937336145989216796217|42256377489275961318725099478818786100179340185057752937112043662235323118766,62582575185741601914570060329560489452594281062505278063937336145989216796217,Yes,True,0.017,1349.14,0.018,1018.6,0.0175,0.0009999999999999974,bf626b90ac85aa787814052c6c8dea53129ebd21,0.001,5,0.018,275653.7977,11881920.249537027
2026-03-09T00:49:30Z,UCL,33506,uefa-champions-league-winner,UEFA Champions League Winner ,2025-07-28T16:48:06.450445Z,566172,will-bodo-glimt-win-the-202526-champions-league,Will Bodo Glimt win the 2025–26 Champions League?,0x04b1198c2a888f4d162cc5eea844b2f67a80e684d37d8e75bbcde2fc2d06755b,"[""62582575185741601914570060329560489452594281062505278063937336145989216796217"", ""42256377489275961318725099478818786100179340185057752937112043662235323118766""]",62582575185741601914570060329560489452594281062505278063937336145989216796217|42256377489275961318725099478818786100179340185057752937112043662235323118766,42256377489275961318725099478818786100179340185057752937112043662235323118766,No,True,0.982,1018.6,0.983,1349.14,0.9824999999999999,0.0010000000000000009,bc2cd211a3799079e2a221ec2a757dde1d67d382,0.001,5,0.018,275653.7977,11881920.249537027
2026-03-09T00:49:30Z,UCL,33506,uefa-champions-league-winner,UEFA Champions League Winner ,2025-07-28T16:48:06.450445Z,566173,will-sturm-graz-win-the-202526-champions-league,Will Sturm Graz win the 2025–26 Champions League?,0x08bb8b05a7827175a3c36686bbfaaa64d2481ae14e5d2f0b38533952a26d298a,"[""14836345195696748004952172451932599490684048244001454619724357169841418786954"", ""115267640077908442562893405606966361185963289983634493848909992897555498882474""]",14836345195696748004952172451932599490684048244001454619724357169841418786954|115267640077908442562893405606966361185963289983634493848909992897555498882474,14836345195696748004952172451932599490684048244001454619724357169841418786954,Yes,False,,,,,,,,,,,0,73689.434072
2026-03-09T00:49:30Z,UCL,33506,uefa-champions-league-winner,UEFA Champions League Winner ,2025-07-28T16:48:06.450445Z,566173,will-sturm-graz-win-the-202526-champions-league,Will Sturm Graz win the 2025–26 Champions League?,0x08bb8b05a7827175a3c36686bbfaaa64d2481ae14e5d2f0b38533952a26d298a,"[""14836345195696748004952172451932599490684048244001454619724357169841418786954"", ""115267640077908442562893405606966361185963289983634493848909992897555498882474""]",14836345195696748004952172451932599490684048244001454619724357169841418786954|115267640077908442562893405606966361185963289983634493848909992897555498882474,115267640077908442562893405606966361185963289983634493848909992897555498882474,No,False,,,,,,,,,,,0,73689.434072
2026-03-09T00:49:30Z,UCL,33506,uefa-champions-league-winner,UEFA Champions League Winner ,2025-07-28T16:48:06.450445Z,566175,will-any-other-team-win-the-202526-champions-league,Will Any Other Team win the 2025–26 Champions League?,0x5d8330adf3b2ce4f40e5b85a41ca7c1e542b19aa310ededd2bca2d9763b3ce0f,"[""80531071331263012990191812366009377518805686031192948878201246821619505065609"", ""85842065375267583148367765383791056795641428377825701427529766300888881209118""]",80531071331263012990191812366009377518805686031192948878201246821619505065609|85842065375267583148367765383791056795641428377825701427529766300888881209118,80531071331263012990191812366009377518805686031192948878201246821619505065609,Yes,False,,,,,,,,,,,0,0
2026-03-09T00:49:30Z,UCL,33506,uefa-champions-league-winner,UEFA Champions League Winner ,2025-07-28T16:48:06.450445Z,566175,will-any-other-team-win-the-202526-champions-league,Will Any Other Team win the 2025–26 Champions League?,0x5d8330adf3b2ce4f40e5b85a41ca7c1e542b19aa310ededd2bca2d9763b3ce0f,"[""80531071331263012990191812366009377518805686031192948878201246821619505065609"", ""85842065375267583148367765383791056795641428377825701427529766300888881209118""]",80531071331263012990191812366009377518805686031192948878201246821619505065609|85842065375267583148367765383791056795641428377825701427529766300888881209118,85842065375267583148367765383791056795641428377825701427529766300888881209118,No,False,,,,,,,,,,,0,0
2026-03-09T00:49:30Z,UCL,33506,uefa-champions-league-winner,UEFA Champions League Winner ,2025-07-28T16:48:06.450445Z,566177,will-team-b-win-the-202526-champions-league,Will Team B win the 2025–26 Champions League?,0x5ec36b27457c513705f2856689c72decb67151a63a265aa2ef62037e698605fc,"[""4673079408976118107887674218450891143094456853886765358731460941853479133568"", ""95504573602545051861247740458265427031664026063550204033543451955735625521681""]",4673079408976118107887674218450891143094456853886765358731460941853479133568|95504573602545051861247740458265427031664026063550204033543451955735625521681,4673079408976118107887674218450891143094456853886765358731460941853479133568,Yes,False,,,,,,,,,,,0,0
2026-03-09T00:49:30Z,UCL,33506,uefa-champions-league-winner,UEFA Champions League Winner ,2025-07-28T16:48:06.450445Z,566177,will-team-b-win-the-202526-champions-league,Will Team B win the 2025–26 Champions League?,0x5ec36b27457c513705f2856689c72decb67151a63a265aa2ef62037e698605fc,"[""4673079408976118107887674218450891143094456853886765358731460941853479133568"", ""95504573602545051861247740458265427031664026063550204033543451955735625521681""]",4673079408976118107887674218450891143094456853886765358731460941853479133568|95504573602545051861247740458265427031664026063550204033543451955735625521681,95504573602545051861247740458265427031664026063550204033543451955735625521681,No,False,,,,,,,,,,,0,0
2026-03-09T00:49:30Z,UCL,33506,uefa-champions-league-winner,UEFA Champions League Winner ,2025-07-28T16:48:06.450445Z,566179,will-team-d-win-the-202526-champions-league,Will Team D win the 2025–26 Champions League?,0x0dce52e718704115bc1d3930bd5781c69ada7d16a574ead9f5b2e60d47572b06,"[""39259701626392073955986970165590267176708531331893914961597359731598482942618"", ""13318648989334231316544833089375455656209815961137304809924606191244579788744""]",39259701626392073955986970165590267176708531331893914961597359731598482942618|13318648989334231316544833089375455656209815961137304809924606191244579788744,39259701626392073955986970165590267176708531331893914961597359731598482942618,Yes,False,,,,,,,,,,,0,0
2026-03-09T00:49:30Z,UCL,33506,uefa-champions-league-winner,UEFA Champions League Winner ,2025-07-28T16:48:06.450445Z,566179,will-team-d-win-the-202526-champions-league,Will Team D win the 2025–26 Champions League?,0x0dce52e718704115bc1d3930bd5781c69ada7d16a574ead9f5b2e60d47572b06,"[""39259701626392073955986970165590267176708531331893914961597359731598482942618"", ""13318648989334231316544833089375455656209815961137304809924606191244579788744""]",39259701626392073955986970165590267176708531331893914961597359731598482942618|13318648989334231316544833089375455656209815961137304809924606191244579788744,13318648989334231316544833089375455656209815961137304809924606191244579788744,No,False,,,,,,,,,,,0,0
2026-03-09T00:49:30Z,UCL,33506,uefa-champions-league-winner,UEFA Champions League Winner ,2025-07-28T16:48:06.450445Z,566184,will-team-i-win-the-202526-champions-league,Will Team I win the 2025–26 Champions League?,0xadb8e6c651043e9d3f871e7e793ecdc3f0717b374427341b9ad39c3e72cbb2ab,"[""97391541216142156486360597938689688615958309451491457027903098490837051715295"", ""40349306594996880515480830778134222096689476652728393850937106541424421289620""]",97391541216142156486360597938689688615958309451491457027903098490837051715295|40349306594996880515480830778134222096689476652728393850937106541424421289620,97391541216142156486360597938689688615958309451491457027903098490837051715295,Yes,False,,,,,,,,,,,0,0
2026-03-09T00:49:30Z,UCL,33506,uefa-champions-league-winner,UEFA Champions League Winner ,2025-07-28T16:48:06.450445Z,566184,will-team-i-win-the-202526-champions-league,Will Team I win the 2025–26 Champions League?,0xadb8e6c651043e9d3f871e7e793ecdc3f0717b374427341b9ad39c3e72cbb2ab,"[""97391541216142156486360597938689688615958309451491457027903098490837051715295"", ""40349306594996880515480830778134222096689476652728393850937106541424421289620""]",97391541216142156486360597938689688615958309451491457027903098490837051715295|40349306594996880515480830778134222096689476652728393850937106541424421289620,40349306594996880515480830778134222096689476652728393850937106541424421289620,No,False,,,,,,,,,,,0,0
2026-03-09T00:49:30Z,UCL,33506,uefa-champions-league-winner,UEFA Champions League Winner ,2025-07-28T16:48:06.450445Z,566185,will-team-j-win-the-202526-champions-league,Will Team J win the 2025–26 Champions League?,0x2be80d13b93ad141fbbdc2a6eb38b1aa904eb17f8fd21a436636cf65859b1412,"[""1080728722579132533060466010936987254537802093697459658188459659869439703487"", ""98491776153651052621810720585087413766374760568984767472891511829526970676719""]",1080728722579132533060466010936987254537802093697459658188459659869439703487|98491776153651052621810720585087413766374760568984767472891511829526970676719,1080728722579132533060466010936987254537802093697459658188459659869439703487,Yes,False,,,,,,,,,,,0,0
2026-03-09T00:49:30Z,UCL,33506,uefa-champions-league-winner,UEFA Champions League Winner ,2025-07-28T16:48:06.450445Z,566185,will-team-j-win-the-202526-champions-league,Will Team J win the 2025–26 Champions League?,0x2be80d13b93ad141fbbdc2a6eb38b1aa904eb17f8fd21a436636cf65859b1412,"[""1080728722579132533060466010936987254537802093697459658188459659869439703487"", ""98491776153651052621810720585087413766374760568984767472891511829526970676719""]",1080728722579132533060466010936987254537802093697459658188459659869439703487|98491776153651052621810720585087413766374760568984767472891511829526970676719,98491776153651052621810720585087413766374760568984767472891511829526970676719,No,False,,,,,,,,,,,0,0
2026-03-09T00:49:30Z,UCL,33506,uefa-champions-league-winner,UEFA Champions League Winner ,2025-07-28T16:48:06.450445Z,566143,will-chelsea-win-the-202526-champions-league,Will Chelsea win the 2025–26 Champions League?,0xc2ecc146cbbc8f24186766ef0b2cd56a1757227aee4cc9f951920538769a3490,"[""112897182562089723977963146512517116367868000365616072747678090319147961969687"", ""12655741801215963455918354112862966501046753413817436839424508949889159340688""]",112897182562089723977963146512517116367868000365616072747678090319147961969687|12655741801215963455918354112862966501046753413817436839424508949889159340688,112897182562089723977963146512517116367868000365616072747678090319147961969687,Yes,True,0.03,3464.97,0.032,4585.9,0.031,0.0020000000000000018,28019bc314faee3c7a9d376e7b117f647dece734,0.001,5,0.032,313435.52711,3606959.1507179937
2026-03-09T00:49:30Z,UCL,33506,uefa-champions-league-winner,UEFA Champions League Winner ,2025-07-28T16:48:06.450445Z,566143,will-chelsea-win-the-202526-champions-league,Will Chelsea win the 2025–26 Champions League?,0xc2ecc146cbbc8f24186766ef0b2cd56a1757227aee4cc9f951920538769a3490,"[""112897182562089723977963146512517116367868000365616072747678090319147961969687"", ""12655741801215963455918354112862966501046753413817436839424508949889159340688""]",112897182562089723977963146512517116367868000365616072747678090319147961969687|12655741801215963455918354112862966501046753413817436839424508949889159340688,12655741801215963455918354112862966501046753413817436839424508949889159340688,No,True,0.968,4585.9,0.97,3464.97,0.969,0.0020000000000000018,3715630119c0069206bf807919b601a60c261938,0.001,5,0.032,313435.52711,3606959.1507179937
2026-03-09T00:49:30Z,UCL,33506,uefa-champions-league-winner,UEFA Champions League Winner ,2025-07-28T16:48:06.450445Z,566164,will-feyenoord-win-the-202526-champions-league,Will Feyenoord win the 2025–26 Champions League?,0xec33c0fe1f37b1d4c2a50bae91425587301bc434fab732981f6d05e2953412d6,"[""110079693613022393791174802599922526596582227687650152169965521618183831918719"", ""8182582899391383556747549556042201703027436173603531545831728435339530405784""]",110079693613022393791174802599922526596582227687650152169965521618183831918719|8182582899391383556747549556042201703027436173603531545831728435339530405784,110079693613022393791174802599922526596582227687650152169965521618183831918719,Yes,False,,,,,,,,,,,,331062.991655
2026-03-09T00:49:30Z,UCL,33506,uefa-champions-league-winner,UEFA Champions League Winner ,2025-07-28T16:48:06.450445Z,566164,will-feyenoord-win-the-202526-champions-league,Will Feyenoord win the 2025–26 Champions League?,0xec33c0fe1f37b1d4c2a50bae91425587301bc434fab732981f6d05e2953412d6,"[""110079693613022393791174802599922526596582227687650152169965521618183831918719"", ""8182582899391383556747549556042201703027436173603531545831728435339530405784""]",110079693613022393791174802599922526596582227687650152169965521618183831918719|8182582899391383556747549556042201703027436173603531545831728435339530405784,8182582899391383556747549556042201703027436173603531545831728435339530405784,No,False,,,,,,,,,,,,331062.991655
2026-03-09T00:49:30Z,UCL,33506,uefa-champions-league-winner,UEFA Champions League Winner ,2025-07-28T16:48:06.450445Z,566176,will-team-a-win-the-202526-champions-league,Will Team A win the 2025–26 Champions League?,0xd3f9bf49e97b91af4fc0bc6fd980279c288cfc2d716d28f5580e64d7028b7081,"[""61720697790247513338404451002118879060240321256315013215613090730271278108862"", ""26524658565474901404596942658856572991878475163265648723421329317946761495732""]",61720697790247513338404451002118879060240321256315013215613090730271278108862|26524658565474901404596942658856572991878475163265648723421329317946761495732,61720697790247513338404451002118879060240321256315013215613090730271278108862,Yes,False,,,,,,,,,,,0,0
2026-03-09T00:49:30Z,UCL,33506,uefa-champions-league-winner,UEFA Champions League Winner ,2025-07-28T16:48:06.450445Z,566176,will-team-a-win-the-202526-champions-league,Will Team A win the 2025–26 Champions League?,0xd3f9bf49e97b91af4fc0bc6fd980279c288cfc2d716d28f5580e64d7028b7081,"[""61720697790247513338404451002118879060240321256315013215613090730271278108862"", ""26524658565474901404596942658856572991878475163265648723421329317946761495732""]",61720697790247513338404451002118879060240321256315013215613090730271278108862|26524658565474901404596942658856572991878475163265648723421329317946761495732,26524658565474901404596942658856572991878475163265648723421329317946761495732,No,False,,,,,,,,,,,0,0
2026-03-09T00:49:30Z,UCL,33506,uefa-champions-league-winner,UEFA Champions League Winner ,2025-07-28T16:48:06.450445Z,566154,will-marseille-win-the-202526-champions-league,Will Marseille win the 2025–26 Champions League?,0x94867c89a77b18380ce1bf85006f3ccf2ef5252e0dc6319677aaf615bd857bf4,"[""37945569058232371209090766565695503688523854587394394089524145486898615500384"", ""19536177378914889035549826755916171491729721728068639865790542131911351592088""]",37945569058232371209090766565695503688523854587394394089524145486898615500384|19536177378914889035549826755916171491729721728068639865790542131911351592088,37945569058232371209090766565695503688523854587394394089524145486898615500384,Yes,False,,,,,,,,,,,,5842226.092289
2026-03-09T00:49:30Z,UCL,33506,uefa-champions-league-winner,UEFA Champions League Winner ,2025-07-28T16:48:06.450445Z,566154,will-marseille-win-the-202526-champions-league,Will Marseille win the 2025–26 Champions League?,0x94867c89a77b18380ce1bf85006f3ccf2ef5252e0dc6319677aaf615bd857bf4,"[""37945569058232371209090766565695503688523854587394394089524145486898615500384"", ""19536177378914889035549826755916171491729721728068639865790542131911351592088""]",37945569058232371209090766565695503688523854587394394089524145486898615500384|19536177378914889035549826755916171491729721728068639865790542131911351592088,19536177378914889035549826755916171491729721728068639865790542131911351592088,No,False,,,,,,,,,,,,5842226.092289
2026-03-09T00:49:30Z,UCL,33506,uefa-champions-league-winner,UEFA Champions League Winner ,2025-07-28T16:48:06.450445Z,566145,will-inter-win-the-202526-champions-league,Will Inter win the 2025–26 Champions League?,0xe4f25e05d842810ff5944ba1e2953c6ced1e869cac3b44d15b32fd404ddb4bf4,"[""107589889099988041445300607606991516566670120875767300754708868073036165511332"", ""88600268059883443385048654191981648497829094336579730410215438763388869951622""]",107589889099988041445300607606991516566670120875767300754708868073036165511332|88600268059883443385048654191981648497829094336579730410215438763388869951622,107589889099988041445300607606991516566670120875767300754708868073036165511332,Yes,False,,,,,,,,,,,,7286054.286861
2026-03-09T00:49:30Z,UCL,33506,uefa-champions-league-winner,UEFA Champions League Winner ,2025-07-28T16:48:06.450445Z,566145,will-inter-win-the-202526-champions-league,Will Inter win the 2025–26 Champions League?,0xe4f25e05d842810ff5944ba1e2953c6ced1e869cac3b44d15b32fd404ddb4bf4,"[""107589889099988041445300607606991516566670120875767300754708868073036165511332"", ""88600268059883443385048654191981648497829094336579730410215438763388869951622""]",107589889099988041445300607606991516566670120875767300754708868073036165511332|88600268059883443385048654191981648497829094336579730410215438763388869951622,88600268059883443385048654191981648497829094336579730410215438763388869951622,No,False,,,,,,,,,,,,7286054.286861
2026-03-09T00:49:30Z,UCL,33506,uefa-champions-league-winner,UEFA Champions League Winner ,2025-07-28T16:48:06.450445Z,566178,will-team-c-win-the-202526-champions-league,Will Team C win the 2025–26 Champions League?,0x577f40fdf34d9b617f7744858c7f039f7c66da62f0cc86d6f544c180e43828e1,"[""73294043218996272046236810861987530097946991768296680592310822244313024933374"", ""65391302643173656820540885219933155311051415821262016870231410705497731566514""]",73294043218996272046236810861987530097946991768296680592310822244313024933374|65391302643173656820540885219933155311051415821262016870231410705497731566514,73294043218996272046236810861987530097946991768296680592310822244313024933374,Yes,False,,,,,,,,,,,0,0
2026-03-09T00:49:30Z,UCL,33506,uefa-champions-league-winner,UEFA Champions League Winner ,2025-07-28T16:48:06.450445Z,566178,will-team-c-win-the-202526-champions-league,Will Team C win the 2025–26 Champions League?,0x577f40fdf34d9b617f7744858c7f039f7c66da62f0cc86d6f544c180e43828e1,"[""73294043218996272046236810861987530097946991768296680592310822244313024933374"", ""65391302643173656820540885219933155311051415821262016870231410705497731566514""]",73294043218996272046236810861987530097946991768296680592310822244313024933374|65391302643173656820540885219933155311051415821262016870231410705497731566514,65391302643173656820540885219933155311051415821262016870231410705497731566514,No,False,,,,,,,,,,,0,0
2026-03-09T00:49:30Z,UCL,33506,uefa-champions-league-winner,UEFA Champions League Winner ,2025-07-28T16:48:06.450445Z,566148,will-juventus-win-the-202526-champions-league,Will Juventus win the 2025–26 Champions League?,0xdd926c00d4bfddfc9051c380151f77509d3eef2e7bef20f8d3aec9cbd50e7586,"[""28349060551413759330452246043341991702791557659100363740323132646947810293543"", ""1879146758336316812853714924296913426652714952732015629000599127768330208957""]",28349060551413759330452246043341991702791557659100363740323132646947810293543|1879146758336316812853714924296913426652714952732015629000599127768330208957,28349060551413759330452246043341991702791557659100363740323132646947810293543,Yes,False,,,,,,,,,,,,5357464.792264
2026-03-09T00:49:30Z,UCL,33506,uefa-champions-league-winner,UEFA Champions League Winner ,2025-07-28T16:48:06.450445Z,566148,will-juventus-win-the-202526-champions-league,Will Juventus win the 2025–26 Champions League?,0xdd926c00d4bfddfc9051c380151f77509d3eef2e7bef20f8d3aec9cbd50e7586,"[""28349060551413759330452246043341991702791557659100363740323132646947810293543"", ""1879146758336316812853714924296913426652714952732015629000599127768330208957""]",28349060551413759330452246043341991702791557659100363740323132646947810293543|1879146758336316812853714924296913426652714952732015629000599127768330208957,1879146758336316812853714924296913426652714952732015629000599127768330208957,No,False,,,,,,,,,,,,5357464.792264
2026-03-09T00:49:30Z,UCL,33506,uefa-champions-league-winner,UEFA Champions League Winner ,2025-07-28T16:48:06.450445Z,566136,will-psg-win-the-202526-champions-league,Will PSG win the 2025–26 Champions League?,0x6e9f90a6f471b52d03499a81586ca478519474eb152f1327c8c767f020d62529,"[""104259436423064082971150541232006260758664018969024622611484550356541952860834"", ""17522237181479319953129418683394157683167669858670412329571078616243234898741""]",104259436423064082971150541232006260758664018969024622611484550356541952860834|17522237181479319953129418683394157683167669858670412329571078616243234898741,104259436423064082971150541232006260758664018969024622611484550356541952860834,Yes,True,0.08,53056.03,0.09,285152.34,0.08499999999999999,0.009999999999999995,d1e0ef512fe93570f0f1df583354d1cb9bb7fc9c,0.01,5,0.081,547143.3566,2847274.3918049936
2026-03-09T00:49:30Z,UCL,33506,uefa-champions-league-winner,UEFA Champions League Winner ,2025-07-28T16:48:06.450445Z,566136,will-psg-win-the-202526-champions-league,Will PSG win the 2025–26 Champions League?,0x6e9f90a6f471b52d03499a81586ca478519474eb152f1327c8c767f020d62529,"[""104259436423064082971150541232006260758664018969024622611484550356541952860834"", ""17522237181479319953129418683394157683167669858670412329571078616243234898741""]",104259436423064082971150541232006260758664018969024622611484550356541952860834|17522237181479319953129418683394157683167669858670412329571078616243234898741,17522237181479319953129418683394157683167669858670412329571078616243234898741,No,True,0.91,285152.34,0.92,53056.03,0.915,0.010000000000000009,e9cbcd3ddd34e9e46539c418d6420aae9b566429,0.01,5,0.081,547143.3566,2847274.3918049936
2026-03-09T00:49:30Z,UCL,33506,uefa-champions-league-winner,UEFA Champions League Winner ,2025-07-28T16:48:06.450445Z,566158,will-benfica-win-the-202526-champions-league,Will Benfica win the 2025–26 Champions League?,0x135e00bfdb16be6111f194cb8365ac5645707c3a43ce3ff298ab4dbf67fcdd09,"[""7586304249265791430570845852083081174415852091440035325232275534452369156457"", ""30481107705228164981180756150572089785688985325793326240520837196628361716295""]",7586304249265791430570845852083081174415852091440035325232275534452369156457|30481107705228164981180756150572089785688985325793326240520837196628361716295,7586304249265791430570845852083081174415852091440035325232275534452369156457,Yes,False,,,,,,,,,,,,12346832.550767
2026-03-09T00:49:30Z,UCL,33506,uefa-champions-league-winner,UEFA Champions League Winner ,2025-07-28T16:48:06.450445Z,566158,will-benfica-win-the-202526-champions-league,Will Benfica win the 2025–26 Champions League?,0x135e00bfdb16be6111f194cb8365ac5645707c3a43ce3ff298ab4dbf67fcdd09,"[""7586304249265791430570845852083081174415852091440035325232275534452369156457"", ""30481107705228164981180756150572089785688985325793326240520837196628361716295""]",7586304249265791430570845852083081174415852091440035325232275534452369156457|30481107705228164981180756150572089785688985325793326240520837196628361716295,30481107705228164981180756150572089785688985325793326240520837196628361716295,No,False,,,,,,,,,,,,12346832.550767
2026-03-09T00:49:30Z,UCL,33506,uefa-champions-league-winner,UEFA Champions League Winner ,2025-07-28T16:48:06.450445Z,566137,will-liverpool-win-the-202526-champions-league,Will Liverpool win the 2025–26 Champions League?,0x4c7db7768547a220d3e26359952d8b2eb9094f5ad02fcc32e70d9361d8491ab5,"[""17069888692871400864567896928400192391528942152400890798437501657293079075323"", ""61363321151738894082270158001558726485654573525177047497641264416022287833194""]",17069888692871400864567896928400192391528942152400890798437501657293079075323|61363321151738894082270158001558726485654573525177047497641264416022287833194,17069888692871400864567896928400192391528942152400890798437501657293079075323,Yes,True,0.07,117515.49,0.08,20321.46,0.07500000000000001,0.009999999999999995,3b580b9bf352f4e6320b456691c54b26b32f05cf,0.01,5,0.070,845608.6388,2259254.6220170003
2026-03-09T00:49:30Z,UCL,33506,uefa-champions-league-winner,UEFA Champions League Winner ,2025-07-28T16:48:06.450445Z,566137,will-liverpool-win-the-202526-champions-league,Will Liverpool win the 2025–26 Champions League?,0x4c7db7768547a220d3e26359952d8b2eb9094f5ad02fcc32e70d9361d8491ab5,"[""17069888692871400864567896928400192391528942152400890798437501657293079075323"", ""61363321151738894082270158001558726485654573525177047497641264416022287833194""]",17069888692871400864567896928400192391528942152400890798437501657293079075323|61363321151738894082270158001558726485654573525177047497641264416022287833194,61363321151738894082270158001558726485654573525177047497641264416022287833194,No,True,0.92,20321.46,0.93,117515.49,0.925,0.010000000000000009,190f28600c0c289a40fb721941c160c9210eae50,0.01,5,0.070,845608.6388,2259254.6220170003
2026-03-09T00:49:30Z,UCL,33506,uefa-champions-league-winner,UEFA Champions League Winner ,2025-07-28T16:48:06.450445Z,566159,will-sporting-win-the-202526-champions-league,Will Sporting win the 2025–26 Champions League?,0x2787c94094285ca0569345219ce0a502d96326767f338a1dec21fb5a296f99ff,"[""95717746392239739926375768716856250054023078540629301064251098770911523489151"", ""47773219925008158425193773022223301400784502627205561460452578517640901381205""]",95717746392239739926375768716856250054023078540629301064251098770911523489151|47773219925008158425193773022223301400784502627205561460452578517640901381205,95717746392239739926375768716856250054023078540629301064251098770911523489151,Yes,True,0.011,116007.55,0.012,28253.47,0.0115,0.0010000000000000009,b44d7d683fdec8588e34794e3263935d4c97ba17,0.001,5,0.011,481917.67068,8033269.1282720305
2026-03-09T00:49:30Z,UCL,33506,uefa-champions-league-winner,UEFA Champions League Winner ,2025-07-28T16:48:06.450445Z,566159,will-sporting-win-the-202526-champions-league,Will Sporting win the 2025–26 Champions League?,0x2787c94094285ca0569345219ce0a502d96326767f338a1dec21fb5a296f99ff,"[""95717746392239739926375768716856250054023078540629301064251098770911523489151"", ""47773219925008158425193773022223301400784502627205561460452578517640901381205""]",95717746392239739926375768716856250054023078540629301064251098770911523489151|47773219925008158425193773022223301400784502627205561460452578517640901381205,47773219925008158425193773022223301400784502627205561460452578517640901381205,No,True,0.988,28253.47,0.989,116007.55,0.9884999999999999,0.0010000000000000009,ef13ad512480acde7064c714e94bc5aef2ac988d,0.001,5,0.011,481917.67068,8033269.1282720305
2026-03-09T00:49:30Z,UCL,33506,uefa-champions-league-winner,UEFA Champions League Winner ,2025-07-28T16:48:06.450445Z,566170,will-club-brugge-win-the-202526-champions-league,Will Club Brugge win the 2025–26 Champions League?,0xe06c8e9546be61e4ba8b03ad431dfff590fc6b21a5b746e71f62ae85f1dcad6a,"[""43478780997313571844864646081201368302664941062507392308569466005072068318763"", ""94081687856468490693069751274149097929259745780981836537939462200792023206961""]",43478780997313571844864646081201368302664941062507392308569466005072068318763|94081687856468490693069751274149097929259745780981836537939462200792023206961,43478780997313571844864646081201368302664941062507392308569466005072068318763,Yes,True,,,0.001,550683.52,,,c77b61d7ee67c41d458cebc1703fee994008c9a5,0.001,5,0.001,802310.20922,18591167.02701487
2026-03-09T00:49:30Z,UCL,33506,uefa-champions-league-winner,UEFA Champions League Winner ,2025-07-28T16:48:06.450445Z,566170,will-club-brugge-win-the-202526-champions-league,Will Club Brugge win the 2025–26 Champions League?,0xe06c8e9546be61e4ba8b03ad431dfff590fc6b21a5b746e71f62ae85f1dcad6a,"[""43478780997313571844864646081201368302664941062507392308569466005072068318763"", ""94081687856468490693069751274149097929259745780981836537939462200792023206961""]",43478780997313571844864646081201368302664941062507392308569466005072068318763|94081687856468490693069751274149097929259745780981836537939462200792023206961,94081687856468490693069751274149097929259745780981836537939462200792023206961,No,True,0.999,550683.52,,,,,bd51ec1f3ad6de2a61140923afff1f0cb8a49a3a,0.001,5,0.001,802310.20922,18591167.02701487
2026-03-09T00:49:30Z,UCL,33506,uefa-champions-league-winner,UEFA Champions League Winner ,2025-07-28T16:48:06.450445Z,566180,will-team-e-win-the-202526-champions-league,Will Team E win the 2025–26 Champions League?,0x3ad4a38542befe312a61a1de4b4b8fb9a9b916a766d83ac875f1f1b6cbd4a8f2,"[""76376922632996162398535513499797774466335077137969223577204909473740263623780"", ""112766370393573794246767910150777880876624457197931300562247731114564217750483""]",76376922632996162398535513499797774466335077137969223577204909473740263623780|112766370393573794246767910150777880876624457197931300562247731114564217750483,76376922632996162398535513499797774466335077137969223577204909473740263623780,Yes,False,,,,,,,,,,,0,0
2026-03-09T00:49:30Z,UCL,33506,uefa-champions-league-winner,UEFA Champions League Winner ,2025-07-28T16:48:06.450445Z,566180,will-team-e-win-the-202526-champions-league,Will Team E win the 2025–26 Champions League?,0x3ad4a38542befe312a61a1de4b4b8fb9a9b916a766d83ac875f1f1b6cbd4a8f2,"[""76376922632996162398535513499797774466335077137969223577204909473740263623780"", ""112766370393573794246767910150777880876624457197931300562247731114564217750483""]",76376922632996162398535513499797774466335077137969223577204909473740263623780|112766370393573794246767910150777880876624457197931300562247731114564217750483,112766370393573794246767910150777880876624457197931300562247731114564217750483,No,False,,,,,,,,,,,0,0
2026-03-09T00:49:30Z,UCL,33506,uefa-champions-league-winner,UEFA Champions League Winner ,2025-07-28T16:48:06.450445Z,566138,will-barcelona-win-the-202526-champions-league,Will Barcelona win the 2025–26 Champions League?,0x43268d56a20113679be36c84dd22550174c6d6bc9d0f4376e882ce61dac3c635,"[""108840247999849444527064093950170000612101147303680893346663504227770756115957"", ""44316820324326475573649547254648033139339541714376543824778689356013656495018""]",108840247999849444527064093950170000612101147303680893346663504227770756115957|44316820324326475573649547254648033139339541714376543824778689356013656495018,108840247999849444527064093950170000612101147303680893346663504227770756115957,Yes,True,0.13,152744.6,0.14,21915.72,0.135,0.010000000000000009,9617cf3481c7e9b6decf798dc5fd3db128afcdeb,0.01,5,0.131,347523.0404,1996239.3688330112
2026-03-09T00:49:30Z,UCL,33506,uefa-champions-league-winner,UEFA Champions League Winner ,2025-07-28T16:48:06.450445Z,566138,will-barcelona-win-the-202526-champions-league,Will Barcelona win the 2025–26 Champions League?,0x43268d56a20113679be36c84dd22550174c6d6bc9d0f4376e882ce61dac3c635,"[""108840247999849444527064093950170000612101147303680893346663504227770756115957"", ""44316820324326475573649547254648033139339541714376543824778689356013656495018""]",108840247999849444527064093950170000612101147303680893346663504227770756115957|44316820324326475573649547254648033139339541714376543824778689356013656495018,44316820324326475573649547254648033139339541714376543824778689356013656495018,No,True,0.86,21915.72,0.87,152744.6,0.865,0.010000000000000009,037c056afbae5456669ba6457122fe876ba74a37,0.01,5,0.131,347523.0404,1996239.3688330112
2026-03-09T00:49:30Z,UCL,33506,uefa-champions-league-winner,UEFA Champions League Winner ,2025-07-28T16:48:06.450445Z,566160,will-psv-win-the-202526-champions-league,Will PSV win the 2025–26 Champions League?,0x40c8ee9e0d66c80695e98b00c1930db96e39554f0eb0801e5cc271ad3f60025a,"[""69538470061945028314828084137994294388993305619992260050581178151069600584374"", ""10315324953630752180814582058662062016159965722850205674902778203288118511497""]",69538470061945028314828084137994294388993305619992260050581178151069600584374|10315324953630752180814582058662062016159965722850205674902778203288118511497,69538470061945028314828084137994294388993305619992260050581178151069600584374,Yes,False,,,,,,,,,,,,6440901.470863
2026-03-09T00:49:30Z,UCL,33506,uefa-champions-league-winner,UEFA Champions League Winner ,2025-07-28T16:48:06.450445Z,566160,will-psv-win-the-202526-champions-league,Will PSV win the 2025–26 Champions League?,0x40c8ee9e0d66c80695e98b00c1930db96e39554f0eb0801e5cc271ad3f60025a,"[""69538470061945028314828084137994294388993305619992260050581178151069600584374"", ""10315324953630752180814582058662062016159965722850205674902778203288118511497""]",69538470061945028314828084137994294388993305619992260050581178151069600584374|10315324953630752180814582058662062016159965722850205674902778203288118511497,10315324953630752180814582058662062016159965722850205674902778203288118511497,No,False,,,,,,,,,,,,6440901.470863
2026-03-09T00:49:30Z,UCL,33506,uefa-champions-league-winner,UEFA Champions League Winner ,2025-07-28T16:48:06.450445Z,566181,will-team-f-win-the-202526-champions-league,Will Team F win the 2025–26 Champions League?,0x85e8377391d9d9b040e4d034dc2c51d0dc11c2e853da08aa7aad12580acbfe1b,"[""70359537978799436238156445503040068473755807876918691685277283099263934427542"", ""94649487326963732399566598845679950222838898320559517576342499368796862078920""]",70359537978799436238156445503040068473755807876918691685277283099263934427542|94649487326963732399566598845679950222838898320559517576342499368796862078920,70359537978799436238156445503040068473755807876918691685277283099263934427542,Yes,False,,,,,,,,,,,0,0
2026-03-09T00:49:30Z,UCL,33506,uefa-champions-league-winner,UEFA Champions League Winner ,2025-07-28T16:48:06.450445Z,566181,will-team-f-win-the-202526-champions-league,Will Team F win the 2025–26 Champions League?,0x85e8377391d9d9b040e4d034dc2c51d0dc11c2e853da08aa7aad12580acbfe1b,"[""70359537978799436238156445503040068473755807876918691685277283099263934427542"", ""94649487326963732399566598845679950222838898320559517576342499368796862078920""]",70359537978799436238156445503040068473755807876918691685277283099263934427542|94649487326963732399566598845679950222838898320559517576342499368796862078920,94649487326963732399566598845679950222838898320559517576342499368796862078920,No,False,,,,,,,,,,,0,0
2026-03-09T00:49:30Z,UCL,33506,uefa-champions-league-winner,UEFA Champions League Winner ,2025-07-28T16:48:06.450445Z,569169,will-team-k-win-the-2025-26-champions-league,Will Team K win the 2025-26 Champions League?,0xd7535d9e593c9aa35653b28e56b06ca36be46ffb3f92ad8f58dde843f8503f45,"[""63667858591109825182946563169860566051126536025376490094299580171183072876203"", ""92214561779754605574742381662068199496451767360838015270991731999931125066158""]",63667858591109825182946563169860566051126536025376490094299580171183072876203|92214561779754605574742381662068199496451767360838015270991731999931125066158,63667858591109825182946563169860566051126536025376490094299580171183072876203,Yes,False,,,,,,,,,,,0,0
2026-03-09T00:49:30Z,UCL,33506,uefa-champions-league-winner,UEFA Champions League Winner ,2025-07-28T16:48:06.450445Z,569169,will-team-k-win-the-2025-26-champions-league,Will Team K win the 2025-26 Champions League?,0xd7535d9e593c9aa35653b28e56b06ca36be46ffb3f92ad8f58dde843f8503f45,"[""63667858591109825182946563169860566051126536025376490094299580171183072876203"", ""92214561779754605574742381662068199496451767360838015270991731999931125066158""]",63667858591109825182946563169860566051126536025376490094299580171183072876203|92214561779754605574742381662068199496451767360838015270991731999931125066158,92214561779754605574742381662068199496451767360838015270991731999931125066158,No,False,,,,,,,,,,,0,0
2026-03-09T00:49:30Z,UCL,33506,uefa-champions-league-winner,UEFA Champions League Winner ,2025-07-28T16:48:06.450445Z,569170,will-team-l-win-the-2025-26-champions-league,Will Team L win the 2025-26 Champions League?,0x2569c92eeb64ad0fca351c1ff3b564cd7082357f15d043a9636c546c4f230f09,"[""1974328280683707032131404657693023991654498166338879843534823093799114269114"", ""80026929542296070832531723246141935926063089290565768107997020473040810917000""]",1974328280683707032131404657693023991654498166338879843534823093799114269114|80026929542296070832531723246141935926063089290565768107997020473040810917000,1974328280683707032131404657693023991654498166338879843534823093799114269114,Yes,False,,,,,,,,,,,0,0
2026-03-09T00:49:30Z,UCL,33506,uefa-champions-league-winner,UEFA Champions League Winner ,2025-07-28T16:48:06.450445Z,569170,will-team-l-win-the-2025-26-champions-league,Will Team L win the 2025-26 Champions League?,0x2569c92eeb64ad0fca351c1ff3b564cd7082357f15d043a9636c546c4f230f09,"[""1974328280683707032131404657693023991654498166338879843534823093799114269114"", ""80026929542296070832531723246141935926063089290565768107997020473040810917000""]",1974328280683707032131404657693023991654498166338879843534823093799114269114|80026929542296070832531723246141935926063089290565768107997020473040810917000,80026929542296070832531723246141935926063089290565768107997020473040810917000,No,False,,,,,,,,,,,0,0
2026-03-09T00:49:30Z,UCL,33506,uefa-champions-league-winner,UEFA Champions League Winner ,2025-07-28T16:48:06.450445Z,569171,will-team-m-win-the-2025-26-champions-league,Will Team M win the 2025-26 Champions League?,0x773381e9c5dfb5be33a282561a96853ff3ede2a70f81fec049dfa9ce7ffd6eb9,"[""48573619899500048907630317541211770292382135120181245516641564997576790106613"", ""73962813906079869477564400318615083885551091649468181998293090726973493559376""]",48573619899500048907630317541211770292382135120181245516641564997576790106613|73962813906079869477564400318615083885551091649468181998293090726973493559376,48573619899500048907630317541211770292382135120181245516641564997576790106613,Yes,False,,,,,,,,,,,0,0
2026-03-09T00:49:30Z,UCL,33506,uefa-champions-league-winner,UEFA Champions League Winner ,2025-07-28T16:48:06.450445Z,569171,will-team-m-win-the-2025-26-champions-league,Will Team M win the 2025-26 Champions League?,0x773381e9c5dfb5be33a282561a96853ff3ede2a70f81fec049dfa9ce7ffd6eb9,"[""48573619899500048907630317541211770292382135120181245516641564997576790106613"", ""73962813906079869477564400318615083885551091649468181998293090726973493559376""]",48573619899500048907630317541211770292382135120181245516641564997576790106613|73962813906079869477564400318615083885551091649468181998293090726973493559376,73962813906079869477564400318615083885551091649468181998293090726973493559376,No,False,,,,,,,,,,,0,0
2026-03-09T00:49:30Z,UCL,33506,uefa-champions-league-winner,UEFA Champions League Winner ,2025-07-28T16:48:06.450445Z,569172,will-team-n-win-the-2025-26-champions-league,Will Team N win the 2025-26 Champions League?,0x56ddebd7526ad03b0ddc2b20418ca2247522df5cac1a689545caa63b976597a4,"[""81053729024302960970566536826863808348277268622543962449422037108705592672633"", ""69653118360505353647484827967716668530234211556184359602965230417014936847438""]",81053729024302960970566536826863808348277268622543962449422037108705592672633|69653118360505353647484827967716668530234211556184359602965230417014936847438,81053729024302960970566536826863808348277268622543962449422037108705592672633,Yes,False,,,,,,,,,,,0,0
2026-03-09T00:49:30Z,UCL,33506,uefa-champions-league-winner,UEFA Champions League Winner ,2025-07-28T16:48:06.450445Z,569172,will-team-n-win-the-2025-26-champions-league,Will Team N win the 2025-26 Champions League?,0x56ddebd7526ad03b0ddc2b20418ca2247522df5cac1a689545caa63b976597a4,"[""81053729024302960970566536826863808348277268622543962449422037108705592672633"", ""69653118360505353647484827967716668530234211556184359602965230417014936847438""]",81053729024302960970566536826863808348277268622543962449422037108705592672633|69653118360505353647484827967716668530234211556184359602965230417014936847438,69653118360505353647484827967716668530234211556184359602965230417014936847438,No,False,,,,,,,,,,,0,0
2026-03-09T00:49:30Z,UCL,33506,uefa-champions-league-winner,UEFA Champions League Winner ,2025-07-28T16:48:06.450445Z,569173,will-team-o-win-the-2025-26-champions-league,Will Team O win the 2025-26 Champions League?,0xdeacc7d6ec15fae41c77fe644456321a150dd5ec2005220dd0106726187830f7,"[""47040752474298913584409458837559103990390650004740134970930657469756707672711"", ""27502924990397424804461039120618061510822161553870285492773194643413666378753""]",47040752474298913584409458837559103990390650004740134970930657469756707672711|27502924990397424804461039120618061510822161553870285492773194643413666378753,47040752474298913584409458837559103990390650004740134970930657469756707672711,Yes,False,,,,,,,,,,,0,0
2026-03-09T00:49:30Z,UCL,33506,uefa-champions-league-winner,UEFA Champions League Winner ,2025-07-28T16:48:06.450445Z,569173,will-team-o-win-the-2025-26-champions-league,Will Team O win the 2025-26 Champions League?,0xdeacc7d6ec15fae41c77fe644456321a150dd5ec2005220dd0106726187830f7,"[""47040752474298913584409458837559103990390650004740134970930657469756707672711"", ""27502924990397424804461039120618061510822161553870285492773194643413666378753""]",47040752474298913584409458837559103990390650004740134970930657469756707672711|27502924990397424804461039120618061510822161553870285492773194643413666378753,27502924990397424804461039120618061510822161553870285492773194643413666378753,No,False,,,,,,,,,,,0,0
2026-03-09T00:49:30Z,UCL,33506,uefa-champions-league-winner,UEFA Champions League Winner ,2025-07-28T16:48:06.450445Z,569174,will-team-p-win-the-2025-26-champions-league,Will Team P win the 2025-26 Champions League?,0xecec47d6716462a9a89dc958b5cadc5764c8a1d66b33cf03d7d18fec4d8a8dd4,"[""72685965437678063254799992744833574810780707076086226291764261920890861689509"", ""52032055214441069842900125011828843931090366480595812323646740608708112608754""]",72685965437678063254799992744833574810780707076086226291764261920890861689509|52032055214441069842900125011828843931090366480595812323646740608708112608754,72685965437678063254799992744833574810780707076086226291764261920890861689509,Yes,False,,,,,,,,,,,0,0
2026-03-09T00:49:30Z,UCL,33506,uefa-champions-league-winner,UEFA Champions League Winner ,2025-07-28T16:48:06.450445Z,569174,will-team-p-win-the-2025-26-champions-league,Will Team P win the 2025-26 Champions League?,0xecec47d6716462a9a89dc958b5cadc5764c8a1d66b33cf03d7d18fec4d8a8dd4,"[""72685965437678063254799992744833574810780707076086226291764261920890861689509"", ""52032055214441069842900125011828843931090366480595812323646740608708112608754""]",72685965437678063254799992744833574810780707076086226291764261920890861689509|52032055214441069842900125011828843931090366480595812323646740608708112608754,52032055214441069842900125011828843931090366480595812323646740608708112608754,No,False,,,,,,,,,,,0,0
2026-03-09T00:49:30Z,UCL,33506,uefa-champions-league-winner,UEFA Champions League Winner ,2025-07-28T16:48:06.450445Z,569175,will-team-q-win-the-2025-26-champions-league,Will Team Q win the 2025-26 Champions League?,0xf1e209ab3834dcb8b8493a5c2654e2f558a5f9365875766fe56c95fc5a602048,"[""28920058982733223858166410050607376284080380083462758174448631195979799430365"", ""95191670354531631514460503664192605099738885562913648531318461146207251980956""]",28920058982733223858166410050607376284080380083462758174448631195979799430365|95191670354531631514460503664192605099738885562913648531318461146207251980956,28920058982733223858166410050607376284080380083462758174448631195979799430365,Yes,False,,,,,,,,,,,0,0
2026-03-09T00:49:30Z,UCL,33506,uefa-champions-league-winner,UEFA Champions League Winner ,2025-07-28T16:48:06.450445Z,569175,will-team-q-win-the-2025-26-champions-league,Will Team Q win the 2025-26 Champions League?,0xf1e209ab3834dcb8b8493a5c2654e2f558a5f9365875766fe56c95fc5a602048,"[""28920058982733223858166410050607376284080380083462758174448631195979799430365"", ""95191670354531631514460503664192605099738885562913648531318461146207251980956""]",28920058982733223858166410050607376284080380083462758174448631195979799430365|95191670354531631514460503664192605099738885562913648531318461146207251980956,95191670354531631514460503664192605099738885562913648531318461146207251980956,No,False,,,,,,,,,,,0,0
2026-03-09T00:49:30Z,UCL,33506,uefa-champions-league-winner,UEFA Champions League Winner ,2025-07-28T16:48:06.450445Z,569176,will-team-r-win-the-2025-26-champions-league,Will Team R win the 2025-26 Champions League?,0xad6bc4f8482316d5c19023aada4b944bdc11394ff46a3356887fa65c307531d4,"[""25637749857455785006939123543755871643009058331770192854266391968056443145411"", ""3669676407776672108761390381757152714997687652224276257855026129377270035120""]",25637749857455785006939123543755871643009058331770192854266391968056443145411|3669676407776672108761390381757152714997687652224276257855026129377270035120,25637749857455785006939123543755871643009058331770192854266391968056443145411,Yes,False,,,,,,,,,,,0,0
2026-03-09T00:49:30Z,UCL,33506,uefa-champions-league-winner,UEFA Champions League Winner ,2025-07-28T16:48:06.450445Z,569176,will-team-r-win-the-2025-26-champions-league,Will Team R win the 2025-26 Champions League?,0xad6bc4f8482316d5c19023aada4b944bdc11394ff46a3356887fa65c307531d4,"[""25637749857455785006939123543755871643009058331770192854266391968056443145411"", ""3669676407776672108761390381757152714997687652224276257855026129377270035120""]",25637749857455785006939123543755871643009058331770192854266391968056443145411|3669676407776672108761390381757152714997687652224276257855026129377270035120,3669676407776672108761390381757152714997687652224276257855026129377270035120,No,False,,,,,,,,,,,0,0
2026-03-09T00:49:30Z,UCL,33506,uefa-champions-league-winner,UEFA Champions League Winner ,2025-07-28T16:48:06.450445Z,569177,will-team-s-win-the-2025-26-champions-league,Will Team S win the 2025-26 Champions League?,0x425489cd6123115110cb2df1688c3853bcf63418197edb952a59a4d6b7167601,"[""48332361333073526156243156917717479124843882042753944554943939336640621149917"", ""13900338457925219918052375048674687477682893818744044710482612613007593390376""]",48332361333073526156243156917717479124843882042753944554943939336640621149917|13900338457925219918052375048674687477682893818744044710482612613007593390376,48332361333073526156243156917717479124843882042753944554943939336640621149917,Yes,False,,,,,,,,,,,0,0
2026-03-09T00:49:30Z,UCL,33506,uefa-champions-league-winner,UEFA Champions League Winner ,2025-07-28T16:48:06.450445Z,569177,will-team-s-win-the-2025-26-champions-league,Will Team S win the 2025-26 Champions League?,0x425489cd6123115110cb2df1688c3853bcf63418197edb952a59a4d6b7167601,"[""48332361333073526156243156917717479124843882042753944554943939336640621149917"", ""13900338457925219918052375048674687477682893818744044710482612613007593390376""]",48332361333073526156243156917717479124843882042753944554943939336640621149917|13900338457925219918052375048674687477682893818744044710482612613007593390376,13900338457925219918052375048674687477682893818744044710482612613007593390376,No,False,,,,,,,,,,,0,0
2026-03-09T00:49:30Z,UCL,33506,uefa-champions-league-winner,UEFA Champions League Winner ,2025-07-28T16:48:06.450445Z,569178,will-team-t-win-the-2025-26-champions-league,Will Team T win the 2025-26 Champions League?,0x2388224e98de1c3b2d9a59258662e4057d181acd94de8879e9e2e9e02c0d1f5d,"[""81516884152676367750260681835324638510982049758434401705121290510231830755503"", ""29074289505420423507754526651079827562788384934514025868520384248653949051262""]",81516884152676367750260681835324638510982049758434401705121290510231830755503|29074289505420423507754526651079827562788384934514025868520384248653949051262,81516884152676367750260681835324638510982049758434401705121290510231830755503,Yes,False,,,,,,,,,,,0,0
2026-03-09T00:49:30Z,UCL,33506,uefa-champions-league-winner,UEFA Champions League Winner ,2025-07-28T16:48:06.450445Z,569178,will-team-t-win-the-2025-26-champions-league,Will Team T win the 2025-26 Champions League?,0x2388224e98de1c3b2d9a59258662e4057d181acd94de8879e9e2e9e02c0d1f5d,"[""81516884152676367750260681835324638510982049758434401705121290510231830755503"", ""29074289505420423507754526651079827562788384934514025868520384248653949051262""]",81516884152676367750260681835324638510982049758434401705121290510231830755503|29074289505420423507754526651079827562788384934514025868520384248653949051262,29074289505420423507754526651079827562788384934514025868520384248653949051262,No,False,,,,,,,,,,,0,0
2026-03-09T00:49:30Z,UCL,166480,will-arsenal-win-a-trophy-this-season,Will Arsenal win a trophy this season?,2026-01-15T20:41:22.138028Z,1193498,will-arsenal-win-a-trophy-this-season,Will Arsenal win a trophy this season?,0x6d6fd5d251ce4cf80ec381a0fb7fcccefff4859ba7be92eddb1f7e6b1ef48595,"[""1550919718358407282195502624454024043548371894880524875591592435874969089593"", ""40629070898962926343473765575500143724660523932838995913155742674772363080482""]",1550919718358407282195502624454024043548371894880524875591592435874969089593|40629070898962926343473765575500143724660523932838995913155742674772363080482,1550919718358407282195502624454024043548371894880524875591592435874969089593,Yes,True,0.88,33.96,0.93,84.27,0.905,0.050000000000000044,5a978e517986405800a88f98894035a88bda8a10,0.01,5,0.880,8660.1107,20203.700825999997
2026-03-09T00:49:30Z,UCL,166480,will-arsenal-win-a-trophy-this-season,Will Arsenal win a trophy this season?,2026-01-15T20:41:22.138028Z,1193498,will-arsenal-win-a-trophy-this-season,Will Arsenal win a trophy this season?,0x6d6fd5d251ce4cf80ec381a0fb7fcccefff4859ba7be92eddb1f7e6b1ef48595,"[""1550919718358407282195502624454024043548371894880524875591592435874969089593"", ""40629070898962926343473765575500143724660523932838995913155742674772363080482""]",1550919718358407282195502624454024043548371894880524875591592435874969089593|40629070898962926343473765575500143724660523932838995913155742674772363080482,40629070898962926343473765575500143724660523932838995913155742674772363080482,No,True,0.07,84.27,0.12,33.96,0.095,0.04999999999999999,4bed6bc734fd938b0c1a6efc681a4ad90c916843,0.01,5,0.880,8660.1107,20203.700825999997
2026-03-09T00:49:30Z,UCL,166600,will-any-of-the-big-six-epl-clubs-miss-european-football,Will any of the Big Six EPL clubs miss European football?,2026-01-15T21:51:45.644958Z,1193927,will-any-of-the-big-six-epl-clubs-miss-european-football,Will any of the Big Six EPL clubs miss European football?,0x15f255d686073f029120e35a0d84e6b5f12c644ba1c3fb0ff957db39c87dd9d6,"[""53700731619564827206522678634967205863370649402862680120868828134659640876832"", ""27118484817045165323922850148358333703355208882223019742693567654808189238554""]",53700731619564827206522678634967205863370649402862680120868828134659640876832|27118484817045165323922850148358333703355208882223019742693567654808189238554,53700731619564827206522678634967205863370649402862680120868828134659640876832,Yes,True,0.99,13.6,0.997,145.98,0.9935,0.007000000000000006,3344cfd59a066f9de0a8f3a9201bf49cade09680,0.001,5,0.010,1541.40276,
2026-03-09T00:49:30Z,UCL,166600,will-any-of-the-big-six-epl-clubs-miss-european-football,Will any of the Big Six EPL clubs miss European football?,2026-01-15T21:51:45.644958Z,1193927,will-any-of-the-big-six-epl-clubs-miss-european-football,Will any of the Big Six EPL clubs miss European football?,0x15f255d686073f029120e35a0d84e6b5f12c644ba1c3fb0ff957db39c87dd9d6,"[""53700731619564827206522678634967205863370649402862680120868828134659640876832"", ""27118484817045165323922850148358333703355208882223019742693567654808189238554""]",53700731619564827206522678634967205863370649402862680120868828134659640876832|27118484817045165323922850148358333703355208882223019742693567654808189238554,27118484817045165323922850148358333703355208882223019742693567654808189238554,No,True,0.003,145.98,0.01,13.6,0.006500000000000001,0.007,b813040aaf99898a02a6db973c8f8f26004425fe,0.001,5,0.010,1541.40276,
2026-03-09T00:49:30Z,UCL,204446,ucl-atm1-bru-2026-02-24,Club Atlético de Madrid vs. Club Brugge KV,2026-02-10T19:06:08.522281Z,1363649,ucl-atm1-bru-2026-02-24-atm1,Will Club Atlético de Madrid win on 2026-02-24?,0x68c1ae541d9c767a1dca43bae533131c2d34ea32763869529cce270283662efa,"[""16107251734527879441616914195872944554196134700278340645730658792730792753044"", ""113580076162033210038188442029486142301687627896507068397896979268358103753453""]",16107251734527879441616914195872944554196134700278340645730658792730792753044|113580076162033210038188442029486142301687627896507068397896979268358103753453,16107251734527879441616914195872944554196134700278340645730658792730792753044,Yes,False,,,,,,,,,,,,8489980.92698
2026-03-09T00:49:30Z,UCL,204446,ucl-atm1-bru-2026-02-24,Club Atlético de Madrid vs. Club Brugge KV,2026-02-10T19:06:08.522281Z,1363649,ucl-atm1-bru-2026-02-24-atm1,Will Club Atlético de Madrid win on 2026-02-24?,0x68c1ae541d9c767a1dca43bae533131c2d34ea32763869529cce270283662efa,"[""16107251734527879441616914195872944554196134700278340645730658792730792753044"", ""113580076162033210038188442029486142301687627896507068397896979268358103753453""]",16107251734527879441616914195872944554196134700278340645730658792730792753044|113580076162033210038188442029486142301687627896507068397896979268358103753453,113580076162033210038188442029486142301687627896507068397896979268358103753453,No,False,,,,,,,,,,,,8489980.92698
2026-03-09T00:49:30Z,UCL,204446,ucl-atm1-bru-2026-02-24,Club Atlético de Madrid vs. Club Brugge KV,2026-02-10T19:06:08.522281Z,1363652,ucl-atm1-bru-2026-02-24-draw,Will Club Atlético de Madrid vs. Club Brugge KV end in a draw?,0xefb1a99c4462dd9b1e566b8fe12ee1080b2a73c8391c7e67aa4c95c26e70d089,"[""38505478854409551225292960733943126501023868036978269979516200075923561377561"", ""74811512510802696465832054859180133290642719250437746961170918915789660952303""]",38505478854409551225292960733943126501023868036978269979516200075923561377561|74811512510802696465832054859180133290642719250437746961170918915789660952303,38505478854409551225292960733943126501023868036978269979516200075923561377561,Yes,True,0.001,2566.01,0.002,5.43,0.0015,0.001,a891c2faf37a7ec6c18c114285ad8ec34eed947c,0.001,5,0.999,15927.58678,422333.88971
2026-03-09T00:49:30Z,UCL,204446,ucl-atm1-bru-2026-02-24,Club Atlético de Madrid vs. Club Brugge KV,2026-02-10T19:06:08.522281Z,1363652,ucl-atm1-bru-2026-02-24-draw,Will Club Atlético de Madrid vs. Club Brugge KV end in a draw?,0xefb1a99c4462dd9b1e566b8fe12ee1080b2a73c8391c7e67aa4c95c26e70d089,"[""38505478854409551225292960733943126501023868036978269979516200075923561377561"", ""74811512510802696465832054859180133290642719250437746961170918915789660952303""]",38505478854409551225292960733943126501023868036978269979516200075923561377561|74811512510802696465832054859180133290642719250437746961170918915789660952303,74811512510802696465832054859180133290642719250437746961170918915789660952303,No,True,0.998,5.43,0.999,2566.01,0.9984999999999999,0.0010000000000000009,9460319eab47d5be020c76896ddc12bb2390f103,0.001,5,0.999,15927.58678,422333.88971
2026-03-09T00:49:30Z,UCL,204446,ucl-atm1-bru-2026-02-24,Club Atlético de Madrid vs. Club Brugge KV,2026-02-10T19:06:08.522281Z,1363654,ucl-atm1-bru-2026-02-24-bru,Will Club Brugge KV win on 2026-02-24?,0x92a3f4c977104204bcf2305ba637bd27f477ce4b411b91615cd38396757fbcf0,"[""11818111027716980978591503189225158997004484465873909252999489125701230475681"", ""21577357760177622618944820871649316040949951980845740612687341332984338005492""]",11818111027716980978591503189225158997004484465873909252999489125701230475681|21577357760177622618944820871649316040949951980845740612687341332984338005492,11818111027716980978591503189225158997004484465873909252999489125701230475681,Yes,False,,,,,,,,,,,,813811.598021
2026-03-09T00:49:30Z,UCL,204446,ucl-atm1-bru-2026-02-24,Club Atlético de Madrid vs. Club Brugge KV,2026-02-10T19:06:08.522281Z,1363654,ucl-atm1-bru-2026-02-24-bru,Will Club Brugge KV win on 2026-02-24?,0x92a3f4c977104204bcf2305ba637bd27f477ce4b411b91615cd38396757fbcf0,"[""11818111027716980978591503189225158997004484465873909252999489125701230475681"", ""21577357760177622618944820871649316040949951980845740612687341332984338005492""]",11818111027716980978591503189225158997004484465873909252999489125701230475681|21577357760177622618944820871649316040949951980845740612687341332984338005492,21577357760177622618944820871649316040949951980845740612687341332984338005492,No,False,,,,,,,,,,,,813811.598021
2026-03-09T00:49:30Z,UCL,217713,uefa-champions-league-most-player-of-the-match-awards,UEFA Champions League: Most Player of the Match Awards,2026-02-21T00:50:31.509181Z,1399553,will-harry-kane-record-the-most-player-of-the-match-awards-during-the-2025-uefa-champions-league,Will Harry Kane record the most Player of the Match awards during the 2025 UEFA Champions League?,0x85ca75b0adad859523569ae4779fd70c55b9a197c58308611f0cbabae1a953dd,"[""15537016803285198311159086354217492190721902211344810254673233244685609931273"", ""53648305857187197223821205198476062710362591490773737518218548614563779261971""]",15537016803285198311159086354217492190721902211344810254673233244685609931273|53648305857187197223821205198476062710362591490773737518218548614563779261971,15537016803285198311159086354217492190721902211344810254673233244685609931273,Yes,True,0.25,11.3,0.63,5.0,0.44,0.38,e61103c8c1f92d931a1edbc86b7e582ec7c10173,0.01,5,,309.9962,
2026-03-09T00:49:30Z,UCL,217713,uefa-champions-league-most-player-of-the-match-awards,UEFA Champions League: Most Player of the Match Awards,2026-02-21T00:50:31.509181Z,1399553,will-harry-kane-record-the-most-player-of-the-match-awards-during-the-2025-uefa-champions-league,Will Harry Kane record the most Player of the Match awards during the 2025 UEFA Champions League?,0x85ca75b0adad859523569ae4779fd70c55b9a197c58308611f0cbabae1a953dd,"[""15537016803285198311159086354217492190721902211344810254673233244685609931273"", ""53648305857187197223821205198476062710362591490773737518218548614563779261971""]",15537016803285198311159086354217492190721902211344810254673233244685609931273|53648305857187197223821205198476062710362591490773737518218548614563779261971,53648305857187197223821205198476062710362591490773737518218548614563779261971,No,True,0.37,5.0,0.75,11.3,0.56,0.38,d85f5009181e3e45e958cef0b53be452b3626d0e,0.01,5,,309.9962,
2026-03-09T00:49:30Z,UCL,217713,uefa-champions-league-most-player-of-the-match-awards,UEFA Champions League: Most Player of the Match Awards,2026-02-21T00:50:31.509181Z,1399555,will-marcus-thuram-record-the-most-player-of-the-match-awards-during-the-2025-uefa-champions-league,Will Marcus Thuram record the most Player of the Match awards during the 2025 UEFA Champions League?,0x15528009350c3f99ffd1d79ed9bf21a0165f2ffabfd69bbb2db066631b20adab,"[""47757598099264730519682081975634678745964359372025600855117278840042065610727"", ""69755295281611679553314767225079829135228062581562121675670439044871323225667""]",47757598099264730519682081975634678745964359372025600855117278840042065610727|69755295281611679553314767225079829135228062581562121675670439044871323225667,47757598099264730519682081975634678745964359372025600855117278840042065610727,Yes,False,,,,,,,,,,,,4586.60785
2026-03-09T00:49:30Z,UCL,217713,uefa-champions-league-most-player-of-the-match-awards,UEFA Champions League: Most Player of the Match Awards,2026-02-21T00:50:31.509181Z,1399555,will-marcus-thuram-record-the-most-player-of-the-match-awards-during-the-2025-uefa-champions-league,Will Marcus Thuram record the most Player of the Match awards during the 2025 UEFA Champions League?,0x15528009350c3f99ffd1d79ed9bf21a0165f2ffabfd69bbb2db066631b20adab,"[""47757598099264730519682081975634678745964359372025600855117278840042065610727"", ""69755295281611679553314767225079829135228062581562121675670439044871323225667""]",47757598099264730519682081975634678745964359372025600855117278840042065610727|69755295281611679553314767225079829135228062581562121675670439044871323225667,69755295281611679553314767225079829135228062581562121675670439044871323225667,No,False,,,,,,,,,,,,4586.60785
2026-03-09T00:49:30Z,UCL,217713,uefa-champions-league-most-player-of-the-match-awards,UEFA Champions League: Most Player of the Match Awards,2026-02-21T00:50:31.509181Z,1399557,will-nuno-mendes-record-the-most-player-of-the-match-awards-during-the-2025-uefa-champions-league,Will Nuno Mendes record the most Player of the Match awards during the 2025 UEFA Champions League?,0xa32785a75002a750486ae89e35665c0225b2343b86afcbba2011e32e1971f9b6,"[""38655487770017246275071683373840031371262842748942274408676427993045807562956"", ""35692113438988747977471836113315366643214221736265009688086810249959727896103""]",38655487770017246275071683373840031371262842748942274408676427993045807562956|35692113438988747977471836113315366643214221736265009688086810249959727896103,38655487770017246275071683373840031371262842748942274408676427993045807562956,Yes,True,0.07,13.1,0.17,12.0,0.12000000000000001,0.1,7df8b8ef668085297a6e07bfb76cc6d312dd2f7d,0.01,5,,485.0061,
2026-03-09T00:49:30Z,UCL,217713,uefa-champions-league-most-player-of-the-match-awards,UEFA Champions League: Most Player of the Match Awards,2026-02-21T00:50:31.509181Z,1399557,will-nuno-mendes-record-the-most-player-of-the-match-awards-during-the-2025-uefa-champions-league,Will Nuno Mendes record the most Player of the Match awards during the 2025 UEFA Champions League?,0xa32785a75002a750486ae89e35665c0225b2343b86afcbba2011e32e1971f9b6,"[""38655487770017246275071683373840031371262842748942274408676427993045807562956"", ""35692113438988747977471836113315366643214221736265009688086810249959727896103""]",38655487770017246275071683373840031371262842748942274408676427993045807562956|35692113438988747977471836113315366643214221736265009688086810249959727896103,35692113438988747977471836113315366643214221736265009688086810249959727896103,No,True,0.83,12.0,0.93,13.1,0.88,0.10000000000000009,4eca4c5a975b5854ceecb816a8db69fe8630971d,0.01,5,,485.0061,
2026-03-09T00:49:30Z,UCL,217713,uefa-champions-league-most-player-of-the-match-awards,UEFA Champions League: Most Player of the Match Awards,2026-02-21T00:50:31.509181Z,1399559,will-phil-foden-record-the-most-player-of-the-match-awards-during-the-2025-uefa-champions-league,Will Phil Foden record the most Player of the Match awards during the 2025 UEFA Champions League?,0xa70d895c41256bb40a6a1f1959d9221ec7b303fb54c1e93e2d18e87230f2700a,"[""112076888410927944791556171823755936705575045033585227861775412152576005698972"", ""81770942824498859922776164183360243928346384705073497941763681064341770778314""]",112076888410927944791556171823755936705575045033585227861775412152576005698972|81770942824498859922776164183360243928346384705073497941763681064341770778314,112076888410927944791556171823755936705575045033585227861775412152576005698972,Yes,True,0.024,5.0,0.439,5.0,0.2315,0.415,741714710204c577bcf14cf578b8f90e71ecb1d1,0.001,5,,88.96395,
2026-03-09T00:49:30Z,UCL,217713,uefa-champions-league-most-player-of-the-match-awards,UEFA Champions League: Most Player of the Match Awards,2026-02-21T00:50:31.509181Z,1399559,will-phil-foden-record-the-most-player-of-the-match-awards-during-the-2025-uefa-champions-league,Will Phil Foden record the most Player of the Match awards during the 2025 UEFA Champions League?,0xa70d895c41256bb40a6a1f1959d9221ec7b303fb54c1e93e2d18e87230f2700a,"[""112076888410927944791556171823755936705575045033585227861775412152576005698972"", ""81770942824498859922776164183360243928346384705073497941763681064341770778314""]",112076888410927944791556171823755936705575045033585227861775412152576005698972|81770942824498859922776164183360243928346384705073497941763681064341770778314,81770942824498859922776164183360243928346384705073497941763681064341770778314,No,True,0.561,5.0,0.976,5.0,0.7685,0.4149999999999999,bd65dce4e538eb26ecfefbd7dfb9791014041bed,0.001,5,,88.96395,
2026-03-09T00:49:30Z,UCL,217713,uefa-champions-league-most-player-of-the-match-awards,UEFA Champions League: Most Player of the Match Awards,2026-02-21T00:50:31.509181Z,1399561,will-marc-cucurella-record-the-most-player-of-the-match-awards-during-the-2025-uefa-champions-league,Will Marc Cucurella record the most Player of the Match awards during the 2025 UEFA Champions League?,0xcf434c8bbc092cf63723e8c34b3a12c5a3d42de57d7a07dea9d6ef60ab16cd09,"[""50579093185251384460638109379258135242798077469869135217626800169937270088049"", ""114373414907620744882192861066252016747432786254503889980492646149040531833339""]",50579093185251384460638109379258135242798077469869135217626800169937270088049|114373414907620744882192861066252016747432786254503889980492646149040531833339,50579093185251384460638109379258135242798077469869135217626800169937270088049,Yes,True,0.013,7.81,0.436,41.0,0.2245,0.423,e230ef847da3168db271543176a3f0ee3c77bc1b,0.001,5,,135.86644,
2026-03-09T00:49:30Z,UCL,217713,uefa-champions-league-most-player-of-the-match-awards,UEFA Champions League: Most Player of the Match Awards,2026-02-21T00:50:31.509181Z,1399561,will-marc-cucurella-record-the-most-player-of-the-match-awards-during-the-2025-uefa-champions-league,Will Marc Cucurella record the most Player of the Match awards during the 2025 UEFA Champions League?,0xcf434c8bbc092cf63723e8c34b3a12c5a3d42de57d7a07dea9d6ef60ab16cd09,"[""50579093185251384460638109379258135242798077469869135217626800169937270088049"", ""114373414907620744882192861066252016747432786254503889980492646149040531833339""]",50579093185251384460638109379258135242798077469869135217626800169937270088049|114373414907620744882192861066252016747432786254503889980492646149040531833339,114373414907620744882192861066252016747432786254503889980492646149040531833339,No,True,0.564,41.0,0.987,7.81,0.7755,0.42300000000000004,f93f991d8ec8573d46a863a1ccdf1648a881df28,0.001,5,,135.86644,
2026-03-09T00:49:30Z,UCL,217713,uefa-champions-league-most-player-of-the-match-awards,UEFA Champions League: Most Player of the Match Awards,2026-02-21T00:50:31.509181Z,1399565,will-xavi-simons-record-the-most-player-of-the-match-awards-during-the-2025-uefa-champions-league-654,Will Xavi Simons record the most Player of the Match awards during the 2025 UEFA Champions League?,0xc4f5bb4f795e3606f6832cd05cc1763e23c1610847007947d785e5b239e04ce7,"[""94299375201591812349084521304596816473199985624459180859704459405422961969689"", ""101629492053752880855283498148178251928033864580322295551767933853012060529524""]",94299375201591812349084521304596816473199985624459180859704459405422961969689|101629492053752880855283498148178251928033864580322295551767933853012060529524,94299375201591812349084521304596816473199985624459180859704459405422961969689,Yes,True,0.011,30.4,0.028,29.85,0.0195,0.017,f55cd2171f839c01a4376c95775e8bac2fe58b6e,0.001,5,,200.04564,
2026-03-09T00:49:30Z,UCL,217713,uefa-champions-league-most-player-of-the-match-awards,UEFA Champions League: Most Player of the Match Awards,2026-02-21T00:50:31.509181Z,1399565,will-xavi-simons-record-the-most-player-of-the-match-awards-during-the-2025-uefa-champions-league-654,Will Xavi Simons record the most Player of the Match awards during the 2025 UEFA Champions League?,0xc4f5bb4f795e3606f6832cd05cc1763e23c1610847007947d785e5b239e04ce7,"[""94299375201591812349084521304596816473199985624459180859704459405422961969689"", ""101629492053752880855283498148178251928033864580322295551767933853012060529524""]",94299375201591812349084521304596816473199985624459180859704459405422961969689|101629492053752880855283498148178251928033864580322295551767933853012060529524,101629492053752880855283498148178251928033864580322295551767933853012060529524,No,True,0.972,29.85,0.989,30.4,0.9804999999999999,0.017000000000000015,ef4c8b942ac92b0ccd554dfe29e2fa0733d7a5ef,0.001,5,,200.04564,
2026-03-09T00:49:30Z,UCL,217713,uefa-champions-league-most-player-of-the-match-awards,UEFA Champions League: Most Player of the Match Awards,2026-02-21T00:50:31.509181Z,1399567,will-fermn-lpez-record-the-most-player-of-the-match-awards-during-the-2025-uefa-champions-league-591,Will Fermín López record the most Player of the Match awards during the 2025 UEFA Champions League?,0x7bd35d50cf1444a0dc61d85672a40cc8f00ef55a9cff6bb59671948ceb315ada,"[""81266608945451563130030303824236175739157886240397624022222780518063807555985"", ""27135496799124673878428138445119001440751902256488009975233578437057071130602""]",81266608945451563130030303824236175739157886240397624022222780518063807555985|27135496799124673878428138445119001440751902256488009975233578437057071130602,81266608945451563130030303824236175739157886240397624022222780518063807555985,Yes,True,0.022,71.4,0.446,37.11,0.234,0.424,d87718ecbab53f1e084dd3bded411ec845f804be,0.001,5,,181.65772,
2026-03-09T00:49:30Z,UCL,217713,uefa-champions-league-most-player-of-the-match-awards,UEFA Champions League: Most Player of the Match Awards,2026-02-21T00:50:31.509181Z,1399567,will-fermn-lpez-record-the-most-player-of-the-match-awards-during-the-2025-uefa-champions-league-591,Will Fermín López record the most Player of the Match awards during the 2025 UEFA Champions League?,0x7bd35d50cf1444a0dc61d85672a40cc8f00ef55a9cff6bb59671948ceb315ada,"[""81266608945451563130030303824236175739157886240397624022222780518063807555985"", ""27135496799124673878428138445119001440751902256488009975233578437057071130602""]",81266608945451563130030303824236175739157886240397624022222780518063807555985|27135496799124673878428138445119001440751902256488009975233578437057071130602,27135496799124673878428138445119001440751902256488009975233578437057071130602,No,True,0.554,37.11,0.978,71.4,0.766,0.42399999999999993,21f03e4833ad85e32fc1d9a5274582756301fee3,0.001,5,,181.65772,
2026-03-09T00:49:30Z,UCL,217713,uefa-champions-league-most-player-of-the-match-awards,UEFA Champions League: Most Player of the Match Awards,2026-02-21T00:50:31.509181Z,1399569,will-francisco-trinco-record-the-most-player-of-the-match-awards-during-the-2025-uefa-champions-league-269,Will Francisco Trincão record the most Player of the Match awards during the 2025 UEFA Champions League?,0x741de6a0dc4a98aa39974ec9e0e77c2200d2e69f46ad7b1b54dea5ef877cd070,"[""108883143981864847455097416606330407272845237079126842561627214566691561599690"", ""79477881093661105662052795040542498045782610903743766662228907518461014976197""]",108883143981864847455097416606330407272845237079126842561627214566691561599690|79477881093661105662052795040542498045782610903743766662228907518461014976197,108883143981864847455097416606330407272845237079126842561627214566691561599690,Yes,True,0.011,91.4,0.028,29.85,0.0195,0.017,1721d2ab187b629d2a6f018c9cf9662e4afb672c,0.001,5,,110.03322,
2026-03-09T00:49:30Z,UCL,217713,uefa-champions-league-most-player-of-the-match-awards,UEFA Champions League: Most Player of the Match Awards,2026-02-21T00:50:31.509181Z,1399569,will-francisco-trinco-record-the-most-player-of-the-match-awards-during-the-2025-uefa-champions-league-269,Will Francisco Trincão record the most Player of the Match awards during the 2025 UEFA Champions League?,0x741de6a0dc4a98aa39974ec9e0e77c2200d2e69f46ad7b1b54dea5ef877cd070,"[""108883143981864847455097416606330407272845237079126842561627214566691561599690"", ""79477881093661105662052795040542498045782610903743766662228907518461014976197""]",108883143981864847455097416606330407272845237079126842561627214566691561599690|79477881093661105662052795040542498045782610903743766662228907518461014976197,79477881093661105662052795040542498045782610903743766662228907518461014976197,No,True,0.972,29.85,0.989,91.4,0.9804999999999999,0.017000000000000015,d5247b5a5a0db614458679811b89560370f94d5b,0.001,5,,110.03322,
2026-03-09T00:49:30Z,UCL,217713,uefa-champions-league-most-player-of-the-match-awards,UEFA Champions League: Most Player of the Match Awards,2026-02-21T00:50:31.509181Z,1399571,will-player-a-record-the-most-player-of-the-match-awards-during-the-2025-uefa-champions-league-284,Will Player A record the most Player of the Match awards during the 2025 UEFA Champions League?,0x2750c85b77eea9525042d1e73ed6f7b671b863e047e76cff976be297fa4652b6,"[""32426457941330631177006699046137928028627131788100999715871029558298183976079"", ""110769539971663446880506049559495784659477351495316157142173824042208873247152""]",32426457941330631177006699046137928028627131788100999715871029558298183976079|110769539971663446880506049559495784659477351495316157142173824042208873247152,32426457941330631177006699046137928028627131788100999715871029558298183976079,Yes,False,,,,,,,,,,,0,0
2026-03-09T00:49:30Z,UCL,217713,uefa-champions-league-most-player-of-the-match-awards,UEFA Champions League: Most Player of the Match Awards,2026-02-21T00:50:31.509181Z,1399571,will-player-a-record-the-most-player-of-the-match-awards-during-the-2025-uefa-champions-league-284,Will Player A record the most Player of the Match awards during the 2025 UEFA Champions League?,0x2750c85b77eea9525042d1e73ed6f7b671b863e047e76cff976be297fa4652b6,"[""32426457941330631177006699046137928028627131788100999715871029558298183976079"", ""110769539971663446880506049559495784659477351495316157142173824042208873247152""]",32426457941330631177006699046137928028627131788100999715871029558298183976079|110769539971663446880506049559495784659477351495316157142173824042208873247152,110769539971663446880506049559495784659477351495316157142173824042208873247152,No,False,,,,,,,,,,,0,0
2026-03-09T00:49:30Z,UCL,217713,uefa-champions-league-most-player-of-the-match-awards,UEFA Champions League: Most Player of the Match Awards,2026-02-21T00:50:31.509181Z,1399573,will-player-c-record-the-most-player-of-the-match-awards-during-the-2025-uefa-champions-league-846,Will Player C record the most Player of the Match awards during the 2025 UEFA Champions League?,0x2c13d6b45a3b934915476fae0d884cfceab2d438a9b14a38201b9d284536a4e4,"[""91749629825116353421144285193839979316496081873915917950836160234111326861992"", ""47158358983483081794123075563644498132645281207724350101390642676790980846153""]",91749629825116353421144285193839979316496081873915917950836160234111326861992|47158358983483081794123075563644498132645281207724350101390642676790980846153,91749629825116353421144285193839979316496081873915917950836160234111326861992,Yes,False,,,,,,,,,,,0,0
2026-03-09T00:49:30Z,UCL,217713,uefa-champions-league-most-player-of-the-match-awards,UEFA Champions League: Most Player of the Match Awards,2026-02-21T00:50:31.509181Z,1399573,will-player-c-record-the-most-player-of-the-match-awards-during-the-2025-uefa-champions-league-846,Will Player C record the most Player of the Match awards during the 2025 UEFA Champions League?,0x2c13d6b45a3b934915476fae0d884cfceab2d438a9b14a38201b9d284536a4e4,"[""91749629825116353421144285193839979316496081873915917950836160234111326861992"", ""47158358983483081794123075563644498132645281207724350101390642676790980846153""]",91749629825116353421144285193839979316496081873915917950836160234111326861992|47158358983483081794123075563644498132645281207724350101390642676790980846153,47158358983483081794123075563644498132645281207724350101390642676790980846153,No,False,,,,,,,,,,,0,0
2026-03-09T00:49:30Z,UCL,217713,uefa-champions-league-most-player-of-the-match-awards,UEFA Champions League: Most Player of the Match Awards,2026-02-21T00:50:31.509181Z,1399575,will-player-e-record-the-most-player-of-the-match-awards-during-the-2025-uefa-champions-league-583,Will Player E record the most Player of the Match awards during the 2025 UEFA Champions League?,0xc674667c5f28dd5166359f64716e660ba329acc8ec68adfdf2dd0bb536b0b098,"[""35410415329176249445957196082611826871700415548588275015330316563013649214293"", ""53321933319863347269907179188571838922997147853477975935932827592206417480695""]",35410415329176249445957196082611826871700415548588275015330316563013649214293|53321933319863347269907179188571838922997147853477975935932827592206417480695,35410415329176249445957196082611826871700415548588275015330316563013649214293,Yes,False,,,,,,,,,,,0,0
2026-03-09T00:49:30Z,UCL,217713,uefa-champions-league-most-player-of-the-match-awards,UEFA Champions League: Most Player of the Match Awards,2026-02-21T00:50:31.509181Z,1399575,will-player-e-record-the-most-player-of-the-match-awards-during-the-2025-uefa-champions-league-583,Will Player E record the most Player of the Match awards during the 2025 UEFA Champions League?,0xc674667c5f28dd5166359f64716e660ba329acc8ec68adfdf2dd0bb536b0b098,"[""35410415329176249445957196082611826871700415548588275015330316563013649214293"", ""53321933319863347269907179188571838922997147853477975935932827592206417480695""]",35410415329176249445957196082611826871700415548588275015330316563013649214293|53321933319863347269907179188571838922997147853477975935932827592206417480695,53321933319863347269907179188571838922997147853477975935932827592206417480695,No,False,,,,,,,,,,,0,0
2026-03-09T00:49:30Z,UCL,217713,uefa-champions-league-most-player-of-the-match-awards,UEFA Champions League: Most Player of the Match Awards,2026-02-21T00:50:31.509181Z,1399577,will-player-g-record-the-most-player-of-the-match-awards-during-the-2025-uefa-champions-league-437,Will Player G record the most Player of the Match awards during the 2025 UEFA Champions League?,0xcaacfed41494cf0583bd3c729ba2023d0bbb8cc0c13487bc3768bdc5fb1ec8c6,"[""82207314085403569102468862586557731969496450599299504706375664240209708591795"", ""111250455729909033969405870999908884072418864943041792210499982467885587203275""]",82207314085403569102468862586557731969496450599299504706375664240209708591795|111250455729909033969405870999908884072418864943041792210499982467885587203275,82207314085403569102468862586557731969496450599299504706375664240209708591795,Yes,False,,,,,,,,,,,0,0
2026-03-09T00:49:30Z,UCL,217713,uefa-champions-league-most-player-of-the-match-awards,UEFA Champions League: Most Player of the Match Awards,2026-02-21T00:50:31.509181Z,1399577,will-player-g-record-the-most-player-of-the-match-awards-during-the-2025-uefa-champions-league-437,Will Player G record the most Player of the Match awards during the 2025 UEFA Champions League?,0xcaacfed41494cf0583bd3c729ba2023d0bbb8cc0c13487bc3768bdc5fb1ec8c6,"[""82207314085403569102468862586557731969496450599299504706375664240209708591795"", ""111250455729909033969405870999908884072418864943041792210499982467885587203275""]",82207314085403569102468862586557731969496450599299504706375664240209708591795|111250455729909033969405870999908884072418864943041792210499982467885587203275,111250455729909033969405870999908884072418864943041792210499982467885587203275,No,False,,,,,,,,,,,0,0
2026-03-09T00:49:30Z,UCL,217713,uefa-champions-league-most-player-of-the-match-awards,UEFA Champions League: Most Player of the Match Awards,2026-02-21T00:50:31.509181Z,1399579,will-player-i-record-the-most-player-of-the-match-awards-during-the-2025-uefa-champions-league-924,Will Player I record the most Player of the Match awards during the 2025 UEFA Champions League?,0x4ed3bd6ffa763a04899bc3fc70db60cfff6d89959a29f9926b82bcf3bd4c74ea,"[""86306180650113716130220581976424607074124427809546729356840394097788622440744"", ""99510416084221686355090554154071222307210974527184865548224801612290695976255""]",86306180650113716130220581976424607074124427809546729356840394097788622440744|99510416084221686355090554154071222307210974527184865548224801612290695976255,86306180650113716130220581976424607074124427809546729356840394097788622440744,Yes,False,,,,,,,,,,,0,0
2026-03-09T00:49:30Z,UCL,217713,uefa-champions-league-most-player-of-the-match-awards,UEFA Champions League: Most Player of the Match Awards,2026-02-21T00:50:31.509181Z,1399579,will-player-i-record-the-most-player-of-the-match-awards-during-the-2025-uefa-champions-league-924,Will Player I record the most Player of the Match awards during the 2025 UEFA Champions League?,0x4ed3bd6ffa763a04899bc3fc70db60cfff6d89959a29f9926b82bcf3bd4c74ea,"[""86306180650113716130220581976424607074124427809546729356840394097788622440744"", ""99510416084221686355090554154071222307210974527184865548224801612290695976255""]",86306180650113716130220581976424607074124427809546729356840394097788622440744|99510416084221686355090554154071222307210974527184865548224801612290695976255,99510416084221686355090554154071222307210974527184865548224801612290695976255,No,False,,,,,,,,,,,0,0
2026-03-09T00:49:30Z,UCL,217713,uefa-champions-league-most-player-of-the-match-awards,UEFA Champions League: Most Player of the Match Awards,2026-02-21T00:50:31.509181Z,1399581,will-player-k-record-the-most-player-of-the-match-awards-during-the-2025-uefa-champions-league-596,Will Player K record the most Player of the Match awards during the 2025 UEFA Champions League?,0x1834c40944a411cd7f0c9965c4ffa7eca78f98870625c5323747002e5f42afd8,"[""80521203430101341377756660829201446851988601569970107597353960010258530807626"", ""91709661853192336196406149842708850309497687244657347404990561548218694248225""]",80521203430101341377756660829201446851988601569970107597353960010258530807626|91709661853192336196406149842708850309497687244657347404990561548218694248225,80521203430101341377756660829201446851988601569970107597353960010258530807626,Yes,False,,,,,,,,,,,0,0
2026-03-09T00:49:30Z,UCL,217713,uefa-champions-league-most-player-of-the-match-awards,UEFA Champions League: Most Player of the Match Awards,2026-02-21T00:50:31.509181Z,1399581,will-player-k-record-the-most-player-of-the-match-awards-during-the-2025-uefa-champions-league-596,Will Player K record the most Player of the Match awards during the 2025 UEFA Champions League?,0x1834c40944a411cd7f0c9965c4ffa7eca78f98870625c5323747002e5f42afd8,"[""80521203430101341377756660829201446851988601569970107597353960010258530807626"", ""91709661853192336196406149842708850309497687244657347404990561548218694248225""]",80521203430101341377756660829201446851988601569970107597353960010258530807626|91709661853192336196406149842708850309497687244657347404990561548218694248225,91709661853192336196406149842708850309497687244657347404990561548218694248225,No,False,,,,,,,,,,,0,0
2026-03-09T00:49:30Z,UCL,217713,uefa-champions-league-most-player-of-the-match-awards,UEFA Champions League: Most Player of the Match Awards,2026-02-21T00:50:31.509181Z,1399583,will-player-m-record-the-most-player-of-the-match-awards-during-the-2025-uefa-champions-league-758,Will Player M record the most Player of the Match awards during the 2025 UEFA Champions League?,0x44f5bfaac3ad64d5205e2c571bbb276da4aa7843abaf3eef2450bece8119b5d7,"[""67920442632684983913731621766594884337358846546195710083355668761593567030042"", ""70362663189588322360783227991207775742126972869003025928617752450861385991749""]",67920442632684983913731621766594884337358846546195710083355668761593567030042|70362663189588322360783227991207775742126972869003025928617752450861385991749,67920442632684983913731621766594884337358846546195710083355668761593567030042,Yes,False,,,,,,,,,,,0,0
2026-03-09T00:49:30Z,UCL,217713,uefa-champions-league-most-player-of-the-match-awards,UEFA Champions League: Most Player of the Match Awards,2026-02-21T00:50:31.509181Z,1399583,will-player-m-record-the-most-player-of-the-match-awards-during-the-2025-uefa-champions-league-758,Will Player M record the most Player of the Match awards during the 2025 UEFA Champions League?,0x44f5bfaac3ad64d5205e2c571bbb276da4aa7843abaf3eef2450bece8119b5d7,"[""67920442632684983913731621766594884337358846546195710083355668761593567030042"", ""70362663189588322360783227991207775742126972869003025928617752450861385991749""]",67920442632684983913731621766594884337358846546195710083355668761593567030042|70362663189588322360783227991207775742126972869003025928617752450861385991749,70362663189588322360783227991207775742126972869003025928617752450861385991749,No,False,,,,,,,,,,,0,0
2026-03-09T00:49:30Z,UCL,217713,uefa-champions-league-most-player-of-the-match-awards,UEFA Champions League: Most Player of the Match Awards,2026-02-21T00:50:31.509181Z,1399585,will-player-o-record-the-most-player-of-the-match-awards-during-the-2025-uefa-champions-league-821,Will Player O record the most Player of the Match awards during the 2025 UEFA Champions League?,0x9d4bd15e4bd36a426a8d54a74a1885a31321912a4fe335ff72ae26ebbf681cf0,"[""115424525588091863663333783487047471036977587406459365688940557276217151767691"", ""97414999045379731641984150465102428649550399871520652199584710722154695880527""]",115424525588091863663333783487047471036977587406459365688940557276217151767691|97414999045379731641984150465102428649550399871520652199584710722154695880527,115424525588091863663333783487047471036977587406459365688940557276217151767691,Yes,False,,,,,,,,,,,0,0
2026-03-09T00:49:30Z,UCL,217713,uefa-champions-league-most-player-of-the-match-awards,UEFA Champions League: Most Player of the Match Awards,2026-02-21T00:50:31.509181Z,1399585,will-player-o-record-the-most-player-of-the-match-awards-during-the-2025-uefa-champions-league-821,Will Player O record the most Player of the Match awards during the 2025 UEFA Champions League?,0x9d4bd15e4bd36a426a8d54a74a1885a31321912a4fe335ff72ae26ebbf681cf0,"[""115424525588091863663333783487047471036977587406459365688940557276217151767691"", ""97414999045379731641984150465102428649550399871520652199584710722154695880527""]",115424525588091863663333783487047471036977587406459365688940557276217151767691|97414999045379731641984150465102428649550399871520652199584710722154695880527,97414999045379731641984150465102428649550399871520652199584710722154695880527,No,False,,,,,,,,,,,0,0
2026-03-09T00:49:30Z,UCL,217713,uefa-champions-league-most-player-of-the-match-awards,UEFA Champions League: Most Player of the Match Awards,2026-02-21T00:50:31.509181Z,1399587,will-another-player-record-the-most-player-of-the-match-awards-during-the-2025-uefa-champions-league-889,Will another player record the most Player of the Match awards during the 2025 UEFA Champions League?,0x955d9430dcf13669e5e2ce2a9aa6565b2ae92cbc911aa03639fee1a5f865fe64,"[""21196668328585128000187064477749078624335632647987895219029738912840059821691"", ""63715520654972071942334586339918485906383218534726609395713623003329853269218""]",21196668328585128000187064477749078624335632647987895219029738912840059821691|63715520654972071942334586339918485906383218534726609395713623003329853269218,21196668328585128000187064477749078624335632647987895219029738912840059821691,Yes,False,,,,,,,,,,,0,0
2026-03-09T00:49:30Z,UCL,217713,uefa-champions-league-most-player-of-the-match-awards,UEFA Champions League: Most Player of the Match Awards,2026-02-21T00:50:31.509181Z,1399587,will-another-player-record-the-most-player-of-the-match-awards-during-the-2025-uefa-champions-league-889,Will another player record the most Player of the Match awards during the 2025 UEFA Champions League?,0x955d9430dcf13669e5e2ce2a9aa6565b2ae92cbc911aa03639fee1a5f865fe64,"[""21196668328585128000187064477749078624335632647987895219029738912840059821691"", ""63715520654972071942334586339918485906383218534726609395713623003329853269218""]",21196668328585128000187064477749078624335632647987895219029738912840059821691|63715520654972071942334586339918485906383218534726609395713623003329853269218,63715520654972071942334586339918485906383218534726609395713623003329853269218,No,False,,,,,,,,,,,0,0
2026-03-09T00:49:30Z,UCL,217713,uefa-champions-league-most-player-of-the-match-awards,UEFA Champions League: Most Player of the Match Awards,2026-02-21T00:50:31.509181Z,1399554,will-kylian-mbapp-record-the-most-player-of-the-match-awards-during-the-2025-uefa-champions-league,Will Kylian Mbappé record the most Player of the Match awards during the 2025 UEFA Champions League?,0x7c5faf9fae811e5d265884b7bc4d8841a9272f8c97ab5039355206e9cc5b2cfd,"[""72051538362914750764613492312649824458983841081812968885383333057780153009174"", ""8158149506701031779427826652140921251700424063843510411229900610703484381843""]",72051538362914750764613492312649824458983841081812968885383333057780153009174|8158149506701031779427826652140921251700424063843510411229900610703484381843,72051538362914750764613492312649824458983841081812968885383333057780153009174,Yes,True,0.11,25.25,0.51,6.51,0.31,0.4,b2676ac9f6b105ee1a5a13fa3223794a963830ce,0.01,5,,213.7461,
2026-03-09T00:49:30Z,UCL,217713,uefa-champions-league-most-player-of-the-match-awards,UEFA Champions League: Most Player of the Match Awards,2026-02-21T00:50:31.509181Z,1399554,will-kylian-mbapp-record-the-most-player-of-the-match-awards-during-the-2025-uefa-champions-league,Will Kylian Mbappé record the most Player of the Match awards during the 2025 UEFA Champions League?,0x7c5faf9fae811e5d265884b7bc4d8841a9272f8c97ab5039355206e9cc5b2cfd,"[""72051538362914750764613492312649824458983841081812968885383333057780153009174"", ""8158149506701031779427826652140921251700424063843510411229900610703484381843""]",72051538362914750764613492312649824458983841081812968885383333057780153009174|8158149506701031779427826652140921251700424063843510411229900610703484381843,8158149506701031779427826652140921251700424063843510411229900610703484381843,No,True,0.49,6.51,0.89,25.25,0.69,0.4,41e74da99aac6d16e7ab4cd73bd2ad3c291b5b32,0.01,5,,213.7461,
2026-03-09T00:49:30Z,UCL,217713,uefa-champions-league-most-player-of-the-match-awards,UEFA Champions League: Most Player of the Match Awards,2026-02-21T00:50:31.509181Z,1399556,will-anthony-gordon-record-the-most-player-of-the-match-awards-during-the-2025-uefa-champions-league,Will Anthony Gordon record the most Player of the Match awards during the 2025 UEFA Champions League?,0x4b3715495c49f745913287de46306c6515374d34543238b606182fcbb8c64752,"[""2540895804033978352321996333495680536564138702173792712899562141740891362629"", ""104496009339715484679295086585477609982378921887560709285830151360840173213503""]",2540895804033978352321996333495680536564138702173792712899562141740891362629|104496009339715484679295086585477609982378921887560709285830151360840173213503,2540895804033978352321996333495680536564138702173792712899562141740891362629,Yes,True,0.022,74.3,0.469,50.0,0.2455,0.44699999999999995,9bb5a498b3d9daca4056b8b838078e0c81fa58e0,0.001,5,,181.69632,
2026-03-09T00:49:30Z,UCL,217713,uefa-champions-league-most-player-of-the-match-awards,UEFA Champions League: Most Player of the Match Awards,2026-02-21T00:50:31.509181Z,1399556,will-anthony-gordon-record-the-most-player-of-the-match-awards-during-the-2025-uefa-champions-league,Will Anthony Gordon record the most Player of the Match awards during the 2025 UEFA Champions League?,0x4b3715495c49f745913287de46306c6515374d34543238b606182fcbb8c64752,"[""2540895804033978352321996333495680536564138702173792712899562141740891362629"", ""104496009339715484679295086585477609982378921887560709285830151360840173213503""]",2540895804033978352321996333495680536564138702173792712899562141740891362629|104496009339715484679295086585477609982378921887560709285830151360840173213503,104496009339715484679295086585477609982378921887560709285830151360840173213503,No,True,0.531,50.0,0.978,74.3,0.7545,0.44699999999999995,1889332e5016619af5ef8687afa358970ea02858,0.001,5,,181.69632,
2026-03-09T00:49:30Z,UCL,217713,uefa-champions-league-most-player-of-the-match-awards,UEFA Champions League: Most Player of the Match Awards,2026-02-21T00:50:31.509181Z,1399558,will-virgil-van-dijk-record-the-most-player-of-the-match-awards-during-the-2025-uefa-champions-league,Will Virgil van Dijk record the most Player of the Match awards during the 2025 UEFA Champions League?,0x01330ac6a3d15f4b3a663daf30ff58fda5fd48b3aec01f0d9ae27b9bce5d9ec4,"[""51605474847032122578567713098229093935572987522096978804308642395284922269010"", ""99212094126368354230614375627797824220530412295471277551283033982607668656278""]",51605474847032122578567713098229093935572987522096978804308642395284922269010|99212094126368354230614375627797824220530412295471277551283033982607668656278,51605474847032122578567713098229093935572987522096978804308642395284922269010,Yes,True,0.011,112.28,0.141,9.85,0.076,0.12999999999999998,e9286d0e28ec0b46f4791436dcdb64d11e60deb9,0.001,5,,342.25453,
2026-03-09T00:49:30Z,UCL,217713,uefa-champions-league-most-player-of-the-match-awards,UEFA Champions League: Most Player of the Match Awards,2026-02-21T00:50:31.509181Z,1399558,will-virgil-van-dijk-record-the-most-player-of-the-match-awards-during-the-2025-uefa-champions-league,Will Virgil van Dijk record the most Player of the Match awards during the 2025 UEFA Champions League?,0x01330ac6a3d15f4b3a663daf30ff58fda5fd48b3aec01f0d9ae27b9bce5d9ec4,"[""51605474847032122578567713098229093935572987522096978804308642395284922269010"", ""99212094126368354230614375627797824220530412295471277551283033982607668656278""]",51605474847032122578567713098229093935572987522096978804308642395284922269010|99212094126368354230614375627797824220530412295471277551283033982607668656278,99212094126368354230614375627797824220530412295471277551283033982607668656278,No,True,0.859,9.85,0.989,112.28,0.9239999999999999,0.13,20f4a5f7d18360905071e10b467f3cc74aa86ceb,0.001,5,,342.25453,
2026-03-09T00:49:30Z,UCL,217713,uefa-champions-league-most-player-of-the-match-awards,UEFA Champions League: Most Player of the Match Awards,2026-02-21T00:50:31.509181Z,1399560,will-serhou-guirassy-record-the-most-player-of-the-match-awards-during-the-2025-uefa-champions-league,Will Serhou Guirassy record the most Player of the Match awards during the 2025 UEFA Champions League?,0x9f77e3e66e7e39471f6e65bf40b801909f0587d7491c69cb898dfe0b810569b7,"[""103003836760604651731124803801257125524303532256819535917257262269991770823659"", ""6665439197734896189527530671737690091017766557183157325742055288313256859711""]",103003836760604651731124803801257125524303532256819535917257262269991770823659|6665439197734896189527530671737690091017766557183157325742055288313256859711,103003836760604651731124803801257125524303532256819535917257262269991770823659,Yes,False,,,,,,,,,,,,11213.6
2026-03-09T00:49:30Z,UCL,217713,uefa-champions-league-most-player-of-the-match-awards,UEFA Champions League: Most Player of the Match Awards,2026-02-21T00:50:31.509181Z,1399560,will-serhou-guirassy-record-the-most-player-of-the-match-awards-during-the-2025-uefa-champions-league,Will Serhou Guirassy record the most Player of the Match awards during the 2025 UEFA Champions League?,0x9f77e3e66e7e39471f6e65bf40b801909f0587d7491c69cb898dfe0b810569b7,"[""103003836760604651731124803801257125524303532256819535917257262269991770823659"", ""6665439197734896189527530671737690091017766557183157325742055288313256859711""]",103003836760604651731124803801257125524303532256819535917257262269991770823659|6665439197734896189527530671737690091017766557183157325742055288313256859711,6665439197734896189527530671737690091017766557183157325742055288313256859711,No,False,,,,,,,,,,,,11213.6
2026-03-09T00:49:30Z,UCL,217713,uefa-champions-league-most-player-of-the-match-awards,UEFA Champions League: Most Player of the Match Awards,2026-02-21T00:50:31.509181Z,1399562,will-victor-osimhen-record-the-most-player-of-the-match-awards-during-the-2025-uefa-champions-league,Will Victor Osimhen record the most Player of the Match awards during the 2025 UEFA Champions League?,0x1cb8ad57bd61ead79c708afa8370db0aa7ceda7757e1b2dc7e8e4dd957978759,"[""54903059249311130211654740583772795145008145067153981639564896956533064280909"", ""1225603222315408961780858969232998178288036496445623800952788030690590180992""]",54903059249311130211654740583772795145008145067153981639564896956533064280909|1225603222315408961780858969232998178288036496445623800952788030690590180992,54903059249311130211654740583772795145008145067153981639564896956533064280909,Yes,True,0.02,20.0,0.36,29.85,0.19,0.33999999999999997,8f207468198266d55ba50555bcbb2729dcca1721,0.001,5,,154.89525,
2026-03-09T00:49:30Z,UCL,217713,uefa-champions-league-most-player-of-the-match-awards,UEFA Champions League: Most Player of the Match Awards,2026-02-21T00:50:31.509181Z,1399562,will-victor-osimhen-record-the-most-player-of-the-match-awards-during-the-2025-uefa-champions-league,Will Victor Osimhen record the most Player of the Match awards during the 2025 UEFA Champions League?,0x1cb8ad57bd61ead79c708afa8370db0aa7ceda7757e1b2dc7e8e4dd957978759,"[""54903059249311130211654740583772795145008145067153981639564896956533064280909"", ""1225603222315408961780858969232998178288036496445623800952788030690590180992""]",54903059249311130211654740583772795145008145067153981639564896956533064280909|1225603222315408961780858969232998178288036496445623800952788030690590180992,1225603222315408961780858969232998178288036496445623800952788030690590180992,No,True,0.64,29.85,0.98,20.0,0.81,0.33999999999999997,c8acc9a7873f113b1e1afc264457ceae9d68ddaa,0.001,5,,154.89525,
2026-03-09T00:49:30Z,UCL,217713,uefa-champions-league-most-player-of-the-match-awards,UEFA Champions League: Most Player of the Match Awards,2026-02-21T00:50:31.509181Z,1399564,will-charles-de-ketelaere-record-the-most-player-of-the-match-awards-during-the-2025-uefa-champions-league-372,Will Charles De Ketelaere record the most Player of the Match awards during the 2025 UEFA Champions League?,0x64b035d562de83ad5c84b7c7e5436412f0f5d7f50cf5cac2d2fee4945d93c0c5,"[""86739286924959343265615485484005631413171319762445904453015886442486936327147"", ""20086558893045410004837798827752079102752923106677403669870307512935511377355""]",86739286924959343265615485484005631413171319762445904453015886442486936327147|20086558893045410004837798827752079102752923106677403669870307512935511377355,86739286924959343265615485484005631413171319762445904453015886442486936327147,Yes,True,0.01,200.0,0.28,10.47,0.14500000000000002,0.27,d1381c9777cd76b4759e924065b94cb4ea49ef1f,0.01,5,,181.6424,
2026-03-09T00:49:30Z,UCL,217713,uefa-champions-league-most-player-of-the-match-awards,UEFA Champions League: Most Player of the Match Awards,2026-02-21T00:50:31.509181Z,1399564,will-charles-de-ketelaere-record-the-most-player-of-the-match-awards-during-the-2025-uefa-champions-league-372,Will Charles De Ketelaere record the most Player of the Match awards during the 2025 UEFA Champions League?,0x64b035d562de83ad5c84b7c7e5436412f0f5d7f50cf5cac2d2fee4945d93c0c5,"[""86739286924959343265615485484005631413171319762445904453015886442486936327147"", ""20086558893045410004837798827752079102752923106677403669870307512935511377355""]",86739286924959343265615485484005631413171319762445904453015886442486936327147|20086558893045410004837798827752079102752923106677403669870307512935511377355,20086558893045410004837798827752079102752923106677403669870307512935511377355,No,True,0.72,10.47,0.99,200.0,0.855,0.27,adfbf7120c4449983734f51cd81c50d6adc1011c,0.01,5,,181.6424,
2026-03-09T00:49:30Z,UCL,217713,uefa-champions-league-most-player-of-the-match-awards,UEFA Champions League: Most Player of the Match Awards,2026-02-21T00:50:31.509181Z,1399566,will-jens-petter-hauge-record-the-most-player-of-the-match-awards-during-the-2025-uefa-champions-league-414,Will Jens Petter Hauge record the most Player of the Match awards during the 2025 UEFA Champions League?,0xb7bdce10fa779c4b1793b1c31face072f07fc8761d3beefd9c5ccc22eecf4d13,"[""11923734644285511234801739643897865198932061504326183629031098964703218796285"", ""45583461187637171485206032460343295764965197717440009739577077469892833704524""]",11923734644285511234801739643897865198932061504326183629031098964703218796285|45583461187637171485206032460343295764965197717440009739577077469892833704524,11923734644285511234801739643897865198932061504326183629031098964703218796285,Yes,True,0.013,6.43,0.303,29.85,0.158,0.29,4468842aa8d38c3b75bd449ae7d95ba86ceac782,0.001,5,,152.69982,
2026-03-09T00:49:30Z,UCL,217713,uefa-champions-league-most-player-of-the-match-awards,UEFA Champions League: Most Player of the Match Awards,2026-02-21T00:50:31.509181Z,1399566,will-jens-petter-hauge-record-the-most-player-of-the-match-awards-during-the-2025-uefa-champions-league-414,Will Jens Petter Hauge record the most Player of the Match awards during the 2025 UEFA Champions League?,0xb7bdce10fa779c4b1793b1c31face072f07fc8761d3beefd9c5ccc22eecf4d13,"[""11923734644285511234801739643897865198932061504326183629031098964703218796285"", ""45583461187637171485206032460343295764965197717440009739577077469892833704524""]",11923734644285511234801739643897865198932061504326183629031098964703218796285|45583461187637171485206032460343295764965197717440009739577077469892833704524,45583461187637171485206032460343295764965197717440009739577077469892833704524,No,True,0.697,29.85,0.987,6.43,0.842,0.29000000000000004,f5357bef393c7888a6dc6386d6eb68917d8fdeff,0.001,5,,152.69982,
2026-03-09T00:49:30Z,UCL,217713,uefa-champions-league-most-player-of-the-match-awards,UEFA Champions League: Most Player of the Match Awards,2026-02-21T00:50:31.509181Z,1399568,will-gelson-martins-record-the-most-player-of-the-match-awards-during-the-2025-uefa-champions-league-212,Will Gelson Martins record the most Player of the Match awards during the 2025 UEFA Champions League?,0x4ba6e0c7b107ff5005bda38a9b548d9cf22463cb91ed31ec93269bf5c7f82a17,"[""65062404296363812006476764626748922405299500015771295493612277760476256817927"", ""16844772968928392399517625045799920368553553182008297594815085843097608458343""]",65062404296363812006476764626748922405299500015771295493612277760476256817927|16844772968928392399517625045799920368553553182008297594815085843097608458343,65062404296363812006476764626748922405299500015771295493612277760476256817927,Yes,False,,,,,,,,,,,,6716.9754
2026-03-09T00:49:30Z,UCL,217713,uefa-champions-league-most-player-of-the-match-awards,UEFA Champions League: Most Player of the Match Awards,2026-02-21T00:50:31.509181Z,1399568,will-gelson-martins-record-the-most-player-of-the-match-awards-during-the-2025-uefa-champions-league-212,Will Gelson Martins record the most Player of the Match awards during the 2025 UEFA Champions League?,0x4ba6e0c7b107ff5005bda38a9b548d9cf22463cb91ed31ec93269bf5c7f82a17,"[""65062404296363812006476764626748922405299500015771295493612277760476256817927"", ""16844772968928392399517625045799920368553553182008297594815085843097608458343""]",65062404296363812006476764626748922405299500015771295493612277760476256817927|16844772968928392399517625045799920368553553182008297594815085843097608458343,16844772968928392399517625045799920368553553182008297594815085843097608458343,No,False,,,,,,,,,,,,6716.9754
2026-03-09T00:49:30Z,UCL,217713,uefa-champions-league-most-player-of-the-match-awards,UEFA Champions League: Most Player of the Match Awards,2026-02-21T00:50:31.509181Z,1399570,will-alexis-mac-allister-record-the-most-player-of-the-match-awards-during-the-2025-uefa-champions-league-993,Will Alexis Mac Allister record the most Player of the Match awards during the 2025 UEFA Champions League?,0xef8fdbdbe4e4a2981442977b25da38d76473f2e096153fa28c153a5b58485f1d,"[""64955999909045941862447571355960209217268697011320453094968397441595009192820"", ""82538717989036551654682471712889739355170740942173090928342921325405986889950""]",64955999909045941862447571355960209217268697011320453094968397441595009192820|82538717989036551654682471712889739355170740942173090928342921325405986889950,64955999909045941862447571355960209217268697011320453094968397441595009192820,Yes,True,0.013,7.9,0.4,29.0,0.20650000000000002,0.387,978aa106e526a65d8a5ddf830b2be9f9291215e1,0.001,5,,143.05529,
2026-03-09T00:49:30Z,UCL,217713,uefa-champions-league-most-player-of-the-match-awards,UEFA Champions League: Most Player of the Match Awards,2026-02-21T00:50:31.509181Z,1399570,will-alexis-mac-allister-record-the-most-player-of-the-match-awards-during-the-2025-uefa-champions-league-993,Will Alexis Mac Allister record the most Player of the Match awards during the 2025 UEFA Champions League?,0xef8fdbdbe4e4a2981442977b25da38d76473f2e096153fa28c153a5b58485f1d,"[""64955999909045941862447571355960209217268697011320453094968397441595009192820"", ""82538717989036551654682471712889739355170740942173090928342921325405986889950""]",64955999909045941862447571355960209217268697011320453094968397441595009192820|82538717989036551654682471712889739355170740942173090928342921325405986889950,82538717989036551654682471712889739355170740942173090928342921325405986889950,No,True,0.6,29.0,0.987,7.9,0.7935,0.387,adb066503681e315ddafb3450dd879d12c727b73,0.001,5,,143.05529,
2026-03-09T00:49:30Z,UCL,217713,uefa-champions-league-most-player-of-the-match-awards,UEFA Champions League: Most Player of the Match Awards,2026-02-21T00:50:31.509181Z,1399572,will-player-b-record-the-most-player-of-the-match-awards-during-the-2025-uefa-champions-league-867,Will Player B record the most Player of the Match awards during the 2025 UEFA Champions League?,0x7f432a56899d987bc55639e8ff66713a424c10f26d463f48f52a2cbd8f370f87,"[""43922584200991119205016043856159793272687252889852320205604057884810301336232"", ""61024275367545329843788910138948361539414256221091190428742572218411865114920""]",43922584200991119205016043856159793272687252889852320205604057884810301336232|61024275367545329843788910138948361539414256221091190428742572218411865114920,43922584200991119205016043856159793272687252889852320205604057884810301336232,Yes,False,,,,,,,,,,,0,0
2026-03-09T00:49:30Z,UCL,217713,uefa-champions-league-most-player-of-the-match-awards,UEFA Champions League: Most Player of the Match Awards,2026-02-21T00:50:31.509181Z,1399572,will-player-b-record-the-most-player-of-the-match-awards-during-the-2025-uefa-champions-league-867,Will Player B record the most Player of the Match awards during the 2025 UEFA Champions League?,0x7f432a56899d987bc55639e8ff66713a424c10f26d463f48f52a2cbd8f370f87,"[""43922584200991119205016043856159793272687252889852320205604057884810301336232"", ""61024275367545329843788910138948361539414256221091190428742572218411865114920""]",43922584200991119205016043856159793272687252889852320205604057884810301336232|61024275367545329843788910138948361539414256221091190428742572218411865114920,61024275367545329843788910138948361539414256221091190428742572218411865114920,No,False,,,,,,,,,,,0,0
2026-03-09T00:49:30Z,UCL,217713,uefa-champions-league-most-player-of-the-match-awards,UEFA Champions League: Most Player of the Match Awards,2026-02-21T00:50:31.509181Z,1399574,will-player-d-record-the-most-player-of-the-match-awards-during-the-2025-uefa-champions-league-544,Will Player D record the most Player of the Match awards during the 2025 UEFA Champions League?,0xf398abdee3ae43e0941d7a2bd8ff7c6bc074306975651b9ada8e0dcf2a1065de,"[""17494061399272054108763145766756515314721268356567421076745710504574280338018"", ""50575762940085381853290650184639680206448279987409599502561697183293435861197""]",17494061399272054108763145766756515314721268356567421076745710504574280338018|50575762940085381853290650184639680206448279987409599502561697183293435861197,17494061399272054108763145766756515314721268356567421076745710504574280338018,Yes,False,,,,,,,,,,,0,0
2026-03-09T00:49:30Z,UCL,217713,uefa-champions-league-most-player-of-the-match-awards,UEFA Champions League: Most Player of the Match Awards,2026-02-21T00:50:31.509181Z,1399574,will-player-d-record-the-most-player-of-the-match-awards-during-the-2025-uefa-champions-league-544,Will Player D record the most Player of the Match awards during the 2025 UEFA Champions League?,0xf398abdee3ae43e0941d7a2bd8ff7c6bc074306975651b9ada8e0dcf2a1065de,"[""17494061399272054108763145766756515314721268356567421076745710504574280338018"", ""50575762940085381853290650184639680206448279987409599502561697183293435861197""]",17494061399272054108763145766756515314721268356567421076745710504574280338018|50575762940085381853290650184639680206448279987409599502561697183293435861197,50575762940085381853290650184639680206448279987409599502561697183293435861197,No,False,,,,,,,,,,,0,0
2026-03-09T00:49:30Z,UCL,217713,uefa-champions-league-most-player-of-the-match-awards,UEFA Champions League: Most Player of the Match Awards,2026-02-21T00:50:31.509181Z,1399576,will-player-f-record-the-most-player-of-the-match-awards-during-the-2025-uefa-champions-league-324,Will Player F record the most Player of the Match awards during the 2025 UEFA Champions League?,0x98b5e8ecd5ee8e7a17d01637e84e55cb4f7dd85fb2067646d171b71347403765,"[""24253107235910724471027535215236099088573531457809237298328391043407622827346"", ""42298270383441442848987598032026340064601735868216726874819989268966199462106""]",24253107235910724471027535215236099088573531457809237298328391043407622827346|42298270383441442848987598032026340064601735868216726874819989268966199462106,24253107235910724471027535215236099088573531457809237298328391043407622827346,Yes,False,,,,,,,,,,,0,0
2026-03-09T00:49:30Z,UCL,217713,uefa-champions-league-most-player-of-the-match-awards,UEFA Champions League: Most Player of the Match Awards,2026-02-21T00:50:31.509181Z,1399576,will-player-f-record-the-most-player-of-the-match-awards-during-the-2025-uefa-champions-league-324,Will Player F record the most Player of the Match awards during the 2025 UEFA Champions League?,0x98b5e8ecd5ee8e7a17d01637e84e55cb4f7dd85fb2067646d171b71347403765,"[""24253107235910724471027535215236099088573531457809237298328391043407622827346"", ""42298270383441442848987598032026340064601735868216726874819989268966199462106""]",24253107235910724471027535215236099088573531457809237298328391043407622827346|42298270383441442848987598032026340064601735868216726874819989268966199462106,42298270383441442848987598032026340064601735868216726874819989268966199462106,No,False,,,,,,,,,,,0,0
2026-03-09T00:49:30Z,UCL,217713,uefa-champions-league-most-player-of-the-match-awards,UEFA Champions League: Most Player of the Match Awards,2026-02-21T00:50:31.509181Z,1399578,will-player-h-record-the-most-player-of-the-match-awards-during-the-2025-uefa-champions-league-841,Will Player H record the most Player of the Match awards during the 2025 UEFA Champions League?,0xa9ef4e2c81f6c24c7f752b7c3c402f7f2336efe20c14ed89a7eef22fd447ef65,"[""61506392532184381813334563699095594054329873592733592581002294638942232840697"", ""18585970771794033668992715020185335345524801847388706452602322980970226083034""]",61506392532184381813334563699095594054329873592733592581002294638942232840697|18585970771794033668992715020185335345524801847388706452602322980970226083034,61506392532184381813334563699095594054329873592733592581002294638942232840697,Yes,False,,,,,,,,,,,0,0
2026-03-09T00:49:30Z,UCL,217713,uefa-champions-league-most-player-of-the-match-awards,UEFA Champions League: Most Player of the Match Awards,2026-02-21T00:50:31.509181Z,1399578,will-player-h-record-the-most-player-of-the-match-awards-during-the-2025-uefa-champions-league-841,Will Player H record the most Player of the Match awards during the 2025 UEFA Champions League?,0xa9ef4e2c81f6c24c7f752b7c3c402f7f2336efe20c14ed89a7eef22fd447ef65,"[""61506392532184381813334563699095594054329873592733592581002294638942232840697"", ""18585970771794033668992715020185335345524801847388706452602322980970226083034""]",61506392532184381813334563699095594054329873592733592581002294638942232840697|18585970771794033668992715020185335345524801847388706452602322980970226083034,18585970771794033668992715020185335345524801847388706452602322980970226083034,No,False,,,,,,,,,,,0,0
2026-03-09T00:49:30Z,UCL,217713,uefa-champions-league-most-player-of-the-match-awards,UEFA Champions League: Most Player of the Match Awards,2026-02-21T00:50:31.509181Z,1399580,will-player-j-record-the-most-player-of-the-match-awards-during-the-2025-uefa-champions-league-269,Will Player J record the most Player of the Match awards during the 2025 UEFA Champions League?,0xd10447e48a4baa471a2caace3ebc3c66635bd7ae85ec99a108f26b191711db6c,"[""48118653555338694166350940564895242979094267556358500285332967272213635212406"", ""39090973332165881131480967397545908787546763348376259582170625660550094999302""]",48118653555338694166350940564895242979094267556358500285332967272213635212406|39090973332165881131480967397545908787546763348376259582170625660550094999302,48118653555338694166350940564895242979094267556358500285332967272213635212406,Yes,False,,,,,,,,,,,0,0
2026-03-09T00:49:30Z,UCL,217713,uefa-champions-league-most-player-of-the-match-awards,UEFA Champions League: Most Player of the Match Awards,2026-02-21T00:50:31.509181Z,1399580,will-player-j-record-the-most-player-of-the-match-awards-during-the-2025-uefa-champions-league-269,Will Player J record the most Player of the Match awards during the 2025 UEFA Champions League?,0xd10447e48a4baa471a2caace3ebc3c66635bd7ae85ec99a108f26b191711db6c,"[""48118653555338694166350940564895242979094267556358500285332967272213635212406"", ""39090973332165881131480967397545908787546763348376259582170625660550094999302""]",48118653555338694166350940564895242979094267556358500285332967272213635212406|39090973332165881131480967397545908787546763348376259582170625660550094999302,39090973332165881131480967397545908787546763348376259582170625660550094999302,No,False,,,,,,,,,,,0,0
2026-03-09T00:49:30Z,UCL,217713,uefa-champions-league-most-player-of-the-match-awards,UEFA Champions League: Most Player of the Match Awards,2026-02-21T00:50:31.509181Z,1399582,will-player-l-record-the-most-player-of-the-match-awards-during-the-2025-uefa-champions-league-884,Will Player L record the most Player of the Match awards during the 2025 UEFA Champions League?,0xd6e50609dde18e487697ff15b8b8ea3db89199fe87ed304332d6b4ee80a4c9f0,"[""25863193194462694992832078285878247452112998355333630930100737635915588456198"", ""26331319799538517336827992948015117341779653157636640440454447229906036232641""]",25863193194462694992832078285878247452112998355333630930100737635915588456198|26331319799538517336827992948015117341779653157636640440454447229906036232641,25863193194462694992832078285878247452112998355333630930100737635915588456198,Yes,False,,,,,,,,,,,0,0
2026-03-09T00:49:30Z,UCL,217713,uefa-champions-league-most-player-of-the-match-awards,UEFA Champions League: Most Player of the Match Awards,2026-02-21T00:50:31.509181Z,1399582,will-player-l-record-the-most-player-of-the-match-awards-during-the-2025-uefa-champions-league-884,Will Player L record the most Player of the Match awards during the 2025 UEFA Champions League?,0xd6e50609dde18e487697ff15b8b8ea3db89199fe87ed304332d6b4ee80a4c9f0,"[""25863193194462694992832078285878247452112998355333630930100737635915588456198"", ""26331319799538517336827992948015117341779653157636640440454447229906036232641""]",25863193194462694992832078285878247452112998355333630930100737635915588456198|26331319799538517336827992948015117341779653157636640440454447229906036232641,26331319799538517336827992948015117341779653157636640440454447229906036232641,No,False,,,,,,,,,,,0,0
2026-03-09T00:49:30Z,UCL,217713,uefa-champions-league-most-player-of-the-match-awards,UEFA Champions League: Most Player of the Match Awards,2026-02-21T00:50:31.509181Z,1399584,will-player-n-record-the-most-player-of-the-match-awards-during-the-2025-uefa-champions-league-291,Will Player N record the most Player of the Match awards during the 2025 UEFA Champions League?,0x81565c8493d037035b7b4851b4e2ca9569742b30f229f830d17514b91e536cae,"[""109782401117309650576497352421611291035132681989661359335540621863811094237055"", ""86659283774155098992683804904293030260978791473075397577306483735252999976740""]",109782401117309650576497352421611291035132681989661359335540621863811094237055|86659283774155098992683804904293030260978791473075397577306483735252999976740,109782401117309650576497352421611291035132681989661359335540621863811094237055,Yes,False,,,,,,,,,,,0,0
2026-03-09T00:49:30Z,UCL,217713,uefa-champions-league-most-player-of-the-match-awards,UEFA Champions League: Most Player of the Match Awards,2026-02-21T00:50:31.509181Z,1399584,will-player-n-record-the-most-player-of-the-match-awards-during-the-2025-uefa-champions-league-291,Will Player N record the most Player of the Match awards during the 2025 UEFA Champions League?,0x81565c8493d037035b7b4851b4e2ca9569742b30f229f830d17514b91e536cae,"[""109782401117309650576497352421611291035132681989661359335540621863811094237055"", ""86659283774155098992683804904293030260978791473075397577306483735252999976740""]",109782401117309650576497352421611291035132681989661359335540621863811094237055|86659283774155098992683804904293030260978791473075397577306483735252999976740,86659283774155098992683804904293030260978791473075397577306483735252999976740,No,False,,,,,,,,,,,0,0
2026-03-09T00:49:30Z,UCL,217713,uefa-champions-league-most-player-of-the-match-awards,UEFA Champions League: Most Player of the Match Awards,2026-02-21T00:50:31.509181Z,1399586,will-player-p-record-the-most-player-of-the-match-awards-during-the-2025-uefa-champions-league-614,Will Player P record the most Player of the Match awards during the 2025 UEFA Champions League?,0xbf90eebdc0e09afd5fa0b5437c61582cacdca4136aee340018032f7e4b280347,"[""44308878221404459818699534691713057802880457570562819729909887781207160563418"", ""101442340745266669572370024174143186351687298365805481137183902419970875142139""]",44308878221404459818699534691713057802880457570562819729909887781207160563418|101442340745266669572370024174143186351687298365805481137183902419970875142139,44308878221404459818699534691713057802880457570562819729909887781207160563418,Yes,False,,,,,,,,,,,0,0
2026-03-09T00:49:30Z,UCL,217713,uefa-champions-league-most-player-of-the-match-awards,UEFA Champions League: Most Player of the Match Awards,2026-02-21T00:50:31.509181Z,1399586,will-player-p-record-the-most-player-of-the-match-awards-during-the-2025-uefa-champions-league-614,Will Player P record the most Player of the Match awards during the 2025 UEFA Champions League?,0xbf90eebdc0e09afd5fa0b5437c61582cacdca4136aee340018032f7e4b280347,"[""44308878221404459818699534691713057802880457570562819729909887781207160563418"", ""101442340745266669572370024174143186351687298365805481137183902419970875142139""]",44308878221404459818699534691713057802880457570562819729909887781207160563418|101442340745266669572370024174143186351687298365805481137183902419970875142139,101442340745266669572370024174143186351687298365805481137183902419970875142139,No,False,,,,,,,,,,,0,0
2026-03-09T00:49:30Z,UCL,217813,uefa-champions-league-top-scorer-club,UEFA Champions League: Top Scorer (Club),2026-02-24T17:26:51.055374Z,1399728,will-bayern-mnchen-score-the-most-goals-in-2025-26-uefa-champions-league,Will Bayern München score the most goals in 2025-26 UEFA Champions League?,0xd5e19bded7ea2f9964c89309631fe1018230e9fe16527c6f0f61cf184dc26be6,"[""51289508620871458772581161474957821788876062992593702547607520622386380485250"", ""69717884166097471714721649030416555612514383447427456531696860280881856376862""]",51289508620871458772581161474957821788876062992593702547607520622386380485250|69717884166097471714721649030416555612514383447427456531696860280881856376862,51289508620871458772581161474957821788876062992593702547607520622386380485250,Yes,True,0.08,5.0,0.12,12.06,0.1,0.039999999999999994,b309f2b5d1ff5c10aefe9e1502919df558dcdedf,0.01,5,0.090,309.2102,69.721415
2026-03-09T00:49:30Z,UCL,217813,uefa-champions-league-top-scorer-club,UEFA Champions League: Top Scorer (Club),2026-02-24T17:26:51.055374Z,1399728,will-bayern-mnchen-score-the-most-goals-in-2025-26-uefa-champions-league,Will Bayern München score the most goals in 2025-26 UEFA Champions League?,0xd5e19bded7ea2f9964c89309631fe1018230e9fe16527c6f0f61cf184dc26be6,"[""51289508620871458772581161474957821788876062992593702547607520622386380485250"", ""69717884166097471714721649030416555612514383447427456531696860280881856376862""]",51289508620871458772581161474957821788876062992593702547607520622386380485250|69717884166097471714721649030416555612514383447427456531696860280881856376862,69717884166097471714721649030416555612514383447427456531696860280881856376862,No,True,0.88,12.06,0.92,5.0,0.9,0.040000000000000036,9bd5fe1766528c5415a0513b4a41bf3bd2b331b9,0.01,5,0.090,309.2102,69.721415
2026-03-09T00:49:30Z,UCL,217813,uefa-champions-league-top-scorer-club,UEFA Champions League: Top Scorer (Club),2026-02-24T17:26:51.055374Z,1399730,will-tottenham-hotspur-score-the-most-goals-in-2025-26-uefa-champions-league,Will Tottenham Hotspur score the most goals in 2025-26 UEFA Champions League?,0x246b9b7904c7556c3b6b5e28242014e161fa6ccc3178a71fe8955dc61f0d38e4,"[""102327567273097806500753975177323154721246225420065268272534670838893192469566"", ""60582132708542747813956247885047938065113358000912063768078904832229626546538""]",102327567273097806500753975177323154721246225420065268272534670838893192469566|60582132708542747813956247885047938065113358000912063768078904832229626546538,102327567273097806500753975177323154721246225420065268272534670838893192469566,Yes,True,0.01,75.22,0.18,68.0,0.095,0.16999999999999998,1c9d37f68676cf88873d9479ef5c6c16d5100d57,0.01,5,0.010,272.3155,60.68
2026-03-09T00:49:30Z,UCL,217813,uefa-champions-league-top-scorer-club,UEFA Champions League: Top Scorer (Club),2026-02-24T17:26:51.055374Z,1399730,will-tottenham-hotspur-score-the-most-goals-in-2025-26-uefa-champions-league,Will Tottenham Hotspur score the most goals in 2025-26 UEFA Champions League?,0x246b9b7904c7556c3b6b5e28242014e161fa6ccc3178a71fe8955dc61f0d38e4,"[""102327567273097806500753975177323154721246225420065268272534670838893192469566"", ""60582132708542747813956247885047938065113358000912063768078904832229626546538""]",102327567273097806500753975177323154721246225420065268272534670838893192469566|60582132708542747813956247885047938065113358000912063768078904832229626546538,60582132708542747813956247885047938065113358000912063768078904832229626546538,No,True,0.82,68.0,0.99,75.22,0.905,0.17000000000000004,0c60a53d10fd1f99223257b380a4de54ad73602c,0.01,5,0.010,272.3155,60.68
2026-03-09T00:49:30Z,UCL,217813,uefa-champions-league-top-scorer-club,UEFA Champions League: Top Scorer (Club),2026-02-24T17:26:51.055374Z,1399732,will-chelsea-score-the-most-goals-in-2025-26-uefa-champions-league,Will Chelsea score the most goals in 2025-26 UEFA Champions League?,0x681aeec908918434b7fe8dd064f75a1a4d6ea666140602df843273b5df73c6e4,"[""85181025605253196342114638902221366428743477943639826972473026004178971528637"", ""46744796772192423818973275445591788117077219914742343336456320292826272171612""]",85181025605253196342114638902221366428743477943639826972473026004178971528637|46744796772192423818973275445591788117077219914742343336456320292826272171612,85181025605253196342114638902221366428743477943639826972473026004178971528637,Yes,True,0.01,170.0,0.19,68.0,0.1,0.18,c951c6748f3b69f03fbe10bd7171f06284f7b8e5,0.01,5,0.010,330.136,67.68
2026-03-09T00:49:30Z,UCL,217813,uefa-champions-league-top-scorer-club,UEFA Champions League: Top Scorer (Club),2026-02-24T17:26:51.055374Z,1399732,will-chelsea-score-the-most-goals-in-2025-26-uefa-champions-league,Will Chelsea score the most goals in 2025-26 UEFA Champions League?,0x681aeec908918434b7fe8dd064f75a1a4d6ea666140602df843273b5df73c6e4,"[""85181025605253196342114638902221366428743477943639826972473026004178971528637"", ""46744796772192423818973275445591788117077219914742343336456320292826272171612""]",85181025605253196342114638902221366428743477943639826972473026004178971528637|46744796772192423818973275445591788117077219914742343336456320292826272171612,46744796772192423818973275445591788117077219914742343336456320292826272171612,No,True,0.81,68.0,0.99,170.0,0.9,0.17999999999999994,8c5667f197fdac3d2d868654b877fe72564ad8dc,0.01,5,0.010,330.136,67.68
2026-03-09T00:49:30Z,UCL,217813,uefa-champions-league-top-scorer-club,UEFA Champions League: Top Scorer (Club),2026-02-24T17:26:51.055374Z,1399733,will-sporting-cp-score-the-most-goals-in-2025-26-uefa-champions-league,Will Sporting CP score the most goals in 2025-26 UEFA Champions League?,0x472d52388a952ff045e2bff8b9c0b43900823dcb245153d09e936c59b25e3831,"[""114592343121941737518718937703348847966530965575015111401746998717127759653514"", ""52233709120819162519250810256755201820992209593170247175597686790782178493131""]",114592343121941737518718937703348847966530965575015111401746998717127759653514|52233709120819162519250810256755201820992209593170247175597686790782178493131,114592343121941737518718937703348847966530965575015111401746998717127759653514,Yes,True,0.01,175.22,0.17,68.0,0.09000000000000001,0.16,fcf37667c748ea92d3829b3a5d5016d9e845e9f0,0.01,5,0.010,337.6755,60.68
2026-03-09T00:49:30Z,UCL,217813,uefa-champions-league-top-scorer-club,UEFA Champions League: Top Scorer (Club),2026-02-24T17:26:51.055374Z,1399733,will-sporting-cp-score-the-most-goals-in-2025-26-uefa-champions-league,Will Sporting CP score the most goals in 2025-26 UEFA Champions League?,0x472d52388a952ff045e2bff8b9c0b43900823dcb245153d09e936c59b25e3831,"[""114592343121941737518718937703348847966530965575015111401746998717127759653514"", ""52233709120819162519250810256755201820992209593170247175597686790782178493131""]",114592343121941737518718937703348847966530965575015111401746998717127759653514|52233709120819162519250810256755201820992209593170247175597686790782178493131,52233709120819162519250810256755201820992209593170247175597686790782178493131,No,True,0.83,68.0,0.99,175.22,0.9099999999999999,0.16000000000000003,b0e7a7a7c1c7ff514a84f098d43f7990d75424b2,0.01,5,0.010,337.6755,60.68
2026-03-09T00:49:30Z,UCL,217813,uefa-champions-league-top-scorer-club,UEFA Champions League: Top Scorer (Club),2026-02-24T17:26:51.055374Z,1399727,will-arsenal-score-the-most-goals-in-2025-26-uefa-champions-league,Will Arsenal score the most goals in 2025-26 UEFA Champions League?,0xeea1d0a2517facdf92720d8bd772e1ce7b84dc0f4b095d25d5a9bc9973623783,"[""14948428089017933980938863621743816263233541000532684116779344394565678428466"", ""88824069579148987659122535281581127446564508484101080771138861949081085911689""]",14948428089017933980938863621743816263233541000532684116779344394565678428466|88824069579148987659122535281581127446564508484101080771138861949081085911689,14948428089017933980938863621743816263233541000532684116779344394565678428466,Yes,True,0.17,5.0,0.3,6.98,0.235,0.12999999999999998,a9f9af1d5396a72709cbb3c412be6520d154f2aa,0.01,5,0.180,321.9344,118.307913
2026-03-09T00:49:30Z,UCL,217813,uefa-champions-league-top-scorer-club,UEFA Champions League: Top Scorer (Club),2026-02-24T17:26:51.055374Z,1399727,will-arsenal-score-the-most-goals-in-2025-26-uefa-champions-league,Will Arsenal score the most goals in 2025-26 UEFA Champions League?,0xeea1d0a2517facdf92720d8bd772e1ce7b84dc0f4b095d25d5a9bc9973623783,"[""14948428089017933980938863621743816263233541000532684116779344394565678428466"", ""88824069579148987659122535281581127446564508484101080771138861949081085911689""]",14948428089017933980938863621743816263233541000532684116779344394565678428466|88824069579148987659122535281581127446564508484101080771138861949081085911689,88824069579148987659122535281581127446564508484101080771138861949081085911689,No,True,0.7,6.98,0.83,5.0,0.7649999999999999,0.13,5d886b6862b7ec1e74e9aaac028671b3690c8033,0.01,5,0.180,321.9344,118.307913
2026-03-09T00:49:30Z,UCL,217813,uefa-champions-league-top-scorer-club,UEFA Champions League: Top Scorer (Club),2026-02-24T17:26:51.055374Z,1399729,will-liverpool-score-the-most-goals-in-2025-26-uefa-champions-league,Will Liverpool score the most goals in 2025-26 UEFA Champions League?,0x507cfb9f57c83b4c5f2c060423e15fcb5539738f447f76848bbd2c7df5739c50,"[""102543447385116067906083574690247116887593527109278480700681247156895896318375"", ""59367489169134936077585001014893228335954905209163232872684116442007031099913""]",102543447385116067906083574690247116887593527109278480700681247156895896318375|59367489169134936077585001014893228335954905209163232872684116442007031099913,102543447385116067906083574690247116887593527109278480700681247156895896318375,Yes,True,0.014,40.0,0.223,15.0,0.11850000000000001,0.209,0a1991a6b0b5f93f073b0811049e32cb45412a41,0.001,5,0.014,251.12812,78.68
2026-03-09T00:49:30Z,UCL,217813,uefa-champions-league-top-scorer-club,UEFA Champions League: Top Scorer (Club),2026-02-24T17:26:51.055374Z,1399729,will-liverpool-score-the-most-goals-in-2025-26-uefa-champions-league,Will Liverpool score the most goals in 2025-26 UEFA Champions League?,0x507cfb9f57c83b4c5f2c060423e15fcb5539738f447f76848bbd2c7df5739c50,"[""102543447385116067906083574690247116887593527109278480700681247156895896318375"", ""59367489169134936077585001014893228335954905209163232872684116442007031099913""]",102543447385116067906083574690247116887593527109278480700681247156895896318375|59367489169134936077585001014893228335954905209163232872684116442007031099913,59367489169134936077585001014893228335954905209163232872684116442007031099913,No,True,0.777,15.0,0.986,40.0,0.8815,0.20899999999999996,3aabfa3643163e5313b326e193e6644d901d1ee7,0.001,5,0.014,251.12812,78.68
2026-03-09T00:49:30Z,UCL,217813,uefa-champions-league-top-scorer-club,UEFA Champions League: Top Scorer (Club),2026-02-24T17:26:51.055374Z,1399731,will-barcelona-score-the-most-goals-in-2025-26-uefa-champions-league,Will Barcelona score the most goals in 2025-26 UEFA Champions League?,0x2b99b92df157018bf27d875922e7c83e33652dcd27aa4b910db29cad29264e65,"[""251063956442534345296524986967836361131842633733724394476277639561319325497"", ""111441667498839120276980007851803299612320878145794027888730199873519853439572""]",251063956442534345296524986967836361131842633733724394476277639561319325497|111441667498839120276980007851803299612320878145794027888730199873519853439572,251063956442534345296524986967836361131842633733724394476277639561319325497,Yes,True,0.31,7.69,0.39,34.33,0.35,0.08000000000000002,7db131085aa3beccace95cde292a16f43781deb9,0.01,5,0.610,311.8952,3957.115457
2026-03-09T00:49:30Z,UCL,217813,uefa-champions-league-top-scorer-club,UEFA Champions League: Top Scorer (Club),2026-02-24T17:26:51.055374Z,1399731,will-barcelona-score-the-most-goals-in-2025-26-uefa-champions-league,Will Barcelona score the most goals in 2025-26 UEFA Champions League?,0x2b99b92df157018bf27d875922e7c83e33652dcd27aa4b910db29cad29264e65,"[""251063956442534345296524986967836361131842633733724394476277639561319325497"", ""111441667498839120276980007851803299612320878145794027888730199873519853439572""]",251063956442534345296524986967836361131842633733724394476277639561319325497|111441667498839120276980007851803299612320878145794027888730199873519853439572,111441667498839120276980007851803299612320878145794027888730199873519853439572,No,True,0.61,34.33,0.69,7.69,0.6499999999999999,0.07999999999999996,66e0962088c49bd1bb0cdf4b6ca17f07a224601f,0.01,5,0.610,311.8952,3957.115457
2026-03-09T00:49:30Z,UCL,217813,uefa-champions-league-top-scorer-club,UEFA Champions League: Top Scorer (Club),2026-02-24T17:26:51.055374Z,1399735,will-manchester-city-score-the-most-goals-in-2025-26-uefa-champions-league,Will Manchester City score the most goals in 2025-26 UEFA Champions League?,0x5c913b7ac2fac666308f090ced7c8277a65c6f97dfdb6cd90c30952c45a8f30d,"[""34216194346105399929319982294124649134974617539193319722960929143336908873751"", ""40467787993647518156648118762623736042576085510398927438153291126566019980755""]",34216194346105399929319982294124649134974617539193319722960929143336908873751|40467787993647518156648118762623736042576085510398927438153291126566019980755,34216194346105399929319982294124649134974617539193319722960929143336908873751,Yes,True,0.04,5.0,0.22,75.62,0.13,0.18,93805b9170655aff7605d7dcf148335cb7a0dca5,0.01,5,0.040,350.6516,61.724197000000004
2026-03-09T00:49:30Z,UCL,217813,uefa-champions-league-top-scorer-club,UEFA Champions League: Top Scorer (Club),2026-02-24T17:26:51.055374Z,1399735,will-manchester-city-score-the-most-goals-in-2025-26-uefa-champions-league,Will Manchester City score the most goals in 2025-26 UEFA Champions League?,0x5c913b7ac2fac666308f090ced7c8277a65c6f97dfdb6cd90c30952c45a8f30d,"[""34216194346105399929319982294124649134974617539193319722960929143336908873751"", ""40467787993647518156648118762623736042576085510398927438153291126566019980755""]",34216194346105399929319982294124649134974617539193319722960929143336908873751|40467787993647518156648118762623736042576085510398927438153291126566019980755,40467787993647518156648118762623736042576085510398927438153291126566019980755,No,True,0.78,75.62,0.96,5.0,0.87,0.17999999999999994,eca9b6afd6c2e0faa23c282c6fe3184bebf1549d,0.01,5,0.040,350.6516,61.724197000000004
2026-03-09T00:49:30Z,UCL,217813,uefa-champions-league-top-scorer-club,UEFA Champions League: Top Scorer (Club),2026-02-24T17:26:51.055374Z,1399739,will-borussia-dortmund-score-the-most-goals-in-2025-26-uefa-champions-league,Will Borussia Dortmund score the most goals in 2025-26 UEFA Champions League?,0x21c5d27fdcfeedfefd4d21ab543d507671c07dea3ad496ec7691a0576864ba6f,"[""75193150779061904463679752886718526963156460473489130594745322015528765965577"", ""42804793299708600208691005384619659067831828576122259458782356110730838973541""]",75193150779061904463679752886718526963156460473489130594745322015528765965577|42804793299708600208691005384619659067831828576122259458782356110730838973541,75193150779061904463679752886718526963156460473489130594745322015528765965577,Yes,False,,,,,,,,,,,,742.68
2026-03-09T00:49:30Z,UCL,217813,uefa-champions-league-top-scorer-club,UEFA Champions League: Top Scorer (Club),2026-02-24T17:26:51.055374Z,1399739,will-borussia-dortmund-score-the-most-goals-in-2025-26-uefa-champions-league,Will Borussia Dortmund score the most goals in 2025-26 UEFA Champions League?,0x21c5d27fdcfeedfefd4d21ab543d507671c07dea3ad496ec7691a0576864ba6f,"[""75193150779061904463679752886718526963156460473489130594745322015528765965577"", ""42804793299708600208691005384619659067831828576122259458782356110730838973541""]",75193150779061904463679752886718526963156460473489130594745322015528765965577|42804793299708600208691005384619659067831828576122259458782356110730838973541,42804793299708600208691005384619659067831828576122259458782356110730838973541,No,False,,,,,,,,,,,,742.68
2026-03-09T00:49:30Z,UCL,217813,uefa-champions-league-top-scorer-club,UEFA Champions League: Top Scorer (Club),2026-02-24T17:26:51.055374Z,1399745,will-inter-milan-inter-score-the-most-goals-in-2025-26-uefa-champions-league,Will Inter Milan (Inter) score the most goals in 2025-26 UEFA Champions League?,0x845baf55ec1a624c81e569447835469caa0911222fc808309ff56a6c2c58f836,"[""32690870357436412135903971925932084957979783862358950938734334155988781035213"", ""109089650622498764442043954681874817153637722421902336666015261086008168286834""]",32690870357436412135903971925932084957979783862358950938734334155988781035213|109089650622498764442043954681874817153637722421902336666015261086008168286834,32690870357436412135903971925932084957979783862358950938734334155988781035213,Yes,False,,,,,,,,,,,,133.3256
2026-03-09T00:49:30Z,UCL,217813,uefa-champions-league-top-scorer-club,UEFA Champions League: Top Scorer (Club),2026-02-24T17:26:51.055374Z,1399745,will-inter-milan-inter-score-the-most-goals-in-2025-26-uefa-champions-league,Will Inter Milan (Inter) score the most goals in 2025-26 UEFA Champions League?,0x845baf55ec1a624c81e569447835469caa0911222fc808309ff56a6c2c58f836,"[""32690870357436412135903971925932084957979783862358950938734334155988781035213"", ""109089650622498764442043954681874817153637722421902336666015261086008168286834""]",32690870357436412135903971925932084957979783862358950938734334155988781035213|109089650622498764442043954681874817153637722421902336666015261086008168286834,109089650622498764442043954681874817153637722421902336666015261086008168286834,No,False,,,,,,,,,,,,133.3256
2026-03-09T00:49:30Z,UCL,217813,uefa-champions-league-top-scorer-club,UEFA Champions League: Top Scorer (Club),2026-02-24T17:26:51.055374Z,1399747,will-bayer-leverkusen-score-the-most-goals-in-2025-26-uefa-champions-league,Will Bayer Leverkusen score the most goals in 2025-26 UEFA Champions League?,0x012f90546ebd674f92cc0112e70afec17657e669b64846222cc652a2dd8dc03a,"[""82563751666613758338348414189498438877278161313597971442473191446813413302277"", ""45106164041412690958264036308332299802324429277808010624345691366135237936035""]",82563751666613758338348414189498438877278161313597971442473191446813413302277|45106164041412690958264036308332299802324429277808010624345691366135237936035,82563751666613758338348414189498438877278161313597971442473191446813413302277,Yes,True,0.01,9.0,0.13,41.0,0.07,0.12000000000000001,b0f0cc6ba0d4445a327e5933262911ab81c14f4c,0.01,5,0.010,468.0628,124.34
2026-03-09T00:49:30Z,UCL,217813,uefa-champions-league-top-scorer-club,UEFA Champions League: Top Scorer (Club),2026-02-24T17:26:51.055374Z,1399747,will-bayer-leverkusen-score-the-most-goals-in-2025-26-uefa-champions-league,Will Bayer Leverkusen score the most goals in 2025-26 UEFA Champions League?,0x012f90546ebd674f92cc0112e70afec17657e669b64846222cc652a2dd8dc03a,"[""82563751666613758338348414189498438877278161313597971442473191446813413302277"", ""45106164041412690958264036308332299802324429277808010624345691366135237936035""]",82563751666613758338348414189498438877278161313597971442473191446813413302277|45106164041412690958264036308332299802324429277808010624345691366135237936035,45106164041412690958264036308332299802324429277808010624345691366135237936035,No,True,0.87,41.0,0.99,9.0,0.9299999999999999,0.12,09ea5a63452da550a08fe68aade65d7e6da5cdf6,0.01,5,0.010,468.0628,124.34
2026-03-09T00:49:30Z,UCL,217813,uefa-champions-league-top-scorer-club,UEFA Champions League: Top Scorer (Club),2026-02-24T17:26:51.055374Z,1399749,will-newcastle-united-score-the-most-goals-in-2025-26-uefa-champions-league,Will Newcastle United score the most goals in 2025-26 UEFA Champions League?,0x8b0739f3761472d17de8c24d8f61d98fde1bcd5e72c58e5322f416eafd4c135d,"[""8810708921434689891883600534765828016376034521466517043896950848886813010231"", ""80478285102174403978475690690147341158247107232937238007515641048251610922786""]",8810708921434689891883600534765828016376034521466517043896950848886813010231|80478285102174403978475690690147341158247107232937238007515641048251610922786,8810708921434689891883600534765828016376034521466517043896950848886813010231,Yes,True,0.07,5.0,0.22,5.52,0.14500000000000002,0.15,05414c90043441e5e58054c85b29830e119b912b,0.01,5,0.070,354.7922,231.266089
2026-03-09T00:49:30Z,UCL,217813,uefa-champions-league-top-scorer-club,UEFA Champions League: Top Scorer (Club),2026-02-24T17:26:51.055374Z,1399749,will-newcastle-united-score-the-most-goals-in-2025-26-uefa-champions-league,Will Newcastle United score the most goals in 2025-26 UEFA Champions League?,0x8b0739f3761472d17de8c24d8f61d98fde1bcd5e72c58e5322f416eafd4c135d,"[""8810708921434689891883600534765828016376034521466517043896950848886813010231"", ""80478285102174403978475690690147341158247107232937238007515641048251610922786""]",8810708921434689891883600534765828016376034521466517043896950848886813010231|80478285102174403978475690690147341158247107232937238007515641048251610922786,80478285102174403978475690690147341158247107232937238007515641048251610922786,No,True,0.78,5.52,0.93,5.0,0.855,0.15000000000000002,5bbb12fed8077b88130d116efb5e63cbef482d76,0.01,5,0.070,354.7922,231.266089
2026-03-09T00:49:30Z,UCL,217813,uefa-champions-league-top-scorer-club,UEFA Champions League: Top Scorer (Club),2026-02-24T17:26:51.055374Z,1399751,will-paris-saint-germain-psg-score-the-most-goals-in-2025-26-uefa-champions-league,Will Paris Saint-Germain (PSG) score the most goals in 2025-26 UEFA Champions League?,0xc6f1b6bf80d25336668e842d2c28768581df80de66bb9396b9f03fa308e935e7,"[""86890405007710676112849965044372265362342947040746779371081076786304350779671"", ""22937529524864648930814983971925149566712743873063727607898829266911305221833""]",86890405007710676112849965044372265362342947040746779371081076786304350779671|22937529524864648930814983971925149566712743873063727607898829266911305221833,86890405007710676112849965044372265362342947040746779371081076786304350779671,Yes,True,0.08,5.0,0.26,6.0,0.17,0.18,77a15c699f251feb4e90d2aa0030810e02345fea,0.01,5,0.080,284.4977,89.09666499999999
2026-03-09T00:49:30Z,UCL,217813,uefa-champions-league-top-scorer-club,UEFA Champions League: Top Scorer (Club),2026-02-24T17:26:51.055374Z,1399751,will-paris-saint-germain-psg-score-the-most-goals-in-2025-26-uefa-champions-league,Will Paris Saint-Germain (PSG) score the most goals in 2025-26 UEFA Champions League?,0xc6f1b6bf80d25336668e842d2c28768581df80de66bb9396b9f03fa308e935e7,"[""86890405007710676112849965044372265362342947040746779371081076786304350779671"", ""22937529524864648930814983971925149566712743873063727607898829266911305221833""]",86890405007710676112849965044372265362342947040746779371081076786304350779671|22937529524864648930814983971925149566712743873063727607898829266911305221833,22937529524864648930814983971925149566712743873063727607898829266911305221833,No,True,0.74,6.0,0.92,5.0,0.8300000000000001,0.18000000000000005,28a972607afdc8fb51e787c946e3fd66278b04c6,0.01,5,0.080,284.4977,89.09666499999999
2026-03-09T00:49:30Z,UCL,217813,uefa-champions-league-top-scorer-club,UEFA Champions League: Top Scorer (Club),2026-02-24T17:26:51.055374Z,1399753,will-club-a-score-the-most-goals-in-2025-26-uefa-champions-league,Will club A score the most goals in 2025-26 UEFA Champions League?,0xc774eccea54048de50dab5092a83dfa726c43d5cca89a8adbde626a69148da5a,"[""4641601972277662682918939708644857941937386094107976907974840486127836616951"", ""24651625977217722481098764047205809181237127027014008177047374516128251535947""]",4641601972277662682918939708644857941937386094107976907974840486127836616951|24651625977217722481098764047205809181237127027014008177047374516128251535947,4641601972277662682918939708644857941937386094107976907974840486127836616951,Yes,False,,,,,,,,,,,0,0
2026-03-09T00:49:30Z,UCL,217813,uefa-champions-league-top-scorer-club,UEFA Champions League: Top Scorer (Club),2026-02-24T17:26:51.055374Z,1399753,will-club-a-score-the-most-goals-in-2025-26-uefa-champions-league,Will club A score the most goals in 2025-26 UEFA Champions League?,0xc774eccea54048de50dab5092a83dfa726c43d5cca89a8adbde626a69148da5a,"[""4641601972277662682918939708644857941937386094107976907974840486127836616951"", ""24651625977217722481098764047205809181237127027014008177047374516128251535947""]",4641601972277662682918939708644857941937386094107976907974840486127836616951|24651625977217722481098764047205809181237127027014008177047374516128251535947,24651625977217722481098764047205809181237127027014008177047374516128251535947,No,False,,,,,,,,,,,0,0
2026-03-09T00:49:30Z,UCL,217813,uefa-champions-league-top-scorer-club,UEFA Champions League: Top Scorer (Club),2026-02-24T17:26:51.055374Z,1399755,will-club-c-score-the-most-goals-in-2025-26-uefa-champions-league,Will club C score the most goals in 2025-26 UEFA Champions League?,0x420ce3cff82c328ed33c8ca491ab63846b8787a75ab299e3203d42ff55925ce9,"[""92682913841602173450246624248216103704493923866957237028716629697794482454669"", ""67613811622643134409058865743898137573232448486317747117725474148037805479567""]",92682913841602173450246624248216103704493923866957237028716629697794482454669|67613811622643134409058865743898137573232448486317747117725474148037805479567,92682913841602173450246624248216103704493923866957237028716629697794482454669,Yes,False,,,,,,,,,,,0,0
2026-03-09T00:49:30Z,UCL,217813,uefa-champions-league-top-scorer-club,UEFA Champions League: Top Scorer (Club),2026-02-24T17:26:51.055374Z,1399755,will-club-c-score-the-most-goals-in-2025-26-uefa-champions-league,Will club C score the most goals in 2025-26 UEFA Champions League?,0x420ce3cff82c328ed33c8ca491ab63846b8787a75ab299e3203d42ff55925ce9,"[""92682913841602173450246624248216103704493923866957237028716629697794482454669"", ""67613811622643134409058865743898137573232448486317747117725474148037805479567""]",92682913841602173450246624248216103704493923866957237028716629697794482454669|67613811622643134409058865743898137573232448486317747117725474148037805479567,67613811622643134409058865743898137573232448486317747117725474148037805479567,No,False,,,,,,,,,,,0,0
2026-03-09T00:49:30Z,UCL,217813,uefa-champions-league-top-scorer-club,UEFA Champions League: Top Scorer (Club),2026-02-24T17:26:51.055374Z,1399736,will-atalanta-score-the-most-goals-in-2025-26-uefa-champions-league,Will Atalanta score the most goals in 2025-26 UEFA Champions League?,0x5bfc8fb1b6aabded270c28c650d0cf11287d8cddaead5a537f73ff919e3c03d8,"[""12585648940294193378922020855803724526899506335266059364926890974811997423386"", ""9982939879206557582977963887938650965212629005371217452751514669910457462720""]",12585648940294193378922020855803724526899506335266059364926890974811997423386|9982939879206557582977963887938650965212629005371217452751514669910457462720,12585648940294193378922020855803724526899506335266059364926890974811997423386,Yes,True,0.01,14.0,0.18,60.0,0.095,0.16999999999999998,5bdc9915057f830f6c4d9088fe147c2e619fc760,0.01,5,0.020,333.1377,124.34
2026-03-09T00:49:30Z,UCL,217813,uefa-champions-league-top-scorer-club,UEFA Champions League: Top Scorer (Club),2026-02-24T17:26:51.055374Z,1399736,will-atalanta-score-the-most-goals-in-2025-26-uefa-champions-league,Will Atalanta score the most goals in 2025-26 UEFA Champions League?,0x5bfc8fb1b6aabded270c28c650d0cf11287d8cddaead5a537f73ff919e3c03d8,"[""12585648940294193378922020855803724526899506335266059364926890974811997423386"", ""9982939879206557582977963887938650965212629005371217452751514669910457462720""]",12585648940294193378922020855803724526899506335266059364926890974811997423386|9982939879206557582977963887938650965212629005371217452751514669910457462720,9982939879206557582977963887938650965212629005371217452751514669910457462720,No,True,0.82,60.0,0.99,14.0,0.905,0.17000000000000004,00a9cac59abefd28e9bbd065d373304ab53f07f5,0.01,5,0.020,333.1377,124.34
2026-03-09T00:49:30Z,UCL,217813,uefa-champions-league-top-scorer-club,UEFA Champions League: Top Scorer (Club),2026-02-24T17:26:51.055374Z,1399740,will-benfica-score-the-most-goals-in-2025-26-uefa-champions-league,Will Benfica score the most goals in 2025-26 UEFA Champions League?,0xb48178d6ac443dbd5f8151271d508a0d9951e498ac51723e2f56cd703408479e,"[""63852310735106804744278801371003483219351239579985971815165935660800391396541"", ""19308035572839839901614218680884478828643320506286775583675152050774400239982""]",63852310735106804744278801371003483219351239579985971815165935660800391396541|19308035572839839901614218680884478828643320506286775583675152050774400239982,63852310735106804744278801371003483219351239579985971815165935660800391396541,Yes,False,,,,,,,,,,,,133.3355
2026-03-09T00:49:30Z,UCL,217813,uefa-champions-league-top-scorer-club,UEFA Champions League: Top Scorer (Club),2026-02-24T17:26:51.055374Z,1399740,will-benfica-score-the-most-goals-in-2025-26-uefa-champions-league,Will Benfica score the most goals in 2025-26 UEFA Champions League?,0xb48178d6ac443dbd5f8151271d508a0d9951e498ac51723e2f56cd703408479e,"[""63852310735106804744278801371003483219351239579985971815165935660800391396541"", ""19308035572839839901614218680884478828643320506286775583675152050774400239982""]",63852310735106804744278801371003483219351239579985971815165935660800391396541|19308035572839839901614218680884478828643320506286775583675152050774400239982,19308035572839839901614218680884478828643320506286775583675152050774400239982,No,False,,,,,,,,,,,,133.3355
2026-03-09T00:49:30Z,UCL,217813,uefa-champions-league-top-scorer-club,UEFA Champions League: Top Scorer (Club),2026-02-24T17:26:51.055374Z,1399743,will-club-brugge-score-the-most-goals-in-2025-26-uefa-champions-league,Will Club Brugge score the most goals in 2025-26 UEFA Champions League?,0x2af61aa5d788024726e01887a5e6daa97d453f4881805e5016a9603fff9a7a9a,"[""27444701436150835702844086366406953804519589779947173226227482383266841325272"", ""114793200540227420819095626369330122649658098361715069191819962497536743485378""]",27444701436150835702844086366406953804519589779947173226227482383266841325272|114793200540227420819095626369330122649658098361715069191819962497536743485378,27444701436150835702844086366406953804519589779947173226227482383266841325272,Yes,False,,,,,,,,,,,,151.6701
2026-03-09T00:49:30Z,UCL,217813,uefa-champions-league-top-scorer-club,UEFA Champions League: Top Scorer (Club),2026-02-24T17:26:51.055374Z,1399743,will-club-brugge-score-the-most-goals-in-2025-26-uefa-champions-league,Will Club Brugge score the most goals in 2025-26 UEFA Champions League?,0x2af61aa5d788024726e01887a5e6daa97d453f4881805e5016a9603fff9a7a9a,"[""27444701436150835702844086366406953804519589779947173226227482383266841325272"", ""114793200540227420819095626369330122649658098361715069191819962497536743485378""]",27444701436150835702844086366406953804519589779947173226227482383266841325272|114793200540227420819095626369330122649658098361715069191819962497536743485378,114793200540227420819095626369330122649658098361715069191819962497536743485378,No,False,,,,,,,,,,,,151.6701
2026-03-09T00:49:30Z,UCL,217813,uefa-champions-league-top-scorer-club,UEFA Champions League: Top Scorer (Club),2026-02-24T17:26:51.055374Z,1399737,will-atltico-madrid-score-the-most-goals-in-2025-26-uefa-champions-league,Will Atlético Madrid score the most goals in 2025-26 UEFA Champions League?,0x861411662265cf51cfa6712b43a188e2dfd3ae50868aa5b107eb7198901b3be8,"[""103256457405344125177257701423235244215119959538653759759110579355718203158694"", ""6767375581682113970382242016988456976048037093305017821948176625735403077252""]",103256457405344125177257701423235244215119959538653759759110579355718203158694|6767375581682113970382242016988456976048037093305017821948176625735403077252,103256457405344125177257701423235244215119959538653759759110579355718203158694,Yes,True,0.04,60.0,0.18,8.62,0.11,0.13999999999999999,957de094a65fd7d7218edc97b0e230c9a863ec8f,0.01,5,0.050,353.5842,67.68
2026-03-09T00:49:30Z,UCL,217813,uefa-champions-league-top-scorer-club,UEFA Champions League: Top Scorer (Club),2026-02-24T17:26:51.055374Z,1399737,will-atltico-madrid-score-the-most-goals-in-2025-26-uefa-champions-league,Will Atlético Madrid score the most goals in 2025-26 UEFA Champions League?,0x861411662265cf51cfa6712b43a188e2dfd3ae50868aa5b107eb7198901b3be8,"[""103256457405344125177257701423235244215119959538653759759110579355718203158694"", ""6767375581682113970382242016988456976048037093305017821948176625735403077252""]",103256457405344125177257701423235244215119959538653759759110579355718203158694|6767375581682113970382242016988456976048037093305017821948176625735403077252,6767375581682113970382242016988456976048037093305017821948176625735403077252,No,True,0.82,8.62,0.96,60.0,0.8899999999999999,0.14,668dbf1bb60d10babcf80d6ca4ef9424a0568563,0.01,5,0.050,353.5842,67.68
2026-03-09T00:49:30Z,UCL,217813,uefa-champions-league-top-scorer-club,UEFA Champions League: Top Scorer (Club),2026-02-24T17:26:51.055374Z,1399741,will-bodglimt-score-the-most-goals-in-2025-26-uefa-champions-league,Will Bodø/Glimt score the most goals in 2025-26 UEFA Champions League?,0xdc3612d9fae53ceb5d355093c6daea88e3f83558304bd8565e90245fe8bf60c9,"[""69758416599729992371478716014430477418393032619526802220846692485001836294731"", ""92687210924441253763376543716398762557158943737776524323908739801268797867336""]",69758416599729992371478716014430477418393032619526802220846692485001836294731|92687210924441253763376543716398762557158943737776524323908739801268797867336,69758416599729992371478716014430477418393032619526802220846692485001836294731,Yes,True,0.01,103.0,0.059,11.2,0.034499999999999996,0.048999999999999995,f51715a947b69578cad767545cde5900216fada6,0.001,5,0.011,295.1114,79.68
2026-03-09T00:49:30Z,UCL,217813,uefa-champions-league-top-scorer-club,UEFA Champions League: Top Scorer (Club),2026-02-24T17:26:51.055374Z,1399741,will-bodglimt-score-the-most-goals-in-2025-26-uefa-champions-league,Will Bodø/Glimt score the most goals in 2025-26 UEFA Champions League?,0xdc3612d9fae53ceb5d355093c6daea88e3f83558304bd8565e90245fe8bf60c9,"[""69758416599729992371478716014430477418393032619526802220846692485001836294731"", ""92687210924441253763376543716398762557158943737776524323908739801268797867336""]",69758416599729992371478716014430477418393032619526802220846692485001836294731|92687210924441253763376543716398762557158943737776524323908739801268797867336,92687210924441253763376543716398762557158943737776524323908739801268797867336,No,True,0.941,11.2,0.99,103.0,0.9655,0.049000000000000044,18b101a2b530804072afd93af2554901a440319f,0.001,5,0.011,295.1114,79.68
2026-03-09T00:49:30Z,UCL,217813,uefa-champions-league-top-scorer-club,UEFA Champions League: Top Scorer (Club),2026-02-24T17:26:51.055374Z,1399744,will-galatasaray-score-the-most-goals-in-2025-26-uefa-champions-league,Will Galatasaray score the most goals in 2025-26 UEFA Champions League?,0x537b25aa946105c11511d63c199e22cda8983c0c858fea0813a86880e770de66,"[""67076309774242442819162136298718760008261040020669976089837527342603543770688"", ""18777620647597120561945061819800470767133290580880559817444544119308348574896""]",67076309774242442819162136298718760008261040020669976089837527342603543770688|18777620647597120561945061819800470767133290580880559817444544119308348574896,67076309774242442819162136298718760008261040020669976089837527342603543770688,Yes,True,0.01,48.88,0.18,60.0,0.095,0.16999999999999998,aa0ab05196ca7755edf35aede6dbb7039e682ea5,0.01,5,0.010,338.7478,89.451
2026-03-09T00:49:30Z,UCL,217813,uefa-champions-league-top-scorer-club,UEFA Champions League: Top Scorer (Club),2026-02-24T17:26:51.055374Z,1399744,will-galatasaray-score-the-most-goals-in-2025-26-uefa-champions-league,Will Galatasaray score the most goals in 2025-26 UEFA Champions League?,0x537b25aa946105c11511d63c199e22cda8983c0c858fea0813a86880e770de66,"[""67076309774242442819162136298718760008261040020669976089837527342603543770688"", ""18777620647597120561945061819800470767133290580880559817444544119308348574896""]",67076309774242442819162136298718760008261040020669976089837527342603543770688|18777620647597120561945061819800470767133290580880559817444544119308348574896,18777620647597120561945061819800470767133290580880559817444544119308348574896,No,True,0.82,60.0,0.99,48.88,0.905,0.17000000000000004,8eca01c699c9f7cb469ac78f14ae5fe7ba025d31,0.01,5,0.010,338.7478,89.451
2026-03-09T00:49:30Z,UCL,217813,uefa-champions-league-top-scorer-club,UEFA Champions League: Top Scorer (Club),2026-02-24T17:26:51.055374Z,1399746,will-juventus-score-the-most-goals-in-2025-26-uefa-champions-league,Will Juventus score the most goals in 2025-26 UEFA Champions League?,0x8badccdb5dc5891bd237fc2b15d7b65cfd17b2a3cea4ed6ca0c3713d78bb149b,"[""3283273051193155527938292923506466335995368347068515947074279279512647158447"", ""101700197779880482598395966412583046972181160955955940591286228131577202077539""]",3283273051193155527938292923506466335995368347068515947074279279512647158447|101700197779880482598395966412583046972181160955955940591286228131577202077539,3283273051193155527938292923506466335995368347068515947074279279512647158447,Yes,False,,,,,,,,,,,,133.34
2026-03-09T00:49:30Z,UCL,217813,uefa-champions-league-top-scorer-club,UEFA Champions League: Top Scorer (Club),2026-02-24T17:26:51.055374Z,1399746,will-juventus-score-the-most-goals-in-2025-26-uefa-champions-league,Will Juventus score the most goals in 2025-26 UEFA Champions League?,0x8badccdb5dc5891bd237fc2b15d7b65cfd17b2a3cea4ed6ca0c3713d78bb149b,"[""3283273051193155527938292923506466335995368347068515947074279279512647158447"", ""101700197779880482598395966412583046972181160955955940591286228131577202077539""]",3283273051193155527938292923506466335995368347068515947074279279512647158447|101700197779880482598395966412583046972181160955955940591286228131577202077539,101700197779880482598395966412583046972181160955955940591286228131577202077539,No,False,,,,,,,,,,,,133.34
2026-03-09T00:49:30Z,UCL,217813,uefa-champions-league-top-scorer-club,UEFA Champions League: Top Scorer (Club),2026-02-24T17:26:51.055374Z,1399748,will-as-monaco-score-the-most-goals-in-2025-26-uefa-champions-league,Will AS Monaco score the most goals in 2025-26 UEFA Champions League?,0xad75dbbed30103113ec995527028f527dac030b0f08f0a7b69f32b86a674f55d,"[""31535928339953248064852989710757772980925865272428448142128321051611159195717"", ""27298687826296692931461285569870323201649084101213889978875596757226182854578""]",31535928339953248064852989710757772980925865272428448142128321051611159195717|27298687826296692931461285569870323201649084101213889978875596757226182854578,31535928339953248064852989710757772980925865272428448142128321051611159195717,Yes,False,,,,,,,,,,,,134.3559
2026-03-09T00:49:30Z,UCL,217813,uefa-champions-league-top-scorer-club,UEFA Champions League: Top Scorer (Club),2026-02-24T17:26:51.055374Z,1399748,will-as-monaco-score-the-most-goals-in-2025-26-uefa-champions-league,Will AS Monaco score the most goals in 2025-26 UEFA Champions League?,0xad75dbbed30103113ec995527028f527dac030b0f08f0a7b69f32b86a674f55d,"[""31535928339953248064852989710757772980925865272428448142128321051611159195717"", ""27298687826296692931461285569870323201649084101213889978875596757226182854578""]",31535928339953248064852989710757772980925865272428448142128321051611159195717|27298687826296692931461285569870323201649084101213889978875596757226182854578,27298687826296692931461285569870323201649084101213889978875596757226182854578,No,False,,,,,,,,,,,,134.3559
2026-03-09T00:49:30Z,UCL,217813,uefa-champions-league-top-scorer-club,UEFA Champions League: Top Scorer (Club),2026-02-24T17:26:51.055374Z,1399750,will-olympiacos-score-the-most-goals-in-2025-26-uefa-champions-league,Will Olympiacos score the most goals in 2025-26 UEFA Champions League?,0x332eba7cf48a7d7022a071fe1636456394e9c1f4bc2469d66aca10ed128eddbe,"[""93962646593817540281126818344862764935867154270618795033483702597857580211128"", ""28160263282189824482557207557465106738665519617445336294784858434864104295565""]",93962646593817540281126818344862764935867154270618795033483702597857580211128|28160263282189824482557207557465106738665519617445336294784858434864104295565,93962646593817540281126818344862764935867154270618795033483702597857580211128,Yes,False,,,,,,,,,,,,300
2026-03-09T00:49:30Z,UCL,217813,uefa-champions-league-top-scorer-club,UEFA Champions League: Top Scorer (Club),2026-02-24T17:26:51.055374Z,1399750,will-olympiacos-score-the-most-goals-in-2025-26-uefa-champions-league,Will Olympiacos score the most goals in 2025-26 UEFA Champions League?,0x332eba7cf48a7d7022a071fe1636456394e9c1f4bc2469d66aca10ed128eddbe,"[""93962646593817540281126818344862764935867154270618795033483702597857580211128"", ""28160263282189824482557207557465106738665519617445336294784858434864104295565""]",93962646593817540281126818344862764935867154270618795033483702597857580211128|28160263282189824482557207557465106738665519617445336294784858434864104295565,28160263282189824482557207557465106738665519617445336294784858434864104295565,No,False,,,,,,,,,,,,300
2026-03-09T00:49:30Z,UCL,217813,uefa-champions-league-top-scorer-club,UEFA Champions League: Top Scorer (Club),2026-02-24T17:26:51.055374Z,1399752,will-qaraba-score-the-most-goals-in-2025-26-uefa-champions-league,Will Qarabağ score the most goals in 2025-26 UEFA Champions League?,0x9c11d408278b3c13285608866f9ea6d393793591735b53c7c809cb27ea774829,"[""93515427391747095531207312460608057341455090991386644783084408213188838343939"", ""54293813328446343413837394388644236677047663480514722077421818595817751439668""]",93515427391747095531207312460608057341455090991386644783084408213188838343939|54293813328446343413837394388644236677047663480514722077421818595817751439668,93515427391747095531207312460608057341455090991386644783084408213188838343939,Yes,False,,,,,,,,,,,,169.14
2026-03-09T00:49:30Z,UCL,217813,uefa-champions-league-top-scorer-club,UEFA Champions League: Top Scorer (Club),2026-02-24T17:26:51.055374Z,1399752,will-qaraba-score-the-most-goals-in-2025-26-uefa-champions-league,Will Qarabağ score the most goals in 2025-26 UEFA Champions League?,0x9c11d408278b3c13285608866f9ea6d393793591735b53c7c809cb27ea774829,"[""93515427391747095531207312460608057341455090991386644783084408213188838343939"", ""54293813328446343413837394388644236677047663480514722077421818595817751439668""]",93515427391747095531207312460608057341455090991386644783084408213188838343939|54293813328446343413837394388644236677047663480514722077421818595817751439668,54293813328446343413837394388644236677047663480514722077421818595817751439668,No,False,,,,,,,,,,,,169.14
2026-03-09T00:49:30Z,UCL,217813,uefa-champions-league-top-scorer-club,UEFA Champions League: Top Scorer (Club),2026-02-24T17:26:51.055374Z,1399754,will-club-b-score-the-most-goals-in-2025-26-uefa-champions-league,Will club B score the most goals in 2025-26 UEFA Champions League?,0x1e03033af0f8610348a3df502aba5d9068b25b8657350f23e33f8cddcc41b040,"[""27000366112326933069792900697171954386184851914817202115712517471750539768848"", ""77361878810100050634551751116205627146453884373708336287178377472975797262814""]",27000366112326933069792900697171954386184851914817202115712517471750539768848|77361878810100050634551751116205627146453884373708336287178377472975797262814,27000366112326933069792900697171954386184851914817202115712517471750539768848,Yes,False,,,,,,,,,,,0,0
2026-03-09T00:49:30Z,UCL,217813,uefa-champions-league-top-scorer-club,UEFA Champions League: Top Scorer (Club),2026-02-24T17:26:51.055374Z,1399754,will-club-b-score-the-most-goals-in-2025-26-uefa-champions-league,Will club B score the most goals in 2025-26 UEFA Champions League?,0x1e03033af0f8610348a3df502aba5d9068b25b8657350f23e33f8cddcc41b040,"[""27000366112326933069792900697171954386184851914817202115712517471750539768848"", ""77361878810100050634551751116205627146453884373708336287178377472975797262814""]",27000366112326933069792900697171954386184851914817202115712517471750539768848|77361878810100050634551751116205627146453884373708336287178377472975797262814,77361878810100050634551751116205627146453884373708336287178377472975797262814,No,False,,,,,,,,,,,0,0
2026-03-09T00:49:30Z,UCL,217813,uefa-champions-league-top-scorer-club,UEFA Champions League: Top Scorer (Club),2026-02-24T17:26:51.055374Z,1399756,will-another-club-score-the-most-goals-in-2025-26-uefa-champions-league,Will another club score the most goals in 2025-26 UEFA Champions League?,0x3d59c6a60efc6a34426138aad234bdd8a01852c0f16933779af536de7a4219e6,"[""49345705290153243562631401987154620905236941676893278029492190331446686641556"", ""112519957309211820300984930942277740667286791186568973569445368922753951192039""]",49345705290153243562631401987154620905236941676893278029492190331446686641556|112519957309211820300984930942277740667286791186568973569445368922753951192039,49345705290153243562631401987154620905236941676893278029492190331446686641556,Yes,False,,,,,,,,,,,0,0
2026-03-09T00:49:30Z,UCL,217813,uefa-champions-league-top-scorer-club,UEFA Champions League: Top Scorer (Club),2026-02-24T17:26:51.055374Z,1399756,will-another-club-score-the-most-goals-in-2025-26-uefa-champions-league,Will another club score the most goals in 2025-26 UEFA Champions League?,0x3d59c6a60efc6a34426138aad234bdd8a01852c0f16933779af536de7a4219e6,"[""49345705290153243562631401987154620905236941676893278029492190331446686641556"", ""112519957309211820300984930942277740667286791186568973569445368922753951192039""]",49345705290153243562631401987154620905236941676893278029492190331446686641556|112519957309211820300984930942277740667286791186568973569445368922753951192039,112519957309211820300984930942277740667286791186568973569445368922753951192039,No,False,,,,,,,,,,,0,0
2026-03-09T00:49:30Z,UCL,235021,ucl-gal-liv1-2026-03-10,Galatasaray SK vs. Liverpool FC,2026-02-27T19:15:27.052109Z,1456031,ucl-gal-liv1-2026-03-10-gal,Will Galatasaray SK win on 2026-03-10?,0x04c1673813b88631003334557ad6aec7e200bf84b36a61ce6635f3eb607bd9ba,"[""87238771553206999062273268540352852766649955414836150010419931805950644186201"", ""56117892801764943730194286525386192073528340476937852627211725980140415554847""]",87238771553206999062273268540352852766649955414836150010419931805950644186201|56117892801764943730194286525386192073528340476937852627211725980140415554847,87238771553206999062273268540352852766649955414836150010419931805950644186201,Yes,True,0.22,15845.09,0.23,29199.69,0.225,0.010000000000000009,a11556ec9b1b43cc380fb5984e167a37d53c8a58,0.01,5,0.770,143976.6899,58584.29891300005
2026-03-09T00:49:30Z,UCL,235021,ucl-gal-liv1-2026-03-10,Galatasaray SK vs. Liverpool FC,2026-02-27T19:15:27.052109Z,1456031,ucl-gal-liv1-2026-03-10-gal,Will Galatasaray SK win on 2026-03-10?,0x04c1673813b88631003334557ad6aec7e200bf84b36a61ce6635f3eb607bd9ba,"[""87238771553206999062273268540352852766649955414836150010419931805950644186201"", ""56117892801764943730194286525386192073528340476937852627211725980140415554847""]",87238771553206999062273268540352852766649955414836150010419931805950644186201|56117892801764943730194286525386192073528340476937852627211725980140415554847,56117892801764943730194286525386192073528340476937852627211725980140415554847,No,True,0.77,29199.69,0.78,15845.09,0.775,0.010000000000000009,14f413090c68d909d78a81e38d8d33e33952378b,0.01,5,0.770,143976.6899,58584.29891300005
2026-03-09T00:49:30Z,UCL,235021,ucl-gal-liv1-2026-03-10,Galatasaray SK vs. Liverpool FC,2026-02-27T19:15:27.052109Z,1456033,ucl-gal-liv1-2026-03-10-draw,Will Galatasaray SK vs. Liverpool FC end in a draw?,0xc35405ee765d8e9adba28aff6f0faaf25a83f0faaddd1c5386ca2a6a77912bcd,"[""72642839448824297966148981885437057123037266758955621931354199085511289611122"", ""89170570741235231052347471244129571210011875606637599212895113483639843570197""]",72642839448824297966148981885437057123037266758955621931354199085511289611122|89170570741235231052347471244129571210011875606637599212895113483639843570197,72642839448824297966148981885437057123037266758955621931354199085511289611122,Yes,True,0.22,27905.86,0.23,514.35,0.225,0.010000000000000009,8a0e5f94f6af0c83533f78c92d5b59e1e567d09c,0.01,5,0.770,86850.279,11027.381849000001
2026-03-09T00:49:30Z,UCL,235021,ucl-gal-liv1-2026-03-10,Galatasaray SK vs. Liverpool FC,2026-02-27T19:15:27.052109Z,1456033,ucl-gal-liv1-2026-03-10-draw,Will Galatasaray SK vs. Liverpool FC end in a draw?,0xc35405ee765d8e9adba28aff6f0faaf25a83f0faaddd1c5386ca2a6a77912bcd,"[""72642839448824297966148981885437057123037266758955621931354199085511289611122"", ""89170570741235231052347471244129571210011875606637599212895113483639843570197""]",72642839448824297966148981885437057123037266758955621931354199085511289611122|89170570741235231052347471244129571210011875606637599212895113483639843570197,89170570741235231052347471244129571210011875606637599212895113483639843570197,No,True,0.77,514.35,0.78,27905.86,0.775,0.010000000000000009,bf64c86f091163c0312eb69c39a7225d94320390,0.01,5,0.770,86850.279,11027.381849000001
2026-03-09T00:49:30Z,UCL,235021,ucl-gal-liv1-2026-03-10,Galatasaray SK vs. Liverpool FC,2026-02-27T19:15:27.052109Z,1456035,ucl-gal-liv1-2026-03-10-liv1,Will Liverpool FC win on 2026-03-10?,0x02ad508dd49f4a952db6a4323d9bf78f5ee6fc2eb72acaa5053d39224435f883,"[""76302207217910667746235001573638365503836587785675561502940687592825980452481"", ""58524248130025597119415669072812186759333775741822314112120435318238485479405""]",76302207217910667746235001573638365503836587785675561502940687592825980452481|58524248130025597119415669072812186759333775741822314112120435318238485479405,76302207217910667746235001573638365503836587785675561502940687592825980452481,Yes,True,0.54,66820.46,0.55,9754.98,0.545,0.010000000000000009,fe25c30ad1fa33dbdd74ea6cc90ee35f5e330303,0.01,5,0.451,166687.6726,156190.706252
2026-03-09T00:49:30Z,UCL,235021,ucl-gal-liv1-2026-03-10,Galatasaray SK vs. Liverpool FC,2026-02-27T19:15:27.052109Z,1456035,ucl-gal-liv1-2026-03-10-liv1,Will Liverpool FC win on 2026-03-10?,0x02ad508dd49f4a952db6a4323d9bf78f5ee6fc2eb72acaa5053d39224435f883,"[""76302207217910667746235001573638365503836587785675561502940687592825980452481"", ""58524248130025597119415669072812186759333775741822314112120435318238485479405""]",76302207217910667746235001573638365503836587785675561502940687592825980452481|58524248130025597119415669072812186759333775741822314112120435318238485479405,58524248130025597119415669072812186759333775741822314112120435318238485479405,No,True,0.45,9754.98,0.46,66820.46,0.455,0.010000000000000009,cf525d63e5f757bb4f08e7199652a8ab45a4f6a9,0.01,5,0.451,166687.6726,156190.706252
2026-03-09T00:49:30Z,UCL,235023,ucl-atm1-tot-2026-03-10,Club Atlético de Madrid vs. Tottenham Hotspur FC,2026-02-27T19:07:21.578032Z,1456044,ucl-atm1-tot-2026-03-10-atm1,Will Club Atlético de Madrid win on 2026-03-10?,0xb6672e33386fff3f751ee29c3bc2cfb0cfe252f8842351f01ef7aed46f28735a,"[""76744295612879811354415003580935932230180459016810395346047695003117934810873"", ""69940326205617469167409775286452944552649831651298636419056129024359666414249""]",76744295612879811354415003580935932230180459016810395346047695003117934810873|69940326205617469167409775286452944552649831651298636419056129024359666414249,76744295612879811354415003580935932230180459016810395346047695003117934810873,Yes,True,0.63,67853.82,0.65,83448.43,0.64,0.020000000000000018,2c2174f1dca7d0d880df69a9fb0adc86073ecc0b,0.01,5,0.351,182201.7197,193644.29431300017
2026-03-09T00:49:30Z,UCL,235023,ucl-atm1-tot-2026-03-10,Club Atlético de Madrid vs. Tottenham Hotspur FC,2026-02-27T19:07:21.578032Z,1456044,ucl-atm1-tot-2026-03-10-atm1,Will Club Atlético de Madrid win on 2026-03-10?,0xb6672e33386fff3f751ee29c3bc2cfb0cfe252f8842351f01ef7aed46f28735a,"[""76744295612879811354415003580935932230180459016810395346047695003117934810873"", ""69940326205617469167409775286452944552649831651298636419056129024359666414249""]",76744295612879811354415003580935932230180459016810395346047695003117934810873|69940326205617469167409775286452944552649831651298636419056129024359666414249,69940326205617469167409775286452944552649831651298636419056129024359666414249,No,True,0.35,83448.43,0.37,67853.82,0.36,0.020000000000000018,a58ccf19e67317651c477f3552c4fdb61d54fdd4,0.01,5,0.351,182201.7197,193644.29431300017
2026-03-09T00:49:30Z,UCL,235023,ucl-atm1-tot-2026-03-10,Club Atlético de Madrid vs. Tottenham Hotspur FC,2026-02-27T19:07:21.578032Z,1456045,ucl-atm1-tot-2026-03-10-draw,Will Club Atlético de Madrid vs. Tottenham Hotspur FC end in a draw?,0x7e8483c8c3b4a01b83250eb36d603b509ae2044541ef2ae8ab2292bab48e9c5e,"[""61730069867978091672147080685925103361768027836529543175919595224321147010085"", ""90616435033013899877954269863983791859122012680918750397378628531732149075281""]",61730069867978091672147080685925103361768027836529543175919595224321147010085|90616435033013899877954269863983791859122012680918750397378628531732149075281,61730069867978091672147080685925103361768027836529543175919595224321147010085,Yes,True,0.21,321.8,0.22,25965.06,0.215,0.010000000000000009,3dfd3bd24d95cc4965fe4136ef64bd8aa5610713,0.01,5,0.780,80039.629,1956.5207029999997
2026-03-09T00:49:30Z,UCL,235023,ucl-atm1-tot-2026-03-10,Club Atlético de Madrid vs. Tottenham Hotspur FC,2026-02-27T19:07:21.578032Z,1456045,ucl-atm1-tot-2026-03-10-draw,Will Club Atlético de Madrid vs. Tottenham Hotspur FC end in a draw?,0x7e8483c8c3b4a01b83250eb36d603b509ae2044541ef2ae8ab2292bab48e9c5e,"[""61730069867978091672147080685925103361768027836529543175919595224321147010085"", ""90616435033013899877954269863983791859122012680918750397378628531732149075281""]",61730069867978091672147080685925103361768027836529543175919595224321147010085|90616435033013899877954269863983791859122012680918750397378628531732149075281,90616435033013899877954269863983791859122012680918750397378628531732149075281,No,True,0.78,25965.06,0.79,321.8,0.785,0.010000000000000009,6ffdec4935e17bdf72d83d89f76753f883b159ec,0.01,5,0.780,80039.629,1956.5207029999997
2026-03-09T00:49:30Z,UCL,235023,ucl-atm1-tot-2026-03-10,Club Atlético de Madrid vs. Tottenham Hotspur FC,2026-02-27T19:07:21.578032Z,1456047,ucl-atm1-tot-2026-03-10-tot,Will Tottenham Hotspur FC win on 2026-03-10?,0x940628d6dfe08a9a33f1aea84645369b76d97e74a317cbf1402ab98070892bb6,"[""99935360932077608000573821485068312683841930438028613095308829036803733897574"", ""96967616420866806153370188413931633634040003544661405016596288715052656842977""]",99935360932077608000573821485068312683841930438028613095308829036803733897574|96967616420866806153370188413931633634040003544661405016596288715052656842977,99935360932077608000573821485068312683841930438028613095308829036803733897574,Yes,True,0.15,11812.57,0.16,5752.11,0.155,0.010000000000000009,7395d84ca7a2bb911493f990e59b586ba0ab0cda,0.01,5,0.160,74290.8179,11946.845368999999
2026-03-09T00:49:30Z,UCL,235023,ucl-atm1-tot-2026-03-10,Club Atlético de Madrid vs. Tottenham Hotspur FC,2026-02-27T19:07:21.578032Z,1456047,ucl-atm1-tot-2026-03-10-tot,Will Tottenham Hotspur FC win on 2026-03-10?,0x940628d6dfe08a9a33f1aea84645369b76d97e74a317cbf1402ab98070892bb6,"[""99935360932077608000573821485068312683841930438028613095308829036803733897574"", ""96967616420866806153370188413931633634040003544661405016596288715052656842977""]",99935360932077608000573821485068312683841930438028613095308829036803733897574|96967616420866806153370188413931633634040003544661405016596288715052656842977,96967616420866806153370188413931633634040003544661405016596288715052656842977,No,True,0.84,5752.11,0.85,11812.57,0.845,0.010000000000000009,a2a9ec93f575ccb7f13eef50374f1325980df748,0.01,5,0.160,74290.8179,11946.845368999999
2026-03-09T00:49:30Z,UCL,235024,ucl-ata1-bay1-2026-03-10,Atalanta BC vs. FC Bayern München,2026-02-27T19:15:27.065303Z,1456050,ucl-ata1-bay1-2026-03-10-ata1,Will Atalanta BC win on 2026-03-10?,0x1e7a4ded752fa469f76f1503f7910ea910577187885f7239172f30ec297ad6a8,"[""65289652940462238756785743651122467347581640544045993952813212349329670918636"", ""34875609643369272667749149334846760861167916373848198976855950330052956851746""]",65289652940462238756785743651122467347581640544045993952813212349329670918636|34875609643369272667749149334846760861167916373848198976855950330052956851746,65289652940462238756785743651122467347581640544045993952813212349329670918636,Yes,True,0.19,7811.08,0.2,6630.02,0.195,0.010000000000000009,fffd2f2d16cfc29630a6990b7a9d7802fe83bbbd,0.01,5,0.191,63375.7509,8924.314758
2026-03-09T00:49:30Z,UCL,235024,ucl-ata1-bay1-2026-03-10,Atalanta BC vs. FC Bayern München,2026-02-27T19:15:27.065303Z,1456050,ucl-ata1-bay1-2026-03-10-ata1,Will Atalanta BC win on 2026-03-10?,0x1e7a4ded752fa469f76f1503f7910ea910577187885f7239172f30ec297ad6a8,"[""65289652940462238756785743651122467347581640544045993952813212349329670918636"", ""34875609643369272667749149334846760861167916373848198976855950330052956851746""]",65289652940462238756785743651122467347581640544045993952813212349329670918636|34875609643369272667749149334846760861167916373848198976855950330052956851746,34875609643369272667749149334846760861167916373848198976855950330052956851746,No,True,0.8,6630.02,0.81,7811.08,0.805,0.010000000000000009,13a6a42ebfeb08528ac7e48a55fcfda0f4add5f3,0.01,5,0.191,63375.7509,8924.314758
2026-03-09T00:49:30Z,UCL,235024,ucl-ata1-bay1-2026-03-10,Atalanta BC vs. FC Bayern München,2026-02-27T19:15:27.065303Z,1456051,ucl-ata1-bay1-2026-03-10-draw,Will Atalanta BC vs. FC Bayern München end in a draw?,0x4230ee8ec090de06e0672daefd56de26b1350e7dc63de2746559c7565334208e,"[""2100588859545262385101491239042624475933490861046284146549518613699188034434"", ""68104764479864552650719036830821842267674560433620993621850620388699475028377""]",2100588859545262385101491239042624475933490861046284146549518613699188034434|68104764479864552650719036830821842267674560433620993621850620388699475028377,2100588859545262385101491239042624475933490861046284146549518613699188034434,Yes,True,0.2,153.32,0.21,20911.91,0.20500000000000002,0.009999999999999981,28602b33213aa5bc0672d79a1027a831ba9fab8e,0.01,5,0.790,62930.5257,9364.776537000002
2026-03-09T00:49:30Z,UCL,235024,ucl-ata1-bay1-2026-03-10,Atalanta BC vs. FC Bayern München,2026-02-27T19:15:27.065303Z,1456051,ucl-ata1-bay1-2026-03-10-draw,Will Atalanta BC vs. FC Bayern München end in a draw?,0x4230ee8ec090de06e0672daefd56de26b1350e7dc63de2746559c7565334208e,"[""2100588859545262385101491239042624475933490861046284146549518613699188034434"", ""68104764479864552650719036830821842267674560433620993621850620388699475028377""]",2100588859545262385101491239042624475933490861046284146549518613699188034434|68104764479864552650719036830821842267674560433620993621850620388699475028377,68104764479864552650719036830821842267674560433620993621850620388699475028377,No,True,0.79,20911.91,0.8,153.32,0.795,0.010000000000000009,e8cd52d7e8794f9f2903767f47f7cfc7771115e2,0.01,5,0.790,62930.5257,9364.776537000002
2026-03-09T00:49:30Z,UCL,235024,ucl-ata1-bay1-2026-03-10,Atalanta BC vs. FC Bayern München,2026-02-27T19:15:27.065303Z,1456052,ucl-ata1-bay1-2026-03-10-bay1,Will FC Bayern München win on 2026-03-10?,0x935805334f27a1ef8ed2adbdc4717afbb8a647c1628baa44333186886621084b,"[""23468278622250162493811012879540333356052317206343964586571449703258433930167"", ""113758685938293417121546116468112450889638750297546570266502872862428393806429""]",23468278622250162493811012879540333356052317206343964586571449703258433930167|113758685938293417121546116468112450889638750297546570266502872862428393806429,23468278622250162493811012879540333356052317206343964586571449703258433930167,Yes,True,0.6,62866.2,0.61,912.98,0.605,0.010000000000000009,ad9c8a6607a7b84dd5c27eeabc8a17c5c13e4f48,0.01,5,0.601,365180.9942,280647.5136770003
2026-03-09T00:49:30Z,UCL,235024,ucl-ata1-bay1-2026-03-10,Atalanta BC vs. FC Bayern München,2026-02-27T19:15:27.065303Z,1456052,ucl-ata1-bay1-2026-03-10-bay1,Will FC Bayern München win on 2026-03-10?,0x935805334f27a1ef8ed2adbdc4717afbb8a647c1628baa44333186886621084b,"[""23468278622250162493811012879540333356052317206343964586571449703258433930167"", ""113758685938293417121546116468112450889638750297546570266502872862428393806429""]",23468278622250162493811012879540333356052317206343964586571449703258433930167|113758685938293417121546116468112450889638750297546570266502872862428393806429,113758685938293417121546116468112450889638750297546570266502872862428393806429,No,True,0.39,912.98,0.4,62866.2,0.395,0.010000000000000009,7d0dbeef8c7900ba7fa191d4cc3818200e21b32e,0.01,5,0.601,365180.9942,280647.5136770003
2026-03-09T00:49:30Z,UCL,235025,ucl-new-fcb1-2026-03-10,Newcastle United FC vs. FC Barcelona,2026-02-27T19:15:27.061248Z,1456054,ucl-new-fcb1-2026-03-10-draw,Will Newcastle United FC vs. FC Barcelona end in a draw?,0x6cde1cf148fda952831e34095a97d719b1b55437168264b738770477186153ce,"[""22136935837709482089377005942530006714482964957872146996113204588633879262846"", ""76308536770520099765191453945156600901024292928121533916405455254698012715854""]",22136935837709482089377005942530006714482964957872146996113204588633879262846|76308536770520099765191453945156600901024292928121533916405455254698012715854,22136935837709482089377005942530006714482964957872146996113204588633879262846,Yes,True,0.24,4158.75,0.25,41575.63,0.245,0.010000000000000009,cae877bdbbe343641d7f6173ffa3372c59551b80,0.01,5,0.751,128042.8776,35331.954741999994
2026-03-09T00:49:30Z,UCL,235025,ucl-new-fcb1-2026-03-10,Newcastle United FC vs. FC Barcelona,2026-02-27T19:15:27.061248Z,1456054,ucl-new-fcb1-2026-03-10-draw,Will Newcastle United FC vs. FC Barcelona end in a draw?,0x6cde1cf148fda952831e34095a97d719b1b55437168264b738770477186153ce,"[""22136935837709482089377005942530006714482964957872146996113204588633879262846"", ""76308536770520099765191453945156600901024292928121533916405455254698012715854""]",22136935837709482089377005942530006714482964957872146996113204588633879262846|76308536770520099765191453945156600901024292928121533916405455254698012715854,76308536770520099765191453945156600901024292928121533916405455254698012715854,No,True,0.75,41575.63,0.76,4158.75,0.755,0.010000000000000009,871e733dec2bedbfe5de9867947ac89894494610,0.01,5,0.751,128042.8776,35331.954741999994
2026-03-09T00:49:30Z,UCL,235025,ucl-new-fcb1-2026-03-10,Newcastle United FC vs. FC Barcelona,2026-02-27T19:15:27.061248Z,1456055,ucl-new-fcb1-2026-03-10-fcb1,Will FC Barcelona win on 2026-03-10?,0xbae69ae9b70dd90f07af50b9818de5ae7ad5dab1252874a04c95a8127ee45954,"[""40749457448634859432751294869460930167992826720478658831868727481616304516770"", ""36076008792821415451116071083604391332558930393579853239505981764670101832385""]",40749457448634859432751294869460930167992826720478658831868727481616304516770|36076008792821415451116071083604391332558930393579853239505981764670101832385,40749457448634859432751294869460930167992826720478658831868727481616304516770,Yes,True,0.43,62365.77,0.44,6192.17,0.435,0.010000000000000009,f3caafeb3292f8df338aa453d7902b2dfc0c4f70,0.01,5,0.431,191773.9344,548239.9032359998
2026-03-09T00:49:30Z,UCL,235025,ucl-new-fcb1-2026-03-10,Newcastle United FC vs. FC Barcelona,2026-02-27T19:15:27.061248Z,1456055,ucl-new-fcb1-2026-03-10-fcb1,Will FC Barcelona win on 2026-03-10?,0xbae69ae9b70dd90f07af50b9818de5ae7ad5dab1252874a04c95a8127ee45954,"[""40749457448634859432751294869460930167992826720478658831868727481616304516770"", ""36076008792821415451116071083604391332558930393579853239505981764670101832385""]",40749457448634859432751294869460930167992826720478658831868727481616304516770|36076008792821415451116071083604391332558930393579853239505981764670101832385,36076008792821415451116071083604391332558930393579853239505981764670101832385,No,True,0.56,6192.17,0.57,62365.77,0.565,0.009999999999999898,1e6ef1ca8aa2e10c45c8c6d5e55ba286f39a17c0,0.01,5,0.431,191773.9344,548239.9032359998
2026-03-09T00:49:30Z,UCL,235025,ucl-new-fcb1-2026-03-10,Newcastle United FC vs. FC Barcelona,2026-02-27T19:15:27.061248Z,1456053,ucl-new-fcb1-2026-03-10-new,Will Newcastle United FC win on 2026-03-10?,0x1ac56475465b7d500a59618c645de92bec3ffeb69eac26242721b23f64e31a12,"[""64596889719737870852587648166741991830768554045567080880968217963716347342720"", ""115453296197533695645437479820838351764006903443706015760045707417386562380727""]",64596889719737870852587648166741991830768554045567080880968217963716347342720|115453296197533695645437479820838351764006903443706015760045707417386562380727,64596889719737870852587648166741991830768554045567080880968217963716347342720,Yes,True,0.32,10661.34,0.33,8405.19,0.325,0.010000000000000009,389d1a4b334ed5f1914cbcee5b1b4f5f3cc49463,0.01,5,0.671,85385.0603,76872.28092399998
2026-03-09T00:49:30Z,UCL,235025,ucl-new-fcb1-2026-03-10,Newcastle United FC vs. FC Barcelona,2026-02-27T19:15:27.061248Z,1456053,ucl-new-fcb1-2026-03-10-new,Will Newcastle United FC win on 2026-03-10?,0x1ac56475465b7d500a59618c645de92bec3ffeb69eac26242721b23f64e31a12,"[""64596889719737870852587648166741991830768554045567080880968217963716347342720"", ""115453296197533695645437479820838351764006903443706015760045707417386562380727""]",64596889719737870852587648166741991830768554045567080880968217963716347342720|115453296197533695645437479820838351764006903443706015760045707417386562380727,115453296197533695645437479820838351764006903443706015760045707417386562380727,No,True,0.67,8405.19,0.68,10661.34,0.675,0.010000000000000009,d4cbc5828a79427366b54c50f30c9e0944445f7c,0.01,5,0.671,85385.0603,76872.28092399998
2026-03-09T00:49:30Z,UCL,235026,ucl-lev-ars-2026-03-11,Bayer 04 Leverkusen vs. Arsenal FC,2026-02-27T19:15:34.913234Z,1456056,ucl-lev-ars-2026-03-11-lev,Will Bayer 04 Leverkusen win on 2026-03-11?,0xd9b2390afd8a78258cc6cd8ce931fe4fe90c77c3df2834e04dd4d8dd994f73b5,"[""109069929227071925683742974428296930196077257286101930927263804493142202232290"", ""78872993221767917982108995604621456694526897574300252505474345945076467510366""]",109069929227071925683742974428296930196077257286101930927263804493142202232290|78872993221767917982108995604621456694526897574300252505474345945076467510366,109069929227071925683742974428296930196077257286101930927263804493142202232290,Yes,True,0.15,4070.51,0.16,11364.78,0.155,0.010000000000000009,2768273699ffd282477712d135c129823f3e3c85,0.01,5,0.840,64247.8073,3008.0925359999997
2026-03-09T00:49:30Z,UCL,235026,ucl-lev-ars-2026-03-11,Bayer 04 Leverkusen vs. Arsenal FC,2026-02-27T19:15:34.913234Z,1456056,ucl-lev-ars-2026-03-11-lev,Will Bayer 04 Leverkusen win on 2026-03-11?,0xd9b2390afd8a78258cc6cd8ce931fe4fe90c77c3df2834e04dd4d8dd994f73b5,"[""109069929227071925683742974428296930196077257286101930927263804493142202232290"", ""78872993221767917982108995604621456694526897574300252505474345945076467510366""]",109069929227071925683742974428296930196077257286101930927263804493142202232290|78872993221767917982108995604621456694526897574300252505474345945076467510366,78872993221767917982108995604621456694526897574300252505474345945076467510366,No,True,0.84,11364.78,0.85,4070.51,0.845,0.010000000000000009,370c26c64e8789c076969d427cb6a61aac46042c,0.01,5,0.840,64247.8073,3008.0925359999997
2026-03-09T00:49:30Z,UCL,235026,ucl-lev-ars-2026-03-11,Bayer 04 Leverkusen vs. Arsenal FC,2026-02-27T19:15:34.913234Z,1456057,ucl-lev-ars-2026-03-11-draw,Will Bayer 04 Leverkusen vs. Arsenal FC end in a draw?,0x20a6a5cc51276987b0eef31b9416be450c589cf1f03bd9da037a8aee7053356f,"[""3764694610508318566480503741349342065748628850144208255899767070561633003838"", ""38893944899954347335447397260888354576688239133237291566845876966835142187399""]",3764694610508318566480503741349342065748628850144208255899767070561633003838|38893944899954347335447397260888354576688239133237291566845876966835142187399,3764694610508318566480503741349342065748628850144208255899767070561633003838,Yes,True,0.22,884.22,0.23,10524.44,0.225,0.010000000000000009,106b5fef04353a9f7f4cc81b863f6f2ad92b7af2,0.01,5,0.770,56381.328,1977.453372
2026-03-09T00:49:30Z,UCL,235026,ucl-lev-ars-2026-03-11,Bayer 04 Leverkusen vs. Arsenal FC,2026-02-27T19:15:34.913234Z,1456057,ucl-lev-ars-2026-03-11-draw,Will Bayer 04 Leverkusen vs. Arsenal FC end in a draw?,0x20a6a5cc51276987b0eef31b9416be450c589cf1f03bd9da037a8aee7053356f,"[""3764694610508318566480503741349342065748628850144208255899767070561633003838"", ""38893944899954347335447397260888354576688239133237291566845876966835142187399""]",3764694610508318566480503741349342065748628850144208255899767070561633003838|38893944899954347335447397260888354576688239133237291566845876966835142187399,38893944899954347335447397260888354576688239133237291566845876966835142187399,No,True,0.77,10524.44,0.78,884.22,0.775,0.010000000000000009,7c65e29e65b0c98497fb1819bd6c548b2e0f26e8,0.01,5,0.770,56381.328,1977.453372
2026-03-09T00:49:30Z,UCL,235026,ucl-lev-ars-2026-03-11,Bayer 04 Leverkusen vs. Arsenal FC,2026-02-27T19:15:34.913234Z,1456058,ucl-lev-ars-2026-03-11-ars,Will Arsenal FC win on 2026-03-11?,0x13182a3f43e0e50172d6ec2578f960e73f24a5f2c28f3c9e752369d7d5331cb1,"[""6513270381960802253012683151666357505132664786332053561142044868772233342467"", ""110423533006192757186758646844750307831061700346210485468035055247519874406326""]",6513270381960802253012683151666357505132664786332053561142044868772233342467|110423533006192757186758646844750307831061700346210485468035055247519874406326,6513270381960802253012683151666357505132664786332053561142044868772233342467,Yes,True,0.62,29714.14,0.63,303.71,0.625,0.010000000000000009,fa90117fa3eeced89dee3bdd83547c442efdc6c7,0.01,5,0.371,169223.4871,39560.79670600001
2026-03-09T00:49:30Z,UCL,235026,ucl-lev-ars-2026-03-11,Bayer 04 Leverkusen vs. Arsenal FC,2026-02-27T19:15:34.913234Z,1456058,ucl-lev-ars-2026-03-11-ars,Will Arsenal FC win on 2026-03-11?,0x13182a3f43e0e50172d6ec2578f960e73f24a5f2c28f3c9e752369d7d5331cb1,"[""6513270381960802253012683151666357505132664786332053561142044868772233342467"", ""110423533006192757186758646844750307831061700346210485468035055247519874406326""]",6513270381960802253012683151666357505132664786332053561142044868772233342467|110423533006192757186758646844750307831061700346210485468035055247519874406326,110423533006192757186758646844750307831061700346210485468035055247519874406326,No,True,0.37,303.71,0.38,29714.14,0.375,0.010000000000000009,55773e7c3ff8f661f693368be76fd53990ecd7ac,0.01,5,0.371,169223.4871,39560.79670600001
2026-03-09T00:49:30Z,UCL,235027,ucl-psg1-cfc1-2026-03-11,Paris Saint-Germain FC vs. Chelsea FC,2026-02-27T19:12:14.697273Z,1456059,ucl-psg1-cfc1-2026-03-11-psg1,Will Paris Saint-Germain FC win on 2026-03-11?,0x09eb95f347c8ca17d639371297175ed15f397c531e8ef13286382cda2a2595d1,"[""22363389315034600521629710486925706522870234823631575045933955878780499716955"", ""28765639323782584986940161946204598421945373652559065933660352861151749539201""]",22363389315034600521629710486925706522870234823631575045933955878780499716955|28765639323782584986940161946204598421945373652559065933660352861151749539201,22363389315034600521629710486925706522870234823631575045933955878780499716955,Yes,True,0.51,90.0,0.52,32040.1,0.515,0.010000000000000009,849224716664b2678e75c5a1a16fe60b1f225197,0.01,5,0.480,152902.1652,4322.4760179999985
2026-03-09T00:49:30Z,UCL,235027,ucl-psg1-cfc1-2026-03-11,Paris Saint-Germain FC vs. Chelsea FC,2026-02-27T19:12:14.697273Z,1456059,ucl-psg1-cfc1-2026-03-11-psg1,Will Paris Saint-Germain FC win on 2026-03-11?,0x09eb95f347c8ca17d639371297175ed15f397c531e8ef13286382cda2a2595d1,"[""22363389315034600521629710486925706522870234823631575045933955878780499716955"", ""28765639323782584986940161946204598421945373652559065933660352861151749539201""]",22363389315034600521629710486925706522870234823631575045933955878780499716955|28765639323782584986940161946204598421945373652559065933660352861151749539201,28765639323782584986940161946204598421945373652559065933660352861151749539201,No,True,0.48,32040.1,0.49,90.0,0.485,0.010000000000000009,4c497681f351a7511afcfef8c8e436ac3f3f8b73,0.01,5,0.480,152902.1652,4322.4760179999985
2026-03-09T00:49:30Z,UCL,235027,ucl-psg1-cfc1-2026-03-11,Paris Saint-Germain FC vs. Chelsea FC,2026-02-27T19:12:14.697273Z,1456060,ucl-psg1-cfc1-2026-03-11-draw,Will Paris Saint-Germain FC vs. Chelsea FC end in a draw?,0x743ea6cd76e117a6cee533f7c8fc6c4d36fef51cf37ac2d6114ebffaf7f851da,"[""48935414289532439731114353764271826902281568694183435333420462436504905516861"", ""1880871605050197452833694967021561941998274552082477432779484280751520890466""]",48935414289532439731114353764271826902281568694183435333420462436504905516861|1880871605050197452833694967021561941998274552082477432779484280751520890466,48935414289532439731114353764271826902281568694183435333420462436504905516861,Yes,True,0.24,5065.92,0.25,4495.75,0.245,0.010000000000000009,db87530147807d0f608e39163c36376b28da0fcb,0.01,5,0.240,138208.6255,1443.5973970000002
2026-03-09T00:49:30Z,UCL,235027,ucl-psg1-cfc1-2026-03-11,Paris Saint-Germain FC vs. Chelsea FC,2026-02-27T19:12:14.697273Z,1456060,ucl-psg1-cfc1-2026-03-11-draw,Will Paris Saint-Germain FC vs. Chelsea FC end in a draw?,0x743ea6cd76e117a6cee533f7c8fc6c4d36fef51cf37ac2d6114ebffaf7f851da,"[""48935414289532439731114353764271826902281568694183435333420462436504905516861"", ""1880871605050197452833694967021561941998274552082477432779484280751520890466""]",48935414289532439731114353764271826902281568694183435333420462436504905516861|1880871605050197452833694967021561941998274552082477432779484280751520890466,1880871605050197452833694967021561941998274552082477432779484280751520890466,No,True,0.75,4495.75,0.76,5065.92,0.755,0.010000000000000009,088267bdb42a855784d1189af6fada40862482ce,0.01,5,0.240,138208.6255,1443.5973970000002
2026-03-09T00:49:30Z,UCL,235027,ucl-psg1-cfc1-2026-03-11,Paris Saint-Germain FC vs. Chelsea FC,2026-02-27T19:12:14.697273Z,1456061,ucl-psg1-cfc1-2026-03-11-cfc1,Will Chelsea FC win on 2026-03-11?,0x1209cecae8cf9e969c3cb1e075e3b5e24745acff90d95bb7fa65223f26d5b4b4,"[""22494906137114031057068296666068951411502001148183329146074369867085092258559"", ""38724536228782798830253931124892495875603426663724643729016628461423652043404""]",22494906137114031057068296666068951411502001148183329146074369867085092258559|38724536228782798830253931124892495875603426663724643729016628461423652043404,22494906137114031057068296666068951411502001148183329146074369867085092258559,Yes,True,0.24,811.99,0.25,12003.96,0.245,0.010000000000000009,eb06d3092a28b1f17f3e630e94f4a3d5634d54c9,0.01,5,0.750,162598.6136,8744.963828
2026-03-09T00:49:30Z,UCL,235027,ucl-psg1-cfc1-2026-03-11,Paris Saint-Germain FC vs. Chelsea FC,2026-02-27T19:12:14.697273Z,1456061,ucl-psg1-cfc1-2026-03-11-cfc1,Will Chelsea FC win on 2026-03-11?,0x1209cecae8cf9e969c3cb1e075e3b5e24745acff90d95bb7fa65223f26d5b4b4,"[""22494906137114031057068296666068951411502001148183329146074369867085092258559"", ""38724536228782798830253931124892495875603426663724643729016628461423652043404""]",22494906137114031057068296666068951411502001148183329146074369867085092258559|38724536228782798830253931124892495875603426663724643729016628461423652043404,38724536228782798830253931124892495875603426663724643729016628461423652043404,No,True,0.75,12003.96,0.76,811.99,0.755,0.010000000000000009,e39c808ccd5b0083d54a9654b97b45b7caf70dd3,0.01,5,0.750,162598.6136,8744.963828
2026-03-09T00:49:30Z,UCL,235028,ucl-rma1-mnc1-2026-03-11,Real Madrid CF vs. Manchester City FC,2026-02-27T19:15:27.063937Z,1456062,ucl-rma1-mnc1-2026-03-11-rma1,Will Real Madrid CF win on 2026-03-11?,0x91c512d9857cd92ea3bb3aa60842de2bb4cb27c8120c389dcac68d6e862aa1dc,"[""56414504707422739955831237046661798725741455841321832950381253795907320301962"", ""9059451262741139509490538502038067211339010535712469618380604340564503672798""]",56414504707422739955831237046661798725741455841321832950381253795907320301962|9059451262741139509490538502038067211339010535712469618380604340564503672798,56414504707422739955831237046661798725741455841321832950381253795907320301962,Yes,True,0.27,18028.83,0.28,24803.34,0.275,0.010000000000000009,0d04f8fe4f10e52774045689d84724deabee8296,0.01,5,0.720,165704.6605,54258.585669000015
2026-03-09T00:49:30Z,UCL,235028,ucl-rma1-mnc1-2026-03-11,Real Madrid CF vs. Manchester City FC,2026-02-27T19:15:27.063937Z,1456062,ucl-rma1-mnc1-2026-03-11-rma1,Will Real Madrid CF win on 2026-03-11?,0x91c512d9857cd92ea3bb3aa60842de2bb4cb27c8120c389dcac68d6e862aa1dc,"[""56414504707422739955831237046661798725741455841321832950381253795907320301962"", ""9059451262741139509490538502038067211339010535712469618380604340564503672798""]",56414504707422739955831237046661798725741455841321832950381253795907320301962|9059451262741139509490538502038067211339010535712469618380604340564503672798,9059451262741139509490538502038067211339010535712469618380604340564503672798,No,True,0.72,24803.34,0.73,18028.83,0.725,0.010000000000000009,5387bc2bf014be601282ea6dd36847d6fd15e97b,0.01,5,0.720,165704.6605,54258.585669000015
2026-03-09T00:49:30Z,UCL,235028,ucl-rma1-mnc1-2026-03-11,Real Madrid CF vs. Manchester City FC,2026-02-27T19:15:27.063937Z,1456063,ucl-rma1-mnc1-2026-03-11-draw,Will Real Madrid CF vs. Manchester City FC end in a draw?,0x24ec942a07b3f6c8c471a4065e5336e9966ec2708e8b7750b828b5b7e6356394,"[""12952844210083483476815874086580111251733930248758116703419729064911896085257"", ""90672392462686151800182194402614022581111289390023255682249061039197357899272""]",12952844210083483476815874086580111251733930248758116703419729064911896085257|90672392462686151800182194402614022581111289390023255682249061039197357899272,12952844210083483476815874086580111251733930248758116703419729064911896085257,Yes,True,0.25,4180.15,0.26,7421.62,0.255,0.010000000000000009,cb1ab9655538db70a8665b4ab75cc48d75cfecb1,0.01,5,0.250,140211.1207,4524.728357000001
2026-03-09T00:49:30Z,UCL,235028,ucl-rma1-mnc1-2026-03-11,Real Madrid CF vs. Manchester City FC,2026-02-27T19:15:27.063937Z,1456063,ucl-rma1-mnc1-2026-03-11-draw,Will Real Madrid CF vs. Manchester City FC end in a draw?,0x24ec942a07b3f6c8c471a4065e5336e9966ec2708e8b7750b828b5b7e6356394,"[""12952844210083483476815874086580111251733930248758116703419729064911896085257"", ""90672392462686151800182194402614022581111289390023255682249061039197357899272""]",12952844210083483476815874086580111251733930248758116703419729064911896085257|90672392462686151800182194402614022581111289390023255682249061039197357899272,90672392462686151800182194402614022581111289390023255682249061039197357899272,No,True,0.74,7421.62,0.75,4180.15,0.745,0.010000000000000009,74bf257e9b0d4ac22abf54acc6af5c31af680d1a,0.01,5,0.250,140211.1207,4524.728357000001
2026-03-09T00:49:30Z,UCL,235028,ucl-rma1-mnc1-2026-03-11,Real Madrid CF vs. Manchester City FC,2026-02-27T19:15:27.063937Z,1456064,ucl-rma1-mnc1-2026-03-11-mnc1,Will Manchester City FC win on 2026-03-11?,0xa03d6082ec33a3784fe0ddf89ecd1b9876bf7da3cfc77492f6d4a5ad29c510d3,"[""89979996805911923791096926987781577238847862118033389912099366083297874091108"", ""26337290317778854828666808998234338064502712648502953475578825516607073043375""]",89979996805911923791096926987781577238847862118033389912099366083297874091108|26337290317778854828666808998234338064502712648502953475578825516607073043375,89979996805911923791096926987781577238847862118033389912099366083297874091108,Yes,True,0.47,7795.08,0.48,9957.36,0.475,0.010000000000000009,b338bebad6d224dd0c71a211e0698a4da0c28b53,0.01,5,0.480,166808.4723,89268.33096899996
2026-03-09T00:49:30Z,UCL,235028,ucl-rma1-mnc1-2026-03-11,Real Madrid CF vs. Manchester City FC,2026-02-27T19:15:27.063937Z,1456064,ucl-rma1-mnc1-2026-03-11-mnc1,Will Manchester City FC win on 2026-03-11?,0xa03d6082ec33a3784fe0ddf89ecd1b9876bf7da3cfc77492f6d4a5ad29c510d3,"[""89979996805911923791096926987781577238847862118033389912099366083297874091108"", ""26337290317778854828666808998234338064502712648502953475578825516607073043375""]",89979996805911923791096926987781577238847862118033389912099366083297874091108|26337290317778854828666808998234338064502712648502953475578825516607073043375,26337290317778854828666808998234338064502712648502953475578825516607073043375,No,True,0.52,9957.36,0.53,7795.08,0.525,0.010000000000000009,900ff16d9c4170734bf4154bf2262fa600a5c884,0.01,5,0.480,166808.4723,89268.33096899996
2026-03-09T00:49:30Z,UCL,235029,ucl-bog1-spo1-2026-03-11,FK Bodø/Glimt vs. Sporting CP,2026-02-27T19:15:27.062603Z,1456065,ucl-bog1-spo1-2026-03-11-bog1,Will FK Bodø/Glimt win on 2026-03-11?,0xa37f3ec6b264c2bc560c5e26af30ee8ffbd2216672c3f6001c79e7de2608e123,"[""105642351525574548787019501921139595763321668740836706330985285868847085510897"", ""59758613938864985056021573821549348105288872480469332190356719260343758638751""]",105642351525574548787019501921139595763321668740836706330985285868847085510897|59758613938864985056021573821549348105288872480469332190356719260343758638751,105642351525574548787019501921139595763321668740836706330985285868847085510897,Yes,True,0.38,3604.48,0.39,9957.3,0.385,0.010000000000000009,ad468880dbb8004922d6b33a4305cda2c16bb0bf,0.01,5,0.611,68934.7831,24144.273686000008
2026-03-09T00:49:30Z,UCL,235029,ucl-bog1-spo1-2026-03-11,FK Bodø/Glimt vs. Sporting CP,2026-02-27T19:15:27.062603Z,1456065,ucl-bog1-spo1-2026-03-11-bog1,Will FK Bodø/Glimt win on 2026-03-11?,0xa37f3ec6b264c2bc560c5e26af30ee8ffbd2216672c3f6001c79e7de2608e123,"[""105642351525574548787019501921139595763321668740836706330985285868847085510897"", ""59758613938864985056021573821549348105288872480469332190356719260343758638751""]",105642351525574548787019501921139595763321668740836706330985285868847085510897|59758613938864985056021573821549348105288872480469332190356719260343758638751,59758613938864985056021573821549348105288872480469332190356719260343758638751,No,True,0.61,9957.3,0.62,3604.48,0.615,0.010000000000000009,d97746978692bcb34a58c856dfbe91038c8c749e,0.01,5,0.611,68934.7831,24144.273686000008
2026-03-09T00:49:30Z,UCL,235029,ucl-bog1-spo1-2026-03-11,FK Bodø/Glimt vs. Sporting CP,2026-02-27T19:15:27.062603Z,1456066,ucl-bog1-spo1-2026-03-11-draw,Will FK Bodø/Glimt vs. Sporting CP end in a draw?,0x855c58a2761e898a9970bcabb0e2108981982558aa2d39f59af2ba968a3fe008,"[""36151514096235492244751523973781743025060456334563018686468463934059906306868"", ""96737103505214265635174116842860659597122114049692620471219340534625065781476""]",36151514096235492244751523973781743025060456334563018686468463934059906306868|96737103505214265635174116842860659597122114049692620471219340534625065781476,36151514096235492244751523973781743025060456334563018686468463934059906306868,Yes,True,0.25,8469.81,0.26,855.41,0.255,0.010000000000000009,b5204fdd8392868bd87022282e18f2552c0df0dc,0.01,5,0.250,38521.8026,1068.5143889999997
2026-03-09T00:49:30Z,UCL,235029,ucl-bog1-spo1-2026-03-11,FK Bodø/Glimt vs. Sporting CP,2026-02-27T19:15:27.062603Z,1456066,ucl-bog1-spo1-2026-03-11-draw,Will FK Bodø/Glimt vs. Sporting CP end in a draw?,0x855c58a2761e898a9970bcabb0e2108981982558aa2d39f59af2ba968a3fe008,"[""36151514096235492244751523973781743025060456334563018686468463934059906306868"", ""96737103505214265635174116842860659597122114049692620471219340534625065781476""]",36151514096235492244751523973781743025060456334563018686468463934059906306868|96737103505214265635174116842860659597122114049692620471219340534625065781476,96737103505214265635174116842860659597122114049692620471219340534625065781476,No,True,0.74,855.41,0.75,8469.81,0.745,0.010000000000000009,510a22d0db5c0da6fead8447a87a08b4eabcc0d7,0.01,5,0.250,38521.8026,1068.5143889999997
2026-03-09T00:49:30Z,UCL,235029,ucl-bog1-spo1-2026-03-11,FK Bodø/Glimt vs. Sporting CP,2026-02-27T19:15:27.062603Z,1456067,ucl-bog1-spo1-2026-03-11-spo1,Will Sporting CP win on 2026-03-11?,0x9020e29eac77bb6e2e790825646a3ff1a313630d589cf687006778c45f456f2b,"[""39634876643109174980883276044758329465017212890967252787072431524334274296593"", ""109272817187625512243087705056180429175256952385690724161301456209386145212884""]",39634876643109174980883276044758329465017212890967252787072431524334274296593|109272817187625512243087705056180429175256952385690724161301456209386145212884,39634876643109174980883276044758329465017212890967252787072431524334274296593,Yes,True,0.36,8244.24,0.37,10.0,0.365,0.010000000000000009,de5b162556097844585788d04112bb4a4d21aa44,0.01,5,0.640,26374.3357,4051.1429430000003
2026-03-09T00:49:30Z,UCL,235029,ucl-bog1-spo1-2026-03-11,FK Bodø/Glimt vs. Sporting CP,2026-02-27T19:15:27.062603Z,1456067,ucl-bog1-spo1-2026-03-11-spo1,Will Sporting CP win on 2026-03-11?,0x9020e29eac77bb6e2e790825646a3ff1a313630d589cf687006778c45f456f2b,"[""39634876643109174980883276044758329465017212890967252787072431524334274296593"", ""109272817187625512243087705056180429175256952385690724161301456209386145212884""]",39634876643109174980883276044758329465017212890967252787072431524334274296593|109272817187625512243087705056180429175256952385690724161301456209386145212884,109272817187625512243087705056180429175256952385690724161301456209386145212884,No,True,0.63,10.0,0.64,8244.24,0.635,0.010000000000000009,4f73bd3461a5005842ac71e18907883be7312adf,0.01,5,0.640,26374.3357,4051.1429430000003
2026-03-09T00:49:30Z,UCL,235048,ucl-bog1-spo1-2026-03-11-more-markets,FK Bodø/Glimt vs. Sporting CP - More Markets,2026-02-27T19:20:13.068769Z,1456116,ucl-bog1-spo1-2026-03-11-spread-home-1pt5,Spread: FK Bodø/Glimt (-1.5),0xa8ec45125a244eac931baf1888b5a2f7e172b83bd4fe78098b1c10f11ab1c91d,"[""41051799493668281143574703702984873301662987167640760518265296579883453027048"", ""70236907291350074231119168394952284983192860347442134426422761995542473717481""]",41051799493668281143574703702984873301662987167640760518265296579883453027048|70236907291350074231119168394952284983192860347442134426422761995542473717481,41051799493668281143574703702984873301662987167640760518265296579883453027048,FK Bodø/Glimt,True,0.16,253.2,0.21,196.0,0.185,0.04999999999999999,f626ef096675ae34093b502fcb73080a975bf89f,0.01,5,0.760,1145.4804,155
2026-03-09T00:49:30Z,UCL,235048,ucl-bog1-spo1-2026-03-11-more-markets,FK Bodø/Glimt vs. Sporting CP - More Markets,2026-02-27T19:20:13.068769Z,1456116,ucl-bog1-spo1-2026-03-11-spread-home-1pt5,Spread: FK Bodø/Glimt (-1.5),0xa8ec45125a244eac931baf1888b5a2f7e172b83bd4fe78098b1c10f11ab1c91d,"[""41051799493668281143574703702984873301662987167640760518265296579883453027048"", ""70236907291350074231119168394952284983192860347442134426422761995542473717481""]",41051799493668281143574703702984873301662987167640760518265296579883453027048|70236907291350074231119168394952284983192860347442134426422761995542473717481,70236907291350074231119168394952284983192860347442134426422761995542473717481,Sporting CP,True,0.79,196.0,0.84,253.2,0.815,0.04999999999999993,8914a337c0c61fe5e2eeeae35f7bebb51ac1c7ea,0.01,5,0.760,1145.4804,155
2026-03-09T00:49:30Z,UCL,235048,ucl-bog1-spo1-2026-03-11-more-markets,FK Bodø/Glimt vs. Sporting CP - More Markets,2026-02-27T19:20:13.068769Z,1456117,ucl-bog1-spo1-2026-03-11-spread-away-1pt5,Spread: Sporting CP (-1.5),0x46083706327913efdc5de4db515d643f7e6b5ec66775fbf3cbe51ed2de342cd6,"[""5159394617770795109981468242249989941999197352124617786058277855686779525424"", ""29667920039211438454164667230473485482738917612862173952504185977330302536215""]",5159394617770795109981468242249989941999197352124617786058277855686779525424|29667920039211438454164667230473485482738917612862173952504185977330302536215,5159394617770795109981468242249989941999197352124617786058277855686779525424,Sporting CP,True,0.15,260.0,0.2,31.0,0.175,0.05000000000000002,05bd2531598f2da66d9b6973cfbe446c540c1611,0.01,5,0.080,833.6673,13.510862
2026-03-09T00:49:30Z,UCL,235048,ucl-bog1-spo1-2026-03-11-more-markets,FK Bodø/Glimt vs. Sporting CP - More Markets,2026-02-27T19:20:13.068769Z,1456117,ucl-bog1-spo1-2026-03-11-spread-away-1pt5,Spread: Sporting CP (-1.5),0x46083706327913efdc5de4db515d643f7e6b5ec66775fbf3cbe51ed2de342cd6,"[""5159394617770795109981468242249989941999197352124617786058277855686779525424"", ""29667920039211438454164667230473485482738917612862173952504185977330302536215""]",5159394617770795109981468242249989941999197352124617786058277855686779525424|29667920039211438454164667230473485482738917612862173952504185977330302536215,29667920039211438454164667230473485482738917612862173952504185977330302536215,FK Bodø/Glimt,True,0.8,31.0,0.85,260.0,0.825,0.04999999999999993,a24c369c4f095e884664010428d4c5cf1a62bd0a,0.01,5,0.080,833.6673,13.510862
2026-03-09T00:49:30Z,UCL,235048,ucl-bog1-spo1-2026-03-11-more-markets,FK Bodø/Glimt vs. Sporting CP - More Markets,2026-02-27T19:20:13.068769Z,1456118,ucl-bog1-spo1-2026-03-11-spread-home-2pt5,Spread: FK Bodø/Glimt (-2.5),0xaae3b57b1d0079719f03d038099a385012bccd77c819b4688e4df501ab95d4f5,"[""103191239279883518806389314379895615311129414330176394616559988594369871692404"", ""80578915236547174261619453481830036670894928496759686278255772523955900248883""]",103191239279883518806389314379895615311129414330176394616559988594369871692404|80578915236547174261619453481830036670894928496759686278255772523955900248883,103191239279883518806389314379895615311129414330176394616559988594369871692404,FK Bodø/Glimt,True,0.05,30.0,0.09,223.0,0.07,0.039999999999999994,a4c0d1c55dfdd5b1e91867fac02af3a40211fd21,0.01,5,0.920,986.5503,785.9942050000001
2026-03-09T00:49:30Z,UCL,235048,ucl-bog1-spo1-2026-03-11-more-markets,FK Bodø/Glimt vs. Sporting CP - More Markets,2026-02-27T19:20:13.068769Z,1456118,ucl-bog1-spo1-2026-03-11-spread-home-2pt5,Spread: FK Bodø/Glimt (-2.5),0xaae3b57b1d0079719f03d038099a385012bccd77c819b4688e4df501ab95d4f5,"[""103191239279883518806389314379895615311129414330176394616559988594369871692404"", ""80578915236547174261619453481830036670894928496759686278255772523955900248883""]",103191239279883518806389314379895615311129414330176394616559988594369871692404|80578915236547174261619453481830036670894928496759686278255772523955900248883,80578915236547174261619453481830036670894928496759686278255772523955900248883,Sporting CP,True,0.91,223.0,0.95,30.0,0.9299999999999999,0.039999999999999925,fbf82307306676990f19ce6652121a93a6fc18d0,0.01,5,0.920,986.5503,785.9942050000001
2026-03-09T00:49:30Z,UCL,235048,ucl-bog1-spo1-2026-03-11-more-markets,FK Bodø/Glimt vs. Sporting CP - More Markets,2026-02-27T19:20:13.068769Z,1456119,ucl-bog1-spo1-2026-03-11-spread-away-2pt5,Spread: Sporting CP (-2.5),0x3aa19920d12b9a66e508f0a05c494914bcb7ada89dd50d5d285eeb673c4c56c6,"[""89788204995852530146636771594605377424390054909879487699009846321007786080776"", ""13915767812428506650108537250381166190019996065658990805574829589062846475819""]",89788204995852530146636771594605377424390054909879487699009846321007786080776|13915767812428506650108537250381166190019996065658990805574829589062846475819,89788204995852530146636771594605377424390054909879487699009846321007786080776,Sporting CP,True,0.07,30.0,0.11,382.47,0.09,0.039999999999999994,a1ed90e27d882ffbc00dd4324a0a2c77a55d96c9,0.01,5,0.870,936.2327,319.178858
2026-03-09T00:49:30Z,UCL,235048,ucl-bog1-spo1-2026-03-11-more-markets,FK Bodø/Glimt vs. Sporting CP - More Markets,2026-02-27T19:20:13.068769Z,1456119,ucl-bog1-spo1-2026-03-11-spread-away-2pt5,Spread: Sporting CP (-2.5),0x3aa19920d12b9a66e508f0a05c494914bcb7ada89dd50d5d285eeb673c4c56c6,"[""89788204995852530146636771594605377424390054909879487699009846321007786080776"", ""13915767812428506650108537250381166190019996065658990805574829589062846475819""]",89788204995852530146636771594605377424390054909879487699009846321007786080776|13915767812428506650108537250381166190019996065658990805574829589062846475819,13915767812428506650108537250381166190019996065658990805574829589062846475819,FK Bodø/Glimt,True,0.89,382.47,0.93,30.0,0.91,0.040000000000000036,446a010ae34c8ab94a787cf8d889d5b62cdd69b6,0.01,5,0.870,936.2327,319.178858
2026-03-09T00:49:30Z,UCL,235048,ucl-bog1-spo1-2026-03-11-more-markets,FK Bodø/Glimt vs. Sporting CP - More Markets,2026-02-27T19:20:13.068769Z,1456120,ucl-bog1-spo1-2026-03-11-total-1pt5,FK Bodø/Glimt vs. Sporting CP: O/U 1.5,0x30ed1a635b54f9a246631b8b81a5a3b03036e239f9a173fd526137f3b869cd3d,"[""71014947362286948477065358120660595728298333323706069514141471057604618393812"", ""92134536140181976853377185933229844016075740640332452305238018555191413359260""]",71014947362286948477065358120660595728298333323706069514141471057604618393812|92134536140181976853377185933229844016075740640332452305238018555191413359260,71014947362286948477065358120660595728298333323706069514141471057604618393812,Over,True,0.81,195.79,0.85,180.0,0.8300000000000001,0.039999999999999925,4e1b5d5d48d0439fbd2e3640545985f0d21cd13a,0.01,5,0.810,597.1848,82.285585
2026-03-09T00:49:30Z,UCL,235048,ucl-bog1-spo1-2026-03-11-more-markets,FK Bodø/Glimt vs. Sporting CP - More Markets,2026-02-27T19:20:13.068769Z,1456120,ucl-bog1-spo1-2026-03-11-total-1pt5,FK Bodø/Glimt vs. Sporting CP: O/U 1.5,0x30ed1a635b54f9a246631b8b81a5a3b03036e239f9a173fd526137f3b869cd3d,"[""71014947362286948477065358120660595728298333323706069514141471057604618393812"", ""92134536140181976853377185933229844016075740640332452305238018555191413359260""]",71014947362286948477065358120660595728298333323706069514141471057604618393812|92134536140181976853377185933229844016075740640332452305238018555191413359260,92134536140181976853377185933229844016075740640332452305238018555191413359260,Under,True,0.15,180.0,0.19,195.79,0.16999999999999998,0.04000000000000001,7a101797a7fe0f347215f7c831f0dd4663332e40,0.01,5,0.810,597.1848,82.285585
2026-03-09T00:49:30Z,UCL,235048,ucl-bog1-spo1-2026-03-11-more-markets,FK Bodø/Glimt vs. Sporting CP - More Markets,2026-02-27T19:20:13.068769Z,1456121,ucl-bog1-spo1-2026-03-11-total-2pt5,FK Bodø/Glimt vs. Sporting CP: O/U 2.5,0x7675e3c332b108e908c1417d9e7234bc4b44a765b617eefeb39ff7a131a44e34,"[""38430100299399958458973755430948807046445421155577475040493970038640671318457"", ""36236031648400305991157808711669068541161191458247592691782029806866760985749""]",38430100299399958458973755430948807046445421155577475040493970038640671318457|36236031648400305991157808711669068541161191458247592691782029806866760985749,38430100299399958458973755430948807046445421155577475040493970038640671318457,Over,True,0.6,8.19,0.61,1060.8,0.605,0.010000000000000009,4a61315c18d9e172ffa9263614152dfada511191,0.01,5,0.390,1881.9774,8.19672
2026-03-09T00:49:30Z,UCL,235048,ucl-bog1-spo1-2026-03-11-more-markets,FK Bodø/Glimt vs. Sporting CP - More Markets,2026-02-27T19:20:13.068769Z,1456121,ucl-bog1-spo1-2026-03-11-total-2pt5,FK Bodø/Glimt vs. Sporting CP: O/U 2.5,0x7675e3c332b108e908c1417d9e7234bc4b44a765b617eefeb39ff7a131a44e34,"[""38430100299399958458973755430948807046445421155577475040493970038640671318457"", ""36236031648400305991157808711669068541161191458247592691782029806866760985749""]",38430100299399958458973755430948807046445421155577475040493970038640671318457|36236031648400305991157808711669068541161191458247592691782029806866760985749,36236031648400305991157808711669068541161191458247592691782029806866760985749,Under,True,0.39,1060.8,0.4,8.19,0.395,0.010000000000000009,0a4cd98a3f824fcf8c10722f42a0acfc75080fc4,0.01,5,0.390,1881.9774,8.19672
2026-03-09T00:49:30Z,UCL,235048,ucl-bog1-spo1-2026-03-11-more-markets,FK Bodø/Glimt vs. Sporting CP - More Markets,2026-02-27T19:20:13.068769Z,1456122,ucl-bog1-spo1-2026-03-11-total-3pt5,FK Bodø/Glimt vs. Sporting CP: O/U 3.5,0x8991497d2806f8092697beefe0003afc9673733587ddeb51f7e5d0430f7ccacd,"[""69843139743132114893367449171955167328273933062187084980215118655469936680073"", ""100823657215820590013930385879163999605777820011188650780766730434028516886142""]",69843139743132114893367449171955167328273933062187084980215118655469936680073|100823657215820590013930385879163999605777820011188650780766730434028516886142,69843139743132114893367449171955167328273933062187084980215118655469936680073,Over,True,0.37,11.0,0.4,328.0,0.385,0.030000000000000027,49778d7acfebba914053174253d374c72439d464,0.01,5,,1582.0243,
2026-03-09T00:49:30Z,UCL,235048,ucl-bog1-spo1-2026-03-11-more-markets,FK Bodø/Glimt vs. Sporting CP - More Markets,2026-02-27T19:20:13.068769Z,1456122,ucl-bog1-spo1-2026-03-11-total-3pt5,FK Bodø/Glimt vs. Sporting CP: O/U 3.5,0x8991497d2806f8092697beefe0003afc9673733587ddeb51f7e5d0430f7ccacd,"[""69843139743132114893367449171955167328273933062187084980215118655469936680073"", ""100823657215820590013930385879163999605777820011188650780766730434028516886142""]",69843139743132114893367449171955167328273933062187084980215118655469936680073|100823657215820590013930385879163999605777820011188650780766730434028516886142,100823657215820590013930385879163999605777820011188650780766730434028516886142,Under,True,0.6,328.0,0.63,11.0,0.615,0.030000000000000027,92432d5c894f956ef7ea0b6c0bdec6bb1991f306,0.01,5,,1582.0243,
2026-03-09T00:49:30Z,UCL,235048,ucl-bog1-spo1-2026-03-11-more-markets,FK Bodø/Glimt vs. Sporting CP - More Markets,2026-02-27T19:20:13.068769Z,1456123,ucl-bog1-spo1-2026-03-11-total-4pt5,FK Bodø/Glimt vs. Sporting CP: O/U 4.5,0x3b877ed6fdbdddc702bdb5e2787bcecd75ec4c6b39c8176a1bb8c94cc298c52f,"[""98711200848834733036496655833544904839517745372799058742617983366845587959800"", ""61081523207686873355186387442688741476049793942652331008705079721601411283387""]",98711200848834733036496655833544904839517745372799058742617983366845587959800|61081523207686873355186387442688741476049793942652331008705079721601411283387,98711200848834733036496655833544904839517745372799058742617983366845587959800,Over,True,0.18,190.0,0.23,186.0,0.20500000000000002,0.05000000000000002,0eecfdad756d858bfb55af7d2aa0b756257776db,0.01,5,0.210,680.7145,13.43
2026-03-09T00:49:30Z,UCL,235048,ucl-bog1-spo1-2026-03-11-more-markets,FK Bodø/Glimt vs. Sporting CP - More Markets,2026-02-27T19:20:13.068769Z,1456123,ucl-bog1-spo1-2026-03-11-total-4pt5,FK Bodø/Glimt vs. Sporting CP: O/U 4.5,0x3b877ed6fdbdddc702bdb5e2787bcecd75ec4c6b39c8176a1bb8c94cc298c52f,"[""98711200848834733036496655833544904839517745372799058742617983366845587959800"", ""61081523207686873355186387442688741476049793942652331008705079721601411283387""]",98711200848834733036496655833544904839517745372799058742617983366845587959800|61081523207686873355186387442688741476049793942652331008705079721601411283387,61081523207686873355186387442688741476049793942652331008705079721601411283387,Under,True,0.77,186.0,0.82,190.0,0.7949999999999999,0.04999999999999993,55c944ff1e241880ab7a619f124e742c2712b8e6,0.01,5,0.210,680.7145,13.43
2026-03-09T00:49:30Z,UCL,235048,ucl-bog1-spo1-2026-03-11-more-markets,FK Bodø/Glimt vs. Sporting CP - More Markets,2026-02-27T19:20:13.068769Z,1456124,ucl-bog1-spo1-2026-03-11-btts,FK Bodø/Glimt vs. Sporting CP: Both Teams to Score,0x593d959c5425ac96c2d73b123829d175d3a83c4ba8f5eafd4ca473c543a01592,"[""25352145117725699424354423043546397525629648503306035916302424735004111865329"", ""107270480454746363670414867085509193819263859139571501672362130523801169882190""]",25352145117725699424354423043546397525629648503306035916302424735004111865329|107270480454746363670414867085509193819263859139571501672362130523801169882190,25352145117725699424354423043546397525629648503306035916302424735004111865329,Yes,True,0.62,7.0,0.64,298.43,0.63,0.020000000000000018,f3cc60408965a0ca24e595d18aefbaafee458bf0,0.01,5,0.360,2342.2691,
2026-03-09T00:49:30Z,UCL,235048,ucl-bog1-spo1-2026-03-11-more-markets,FK Bodø/Glimt vs. Sporting CP - More Markets,2026-02-27T19:20:13.068769Z,1456124,ucl-bog1-spo1-2026-03-11-btts,FK Bodø/Glimt vs. Sporting CP: Both Teams to Score,0x593d959c5425ac96c2d73b123829d175d3a83c4ba8f5eafd4ca473c543a01592,"[""25352145117725699424354423043546397525629648503306035916302424735004111865329"", ""107270480454746363670414867085509193819263859139571501672362130523801169882190""]",25352145117725699424354423043546397525629648503306035916302424735004111865329|107270480454746363670414867085509193819263859139571501672362130523801169882190,107270480454746363670414867085509193819263859139571501672362130523801169882190,No,True,0.36,298.43,0.38,7.0,0.37,0.020000000000000018,96f223e1ed87dac05299ae0bb37b96c1cd447393,0.01,5,0.360,2342.2691,
2026-03-09T00:49:30Z,UCL,235049,ucl-rma1-mnc1-2026-03-11-more-markets,Real Madrid CF vs. Manchester City FC - More Markets,2026-02-27T19:20:13.070762Z,1456132,ucl-rma1-mnc1-2026-03-11-total-4pt5,Real Madrid CF vs. Manchester City FC: O/U 4.5,0x774d0694ac83ebf90b6ac4aaf0b3b883818810f3026a17361c36099d9e8cc964,"[""12648300765037526682742216559299786417112915914580788257076453801534774210186"", ""51441681622875913609547553673717832132575884179846817735989476145722062818013""]",12648300765037526682742216559299786417112915914580788257076453801534774210186|51441681622875913609547553673717832132575884179846817735989476145722062818013,12648300765037526682742216559299786417112915914580788257076453801534774210186,Over,True,0.19,552.0,0.22,552.0,0.20500000000000002,0.03,499cb31d004865d18938ba71e1fbbf0c227599a8,0.01,5,0.780,4971.8028,425.91327600000005
2026-03-09T00:49:30Z,UCL,235049,ucl-rma1-mnc1-2026-03-11-more-markets,Real Madrid CF vs. Manchester City FC - More Markets,2026-02-27T19:20:13.070762Z,1456132,ucl-rma1-mnc1-2026-03-11-total-4pt5,Real Madrid CF vs. Manchester City FC: O/U 4.5,0x774d0694ac83ebf90b6ac4aaf0b3b883818810f3026a17361c36099d9e8cc964,"[""12648300765037526682742216559299786417112915914580788257076453801534774210186"", ""51441681622875913609547553673717832132575884179846817735989476145722062818013""]",12648300765037526682742216559299786417112915914580788257076453801534774210186|51441681622875913609547553673717832132575884179846817735989476145722062818013,51441681622875913609547553673717832132575884179846817735989476145722062818013,Under,True,0.78,552.0,0.81,552.0,0.795,0.030000000000000027,9366c5527629524363222c9556eba97d6d04cea1,0.01,5,0.780,4971.8028,425.91327600000005
2026-03-09T00:49:30Z,UCL,235049,ucl-rma1-mnc1-2026-03-11-more-markets,Real Madrid CF vs. Manchester City FC - More Markets,2026-02-27T19:20:13.070762Z,1456133,ucl-rma1-mnc1-2026-03-11-btts,Real Madrid CF vs. Manchester City FC: Both Teams to Score,0xfadf2e3da0fec344b8a846a91595c51185fdcf77f1eedcb7c807a0ba8fd086f3,"[""110096346874714774507024256207629069557504105312015361986992885541744629820515"", ""12420658014695274627783552106118147846977979359713605165580084046837961901672""]",110096346874714774507024256207629069557504105312015361986992885541744629820515|12420658014695274627783552106118147846977979359713605165580084046837961901672,110096346874714774507024256207629069557504105312015361986992885541744629820515,Yes,True,0.63,166.91,0.64,516.0,0.635,0.010000000000000009,44c11a05977bbacff8f768f87568f698ddd037e2,0.01,5,0.630,7490.6834,1764.740641
2026-03-09T00:49:30Z,UCL,235049,ucl-rma1-mnc1-2026-03-11-more-markets,Real Madrid CF vs. Manchester City FC - More Markets,2026-02-27T19:20:13.070762Z,1456133,ucl-rma1-mnc1-2026-03-11-btts,Real Madrid CF vs. Manchester City FC: Both Teams to Score,0xfadf2e3da0fec344b8a846a91595c51185fdcf77f1eedcb7c807a0ba8fd086f3,"[""110096346874714774507024256207629069557504105312015361986992885541744629820515"", ""12420658014695274627783552106118147846977979359713605165580084046837961901672""]",110096346874714774507024256207629069557504105312015361986992885541744629820515|12420658014695274627783552106118147846977979359713605165580084046837961901672,12420658014695274627783552106118147846977979359713605165580084046837961901672,No,True,0.36,516.0,0.37,166.91,0.365,0.010000000000000009,aac56130748fedf27b8728cd2c65cd6421b4edae,0.01,5,0.630,7490.6834,1764.740641
2026-03-09T00:49:30Z,UCL,235049,ucl-rma1-mnc1-2026-03-11-more-markets,Real Madrid CF vs. Manchester City FC - More Markets,2026-02-27T19:20:13.070762Z,1456125,ucl-rma1-mnc1-2026-03-11-spread-home-1pt5,Spread: Real Madrid CF (-1.5),0x722e89e76f860438bb969f5d5bcb51dc30b3f9a421657ccc34223af9a7f450cf,"[""95294892675856634298327852414585845962464910800183459800519170120186765707884"", ""105171508414143250514049563516151809790212451380342650387780475748374254277364""]",95294892675856634298327852414585845962464910800183459800519170120186765707884|105171508414143250514049563516151809790212451380342650387780475748374254277364,95294892675856634298327852414585845962464910800183459800519170120186765707884,Real Madrid CF,True,0.1,5.0,0.14,5.0,0.12000000000000001,0.04000000000000001,97265af26174b631088b76fb80a3b3ddd18406ee,0.01,5,,6530.8856,
2026-03-09T00:49:30Z,UCL,235049,ucl-rma1-mnc1-2026-03-11-more-markets,Real Madrid CF vs. Manchester City FC - More Markets,2026-02-27T19:20:13.070762Z,1456125,ucl-rma1-mnc1-2026-03-11-spread-home-1pt5,Spread: Real Madrid CF (-1.5),0x722e89e76f860438bb969f5d5bcb51dc30b3f9a421657ccc34223af9a7f450cf,"[""95294892675856634298327852414585845962464910800183459800519170120186765707884"", ""105171508414143250514049563516151809790212451380342650387780475748374254277364""]",95294892675856634298327852414585845962464910800183459800519170120186765707884|105171508414143250514049563516151809790212451380342650387780475748374254277364,105171508414143250514049563516151809790212451380342650387780475748374254277364,Manchester City FC,True,0.86,5.0,0.9,5.0,0.88,0.040000000000000036,71d186a8e1b7e0d3267596f8eceae0dba83b9d1e,0.01,5,,6530.8856,
2026-03-09T00:49:30Z,UCL,235049,ucl-rma1-mnc1-2026-03-11-more-markets,Real Madrid CF vs. Manchester City FC - More Markets,2026-02-27T19:20:13.070762Z,1456130,ucl-rma1-mnc1-2026-03-11-total-2pt5,Real Madrid CF vs. Manchester City FC: O/U 2.5,0x8acf968cf7c7e82544f16c927013bee915aead562ac9fbf2e77c8b1ed21cbe81,"[""25054039379354297052459863399811052835194121143120270705091628629333352934945"", ""95377666785916108267270283004445629398184641721742378178241287235728118540521""]",25054039379354297052459863399811052835194121143120270705091628629333352934945|95377666785916108267270283004445629398184641721742378178241287235728118540521,25054039379354297052459863399811052835194121143120270705091628629333352934945,Over,True,0.6,163.85,0.61,67.83,0.605,0.010000000000000009,f64726e90be87e7f58d3e0ad76ad81bfa789d4cb,0.01,5,0.610,5313.2139,528.0120239999999
2026-03-09T00:49:30Z,UCL,235049,ucl-rma1-mnc1-2026-03-11-more-markets,Real Madrid CF vs. Manchester City FC - More Markets,2026-02-27T19:20:13.070762Z,1456130,ucl-rma1-mnc1-2026-03-11-total-2pt5,Real Madrid CF vs. Manchester City FC: O/U 2.5,0x8acf968cf7c7e82544f16c927013bee915aead562ac9fbf2e77c8b1ed21cbe81,"[""25054039379354297052459863399811052835194121143120270705091628629333352934945"", ""95377666785916108267270283004445629398184641721742378178241287235728118540521""]",25054039379354297052459863399811052835194121143120270705091628629333352934945|95377666785916108267270283004445629398184641721742378178241287235728118540521,95377666785916108267270283004445629398184641721742378178241287235728118540521,Under,True,0.39,67.83,0.4,163.85,0.395,0.010000000000000009,397a9c409c243ca90d77f054d418504b2acaae6d,0.01,5,0.610,5313.2139,528.0120239999999
2026-03-09T00:49:30Z,UCL,235049,ucl-rma1-mnc1-2026-03-11-more-markets,Real Madrid CF vs. Manchester City FC - More Markets,2026-02-27T19:20:13.070762Z,1456131,ucl-rma1-mnc1-2026-03-11-total-3pt5,Real Madrid CF vs. Manchester City FC: O/U 3.5,0x0b864e4a1b17fed8ac9968a4dce10c33cd888cddcd0b28dc7e8040100396fa44,"[""35566953400412781180710113364315343406517931045592337116156120924504368472626"", ""100568022581469473701342028947878619981664916288738847678248687394962428494931""]",35566953400412781180710113364315343406517931045592337116156120924504368472626|100568022581469473701342028947878619981664916288738847678248687394962428494931,35566953400412781180710113364315343406517931045592337116156120924504368472626,Over,True,0.37,182.0,0.4,182.0,0.385,0.030000000000000027,fd36d72677c1afba27d9435626157496ad08c244,0.01,5,0.410,5911.4774,
2026-03-09T00:49:30Z,UCL,235049,ucl-rma1-mnc1-2026-03-11-more-markets,Real Madrid CF vs. Manchester City FC - More Markets,2026-02-27T19:20:13.070762Z,1456131,ucl-rma1-mnc1-2026-03-11-total-3pt5,Real Madrid CF vs. Manchester City FC: O/U 3.5,0x0b864e4a1b17fed8ac9968a4dce10c33cd888cddcd0b28dc7e8040100396fa44,"[""35566953400412781180710113364315343406517931045592337116156120924504368472626"", ""100568022581469473701342028947878619981664916288738847678248687394962428494931""]",35566953400412781180710113364315343406517931045592337116156120924504368472626|100568022581469473701342028947878619981664916288738847678248687394962428494931,100568022581469473701342028947878619981664916288738847678248687394962428494931,Under,True,0.6,182.0,0.63,182.0,0.615,0.030000000000000027,b530e5e72ba486cb4b21236378b616274023faed,0.01,5,0.410,5911.4774,
2026-03-09T00:49:30Z,UCL,235049,ucl-rma1-mnc1-2026-03-11-more-markets,Real Madrid CF vs. Manchester City FC - More Markets,2026-02-27T19:20:13.070762Z,1456126,ucl-rma1-mnc1-2026-03-11-spread-away-1pt5,Spread: Manchester City FC (-1.5),0xafefb6b740ef26a0a73e40bfe5a1522346dc15810b10d61cce480d1e8cf85655,"[""68326478527963239189797329890368396192385831007169518582196527604813913554207"", ""96625884663064282549535101405329323001941530839412712418721717592091174924726""]",68326478527963239189797329890368396192385831007169518582196527604813913554207|96625884663064282549535101405329323001941530839412712418721717592091174924726,68326478527963239189797329890368396192385831007169518582196527604813913554207,Manchester City FC,True,0.23,182.0,0.26,30.0,0.245,0.03,dd7c79aaa089218ef8308d7718062cbd9c516767,0.01,5,0.750,5740.7418,168.390423
2026-03-09T00:49:30Z,UCL,235049,ucl-rma1-mnc1-2026-03-11-more-markets,Real Madrid CF vs. Manchester City FC - More Markets,2026-02-27T19:20:13.070762Z,1456126,ucl-rma1-mnc1-2026-03-11-spread-away-1pt5,Spread: Manchester City FC (-1.5),0xafefb6b740ef26a0a73e40bfe5a1522346dc15810b10d61cce480d1e8cf85655,"[""68326478527963239189797329890368396192385831007169518582196527604813913554207"", ""96625884663064282549535101405329323001941530839412712418721717592091174924726""]",68326478527963239189797329890368396192385831007169518582196527604813913554207|96625884663064282549535101405329323001941530839412712418721717592091174924726,96625884663064282549535101405329323001941530839412712418721717592091174924726,Real Madrid CF,True,0.74,30.0,0.77,182.0,0.755,0.030000000000000027,f7fab98fcffa2541ebc188124dd2266b3e3893f3,0.01,5,0.750,5740.7418,168.390423
2026-03-09T00:49:30Z,UCL,235049,ucl-rma1-mnc1-2026-03-11-more-markets,Real Madrid CF vs. Manchester City FC - More Markets,2026-02-27T19:20:13.070762Z,1456128,ucl-rma1-mnc1-2026-03-11-spread-away-2pt5,Spread: Manchester City FC (-2.5),0xc26675a7ef69ca24bcff5b85718380d8ca5415e76d0b0dcee7fd0b98baaec3da,"[""10874253379751903437920412816205745980298483835957628257827717164768305140160"", ""71116991317024664582126701636301643005765291556619442743029151429833103344113""]",10874253379751903437920412816205745980298483835957628257827717164768305140160|71116991317024664582126701636301643005765291556619442743029151429833103344113,10874253379751903437920412816205745980298483835957628257827717164768305140160,Manchester City FC,True,0.08,152.0,0.14,152.0,0.11000000000000001,0.06000000000000001,f7bb660f39dbccbdc0e659da97b99abee0659324,0.01,5,0.890,4891.6136,
2026-03-09T00:49:30Z,UCL,235049,ucl-rma1-mnc1-2026-03-11-more-markets,Real Madrid CF vs. Manchester City FC - More Markets,2026-02-27T19:20:13.070762Z,1456128,ucl-rma1-mnc1-2026-03-11-spread-away-2pt5,Spread: Manchester City FC (-2.5),0xc26675a7ef69ca24bcff5b85718380d8ca5415e76d0b0dcee7fd0b98baaec3da,"[""10874253379751903437920412816205745980298483835957628257827717164768305140160"", ""71116991317024664582126701636301643005765291556619442743029151429833103344113""]",10874253379751903437920412816205745980298483835957628257827717164768305140160|71116991317024664582126701636301643005765291556619442743029151429833103344113,71116991317024664582126701636301643005765291556619442743029151429833103344113,Real Madrid CF,True,0.86,152.0,0.92,152.0,0.89,0.06000000000000005,68b7fed970229f5e80afeb5ca87a70897c04f805,0.01,5,0.890,4891.6136,
2026-03-09T00:49:30Z,UCL,235049,ucl-rma1-mnc1-2026-03-11-more-markets,Real Madrid CF vs. Manchester City FC - More Markets,2026-02-27T19:20:13.070762Z,1456127,ucl-rma1-mnc1-2026-03-11-spread-home-2pt5,Spread: Real Madrid CF (-2.5),0x9014bd31878eeca845a0c1b6142bea200ae67b6cd66e1923af4f901b6dee4b4a,"[""17706094093683231693031667797211239922327278134754221553008984204097780893891"", ""114445368625509208594125255719419057692289980478169100613229939774010194039647""]",17706094093683231693031667797211239922327278134754221553008984204097780893891|114445368625509208594125255719419057692289980478169100613229939774010194039647,17706094093683231693031667797211239922327278134754221553008984204097780893891,Real Madrid CF,True,0.02,517.16,0.06,14.19,0.04,0.039999999999999994,86af718983de78aeb807415f8fb973cba456e10d,0.01,5,0.030,2613.757,144.14915000000002
2026-03-09T00:49:30Z,UCL,235049,ucl-rma1-mnc1-2026-03-11-more-markets,Real Madrid CF vs. Manchester City FC - More Markets,2026-02-27T19:20:13.070762Z,1456127,ucl-rma1-mnc1-2026-03-11-spread-home-2pt5,Spread: Real Madrid CF (-2.5),0x9014bd31878eeca845a0c1b6142bea200ae67b6cd66e1923af4f901b6dee4b4a,"[""17706094093683231693031667797211239922327278134754221553008984204097780893891"", ""114445368625509208594125255719419057692289980478169100613229939774010194039647""]",17706094093683231693031667797211239922327278134754221553008984204097780893891|114445368625509208594125255719419057692289980478169100613229939774010194039647,114445368625509208594125255719419057692289980478169100613229939774010194039647,Manchester City FC,True,0.94,14.19,0.98,517.16,0.96,0.040000000000000036,fb604f83de4541a096f074d456c49c86eef89675,0.01,5,0.030,2613.757,144.14915000000002
2026-03-09T00:49:30Z,UCL,235049,ucl-rma1-mnc1-2026-03-11-more-markets,Real Madrid CF vs. Manchester City FC - More Markets,2026-02-27T19:20:13.070762Z,1456129,ucl-rma1-mnc1-2026-03-11-total-1pt5,Real Madrid CF vs. Manchester City FC: O/U 1.5,0x6dbfa1822ef28da7c25d28896957774a38ceb93cdad12f566dbbab9fa9a86cf8,"[""114214603218267022456846429777753843230819292121071205119292726906458676151417"", ""46305916066249574967965943094873262646307995728419846255000995234994656849313""]",114214603218267022456846429777753843230819292121071205119292726906458676151417|46305916066249574967965943094873262646307995728419846255000995234994656849313,114214603218267022456846429777753843230819292121071205119292726906458676151417,Over,True,0.81,182.0,0.84,513.0,0.825,0.029999999999999916,07774e51106df5c7da4a1572840735a2d3627d49,0.01,5,0.800,4858.8933,281.25
2026-03-09T00:49:30Z,UCL,235049,ucl-rma1-mnc1-2026-03-11-more-markets,Real Madrid CF vs. Manchester City FC - More Markets,2026-02-27T19:20:13.070762Z,1456129,ucl-rma1-mnc1-2026-03-11-total-1pt5,Real Madrid CF vs. Manchester City FC: O/U 1.5,0x6dbfa1822ef28da7c25d28896957774a38ceb93cdad12f566dbbab9fa9a86cf8,"[""114214603218267022456846429777753843230819292121071205119292726906458676151417"", ""46305916066249574967965943094873262646307995728419846255000995234994656849313""]",114214603218267022456846429777753843230819292121071205119292726906458676151417|46305916066249574967965943094873262646307995728419846255000995234994656849313,46305916066249574967965943094873262646307995728419846255000995234994656849313,Under,True,0.16,513.0,0.19,182.0,0.175,0.03,e4c3f1a15a3ef87d89ba7bf05011a9b49543cb3e,0.01,5,0.800,4858.8933,281.25
2026-03-09T00:49:30Z,UCL,235050,ucl-psg1-cfc1-2026-03-11-more-markets,Paris Saint-Germain FC vs. Chelsea FC - More Markets,2026-02-27T19:20:00.944372Z,1456134,ucl-psg1-cfc1-2026-03-11-spread-home-1pt5,Spread: Paris Saint-Germain FC (-1.5),0x067b56d1f663ad644b31ef7b9e2d43b093b514f66b66e0a163a1159bc2aa1e77,"[""113184242461438026712402898722636366167056620688763111685964495925719146387399"", ""69526164355030589891670366360263432322455811823090701076923914316468465504391""]",113184242461438026712402898722636366167056620688763111685964495925719146387399|69526164355030589891670366360263432322455811823090701076923914316468465504391,113184242461438026712402898722636366167056620688763111685964495925719146387399,Paris Saint-Germain FC,True,0.27,166.0,0.3,180.0,0.28500000000000003,0.02999999999999997,81a643102a7e892c604eaf62938b2c5584e2e437,0.01,5,,5622.5038,
2026-03-09T00:49:30Z,UCL,235050,ucl-psg1-cfc1-2026-03-11-more-markets,Paris Saint-Germain FC vs. Chelsea FC - More Markets,2026-02-27T19:20:00.944372Z,1456134,ucl-psg1-cfc1-2026-03-11-spread-home-1pt5,Spread: Paris Saint-Germain FC (-1.5),0x067b56d1f663ad644b31ef7b9e2d43b093b514f66b66e0a163a1159bc2aa1e77,"[""113184242461438026712402898722636366167056620688763111685964495925719146387399"", ""69526164355030589891670366360263432322455811823090701076923914316468465504391""]",113184242461438026712402898722636366167056620688763111685964495925719146387399|69526164355030589891670366360263432322455811823090701076923914316468465504391,69526164355030589891670366360263432322455811823090701076923914316468465504391,Chelsea FC,True,0.7,180.0,0.73,166.0,0.715,0.030000000000000027,6d6907abbe065c5a7a73c08ca098e535e48983bf,0.01,5,,5622.5038,
2026-03-09T00:49:30Z,UCL,235050,ucl-psg1-cfc1-2026-03-11-more-markets,Paris Saint-Germain FC vs. Chelsea FC - More Markets,2026-02-27T19:20:00.944372Z,1456135,ucl-psg1-cfc1-2026-03-11-spread-away-1pt5,Spread: Chelsea FC (-1.5),0xa35464ad50d4e3fbd708690aa3867e6fbb1b343583c6920f5f5c91cc4d18ae3b,"[""24975970479419041945673400273250921892775989961461727855040379194923255233202"", ""67559697809916899834307315650158931826361815754675354938442319011232895413554""]",24975970479419041945673400273250921892775989961461727855040379194923255233202|67559697809916899834307315650158931826361815754675354938442319011232895413554,24975970479419041945673400273250921892775989961461727855040379194923255233202,Chelsea FC,True,0.07,180.0,0.12,181.0,0.095,0.04999999999999999,d071e2292299ca65ced104c9f4d44010a6a4d75c,0.01,5,0.870,4487.5838,199
2026-03-09T00:49:30Z,UCL,235050,ucl-psg1-cfc1-2026-03-11-more-markets,Paris Saint-Germain FC vs. Chelsea FC - More Markets,2026-02-27T19:20:00.944372Z,1456135,ucl-psg1-cfc1-2026-03-11-spread-away-1pt5,Spread: Chelsea FC (-1.5),0xa35464ad50d4e3fbd708690aa3867e6fbb1b343583c6920f5f5c91cc4d18ae3b,"[""24975970479419041945673400273250921892775989961461727855040379194923255233202"", ""67559697809916899834307315650158931826361815754675354938442319011232895413554""]",24975970479419041945673400273250921892775989961461727855040379194923255233202|67559697809916899834307315650158931826361815754675354938442319011232895413554,67559697809916899834307315650158931826361815754675354938442319011232895413554,Paris Saint-Germain FC,True,0.88,181.0,0.93,180.0,0.905,0.050000000000000044,e6ff994916dfdd985ed6ef24fe6fcebe982bdcee,0.01,5,0.870,4487.5838,199
2026-03-09T00:49:30Z,UCL,235050,ucl-psg1-cfc1-2026-03-11-more-markets,Paris Saint-Germain FC vs. Chelsea FC - More Markets,2026-02-27T19:20:00.944372Z,1456136,ucl-psg1-cfc1-2026-03-11-spread-home-2pt5,Spread: Paris Saint-Germain FC (-2.5),0x774d43531d24357fbed733b8a4f9e2369e740243c1acd2b283afd7d854b9eae8,"[""18900874697434430577790715357670351650372238319152011603523859975041324196468"", ""96468430571751135074057610140199634942423691361445938382950109832058640088883""]",18900874697434430577790715357670351650372238319152011603523859975041324196468|96468430571751135074057610140199634942423691361445938382950109832058640088883,18900874697434430577790715357670351650372238319152011603523859975041324196468,Paris Saint-Germain FC,True,0.12,150.0,0.16,7.16,0.14,0.04000000000000001,8f44ea8843da2d80954abc0b8fce7afdb71f7b92,0.01,5,0.170,4691.4421,
2026-03-09T00:49:30Z,UCL,235050,ucl-psg1-cfc1-2026-03-11-more-markets,Paris Saint-Germain FC vs. Chelsea FC - More Markets,2026-02-27T19:20:00.944372Z,1456136,ucl-psg1-cfc1-2026-03-11-spread-home-2pt5,Spread: Paris Saint-Germain FC (-2.5),0x774d43531d24357fbed733b8a4f9e2369e740243c1acd2b283afd7d854b9eae8,"[""18900874697434430577790715357670351650372238319152011603523859975041324196468"", ""96468430571751135074057610140199634942423691361445938382950109832058640088883""]",18900874697434430577790715357670351650372238319152011603523859975041324196468|96468430571751135074057610140199634942423691361445938382950109832058640088883,96468430571751135074057610140199634942423691361445938382950109832058640088883,Chelsea FC,True,0.84,7.16,0.88,150.0,0.86,0.040000000000000036,35b6510d3588920e61f24905d7377c2ebbf60763,0.01,5,0.170,4691.4421,
2026-03-09T00:49:30Z,UCL,235050,ucl-psg1-cfc1-2026-03-11-more-markets,Paris Saint-Germain FC vs. Chelsea FC - More Markets,2026-02-27T19:20:00.944372Z,1456137,ucl-psg1-cfc1-2026-03-11-spread-away-2pt5,Spread: Chelsea FC (-2.5),0xe74aa0ffcf6acdc9a5a6d1ccf083b135dcd629374697425faf7e2f062fd9ef0a,"[""34346284390399459731904721091938690176629830750791079270773302878915416853217"", ""86163297592209121782255892733994645674718362345430560563350079985329879216505""]",34346284390399459731904721091938690176629830750791079270773302878915416853217|86163297592209121782255892733994645674718362345430560563350079985329879216505,34346284390399459731904721091938690176629830750791079270773302878915416853217,Chelsea FC,True,0.03,0.45,0.049,13.73,0.0395,0.019000000000000003,376e1568611baf1107ddefbf6fbebf6b8a065588,0.001,5,0.030,1007.06986,165.524933
2026-03-09T00:49:30Z,UCL,235050,ucl-psg1-cfc1-2026-03-11-more-markets,Paris Saint-Germain FC vs. Chelsea FC - More Markets,2026-02-27T19:20:00.944372Z,1456137,ucl-psg1-cfc1-2026-03-11-spread-away-2pt5,Spread: Chelsea FC (-2.5),0xe74aa0ffcf6acdc9a5a6d1ccf083b135dcd629374697425faf7e2f062fd9ef0a,"[""34346284390399459731904721091938690176629830750791079270773302878915416853217"", ""86163297592209121782255892733994645674718362345430560563350079985329879216505""]",34346284390399459731904721091938690176629830750791079270773302878915416853217|86163297592209121782255892733994645674718362345430560563350079985329879216505,86163297592209121782255892733994645674718362345430560563350079985329879216505,Paris Saint-Germain FC,True,0.951,13.73,0.97,0.45,0.9604999999999999,0.019000000000000017,0fbe21d0c02a05ed5ad6beee132de25beb7107b0,0.001,5,0.030,1007.06986,165.524933
2026-03-09T00:49:30Z,UCL,235050,ucl-psg1-cfc1-2026-03-11-more-markets,Paris Saint-Germain FC vs. Chelsea FC - More Markets,2026-02-27T19:20:00.944372Z,1456138,ucl-psg1-cfc1-2026-03-11-total-1pt5,Paris Saint-Germain FC vs. Chelsea FC: O/U 1.5,0x250ace781112936d8ef3e9178bc99b48a1d41eba40fa1790ed12b7369a1f67fd,"[""11022737055788612334422261706462148247982465830654500361615539100479080820055"", ""612722523847592413254637841461889422213192126804957648090769693965636923050""]",11022737055788612334422261706462148247982465830654500361615539100479080820055|612722523847592413254637841461889422213192126804957648090769693965636923050,11022737055788612334422261706462148247982465830654500361615539100479080820055,Over,True,0.81,181.0,0.85,181.0,0.8300000000000001,0.039999999999999925,2af0de13eea5ccde5e54a8b307b353458a23b7b6,0.01,5,0.810,1191.9175,68.630358
2026-03-09T00:49:30Z,UCL,235050,ucl-psg1-cfc1-2026-03-11-more-markets,Paris Saint-Germain FC vs. Chelsea FC - More Markets,2026-02-27T19:20:00.944372Z,1456138,ucl-psg1-cfc1-2026-03-11-total-1pt5,Paris Saint-Germain FC vs. Chelsea FC: O/U 1.5,0x250ace781112936d8ef3e9178bc99b48a1d41eba40fa1790ed12b7369a1f67fd,"[""11022737055788612334422261706462148247982465830654500361615539100479080820055"", ""612722523847592413254637841461889422213192126804957648090769693965636923050""]",11022737055788612334422261706462148247982465830654500361615539100479080820055|612722523847592413254637841461889422213192126804957648090769693965636923050,612722523847592413254637841461889422213192126804957648090769693965636923050,Under,True,0.15,181.0,0.19,181.0,0.16999999999999998,0.04000000000000001,d9fe0998cd40942dbec6b7f65d0020a28ed3c3cc,0.01,5,0.810,1191.9175,68.630358
2026-03-09T00:49:30Z,UCL,235050,ucl-psg1-cfc1-2026-03-11-more-markets,Paris Saint-Germain FC vs. Chelsea FC - More Markets,2026-02-27T19:20:00.944372Z,1456139,ucl-psg1-cfc1-2026-03-11-total-2pt5,Paris Saint-Germain FC vs. Chelsea FC: O/U 2.5,0x54988b35e95e64d5f6fe556fce445ab75abcba36b234d9b80929962a50fcecb5,"[""51163740117618802730225984144513606860232684912602196700970456208061637922842"", ""10372609788252341710593787422215316147612412797414769769610914293138870138134""]",51163740117618802730225984144513606860232684912602196700970456208061637922842|10372609788252341710593787422215316147612412797414769769610914293138870138134,51163740117618802730225984144513606860232684912602196700970456208061637922842,Over,True,0.6,151.0,0.62,1339.0,0.61,0.020000000000000018,e529479b3447dac82af70c33a3f7ba6342f319c7,0.01,5,,5848.1668,
2026-03-09T00:49:30Z,UCL,235050,ucl-psg1-cfc1-2026-03-11-more-markets,Paris Saint-Germain FC vs. Chelsea FC - More Markets,2026-02-27T19:20:00.944372Z,1456139,ucl-psg1-cfc1-2026-03-11-total-2pt5,Paris Saint-Germain FC vs. Chelsea FC: O/U 2.5,0x54988b35e95e64d5f6fe556fce445ab75abcba36b234d9b80929962a50fcecb5,"[""51163740117618802730225984144513606860232684912602196700970456208061637922842"", ""10372609788252341710593787422215316147612412797414769769610914293138870138134""]",51163740117618802730225984144513606860232684912602196700970456208061637922842|10372609788252341710593787422215316147612412797414769769610914293138870138134,10372609788252341710593787422215316147612412797414769769610914293138870138134,Under,True,0.38,1339.0,0.4,151.0,0.39,0.020000000000000018,911837063fa4d1cb8c12ce94e16cdbb7bca53220,0.01,5,,5848.1668,
2026-03-09T00:49:30Z,UCL,235050,ucl-psg1-cfc1-2026-03-11-more-markets,Paris Saint-Germain FC vs. Chelsea FC - More Markets,2026-02-27T19:20:00.944372Z,1456140,ucl-psg1-cfc1-2026-03-11-total-3pt5,Paris Saint-Germain FC vs. Chelsea FC: O/U 3.5,0x2014351824aa8679b71d337e7578c9ff1c052bd33b2d8532cf77630d1acab0a7,"[""44441813604268751649196609884244899161954852206252846558823032618962822454006"", ""40695366455220083960262223018219447906806839104921180966818206445329468498294""]",44441813604268751649196609884244899161954852206252846558823032618962822454006|40695366455220083960262223018219447906806839104921180966818206445329468498294,44441813604268751649196609884244899161954852206252846558823032618962822454006,Over,True,0.38,300.0,0.4,558.0,0.39,0.020000000000000018,0fffd3629b30e251186c27f049e1492ca4699e4e,0.01,5,,5716.2978,
2026-03-09T00:49:30Z,UCL,235050,ucl-psg1-cfc1-2026-03-11-more-markets,Paris Saint-Germain FC vs. Chelsea FC - More Markets,2026-02-27T19:20:00.944372Z,1456140,ucl-psg1-cfc1-2026-03-11-total-3pt5,Paris Saint-Germain FC vs. Chelsea FC: O/U 3.5,0x2014351824aa8679b71d337e7578c9ff1c052bd33b2d8532cf77630d1acab0a7,"[""44441813604268751649196609884244899161954852206252846558823032618962822454006"", ""40695366455220083960262223018219447906806839104921180966818206445329468498294""]",44441813604268751649196609884244899161954852206252846558823032618962822454006|40695366455220083960262223018219447906806839104921180966818206445329468498294,40695366455220083960262223018219447906806839104921180966818206445329468498294,Under,True,0.6,558.0,0.62,300.0,0.61,0.020000000000000018,ede9a8e1a2a9ed2782fdd95cb405f42efc5e8d7c,0.01,5,,5716.2978,
2026-03-09T00:49:30Z,UCL,235050,ucl-psg1-cfc1-2026-03-11-more-markets,Paris Saint-Germain FC vs. Chelsea FC - More Markets,2026-02-27T19:20:00.944372Z,1456141,ucl-psg1-cfc1-2026-03-11-total-4pt5,Paris Saint-Germain FC vs. Chelsea FC: O/U 4.5,0x2450d632d2ee0e92814fabe7b54a53619f6593ecc6750be174613414d66e7782,"[""18815775308774514457199651229208992481739573433314766061072405203292330517538"", ""66501932418049816462863646602903592232842877054332112172530206941179957435403""]",18815775308774514457199651229208992481739573433314766061072405203292330517538|66501932418049816462863646602903592232842877054332112172530206941179957435403,18815775308774514457199651229208992481739573433314766061072405203292330517538,Over,True,0.18,550.0,0.21,6.3,0.195,0.03,6bd7ca3903a438778beac31285bca1b17a4f2f05,0.01,5,0.200,1297.2279,10.884
2026-03-09T00:49:30Z,UCL,235050,ucl-psg1-cfc1-2026-03-11-more-markets,Paris Saint-Germain FC vs. Chelsea FC - More Markets,2026-02-27T19:20:00.944372Z,1456141,ucl-psg1-cfc1-2026-03-11-total-4pt5,Paris Saint-Germain FC vs. Chelsea FC: O/U 4.5,0x2450d632d2ee0e92814fabe7b54a53619f6593ecc6750be174613414d66e7782,"[""18815775308774514457199651229208992481739573433314766061072405203292330517538"", ""66501932418049816462863646602903592232842877054332112172530206941179957435403""]",18815775308774514457199651229208992481739573433314766061072405203292330517538|66501932418049816462863646602903592232842877054332112172530206941179957435403,66501932418049816462863646602903592232842877054332112172530206941179957435403,Under,True,0.79,6.3,0.82,550.0,0.8049999999999999,0.029999999999999916,a54c17eba43ee5ec1b2827aee1ca6fa1ddee5daf,0.01,5,0.200,1297.2279,10.884
2026-03-09T00:49:30Z,UCL,235050,ucl-psg1-cfc1-2026-03-11-more-markets,Paris Saint-Germain FC vs. Chelsea FC - More Markets,2026-02-27T19:20:00.944372Z,1456142,ucl-psg1-cfc1-2026-03-11-btts,Paris Saint-Germain FC vs. Chelsea FC: Both Teams to Score,0x56a1b248d187eaf5fea2b406ea137653090bd461f8ffe8f015c55899d00ea0b1,"[""40593098071705832597618343728138618579772935948563731641119134914313215892726"", ""92261266825931985331123140703665271570911219167570048186849129680622070348776""]",40593098071705832597618343728138618579772935948563731641119134914313215892726|92261266825931985331123140703665271570911219167570048186849129680622070348776,40593098071705832597618343728138618579772935948563731641119134914313215892726,Yes,True,0.61,173.29,0.62,120.0,0.615,0.010000000000000009,de57c2ba134c222922e13c3f24bd1d34bac482a5,0.01,5,0.610,6773.6947,288.612272
2026-03-09T00:49:30Z,UCL,235050,ucl-psg1-cfc1-2026-03-11-more-markets,Paris Saint-Germain FC vs. Chelsea FC - More Markets,2026-02-27T19:20:00.944372Z,1456142,ucl-psg1-cfc1-2026-03-11-btts,Paris Saint-Germain FC vs. Chelsea FC: Both Teams to Score,0x56a1b248d187eaf5fea2b406ea137653090bd461f8ffe8f015c55899d00ea0b1,"[""40593098071705832597618343728138618579772935948563731641119134914313215892726"", ""92261266825931985331123140703665271570911219167570048186849129680622070348776""]",40593098071705832597618343728138618579772935948563731641119134914313215892726|92261266825931985331123140703665271570911219167570048186849129680622070348776,92261266825931985331123140703665271570911219167570048186849129680622070348776,No,True,0.38,120.0,0.39,173.29,0.385,0.010000000000000009,65cb5beab9b8f9c63ab7bb95c0e8b59160d42123,0.01,5,0.610,6773.6947,288.612272
2026-03-09T00:49:30Z,UCL,235051,ucl-lev-ars-2026-03-11-more-markets,Bayer 04 Leverkusen vs. Arsenal FC - More Markets,2026-02-27T19:20:00.933542Z,1456143,ucl-lev-ars-2026-03-11-spread-home-1pt5,Spread: Bayer 04 Leverkusen (-1.5),0x60e06b8cb49b238b009da3fa4212f77946ff4a23882c3421dcef60be4071c6cc,"[""45166626971028860130322241491115972306052152355963148309707363365815842442205"", ""6762632638147412200188739884538584760384783022472806045488876891003764924526""]",45166626971028860130322241491115972306052152355963148309707363365815842442205|6762632638147412200188739884538584760384783022472806045488876891003764924526,45166626971028860130322241491115972306052152355963148309707363365815842442205,Bayer 04 Leverkusen,True,0.04,84.79,0.05,26.1,0.045,0.010000000000000002,c6d33e5fd8292e47de8be0cd3f74f0a777d21aef,0.01,5,0.040,2724.5223,437.42061999999993
2026-03-09T00:49:30Z,UCL,235051,ucl-lev-ars-2026-03-11-more-markets,Bayer 04 Leverkusen vs. Arsenal FC - More Markets,2026-02-27T19:20:00.933542Z,1456143,ucl-lev-ars-2026-03-11-spread-home-1pt5,Spread: Bayer 04 Leverkusen (-1.5),0x60e06b8cb49b238b009da3fa4212f77946ff4a23882c3421dcef60be4071c6cc,"[""45166626971028860130322241491115972306052152355963148309707363365815842442205"", ""6762632638147412200188739884538584760384783022472806045488876891003764924526""]",45166626971028860130322241491115972306052152355963148309707363365815842442205|6762632638147412200188739884538584760384783022472806045488876891003764924526,6762632638147412200188739884538584760384783022472806045488876891003764924526,Arsenal FC,True,0.95,26.1,0.96,84.79,0.955,0.010000000000000009,25c4d13ef21814b34389a8cfde7abacbe7284ccc,0.01,5,0.040,2724.5223,437.42061999999993
2026-03-09T00:49:30Z,UCL,235051,ucl-lev-ars-2026-03-11-more-markets,Bayer 04 Leverkusen vs. Arsenal FC - More Markets,2026-02-27T19:20:00.933542Z,1456144,ucl-lev-ars-2026-03-11-spread-away-1pt5,Spread: Arsenal FC (-1.5),0xce281ebd8a58feb902edbb2bea33f4323dbf38999f414eadf36bb1161207ac78,"[""34265919528996333068335220971270535895715759910581458127800028469607707223873"", ""88252107561591534872306825018999813507678513269504976285596400837197629177773""]",34265919528996333068335220971270535895715759910581458127800028469607707223873|88252107561591534872306825018999813507678513269504976285596400837197629177773,34265919528996333068335220971270535895715759910581458127800028469607707223873,Arsenal FC,True,0.35,12.0,0.38,458.0,0.365,0.030000000000000027,870eb70a07421de98223e951b821f3e4ff4a9aa7,0.01,5,0.660,6959.0419,211.32046200000005
2026-03-09T00:49:30Z,UCL,235051,ucl-lev-ars-2026-03-11-more-markets,Bayer 04 Leverkusen vs. Arsenal FC - More Markets,2026-02-27T19:20:00.933542Z,1456144,ucl-lev-ars-2026-03-11-spread-away-1pt5,Spread: Arsenal FC (-1.5),0xce281ebd8a58feb902edbb2bea33f4323dbf38999f414eadf36bb1161207ac78,"[""34265919528996333068335220971270535895715759910581458127800028469607707223873"", ""88252107561591534872306825018999813507678513269504976285596400837197629177773""]",34265919528996333068335220971270535895715759910581458127800028469607707223873|88252107561591534872306825018999813507678513269504976285596400837197629177773,88252107561591534872306825018999813507678513269504976285596400837197629177773,Bayer 04 Leverkusen,True,0.62,458.0,0.65,12.0,0.635,0.030000000000000027,89192110ca83498178ee64bccc9ca3aaf9dba9c4,0.01,5,0.660,6959.0419,211.32046200000005
2026-03-09T00:49:30Z,UCL,235051,ucl-lev-ars-2026-03-11-more-markets,Bayer 04 Leverkusen vs. Arsenal FC - More Markets,2026-02-27T19:20:00.933542Z,1456145,ucl-lev-ars-2026-03-11-spread-home-2pt5,Spread: Bayer 04 Leverkusen (-2.5),0x14bce1a001f0b134859dbda52a4e649c2e92f007a66b375f6326a65cd744350b,"[""42324236687644998003189484126798631451033192872127385986747770077693206095364"", ""32431113708819037391836508274834746340989376805318047720250514977072233794987""]",42324236687644998003189484126798631451033192872127385986747770077693206095364|32431113708819037391836508274834746340989376805318047720250514977072233794987,42324236687644998003189484126798631451033192872127385986747770077693206095364,Bayer 04 Leverkusen,True,0.01,166.6,0.025,500.0,0.0175,0.015000000000000001,4954bf5b780fa25ff37a4d950a8f1a93e16f5df2,0.001,5,0.011,1483.69872,456.1845749999999
2026-03-09T00:49:30Z,UCL,235051,ucl-lev-ars-2026-03-11-more-markets,Bayer 04 Leverkusen vs. Arsenal FC - More Markets,2026-02-27T19:20:00.933542Z,1456145,ucl-lev-ars-2026-03-11-spread-home-2pt5,Spread: Bayer 04 Leverkusen (-2.5),0x14bce1a001f0b134859dbda52a4e649c2e92f007a66b375f6326a65cd744350b,"[""42324236687644998003189484126798631451033192872127385986747770077693206095364"", ""32431113708819037391836508274834746340989376805318047720250514977072233794987""]",42324236687644998003189484126798631451033192872127385986747770077693206095364|32431113708819037391836508274834746340989376805318047720250514977072233794987,32431113708819037391836508274834746340989376805318047720250514977072233794987,Arsenal FC,True,0.975,500.0,0.99,166.6,0.9824999999999999,0.015000000000000013,a8e6c67e007e748e839915fe9cbf8f8ce43a3fed,0.001,5,0.011,1483.69872,456.1845749999999
2026-03-09T00:49:30Z,UCL,235051,ucl-lev-ars-2026-03-11-more-markets,Bayer 04 Leverkusen vs. Arsenal FC - More Markets,2026-02-27T19:20:00.933542Z,1456146,ucl-lev-ars-2026-03-11-spread-away-2pt5,Spread: Arsenal FC (-2.5),0xdaa357d12e0fb18e40724740e481f381d3e5f6b441aa319075333027fadc18cc,"[""53532453333733675313031933751897513086320510159598741027603160061224003563257"", ""81797835769861561791290830992438034452695900396198785798646701910398592890440""]",53532453333733675313031933751897513086320510159598741027603160061224003563257|81797835769861561791290830992438034452695900396198785798646701910398592890440,53532453333733675313031933751897513086320510159598741027603160061224003563257,Arsenal FC,True,0.12,105.0,0.19,5.0,0.155,0.07,6e716aa40ae024428a53e64c4fc4f61607fbdfed,0.01,5,,4675.0067,
2026-03-09T00:49:30Z,UCL,235051,ucl-lev-ars-2026-03-11-more-markets,Bayer 04 Leverkusen vs. Arsenal FC - More Markets,2026-02-27T19:20:00.933542Z,1456146,ucl-lev-ars-2026-03-11-spread-away-2pt5,Spread: Arsenal FC (-2.5),0xdaa357d12e0fb18e40724740e481f381d3e5f6b441aa319075333027fadc18cc,"[""53532453333733675313031933751897513086320510159598741027603160061224003563257"", ""81797835769861561791290830992438034452695900396198785798646701910398592890440""]",53532453333733675313031933751897513086320510159598741027603160061224003563257|81797835769861561791290830992438034452695900396198785798646701910398592890440,81797835769861561791290830992438034452695900396198785798646701910398592890440,Bayer 04 Leverkusen,True,0.81,5.0,0.88,105.0,0.845,0.06999999999999995,0df9ff5634f2b95de9333f4870221fc8e6c7b56c,0.01,5,,4675.0067,
2026-03-09T00:49:30Z,UCL,235051,ucl-lev-ars-2026-03-11-more-markets,Bayer 04 Leverkusen vs. Arsenal FC - More Markets,2026-02-27T19:20:00.933542Z,1456147,ucl-lev-ars-2026-03-11-total-1pt5,Bayer 04 Leverkusen vs. Arsenal FC: O/U 1.5,0xc522f65141a3bb24fedce54c9b159d4aca8a75951e7adfdd939992b0ef77c497,"[""67672841989940752102702275884077573008012193051028410856420649989925057191250"", ""59579362113079556785974070867079743909298612468748084463979880178623414793180""]",67672841989940752102702275884077573008012193051028410856420649989925057191250|59579362113079556785974070867079743909298612468748084463979880178623414793180,67672841989940752102702275884077573008012193051028410856420649989925057191250,Over,True,0.73,886.0,0.76,195.0,0.745,0.030000000000000027,bde4035f4df9f4bf1c8cd4e7657bba527ec1275a,0.01,5,0.230,11213.1467,418.60430999999994
2026-03-09T00:49:30Z,UCL,235051,ucl-lev-ars-2026-03-11-more-markets,Bayer 04 Leverkusen vs. Arsenal FC - More Markets,2026-02-27T19:20:00.933542Z,1456147,ucl-lev-ars-2026-03-11-total-1pt5,Bayer 04 Leverkusen vs. Arsenal FC: O/U 1.5,0xc522f65141a3bb24fedce54c9b159d4aca8a75951e7adfdd939992b0ef77c497,"[""67672841989940752102702275884077573008012193051028410856420649989925057191250"", ""59579362113079556785974070867079743909298612468748084463979880178623414793180""]",67672841989940752102702275884077573008012193051028410856420649989925057191250|59579362113079556785974070867079743909298612468748084463979880178623414793180,59579362113079556785974070867079743909298612468748084463979880178623414793180,Under,True,0.24,195.0,0.27,886.0,0.255,0.030000000000000027,86da84844a8a421b43e6185edc37cf1accdf559d,0.01,5,0.230,11213.1467,418.60430999999994
2026-03-09T00:49:30Z,UCL,235051,ucl-lev-ars-2026-03-11-more-markets,Bayer 04 Leverkusen vs. Arsenal FC - More Markets,2026-02-27T19:20:00.933542Z,1456148,ucl-lev-ars-2026-03-11-total-2pt5,Bayer 04 Leverkusen vs. Arsenal FC: O/U 2.5,0x885eb4a05d417cbb654ae7490962584139b8d3fee803230015ab4153468a4135,"[""70483174220513735288063500175926620218981248153892847558837428658967147047775"", ""25812045407390203328094475331598063188975559605222623324727211012987596575751""]",70483174220513735288063500175926620218981248153892847558837428658967147047775|25812045407390203328094475331598063188975559605222623324727211012987596575751,70483174220513735288063500175926620218981248153892847558837428658967147047775,Over,True,0.5,6308.7,0.51,7.25,0.505,0.010000000000000009,63c539fe031595afeac649f7466105e0388407cc,0.01,5,0.490,11251.4979,12492.58939400001
2026-03-09T00:49:30Z,UCL,235051,ucl-lev-ars-2026-03-11-more-markets,Bayer 04 Leverkusen vs. Arsenal FC - More Markets,2026-02-27T19:20:00.933542Z,1456148,ucl-lev-ars-2026-03-11-total-2pt5,Bayer 04 Leverkusen vs. Arsenal FC: O/U 2.5,0x885eb4a05d417cbb654ae7490962584139b8d3fee803230015ab4153468a4135,"[""70483174220513735288063500175926620218981248153892847558837428658967147047775"", ""25812045407390203328094475331598063188975559605222623324727211012987596575751""]",70483174220513735288063500175926620218981248153892847558837428658967147047775|25812045407390203328094475331598063188975559605222623324727211012987596575751,25812045407390203328094475331598063188975559605222623324727211012987596575751,Under,True,0.49,7.25,0.5,6308.7,0.495,0.010000000000000009,c4c8b471b6341e04979e343f8aec82b56c480b2c,0.01,5,0.490,11251.4979,12492.58939400001
2026-03-09T00:49:30Z,UCL,235051,ucl-lev-ars-2026-03-11-more-markets,Bayer 04 Leverkusen vs. Arsenal FC - More Markets,2026-02-27T19:20:00.933542Z,1456149,ucl-lev-ars-2026-03-11-total-3pt5,Bayer 04 Leverkusen vs. Arsenal FC: O/U 3.5,0xc155c329e0da4428c983c893b037d75e233d894b6ae3b89efe3083e9a752adf8,"[""17390615172315923606718795347466470407224978489156777843295060397453768142566"", ""64300632682581198187321540612915618773363819334508019758658290247901474075003""]",17390615172315923606718795347466470407224978489156777843295060397453768142566|64300632682581198187321540612915618773363819334508019758658290247901474075003,17390615172315923606718795347466470407224978489156777843295060397453768142566,Over,True,0.28,300.0,0.3,6.0,0.29000000000000004,0.019999999999999962,b6021f5a87881247f9f289c339d264108825a681,0.01,5,0.290,23788.6512,33.999660999999996
2026-03-09T00:49:30Z,UCL,235051,ucl-lev-ars-2026-03-11-more-markets,Bayer 04 Leverkusen vs. Arsenal FC - More Markets,2026-02-27T19:20:00.933542Z,1456149,ucl-lev-ars-2026-03-11-total-3pt5,Bayer 04 Leverkusen vs. Arsenal FC: O/U 3.5,0xc155c329e0da4428c983c893b037d75e233d894b6ae3b89efe3083e9a752adf8,"[""17390615172315923606718795347466470407224978489156777843295060397453768142566"", ""64300632682581198187321540612915618773363819334508019758658290247901474075003""]",17390615172315923606718795347466470407224978489156777843295060397453768142566|64300632682581198187321540612915618773363819334508019758658290247901474075003,64300632682581198187321540612915618773363819334508019758658290247901474075003,Under,True,0.7,6.0,0.72,300.0,0.71,0.020000000000000018,9e0bed7d060860356ef6ba1f934f5a1066a12682,0.01,5,0.290,23788.6512,33.999660999999996
2026-03-09T00:49:30Z,UCL,235051,ucl-lev-ars-2026-03-11-more-markets,Bayer 04 Leverkusen vs. Arsenal FC - More Markets,2026-02-27T19:20:00.933542Z,1456150,ucl-lev-ars-2026-03-11-total-4pt5,Bayer 04 Leverkusen vs. Arsenal FC: O/U 4.5,0x1e47fd67f0720e28b73602d7ede3063d3a58b0a698bcd60aee92a616b11552f5,"[""50337635004503335895520223860806682260536644632443107142262088072536945192442"", ""80206740759996817843384221249406413847372626847649675760089541894943413985719""]",50337635004503335895520223860806682260536644632443107142262088072536945192442|80206740759996817843384221249406413847372626847649675760089541894943413985719,50337635004503335895520223860806682260536644632443107142262088072536945192442,Over,True,0.11,444.82,0.15,195.0,0.13,0.039999999999999994,242aefb4b7d41528442d0b54822cf8eb71f21b67,0.01,5,0.820,4617.3766,424.61294499999997
2026-03-09T00:49:30Z,UCL,235051,ucl-lev-ars-2026-03-11-more-markets,Bayer 04 Leverkusen vs. Arsenal FC - More Markets,2026-02-27T19:20:00.933542Z,1456150,ucl-lev-ars-2026-03-11-total-4pt5,Bayer 04 Leverkusen vs. Arsenal FC: O/U 4.5,0x1e47fd67f0720e28b73602d7ede3063d3a58b0a698bcd60aee92a616b11552f5,"[""50337635004503335895520223860806682260536644632443107142262088072536945192442"", ""80206740759996817843384221249406413847372626847649675760089541894943413985719""]",50337635004503335895520223860806682260536644632443107142262088072536945192442|80206740759996817843384221249406413847372626847649675760089541894943413985719,80206740759996817843384221249406413847372626847649675760089541894943413985719,Under,True,0.85,195.0,0.89,444.82,0.87,0.040000000000000036,6b9c1c71872fc24564e4cccedf94066a82d907ea,0.01,5,0.820,4617.3766,424.61294499999997
2026-03-09T00:49:30Z,UCL,235051,ucl-lev-ars-2026-03-11-more-markets,Bayer 04 Leverkusen vs. Arsenal FC - More Markets,2026-02-27T19:20:00.933542Z,1456151,ucl-lev-ars-2026-03-11-btts,Bayer 04 Leverkusen vs. Arsenal FC: Both Teams to Score,0x3efb6c2b0ebad800b837937313a400ee8ec5d4da427e6beab2f85dd76820afe0,"[""98766009190177688509205114431827475185179168440774681184011356294682556304999"", ""109129296424230842870635485282188306545143193023513045128132595764111403665885""]",98766009190177688509205114431827475185179168440774681184011356294682556304999|109129296424230842870635485282188306545143193023513045128132595764111403665885,98766009190177688509205114431827475185179168440774681184011356294682556304999,Yes,True,0.48,30.0,0.51,655.85,0.495,0.030000000000000027,b56c433bb6a4b82177288598570be9c01d82bf15,0.01,5,0.490,6439.079,495.288851
2026-03-09T00:49:30Z,UCL,235051,ucl-lev-ars-2026-03-11-more-markets,Bayer 04 Leverkusen vs. Arsenal FC - More Markets,2026-02-27T19:20:00.933542Z,1456151,ucl-lev-ars-2026-03-11-btts,Bayer 04 Leverkusen vs. Arsenal FC: Both Teams to Score,0x3efb6c2b0ebad800b837937313a400ee8ec5d4da427e6beab2f85dd76820afe0,"[""98766009190177688509205114431827475185179168440774681184011356294682556304999"", ""109129296424230842870635485282188306545143193023513045128132595764111403665885""]",98766009190177688509205114431827475185179168440774681184011356294682556304999|109129296424230842870635485282188306545143193023513045128132595764111403665885,109129296424230842870635485282188306545143193023513045128132595764111403665885,No,True,0.49,655.85,0.52,30.0,0.505,0.030000000000000027,0c88484c5583afa38dd6e770b81d04f285c72cdf,0.01,5,0.490,6439.079,495.288851
2026-03-09T00:49:30Z,UCL,235052,ucl-new-fcb1-2026-03-10-more-markets,Newcastle United FC vs. FC Barcelona - More Markets,2026-02-27T19:20:00.951459Z,1456152,ucl-new-fcb1-2026-03-10-spread-home-1pt5,Spread: Newcastle United FC (-1.5),0x4c54143add264c0701c3319ce2fbda98e4e3d69140d6ecff24d18e5c83ad755c,"[""35479654422697553485247631058356098390905675530090737961419274057722007571892"", ""93767032213053602111883367616262283424609293104253400988412233954836413553446""]",35479654422697553485247631058356098390905675530090737961419274057722007571892|93767032213053602111883367616262283424609293104253400988412233954836413553446,35479654422697553485247631058356098390905675530090737961419274057722007571892,Newcastle United FC,True,0.14,1658.14,0.16,1339.57,0.15000000000000002,0.01999999999999999,fdf286e56445da49dee05f18835758693ede77fe,0.01,5,0.150,7409.254,203.114316
2026-03-09T00:49:30Z,UCL,235052,ucl-new-fcb1-2026-03-10-more-markets,Newcastle United FC vs. FC Barcelona - More Markets,2026-02-27T19:20:00.951459Z,1456152,ucl-new-fcb1-2026-03-10-spread-home-1pt5,Spread: Newcastle United FC (-1.5),0x4c54143add264c0701c3319ce2fbda98e4e3d69140d6ecff24d18e5c83ad755c,"[""35479654422697553485247631058356098390905675530090737961419274057722007571892"", ""93767032213053602111883367616262283424609293104253400988412233954836413553446""]",35479654422697553485247631058356098390905675530090737961419274057722007571892|93767032213053602111883367616262283424609293104253400988412233954836413553446,93767032213053602111883367616262283424609293104253400988412233954836413553446,FC Barcelona,True,0.84,1339.57,0.86,1658.14,0.85,0.020000000000000018,816d0e8e77c5927cb683577f46e667215c696b7c,0.01,5,0.150,7409.254,203.114316
2026-03-09T00:49:30Z,UCL,235052,ucl-new-fcb1-2026-03-10-more-markets,Newcastle United FC vs. FC Barcelona - More Markets,2026-02-27T19:20:00.951459Z,1456153,ucl-new-fcb1-2026-03-10-spread-away-1pt5,Spread: FC Barcelona (-1.5),0xdb52e449f43c7ab80ddde805a3da521c342b099396374658942817fc7b773d24,"[""73741945017344035681465342587910880139583280866604315785564182356665183537028"", ""72530256769860314157311546452927109010114050268496678755983903004258096745818""]",73741945017344035681465342587910880139583280866604315785564182356665183537028|72530256769860314157311546452927109010114050268496678755983903004258096745818,73741945017344035681465342587910880139583280866604315785564182356665183537028,FC Barcelona,True,0.23,20.0,0.24,1932.19,0.235,0.009999999999999981,9f717ed4142168dacbe4e6e3375579449d7e7b2a,0.01,5,0.760,8452.1588,6233.1551880000015
2026-03-09T00:49:30Z,UCL,235052,ucl-new-fcb1-2026-03-10-more-markets,Newcastle United FC vs. FC Barcelona - More Markets,2026-02-27T19:20:00.951459Z,1456153,ucl-new-fcb1-2026-03-10-spread-away-1pt5,Spread: FC Barcelona (-1.5),0xdb52e449f43c7ab80ddde805a3da521c342b099396374658942817fc7b773d24,"[""73741945017344035681465342587910880139583280866604315785564182356665183537028"", ""72530256769860314157311546452927109010114050268496678755983903004258096745818""]",73741945017344035681465342587910880139583280866604315785564182356665183537028|72530256769860314157311546452927109010114050268496678755983903004258096745818,72530256769860314157311546452927109010114050268496678755983903004258096745818,Newcastle United FC,True,0.76,1932.19,0.77,20.0,0.765,0.010000000000000009,deba9944ba8d2f2f6748b0d565183d5bf306aa78,0.01,5,0.760,8452.1588,6233.1551880000015
2026-03-09T00:49:30Z,UCL,235052,ucl-new-fcb1-2026-03-10-more-markets,Newcastle United FC vs. FC Barcelona - More Markets,2026-02-27T19:20:00.951459Z,1456154,ucl-new-fcb1-2026-03-10-spread-home-2pt5,Spread: Newcastle United FC (-2.5),0xc4e55ac6a07d987786f26fbd9f01d227b18c7c53cb5d5b06437f435ad514d20a,"[""85430162332274768817207024939330699138821374433175879485055275762052193728450"", ""60086867627683829893533712539448436099411569425603745313722343880722560796311""]",85430162332274768817207024939330699138821374433175879485055275762052193728450|60086867627683829893533712539448436099411569425603745313722343880722560796311,85430162332274768817207024939330699138821374433175879485055275762052193728450,Newcastle United FC,True,0.05,1445.13,0.07,1660.71,0.060000000000000005,0.020000000000000004,e2a923b645d8c536afa1a5d99acaa54a3f8147d8,0.01,5,0.050,29426.5015,402.561064
2026-03-09T00:49:30Z,UCL,235052,ucl-new-fcb1-2026-03-10-more-markets,Newcastle United FC vs. FC Barcelona - More Markets,2026-02-27T19:20:00.951459Z,1456154,ucl-new-fcb1-2026-03-10-spread-home-2pt5,Spread: Newcastle United FC (-2.5),0xc4e55ac6a07d987786f26fbd9f01d227b18c7c53cb5d5b06437f435ad514d20a,"[""85430162332274768817207024939330699138821374433175879485055275762052193728450"", ""60086867627683829893533712539448436099411569425603745313722343880722560796311""]",85430162332274768817207024939330699138821374433175879485055275762052193728450|60086867627683829893533712539448436099411569425603745313722343880722560796311,60086867627683829893533712539448436099411569425603745313722343880722560796311,FC Barcelona,True,0.93,1660.71,0.95,1445.13,0.94,0.019999999999999907,066c8a887da8eeb028654eed08ffe64953c5b736,0.01,5,0.050,29426.5015,402.561064
2026-03-09T00:49:30Z,UCL,235052,ucl-new-fcb1-2026-03-10-more-markets,Newcastle United FC vs. FC Barcelona - More Markets,2026-02-27T19:20:00.951459Z,1456155,ucl-new-fcb1-2026-03-10-spread-away-2pt5,Spread: FC Barcelona (-2.5),0x9611861d94cf3feb644d8c179411847fa3326500a8f9a77210055fa00d5fd1f0,"[""19787061816308197714972290094328180480437481375205771142352566596886981293979"", ""29496655041714841374300084851349173957429257236134430251799141417575546848345""]",19787061816308197714972290094328180480437481375205771142352566596886981293979|29496655041714841374300084851349173957429257236134430251799141417575546848345,19787061816308197714972290094328180480437481375205771142352566596886981293979,FC Barcelona,True,0.1,1322.0,0.11,1348.31,0.10500000000000001,0.009999999999999995,4c74a82a2782f03b28683991e80032d3d279a8fb,0.01,5,0.110,6130.4203,146.84444000000002
2026-03-09T00:49:30Z,UCL,235052,ucl-new-fcb1-2026-03-10-more-markets,Newcastle United FC vs. FC Barcelona - More Markets,2026-02-27T19:20:00.951459Z,1456155,ucl-new-fcb1-2026-03-10-spread-away-2pt5,Spread: FC Barcelona (-2.5),0x9611861d94cf3feb644d8c179411847fa3326500a8f9a77210055fa00d5fd1f0,"[""19787061816308197714972290094328180480437481375205771142352566596886981293979"", ""29496655041714841374300084851349173957429257236134430251799141417575546848345""]",19787061816308197714972290094328180480437481375205771142352566596886981293979|29496655041714841374300084851349173957429257236134430251799141417575546848345,29496655041714841374300084851349173957429257236134430251799141417575546848345,Newcastle United FC,True,0.89,1348.31,0.9,1322.0,0.895,0.010000000000000009,9ea963e0b3e7418b24b1c9abe2d3dbf2f006a196,0.01,5,0.110,6130.4203,146.84444000000002
2026-03-09T00:49:30Z,UCL,235052,ucl-new-fcb1-2026-03-10-more-markets,Newcastle United FC vs. FC Barcelona - More Markets,2026-02-27T19:20:00.951459Z,1456156,ucl-new-fcb1-2026-03-10-total-1pt5,Newcastle United FC vs. FC Barcelona: O/U 1.5,0xfb242cf97411a4d6fb69b9342511c10336d1a2cab0ef221d1e6811287b9d43c8,"[""64515002042655215142821775636783847710703251490536111563244244265813518813453"", ""3118712736601587259885609031280880379083985616134539881350564054369116355769""]",64515002042655215142821775636783847710703251490536111563244244265813518813453|3118712736601587259885609031280880379083985616134539881350564054369116355769,64515002042655215142821775636783847710703251490536111563244244265813518813453,Over,True,0.85,1326.71,0.87,1840.87,0.86,0.020000000000000018,20300b3757d253911af9eefd3fdaac91d7e425a8,0.01,5,0.140,6896.1835,335.434133
2026-03-09T00:49:30Z,UCL,235052,ucl-new-fcb1-2026-03-10-more-markets,Newcastle United FC vs. FC Barcelona - More Markets,2026-02-27T19:20:00.951459Z,1456156,ucl-new-fcb1-2026-03-10-total-1pt5,Newcastle United FC vs. FC Barcelona: O/U 1.5,0xfb242cf97411a4d6fb69b9342511c10336d1a2cab0ef221d1e6811287b9d43c8,"[""64515002042655215142821775636783847710703251490536111563244244265813518813453"", ""3118712736601587259885609031280880379083985616134539881350564054369116355769""]",64515002042655215142821775636783847710703251490536111563244244265813518813453|3118712736601587259885609031280880379083985616134539881350564054369116355769,3118712736601587259885609031280880379083985616134539881350564054369116355769,Under,True,0.13,1840.87,0.15,1326.71,0.14,0.01999999999999999,5dcea77193173c7fcc85c19de6df4dcec31ca368,0.01,5,0.140,6896.1835,335.434133
2026-03-09T00:49:30Z,UCL,235052,ucl-new-fcb1-2026-03-10-more-markets,Newcastle United FC vs. FC Barcelona - More Markets,2026-02-27T19:20:00.951459Z,1456157,ucl-new-fcb1-2026-03-10-total-2pt5,Newcastle United FC vs. FC Barcelona: O/U 2.5,0xf7c4ec9c7d18bf2645201399be27b94a1c798dc25f35a13fdff36fc2c3507fa3,"[""21655080110429946136475228813194098298818147935820525942813802156434284435158"", ""74714024083498754487478223635318486435741826998151656137460269820803045942681""]",21655080110429946136475228813194098298818147935820525942813802156434284435158|74714024083498754487478223635318486435741826998151656137460269820803045942681,21655080110429946136475228813194098298818147935820525942813802156434284435158,Over,True,0.66,1353.39,0.67,1603.82,0.665,0.010000000000000009,bf5e0158849b1310372543a7008c23c3f263076b,0.01,5,0.340,9002.8266,2622.640141000001
2026-03-09T00:49:30Z,UCL,235052,ucl-new-fcb1-2026-03-10-more-markets,Newcastle United FC vs. FC Barcelona - More Markets,2026-02-27T19:20:00.951459Z,1456157,ucl-new-fcb1-2026-03-10-total-2pt5,Newcastle United FC vs. FC Barcelona: O/U 2.5,0xf7c4ec9c7d18bf2645201399be27b94a1c798dc25f35a13fdff36fc2c3507fa3,"[""21655080110429946136475228813194098298818147935820525942813802156434284435158"", ""74714024083498754487478223635318486435741826998151656137460269820803045942681""]",21655080110429946136475228813194098298818147935820525942813802156434284435158|74714024083498754487478223635318486435741826998151656137460269820803045942681,74714024083498754487478223635318486435741826998151656137460269820803045942681,Under,True,0.33,1603.82,0.34,1353.39,0.335,0.010000000000000009,765c278ff64ff5e9f2275d65b81bc05109a935a6,0.01,5,0.340,9002.8266,2622.640141000001
2026-03-09T00:49:30Z,UCL,235052,ucl-new-fcb1-2026-03-10-more-markets,Newcastle United FC vs. FC Barcelona - More Markets,2026-02-27T19:20:00.951459Z,1456158,ucl-new-fcb1-2026-03-10-total-3pt5,Newcastle United FC vs. FC Barcelona: O/U 3.5,0x93c22876d94267f2aa90449d6c977238fced1bebeee02b2f797971d49f577386,"[""113109126216511572911290227384224543640691004079849982960738394124596734529414"", ""14390825280572976952619984050486789538874425157209290509587203170876010419729""]",113109126216511572911290227384224543640691004079849982960738394124596734529414|14390825280572976952619984050486789538874425157209290509587203170876010419729,113109126216511572911290227384224543640691004079849982960738394124596734529414,Over,True,0.44,44.74,0.45,2732.6,0.445,0.010000000000000009,0387dbf8a40c73a6a04b0b7316ccc70ccf9f96c9,0.01,5,0.550,22882.3756,621.9031679999999
2026-03-09T00:49:30Z,UCL,235052,ucl-new-fcb1-2026-03-10-more-markets,Newcastle United FC vs. FC Barcelona - More Markets,2026-02-27T19:20:00.951459Z,1456158,ucl-new-fcb1-2026-03-10-total-3pt5,Newcastle United FC vs. FC Barcelona: O/U 3.5,0x93c22876d94267f2aa90449d6c977238fced1bebeee02b2f797971d49f577386,"[""113109126216511572911290227384224543640691004079849982960738394124596734529414"", ""14390825280572976952619984050486789538874425157209290509587203170876010419729""]",113109126216511572911290227384224543640691004079849982960738394124596734529414|14390825280572976952619984050486789538874425157209290509587203170876010419729,14390825280572976952619984050486789538874425157209290509587203170876010419729,Under,True,0.55,2732.6,0.56,44.74,0.555,0.010000000000000009,fe7e7fa19c8b4399971d6650a234b0769b26b078,0.01,5,0.550,22882.3756,621.9031679999999
2026-03-09T00:49:30Z,UCL,235052,ucl-new-fcb1-2026-03-10-more-markets,Newcastle United FC vs. FC Barcelona - More Markets,2026-02-27T19:20:00.951459Z,1456159,ucl-new-fcb1-2026-03-10-total-4pt5,Newcastle United FC vs. FC Barcelona: O/U 4.5,0xfdc56673e0dc4ba4598e1ab04c4a27ce770c6c69afb076f746d5982f6a92f73d,"[""92931824465216096826269984387987166844611819826723871791784692462396179335574"", ""56428402873309164748818080233762517663423469448015545855776567253431944442239""]",92931824465216096826269984387987166844611819826723871791784692462396179335574|56428402873309164748818080233762517663423469448015545855776567253431944442239,92931824465216096826269984387987166844611819826723871791784692462396179335574,Over,True,0.24,1657.06,0.26,1378.35,0.25,0.020000000000000018,741846660695ea8ebf809f03de63c4ab336a6dc8,0.01,5,0.730,6376.1081,42.013155999999995
2026-03-09T00:49:30Z,UCL,235052,ucl-new-fcb1-2026-03-10-more-markets,Newcastle United FC vs. FC Barcelona - More Markets,2026-02-27T19:20:00.951459Z,1456159,ucl-new-fcb1-2026-03-10-total-4pt5,Newcastle United FC vs. FC Barcelona: O/U 4.5,0xfdc56673e0dc4ba4598e1ab04c4a27ce770c6c69afb076f746d5982f6a92f73d,"[""92931824465216096826269984387987166844611819826723871791784692462396179335574"", ""56428402873309164748818080233762517663423469448015545855776567253431944442239""]",92931824465216096826269984387987166844611819826723871791784692462396179335574|56428402873309164748818080233762517663423469448015545855776567253431944442239,56428402873309164748818080233762517663423469448015545855776567253431944442239,Under,True,0.74,1378.35,0.76,1657.06,0.75,0.020000000000000018,b70bc55843a93b6dc7e35d64c511b476f6685861,0.01,5,0.730,6376.1081,42.013155999999995
2026-03-09T00:49:30Z,UCL,235052,ucl-new-fcb1-2026-03-10-more-markets,Newcastle United FC vs. FC Barcelona - More Markets,2026-02-27T19:20:00.951459Z,1456160,ucl-new-fcb1-2026-03-10-btts,Newcastle United FC vs. FC Barcelona: Both Teams to Score,0xda4a589c69cb4701428e9621bc6834b403655b89a13b2ac987125239cedc3696,"[""60464420637789336102371692008545188345274393282792917728714217076880017191178"", ""13516897271533580971058931050401873316217837340220941443535025369148956863977""]",60464420637789336102371692008545188345274393282792917728714217076880017191178|13516897271533580971058931050401873316217837340220941443535025369148956863977,60464420637789336102371692008545188345274393282792917728714217076880017191178,Yes,True,0.66,339.77,0.68,257.0,0.67,0.020000000000000018,4cbb7a8569b45738c4a8d3eeb10f4d0b434f958f,0.01,5,0.320,6545.4712,376.61962099999994
2026-03-09T00:49:30Z,UCL,235052,ucl-new-fcb1-2026-03-10-more-markets,Newcastle United FC vs. FC Barcelona - More Markets,2026-02-27T19:20:00.951459Z,1456160,ucl-new-fcb1-2026-03-10-btts,Newcastle United FC vs. FC Barcelona: Both Teams to Score,0xda4a589c69cb4701428e9621bc6834b403655b89a13b2ac987125239cedc3696,"[""60464420637789336102371692008545188345274393282792917728714217076880017191178"", ""13516897271533580971058931050401873316217837340220941443535025369148956863977""]",60464420637789336102371692008545188345274393282792917728714217076880017191178|13516897271533580971058931050401873316217837340220941443535025369148956863977,13516897271533580971058931050401873316217837340220941443535025369148956863977,No,True,0.32,257.0,0.34,339.77,0.33,0.020000000000000018,cdd22e962055dc22e9c5d7b2fbbc53df66dc2cce,0.01,5,0.320,6545.4712,376.61962099999994
2026-03-09T00:49:30Z,UCL,235053,ucl-ata1-bay1-2026-03-10-more-markets,Atalanta BC vs. FC Bayern München - More Markets,2026-02-27T19:20:00.945881Z,1456161,ucl-ata1-bay1-2026-03-10-spread-home-1pt5,Spread: Atalanta BC (-1.5),0xfad3a2cc7d39361ff620ff7602a17346beda9d554176ecf9ecc68daa2094c444,"[""43431658568765852287284297019270527874962291283461926215142271066059457113037"", ""43531707072508236079530987724958898622018527206708045885024417838191489286208""]",43431658568765852287284297019270527874962291283461926215142271066059457113037|43531707072508236079530987724958898622018527206708045885024417838191489286208,43431658568765852287284297019270527874962291283461926215142271066059457113037,Atalanta BC,True,0.07,1000.0,0.08,1702.35,0.07500000000000001,0.009999999999999995,d5a5450a9e5f1f8cd0295edcf2a94a6bc5e42cf1,0.01,5,0.920,9350.8651,4974.655584
2026-03-09T00:49:30Z,UCL,235053,ucl-ata1-bay1-2026-03-10-more-markets,Atalanta BC vs. FC Bayern München - More Markets,2026-02-27T19:20:00.945881Z,1456161,ucl-ata1-bay1-2026-03-10-spread-home-1pt5,Spread: Atalanta BC (-1.5),0xfad3a2cc7d39361ff620ff7602a17346beda9d554176ecf9ecc68daa2094c444,"[""43431658568765852287284297019270527874962291283461926215142271066059457113037"", ""43531707072508236079530987724958898622018527206708045885024417838191489286208""]",43431658568765852287284297019270527874962291283461926215142271066059457113037|43531707072508236079530987724958898622018527206708045885024417838191489286208,43531707072508236079530987724958898622018527206708045885024417838191489286208,FC Bayern München,True,0.92,1702.35,0.93,1000.0,0.925,0.010000000000000009,76da9d763c3a036221f77e48f183c139652c058e,0.01,5,0.920,9350.8651,4974.655584
2026-03-09T00:49:30Z,UCL,235053,ucl-ata1-bay1-2026-03-10-more-markets,Atalanta BC vs. FC Bayern München - More Markets,2026-02-27T19:20:00.945881Z,1456162,ucl-ata1-bay1-2026-03-10-spread-away-1pt5,Spread: FC Bayern München (-1.5),0x4319c11106830dd89e91d957404a0830d90ce67a433880189eaf5f918762f46d,"[""90480905031367852158842370901582551273209752182473107655686700871468446179140"", ""110331410250344159521897421790721885520496126667477175750329107760314132255431""]",90480905031367852158842370901582551273209752182473107655686700871468446179140|110331410250344159521897421790721885520496126667477175750329107760314132255431,90480905031367852158842370901582551273209752182473107655686700871468446179140,FC Bayern München,True,0.37,10.0,0.38,1559.84,0.375,0.010000000000000009,bbb458ed4a9937c88823e7ac15676a455d1bfb73,0.01,5,0.620,7753.8191,1637.0093279999999
2026-03-09T00:49:30Z,UCL,235053,ucl-ata1-bay1-2026-03-10-more-markets,Atalanta BC vs. FC Bayern München - More Markets,2026-02-27T19:20:00.945881Z,1456162,ucl-ata1-bay1-2026-03-10-spread-away-1pt5,Spread: FC Bayern München (-1.5),0x4319c11106830dd89e91d957404a0830d90ce67a433880189eaf5f918762f46d,"[""90480905031367852158842370901582551273209752182473107655686700871468446179140"", ""110331410250344159521897421790721885520496126667477175750329107760314132255431""]",90480905031367852158842370901582551273209752182473107655686700871468446179140|110331410250344159521897421790721885520496126667477175750329107760314132255431,110331410250344159521897421790721885520496126667477175750329107760314132255431,Atalanta BC,True,0.62,1559.84,0.63,10.0,0.625,0.010000000000000009,2f88a3584f57f2194c3936b03e1f21aac6a303ca,0.01,5,0.620,7753.8191,1637.0093279999999
2026-03-09T00:49:30Z,UCL,235053,ucl-ata1-bay1-2026-03-10-more-markets,Atalanta BC vs. FC Bayern München - More Markets,2026-02-27T19:20:00.945881Z,1456163,ucl-ata1-bay1-2026-03-10-spread-home-2pt5,Spread: Atalanta BC (-2.5),0x141f7540413eb564445d1ed62d636e42eb451f525bdf3cc1296fa6d9cfca3cf7,"[""38464527664495196282745728808475907006247258966905817242378410403051875067056"", ""39592087359195107678330944179541254137308477610594592031775408440492766744776""]",38464527664495196282745728808475907006247258966905817242378410403051875067056|39592087359195107678330944179541254137308477610594592031775408440492766744776,38464527664495196282745728808475907006247258966905817242378410403051875067056,Atalanta BC,True,0.02,146.29,0.029,37.0,0.0245,0.009000000000000001,c4029f052dea86da5ed12f71db8eb96aa6917b05,0.001,5,0.029,2986.69472,128.569793
2026-03-09T00:49:30Z,UCL,235053,ucl-ata1-bay1-2026-03-10-more-markets,Atalanta BC vs. FC Bayern München - More Markets,2026-02-27T19:20:00.945881Z,1456163,ucl-ata1-bay1-2026-03-10-spread-home-2pt5,Spread: Atalanta BC (-2.5),0x141f7540413eb564445d1ed62d636e42eb451f525bdf3cc1296fa6d9cfca3cf7,"[""38464527664495196282745728808475907006247258966905817242378410403051875067056"", ""39592087359195107678330944179541254137308477610594592031775408440492766744776""]",38464527664495196282745728808475907006247258966905817242378410403051875067056|39592087359195107678330944179541254137308477610594592031775408440492766744776,39592087359195107678330944179541254137308477610594592031775408440492766744776,FC Bayern München,True,0.971,37.0,0.98,146.29,0.9755,0.009000000000000008,92de9e32ea7cb31aee6031a8b551bcd19e577a43,0.001,5,0.029,2986.69472,128.569793
2026-03-09T00:49:30Z,UCL,235053,ucl-ata1-bay1-2026-03-10-more-markets,Atalanta BC vs. FC Bayern München - More Markets,2026-02-27T19:20:00.945881Z,1456164,ucl-ata1-bay1-2026-03-10-spread-away-2pt5,Spread: FC Bayern München (-2.5),0xd915fa84580bb2b3f09e8a68028ec8b3ba20d341a33ff3e173c70aa4e6a9893d,"[""109159875775586965335001269635826368530091442236881684849095710156676142397428"", ""15705578425115409244854756823002195384348917974039116994078176994281458442757""]",109159875775586965335001269635826368530091442236881684849095710156676142397428|15705578425115409244854756823002195384348917974039116994078176994281458442757,109159875775586965335001269635826368530091442236881684849095710156676142397428,FC Bayern München,True,0.19,323.0,0.2,1331.5,0.195,0.010000000000000009,fe8c93702b506c96205feb5cbde46a800de21b3b,0.01,5,,5998.3537,
2026-03-09T00:49:30Z,UCL,235053,ucl-ata1-bay1-2026-03-10-more-markets,Atalanta BC vs. FC Bayern München - More Markets,2026-02-27T19:20:00.945881Z,1456164,ucl-ata1-bay1-2026-03-10-spread-away-2pt5,Spread: FC Bayern München (-2.5),0xd915fa84580bb2b3f09e8a68028ec8b3ba20d341a33ff3e173c70aa4e6a9893d,"[""109159875775586965335001269635826368530091442236881684849095710156676142397428"", ""15705578425115409244854756823002195384348917974039116994078176994281458442757""]",109159875775586965335001269635826368530091442236881684849095710156676142397428|15705578425115409244854756823002195384348917974039116994078176994281458442757,15705578425115409244854756823002195384348917974039116994078176994281458442757,Atalanta BC,True,0.8,1331.5,0.81,323.0,0.805,0.010000000000000009,82b3a80b8d420609888f08ca175df3a064693ce0,0.01,5,,5998.3537,
2026-03-09T00:49:30Z,UCL,235053,ucl-ata1-bay1-2026-03-10-more-markets,Atalanta BC vs. FC Bayern München - More Markets,2026-02-27T19:20:00.945881Z,1456165,ucl-ata1-bay1-2026-03-10-total-1pt5,Atalanta BC vs. FC Bayern München: O/U 1.5,0x397a1122faa4f6e3b86871088d34dfc4cbee2ba02556a2d017c5fb2df59eab6c,"[""99522775518952681497801292174082417357339541540645251464616421141465907022366"", ""55081500863988567601949788035469903635975065180593705521701412364466640906006""]",99522775518952681497801292174082417357339541540645251464616421141465907022366|55081500863988567601949788035469903635975065180593705521701412364466640906006,99522775518952681497801292174082417357339541540645251464616421141465907022366,Over,True,0.85,1615.35,0.87,1912.88,0.86,0.020000000000000018,33ffe56b1172d5cb01711bb80d10f8bef37a3454,0.01,5,0.130,3599.1897,366.15780100000006
2026-03-09T00:49:30Z,UCL,235053,ucl-ata1-bay1-2026-03-10-more-markets,Atalanta BC vs. FC Bayern München - More Markets,2026-02-27T19:20:00.945881Z,1456165,ucl-ata1-bay1-2026-03-10-total-1pt5,Atalanta BC vs. FC Bayern München: O/U 1.5,0x397a1122faa4f6e3b86871088d34dfc4cbee2ba02556a2d017c5fb2df59eab6c,"[""99522775518952681497801292174082417357339541540645251464616421141465907022366"", ""55081500863988567601949788035469903635975065180593705521701412364466640906006""]",99522775518952681497801292174082417357339541540645251464616421141465907022366|55081500863988567601949788035469903635975065180593705521701412364466640906006,55081500863988567601949788035469903635975065180593705521701412364466640906006,Under,True,0.13,1912.88,0.15,1615.35,0.14,0.01999999999999999,1e5a08620c46a45393ffdc2a193e96103a007310,0.01,5,0.130,3599.1897,366.15780100000006
2026-03-09T00:49:30Z,UCL,235053,ucl-ata1-bay1-2026-03-10-more-markets,Atalanta BC vs. FC Bayern München - More Markets,2026-02-27T19:20:00.945881Z,1456166,ucl-ata1-bay1-2026-03-10-total-2pt5,Atalanta BC vs. FC Bayern München: O/U 2.5,0x7a3010474abc178d486599864d9477bb8cb09d5663a682f38e324c32b0240fa6,"[""34794860096800261035678223535807465286119387965541939033758979793922187443876"", ""112776361358439449238743416054726671558606654892330375105561475787532575794472""]",34794860096800261035678223535807465286119387965541939033758979793922187443876|112776361358439449238743416054726671558606654892330375105561475787532575794472,34794860096800261035678223535807465286119387965541939033758979793922187443876,Over,True,0.66,1631.09,0.67,3.5,0.665,0.010000000000000009,2a62fe8712ee0e8d1e3865787dc640d128f301d1,0.01,5,0.340,7902.2022,121.20322300000001
2026-03-09T00:49:30Z,UCL,235053,ucl-ata1-bay1-2026-03-10-more-markets,Atalanta BC vs. FC Bayern München - More Markets,2026-02-27T19:20:00.945881Z,1456166,ucl-ata1-bay1-2026-03-10-total-2pt5,Atalanta BC vs. FC Bayern München: O/U 2.5,0x7a3010474abc178d486599864d9477bb8cb09d5663a682f38e324c32b0240fa6,"[""34794860096800261035678223535807465286119387965541939033758979793922187443876"", ""112776361358439449238743416054726671558606654892330375105561475787532575794472""]",34794860096800261035678223535807465286119387965541939033758979793922187443876|112776361358439449238743416054726671558606654892330375105561475787532575794472,112776361358439449238743416054726671558606654892330375105561475787532575794472,Under,True,0.33,3.5,0.34,1631.09,0.335,0.010000000000000009,415f69372861d74ee4910b48e0d6d5dd66638e5a,0.01,5,0.340,7902.2022,121.20322300000001
2026-03-09T00:49:30Z,UCL,235053,ucl-ata1-bay1-2026-03-10-more-markets,Atalanta BC vs. FC Bayern München - More Markets,2026-02-27T19:20:00.945881Z,1456167,ucl-ata1-bay1-2026-03-10-total-3pt5,Atalanta BC vs. FC Bayern München: O/U 3.5,0xffb2351b4ed217f27e9ce76670c599756e14175edd7ac9750241c91d5e8fe8a2,"[""69593690325912249702510675161417629710454556996243821565180129151358300752941"", ""53340855968217290438736969633080498033806325608835797494912983883262476004114""]",69593690325912249702510675161417629710454556996243821565180129151358300752941|53340855968217290438736969633080498033806325608835797494912983883262476004114,69593690325912249702510675161417629710454556996243821565180129151358300752941,Over,True,0.44,30.0,0.45,1586.18,0.445,0.010000000000000009,111b4138304b737872b50141503fbdfb5ca53a0b,0.01,5,0.430,7915.9685,109.06613000000002
2026-03-09T00:49:30Z,UCL,235053,ucl-ata1-bay1-2026-03-10-more-markets,Atalanta BC vs. FC Bayern München - More Markets,2026-02-27T19:20:00.945881Z,1456167,ucl-ata1-bay1-2026-03-10-total-3pt5,Atalanta BC vs. FC Bayern München: O/U 3.5,0xffb2351b4ed217f27e9ce76670c599756e14175edd7ac9750241c91d5e8fe8a2,"[""69593690325912249702510675161417629710454556996243821565180129151358300752941"", ""53340855968217290438736969633080498033806325608835797494912983883262476004114""]",69593690325912249702510675161417629710454556996243821565180129151358300752941|53340855968217290438736969633080498033806325608835797494912983883262476004114,53340855968217290438736969633080498033806325608835797494912983883262476004114,Under,True,0.55,1586.18,0.56,30.0,0.555,0.010000000000000009,684bbcf56f19a0b8b91bba0786e87bfc74b5b394,0.01,5,0.430,7915.9685,109.06613000000002
2026-03-09T00:49:30Z,UCL,235053,ucl-ata1-bay1-2026-03-10-more-markets,Atalanta BC vs. FC Bayern München - More Markets,2026-02-27T19:20:00.945881Z,1456168,ucl-ata1-bay1-2026-03-10-total-4pt5,Atalanta BC vs. FC Bayern München: O/U 4.5,0xba768ee91c102e85ce1689d01ab10c29d1f3b75c508b94640588b69169ab7e6a,"[""89028030377863192056393024900860855198444365446887309360040151804357119705933"", ""83500624254981195289188925562733783452318798620369375206213599529775197612265""]",89028030377863192056393024900860855198444365446887309360040151804357119705933|83500624254981195289188925562733783452318798620369375206213599529775197612265,89028030377863192056393024900860855198444365446887309360040151804357119705933,Over,True,0.25,323.0,0.26,1317.54,0.255,0.010000000000000009,802e15fea4075e4fdcde80f3a3bc7cfeb76a0a7c,0.01,5,0.730,7936.0028,75.111104
2026-03-09T00:49:30Z,UCL,235053,ucl-ata1-bay1-2026-03-10-more-markets,Atalanta BC vs. FC Bayern München - More Markets,2026-02-27T19:20:00.945881Z,1456168,ucl-ata1-bay1-2026-03-10-total-4pt5,Atalanta BC vs. FC Bayern München: O/U 4.5,0xba768ee91c102e85ce1689d01ab10c29d1f3b75c508b94640588b69169ab7e6a,"[""89028030377863192056393024900860855198444365446887309360040151804357119705933"", ""83500624254981195289188925562733783452318798620369375206213599529775197612265""]",89028030377863192056393024900860855198444365446887309360040151804357119705933|83500624254981195289188925562733783452318798620369375206213599529775197612265,83500624254981195289188925562733783452318798620369375206213599529775197612265,Under,True,0.74,1317.54,0.75,323.0,0.745,0.010000000000000009,5b0bce8de88e1b748cf228008e1e5e4f08f0b814,0.01,5,0.730,7936.0028,75.111104
2026-03-09T00:49:30Z,UCL,235053,ucl-ata1-bay1-2026-03-10-more-markets,Atalanta BC vs. FC Bayern München - More Markets,2026-02-27T19:20:00.945881Z,1456169,ucl-ata1-bay1-2026-03-10-btts,Atalanta BC vs. FC Bayern München: Both Teams to Score,0x8212210be403732f316700818d6252af95db64ca34800555adcc629d08756ae8,"[""31040970146369616829863238157183300611057233612472203160456694722299055253819"", ""6459852882986843202040533590381672091977270916810780031913165585126671799016""]",31040970146369616829863238157183300611057233612472203160456694722299055253819|6459852882986843202040533590381672091977270916810780031913165585126671799016,31040970146369616829863238157183300611057233612472203160456694722299055253819,Yes,True,0.63,435.0,0.64,307.0,0.635,0.010000000000000009,1ff6913fe849ced99e3dadb515a6cb42dc5234d8,0.01,5,0.630,12295.8572,837.714273
2026-03-09T00:49:30Z,UCL,235053,ucl-ata1-bay1-2026-03-10-more-markets,Atalanta BC vs. FC Bayern München - More Markets,2026-02-27T19:20:00.945881Z,1456169,ucl-ata1-bay1-2026-03-10-btts,Atalanta BC vs. FC Bayern München: Both Teams to Score,0x8212210be403732f316700818d6252af95db64ca34800555adcc629d08756ae8,"[""31040970146369616829863238157183300611057233612472203160456694722299055253819"", ""6459852882986843202040533590381672091977270916810780031913165585126671799016""]",31040970146369616829863238157183300611057233612472203160456694722299055253819|6459852882986843202040533590381672091977270916810780031913165585126671799016,6459852882986843202040533590381672091977270916810780031913165585126671799016,No,True,0.36,307.0,0.37,435.0,0.365,0.010000000000000009,1ede83bae427115362590014f6e371cc392c0d8d,0.01,5,0.630,12295.8572,837.714273
2026-03-09T00:49:30Z,UCL,235054,ucl-atm1-tot-2026-03-10-more-markets,Club Atlético de Madrid vs. Tottenham Hotspur FC - More Markets,2026-02-27T19:20:06.795026Z,1456170,ucl-atm1-tot-2026-03-10-spread-home-1pt5,Spread: Club Atlético de Madrid (-1.5),0x091310c64760b762a861e419aba49dcd9956c7360ff31a4de0ffa7127d362f0a,"[""29548335613261969266667021739969888302586661330349641654596875530844745125156"", ""43627103201847441965617086331938195921774849985197142262059294031794670023832""]",29548335613261969266667021739969888302586661330349641654596875530844745125156|43627103201847441965617086331938195921774849985197142262059294031794670023832,29548335613261969266667021739969888302586661330349641654596875530844745125156,Club Atlético de Madrid,True,0.38,55275.81,0.39,1268.19,0.385,0.010000000000000009,a875b4fcc8936a2f98106f408fae536684d38931,0.01,5,0.610,36517.894,2331.525097
2026-03-09T00:49:30Z,UCL,235054,ucl-atm1-tot-2026-03-10-more-markets,Club Atlético de Madrid vs. Tottenham Hotspur FC - More Markets,2026-02-27T19:20:06.795026Z,1456170,ucl-atm1-tot-2026-03-10-spread-home-1pt5,Spread: Club Atlético de Madrid (-1.5),0x091310c64760b762a861e419aba49dcd9956c7360ff31a4de0ffa7127d362f0a,"[""29548335613261969266667021739969888302586661330349641654596875530844745125156"", ""43627103201847441965617086331938195921774849985197142262059294031794670023832""]",29548335613261969266667021739969888302586661330349641654596875530844745125156|43627103201847441965617086331938195921774849985197142262059294031794670023832,43627103201847441965617086331938195921774849985197142262059294031794670023832,Tottenham Hotspur FC,True,0.61,1268.19,0.62,55275.81,0.615,0.010000000000000009,1801a2136d53faba5de19d29025306591d7c817b,0.01,5,0.610,36517.894,2331.525097
2026-03-09T00:49:30Z,UCL,235054,ucl-atm1-tot-2026-03-10-more-markets,Club Atlético de Madrid vs. Tottenham Hotspur FC - More Markets,2026-02-27T19:20:06.795026Z,1456171,ucl-atm1-tot-2026-03-10-spread-away-1pt5,Spread: Tottenham Hotspur FC (-1.5),0x81de4d2c2300c7966fcc7afeca2db4f1b48543154da5b945936116c90173f461,"[""39407662187385569487318763248372040951548783077590709173934079256838775647075"", ""4524530984888431875110450656194455234615389313875513496345035972112554157022""]",39407662187385569487318763248372040951548783077590709173934079256838775647075|4524530984888431875110450656194455234615389313875513496345035972112554157022,39407662187385569487318763248372040951548783077590709173934079256838775647075,Tottenham Hotspur FC,True,0.04,1642.18,0.06,1327.27,0.05,0.019999999999999997,fa70caae7f6ccc6c096d88922a010b37346795d2,0.01,5,0.040,5449.824,6963.718496
2026-03-09T00:49:30Z,UCL,235054,ucl-atm1-tot-2026-03-10-more-markets,Club Atlético de Madrid vs. Tottenham Hotspur FC - More Markets,2026-02-27T19:20:06.795026Z,1456171,ucl-atm1-tot-2026-03-10-spread-away-1pt5,Spread: Tottenham Hotspur FC (-1.5),0x81de4d2c2300c7966fcc7afeca2db4f1b48543154da5b945936116c90173f461,"[""39407662187385569487318763248372040951548783077590709173934079256838775647075"", ""4524530984888431875110450656194455234615389313875513496345035972112554157022""]",39407662187385569487318763248372040951548783077590709173934079256838775647075|4524530984888431875110450656194455234615389313875513496345035972112554157022,4524530984888431875110450656194455234615389313875513496345035972112554157022,Club Atlético de Madrid,True,0.94,1327.27,0.96,1642.18,0.95,0.020000000000000018,6552f706750440d550f399a9fcc4b31c6386d7da,0.01,5,0.040,5449.824,6963.718496
2026-03-09T00:49:30Z,UCL,235054,ucl-atm1-tot-2026-03-10-more-markets,Club Atlético de Madrid vs. Tottenham Hotspur FC - More Markets,2026-02-27T19:20:06.795026Z,1456172,ucl-atm1-tot-2026-03-10-spread-home-2pt5,Spread: Club Atlético de Madrid (-2.5),0xdcf60b45af8c02ee4a35cc52480def6df4a4722e95dc0ad036e87895c90e4ebe,"[""22098979829618239991710977639007422191761687586092669450337466246835251891795"", ""97622106790227385037969877609732522624791784883947856651441672898164030343285""]",22098979829618239991710977639007422191761687586092669450337466246835251891795|97622106790227385037969877609732522624791784883947856651441672898164030343285,22098979829618239991710977639007422191761687586092669450337466246835251891795,Club Atlético de Madrid,True,0.18,1978.0,0.2,1870.5,0.19,0.020000000000000018,816f9141553f5336ec00b7f09d4803d7cae7354d,0.01,5,0.820,19148.4571,585.5562600000001
2026-03-09T00:49:30Z,UCL,235054,ucl-atm1-tot-2026-03-10-more-markets,Club Atlético de Madrid vs. Tottenham Hotspur FC - More Markets,2026-02-27T19:20:06.795026Z,1456172,ucl-atm1-tot-2026-03-10-spread-home-2pt5,Spread: Club Atlético de Madrid (-2.5),0xdcf60b45af8c02ee4a35cc52480def6df4a4722e95dc0ad036e87895c90e4ebe,"[""22098979829618239991710977639007422191761687586092669450337466246835251891795"", ""97622106790227385037969877609732522624791784883947856651441672898164030343285""]",22098979829618239991710977639007422191761687586092669450337466246835251891795|97622106790227385037969877609732522624791784883947856651441672898164030343285,97622106790227385037969877609732522624791784883947856651441672898164030343285,Tottenham Hotspur FC,True,0.8,1870.5,0.82,1978.0,0.81,0.019999999999999907,518511e1a9b44ce5015f3d86392710f0c3bde1cd,0.01,5,0.820,19148.4571,585.5562600000001
2026-03-09T00:49:30Z,UCL,235054,ucl-atm1-tot-2026-03-10-more-markets,Club Atlético de Madrid vs. Tottenham Hotspur FC - More Markets,2026-02-27T19:20:06.795026Z,1456173,ucl-atm1-tot-2026-03-10-spread-away-2pt5,Spread: Tottenham Hotspur FC (-2.5),0xd0f059627af9ad9ef26eb82083657657e42d3b54c90714279ea6ec1e6c20e710,"[""97915091603155459784868048516320873700437964475849977393068106877216344320732"", ""81801400351902964827518010893815029912705027268021454653199542615814095232568""]",97915091603155459784868048516320873700437964475849977393068106877216344320732|81801400351902964827518010893815029912705027268021454653199542615814095232568,97915091603155459784868048516320873700437964475849977393068106877216344320732,Tottenham Hotspur FC,True,0.01,35.39,0.011,10.11,0.010499999999999999,0.0009999999999999992,c3d4bf0f5f2d69286ff545e5c909a4407180c1d2,0.001,5,0.990,2532.66778,2054.3447950000004
2026-03-09T00:49:30Z,UCL,235054,ucl-atm1-tot-2026-03-10-more-markets,Club Atlético de Madrid vs. Tottenham Hotspur FC - More Markets,2026-02-27T19:20:06.795026Z,1456173,ucl-atm1-tot-2026-03-10-spread-away-2pt5,Spread: Tottenham Hotspur FC (-2.5),0xd0f059627af9ad9ef26eb82083657657e42d3b54c90714279ea6ec1e6c20e710,"[""97915091603155459784868048516320873700437964475849977393068106877216344320732"", ""81801400351902964827518010893815029912705027268021454653199542615814095232568""]",97915091603155459784868048516320873700437964475849977393068106877216344320732|81801400351902964827518010893815029912705027268021454653199542615814095232568,81801400351902964827518010893815029912705027268021454653199542615814095232568,Club Atlético de Madrid,True,0.989,10.11,0.99,35.39,0.9895,0.0010000000000000009,0b9021af498ac582b31f59bf74cd184e6a5d807f,0.001,5,0.990,2532.66778,2054.3447950000004
2026-03-09T00:49:30Z,UCL,235054,ucl-atm1-tot-2026-03-10-more-markets,Club Atlético de Madrid vs. Tottenham Hotspur FC - More Markets,2026-02-27T19:20:06.795026Z,1456174,ucl-atm1-tot-2026-03-10-total-1pt5,Club Atlético de Madrid vs. Tottenham Hotspur FC: O/U 1.5,0xe8875293e83aff8c23310e4412c11dfa98461365239976593c85f9a4a12d9ad3,"[""1529334985425052965188863885084393721189036548284011020929352968256913078962"", ""88077900849581787311383645488041248742846159432904971856047427294107912082656""]",1529334985425052965188863885084393721189036548284011020929352968256913078962|88077900849581787311383645488041248742846159432904971856047427294107912082656,1529334985425052965188863885084393721189036548284011020929352968256913078962,Over,True,0.79,1306.21,0.81,1732.89,0.8,0.020000000000000018,65478355a9f44088bf6cdbd3c4e82bdef75c14b1,0.01,5,0.780,6926.3929,188.14805500000003
2026-03-09T00:49:30Z,UCL,235054,ucl-atm1-tot-2026-03-10-more-markets,Club Atlético de Madrid vs. Tottenham Hotspur FC - More Markets,2026-02-27T19:20:06.795026Z,1456174,ucl-atm1-tot-2026-03-10-total-1pt5,Club Atlético de Madrid vs. Tottenham Hotspur FC: O/U 1.5,0xe8875293e83aff8c23310e4412c11dfa98461365239976593c85f9a4a12d9ad3,"[""1529334985425052965188863885084393721189036548284011020929352968256913078962"", ""88077900849581787311383645488041248742846159432904971856047427294107912082656""]",1529334985425052965188863885084393721189036548284011020929352968256913078962|88077900849581787311383645488041248742846159432904971856047427294107912082656,88077900849581787311383645488041248742846159432904971856047427294107912082656,Under,True,0.19,1732.89,0.21,1306.21,0.2,0.01999999999999999,32a69da7bb6a62af1c2f52c0e145a3c5486c45c4,0.01,5,0.780,6926.3929,188.14805500000003
2026-03-09T00:49:30Z,UCL,235054,ucl-atm1-tot-2026-03-10-more-markets,Club Atlético de Madrid vs. Tottenham Hotspur FC - More Markets,2026-02-27T19:20:06.795026Z,1456175,ucl-atm1-tot-2026-03-10-total-2pt5,Club Atlético de Madrid vs. Tottenham Hotspur FC: O/U 2.5,0x7d2ce821a927d9e5d92c3b64e2653312ed1b10f231c39e2fb73d23e96404bca8,"[""75395211199685724401249824446584085141063507045119649838489385658325377671165"", ""71551253255189449954302884411448374707645624087638750578721226157747465034151""]",75395211199685724401249824446584085141063507045119649838489385658325377671165|71551253255189449954302884411448374707645624087638750578721226157747465034151,75395211199685724401249824446584085141063507045119649838489385658325377671165,Over,True,0.56,1954.23,0.58,2355.04,0.5700000000000001,0.019999999999999907,5bcfd42ae956299b7262e92b759652cf6f0a68b7,0.01,5,0.420,8575.3032,1374.5824739999998
2026-03-09T00:49:30Z,UCL,235054,ucl-atm1-tot-2026-03-10-more-markets,Club Atlético de Madrid vs. Tottenham Hotspur FC - More Markets,2026-02-27T19:20:06.795026Z,1456175,ucl-atm1-tot-2026-03-10-total-2pt5,Club Atlético de Madrid vs. Tottenham Hotspur FC: O/U 2.5,0x7d2ce821a927d9e5d92c3b64e2653312ed1b10f231c39e2fb73d23e96404bca8,"[""75395211199685724401249824446584085141063507045119649838489385658325377671165"", ""71551253255189449954302884411448374707645624087638750578721226157747465034151""]",75395211199685724401249824446584085141063507045119649838489385658325377671165|71551253255189449954302884411448374707645624087638750578721226157747465034151,71551253255189449954302884411448374707645624087638750578721226157747465034151,Under,True,0.42,2355.04,0.44,1954.23,0.43,0.020000000000000018,f46cdeb8d03e213411e40f3792fdacba9b39dfeb,0.01,5,0.420,8575.3032,1374.5824739999998
2026-03-09T00:49:30Z,UCL,235054,ucl-atm1-tot-2026-03-10-more-markets,Club Atlético de Madrid vs. Tottenham Hotspur FC - More Markets,2026-02-27T19:20:06.795026Z,1456176,ucl-atm1-tot-2026-03-10-total-3pt5,Club Atlético de Madrid vs. Tottenham Hotspur FC: O/U 3.5,0x07cd0c756836ed73c21dcfa21f7d1bb1c5a6ecfc3c6c75ceebc329d9494f1428,"[""71452141522581645317473029300583451923665211463722178253655766991543953420448"", ""71802859229415125658078646469398307784422980824281487492215641735948596568467""]",71452141522581645317473029300583451923665211463722178253655766991543953420448|71802859229415125658078646469398307784422980824281487492215641735948596568467,71452141522581645317473029300583451923665211463722178253655766991543953420448,Over,True,0.33,1637.67,0.35,1713.93,0.33999999999999997,0.019999999999999962,f86e92bd1ecc0f1930d3e43dfd30abbe7c6bc7d0,0.01,5,0.650,7707.9983,52.973299999999995
2026-03-09T00:49:30Z,UCL,235054,ucl-atm1-tot-2026-03-10-more-markets,Club Atlético de Madrid vs. Tottenham Hotspur FC - More Markets,2026-02-27T19:20:06.795026Z,1456176,ucl-atm1-tot-2026-03-10-total-3pt5,Club Atlético de Madrid vs. Tottenham Hotspur FC: O/U 3.5,0x07cd0c756836ed73c21dcfa21f7d1bb1c5a6ecfc3c6c75ceebc329d9494f1428,"[""71452141522581645317473029300583451923665211463722178253655766991543953420448"", ""71802859229415125658078646469398307784422980824281487492215641735948596568467""]",71452141522581645317473029300583451923665211463722178253655766991543953420448|71802859229415125658078646469398307784422980824281487492215641735948596568467,71802859229415125658078646469398307784422980824281487492215641735948596568467,Under,True,0.65,1713.93,0.67,1637.67,0.66,0.020000000000000018,a3deeb709d2005145e00bdc8d794d1e9b949b775,0.01,5,0.650,7707.9983,52.973299999999995
2026-03-09T00:49:30Z,UCL,235054,ucl-atm1-tot-2026-03-10-more-markets,Club Atlético de Madrid vs. Tottenham Hotspur FC - More Markets,2026-02-27T19:20:06.795026Z,1456177,ucl-atm1-tot-2026-03-10-total-4pt5,Club Atlético de Madrid vs. Tottenham Hotspur FC: O/U 4.5,0x2ce1b46c325e074ee9d9664bd288376635efc029bfe6d931ad4975b487e2fdfc,"[""53008162377743065395700716814090726319888734180779391657650156200970817288419"", ""51894209467579643342021770955546036861029046560337820616936374614618683499465""]",53008162377743065395700716814090726319888734180779391657650156200970817288419|51894209467579643342021770955546036861029046560337820616936374614618683499465,53008162377743065395700716814090726319888734180779391657650156200970817288419,Over,True,0.17,346.0,0.18,1342.2,0.175,0.009999999999999981,84ccbfe4123ae86d7f22573de259b422a0108762,0.01,5,,3807.6367,
2026-03-09T00:49:30Z,UCL,235054,ucl-atm1-tot-2026-03-10-more-markets,Club Atlético de Madrid vs. Tottenham Hotspur FC - More Markets,2026-02-27T19:20:06.795026Z,1456177,ucl-atm1-tot-2026-03-10-total-4pt5,Club Atlético de Madrid vs. Tottenham Hotspur FC: O/U 4.5,0x2ce1b46c325e074ee9d9664bd288376635efc029bfe6d931ad4975b487e2fdfc,"[""53008162377743065395700716814090726319888734180779391657650156200970817288419"", ""51894209467579643342021770955546036861029046560337820616936374614618683499465""]",53008162377743065395700716814090726319888734180779391657650156200970817288419|51894209467579643342021770955546036861029046560337820616936374614618683499465,51894209467579643342021770955546036861029046560337820616936374614618683499465,Under,True,0.82,1342.2,0.83,346.0,0.825,0.010000000000000009,3513b50687aebf2b6fc0cb98fb1718d3a6df19cc,0.01,5,,3807.6367,
2026-03-09T00:49:30Z,UCL,235054,ucl-atm1-tot-2026-03-10-more-markets,Club Atlético de Madrid vs. Tottenham Hotspur FC - More Markets,2026-02-27T19:20:06.795026Z,1456178,ucl-atm1-tot-2026-03-10-btts,Club Atlético de Madrid vs. Tottenham Hotspur FC: Both Teams to Score,0x598fad701c919ee111af1fee58c56ddf960a62eb06347c165e55146e91594b01,"[""48794022636109973535197268747041504693188148996798747374728194599471251054844"", ""89911429260793820635221834629939616401349049624940853317774637368547051778""]",48794022636109973535197268747041504693188148996798747374728194599471251054844|89911429260793820635221834629939616401349049624940853317774637368547051778,48794022636109973535197268747041504693188148996798747374728194599471251054844,Yes,True,0.53,300.0,0.54,700.0,0.535,0.010000000000000009,7b4cb8703283e141e8806412ff2e5fc19a461eea,0.01,5,0.530,6904.6535,60.005992000000006
2026-03-09T00:49:30Z,UCL,235054,ucl-atm1-tot-2026-03-10-more-markets,Club Atlético de Madrid vs. Tottenham Hotspur FC - More Markets,2026-02-27T19:20:06.795026Z,1456178,ucl-atm1-tot-2026-03-10-btts,Club Atlético de Madrid vs. Tottenham Hotspur FC: Both Teams to Score,0x598fad701c919ee111af1fee58c56ddf960a62eb06347c165e55146e91594b01,"[""48794022636109973535197268747041504693188148996798747374728194599471251054844"", ""89911429260793820635221834629939616401349049624940853317774637368547051778""]",48794022636109973535197268747041504693188148996798747374728194599471251054844|89911429260793820635221834629939616401349049624940853317774637368547051778,89911429260793820635221834629939616401349049624940853317774637368547051778,No,True,0.46,700.0,0.47,300.0,0.46499999999999997,0.009999999999999953,3466abf48658f237417fee54dd52946544073540,0.01,5,0.530,6904.6535,60.005992000000006
2026-03-09T00:49:30Z,UCL,235055,ucl-gal-liv1-2026-03-10-more-markets,Galatasaray SK vs. Liverpool FC - More Markets,2026-02-27T19:20:00.94736Z,1456179,ucl-gal-liv1-2026-03-10-spread-home-1pt5,Spread: Galatasaray SK (-1.5),0xe8b0125389449aab3957750051852d0c234abf94cae8d961183c457627c6f41d,"[""95167362064218906708975551286317104361245802460378986881801395956534518711316"", ""69807682766832134705877794363565161005687925395824379262559169787238353836064""]",95167362064218906708975551286317104361245802460378986881801395956534518711316|69807682766832134705877794363565161005687925395824379262559169787238353836064,95167362064218906708975551286317104361245802460378986881801395956534518711316,Galatasaray SK,True,0.08,1592.0,0.09,1174.63,0.08499999999999999,0.009999999999999995,e01e0792f50e7ea822a5f7da3449eb591fd1b03c,0.01,5,0.910,11170.7291,3043.888801
2026-03-09T00:49:30Z,UCL,235055,ucl-gal-liv1-2026-03-10-more-markets,Galatasaray SK vs. Liverpool FC - More Markets,2026-02-27T19:20:00.94736Z,1456179,ucl-gal-liv1-2026-03-10-spread-home-1pt5,Spread: Galatasaray SK (-1.5),0xe8b0125389449aab3957750051852d0c234abf94cae8d961183c457627c6f41d,"[""95167362064218906708975551286317104361245802460378986881801395956534518711316"", ""69807682766832134705877794363565161005687925395824379262559169787238353836064""]",95167362064218906708975551286317104361245802460378986881801395956534518711316|69807682766832134705877794363565161005687925395824379262559169787238353836064,69807682766832134705877794363565161005687925395824379262559169787238353836064,Liverpool FC,True,0.91,1174.63,0.92,1592.0,0.915,0.010000000000000009,afb6e94a19570cf7ed35025c7c3ace1130ee08c8,0.01,5,0.910,11170.7291,3043.888801
2026-03-09T00:49:30Z,UCL,235055,ucl-gal-liv1-2026-03-10-more-markets,Galatasaray SK vs. Liverpool FC - More Markets,2026-02-27T19:20:00.94736Z,1456180,ucl-gal-liv1-2026-03-10-spread-away-1pt5,Spread: Liverpool FC (-1.5),0x5f6a838f66534673e79e17cc159e95de2e8139ae84638be015ad9ee53e7a56aa,"[""85209634569049633829422128781398197265539337465797446229428599314749934471181"", ""47881257148095504187545906940805351263399017570809759280892969699630681010906""]",85209634569049633829422128781398197265539337465797446229428599314749934471181|47881257148095504187545906940805351263399017570809759280892969699630681010906,85209634569049633829422128781398197265539337465797446229428599314749934471181,Liverpool FC,True,0.32,55.0,0.33,1286.8,0.325,0.010000000000000009,78f89d7fbf6946e37c59fa33a47b189354058eda,0.01,5,0.670,7759.0839,214.244586
2026-03-09T00:49:30Z,UCL,235055,ucl-gal-liv1-2026-03-10-more-markets,Galatasaray SK vs. Liverpool FC - More Markets,2026-02-27T19:20:00.94736Z,1456180,ucl-gal-liv1-2026-03-10-spread-away-1pt5,Spread: Liverpool FC (-1.5),0x5f6a838f66534673e79e17cc159e95de2e8139ae84638be015ad9ee53e7a56aa,"[""85209634569049633829422128781398197265539337465797446229428599314749934471181"", ""47881257148095504187545906940805351263399017570809759280892969699630681010906""]",85209634569049633829422128781398197265539337465797446229428599314749934471181|47881257148095504187545906940805351263399017570809759280892969699630681010906,47881257148095504187545906940805351263399017570809759280892969699630681010906,Galatasaray SK,True,0.67,1286.8,0.68,55.0,0.675,0.010000000000000009,193b11489e6471bd115f38374c5f705fca2c25a0,0.01,5,0.670,7759.0839,214.244586
2026-03-09T00:49:30Z,UCL,235055,ucl-gal-liv1-2026-03-10-more-markets,Galatasaray SK vs. Liverpool FC - More Markets,2026-02-27T19:20:00.94736Z,1456181,ucl-gal-liv1-2026-03-10-spread-home-2pt5,Spread: Galatasaray SK (-2.5),0x175a15c3459e5256add14af28b18d18490a73a9bea3c9aac08f8a28f6d688826,"[""4712416766918595684380283123658606541312366793306045024266466327169082034085"", ""77872849320199719657856987602123696313054041367907706398036720483088442504622""]",4712416766918595684380283123658606541312366793306045024266466327169082034085|77872849320199719657856987602123696313054041367907706398036720483088442504622,4712416766918595684380283123658606541312366793306045024266466327169082034085,Galatasaray SK,True,0.02,1478.34,0.029,39.0,0.0245,0.009000000000000001,d2001cb366f6f81d7cab0fd105b37c7b7259a6cb,0.001,5,0.022,4304.21014,
2026-03-09T00:49:30Z,UCL,235055,ucl-gal-liv1-2026-03-10-more-markets,Galatasaray SK vs. Liverpool FC - More Markets,2026-02-27T19:20:00.94736Z,1456181,ucl-gal-liv1-2026-03-10-spread-home-2pt5,Spread: Galatasaray SK (-2.5),0x175a15c3459e5256add14af28b18d18490a73a9bea3c9aac08f8a28f6d688826,"[""4712416766918595684380283123658606541312366793306045024266466327169082034085"", ""77872849320199719657856987602123696313054041367907706398036720483088442504622""]",4712416766918595684380283123658606541312366793306045024266466327169082034085|77872849320199719657856987602123696313054041367907706398036720483088442504622,77872849320199719657856987602123696313054041367907706398036720483088442504622,Liverpool FC,True,0.971,39.0,0.98,1478.34,0.9755,0.009000000000000008,0d22ca9dc0d3f4ca912609b4c4aa8f84a1740e77,0.001,5,0.022,4304.21014,
2026-03-09T00:49:30Z,UCL,235055,ucl-gal-liv1-2026-03-10-more-markets,Galatasaray SK vs. Liverpool FC - More Markets,2026-02-27T19:20:00.94736Z,1456182,ucl-gal-liv1-2026-03-10-spread-away-2pt5,Spread: Liverpool FC (-2.5),0x2fd0ffe1464f9427cae925282a8415f1b60403b603c0ffb12f1697984e3c3de3,"[""61667883178591539143682748019347633737532475903435269437469895228795422811975"", ""90706641120021395167652513424034642711993633902173111822872598790587725455474""]",61667883178591539143682748019347633737532475903435269437469895228795422811975|90706641120021395167652513424034642711993633902173111822872598790587725455474,61667883178591539143682748019347633737532475903435269437469895228795422811975,Liverpool FC,True,0.15,1946.39,0.16,10.0,0.155,0.010000000000000009,b4055bc53a1298c679cb1ac47efcaffe544156b1,0.01,5,0.150,10675.9658,2145.154545
2026-03-09T00:49:30Z,UCL,235055,ucl-gal-liv1-2026-03-10-more-markets,Galatasaray SK vs. Liverpool FC - More Markets,2026-02-27T19:20:00.94736Z,1456182,ucl-gal-liv1-2026-03-10-spread-away-2pt5,Spread: Liverpool FC (-2.5),0x2fd0ffe1464f9427cae925282a8415f1b60403b603c0ffb12f1697984e3c3de3,"[""61667883178591539143682748019347633737532475903435269437469895228795422811975"", ""90706641120021395167652513424034642711993633902173111822872598790587725455474""]",61667883178591539143682748019347633737532475903435269437469895228795422811975|90706641120021395167652513424034642711993633902173111822872598790587725455474,90706641120021395167652513424034642711993633902173111822872598790587725455474,Galatasaray SK,True,0.84,10.0,0.85,1946.39,0.845,0.010000000000000009,ce7f9df0bea6985b2bbe099f34b9e308450a8042,0.01,5,0.150,10675.9658,2145.154545
2026-03-09T00:49:30Z,UCL,235055,ucl-gal-liv1-2026-03-10-more-markets,Galatasaray SK vs. Liverpool FC - More Markets,2026-02-27T19:20:00.94736Z,1456183,ucl-gal-liv1-2026-03-10-total-1pt5,Galatasaray SK vs. Liverpool FC: O/U 1.5,0x2baff1bf5e4771cc3728df56a825374733f3c9b3faa8da72e0572419f17efaa8,"[""114272436076579993156006679750078555145975747668079881983093157238223214149562"", ""58461452868937129082442278709199278858722124850561390779358717305446037403562""]",114272436076579993156006679750078555145975747668079881983093157238223214149562|58461452868937129082442278709199278858722124850561390779358717305446037403562,114272436076579993156006679750078555145975747668079881983093157238223214149562,Over,True,0.83,1271.96,0.85,1749.0,0.84,0.020000000000000018,f76181a5acacfc97cbc05fadc96cb8777c86e855,0.01,5,0.830,2382.9016,59.255799999999994
2026-03-09T00:49:30Z,UCL,235055,ucl-gal-liv1-2026-03-10-more-markets,Galatasaray SK vs. Liverpool FC - More Markets,2026-02-27T19:20:00.94736Z,1456183,ucl-gal-liv1-2026-03-10-total-1pt5,Galatasaray SK vs. Liverpool FC: O/U 1.5,0x2baff1bf5e4771cc3728df56a825374733f3c9b3faa8da72e0572419f17efaa8,"[""114272436076579993156006679750078555145975747668079881983093157238223214149562"", ""58461452868937129082442278709199278858722124850561390779358717305446037403562""]",114272436076579993156006679750078555145975747668079881983093157238223214149562|58461452868937129082442278709199278858722124850561390779358717305446037403562,58461452868937129082442278709199278858722124850561390779358717305446037403562,Under,True,0.15,1749.0,0.17,1271.96,0.16,0.020000000000000018,2532d191996927e92da9c9db30e87dbcb8cf16f9,0.01,5,0.830,2382.9016,59.255799999999994
2026-03-09T00:49:30Z,UCL,235055,ucl-gal-liv1-2026-03-10-more-markets,Galatasaray SK vs. Liverpool FC - More Markets,2026-02-27T19:20:00.94736Z,1456184,ucl-gal-liv1-2026-03-10-total-2pt5,Galatasaray SK vs. Liverpool FC: O/U 2.5,0x3d5ccd1836190e7e1df3fe67bfe3e4b5af10301c53096e021317f874fabc3a45,"[""66464349069975424019786071487460435214243805623838484002034991177895807287703"", ""9841054262338147399369003820334817280087628474979924086072812183215564648074""]",66464349069975424019786071487460435214243805623838484002034991177895807287703|9841054262338147399369003820334817280087628474979924086072812183215564648074,66464349069975424019786071487460435214243805623838484002034991177895807287703,Over,True,0.63,1969.08,0.64,1.87,0.635,0.010000000000000009,bcc338dd8c6d0e3f43319f098e39af277aeab514,0.01,5,0.360,28685.2857,2699.9367100000013
2026-03-09T00:49:30Z,UCL,235055,ucl-gal-liv1-2026-03-10-more-markets,Galatasaray SK vs. Liverpool FC - More Markets,2026-02-27T19:20:00.94736Z,1456184,ucl-gal-liv1-2026-03-10-total-2pt5,Galatasaray SK vs. Liverpool FC: O/U 2.5,0x3d5ccd1836190e7e1df3fe67bfe3e4b5af10301c53096e021317f874fabc3a45,"[""66464349069975424019786071487460435214243805623838484002034991177895807287703"", ""9841054262338147399369003820334817280087628474979924086072812183215564648074""]",66464349069975424019786071487460435214243805623838484002034991177895807287703|9841054262338147399369003820334817280087628474979924086072812183215564648074,9841054262338147399369003820334817280087628474979924086072812183215564648074,Under,True,0.36,1.87,0.37,1969.08,0.365,0.010000000000000009,8c592836179a2f9e015dd4fffa059eb398a9aa58,0.01,5,0.360,28685.2857,2699.9367100000013
2026-03-09T00:49:30Z,UCL,235055,ucl-gal-liv1-2026-03-10-more-markets,Galatasaray SK vs. Liverpool FC - More Markets,2026-02-27T19:20:00.94736Z,1456185,ucl-gal-liv1-2026-03-10-total-3pt5,Galatasaray SK vs. Liverpool FC: O/U 3.5,0x73b338e4d5cb78db9a63cb0f225fc008224448d0c9944a21e13145783fd13939,"[""13880814971288661510330691748763866282760141594996322391024606537343349112255"", ""9270957082719644769475496576074064288714508849811957432840461585416395658381""]",13880814971288661510330691748763866282760141594996322391024606537343349112255|9270957082719644769475496576074064288714508849811957432840461585416395658381,13880814971288661510330691748763866282760141594996322391024606537343349112255,Over,True,0.41,154.0,0.42,1913.8,0.415,0.010000000000000009,817c8f23f6648d1ffc111bf9df22f0cfab01f9f2,0.01,5,0.580,12070.9865,3431.1187050000003
2026-03-09T00:49:30Z,UCL,235055,ucl-gal-liv1-2026-03-10-more-markets,Galatasaray SK vs. Liverpool FC - More Markets,2026-02-27T19:20:00.94736Z,1456185,ucl-gal-liv1-2026-03-10-total-3pt5,Galatasaray SK vs. Liverpool FC: O/U 3.5,0x73b338e4d5cb78db9a63cb0f225fc008224448d0c9944a21e13145783fd13939,"[""13880814971288661510330691748763866282760141594996322391024606537343349112255"", ""9270957082719644769475496576074064288714508849811957432840461585416395658381""]",13880814971288661510330691748763866282760141594996322391024606537343349112255|9270957082719644769475496576074064288714508849811957432840461585416395658381,9270957082719644769475496576074064288714508849811957432840461585416395658381,Under,True,0.58,1913.8,0.59,154.0,0.585,0.010000000000000009,4b19d4c451afca35d49a1ac1686ab84cd9abcd81,0.01,5,0.580,12070.9865,3431.1187050000003
2026-03-09T00:49:30Z,UCL,235055,ucl-gal-liv1-2026-03-10-more-markets,Galatasaray SK vs. Liverpool FC - More Markets,2026-02-27T19:20:00.94736Z,1456186,ucl-gal-liv1-2026-03-10-total-4pt5,Galatasaray SK vs. Liverpool FC: O/U 4.5,0x9edc7962ed2f2685825b65be87daa2c719156d0ce9c9b546a571127c2215bd0a,"[""8691087148663789501616486296724952415866637941172350980490302218085999100958"", ""77095565592117868346908158850091648105086888410549187256441204147917298143738""]",8691087148663789501616486296724952415866637941172350980490302218085999100958|77095565592117868346908158850091648105086888410549187256441204147917298143738,8691087148663789501616486296724952415866637941172350980490302218085999100958,Over,True,0.22,328.0,0.23,1434.62,0.225,0.010000000000000009,88965608636ee57ebd1de9db08f0f5e64f6b0827,0.01,5,0.770,8009.6215,349.322447
2026-03-09T00:49:30Z,UCL,235055,ucl-gal-liv1-2026-03-10-more-markets,Galatasaray SK vs. Liverpool FC - More Markets,2026-02-27T19:20:00.94736Z,1456186,ucl-gal-liv1-2026-03-10-total-4pt5,Galatasaray SK vs. Liverpool FC: O/U 4.5,0x9edc7962ed2f2685825b65be87daa2c719156d0ce9c9b546a571127c2215bd0a,"[""8691087148663789501616486296724952415866637941172350980490302218085999100958"", ""77095565592117868346908158850091648105086888410549187256441204147917298143738""]",8691087148663789501616486296724952415866637941172350980490302218085999100958|77095565592117868346908158850091648105086888410549187256441204147917298143738,77095565592117868346908158850091648105086888410549187256441204147917298143738,Under,True,0.77,1434.62,0.78,328.0,0.775,0.010000000000000009,9baf2aece8251e9679a9feaac5c2b5350862fb64,0.01,5,0.770,8009.6215,349.322447
2026-03-09T00:49:30Z,UCL,235055,ucl-gal-liv1-2026-03-10-more-markets,Galatasaray SK vs. Liverpool FC - More Markets,2026-02-27T19:20:00.94736Z,1456187,ucl-gal-liv1-2026-03-10-btts,Galatasaray SK vs. Liverpool FC: Both Teams to Score,0x221eb35a8e2ec2f9fffcc72d5ae081922206a809bc4cc9af69d260c68fad4e6a,"[""12038759401838138961314709428062023984607382924404194568672439004245328613011"", ""13949953950039496794921034704312064161731509410468037607999330251799447671786""]",12038759401838138961314709428062023984607382924404194568672439004245328613011|13949953950039496794921034704312064161731509410468037607999330251799447671786,12038759401838138961314709428062023984607382924404194568672439004245328613011,Yes,True,0.61,611.36,0.63,368.5,0.62,0.020000000000000018,6c70076c5a28f49ba66dfe2a62ff91b717b6da32,0.01,5,0.610,4596.7707,777.9479079999999
2026-03-09T00:49:30Z,UCL,235055,ucl-gal-liv1-2026-03-10-more-markets,Galatasaray SK vs. Liverpool FC - More Markets,2026-02-27T19:20:00.94736Z,1456187,ucl-gal-liv1-2026-03-10-btts,Galatasaray SK vs. Liverpool FC: Both Teams to Score,0x221eb35a8e2ec2f9fffcc72d5ae081922206a809bc4cc9af69d260c68fad4e6a,"[""12038759401838138961314709428062023984607382924404194568672439004245328613011"", ""13949953950039496794921034704312064161731509410468037607999330251799447671786""]",12038759401838138961314709428062023984607382924404194568672439004245328613011|13949953950039496794921034704312064161731509410468037607999330251799447671786,13949953950039496794921034704312064161731509410468037607999330251799447671786,No,True,0.37,368.5,0.39,611.36,0.38,0.020000000000000018,6cb758d280baa24863ded60f50e3356374fd303a,0.01,5,0.610,4596.7707,777.9479079999999
2026-03-09T00:49:30Z,UCL,235209,ucl-rma1-mnc1-2026-03-11-halftime-result,Real Madrid CF vs. Manchester City FC - Halftime Result,2026-02-27T22:43:12.045282Z,1457518,ucl-rma1-mnc1-2026-03-11-halftime-result-home,Real Madrid CF leading at halftime?,0x968eb463d266e2b2b7c62676f797c4d4a492de27411ccec21c13ce3ad5daba04,"[""7270958527341196628663199185112800894580317466508675387135035196678497617253"", ""67088662784907692137460865787944417178422660049289497766659986984584267047183""]",7270958527341196628663199185112800894580317466508675387135035196678497617253|67088662784907692137460865787944417178422660049289497766659986984584267047183,7270958527341196628663199185112800894580317466508675387135035196678497617253,Yes,True,0.23,300.0,0.36,300.0,0.295,0.12999999999999998,937c7b91f5c0347fd797a0e6c9ae85fa63d69f25,0.01,5,,423.8758,
2026-03-09T00:49:30Z,UCL,235209,ucl-rma1-mnc1-2026-03-11-halftime-result,Real Madrid CF vs. Manchester City FC - Halftime Result,2026-02-27T22:43:12.045282Z,1457518,ucl-rma1-mnc1-2026-03-11-halftime-result-home,Real Madrid CF leading at halftime?,0x968eb463d266e2b2b7c62676f797c4d4a492de27411ccec21c13ce3ad5daba04,"[""7270958527341196628663199185112800894580317466508675387135035196678497617253"", ""67088662784907692137460865787944417178422660049289497766659986984584267047183""]",7270958527341196628663199185112800894580317466508675387135035196678497617253|67088662784907692137460865787944417178422660049289497766659986984584267047183,67088662784907692137460865787944417178422660049289497766659986984584267047183,No,True,0.64,300.0,0.77,300.0,0.7050000000000001,0.13,8e25f1b9ee585a17ff4f1a399558144ae34a5677,0.01,5,,423.8758,
2026-03-09T00:49:30Z,UCL,235209,ucl-rma1-mnc1-2026-03-11-halftime-result,Real Madrid CF vs. Manchester City FC - Halftime Result,2026-02-27T22:43:12.045282Z,1457520,ucl-rma1-mnc1-2026-03-11-halftime-result-away,Manchester City FC leading at halftime?,0xf4179bfba0dcf8c929ec553d7c1cd566b4165900b09cdc336418617d6acd139f,"[""39798666905845125172749108064626806081622139350721173341733183435606382619662"", ""90045172857075807497282415020921130503292073588657242602840165048678319911965""]",39798666905845125172749108064626806081622139350721173341733183435606382619662|90045172857075807497282415020921130503292073588657242602840165048678319911965,39798666905845125172749108064626806081622139350721173341733183435606382619662,Yes,True,0.28,300.0,0.4,300.0,0.34,0.12,7ddf649599ab92e0d59628137644fc4704fc01b1,0.01,5,,417.1475,
2026-03-09T00:49:30Z,UCL,235209,ucl-rma1-mnc1-2026-03-11-halftime-result,Real Madrid CF vs. Manchester City FC - Halftime Result,2026-02-27T22:43:12.045282Z,1457520,ucl-rma1-mnc1-2026-03-11-halftime-result-away,Manchester City FC leading at halftime?,0xf4179bfba0dcf8c929ec553d7c1cd566b4165900b09cdc336418617d6acd139f,"[""39798666905845125172749108064626806081622139350721173341733183435606382619662"", ""90045172857075807497282415020921130503292073588657242602840165048678319911965""]",39798666905845125172749108064626806081622139350721173341733183435606382619662|90045172857075807497282415020921130503292073588657242602840165048678319911965,90045172857075807497282415020921130503292073588657242602840165048678319911965,No,True,0.6,300.0,0.72,300.0,0.6599999999999999,0.12,9ff2697d4f813c7f321f5edd4c94dddd31d4d669,0.01,5,,417.1475,
2026-03-09T00:49:30Z,UCL,235209,ucl-rma1-mnc1-2026-03-11-halftime-result,Real Madrid CF vs. Manchester City FC - Halftime Result,2026-02-27T22:43:12.045282Z,1457519,ucl-rma1-mnc1-2026-03-11-halftime-result-draw,Real Madrid CF vs. Manchester City FC: Draw at halftime?,0xcbc71e9af038d290fbfd87ad940c99ca4f8ff225f576b5dd2904165d789b3e0a,"[""97545961084999684328574074280808865216396589164513023244468153181622772667479"", ""24203760010078307240609491476967765387420033059189672028869677618456520543930""]",97545961084999684328574074280808865216396589164513023244468153181622772667479|24203760010078307240609491476967765387420033059189672028869677618456520543930,97545961084999684328574074280808865216396589164513023244468153181622772667479,Yes,True,0.05,26.69,0.49,20.0,0.27,0.44,f99a7a08b9a2ca059dc39365d4ae6344bf750b65,0.01,5,,283.9915,
2026-03-09T00:49:30Z,UCL,235209,ucl-rma1-mnc1-2026-03-11-halftime-result,Real Madrid CF vs. Manchester City FC - Halftime Result,2026-02-27T22:43:12.045282Z,1457519,ucl-rma1-mnc1-2026-03-11-halftime-result-draw,Real Madrid CF vs. Manchester City FC: Draw at halftime?,0xcbc71e9af038d290fbfd87ad940c99ca4f8ff225f576b5dd2904165d789b3e0a,"[""97545961084999684328574074280808865216396589164513023244468153181622772667479"", ""24203760010078307240609491476967765387420033059189672028869677618456520543930""]",97545961084999684328574074280808865216396589164513023244468153181622772667479|24203760010078307240609491476967765387420033059189672028869677618456520543930,24203760010078307240609491476967765387420033059189672028869677618456520543930,No,True,0.51,20.0,0.95,26.69,0.73,0.43999999999999995,cdf6026b6a616e2c06517a9748a8b7a02db0a10b,0.01,5,,283.9915,
2026-03-09T00:49:30Z,UCL,235210,ucl-psg1-cfc1-2026-03-11-halftime-result,Paris Saint-Germain FC vs. Chelsea FC - Halftime Result,2026-02-27T23:53:20.441194Z,1457523,ucl-psg1-cfc1-2026-03-11-halftime-result-away,Chelsea FC leading at halftime?,0xbfe50804dbe17842551a3587c772bc861c282003926c7cfac2e81ac8b85fba03,"[""48338727406293344425871918367399435547091857875859729293028484103127151558317"", ""36890532357493149525807684616077441745085590221449690299900127948257486484536""]",48338727406293344425871918367399435547091857875859729293028484103127151558317|36890532357493149525807684616077441745085590221449690299900127948257486484536,48338727406293344425871918367399435547091857875859729293028484103127151558317,Yes,True,0.06,14.55,0.87,15.0,0.46499999999999997,0.81,d7bc5f317c358953b9d47eed3789858aa35c0922,0.01,5,,43.4847,
2026-03-09T00:49:30Z,UCL,235210,ucl-psg1-cfc1-2026-03-11-halftime-result,Paris Saint-Germain FC vs. Chelsea FC - Halftime Result,2026-02-27T23:53:20.441194Z,1457523,ucl-psg1-cfc1-2026-03-11-halftime-result-away,Chelsea FC leading at halftime?,0xbfe50804dbe17842551a3587c772bc861c282003926c7cfac2e81ac8b85fba03,"[""48338727406293344425871918367399435547091857875859729293028484103127151558317"", ""36890532357493149525807684616077441745085590221449690299900127948257486484536""]",48338727406293344425871918367399435547091857875859729293028484103127151558317|36890532357493149525807684616077441745085590221449690299900127948257486484536,36890532357493149525807684616077441745085590221449690299900127948257486484536,No,True,0.13,15.0,0.94,14.55,0.5349999999999999,0.8099999999999999,02800c48b7bc54a62a5aeeb2842f054b0579db53,0.01,5,,43.4847,
2026-03-09T00:49:30Z,UCL,235210,ucl-psg1-cfc1-2026-03-11-halftime-result,Paris Saint-Germain FC vs. Chelsea FC - Halftime Result,2026-02-27T23:53:20.441194Z,1457521,ucl-psg1-cfc1-2026-03-11-halftime-result-home,Paris Saint-Germain FC leading at halftime?,0x6aba329d8aea0a5eafcdc9ab12a12c61c823028f26d200460bbbf9514fc2f55b,"[""74351384363451617734456368280418394508126036041676447147406924193783970044294"", ""100797920638148068288712350868406626583910330243222321617736606582507707031898""]",74351384363451617734456368280418394508126036041676447147406924193783970044294|100797920638148068288712350868406626583910330243222321617736606582507707031898,74351384363451617734456368280418394508126036041676447147406924193783970044294,Yes,True,0.07,17.14,0.92,12.37,0.495,0.8500000000000001,fab286bdd8fc64c679c379332c7d6ac9127383f7,0.01,5,,37.685,
2026-03-09T00:49:30Z,UCL,235210,ucl-psg1-cfc1-2026-03-11-halftime-result,Paris Saint-Germain FC vs. Chelsea FC - Halftime Result,2026-02-27T23:53:20.441194Z,1457521,ucl-psg1-cfc1-2026-03-11-halftime-result-home,Paris Saint-Germain FC leading at halftime?,0x6aba329d8aea0a5eafcdc9ab12a12c61c823028f26d200460bbbf9514fc2f55b,"[""74351384363451617734456368280418394508126036041676447147406924193783970044294"", ""100797920638148068288712350868406626583910330243222321617736606582507707031898""]",74351384363451617734456368280418394508126036041676447147406924193783970044294|100797920638148068288712350868406626583910330243222321617736606582507707031898,100797920638148068288712350868406626583910330243222321617736606582507707031898,No,True,0.08,12.37,0.93,17.14,0.505,0.8500000000000001,600c28f29b757a2f77bf285750f4f7487f9aca81,0.01,5,,37.685,
2026-03-09T00:49:30Z,UCL,235210,ucl-psg1-cfc1-2026-03-11-halftime-result,Paris Saint-Germain FC vs. Chelsea FC - Halftime Result,2026-02-27T23:53:20.441194Z,1457522,ucl-psg1-cfc1-2026-03-11-halftime-result-draw,Paris Saint-Germain FC vs. Chelsea FC: Draw at halftime?,0x66779ac779fdc84c94d3c62105231c27e90dc1839131cbe3e10136c7f0d07548,"[""91096380097519103041157725582288570827041479807918839406270317311193749858550"", ""31022137904475806489117383802970454745597053432125601968734685411845257548344""]",91096380097519103041157725582288570827041479807918839406270317311193749858550|31022137904475806489117383802970454745597053432125601968734685411845257548344,91096380097519103041157725582288570827041479807918839406270317311193749858550,Yes,True,0.07,7.14,0.91,16.76,0.49,0.8400000000000001,091ace83513f150063bbb7679decf7fd46c4486a,0.01,5,,31.246,
2026-03-09T00:49:30Z,UCL,235210,ucl-psg1-cfc1-2026-03-11-halftime-result,Paris Saint-Germain FC vs. Chelsea FC - Halftime Result,2026-02-27T23:53:20.441194Z,1457522,ucl-psg1-cfc1-2026-03-11-halftime-result-draw,Paris Saint-Germain FC vs. Chelsea FC: Draw at halftime?,0x66779ac779fdc84c94d3c62105231c27e90dc1839131cbe3e10136c7f0d07548,"[""91096380097519103041157725582288570827041479807918839406270317311193749858550"", ""31022137904475806489117383802970454745597053432125601968734685411845257548344""]",91096380097519103041157725582288570827041479807918839406270317311193749858550|31022137904475806489117383802970454745597053432125601968734685411845257548344,31022137904475806489117383802970454745597053432125601968734685411845257548344,No,True,0.09,16.76,0.93,7.14,0.51,0.8400000000000001,fbed4d452821f350f890f700dfeacb00cde188e4,0.01,5,,31.246,
2026-03-09T00:49:30Z,UCL,235211,ucl-lev-ars-2026-03-11-halftime-result,Bayer 04 Leverkusen vs. Arsenal FC - Halftime Result,2026-02-27T23:23:45.443572Z,1457524,ucl-lev-ars-2026-03-11-halftime-result-home,Bayer 04 Leverkusen leading at halftime?,0x618905fb614af4900f4b48b2da5ebd530d32f50069ab54923e93647db6cef0b0,"[""78453910084755994914705342135544041746249829706832832483191722792946208009471"", ""47086049129708296327752807591449899933018599172682788962446717226599874450075""]",78453910084755994914705342135544041746249829706832832483191722792946208009471|47086049129708296327752807591449899933018599172682788962446717226599874450075,78453910084755994914705342135544041746249829706832832483191722792946208009471,Yes,True,0.06,30.0,0.26,300.0,0.16,0.2,512efd241ec7de3077049cce613526ab70969c4c,0.01,5,,942.779,
2026-03-09T00:49:30Z,UCL,235211,ucl-lev-ars-2026-03-11-halftime-result,Bayer 04 Leverkusen vs. Arsenal FC - Halftime Result,2026-02-27T23:23:45.443572Z,1457524,ucl-lev-ars-2026-03-11-halftime-result-home,Bayer 04 Leverkusen leading at halftime?,0x618905fb614af4900f4b48b2da5ebd530d32f50069ab54923e93647db6cef0b0,"[""78453910084755994914705342135544041746249829706832832483191722792946208009471"", ""47086049129708296327752807591449899933018599172682788962446717226599874450075""]",78453910084755994914705342135544041746249829706832832483191722792946208009471|47086049129708296327752807591449899933018599172682788962446717226599874450075,47086049129708296327752807591449899933018599172682788962446717226599874450075,No,True,0.74,300.0,0.94,30.0,0.84,0.19999999999999996,3567faebc6b7aa44aaed5cefa0e68e67799e3003,0.01,5,,942.779,
2026-03-09T00:49:30Z,UCL,235211,ucl-lev-ars-2026-03-11-halftime-result,Bayer 04 Leverkusen vs. Arsenal FC - Halftime Result,2026-02-27T23:23:45.443572Z,1457525,ucl-lev-ars-2026-03-11-halftime-result-draw,Bayer 04 Leverkusen vs. Arsenal FC: Draw at halftime?,0xf0ea94f7c487dd72e1af8d8af04eaba844bec3f7dae5c26c4eceb67f8bfa5332,"[""104970199518625722932455629532427422682245756430101806490872114362907616968946"", ""56401259890854542991619108084182250802364118196512408945935344064849725586821""]",104970199518625722932455629532427422682245756430101806490872114362907616968946|56401259890854542991619108084182250802364118196512408945935344064849725586821,104970199518625722932455629532427422682245756430101806490872114362907616968946,Yes,True,0.33,300.0,0.37,8.06,0.35,0.03999999999999998,00880eae67a4439705f142fef5e09a045b610c71,0.01,5,0.620,1856.5388,8.19
2026-03-09T00:49:30Z,UCL,235211,ucl-lev-ars-2026-03-11-halftime-result,Bayer 04 Leverkusen vs. Arsenal FC - Halftime Result,2026-02-27T23:23:45.443572Z,1457525,ucl-lev-ars-2026-03-11-halftime-result-draw,Bayer 04 Leverkusen vs. Arsenal FC: Draw at halftime?,0xf0ea94f7c487dd72e1af8d8af04eaba844bec3f7dae5c26c4eceb67f8bfa5332,"[""104970199518625722932455629532427422682245756430101806490872114362907616968946"", ""56401259890854542991619108084182250802364118196512408945935344064849725586821""]",104970199518625722932455629532427422682245756430101806490872114362907616968946|56401259890854542991619108084182250802364118196512408945935344064849725586821,56401259890854542991619108084182250802364118196512408945935344064849725586821,No,True,0.63,8.06,0.67,300.0,0.65,0.040000000000000036,b6021770fe56b4d7875b237e9b58ceb2f565e585,0.01,5,0.620,1856.5388,8.19
2026-03-09T00:49:30Z,UCL,235211,ucl-lev-ars-2026-03-11-halftime-result,Bayer 04 Leverkusen vs. Arsenal FC - Halftime Result,2026-02-27T23:23:45.443572Z,1457526,ucl-lev-ars-2026-03-11-halftime-result-away,Arsenal FC leading at halftime?,0x1ddb55b0c51599217ece690b2e78e4c6b3c7abffd6b4e196d1dc679ce419d4ac,"[""13378816477660745147976923752971098328588409795406141127958058577117706459771"", ""70465441398653667030754623860417113254888914281728819845380825104501732960632""]",13378816477660745147976923752971098328588409795406141127958058577117706459771|70465441398653667030754623860417113254888914281728819845380825104501732960632,13378816477660745147976923752971098328588409795406141127958058577117706459771,Yes,True,0.38,2287.0,0.67,607.0,0.525,0.29000000000000004,c7ba4cbb06171769a88466a84a13a1217b75ba7a,0.01,5,0.490,1642.4437,520
2026-03-09T00:49:30Z,UCL,235211,ucl-lev-ars-2026-03-11-halftime-result,Bayer 04 Leverkusen vs. Arsenal FC - Halftime Result,2026-02-27T23:23:45.443572Z,1457526,ucl-lev-ars-2026-03-11-halftime-result-away,Arsenal FC leading at halftime?,0x1ddb55b0c51599217ece690b2e78e4c6b3c7abffd6b4e196d1dc679ce419d4ac,"[""13378816477660745147976923752971098328588409795406141127958058577117706459771"", ""70465441398653667030754623860417113254888914281728819845380825104501732960632""]",13378816477660745147976923752971098328588409795406141127958058577117706459771|70465441398653667030754623860417113254888914281728819845380825104501732960632,70465441398653667030754623860417113254888914281728819845380825104501732960632,No,True,0.33,607.0,0.62,2287.0,0.475,0.29,dd78818dd0b12bba37ceba10f1bbb36dc8ca6860,0.01,5,0.490,1642.4437,520
2026-03-09T00:49:30Z,UCL,235212,ucl-new-fcb1-2026-03-10-halftime-result,Newcastle United FC vs. FC Barcelona - Halftime Result,2026-02-27T22:19:24.868087Z,1457527,ucl-new-fcb1-2026-03-10-halftime-result-home,Newcastle United FC leading at halftime?,0x0fcc78723008ca658ef3a1a199fe31e4dfc0eb9f508031770f9227445d8fe1cc,"[""4219867551282804575555713745207195084479083490128089476173064689317697165449"", ""68827609937713510437716335340257126028364114947168953090771472523137687854774""]",4219867551282804575555713745207195084479083490128089476173064689317697165449|68827609937713510437716335340257126028364114947168953090771472523137687854774,4219867551282804575555713745207195084479083490128089476173064689317697165449,Yes,True,0.29,22.0,0.39,36.0,0.33999999999999997,0.10000000000000003,ed69533a658f2753c643fe3ffdd656c802a233ea,0.01,5,0.290,1032.3738,5
2026-03-09T00:49:30Z,UCL,235212,ucl-new-fcb1-2026-03-10-halftime-result,Newcastle United FC vs. FC Barcelona - Halftime Result,2026-02-27T22:19:24.868087Z,1457527,ucl-new-fcb1-2026-03-10-halftime-result-home,Newcastle United FC leading at halftime?,0x0fcc78723008ca658ef3a1a199fe31e4dfc0eb9f508031770f9227445d8fe1cc,"[""4219867551282804575555713745207195084479083490128089476173064689317697165449"", ""68827609937713510437716335340257126028364114947168953090771472523137687854774""]",4219867551282804575555713745207195084479083490128089476173064689317697165449|68827609937713510437716335340257126028364114947168953090771472523137687854774,68827609937713510437716335340257126028364114947168953090771472523137687854774,No,True,0.61,36.0,0.71,22.0,0.6599999999999999,0.09999999999999998,b8958cf4c911e659fbfbc1abfd55b38aa5e60655,0.01,5,0.290,1032.3738,5
2026-03-09T00:49:30Z,UCL,235212,ucl-new-fcb1-2026-03-10-halftime-result,Newcastle United FC vs. FC Barcelona - Halftime Result,2026-02-27T22:19:24.868087Z,1457529,ucl-new-fcb1-2026-03-10-halftime-result-away,FC Barcelona leading at halftime?,0xbf16376510be6c43a882ddb17f5992aa1a9b36b4470577f5272fd3a96bb64919,"[""72989853273169635670847001255831383001876462556357908919934241748769293121943"", ""103814879303709116405048674150966463902107007944858609980691143961580077259841""]",72989853273169635670847001255831383001876462556357908919934241748769293121943|103814879303709116405048674150966463902107007944858609980691143961580077259841,72989853273169635670847001255831383001876462556357908919934241748769293121943,Yes,True,0.27,10.0,0.33,43.85,0.30000000000000004,0.06,07b6b5386c3a97e2cdbca59f2556d6fa97ce0aed,0.01,5,0.570,1097.4476,2630.6895640000002
2026-03-09T00:49:30Z,UCL,235212,ucl-new-fcb1-2026-03-10-halftime-result,Newcastle United FC vs. FC Barcelona - Halftime Result,2026-02-27T22:19:24.868087Z,1457529,ucl-new-fcb1-2026-03-10-halftime-result-away,FC Barcelona leading at halftime?,0xbf16376510be6c43a882ddb17f5992aa1a9b36b4470577f5272fd3a96bb64919,"[""72989853273169635670847001255831383001876462556357908919934241748769293121943"", ""103814879303709116405048674150966463902107007944858609980691143961580077259841""]",72989853273169635670847001255831383001876462556357908919934241748769293121943|103814879303709116405048674150966463902107007944858609980691143961580077259841,103814879303709116405048674150966463902107007944858609980691143961580077259841,No,True,0.67,43.85,0.73,10.0,0.7,0.05999999999999994,9ac851ae3b635aad65c90234863f240773338b36,0.01,5,0.570,1097.4476,2630.6895640000002
2026-03-09T00:49:30Z,UCL,235212,ucl-new-fcb1-2026-03-10-halftime-result,Newcastle United FC vs. FC Barcelona - Halftime Result,2026-02-27T22:19:24.868087Z,1457528,ucl-new-fcb1-2026-03-10-halftime-result-draw,Newcastle United FC vs. FC Barcelona: Draw at halftime?,0x911b348ebe53f1276afbeb73f91c2cb416bd418ae985f48c98d8bcfe956be964,"[""105696971707595349333538050895168568095229618798894851672146315856389778684687"", ""106080585897622081983482297178251271543660263138547744014409770365969360707268""]",105696971707595349333538050895168568095229618798894851672146315856389778684687|106080585897622081983482297178251271543660263138547744014409770365969360707268,105696971707595349333538050895168568095229618798894851672146315856389778684687,Yes,True,0.36,11.0,0.47,60.0,0.415,0.10999999999999999,90c0faf3d2e3884ff65cec90d07051a86562133c,0.01,5,0.360,951.1528,5
2026-03-09T00:49:30Z,UCL,235212,ucl-new-fcb1-2026-03-10-halftime-result,Newcastle United FC vs. FC Barcelona - Halftime Result,2026-02-27T22:19:24.868087Z,1457528,ucl-new-fcb1-2026-03-10-halftime-result-draw,Newcastle United FC vs. FC Barcelona: Draw at halftime?,0x911b348ebe53f1276afbeb73f91c2cb416bd418ae985f48c98d8bcfe956be964,"[""105696971707595349333538050895168568095229618798894851672146315856389778684687"", ""106080585897622081983482297178251271543660263138547744014409770365969360707268""]",105696971707595349333538050895168568095229618798894851672146315856389778684687|106080585897622081983482297178251271543660263138547744014409770365969360707268,106080585897622081983482297178251271543660263138547744014409770365969360707268,No,True,0.53,60.0,0.64,11.0,0.585,0.10999999999999999,d41e9169eb41f194148e4eda85bdb7c8db12ceb5,0.01,5,0.360,951.1528,5
2026-03-09T00:49:30Z,UCL,235213,ucl-ata1-bay1-2026-03-10-halftime-result,Atalanta BC vs. FC Bayern München - Halftime Result,2026-02-27T21:09:16.90752Z,1457530,ucl-ata1-bay1-2026-03-10-halftime-result-home,Atalanta BC leading at halftime?,0xc7620866036fdcff7162285311a98e79f1144b0f0fd8586c292cb81e3ece677f,"[""16054959168615889930792105354477797079736604555776507663658263166039980274058"", ""61188989872150624483712386495871971803015612234027156729911260527409885636695""]",16054959168615889930792105354477797079736604555776507663658263166039980274058|61188989872150624483712386495871971803015612234027156729911260527409885636695,16054959168615889930792105354477797079736604555776507663658263166039980274058,Yes,True,0.05,23.0,0.29,820.0,0.16999999999999998,0.24,d5f3005af7fa3287fd28dd101117e9deed1ddfe3,0.01,5,,656.6848,
2026-03-09T00:49:30Z,UCL,235213,ucl-ata1-bay1-2026-03-10-halftime-result,Atalanta BC vs. FC Bayern München - Halftime Result,2026-02-27T21:09:16.90752Z,1457530,ucl-ata1-bay1-2026-03-10-halftime-result-home,Atalanta BC leading at halftime?,0xc7620866036fdcff7162285311a98e79f1144b0f0fd8586c292cb81e3ece677f,"[""16054959168615889930792105354477797079736604555776507663658263166039980274058"", ""61188989872150624483712386495871971803015612234027156729911260527409885636695""]",16054959168615889930792105354477797079736604555776507663658263166039980274058|61188989872150624483712386495871971803015612234027156729911260527409885636695,61188989872150624483712386495871971803015612234027156729911260527409885636695,No,True,0.71,820.0,0.95,23.0,0.83,0.24,78dce079971775a9ef4652d3af77264e40932458,0.01,5,,656.6848,
2026-03-09T00:49:30Z,UCL,235213,ucl-ata1-bay1-2026-03-10-halftime-result,Atalanta BC vs. FC Bayern München - Halftime Result,2026-02-27T21:09:16.90752Z,1457531,ucl-ata1-bay1-2026-03-10-halftime-result-draw,Atalanta BC vs. FC Bayern München: Draw at halftime?,0xc282131bb2ee170d6af3b43c7792d9c738a6fd89ddd2f9a2534d2d82ca98f4a8,"[""14087251383578891544963044990807733313259742179266297085151999896588491356150"", ""21193248535802981092364581854377655125315449290927408546368729156456960870441""]",14087251383578891544963044990807733313259742179266297085151999896588491356150|21193248535802981092364581854377655125315449290927408546368729156456960870441,14087251383578891544963044990807733313259742179266297085151999896588491356150,Yes,True,0.25,777.0,0.44,1070.0,0.345,0.19,5414541cadf6a9a24e85619eb02da77b69dc2aad,0.01,5,,851.5034,
2026-03-09T00:49:30Z,UCL,235213,ucl-ata1-bay1-2026-03-10-halftime-result,Atalanta BC vs. FC Bayern München - Halftime Result,2026-02-27T21:09:16.90752Z,1457531,ucl-ata1-bay1-2026-03-10-halftime-result-draw,Atalanta BC vs. FC Bayern München: Draw at halftime?,0xc282131bb2ee170d6af3b43c7792d9c738a6fd89ddd2f9a2534d2d82ca98f4a8,"[""14087251383578891544963044990807733313259742179266297085151999896588491356150"", ""21193248535802981092364581854377655125315449290927408546368729156456960870441""]",14087251383578891544963044990807733313259742179266297085151999896588491356150|21193248535802981092364581854377655125315449290927408546368729156456960870441,21193248535802981092364581854377655125315449290927408546368729156456960870441,No,True,0.56,1070.0,0.75,777.0,0.655,0.18999999999999995,f94ba794365c3f00209712ef6c7bf4d9bea9e4d0,0.01,5,,851.5034,
2026-03-09T00:49:30Z,UCL,235213,ucl-ata1-bay1-2026-03-10-halftime-result,Atalanta BC vs. FC Bayern München - Halftime Result,2026-02-27T21:09:16.90752Z,1457532,ucl-ata1-bay1-2026-03-10-halftime-result-away,FC Bayern München leading at halftime?,0x1bd80a5d9e67752da4249eeb4e5f00917922b59e2848a9c1ccad9d796dc0c4ea,"[""17167955729311645235420195408273040108729514948673231162430710166304161940928"", ""107778122959025365906764808492200594968140650142749504772113256025186483305188""]",17167955729311645235420195408273040108729514948673231162430710166304161940928|107778122959025365906764808492200594968140650142749504772113256025186483305188,17167955729311645235420195408273040108729514948673231162430710166304161940928,Yes,True,0.41,330.0,0.57,1194.47,0.49,0.15999999999999998,59df02b1138639c5970ae1638f4d3a0fd04c91e5,0.01,5,0.430,701.3974,10.526309999999999
2026-03-09T00:49:30Z,UCL,235213,ucl-ata1-bay1-2026-03-10-halftime-result,Atalanta BC vs. FC Bayern München - Halftime Result,2026-02-27T21:09:16.90752Z,1457532,ucl-ata1-bay1-2026-03-10-halftime-result-away,FC Bayern München leading at halftime?,0x1bd80a5d9e67752da4249eeb4e5f00917922b59e2848a9c1ccad9d796dc0c4ea,"[""17167955729311645235420195408273040108729514948673231162430710166304161940928"", ""107778122959025365906764808492200594968140650142749504772113256025186483305188""]",17167955729311645235420195408273040108729514948673231162430710166304161940928|107778122959025365906764808492200594968140650142749504772113256025186483305188,107778122959025365906764808492200594968140650142749504772113256025186483305188,No,True,0.43,1194.47,0.59,330.0,0.51,0.15999999999999998,97af200baab36120fcc8bd947867c2d546219439,0.01,5,0.430,701.3974,10.526309999999999
2026-03-09T00:49:30Z,UCL,235214,ucl-atm1-tot-2026-03-10-halftime-result,Club Atlético de Madrid vs. Tottenham Hotspur FC - Halftime Result,2026-02-27T23:03:37.075697Z,1457535,ucl-atm1-tot-2026-03-10-halftime-result-away,Tottenham Hotspur FC leading at halftime?,0x374e735253c2c828d95eb0daebba2b0d6902e5139e11a290c928cb794795a045,"[""12629495148545652719695811867071343774355739281172582809320064385680079376685"", ""6183693597074520457274630462528067756253861649005374458414222674147799785686""]",12629495148545652719695811867071343774355739281172582809320064385680079376685|6183693597074520457274630462528067756253861649005374458414222674147799785686,12629495148545652719695811867071343774355739281172582809320064385680079376685,Yes,True,0.08,610.0,0.29,1145.0,0.185,0.20999999999999996,59d5ce0044db1c954692b2583fbccf04e5f8e0d0,0.01,5,,931.0305,
2026-03-09T00:49:30Z,UCL,235214,ucl-atm1-tot-2026-03-10-halftime-result,Club Atlético de Madrid vs. Tottenham Hotspur FC - Halftime Result,2026-02-27T23:03:37.075697Z,1457535,ucl-atm1-tot-2026-03-10-halftime-result-away,Tottenham Hotspur FC leading at halftime?,0x374e735253c2c828d95eb0daebba2b0d6902e5139e11a290c928cb794795a045,"[""12629495148545652719695811867071343774355739281172582809320064385680079376685"", ""6183693597074520457274630462528067756253861649005374458414222674147799785686""]",12629495148545652719695811867071343774355739281172582809320064385680079376685|6183693597074520457274630462528067756253861649005374458414222674147799785686,6183693597074520457274630462528067756253861649005374458414222674147799785686,No,True,0.71,1145.0,0.92,610.0,0.815,0.21000000000000008,f73b9857051260b719c8082912bc7bd356ce0933,0.01,5,,931.0305,
2026-03-09T00:49:30Z,UCL,235214,ucl-atm1-tot-2026-03-10-halftime-result,Club Atlético de Madrid vs. Tottenham Hotspur FC - Halftime Result,2026-02-27T23:03:37.075697Z,1457534,ucl-atm1-tot-2026-03-10-halftime-result-draw,Club Atlético de Madrid vs. Tottenham Hotspur FC: Draw at halftime?,0x50b8c63d3d10fa76197a6c3b3f0672350d1d97a2c400f4dad1e8349240755f67,"[""70904027668816877222579431700529853168797148856565039429849050712042199357109"", ""93504497078664509182252366960813004320076016055027250284830142221660704001597""]",70904027668816877222579431700529853168797148856565039429849050712042199357109|93504497078664509182252366960813004320076016055027250284830142221660704001597,70904027668816877222579431700529853168797148856565039429849050712042199357109,Yes,True,0.3,410.0,0.5,1150.0,0.4,0.2,73a514f2f5b22981e5c41778576bb95ee8d8c876,0.01,5,,755.4023,
2026-03-09T00:49:30Z,UCL,235214,ucl-atm1-tot-2026-03-10-halftime-result,Club Atlético de Madrid vs. Tottenham Hotspur FC - Halftime Result,2026-02-27T23:03:37.075697Z,1457534,ucl-atm1-tot-2026-03-10-halftime-result-draw,Club Atlético de Madrid vs. Tottenham Hotspur FC: Draw at halftime?,0x50b8c63d3d10fa76197a6c3b3f0672350d1d97a2c400f4dad1e8349240755f67,"[""70904027668816877222579431700529853168797148856565039429849050712042199357109"", ""93504497078664509182252366960813004320076016055027250284830142221660704001597""]",70904027668816877222579431700529853168797148856565039429849050712042199357109|93504497078664509182252366960813004320076016055027250284830142221660704001597,93504497078664509182252366960813004320076016055027250284830142221660704001597,No,True,0.5,1150.0,0.7,410.0,0.6,0.19999999999999996,33f855458b77a7ecbcdc3f83f80925afb0490f12,0.01,5,,755.4023,
2026-03-09T00:49:30Z,UCL,235214,ucl-atm1-tot-2026-03-10-halftime-result,Club Atlético de Madrid vs. Tottenham Hotspur FC - Halftime Result,2026-02-27T23:03:37.075697Z,1457533,ucl-atm1-tot-2026-03-10-halftime-result-home,Club Atlético de Madrid leading at halftime?,0xe068c6e6c1d444daa9405acf816e688015739656bfd03ba2e706dba8b3d3264f,"[""18416476406672734495026764297346535026065529677500535422932451069475378814889"", ""29842892674940398853347227587868146731675041446006491162724910769672305922116""]",18416476406672734495026764297346535026065529677500535422932451069475378814889|29842892674940398853347227587868146731675041446006491162724910769672305922116,18416476406672734495026764297346535026065529677500535422932451069475378814889,Yes,True,0.33,500.0,0.55,1380.0,0.44000000000000006,0.22000000000000003,5102f4796e7fd173bca1bac741c7d8f29dd5c815,0.01,5,,835.57,
2026-03-09T00:49:30Z,UCL,235214,ucl-atm1-tot-2026-03-10-halftime-result,Club Atlético de Madrid vs. Tottenham Hotspur FC - Halftime Result,2026-02-27T23:03:37.075697Z,1457533,ucl-atm1-tot-2026-03-10-halftime-result-home,Club Atlético de Madrid leading at halftime?,0xe068c6e6c1d444daa9405acf816e688015739656bfd03ba2e706dba8b3d3264f,"[""18416476406672734495026764297346535026065529677500535422932451069475378814889"", ""29842892674940398853347227587868146731675041446006491162724910769672305922116""]",18416476406672734495026764297346535026065529677500535422932451069475378814889|29842892674940398853347227587868146731675041446006491162724910769672305922116,29842892674940398853347227587868146731675041446006491162724910769672305922116,No,True,0.45,1380.0,0.67,500.0,0.56,0.22000000000000003,a7014b2acd9140d2fe346b35c83f5f27e6c10928,0.01,5,,835.57,
2026-03-09T00:49:30Z,UCL,235215,ucl-gal-liv1-2026-03-10-halftime-result,Galatasaray SK vs. Liverpool FC - Halftime Result,2026-02-27T21:13:12.622761Z,1457537,ucl-gal-liv1-2026-03-10-halftime-result-draw,Galatasaray SK vs. Liverpool FC: Draw at halftime?,0xf44eb9d034192613fe122d3733321fca5b78da0c95491085618f18b4578826b9,"[""2571250125464524397961959683622567461772320528886122052596563063319966818535"", ""3750354090951885537423877608296110427285325852758433252752845695707075182734""]",2571250125464524397961959683622567461772320528886122052596563063319966818535|3750354090951885537423877608296110427285325852758433252752845695707075182734,2571250125464524397961959683622567461772320528886122052596563063319966818535,Yes,True,0.28,660.0,0.48,1080.0,0.38,0.19999999999999996,e651cf3b4a5eeebfcaf324c494bac6c7678819b1,0.01,5,,800.7575,
2026-03-09T00:49:30Z,UCL,235215,ucl-gal-liv1-2026-03-10-halftime-result,Galatasaray SK vs. Liverpool FC - Halftime Result,2026-02-27T21:13:12.622761Z,1457537,ucl-gal-liv1-2026-03-10-halftime-result-draw,Galatasaray SK vs. Liverpool FC: Draw at halftime?,0xf44eb9d034192613fe122d3733321fca5b78da0c95491085618f18b4578826b9,"[""2571250125464524397961959683622567461772320528886122052596563063319966818535"", ""3750354090951885537423877608296110427285325852758433252752845695707075182734""]",2571250125464524397961959683622567461772320528886122052596563063319966818535|3750354090951885537423877608296110427285325852758433252752845695707075182734,3750354090951885537423877608296110427285325852758433252752845695707075182734,No,True,0.52,1080.0,0.72,660.0,0.62,0.19999999999999996,dc9ee9d585be9b056ad2931c9be10b2bf37979f3,0.01,5,,800.7575,
2026-03-09T00:49:30Z,UCL,235215,ucl-gal-liv1-2026-03-10-halftime-result,Galatasaray SK vs. Liverpool FC - Halftime Result,2026-02-27T21:13:12.622761Z,1457538,ucl-gal-liv1-2026-03-10-halftime-result-away,Liverpool FC leading at halftime?,0x9bb84cb667b858550f3e522f9e3fb791082dc3837c01b4e58523acae1dff1767,"[""111337276775792523061712215591543129630910135854878582585800450041263797567756"", ""57609577475775259503793639066046498347596212503612152683120515211272902287293""]",111337276775792523061712215591543129630910135854878582585800450041263797567756|57609577475775259503793639066046498347596212503612152683120515211272902287293,111337276775792523061712215591543129630910135854878582585800450041263797567756,Yes,True,0.38,2000.0,0.5,1140.0,0.44,0.12,874bf09db3aba5dde3fd5ea17cd15f3f03837410,0.01,5,,1449.27,
2026-03-09T00:49:30Z,UCL,235215,ucl-gal-liv1-2026-03-10-halftime-result,Galatasaray SK vs. Liverpool FC - Halftime Result,2026-02-27T21:13:12.622761Z,1457538,ucl-gal-liv1-2026-03-10-halftime-result-away,Liverpool FC leading at halftime?,0x9bb84cb667b858550f3e522f9e3fb791082dc3837c01b4e58523acae1dff1767,"[""111337276775792523061712215591543129630910135854878582585800450041263797567756"", ""57609577475775259503793639066046498347596212503612152683120515211272902287293""]",111337276775792523061712215591543129630910135854878582585800450041263797567756|57609577475775259503793639066046498347596212503612152683120515211272902287293,57609577475775259503793639066046498347596212503612152683120515211272902287293,No,True,0.5,1140.0,0.62,2000.0,0.56,0.12,8d4a8cc001ef73276c7100f37c08300cb2a2d7c7,0.01,5,,1449.27,
2026-03-09T00:49:30Z,UCL,235215,ucl-gal-liv1-2026-03-10-halftime-result,Galatasaray SK vs. Liverpool FC - Halftime Result,2026-02-27T21:13:12.622761Z,1457536,ucl-gal-liv1-2026-03-10-halftime-result-home,Galatasaray SK leading at halftime?,0xd489174c41fe9c0f3c73c37e850a047a2e7c0f873558c3cf2367cbd7e530d3cf,"[""103571033136863644664765907569652506831709076004105503307107267661213052839305"", ""59845007117651804979426729038470582378967363557937073871753871352514395084954""]",103571033136863644664765907569652506831709076004105503307107267661213052839305|59845007117651804979426729038470582378967363557937073871753871352514395084954,103571033136863644664765907569652506831709076004105503307107267661213052839305,Yes,True,0.06,20.0,0.3,798.16,0.18,0.24,341bba9733b6be6067338538081bdf6e55daf4a3,0.01,5,0.700,638.9312,20.281665
2026-03-09T00:49:30Z,UCL,235215,ucl-gal-liv1-2026-03-10-halftime-result,Galatasaray SK vs. Liverpool FC - Halftime Result,2026-02-27T21:13:12.622761Z,1457536,ucl-gal-liv1-2026-03-10-halftime-result-home,Galatasaray SK leading at halftime?,0xd489174c41fe9c0f3c73c37e850a047a2e7c0f873558c3cf2367cbd7e530d3cf,"[""103571033136863644664765907569652506831709076004105503307107267661213052839305"", ""59845007117651804979426729038470582378967363557937073871753871352514395084954""]",103571033136863644664765907569652506831709076004105503307107267661213052839305|59845007117651804979426729038470582378967363557937073871753871352514395084954,59845007117651804979426729038470582378967363557937073871753871352514395084954,No,True,0.7,798.16,0.94,20.0,0.82,0.24,d054412f438f34a7d76aa07a2e4fbeea5a2320e6,0.01,5,0.700,638.9312,20.281665
2026-03-09T00:49:30Z,UCL,246251,ucl-spo1-bog1-2026-03-17,Sporting CP vs. FK Bodø/Glimt,2026-03-04T19:05:33.226765Z,1500844,ucl-spo1-bog1-2026-03-17-spo1,Will Sporting CP win on 2026-03-17?,0x20a4a2962f298ff20d07c4027becce65d38edffa23722f2eed8243fa6118f54a,"[""61140652966863130348027495935215031496891607070352817033325685455006704238006"", ""30896643981009637917916026790364385324887012575174810915667519049582533415199""]",61140652966863130348027495935215031496891607070352817033325685455006704238006|30896643981009637917916026790364385324887012575174810915667519049582533415199,61140652966863130348027495935215031496891607070352817033325685455006704238006,Yes,True,0.47,14.28,0.64,36.79,0.5549999999999999,0.17000000000000004,759ada492fa3e8c36cf941e14423d3953152cb50,0.01,5,,4300.6917,
2026-03-09T00:49:30Z,UCL,246251,ucl-spo1-bog1-2026-03-17,Sporting CP vs. FK Bodø/Glimt,2026-03-04T19:05:33.226765Z,1500844,ucl-spo1-bog1-2026-03-17-spo1,Will Sporting CP win on 2026-03-17?,0x20a4a2962f298ff20d07c4027becce65d38edffa23722f2eed8243fa6118f54a,"[""61140652966863130348027495935215031496891607070352817033325685455006704238006"", ""30896643981009637917916026790364385324887012575174810915667519049582533415199""]",61140652966863130348027495935215031496891607070352817033325685455006704238006|30896643981009637917916026790364385324887012575174810915667519049582533415199,30896643981009637917916026790364385324887012575174810915667519049582533415199,No,True,0.36,36.79,0.53,14.28,0.445,0.17000000000000004,66ccdca18c50568b462cebc85470787c6c044b98,0.01,5,,4300.6917,
2026-03-09T00:49:30Z,UCL,246251,ucl-spo1-bog1-2026-03-17,Sporting CP vs. FK Bodø/Glimt,2026-03-04T19:05:33.226765Z,1500846,ucl-spo1-bog1-2026-03-17-draw,Will Sporting CP vs. FK Bodø/Glimt end in a draw?,0x4a708caafb3556f38faaf65cef232e18740b939f94533ba8e5c1df0bfbcf2dc3,"[""72429265217288858991511814047668837748469824491554767016144570850151659406562"", ""83238241352484562816748517808830572807590365947037773107858345360139026047745""]",72429265217288858991511814047668837748469824491554767016144570850151659406562|83238241352484562816748517808830572807590365947037773107858345360139026047745,72429265217288858991511814047668837748469824491554767016144570850151659406562,Yes,True,0.05,5.25,0.33,64.0,0.19,0.28,b3daf91a238d854f6496ba32cd71dd1861d16ed8,0.01,5,,2656.4356,
2026-03-09T00:49:30Z,UCL,246251,ucl-spo1-bog1-2026-03-17,Sporting CP vs. FK Bodø/Glimt,2026-03-04T19:05:33.226765Z,1500846,ucl-spo1-bog1-2026-03-17-draw,Will Sporting CP vs. FK Bodø/Glimt end in a draw?,0x4a708caafb3556f38faaf65cef232e18740b939f94533ba8e5c1df0bfbcf2dc3,"[""72429265217288858991511814047668837748469824491554767016144570850151659406562"", ""83238241352484562816748517808830572807590365947037773107858345360139026047745""]",72429265217288858991511814047668837748469824491554767016144570850151659406562|83238241352484562816748517808830572807590365947037773107858345360139026047745,83238241352484562816748517808830572807590365947037773107858345360139026047745,No,True,0.67,64.0,0.95,5.25,0.81,0.2799999999999999,57058f28f12bd4d3dbccf82ee7f6290081056934,0.01,5,,2656.4356,
2026-03-09T00:49:30Z,UCL,246251,ucl-spo1-bog1-2026-03-17,Sporting CP vs. FK Bodø/Glimt,2026-03-04T19:05:33.226765Z,1500848,ucl-spo1-bog1-2026-03-17-bog1,Will FK Bodø/Glimt win on 2026-03-17?,0x76057f1ce7f3cc1bca92f6bcfd5752fd205d2431540255a1c9685941c4c3c2f0,"[""81667796278564038256544977005416838662066952707140667017233596748247119767708"", ""115754533625424744034280951288955968951651358407854008442345186106400022243037""]",81667796278564038256544977005416838662066952707140667017233596748247119767708|115754533625424744034280951288955968951651358407854008442345186106400022243037,81667796278564038256544977005416838662066952707140667017233596748247119767708,Yes,True,0.22,134.5,0.29,212.16,0.255,0.06999999999999998,85ff4f352d8b33f333224a8b87918c84c6467cd5,0.01,5,0.710,5199.6586,1742.9433810000003
2026-03-09T00:49:30Z,UCL,246251,ucl-spo1-bog1-2026-03-17,Sporting CP vs. FK Bodø/Glimt,2026-03-04T19:05:33.226765Z,1500848,ucl-spo1-bog1-2026-03-17-bog1,Will FK Bodø/Glimt win on 2026-03-17?,0x76057f1ce7f3cc1bca92f6bcfd5752fd205d2431540255a1c9685941c4c3c2f0,"[""81667796278564038256544977005416838662066952707140667017233596748247119767708"", ""115754533625424744034280951288955968951651358407854008442345186106400022243037""]",81667796278564038256544977005416838662066952707140667017233596748247119767708|115754533625424744034280951288955968951651358407854008442345186106400022243037,115754533625424744034280951288955968951651358407854008442345186106400022243037,No,True,0.71,212.16,0.78,134.5,0.745,0.07000000000000006,41ed5c047a2958921e33055660909c1831dfb6d7,0.01,5,0.710,5199.6586,1742.9433810000003
2026-03-09T00:49:30Z,UCL,246253,ucl-cfc1-psg1-2026-03-17,Chelsea FC vs. Paris Saint-Germain FC,2026-03-04T19:05:33.202296Z,1500851,ucl-cfc1-psg1-2026-03-17-cfc1,Will Chelsea FC win on 2026-03-17?,0x0f897962828b30476bcb321821f341964e6633923f3d97d36039a53c4dff143b,"[""56817997803930189621621678482938928447956973865815474481042328008173861838753"", ""20602169730357470459553808928210865653293638873943342723222949937173619709192""]",56817997803930189621621678482938928447956973865815474481042328008173861838753|20602169730357470459553808928210865653293638873943342723222949937173619709192,56817997803930189621621678482938928447956973865815474481042328008173861838753,Yes,True,0.29,2282.2,0.4,30.76,0.345,0.11000000000000004,c7933925ec5c26709130d40d543fbdd013c59940,0.01,5,0.580,6234.4014,85.98823999999999
2026-03-09T00:49:30Z,UCL,246253,ucl-cfc1-psg1-2026-03-17,Chelsea FC vs. Paris Saint-Germain FC,2026-03-04T19:05:33.202296Z,1500851,ucl-cfc1-psg1-2026-03-17-cfc1,Will Chelsea FC win on 2026-03-17?,0x0f897962828b30476bcb321821f341964e6633923f3d97d36039a53c4dff143b,"[""56817997803930189621621678482938928447956973865815474481042328008173861838753"", ""20602169730357470459553808928210865653293638873943342723222949937173619709192""]",56817997803930189621621678482938928447956973865815474481042328008173861838753|20602169730357470459553808928210865653293638873943342723222949937173619709192,20602169730357470459553808928210865653293638873943342723222949937173619709192,No,True,0.6,30.76,0.71,2282.2,0.655,0.10999999999999999,78ccf0de60e77dfb20c83fc56ed2de6c57dfbdfb,0.01,5,0.580,6234.4014,85.98823999999999
2026-03-09T00:49:30Z,UCL,246253,ucl-cfc1-psg1-2026-03-17,Chelsea FC vs. Paris Saint-Germain FC,2026-03-04T19:05:33.202296Z,1500852,ucl-cfc1-psg1-2026-03-17-draw,Will Chelsea FC vs. Paris Saint-Germain FC end in a draw?,0x867ff15515d497a010cf5c0f5521fd793aadb2ac2d8deacd5835aea720693f92,"[""58718726174364621310521815907469929023493927093514361785699287934182852040113"", ""93327514402822448360723807020761142436789230082395299188422430662633975449362""]",58718726174364621310521815907469929023493927093514361785699287934182852040113|93327514402822448360723807020761142436789230082395299188422430662633975449362,58718726174364621310521815907469929023493927093514361785699287934182852040113,Yes,True,0.19,42.0,0.23,38.76,0.21000000000000002,0.04000000000000001,28d158150b13e5c95232aaf805f00bbd657eaf67,0.01,5,0.770,3219.1894,596.25
2026-03-09T00:49:30Z,UCL,246253,ucl-cfc1-psg1-2026-03-17,Chelsea FC vs. Paris Saint-Germain FC,2026-03-04T19:05:33.202296Z,1500852,ucl-cfc1-psg1-2026-03-17-draw,Will Chelsea FC vs. Paris Saint-Germain FC end in a draw?,0x867ff15515d497a010cf5c0f5521fd793aadb2ac2d8deacd5835aea720693f92,"[""58718726174364621310521815907469929023493927093514361785699287934182852040113"", ""93327514402822448360723807020761142436789230082395299188422430662633975449362""]",58718726174364621310521815907469929023493927093514361785699287934182852040113|93327514402822448360723807020761142436789230082395299188422430662633975449362,93327514402822448360723807020761142436789230082395299188422430662633975449362,No,True,0.77,38.76,0.81,42.0,0.79,0.040000000000000036,54a1e1bab1eb22f5cfa8195ec231bbfbb7f4ffc9,0.01,5,0.770,3219.1894,596.25
2026-03-09T00:49:30Z,UCL,246253,ucl-cfc1-psg1-2026-03-17,Chelsea FC vs. Paris Saint-Germain FC,2026-03-04T19:05:33.202296Z,1500853,ucl-cfc1-psg1-2026-03-17-psg1,Will Paris Saint-Germain FC win on 2026-03-17?,0x1e1c16b26272fc44cca2a24bc036a8d6701e2039995aac09f37f278851972312,"[""44111445313965949875646902229843929924317743459760140113673086381666707007527"", ""6910416310535395577408336024712601166295550176652088289768845973361802866784""]",44111445313965949875646902229843929924317743459760140113673086381666707007527|6910416310535395577408336024712601166295550176652088289768845973361802866784,44111445313965949875646902229843929924317743459760140113673086381666707007527,Yes,True,0.37,40.0,0.42,0.76,0.395,0.04999999999999999,b9092525f5ffd817cadaa8cdd046b5de0de146c9,0.01,5,0.580,6076.6464,966.0611819999999
2026-03-09T00:49:30Z,UCL,246253,ucl-cfc1-psg1-2026-03-17,Chelsea FC vs. Paris Saint-Germain FC,2026-03-04T19:05:33.202296Z,1500853,ucl-cfc1-psg1-2026-03-17-psg1,Will Paris Saint-Germain FC win on 2026-03-17?,0x1e1c16b26272fc44cca2a24bc036a8d6701e2039995aac09f37f278851972312,"[""44111445313965949875646902229843929924317743459760140113673086381666707007527"", ""6910416310535395577408336024712601166295550176652088289768845973361802866784""]",44111445313965949875646902229843929924317743459760140113673086381666707007527|6910416310535395577408336024712601166295550176652088289768845973361802866784,6910416310535395577408336024712601166295550176652088289768845973361802866784,No,True,0.58,0.76,0.63,40.0,0.605,0.050000000000000044,f7f3443388e74c9546f4e55325c421f191f332d9,0.01,5,0.580,6076.6464,966.0611819999999
2026-03-09T00:49:30Z,UCL,246254,ucl-mnc1-rma1-2026-03-17,Manchester City FC vs. Real Madrid CF,2026-03-04T19:08:11.517786Z,1500859,ucl-mnc1-rma1-2026-03-17-mnc1,Will Manchester City FC win on 2026-03-17?,0x02a64b7c7ddb3f8fa184e42f4f00e005bf28c183c756fe2712b15ea033cf275b,"[""93088875585442681803007077559405922313048382254935516642860307964213720037932"", ""53183987403358180765115966942088302199360350633011629838251321531415886194959""]",93088875585442681803007077559405922313048382254935516642860307964213720037932|53183987403358180765115966942088302199360350633011629838251321531415886194959,93088875585442681803007077559405922313048382254935516642860307964213720037932,Yes,True,0.56,1880.0,0.58,4.28,0.5700000000000001,0.019999999999999907,2bb93d2a386d58662a3c8d15e47e5af08999ca21,0.01,5,0.420,5669.9148,219.827913
2026-03-09T00:49:30Z,UCL,246254,ucl-mnc1-rma1-2026-03-17,Manchester City FC vs. Real Madrid CF,2026-03-04T19:08:11.517786Z,1500859,ucl-mnc1-rma1-2026-03-17-mnc1,Will Manchester City FC win on 2026-03-17?,0x02a64b7c7ddb3f8fa184e42f4f00e005bf28c183c756fe2712b15ea033cf275b,"[""93088875585442681803007077559405922313048382254935516642860307964213720037932"", ""53183987403358180765115966942088302199360350633011629838251321531415886194959""]",93088875585442681803007077559405922313048382254935516642860307964213720037932|53183987403358180765115966942088302199360350633011629838251321531415886194959,53183987403358180765115966942088302199360350633011629838251321531415886194959,No,True,0.42,4.28,0.44,1880.0,0.43,0.020000000000000018,2b6bd55c430550954859e8d2e24082fa8b3c6706,0.01,5,0.420,5669.9148,219.827913
2026-03-09T00:49:30Z,UCL,246254,ucl-mnc1-rma1-2026-03-17,Manchester City FC vs. Real Madrid CF,2026-03-04T19:08:11.517786Z,1500860,ucl-mnc1-rma1-2026-03-17-draw,Will Manchester City FC vs. Real Madrid CF end in a draw?,0x61a77b110f816c3464b1f2581c2a6da984b190a83ea0834451852ee7e4ebceff,"[""95487646568849577210554203777265189565956273223905606855527886973693209233146"", ""33124365200051520418072957728452545714564326425529734488317382623390745054479""]",95487646568849577210554203777265189565956273223905606855527886973693209233146|33124365200051520418072957728452545714564326425529734488317382623390745054479,95487646568849577210554203777265189565956273223905606855527886973693209233146,Yes,True,0.16,10.0,0.22,30.15,0.19,0.06,9d1285b7ac1d8f50a25e7dcb42ec2c9bba9aafd3,0.01,5,,1834.5789,
2026-03-09T00:49:30Z,UCL,246254,ucl-mnc1-rma1-2026-03-17,Manchester City FC vs. Real Madrid CF,2026-03-04T19:08:11.517786Z,1500860,ucl-mnc1-rma1-2026-03-17-draw,Will Manchester City FC vs. Real Madrid CF end in a draw?,0x61a77b110f816c3464b1f2581c2a6da984b190a83ea0834451852ee7e4ebceff,"[""95487646568849577210554203777265189565956273223905606855527886973693209233146"", ""33124365200051520418072957728452545714564326425529734488317382623390745054479""]",95487646568849577210554203777265189565956273223905606855527886973693209233146|33124365200051520418072957728452545714564326425529734488317382623390745054479,33124365200051520418072957728452545714564326425529734488317382623390745054479,No,True,0.78,30.15,0.84,10.0,0.81,0.05999999999999994,e39bb140c0666f2c616695c58904030e1a28838f,0.01,5,,1834.5789,
2026-03-09T00:49:30Z,UCL,246254,ucl-mnc1-rma1-2026-03-17,Manchester City FC vs. Real Madrid CF,2026-03-04T19:08:11.517786Z,1500861,ucl-mnc1-rma1-2026-03-17-rma1,Will Real Madrid CF win on 2026-03-17?,0xe263512d005141b9056d1769de04030b6c772afd4fe2243c977369874ed862f0,"[""55723009503764906852137229221196982431481755148351124868578754295303789980602"", ""47806433732216316396013338057248543472356491209232315417216759322921207990528""]",55723009503764906852137229221196982431481755148351124868578754295303789980602|47806433732216316396013338057248543472356491209232315417216759322921207990528,55723009503764906852137229221196982431481755148351124868578754295303789980602,Yes,True,0.19,171.68,0.23,42.85,0.21000000000000002,0.04000000000000001,fac078dc73b1b8e82b82db713c3559e0b4b9d4fe,0.01,5,0.770,5418.2465,920.942077
2026-03-09T00:49:30Z,UCL,246254,ucl-mnc1-rma1-2026-03-17,Manchester City FC vs. Real Madrid CF,2026-03-04T19:08:11.517786Z,1500861,ucl-mnc1-rma1-2026-03-17-rma1,Will Real Madrid CF win on 2026-03-17?,0xe263512d005141b9056d1769de04030b6c772afd4fe2243c977369874ed862f0,"[""55723009503764906852137229221196982431481755148351124868578754295303789980602"", ""47806433732216316396013338057248543472356491209232315417216759322921207990528""]",55723009503764906852137229221196982431481755148351124868578754295303789980602|47806433732216316396013338057248543472356491209232315417216759322921207990528,47806433732216316396013338057248543472356491209232315417216759322921207990528,No,True,0.77,42.85,0.81,171.68,0.79,0.040000000000000036,a57ce72c34d18ab76cb1a79dfbcc8f97dba0964a,0.01,5,0.770,5418.2465,920.942077
2026-03-09T00:49:30Z,UCL,246257,ucl-ars-lev-2026-03-17,Arsenal FC vs. Bayer 04 Leverkusen,2026-03-04T19:08:11.52019Z,1500868,ucl-ars-lev-2026-03-17-ars,Will Arsenal FC win on 2026-03-17?,0x0acc977e03bddcd667e5f6c3bfa1397790dd22525b64703abe71d8b4cdefab83,"[""108880650012405308230310790426893511945577423523009394904421019220163446158055"", ""64257471701797699777503985733234349140298320365033392513399004687214600471206""]",108880650012405308230310790426893511945577423523009394904421019220163446158055|64257471701797699777503985733234349140298320365033392513399004687214600471206,108880650012405308230310790426893511945577423523009394904421019220163446158055,Yes,True,0.69,30.0,0.79,31.91,0.74,0.10000000000000009,a0b0b33b7f94c32d608f0be9295ce91cc1c8c657,0.01,5,0.180,3576.9595,
2026-03-09T00:49:30Z,UCL,246257,ucl-ars-lev-2026-03-17,Arsenal FC vs. Bayer 04 Leverkusen,2026-03-04T19:08:11.52019Z,1500868,ucl-ars-lev-2026-03-17-ars,Will Arsenal FC win on 2026-03-17?,0x0acc977e03bddcd667e5f6c3bfa1397790dd22525b64703abe71d8b4cdefab83,"[""108880650012405308230310790426893511945577423523009394904421019220163446158055"", ""64257471701797699777503985733234349140298320365033392513399004687214600471206""]",108880650012405308230310790426893511945577423523009394904421019220163446158055|64257471701797699777503985733234349140298320365033392513399004687214600471206,64257471701797699777503985733234349140298320365033392513399004687214600471206,No,True,0.21,31.91,0.31,30.0,0.26,0.1,b625fc90aba8782686bc34c70d06c8d921530b6d,0.01,5,0.180,3576.9595,
2026-03-09T00:49:30Z,UCL,246257,ucl-ars-lev-2026-03-17,Arsenal FC vs. Bayer 04 Leverkusen,2026-03-04T19:08:11.52019Z,1500869,ucl-ars-lev-2026-03-17-draw,Will Arsenal FC vs. Bayer 04 Leverkusen end in a draw?,0xdd2e20f374b80b0d545d8bef8a0144aa4673a8ee3a49bfe619d12250c1def0b9,"[""980353891091935392163843458159224612118943371316549619660099315502689148058"", ""18023906028415527358177718920544071393118791118760868711046129913392881517481""]",980353891091935392163843458159224612118943371316549619660099315502689148058|18023906028415527358177718920544071393118791118760868711046129913392881517481,980353891091935392163843458159224612118943371316549619660099315502689148058,Yes,True,0.07,30.0,0.22,31.91,0.14500000000000002,0.15,3f23413f0d484a4fec43020120aae62a23f6c43a,0.01,5,,1922.9749,
2026-03-09T00:49:30Z,UCL,246257,ucl-ars-lev-2026-03-17,Arsenal FC vs. Bayer 04 Leverkusen,2026-03-04T19:08:11.52019Z,1500869,ucl-ars-lev-2026-03-17-draw,Will Arsenal FC vs. Bayer 04 Leverkusen end in a draw?,0xdd2e20f374b80b0d545d8bef8a0144aa4673a8ee3a49bfe619d12250c1def0b9,"[""980353891091935392163843458159224612118943371316549619660099315502689148058"", ""18023906028415527358177718920544071393118791118760868711046129913392881517481""]",980353891091935392163843458159224612118943371316549619660099315502689148058|18023906028415527358177718920544071393118791118760868711046129913392881517481,18023906028415527358177718920544071393118791118760868711046129913392881517481,No,True,0.78,31.91,0.93,30.0,0.855,0.15000000000000002,88c07221f1ae60bbd6abc3de3484ff3ef722ae61,0.01,5,,1922.9749,
2026-03-09T00:49:30Z,UCL,246257,ucl-ars-lev-2026-03-17,Arsenal FC vs. Bayer 04 Leverkusen,2026-03-04T19:08:11.52019Z,1500870,ucl-ars-lev-2026-03-17-lev,Will Bayer 04 Leverkusen win on 2026-03-17?,0x277a1851d0bc6a13b0ab258d81117ccaef7824a11fc12d463e3cc4df2068311a,"[""89752872295420908186397779588408998530110254457318197087057289333082954280496"", ""26303869752905588873713697402652519137620819959606449995796246916878439609536""]",89752872295420908186397779588408998530110254457318197087057289333082954280496|26303869752905588873713697402652519137620819959606449995796246916878439609536,89752872295420908186397779588408998530110254457318197087057289333082954280496,Yes,True,0.09,187.0,0.11,20.7,0.1,0.020000000000000004,50bb4c798e599fc3cd2ae514753db820c10234b4,0.01,5,0.890,3097.0056,814.1469190000001
2026-03-09T00:49:30Z,UCL,246257,ucl-ars-lev-2026-03-17,Arsenal FC vs. Bayer 04 Leverkusen,2026-03-04T19:08:11.52019Z,1500870,ucl-ars-lev-2026-03-17-lev,Will Bayer 04 Leverkusen win on 2026-03-17?,0x277a1851d0bc6a13b0ab258d81117ccaef7824a11fc12d463e3cc4df2068311a,"[""89752872295420908186397779588408998530110254457318197087057289333082954280496"", ""26303869752905588873713697402652519137620819959606449995796246916878439609536""]",89752872295420908186397779588408998530110254457318197087057289333082954280496|26303869752905588873713697402652519137620819959606449995796246916878439609536,26303869752905588873713697402652519137620819959606449995796246916878439609536,No,True,0.89,20.7,0.91,187.0,0.9,0.020000000000000018,f10a066004b16b5de4278a1b2f3d96cba1f0c1c9,0.01,5,0.890,3097.0056,814.1469190000001
2026-03-09T00:49:30Z,UCL,246258,ucl-fcb1-new-2026-03-18,FC Barcelona vs. Newcastle United FC,2026-03-04T19:05:34.057616Z,1500871,ucl-fcb1-new-2026-03-18-fcb1,Will FC Barcelona win on 2026-03-18?,0x75f980e82c6233c7335782d96795af32adf66f06755d9facf39cb1fe4573234d,"[""25845698069276681239322469386443883416410519536634919674407031744557375519521"", ""69055387269888828411001457624243989024790693969544659042246354718590314893370""]",25845698069276681239322469386443883416410519536634919674407031744557375519521|69055387269888828411001457624243989024790693969544659042246354718590314893370,25845698069276681239322469386443883416410519536634919674407031744557375519521,Yes,True,0.58,17.97,0.6,403.0,0.59,0.020000000000000018,f18288f50c3865db309b146450cda8e4cef306f3,0.01,5,0.420,9389.5479,537.1827589999999
2026-03-09T00:49:30Z,UCL,246258,ucl-fcb1-new-2026-03-18,FC Barcelona vs. Newcastle United FC,2026-03-04T19:05:34.057616Z,1500871,ucl-fcb1-new-2026-03-18-fcb1,Will FC Barcelona win on 2026-03-18?,0x75f980e82c6233c7335782d96795af32adf66f06755d9facf39cb1fe4573234d,"[""25845698069276681239322469386443883416410519536634919674407031744557375519521"", ""69055387269888828411001457624243989024790693969544659042246354718590314893370""]",25845698069276681239322469386443883416410519536634919674407031744557375519521|69055387269888828411001457624243989024790693969544659042246354718590314893370,69055387269888828411001457624243989024790693969544659042246354718590314893370,No,True,0.4,403.0,0.42,17.97,0.41000000000000003,0.019999999999999962,d002838113968a21d22cb9469c7770d74ed9d794,0.01,5,0.420,9389.5479,537.1827589999999
2026-03-09T00:49:30Z,UCL,246258,ucl-fcb1-new-2026-03-18,FC Barcelona vs. Newcastle United FC,2026-03-04T19:05:34.057616Z,1500872,ucl-fcb1-new-2026-03-18-draw,Will FC Barcelona vs. Newcastle United FC end in a draw?,0x6e191c3d989cd14a35a974447fc1c3fa8af2c52788aa87fb0e1bae9c7d827c58,"[""62044943196802298927923176049685192552275044572461808672117088982688479732581"", ""102118412528009125322843642923672531816729474304456875017423387987401209913908""]",62044943196802298927923176049685192552275044572461808672117088982688479732581|102118412528009125322843642923672531816729474304456875017423387987401209913908,62044943196802298927923176049685192552275044572461808672117088982688479732581,Yes,True,0.1,250.0,0.17,0.55,0.135,0.07,7c857b9d669b7d1bee31413d5bdf48b8f0095c42,0.01,5,0.170,4132.2094,10
2026-03-09T00:49:30Z,UCL,246258,ucl-fcb1-new-2026-03-18,FC Barcelona vs. Newcastle United FC,2026-03-04T19:05:34.057616Z,1500872,ucl-fcb1-new-2026-03-18-draw,Will FC Barcelona vs. Newcastle United FC end in a draw?,0x6e191c3d989cd14a35a974447fc1c3fa8af2c52788aa87fb0e1bae9c7d827c58,"[""62044943196802298927923176049685192552275044572461808672117088982688479732581"", ""102118412528009125322843642923672531816729474304456875017423387987401209913908""]",62044943196802298927923176049685192552275044572461808672117088982688479732581|102118412528009125322843642923672531816729474304456875017423387987401209913908,102118412528009125322843642923672531816729474304456875017423387987401209913908,No,True,0.83,0.55,0.9,250.0,0.865,0.07000000000000006,e48feb6b3c51938ad59e11d954dec7a234784954,0.01,5,0.170,4132.2094,10
2026-03-09T00:49:30Z,UCL,246258,ucl-fcb1-new-2026-03-18,FC Barcelona vs. Newcastle United FC,2026-03-04T19:05:34.057616Z,1500873,ucl-fcb1-new-2026-03-18-new,Will Newcastle United FC win on 2026-03-18?,0x76e5a87afef5a286ac9c62afabf6b901ec65ef9ec66d90f4e4dbb99b95c743aa,"[""30909379099359904747245604913983590810498426007022367682132051536234269899376"", ""10879850261049799574225633937459188746745940585829428018673792886740975338746""]",30909379099359904747245604913983590810498426007022367682132051536234269899376|10879850261049799574225633937459188746745940585829428018673792886740975338746,30909379099359904747245604913983590810498426007022367682132051536234269899376,Yes,True,0.22,67.64,0.24,240.0,0.22999999999999998,0.01999999999999999,4f354f0112a8b2f592d7a542ffa4be0679101490,0.01,5,0.760,8691.5438,1114.643311
2026-03-09T00:49:30Z,UCL,246258,ucl-fcb1-new-2026-03-18,FC Barcelona vs. Newcastle United FC,2026-03-04T19:05:34.057616Z,1500873,ucl-fcb1-new-2026-03-18-new,Will Newcastle United FC win on 2026-03-18?,0x76e5a87afef5a286ac9c62afabf6b901ec65ef9ec66d90f4e4dbb99b95c743aa,"[""30909379099359904747245604913983590810498426007022367682132051536234269899376"", ""10879850261049799574225633937459188746745940585829428018673792886740975338746""]",30909379099359904747245604913983590810498426007022367682132051536234269899376|10879850261049799574225633937459188746745940585829428018673792886740975338746,10879850261049799574225633937459188746745940585829428018673792886740975338746,No,True,0.76,240.0,0.78,67.64,0.77,0.020000000000000018,6c20fec84f663202d66abcd0c116c54985533aaa,0.01,5,0.760,8691.5438,1114.643311
2026-03-09T00:49:30Z,UCL,246279,ucl-fcb1-new-2026-03-18-more-markets,FC Barcelona vs. Newcastle United FC - More Markets,2026-03-04T19:18:23.406713Z,1500927,ucl-fcb1-new-2026-03-18-spread-home-1pt5,Spread: FC Barcelona (-1.5),0xb6c9e1c6dacd28997608f13ea99541226fc102cd11a58df794a903643aa5d20a,"[""47691517791691499361770389916202819977443983462497725971236966612409008510762"", ""18902964845349206097236171579999613671805003428599745471043111755028875354737""]",47691517791691499361770389916202819977443983462497725971236966612409008510762|18902964845349206097236171579999613671805003428599745471043111755028875354737,47691517791691499361770389916202819977443983462497725971236966612409008510762,FC Barcelona,True,0.25,2078.0,0.47,114.0,0.36,0.21999999999999997,d5a625d94e6c41c949b7741b832defb26c4a1f3f,0.01,5,,975.7743,
2026-03-09T00:49:30Z,UCL,246279,ucl-fcb1-new-2026-03-18-more-markets,FC Barcelona vs. Newcastle United FC - More Markets,2026-03-04T19:18:23.406713Z,1500927,ucl-fcb1-new-2026-03-18-spread-home-1pt5,Spread: FC Barcelona (-1.5),0xb6c9e1c6dacd28997608f13ea99541226fc102cd11a58df794a903643aa5d20a,"[""47691517791691499361770389916202819977443983462497725971236966612409008510762"", ""18902964845349206097236171579999613671805003428599745471043111755028875354737""]",47691517791691499361770389916202819977443983462497725971236966612409008510762|18902964845349206097236171579999613671805003428599745471043111755028875354737,18902964845349206097236171579999613671805003428599745471043111755028875354737,Newcastle United FC,True,0.53,114.0,0.75,2078.0,0.64,0.21999999999999997,0a7cce9390f98c45c21a7b40b2d398431a90151e,0.01,5,,975.7743,
2026-03-09T00:49:30Z,UCL,246279,ucl-fcb1-new-2026-03-18-more-markets,FC Barcelona vs. Newcastle United FC - More Markets,2026-03-04T19:18:23.406713Z,1500928,ucl-fcb1-new-2026-03-18-spread-away-1pt5,Spread: Newcastle United FC (-1.5),0x2340286357835b34e8378a81f5082f0f3c62b294b788695e3cfd778e081ec1dc,"[""79509353106480846099295991936656021092191101326925668097667105608739325636803"", ""86215910423068987203516939896192537826446687030930199854693903030659918114425""]",79509353106480846099295991936656021092191101326925668097667105608739325636803|86215910423068987203516939896192537826446687030930199854693903030659918114425,79509353106480846099295991936656021092191101326925668097667105608739325636803,Newcastle United FC,True,0.05,9.48,0.33,14.0,0.19,0.28,396702dc18bf6b8d90d90ae1665e8f6f275b1eda,0.01,5,,1624.3285,
2026-03-09T00:49:30Z,UCL,246279,ucl-fcb1-new-2026-03-18-more-markets,FC Barcelona vs. Newcastle United FC - More Markets,2026-03-04T19:18:23.406713Z,1500928,ucl-fcb1-new-2026-03-18-spread-away-1pt5,Spread: Newcastle United FC (-1.5),0x2340286357835b34e8378a81f5082f0f3c62b294b788695e3cfd778e081ec1dc,"[""79509353106480846099295991936656021092191101326925668097667105608739325636803"", ""86215910423068987203516939896192537826446687030930199854693903030659918114425""]",79509353106480846099295991936656021092191101326925668097667105608739325636803|86215910423068987203516939896192537826446687030930199854693903030659918114425,86215910423068987203516939896192537826446687030930199854693903030659918114425,FC Barcelona,True,0.67,14.0,0.95,9.48,0.81,0.2799999999999999,cbf6e5dfca172395d150aa08272a765c1a5ec36e,0.01,5,,1624.3285,
2026-03-09T00:49:30Z,UCL,246279,ucl-fcb1-new-2026-03-18-more-markets,FC Barcelona vs. Newcastle United FC - More Markets,2026-03-04T19:18:23.406713Z,1500929,ucl-fcb1-new-2026-03-18-spread-home-2pt5,Spread: FC Barcelona (-2.5),0x1c11d56e661ad3e3a7c72f7b532ac7d430bbe3499dc1dd6b6a59a2c39ea7f826,"[""66152352862529294525184782818732493667819645735875814510592139204408757208962"", ""35676669272254618318669192960166471215160870539058729843935833018990265944262""]",66152352862529294525184782818732493667819645735875814510592139204408757208962|35676669272254618318669192960166471215160870539058729843935833018990265944262,66152352862529294525184782818732493667819645735875814510592139204408757208962,FC Barcelona,True,0.06,6.78,0.33,14.0,0.195,0.27,f26ad81f29e61652c1d8c9c3d1e3d8e3220a19b2,0.01,5,,296.3163,
2026-03-09T00:49:30Z,UCL,246279,ucl-fcb1-new-2026-03-18-more-markets,FC Barcelona vs. Newcastle United FC - More Markets,2026-03-04T19:18:23.406713Z,1500929,ucl-fcb1-new-2026-03-18-spread-home-2pt5,Spread: FC Barcelona (-2.5),0x1c11d56e661ad3e3a7c72f7b532ac7d430bbe3499dc1dd6b6a59a2c39ea7f826,"[""66152352862529294525184782818732493667819645735875814510592139204408757208962"", ""35676669272254618318669192960166471215160870539058729843935833018990265944262""]",66152352862529294525184782818732493667819645735875814510592139204408757208962|35676669272254618318669192960166471215160870539058729843935833018990265944262,35676669272254618318669192960166471215160870539058729843935833018990265944262,Newcastle United FC,True,0.67,14.0,0.94,6.78,0.8049999999999999,0.2699999999999999,14069f7f1e8e0b19db20e41a0ac8d03fc8c10968,0.01,5,,296.3163,
2026-03-09T00:49:30Z,UCL,246279,ucl-fcb1-new-2026-03-18-more-markets,FC Barcelona vs. Newcastle United FC - More Markets,2026-03-04T19:18:23.406713Z,1500930,ucl-fcb1-new-2026-03-18-spread-away-2pt5,Spread: Newcastle United FC (-2.5),0x75107f07256dd47d8f4266ba1570d4a4b076d3d54933964f851d5a6db507dee8,"[""55055847531222187691519252365695088563020728930864235457700871946715507014600"", ""100668226105545637893661603189809542882997674109581135473466607602880515102490""]",55055847531222187691519252365695088563020728930864235457700871946715507014600|100668226105545637893661603189809542882997674109581135473466607602880515102490,55055847531222187691519252365695088563020728930864235457700871946715507014600,Newcastle United FC,True,0.04,5.0,0.27,14.0,0.155,0.23,3cc26dd3833952b4268695ac8380d74bae7f6c29,0.01,5,,260.0773,
2026-03-09T00:49:30Z,UCL,246279,ucl-fcb1-new-2026-03-18-more-markets,FC Barcelona vs. Newcastle United FC - More Markets,2026-03-04T19:18:23.406713Z,1500930,ucl-fcb1-new-2026-03-18-spread-away-2pt5,Spread: Newcastle United FC (-2.5),0x75107f07256dd47d8f4266ba1570d4a4b076d3d54933964f851d5a6db507dee8,"[""55055847531222187691519252365695088563020728930864235457700871946715507014600"", ""100668226105545637893661603189809542882997674109581135473466607602880515102490""]",55055847531222187691519252365695088563020728930864235457700871946715507014600|100668226105545637893661603189809542882997674109581135473466607602880515102490,100668226105545637893661603189809542882997674109581135473466607602880515102490,FC Barcelona,True,0.73,14.0,0.96,5.0,0.845,0.22999999999999998,46d7a0fc3cd10932781b49d64a61482f3a296c3a,0.01,5,,260.0773,
2026-03-09T00:49:30Z,UCL,246279,ucl-fcb1-new-2026-03-18-more-markets,FC Barcelona vs. Newcastle United FC - More Markets,2026-03-04T19:18:23.406713Z,1500931,ucl-fcb1-new-2026-03-18-total-1pt5,FC Barcelona vs. Newcastle United FC: O/U 1.5,0xbb63da0ef45e1028bd33fe8c0e1b7e8c61fe34bc944da8db953e21affc8f2428,"[""107339505312164514310387629119084795370856734730994086419021346784551753658708"", ""62429014444844414807416597963581254242304667813078274106978765390994488536966""]",107339505312164514310387629119084795370856734730994086419021346784551753658708|62429014444844414807416597963581254242304667813078274106978765390994488536966,107339505312164514310387629119084795370856734730994086419021346784551753658708,Over,True,0.66,84.5,0.93,14.0,0.795,0.27,dcbb3e1b3742031075a803dc046e00c0c0fcadde,0.01,5,,152.2637,
2026-03-09T00:49:30Z,UCL,246279,ucl-fcb1-new-2026-03-18-more-markets,FC Barcelona vs. Newcastle United FC - More Markets,2026-03-04T19:18:23.406713Z,1500931,ucl-fcb1-new-2026-03-18-total-1pt5,FC Barcelona vs. Newcastle United FC: O/U 1.5,0xbb63da0ef45e1028bd33fe8c0e1b7e8c61fe34bc944da8db953e21affc8f2428,"[""107339505312164514310387629119084795370856734730994086419021346784551753658708"", ""62429014444844414807416597963581254242304667813078274106978765390994488536966""]",107339505312164514310387629119084795370856734730994086419021346784551753658708|62429014444844414807416597963581254242304667813078274106978765390994488536966,62429014444844414807416597963581254242304667813078274106978765390994488536966,Under,True,0.07,14.0,0.34,84.5,0.20500000000000002,0.27,617c13c6b5ee3c07fd014013abb6cc6184bd2ce1,0.01,5,,152.2637,
2026-03-09T00:49:30Z,UCL,246279,ucl-fcb1-new-2026-03-18-more-markets,FC Barcelona vs. Newcastle United FC - More Markets,2026-03-04T19:18:23.406713Z,1500932,ucl-fcb1-new-2026-03-18-total-2pt5,FC Barcelona vs. Newcastle United FC: O/U 2.5,0x71d6a82d95d585adf288cb822c6b94eb9e6497044c3382ceaea3ce49c8e466e2,"[""11921311617740931947317816419398874032433202567057743259874862751795104862142"", ""52602635690298390357752782511828106263889166604570589257201346385999770558320""]",11921311617740931947317816419398874032433202567057743259874862751795104862142|52602635690298390357752782511828106263889166604570589257201346385999770558320,11921311617740931947317816419398874032433202567057743259874862751795104862142,Over,True,0.42,10.0,0.73,14.0,0.575,0.31,eda9cc236376756e8be2b08a817284236f5b7465,0.01,5,,239.1866,
2026-03-09T00:49:30Z,UCL,246279,ucl-fcb1-new-2026-03-18-more-markets,FC Barcelona vs. Newcastle United FC - More Markets,2026-03-04T19:18:23.406713Z,1500932,ucl-fcb1-new-2026-03-18-total-2pt5,FC Barcelona vs. Newcastle United FC: O/U 2.5,0x71d6a82d95d585adf288cb822c6b94eb9e6497044c3382ceaea3ce49c8e466e2,"[""11921311617740931947317816419398874032433202567057743259874862751795104862142"", ""52602635690298390357752782511828106263889166604570589257201346385999770558320""]",11921311617740931947317816419398874032433202567057743259874862751795104862142|52602635690298390357752782511828106263889166604570589257201346385999770558320,52602635690298390357752782511828106263889166604570589257201346385999770558320,Under,True,0.27,14.0,0.58,10.0,0.425,0.30999999999999994,8c1b09394e30341bad2d9ffa7ef12817f7b1160a,0.01,5,,239.1866,
2026-03-09T00:49:30Z,UCL,246279,ucl-fcb1-new-2026-03-18-more-markets,FC Barcelona vs. Newcastle United FC - More Markets,2026-03-04T19:18:23.406713Z,1500933,ucl-fcb1-new-2026-03-18-total-3pt5,FC Barcelona vs. Newcastle United FC: O/U 3.5,0x0b13b5666df181ec40eb4f81b83fb5d29c74f191ab4fb0972eaa11262c97e5d6,"[""18720021270737093741599567010327232754189539658060735768905801567790972591681"", ""108515438618019522849823577536177994714720970542201268828218058741104464651714""]",18720021270737093741599567010327232754189539658060735768905801567790972591681|108515438618019522849823577536177994714720970542201268828218058741104464651714,18720021270737093741599567010327232754189539658060735768905801567790972591681,Over,True,0.19,84.0,0.63,14.0,0.41000000000000003,0.44,5757be321fc5a85d10283d78a25cf2f6ce77f619,0.01,5,,247.3178,
2026-03-09T00:49:30Z,UCL,246279,ucl-fcb1-new-2026-03-18-more-markets,FC Barcelona vs. Newcastle United FC - More Markets,2026-03-04T19:18:23.406713Z,1500933,ucl-fcb1-new-2026-03-18-total-3pt5,FC Barcelona vs. Newcastle United FC: O/U 3.5,0x0b13b5666df181ec40eb4f81b83fb5d29c74f191ab4fb0972eaa11262c97e5d6,"[""18720021270737093741599567010327232754189539658060735768905801567790972591681"", ""108515438618019522849823577536177994714720970542201268828218058741104464651714""]",18720021270737093741599567010327232754189539658060735768905801567790972591681|108515438618019522849823577536177994714720970542201268828218058741104464651714,108515438618019522849823577536177994714720970542201268828218058741104464651714,Under,True,0.37,14.0,0.81,84.0,0.5900000000000001,0.44000000000000006,76f86c731b823abdaff7f7847b5faf11920adeaa,0.01,5,,247.3178,
2026-03-09T00:49:30Z,UCL,246279,ucl-fcb1-new-2026-03-18-more-markets,FC Barcelona vs. Newcastle United FC - More Markets,2026-03-04T19:18:23.406713Z,1500934,ucl-fcb1-new-2026-03-18-total-4pt5,FC Barcelona vs. Newcastle United FC: O/U 4.5,0xc6d011830f75879921ac0b5366a07040dacd5895d5f4df1a70e6bb779e98be20,"[""104873118722601414727378947506065799104768892267626742734792356055475604010202"", ""3743609524883396230925419007452247052598114620502130612356298695325360242981""]",104873118722601414727378947506065799104768892267626742734792356055475604010202|3743609524883396230925419007452247052598114620502130612356298695325360242981,104873118722601414727378947506065799104768892267626742734792356055475604010202,Over,True,0.1,20.0,0.63,114.0,0.365,0.53,72dbcf047fb60acaf6aaf5dd19d3189da30b55fc,0.01,5,,176.6369,
2026-03-09T00:49:30Z,UCL,246279,ucl-fcb1-new-2026-03-18-more-markets,FC Barcelona vs. Newcastle United FC - More Markets,2026-03-04T19:18:23.406713Z,1500934,ucl-fcb1-new-2026-03-18-total-4pt5,FC Barcelona vs. Newcastle United FC: O/U 4.5,0xc6d011830f75879921ac0b5366a07040dacd5895d5f4df1a70e6bb779e98be20,"[""104873118722601414727378947506065799104768892267626742734792356055475604010202"", ""3743609524883396230925419007452247052598114620502130612356298695325360242981""]",104873118722601414727378947506065799104768892267626742734792356055475604010202|3743609524883396230925419007452247052598114620502130612356298695325360242981,3743609524883396230925419007452247052598114620502130612356298695325360242981,Under,True,0.37,114.0,0.9,20.0,0.635,0.53,600dfc61d6c417c66b2a4ee58c55ed4a08e764f0,0.01,5,,176.6369,
2026-03-09T00:49:30Z,UCL,246279,ucl-fcb1-new-2026-03-18-more-markets,FC Barcelona vs. Newcastle United FC - More Markets,2026-03-04T19:18:23.406713Z,1500935,ucl-fcb1-new-2026-03-18-btts,FC Barcelona vs. Newcastle United FC: Both Teams to Score,0xdc99a857eb528e00f55020b9cf6869d3c3b938e5d6953b3246d5d5d0776f1a24,"[""34408233670321036685951892188911183487583606448280619533036031025012904588956"", ""63843319953775310723231001513552742750325540838245263670497844237688746279698""]",34408233670321036685951892188911183487583606448280619533036031025012904588956|63843319953775310723231001513552742750325540838245263670497844237688746279698,34408233670321036685951892188911183487583606448280619533036031025012904588956,Yes,True,0.45,106.0,0.79,14.0,0.62,0.34,24101b0a380824789274393c231bad9c7e158f3a,0.01,5,,1026.1832,
2026-03-09T00:49:30Z,UCL,246279,ucl-fcb1-new-2026-03-18-more-markets,FC Barcelona vs. Newcastle United FC - More Markets,2026-03-04T19:18:23.406713Z,1500935,ucl-fcb1-new-2026-03-18-btts,FC Barcelona vs. Newcastle United FC: Both Teams to Score,0xdc99a857eb528e00f55020b9cf6869d3c3b938e5d6953b3246d5d5d0776f1a24,"[""34408233670321036685951892188911183487583606448280619533036031025012904588956"", ""63843319953775310723231001513552742750325540838245263670497844237688746279698""]",34408233670321036685951892188911183487583606448280619533036031025012904588956|63843319953775310723231001513552742750325540838245263670497844237688746279698,63843319953775310723231001513552742750325540838245263670497844237688746279698,No,True,0.21,14.0,0.55,106.0,0.38,0.3400000000000001,58abe10e7fc1e14abf8a07324aa33c7c0ed19745,0.01,5,,1026.1832,
2026-03-09T00:49:30Z,UCL,246280,ucl-ars-lev-2026-03-17-more-markets,Arsenal FC vs. Bayer 04 Leverkusen - More Markets,2026-03-04T19:18:23.351189Z,1500936,ucl-ars-lev-2026-03-17-spread-home-1pt5,Spread: Arsenal FC (-1.5),0x9d7b7e1ca8ed84bd5431367dff74c44c9eb9b92739b6e25272b17d73fed5545d,"[""70876129376908476544126801744982624251636548282999655658190795380652512615135"", ""109361111770510059003466760875685369685104397025155511698465656656183885622539""]",70876129376908476544126801744982624251636548282999655658190795380652512615135|109361111770510059003466760875685369685104397025155511698465656656183885622539,70876129376908476544126801744982624251636548282999655658190795380652512615135,Arsenal FC,True,0.4,20.0,0.85,14.0,0.625,0.44999999999999996,ce3d48255d3496fe7fa44e8bfd43e59d860361bc,0.01,5,,1411.3984,
2026-03-09T00:49:30Z,UCL,246280,ucl-ars-lev-2026-03-17-more-markets,Arsenal FC vs. Bayer 04 Leverkusen - More Markets,2026-03-04T19:18:23.351189Z,1500936,ucl-ars-lev-2026-03-17-spread-home-1pt5,Spread: Arsenal FC (-1.5),0x9d7b7e1ca8ed84bd5431367dff74c44c9eb9b92739b6e25272b17d73fed5545d,"[""70876129376908476544126801744982624251636548282999655658190795380652512615135"", ""109361111770510059003466760875685369685104397025155511698465656656183885622539""]",70876129376908476544126801744982624251636548282999655658190795380652512615135|109361111770510059003466760875685369685104397025155511698465656656183885622539,109361111770510059003466760875685369685104397025155511698465656656183885622539,Bayer 04 Leverkusen,True,0.15,14.0,0.6,20.0,0.375,0.44999999999999996,86656b286cf89ac468d1065ada6e603890e48f71,0.01,5,,1411.3984,
2026-03-09T00:49:30Z,UCL,246280,ucl-ars-lev-2026-03-17-more-markets,Arsenal FC vs. Bayer 04 Leverkusen - More Markets,2026-03-04T19:18:23.351189Z,1500937,ucl-ars-lev-2026-03-17-spread-away-1pt5,Spread: Bayer 04 Leverkusen (-1.5),0x71467b19f04ad5d2a31c8919fb70d8735b4bcdb300fdc8f0d0cc1bcc49940d27,"[""78934294179682996687467535818158655656943377952991725747086681719273586157434"", ""14292029865398487103112295939552127198309378884779044991378891927071497692019""]",78934294179682996687467535818158655656943377952991725747086681719273586157434|14292029865398487103112295939552127198309378884779044991378891927071497692019,78934294179682996687467535818158655656943377952991725747086681719273586157434,Bayer 04 Leverkusen,True,0.04,20.0,0.56,14.0,0.30000000000000004,0.52,56e4b45135c013282af260f8a1cc4b8b56484b56,0.01,5,,1272.9055,
2026-03-09T00:49:30Z,UCL,246280,ucl-ars-lev-2026-03-17-more-markets,Arsenal FC vs. Bayer 04 Leverkusen - More Markets,2026-03-04T19:18:23.351189Z,1500937,ucl-ars-lev-2026-03-17-spread-away-1pt5,Spread: Bayer 04 Leverkusen (-1.5),0x71467b19f04ad5d2a31c8919fb70d8735b4bcdb300fdc8f0d0cc1bcc49940d27,"[""78934294179682996687467535818158655656943377952991725747086681719273586157434"", ""14292029865398487103112295939552127198309378884779044991378891927071497692019""]",78934294179682996687467535818158655656943377952991725747086681719273586157434|14292029865398487103112295939552127198309378884779044991378891927071497692019,14292029865398487103112295939552127198309378884779044991378891927071497692019,Arsenal FC,True,0.44,14.0,0.96,20.0,0.7,0.52,3ca2f6c682711f85549c76eeb2ec56eb97b5908c,0.01,5,,1272.9055,
2026-03-09T00:49:30Z,UCL,246280,ucl-ars-lev-2026-03-17-more-markets,Arsenal FC vs. Bayer 04 Leverkusen - More Markets,2026-03-04T19:18:23.351189Z,1500938,ucl-ars-lev-2026-03-17-spread-home-2pt5,Spread: Arsenal FC (-2.5),0x179d3bae4700a31f1f3ab3e2bb98e928153714c9c66b04e8f8d48adba798616e,"[""77152588257313774732731785566169051796515457455713497582179998272344192960958"", ""70181267141341864637332836214096490786334367018553674894683174383490247501457""]",77152588257313774732731785566169051796515457455713497582179998272344192960958|70181267141341864637332836214096490786334367018553674894683174383490247501457,77152588257313774732731785566169051796515457455713497582179998272344192960958,Arsenal FC,True,0.04,20.0,0.77,14.0,0.405,0.73,98445a1076af1b3a6218cc70c78da2723d350967,0.01,5,,81.3393,
2026-03-09T00:49:30Z,UCL,246280,ucl-ars-lev-2026-03-17-more-markets,Arsenal FC vs. Bayer 04 Leverkusen - More Markets,2026-03-04T19:18:23.351189Z,1500938,ucl-ars-lev-2026-03-17-spread-home-2pt5,Spread: Arsenal FC (-2.5),0x179d3bae4700a31f1f3ab3e2bb98e928153714c9c66b04e8f8d48adba798616e,"[""77152588257313774732731785566169051796515457455713497582179998272344192960958"", ""70181267141341864637332836214096490786334367018553674894683174383490247501457""]",77152588257313774732731785566169051796515457455713497582179998272344192960958|70181267141341864637332836214096490786334367018553674894683174383490247501457,70181267141341864637332836214096490786334367018553674894683174383490247501457,Bayer 04 Leverkusen,True,0.23,14.0,0.96,20.0,0.595,0.73,28491435cbe74ac8e7ca1de7ffa1639fcf44f85b,0.01,5,,81.3393,
2026-03-09T00:49:30Z,UCL,246280,ucl-ars-lev-2026-03-17-more-markets,Arsenal FC vs. Bayer 04 Leverkusen - More Markets,2026-03-04T19:18:23.351189Z,1500939,ucl-ars-lev-2026-03-17-spread-away-2pt5,Spread: Bayer 04 Leverkusen (-2.5),0x181ddea0dc2d5cba6cb809fbce2604e5c0e84aee36555efadebbcf78295e63e0,"[""103787775481296446479467360060517256204019583482113117574025866712928247176932"", ""79027720464396097622423213616058188996856392650703380179925941307699680044105""]",103787775481296446479467360060517256204019583482113117574025866712928247176932|79027720464396097622423213616058188996856392650703380179925941307699680044105,103787775481296446479467360060517256204019583482113117574025866712928247176932,Bayer 04 Leverkusen,True,0.02,160.0,0.11,20.3,0.065,0.09,cbfbc657f34aa89d28f63a52eec62785b02a0192,0.01,5,,69.3783,
2026-03-09T00:49:30Z,UCL,246280,ucl-ars-lev-2026-03-17-more-markets,Arsenal FC vs. Bayer 04 Leverkusen - More Markets,2026-03-04T19:18:23.351189Z,1500939,ucl-ars-lev-2026-03-17-spread-away-2pt5,Spread: Bayer 04 Leverkusen (-2.5),0x181ddea0dc2d5cba6cb809fbce2604e5c0e84aee36555efadebbcf78295e63e0,"[""103787775481296446479467360060517256204019583482113117574025866712928247176932"", ""79027720464396097622423213616058188996856392650703380179925941307699680044105""]",103787775481296446479467360060517256204019583482113117574025866712928247176932|79027720464396097622423213616058188996856392650703380179925941307699680044105,79027720464396097622423213616058188996856392650703380179925941307699680044105,Arsenal FC,True,0.89,20.3,0.98,160.0,0.935,0.08999999999999997,4ba7420e1dad088c7d9eb22fe516ff75f052e67d,0.01,5,,69.3783,
2026-03-09T00:49:30Z,UCL,246280,ucl-ars-lev-2026-03-17-more-markets,Arsenal FC vs. Bayer 04 Leverkusen - More Markets,2026-03-04T19:18:23.351189Z,1500940,ucl-ars-lev-2026-03-17-total-1pt5,Arsenal FC vs. Bayer 04 Leverkusen: O/U 1.5,0xe3947086bf7c21b8926e8edaa7ff5e56d53e007594ee5d0357e166d6ec49bb69,"[""109800925032709163248158542305468947608982797162585620607870421705758560379878"", ""114733577856668215216926371741432707458142367915671660090371105847922712619720""]",109800925032709163248158542305468947608982797162585620607870421705758560379878|114733577856668215216926371741432707458142367915671660090371105847922712619720,109800925032709163248158542305468947608982797162585620607870421705758560379878,Over,True,0.1,14.0,0.93,7.56,0.515,0.8300000000000001,d649592b24d6bf66fc11587d8c8100f83c7672e6,0.01,5,,102.8387,
2026-03-09T00:49:30Z,UCL,246280,ucl-ars-lev-2026-03-17-more-markets,Arsenal FC vs. Bayer 04 Leverkusen - More Markets,2026-03-04T19:18:23.351189Z,1500940,ucl-ars-lev-2026-03-17-total-1pt5,Arsenal FC vs. Bayer 04 Leverkusen: O/U 1.5,0xe3947086bf7c21b8926e8edaa7ff5e56d53e007594ee5d0357e166d6ec49bb69,"[""109800925032709163248158542305468947608982797162585620607870421705758560379878"", ""114733577856668215216926371741432707458142367915671660090371105847922712619720""]",109800925032709163248158542305468947608982797162585620607870421705758560379878|114733577856668215216926371741432707458142367915671660090371105847922712619720,114733577856668215216926371741432707458142367915671660090371105847922712619720,Under,True,0.07,7.56,0.9,14.0,0.485,0.8300000000000001,0a0235b3c2f6d4607db86f51c1d6ebbb994f2944,0.01,5,,102.8387,
2026-03-09T00:49:30Z,UCL,246280,ucl-ars-lev-2026-03-17-more-markets,Arsenal FC vs. Bayer 04 Leverkusen - More Markets,2026-03-04T19:18:23.351189Z,1500941,ucl-ars-lev-2026-03-17-total-2pt5,Arsenal FC vs. Bayer 04 Leverkusen: O/U 2.5,0x6ee56f8934600412fbfe340dc75ed3b110056c387cf7c61ab0926aed19be653b,"[""54211110274204699050301717826022452875432756435068625415283123005916157824072"", ""113505618051521979083098029048004671143693654485321467356901033066828077871645""]",54211110274204699050301717826022452875432756435068625415283123005916157824072|113505618051521979083098029048004671143693654485321467356901033066828077871645,54211110274204699050301717826022452875432756435068625415283123005916157824072,Over,True,0.1,50.0,0.94,410.0,0.52,0.84,3ef8a999921ed3414518ad069e3c1669f212d134,0.01,5,,86.2598,
2026-03-09T00:49:30Z,UCL,246280,ucl-ars-lev-2026-03-17-more-markets,Arsenal FC vs. Bayer 04 Leverkusen - More Markets,2026-03-04T19:18:23.351189Z,1500941,ucl-ars-lev-2026-03-17-total-2pt5,Arsenal FC vs. Bayer 04 Leverkusen: O/U 2.5,0x6ee56f8934600412fbfe340dc75ed3b110056c387cf7c61ab0926aed19be653b,"[""54211110274204699050301717826022452875432756435068625415283123005916157824072"", ""113505618051521979083098029048004671143693654485321467356901033066828077871645""]",54211110274204699050301717826022452875432756435068625415283123005916157824072|113505618051521979083098029048004671143693654485321467356901033066828077871645,113505618051521979083098029048004671143693654485321467356901033066828077871645,Under,True,0.06,410.0,0.9,50.0,0.48,0.8400000000000001,20f321b16251f655748f3ce683ccbc37fcfdc9f0,0.01,5,,86.2598,
2026-03-09T00:49:30Z,UCL,246280,ucl-ars-lev-2026-03-17-more-markets,Arsenal FC vs. Bayer 04 Leverkusen - More Markets,2026-03-04T19:18:23.351189Z,1500942,ucl-ars-lev-2026-03-17-total-3pt5,Arsenal FC vs. Bayer 04 Leverkusen: O/U 3.5,0x99d9521d5034b9eb267136d09fa9f5748173f81d92bc9678efac21bbcc38d984,"[""54678182517052917635443418124324597135965599724048334027053016625248283672591"", ""46438628395738791233726755516660823400655635850821661944902479383489979539825""]",54678182517052917635443418124324597135965599724048334027053016625248283672591|46438628395738791233726755516660823400655635850821661944902479383489979539825,54678182517052917635443418124324597135965599724048334027053016625248283672591,Over,True,0.04,17.71,0.9,14.0,0.47000000000000003,0.86,a66004268b66e3d5391cf71d531b2f04c29d4f90,0.01,5,,102.1783,
2026-03-09T00:49:30Z,UCL,246280,ucl-ars-lev-2026-03-17-more-markets,Arsenal FC vs. Bayer 04 Leverkusen - More Markets,2026-03-04T19:18:23.351189Z,1500942,ucl-ars-lev-2026-03-17-total-3pt5,Arsenal FC vs. Bayer 04 Leverkusen: O/U 3.5,0x99d9521d5034b9eb267136d09fa9f5748173f81d92bc9678efac21bbcc38d984,"[""54678182517052917635443418124324597135965599724048334027053016625248283672591"", ""46438628395738791233726755516660823400655635850821661944902479383489979539825""]",54678182517052917635443418124324597135965599724048334027053016625248283672591|46438628395738791233726755516660823400655635850821661944902479383489979539825,46438628395738791233726755516660823400655635850821661944902479383489979539825,Under,True,0.1,14.0,0.96,17.71,0.53,0.86,feba6a1cd3b75cb785d003691b2897e3d99ce767,0.01,5,,102.1783,
2026-03-09T00:49:30Z,UCL,246280,ucl-ars-lev-2026-03-17-more-markets,Arsenal FC vs. Bayer 04 Leverkusen - More Markets,2026-03-04T19:18:23.351189Z,1500943,ucl-ars-lev-2026-03-17-total-4pt5,Arsenal FC vs. Bayer 04 Leverkusen: O/U 4.5,0xc0971d7d82dfb7a97e969d3731bbd0fd8d4a23a23270550681af8dc0da03927a,"[""100794261149394573568428662212423396779285183118512014228478447814980070396447"", ""77003626290945053565137142535611993740748559014060130597161176004464705490837""]",100794261149394573568428662212423396779285183118512014228478447814980070396447|77003626290945053565137142535611993740748559014060130597161176004464705490837,100794261149394573568428662212423396779285183118512014228478447814980070396447,Over,True,0.05,18.12,0.91,14.0,0.48000000000000004,0.86,fa930479334068a1777a866b4f91f387ebe0410a,0.01,5,,105.0884,
2026-03-09T00:49:30Z,UCL,246280,ucl-ars-lev-2026-03-17-more-markets,Arsenal FC vs. Bayer 04 Leverkusen - More Markets,2026-03-04T19:18:23.351189Z,1500943,ucl-ars-lev-2026-03-17-total-4pt5,Arsenal FC vs. Bayer 04 Leverkusen: O/U 4.5,0xc0971d7d82dfb7a97e969d3731bbd0fd8d4a23a23270550681af8dc0da03927a,"[""100794261149394573568428662212423396779285183118512014228478447814980070396447"", ""77003626290945053565137142535611993740748559014060130597161176004464705490837""]",100794261149394573568428662212423396779285183118512014228478447814980070396447|77003626290945053565137142535611993740748559014060130597161176004464705490837,77003626290945053565137142535611993740748559014060130597161176004464705490837,Under,True,0.09,14.0,0.95,18.12,0.52,0.86,2b6bc3f473fc3fc3dbaa56d2d694a35d828ad271,0.01,5,,105.0884,
2026-03-09T00:49:30Z,UCL,246280,ucl-ars-lev-2026-03-17-more-markets,Arsenal FC vs. Bayer 04 Leverkusen - More Markets,2026-03-04T19:18:23.351189Z,1500944,ucl-ars-lev-2026-03-17-btts,Arsenal FC vs. Bayer 04 Leverkusen: Both Teams to Score,0x44e27e5adca5d90d24da18e641bdbc12cb0ab9d4b1f312347439800b00c9d4d7,"[""1656361948877245147623429791786859691660045371748194402051005577593813384601"", ""58836950587973414045184319481704823076409453265733690866732221724361548067651""]",1656361948877245147623429791786859691660045371748194402051005577593813384601|58836950587973414045184319481704823076409453265733690866732221724361548067651,1656361948877245147623429791786859691660045371748194402051005577593813384601,Yes,True,0.08,467.8,0.94,9.67,0.51,0.86,45bdcb487b22b5e9fb13553daa91b177f7827f83,0.01,5,,99.3271,
2026-03-09T00:49:30Z,UCL,246280,ucl-ars-lev-2026-03-17-more-markets,Arsenal FC vs. Bayer 04 Leverkusen - More Markets,2026-03-04T19:18:23.351189Z,1500944,ucl-ars-lev-2026-03-17-btts,Arsenal FC vs. Bayer 04 Leverkusen: Both Teams to Score,0x44e27e5adca5d90d24da18e641bdbc12cb0ab9d4b1f312347439800b00c9d4d7,"[""1656361948877245147623429791786859691660045371748194402051005577593813384601"", ""58836950587973414045184319481704823076409453265733690866732221724361548067651""]",1656361948877245147623429791786859691660045371748194402051005577593813384601|58836950587973414045184319481704823076409453265733690866732221724361548067651,58836950587973414045184319481704823076409453265733690866732221724361548067651,No,True,0.06,9.67,0.92,467.8,0.49,0.8600000000000001,9327fa66b2d04e329babf69122e5ad0ce30f450c,0.01,5,,99.3271,
2026-03-09T00:49:30Z,UCL,246281,ucl-mnc1-rma1-2026-03-17-more-markets,Manchester City FC vs. Real Madrid CF - More Markets,2026-03-04T19:18:23.401253Z,1500945,ucl-mnc1-rma1-2026-03-17-spread-home-1pt5,Spread: Manchester City FC (-1.5),0x68683aab723733cdc03f1bf6a1b9758baad063800bd57a18cbcd29e0bf863950,"[""78940606229390770956621005545960828019783169527776356780468786821621741751930"", ""45288657539051545432020898391448071804336589912354656915990104259988231140190""]",78940606229390770956621005545960828019783169527776356780468786821621741751930|45288657539051545432020898391448071804336589912354656915990104259988231140190,78940606229390770956621005545960828019783169527776356780468786821621741751930,Manchester City FC,True,0.27,20.0,0.77,14.0,0.52,0.5,773518ada568e4d940c4c9e54f2f35c61482a628,0.01,5,,1546.1081,
2026-03-09T00:49:30Z,UCL,246281,ucl-mnc1-rma1-2026-03-17-more-markets,Manchester City FC vs. Real Madrid CF - More Markets,2026-03-04T19:18:23.401253Z,1500945,ucl-mnc1-rma1-2026-03-17-spread-home-1pt5,Spread: Manchester City FC (-1.5),0x68683aab723733cdc03f1bf6a1b9758baad063800bd57a18cbcd29e0bf863950,"[""78940606229390770956621005545960828019783169527776356780468786821621741751930"", ""45288657539051545432020898391448071804336589912354656915990104259988231140190""]",78940606229390770956621005545960828019783169527776356780468786821621741751930|45288657539051545432020898391448071804336589912354656915990104259988231140190,45288657539051545432020898391448071804336589912354656915990104259988231140190,Real Madrid CF,True,0.23,14.0,0.73,20.0,0.48,0.5,4fd6d8c4614c64d3835b2f7857d11e176ec4d246,0.01,5,,1546.1081,
2026-03-09T00:49:30Z,UCL,246281,ucl-mnc1-rma1-2026-03-17-more-markets,Manchester City FC vs. Real Madrid CF - More Markets,2026-03-04T19:18:23.401253Z,1500946,ucl-mnc1-rma1-2026-03-17-spread-away-1pt5,Spread: Real Madrid CF (-1.5),0xebb9ccc21dd0d587e1a9d433ba5f657ee250fa53ac3902aab868410e78e89fff,"[""58998900953046472770277649501154787707622672959294037355116201982598382945507"", ""42079648815727470731140593062250183422560931201858498396940500234235488902317""]",58998900953046472770277649501154787707622672959294037355116201982598382945507|42079648815727470731140593062250183422560931201858498396940500234235488902317,58998900953046472770277649501154787707622672959294037355116201982598382945507,Real Madrid CF,True,0.05,11.96,0.69,14.0,0.37,0.6399999999999999,ef575210bf70c056fbb2c377298cca47a51de889,0.01,5,,1460.1777,
2026-03-09T00:49:30Z,UCL,246281,ucl-mnc1-rma1-2026-03-17-more-markets,Manchester City FC vs. Real Madrid CF - More Markets,2026-03-04T19:18:23.401253Z,1500946,ucl-mnc1-rma1-2026-03-17-spread-away-1pt5,Spread: Real Madrid CF (-1.5),0xebb9ccc21dd0d587e1a9d433ba5f657ee250fa53ac3902aab868410e78e89fff,"[""58998900953046472770277649501154787707622672959294037355116201982598382945507"", ""42079648815727470731140593062250183422560931201858498396940500234235488902317""]",58998900953046472770277649501154787707622672959294037355116201982598382945507|42079648815727470731140593062250183422560931201858498396940500234235488902317,42079648815727470731140593062250183422560931201858498396940500234235488902317,Manchester City FC,True,0.31,14.0,0.95,11.96,0.63,0.6399999999999999,cfc8c0eca4bfb72ef09bb4afd1fbf26f47496c28,0.01,5,,1460.1777,
2026-03-09T00:49:30Z,UCL,246281,ucl-mnc1-rma1-2026-03-17-more-markets,Manchester City FC vs. Real Madrid CF - More Markets,2026-03-04T19:18:23.401253Z,1500947,ucl-mnc1-rma1-2026-03-17-spread-home-2pt5,Spread: Manchester City FC (-2.5),0x90acd1e7b7fb8a97d4e27a5986618aea63ea97881011acc54434d64de865976d,"[""11221428544771384503769760744722025838472722921811901613242091392405051408812"", ""92512781046064609676719695374642341288317600247331269695729756603081931117463""]",11221428544771384503769760744722025838472722921811901613242091392405051408812|92512781046064609676719695374642341288317600247331269695729756603081931117463,11221428544771384503769760744722025838472722921811901613242091392405051408812,Manchester City FC,True,0.05,17.79,0.77,14.0,0.41000000000000003,0.72,8041c5bf7d64422bdf4c0ff9e6125bca3c21cb2a,0.01,5,,35.5396,
2026-03-09T00:49:30Z,UCL,246281,ucl-mnc1-rma1-2026-03-17-more-markets,Manchester City FC vs. Real Madrid CF - More Markets,2026-03-04T19:18:23.401253Z,1500947,ucl-mnc1-rma1-2026-03-17-spread-home-2pt5,Spread: Manchester City FC (-2.5),0x90acd1e7b7fb8a97d4e27a5986618aea63ea97881011acc54434d64de865976d,"[""11221428544771384503769760744722025838472722921811901613242091392405051408812"", ""92512781046064609676719695374642341288317600247331269695729756603081931117463""]",11221428544771384503769760744722025838472722921811901613242091392405051408812|92512781046064609676719695374642341288317600247331269695729756603081931117463,92512781046064609676719695374642341288317600247331269695729756603081931117463,Real Madrid CF,True,0.23,14.0,0.95,17.79,0.59,0.72,b6677bffa030b937f0d978848f7a33a396c8039b,0.01,5,,35.5396,
2026-03-09T00:49:30Z,UCL,246281,ucl-mnc1-rma1-2026-03-17-more-markets,Manchester City FC vs. Real Madrid CF - More Markets,2026-03-04T19:18:23.401253Z,1500948,ucl-mnc1-rma1-2026-03-17-spread-away-2pt5,Spread: Real Madrid CF (-2.5),0x8fe4e52cbbdda1f02db9cd66eca86185820b085269376083924abb37876bd77c,"[""59939488584031135168077747614459897694024937169774836333795114970929908789460"", ""85712583608432389820074237130986351569379642391439426632609736097028533224953""]",59939488584031135168077747614459897694024937169774836333795114970929908789460|85712583608432389820074237130986351569379642391439426632609736097028533224953,59939488584031135168077747614459897694024937169774836333795114970929908789460,Real Madrid CF,True,0.03,5.0,0.23,13.12,0.13,0.2,77390864707bb5b84a73ecc17f9c41bda207cbd0,0.01,5,,121.0162,
2026-03-09T00:49:30Z,UCL,246281,ucl-mnc1-rma1-2026-03-17-more-markets,Manchester City FC vs. Real Madrid CF - More Markets,2026-03-04T19:18:23.401253Z,1500948,ucl-mnc1-rma1-2026-03-17-spread-away-2pt5,Spread: Real Madrid CF (-2.5),0x8fe4e52cbbdda1f02db9cd66eca86185820b085269376083924abb37876bd77c,"[""59939488584031135168077747614459897694024937169774836333795114970929908789460"", ""85712583608432389820074237130986351569379642391439426632609736097028533224953""]",59939488584031135168077747614459897694024937169774836333795114970929908789460|85712583608432389820074237130986351569379642391439426632609736097028533224953,85712583608432389820074237130986351569379642391439426632609736097028533224953,Manchester City FC,True,0.77,13.12,0.97,5.0,0.87,0.19999999999999996,a3fdfb9ebf0e8bf9d7e688926bc1225446d5ea6b,0.01,5,,121.0162,
2026-03-09T00:49:30Z,UCL,246281,ucl-mnc1-rma1-2026-03-17-more-markets,Manchester City FC vs. Real Madrid CF - More Markets,2026-03-04T19:18:23.401253Z,1500949,ucl-mnc1-rma1-2026-03-17-total-1pt5,Manchester City FC vs. Real Madrid CF: O/U 1.5,0x142424635c0e415bdf9e7501095d5ba5ea254eb7716b34ef71bd2bb6e09b360b,"[""47064568269996362152864753649719821834333225464094784668505933213535899962038"", ""104965258229815802866293792492944121806075750815277809652123146440895703664777""]",47064568269996362152864753649719821834333225464094784668505933213535899962038|104965258229815802866293792492944121806075750815277809652123146440895703664777,47064568269996362152864753649719821834333225464094784668505933213535899962038,Over,True,0.09,14.0,0.95,12.79,0.52,0.86,b2723a47029a1c3b03f277049b38caa4d65c144d,0.01,5,,98.6089,
2026-03-09T00:49:30Z,UCL,246281,ucl-mnc1-rma1-2026-03-17-more-markets,Manchester City FC vs. Real Madrid CF - More Markets,2026-03-04T19:18:23.401253Z,1500949,ucl-mnc1-rma1-2026-03-17-total-1pt5,Manchester City FC vs. Real Madrid CF: O/U 1.5,0x142424635c0e415bdf9e7501095d5ba5ea254eb7716b34ef71bd2bb6e09b360b,"[""47064568269996362152864753649719821834333225464094784668505933213535899962038"", ""104965258229815802866293792492944121806075750815277809652123146440895703664777""]",47064568269996362152864753649719821834333225464094784668505933213535899962038|104965258229815802866293792492944121806075750815277809652123146440895703664777,104965258229815802866293792492944121806075750815277809652123146440895703664777,Under,True,0.05,12.79,0.91,14.0,0.48000000000000004,0.86,64c5ba9fd703a07c7ff0e2cca3e4cb894a881d2d,0.01,5,,98.6089,
2026-03-09T00:49:30Z,UCL,246281,ucl-mnc1-rma1-2026-03-17-more-markets,Manchester City FC vs. Real Madrid CF - More Markets,2026-03-04T19:18:23.401253Z,1500950,ucl-mnc1-rma1-2026-03-17-total-2pt5,Manchester City FC vs. Real Madrid CF: O/U 2.5,0xfe5c45e792012d1286dffd98ac06cfc3b20bf431d304fae5d262e841e5faec05,"[""17727046927063108229159014217871912176504179938588981674243735855448062168830"", ""56028751328390192761474665598601687551501765856211462184071656790994970505233""]",17727046927063108229159014217871912176504179938588981674243735855448062168830|56028751328390192761474665598601687551501765856211462184071656790994970505233,17727046927063108229159014217871912176504179938588981674243735855448062168830,Over,True,0.1,14.0,0.92,10.0,0.51,0.8200000000000001,ea0416c2d8b3b1f0a47859e9bc4bad482c05c8af,0.01,5,,107.7791,
2026-03-09T00:49:30Z,UCL,246281,ucl-mnc1-rma1-2026-03-17-more-markets,Manchester City FC vs. Real Madrid CF - More Markets,2026-03-04T19:18:23.401253Z,1500950,ucl-mnc1-rma1-2026-03-17-total-2pt5,Manchester City FC vs. Real Madrid CF: O/U 2.5,0xfe5c45e792012d1286dffd98ac06cfc3b20bf431d304fae5d262e841e5faec05,"[""17727046927063108229159014217871912176504179938588981674243735855448062168830"", ""56028751328390192761474665598601687551501765856211462184071656790994970505233""]",17727046927063108229159014217871912176504179938588981674243735855448062168830|56028751328390192761474665598601687551501765856211462184071656790994970505233,56028751328390192761474665598601687551501765856211462184071656790994970505233,Under,True,0.08,10.0,0.9,14.0,0.49,0.8200000000000001,317ceed41c99d89068e93a033bf2e5ca451a9fac,0.01,5,,107.7791,
2026-03-09T00:49:30Z,UCL,246281,ucl-mnc1-rma1-2026-03-17-more-markets,Manchester City FC vs. Real Madrid CF - More Markets,2026-03-04T19:18:23.401253Z,1500951,ucl-mnc1-rma1-2026-03-17-total-3pt5,Manchester City FC vs. Real Madrid CF: O/U 3.5,0x473b6e8fc9f7669cbe3411fa6281ac0853af43851cde48fc4d0a07838b683bab,"[""101386400926285327209638375536839764384935613348790100332426680461908616337631"", ""45632156906483910939644907596611868096950516245573793119742746325606727659757""]",101386400926285327209638375536839764384935613348790100332426680461908616337631|45632156906483910939644907596611868096950516245573793119742746325606727659757,101386400926285327209638375536839764384935613348790100332426680461908616337631,Over,True,0.1,14.0,0.93,7.56,0.515,0.8300000000000001,9ab1ad95577bf9a3ba5600db83e2d447fbb574bb,0.01,5,,87.7789,
2026-03-09T00:49:30Z,UCL,246281,ucl-mnc1-rma1-2026-03-17-more-markets,Manchester City FC vs. Real Madrid CF - More Markets,2026-03-04T19:18:23.401253Z,1500951,ucl-mnc1-rma1-2026-03-17-total-3pt5,Manchester City FC vs. Real Madrid CF: O/U 3.5,0x473b6e8fc9f7669cbe3411fa6281ac0853af43851cde48fc4d0a07838b683bab,"[""101386400926285327209638375536839764384935613348790100332426680461908616337631"", ""45632156906483910939644907596611868096950516245573793119742746325606727659757""]",101386400926285327209638375536839764384935613348790100332426680461908616337631|45632156906483910939644907596611868096950516245573793119742746325606727659757,45632156906483910939644907596611868096950516245573793119742746325606727659757,Under,True,0.07,7.56,0.9,14.0,0.485,0.8300000000000001,78bffc5ab7ed33fea784c945427da1e44493d993,0.01,5,,87.7789,
2026-03-09T00:49:30Z,UCL,246281,ucl-mnc1-rma1-2026-03-17-more-markets,Manchester City FC vs. Real Madrid CF - More Markets,2026-03-04T19:18:23.401253Z,1500952,ucl-mnc1-rma1-2026-03-17-total-4pt5,Manchester City FC vs. Real Madrid CF: O/U 4.5,0x793aa80f599d9a582850c82c369620734409e879dc57052a501ce41ad3c60c82,"[""33025900967915522796836064916314169686341167742245385516430479956130290812172"", ""68465484626134163976167357970254157305259105142359435729874104504958574809063""]",33025900967915522796836064916314169686341167742245385516430479956130290812172|68465484626134163976167357970254157305259105142359435729874104504958574809063,33025900967915522796836064916314169686341167742245385516430479956130290812172,Over,True,0.07,7.56,0.89,14.0,0.48,0.8200000000000001,332dc1ecd93e342406c3a96771e06892d65527ac,0.01,5,,102.9586,
2026-03-09T00:49:30Z,UCL,246281,ucl-mnc1-rma1-2026-03-17-more-markets,Manchester City FC vs. Real Madrid CF - More Markets,2026-03-04T19:18:23.401253Z,1500952,ucl-mnc1-rma1-2026-03-17-total-4pt5,Manchester City FC vs. Real Madrid CF: O/U 4.5,0x793aa80f599d9a582850c82c369620734409e879dc57052a501ce41ad3c60c82,"[""33025900967915522796836064916314169686341167742245385516430479956130290812172"", ""68465484626134163976167357970254157305259105142359435729874104504958574809063""]",33025900967915522796836064916314169686341167742245385516430479956130290812172|68465484626134163976167357970254157305259105142359435729874104504958574809063,68465484626134163976167357970254157305259105142359435729874104504958574809063,Under,True,0.11,14.0,0.93,7.56,0.52,0.8200000000000001,9252128ff4b9fe6ecd5bd62bd323d1d06a701c31,0.01,5,,102.9586,
2026-03-09T00:49:30Z,UCL,246281,ucl-mnc1-rma1-2026-03-17-more-markets,Manchester City FC vs. Real Madrid CF - More Markets,2026-03-04T19:18:23.401253Z,1500953,ucl-mnc1-rma1-2026-03-17-btts,Manchester City FC vs. Real Madrid CF: Both Teams to Score,0x702492335021a650cc7735b75ed6d72e53a0861f004824b53d1326b3d4b2696c,"[""49354044818629759792469920993312190768105422057948408666362679488866345111275"", ""103563250456877858109288923150772592000094899514202957597351173308707457575658""]",49354044818629759792469920993312190768105422057948408666362679488866345111275|103563250456877858109288923150772592000094899514202957597351173308707457575658,49354044818629759792469920993312190768105422057948408666362679488866345111275,Yes,True,0.1,14.0,0.93,7.56,0.515,0.8300000000000001,d1ea0ff776969409586ecb501abb17abfa86f700,0.01,5,,112.7681,
2026-03-09T00:49:30Z,UCL,246281,ucl-mnc1-rma1-2026-03-17-more-markets,Manchester City FC vs. Real Madrid CF - More Markets,2026-03-04T19:18:23.401253Z,1500953,ucl-mnc1-rma1-2026-03-17-btts,Manchester City FC vs. Real Madrid CF: Both Teams to Score,0x702492335021a650cc7735b75ed6d72e53a0861f004824b53d1326b3d4b2696c,"[""49354044818629759792469920993312190768105422057948408666362679488866345111275"", ""103563250456877858109288923150772592000094899514202957597351173308707457575658""]",49354044818629759792469920993312190768105422057948408666362679488866345111275|103563250456877858109288923150772592000094899514202957597351173308707457575658,103563250456877858109288923150772592000094899514202957597351173308707457575658,No,True,0.07,7.56,0.9,14.0,0.485,0.8300000000000001,dee81344dc6ad46c02dbeb1886d4a6035f625c47,0.01,5,,112.7681,
2026-03-09T00:49:30Z,UCL,246282,ucl-cfc1-psg1-2026-03-17-more-markets,Chelsea FC vs. Paris Saint-Germain FC - More Markets,2026-03-04T19:23:57.030528Z,1500954,ucl-cfc1-psg1-2026-03-17-spread-home-1pt5,Spread: Chelsea FC (-1.5),0xa96abd8133b81e496b6581eefe622e3fd1eb485dfd7c3d02b81ead15072b9789,"[""114360248829790408135376236458577821075249395744289270523864425762846340126831"", ""96036628486327896040939189256750724464071838176439127181835108941841231063450""]",114360248829790408135376236458577821075249395744289270523864425762846340126831|96036628486327896040939189256750724464071838176439127181835108941841231063450,114360248829790408135376236458577821075249395744289270523864425762846340126831,Chelsea FC,True,0.04,15.52,0.77,14.0,0.405,0.73,19eb65d75df288f894a87faef2f83751629d5181,0.01,5,,27.9386,
2026-03-09T00:49:30Z,UCL,246282,ucl-cfc1-psg1-2026-03-17-more-markets,Chelsea FC vs. Paris Saint-Germain FC - More Markets,2026-03-04T19:23:57.030528Z,1500954,ucl-cfc1-psg1-2026-03-17-spread-home-1pt5,Spread: Chelsea FC (-1.5),0xa96abd8133b81e496b6581eefe622e3fd1eb485dfd7c3d02b81ead15072b9789,"[""114360248829790408135376236458577821075249395744289270523864425762846340126831"", ""96036628486327896040939189256750724464071838176439127181835108941841231063450""]",114360248829790408135376236458577821075249395744289270523864425762846340126831|96036628486327896040939189256750724464071838176439127181835108941841231063450,96036628486327896040939189256750724464071838176439127181835108941841231063450,Paris Saint-Germain FC,True,0.23,14.0,0.96,15.52,0.595,0.73,666cddc8d5e0757dd03f9423c802756fa0792362,0.01,5,,27.9386,
2026-03-09T00:49:30Z,UCL,246282,ucl-cfc1-psg1-2026-03-17-more-markets,Chelsea FC vs. Paris Saint-Germain FC - More Markets,2026-03-04T19:23:57.030528Z,1500955,ucl-cfc1-psg1-2026-03-17-spread-away-1pt5,Spread: Paris Saint-Germain FC (-1.5),0x9746f0a2c13256e470fb85718c4e60071c199fc39b72cfc1d8dc961179f2f203,"[""83203716446263233002624882154575415818985337494043333394034313512979155269129"", ""103120220620108793625659551729852381200632489017992437940723097975988868690046""]",83203716446263233002624882154575415818985337494043333394034313512979155269129|103120220620108793625659551729852381200632489017992437940723097975988868690046,83203716446263233002624882154575415818985337494043333394034313512979155269129,Paris Saint-Germain FC,True,0.03,24.22,0.3,760.0,0.16499999999999998,0.27,53667c196e6de6f596d0f191383d562aaaec6906,0.01,5,,563.7737,
2026-03-09T00:49:30Z,UCL,246282,ucl-cfc1-psg1-2026-03-17-more-markets,Chelsea FC vs. Paris Saint-Germain FC - More Markets,2026-03-04T19:23:57.030528Z,1500955,ucl-cfc1-psg1-2026-03-17-spread-away-1pt5,Spread: Paris Saint-Germain FC (-1.5),0x9746f0a2c13256e470fb85718c4e60071c199fc39b72cfc1d8dc961179f2f203,"[""83203716446263233002624882154575415818985337494043333394034313512979155269129"", ""103120220620108793625659551729852381200632489017992437940723097975988868690046""]",83203716446263233002624882154575415818985337494043333394034313512979155269129|103120220620108793625659551729852381200632489017992437940723097975988868690046,103120220620108793625659551729852381200632489017992437940723097975988868690046,Chelsea FC,True,0.7,760.0,0.97,24.22,0.835,0.27,ad12e04f3989e63771b556a70ccbbf699f5c8924,0.01,5,,563.7737,
2026-03-09T00:49:30Z,UCL,246282,ucl-cfc1-psg1-2026-03-17-more-markets,Chelsea FC vs. Paris Saint-Germain FC - More Markets,2026-03-04T19:23:57.030528Z,1500956,ucl-cfc1-psg1-2026-03-17-spread-home-2pt5,Spread: Chelsea FC (-2.5),0xa1558d607041ee00b047847153123c80e7e6d17c4359844d3a397e1604c6e53a,"[""16902596264025731698255968408566387194601047070876322480260115036354378784971"", ""15681557794032458081853646830785711386601451895752209284836879244178683123553""]",16902596264025731698255968408566387194601047070876322480260115036354378784971|15681557794032458081853646830785711386601451895752209284836879244178683123553,16902596264025731698255968408566387194601047070876322480260115036354378784971,Chelsea FC,True,0.03,25.9,0.79,14.0,0.41000000000000003,0.76,a32b3a6fff7bd39d588e3101290ba1aa6de0b60a,0.01,5,,30.2236,
2026-03-09T00:49:30Z,UCL,246282,ucl-cfc1-psg1-2026-03-17-more-markets,Chelsea FC vs. Paris Saint-Germain FC - More Markets,2026-03-04T19:23:57.030528Z,1500956,ucl-cfc1-psg1-2026-03-17-spread-home-2pt5,Spread: Chelsea FC (-2.5),0xa1558d607041ee00b047847153123c80e7e6d17c4359844d3a397e1604c6e53a,"[""16902596264025731698255968408566387194601047070876322480260115036354378784971"", ""15681557794032458081853646830785711386601451895752209284836879244178683123553""]",16902596264025731698255968408566387194601047070876322480260115036354378784971|15681557794032458081853646830785711386601451895752209284836879244178683123553,15681557794032458081853646830785711386601451895752209284836879244178683123553,Paris Saint-Germain FC,True,0.21,14.0,0.97,25.9,0.59,0.76,3aac2144bb51841024e873b23799328066597729,0.01,5,,30.2236,
2026-03-09T00:49:30Z,UCL,246282,ucl-cfc1-psg1-2026-03-17-more-markets,Chelsea FC vs. Paris Saint-Germain FC - More Markets,2026-03-04T19:23:57.030528Z,1500957,ucl-cfc1-psg1-2026-03-17-spread-away-2pt5,Spread: Paris Saint-Germain FC (-2.5),0x75f104fafea2c3861d6a919acfbf355834bea565c8e27752fe59df37c1f2c6f2,"[""16898778867063863415636646992084921663944899712372554004749398267449756283987"", ""49811115067442420158447102008362120077287701487714173374011222340959706567792""]",16898778867063863415636646992084921663944899712372554004749398267449756283987|49811115067442420158447102008362120077287701487714173374011222340959706567792,16898778867063863415636646992084921663944899712372554004749398267449756283987,Paris Saint-Germain FC,True,0.03,25.9,0.79,14.0,0.41000000000000003,0.76,29616e7fb1a615d6805395109689a621fe4b89d2,0.01,5,,25.0642,
2026-03-09T00:49:30Z,UCL,246282,ucl-cfc1-psg1-2026-03-17-more-markets,Chelsea FC vs. Paris Saint-Germain FC - More Markets,2026-03-04T19:23:57.030528Z,1500957,ucl-cfc1-psg1-2026-03-17-spread-away-2pt5,Spread: Paris Saint-Germain FC (-2.5),0x75f104fafea2c3861d6a919acfbf355834bea565c8e27752fe59df37c1f2c6f2,"[""16898778867063863415636646992084921663944899712372554004749398267449756283987"", ""49811115067442420158447102008362120077287701487714173374011222340959706567792""]",16898778867063863415636646992084921663944899712372554004749398267449756283987|49811115067442420158447102008362120077287701487714173374011222340959706567792,49811115067442420158447102008362120077287701487714173374011222340959706567792,Chelsea FC,True,0.21,14.0,0.97,25.9,0.59,0.76,c4e0688af1190effcb442318c618a31ef7806f2d,0.01,5,,25.0642,
2026-03-09T00:49:30Z,UCL,246282,ucl-cfc1-psg1-2026-03-17-more-markets,Chelsea FC vs. Paris Saint-Germain FC - More Markets,2026-03-04T19:23:57.030528Z,1500958,ucl-cfc1-psg1-2026-03-17-total-1pt5,Chelsea FC vs. Paris Saint-Germain FC: O/U 1.5,0xf07c6b6e46636e4e68bb4c760ffc040e76db9399dee7f4a92f0ae6867a95ff63,"[""107379951624266081441883400039951263754174626528499215626807262602473782458486"", ""87623471987871793531264570698517495907900559358840692060012125015084273964957""]",107379951624266081441883400039951263754174626528499215626807262602473782458486|87623471987871793531264570698517495907900559358840692060012125015084273964957,107379951624266081441883400039951263754174626528499215626807262602473782458486,Over,True,0.09,14.0,0.95,12.79,0.52,0.86,d67d14c4453ca6ff930eee6a9252742a463004d5,0.01,5,,96.8207,
2026-03-09T00:49:30Z,UCL,246282,ucl-cfc1-psg1-2026-03-17-more-markets,Chelsea FC vs. Paris Saint-Germain FC - More Markets,2026-03-04T19:23:57.030528Z,1500958,ucl-cfc1-psg1-2026-03-17-total-1pt5,Chelsea FC vs. Paris Saint-Germain FC: O/U 1.5,0xf07c6b6e46636e4e68bb4c760ffc040e76db9399dee7f4a92f0ae6867a95ff63,"[""107379951624266081441883400039951263754174626528499215626807262602473782458486"", ""87623471987871793531264570698517495907900559358840692060012125015084273964957""]",107379951624266081441883400039951263754174626528499215626807262602473782458486|87623471987871793531264570698517495907900559358840692060012125015084273964957,87623471987871793531264570698517495907900559358840692060012125015084273964957,Under,True,0.05,12.79,0.91,14.0,0.48000000000000004,0.86,10e708d2ebd850e16cb64b593434827f96e58c49,0.01,5,,96.8207,
2026-03-09T00:49:30Z,UCL,246282,ucl-cfc1-psg1-2026-03-17-more-markets,Chelsea FC vs. Paris Saint-Germain FC - More Markets,2026-03-04T19:23:57.030528Z,1500959,ucl-cfc1-psg1-2026-03-17-total-2pt5,Chelsea FC vs. Paris Saint-Germain FC: O/U 2.5,0xfc8cba3111834763777679a06d79528125d9608a5e3d876317f06ebfc26978a5,"[""96149246539440450263128252123811747982936729470333468025356711110286102684708"", ""59305917610328343462667494051082989077069269638889227507240927672455853706653""]",96149246539440450263128252123811747982936729470333468025356711110286102684708|59305917610328343462667494051082989077069269638889227507240927672455853706653,96149246539440450263128252123811747982936729470333468025356711110286102684708,Over,True,0.16,14.0,0.92,10.0,0.54,0.76,b8d1091c3afc177d86477f9e4b6fa5bfd0616762,0.01,5,,117.7375,
2026-03-09T00:49:30Z,UCL,246282,ucl-cfc1-psg1-2026-03-17-more-markets,Chelsea FC vs. Paris Saint-Germain FC - More Markets,2026-03-04T19:23:57.030528Z,1500959,ucl-cfc1-psg1-2026-03-17-total-2pt5,Chelsea FC vs. Paris Saint-Germain FC: O/U 2.5,0xfc8cba3111834763777679a06d79528125d9608a5e3d876317f06ebfc26978a5,"[""96149246539440450263128252123811747982936729470333468025356711110286102684708"", ""59305917610328343462667494051082989077069269638889227507240927672455853706653""]",96149246539440450263128252123811747982936729470333468025356711110286102684708|59305917610328343462667494051082989077069269638889227507240927672455853706653,59305917610328343462667494051082989077069269638889227507240927672455853706653,Under,True,0.08,10.0,0.84,14.0,0.45999999999999996,0.76,3719a160437954f9fa45004278529d6b6c7863c9,0.01,5,,117.7375,
2026-03-09T00:49:30Z,UCL,246282,ucl-cfc1-psg1-2026-03-17-more-markets,Chelsea FC vs. Paris Saint-Germain FC - More Markets,2026-03-04T19:23:57.030528Z,1500960,ucl-cfc1-psg1-2026-03-17-total-3pt5,Chelsea FC vs. Paris Saint-Germain FC: O/U 3.5,0x0b85b264338661a3ad219128634978a32ca1197b066ac57335cd979081bb16de,"[""103909268668604927333632193656114733640657798758986180968042643042909836703969"", ""64096078851944884634508249476131628427781517288743862096620642542332665844304""]",103909268668604927333632193656114733640657798758986180968042643042909836703969|64096078851944884634508249476131628427781517288743862096620642542332665844304,103909268668604927333632193656114733640657798758986180968042643042909836703969,Over,True,0.14,14.0,0.91,10.0,0.525,0.77,d890596fe080e2be7edb8101a6ef86af8dccfa1c,0.01,5,,106.3882,
2026-03-09T00:49:30Z,UCL,246282,ucl-cfc1-psg1-2026-03-17-more-markets,Chelsea FC vs. Paris Saint-Germain FC - More Markets,2026-03-04T19:23:57.030528Z,1500960,ucl-cfc1-psg1-2026-03-17-total-3pt5,Chelsea FC vs. Paris Saint-Germain FC: O/U 3.5,0x0b85b264338661a3ad219128634978a32ca1197b066ac57335cd979081bb16de,"[""103909268668604927333632193656114733640657798758986180968042643042909836703969"", ""64096078851944884634508249476131628427781517288743862096620642542332665844304""]",103909268668604927333632193656114733640657798758986180968042643042909836703969|64096078851944884634508249476131628427781517288743862096620642542332665844304,64096078851944884634508249476131628427781517288743862096620642542332665844304,Under,True,0.09,10.0,0.86,14.0,0.475,0.77,623b3948f850cb2a2742505f84017b4acee81374,0.01,5,,106.3882,
2026-03-09T00:49:30Z,UCL,246282,ucl-cfc1-psg1-2026-03-17-more-markets,Chelsea FC vs. Paris Saint-Germain FC - More Markets,2026-03-04T19:23:57.030528Z,1500961,ucl-cfc1-psg1-2026-03-17-total-4pt5,Chelsea FC vs. Paris Saint-Germain FC: O/U 4.5,0x315cc30b6dc5fd94ba1bb40f19e7eaf140467a22b6745ea5d1ec234f32b1b2cf,"[""52231700143030496690070170191006919949391183468622061573544096274630565934050"", ""55024871281013064312166177296733294413496723011181820210068573505545228860282""]",52231700143030496690070170191006919949391183468622061573544096274630565934050|55024871281013064312166177296733294413496723011181820210068573505545228860282,52231700143030496690070170191006919949391183468622061573544096274630565934050,Over,True,0.09,14.0,0.95,12.79,0.52,0.86,3a6fd8e03a6ebf7da8e0d9fef7ffcd8b23f3f74c,0.01,5,,97.3391,
2026-03-09T00:49:30Z,UCL,246282,ucl-cfc1-psg1-2026-03-17-more-markets,Chelsea FC vs. Paris Saint-Germain FC - More Markets,2026-03-04T19:23:57.030528Z,1500961,ucl-cfc1-psg1-2026-03-17-total-4pt5,Chelsea FC vs. Paris Saint-Germain FC: O/U 4.5,0x315cc30b6dc5fd94ba1bb40f19e7eaf140467a22b6745ea5d1ec234f32b1b2cf,"[""52231700143030496690070170191006919949391183468622061573544096274630565934050"", ""55024871281013064312166177296733294413496723011181820210068573505545228860282""]",52231700143030496690070170191006919949391183468622061573544096274630565934050|55024871281013064312166177296733294413496723011181820210068573505545228860282,55024871281013064312166177296733294413496723011181820210068573505545228860282,Under,True,0.05,12.79,0.91,14.0,0.48000000000000004,0.86,86ceaad8990c55ae57255e0c655781c2cef0edaf,0.01,5,,97.3391,
2026-03-09T00:49:30Z,UCL,246282,ucl-cfc1-psg1-2026-03-17-more-markets,Chelsea FC vs. Paris Saint-Germain FC - More Markets,2026-03-04T19:23:57.030528Z,1500962,ucl-cfc1-psg1-2026-03-17-btts,Chelsea FC vs. Paris Saint-Germain FC: Both Teams to Score,0x1633ed30430cfc09cb86301221a1e6ca29465ea6af33090bc9f1f44a76836d6a,"[""8325156377627902902406749415831499122539407237339006583539846714054749379745"", ""99508351503990512232035165026253896019290647972126024954559218543684960195455""]",8325156377627902902406749415831499122539407237339006583539846714054749379745|99508351503990512232035165026253896019290647972126024954559218543684960195455,8325156377627902902406749415831499122539407237339006583539846714054749379745,Yes,True,0.1,14.0,0.94,9.67,0.52,0.84,71702dddef9efeafb60229e5c5c0f218ccdce1f8,0.01,5,,114.277,
2026-03-09T00:49:30Z,UCL,246282,ucl-cfc1-psg1-2026-03-17-more-markets,Chelsea FC vs. Paris Saint-Germain FC - More Markets,2026-03-04T19:23:57.030528Z,1500962,ucl-cfc1-psg1-2026-03-17-btts,Chelsea FC vs. Paris Saint-Germain FC: Both Teams to Score,0x1633ed30430cfc09cb86301221a1e6ca29465ea6af33090bc9f1f44a76836d6a,"[""8325156377627902902406749415831499122539407237339006583539846714054749379745"", ""99508351503990512232035165026253896019290647972126024954559218543684960195455""]",8325156377627902902406749415831499122539407237339006583539846714054749379745|99508351503990512232035165026253896019290647972126024954559218543684960195455,99508351503990512232035165026253896019290647972126024954559218543684960195455,No,True,0.06,9.67,0.9,14.0,0.48,0.8400000000000001,19d7ef536f1fa2e2c805ad72d1046a0ee22f1a19,0.01,5,,114.277,
2026-03-09T00:49:30Z,UCL,246283,ucl-spo1-bog1-2026-03-17-more-markets,Sporting CP vs. FK Bodø/Glimt - More Markets,2026-03-04T19:23:57.024342Z,1500963,ucl-spo1-bog1-2026-03-17-spread-home-1pt5,Spread: Sporting CP (-1.5),0xb3db06167b3fe6cd897168ec921d85f17b17a15c653c7916efc97a81aec09c9c,"[""58664638753041535086706631619542177594881195382499447149215399272083023873369"", ""66065946672780261029454437557955014947252690953259323773499116052633501543840""]",58664638753041535086706631619542177594881195382499447149215399272083023873369|66065946672780261029454437557955014947252690953259323773499116052633501543840,58664638753041535086706631619542177594881195382499447149215399272083023873369,Sporting CP,True,0.22,20.0,0.78,14.0,0.5,0.56,bea281e43d4ea32e4dcd05c749e35740bcc18796,0.01,5,,1269.8977,
2026-03-09T00:49:30Z,UCL,246283,ucl-spo1-bog1-2026-03-17-more-markets,Sporting CP vs. FK Bodø/Glimt - More Markets,2026-03-04T19:23:57.024342Z,1500963,ucl-spo1-bog1-2026-03-17-spread-home-1pt5,Spread: Sporting CP (-1.5),0xb3db06167b3fe6cd897168ec921d85f17b17a15c653c7916efc97a81aec09c9c,"[""58664638753041535086706631619542177594881195382499447149215399272083023873369"", ""66065946672780261029454437557955014947252690953259323773499116052633501543840""]",58664638753041535086706631619542177594881195382499447149215399272083023873369|66065946672780261029454437557955014947252690953259323773499116052633501543840,66065946672780261029454437557955014947252690953259323773499116052633501543840,FK Bodø/Glimt,True,0.22,14.0,0.78,20.0,0.5,0.56,38b5758d78a44fa33d7e95a731ab70b8e1cee26e,0.01,5,,1269.8977,
2026-03-09T00:49:30Z,UCL,246283,ucl-spo1-bog1-2026-03-17-more-markets,Sporting CP vs. FK Bodø/Glimt - More Markets,2026-03-04T19:23:57.024342Z,1500964,ucl-spo1-bog1-2026-03-17-spread-away-1pt5,Spread: FK Bodø/Glimt (-1.5),0xa17d8952b032565a124e2724f65bac3bcc217aa85dd4fbf2f5b29bdc730690fe,"[""70922553406779833067560566373381490839155673006685933354064874753817268359583"", ""16541201023074519289372268151993747426419941016830834935272952905809028355955""]",70922553406779833067560566373381490839155673006685933354064874753817268359583|16541201023074519289372268151993747426419941016830834935272952905809028355955,70922553406779833067560566373381490839155673006685933354064874753817268359583,FK Bodø/Glimt,True,0.05,12.12,0.75,14.0,0.4,0.7,6407ae5dbca2cea849302f47134a8afbb523c6af,0.01,5,,1089.0184,
2026-03-09T00:49:30Z,UCL,246283,ucl-spo1-bog1-2026-03-17-more-markets,Sporting CP vs. FK Bodø/Glimt - More Markets,2026-03-04T19:23:57.024342Z,1500964,ucl-spo1-bog1-2026-03-17-spread-away-1pt5,Spread: FK Bodø/Glimt (-1.5),0xa17d8952b032565a124e2724f65bac3bcc217aa85dd4fbf2f5b29bdc730690fe,"[""70922553406779833067560566373381490839155673006685933354064874753817268359583"", ""16541201023074519289372268151993747426419941016830834935272952905809028355955""]",70922553406779833067560566373381490839155673006685933354064874753817268359583|16541201023074519289372268151993747426419941016830834935272952905809028355955,16541201023074519289372268151993747426419941016830834935272952905809028355955,Sporting CP,True,0.25,14.0,0.95,12.12,0.6,0.7,f6eb34fb7f72321ed854282bf447ae9046739b48,0.01,5,,1089.0184,
2026-03-09T00:49:30Z,UCL,246283,ucl-spo1-bog1-2026-03-17-more-markets,Sporting CP vs. FK Bodø/Glimt - More Markets,2026-03-04T19:23:57.024342Z,1500965,ucl-spo1-bog1-2026-03-17-spread-home-2pt5,Spread: Sporting CP (-2.5),0xebb066e34b4d949bf932b725aa2ab6bbd29c1ca45b65fd7d17a3aba03761ad64,"[""51925680471616986566258429241182767938938231097909587140605791038776364587321"", ""4962407600021627534883195477373929604300865384021823341996324169183028662833""]",51925680471616986566258429241182767938938231097909587140605791038776364587321|4962407600021627534883195477373929604300865384021823341996324169183028662833,51925680471616986566258429241182767938938231097909587140605791038776364587321,Sporting CP,True,0.03,26.3,0.79,14.0,0.41000000000000003,0.76,fd06ce97ca980c56ea751034f36ef627092c29ed,0.01,5,,24.6097,
2026-03-09T00:49:30Z,UCL,246283,ucl-spo1-bog1-2026-03-17-more-markets,Sporting CP vs. FK Bodø/Glimt - More Markets,2026-03-04T19:23:57.024342Z,1500965,ucl-spo1-bog1-2026-03-17-spread-home-2pt5,Spread: Sporting CP (-2.5),0xebb066e34b4d949bf932b725aa2ab6bbd29c1ca45b65fd7d17a3aba03761ad64,"[""51925680471616986566258429241182767938938231097909587140605791038776364587321"", ""4962407600021627534883195477373929604300865384021823341996324169183028662833""]",51925680471616986566258429241182767938938231097909587140605791038776364587321|4962407600021627534883195477373929604300865384021823341996324169183028662833,4962407600021627534883195477373929604300865384021823341996324169183028662833,FK Bodø/Glimt,True,0.21,14.0,0.97,26.3,0.59,0.76,9ca7c0a51eb747400bb78c0dbb85a58691771538,0.01,5,,24.6097,
2026-03-09T00:49:30Z,UCL,246283,ucl-spo1-bog1-2026-03-17-more-markets,Sporting CP vs. FK Bodø/Glimt - More Markets,2026-03-04T19:23:57.024342Z,1500966,ucl-spo1-bog1-2026-03-17-spread-away-2pt5,Spread: FK Bodø/Glimt (-2.5),0x1c17ff96f77dbeb90e1c9e926e4c107c68cf51f528e61c8943022fdda5715715,"[""4460435805687915146572642733985077539406041001288174607915890474791729014769"", ""79817444955742389009260533825450006522188931108465150590407578215336189952694""]",4460435805687915146572642733985077539406041001288174607915890474791729014769|79817444955742389009260533825450006522188931108465150590407578215336189952694,4460435805687915146572642733985077539406041001288174607915890474791729014769,FK Bodø/Glimt,True,0.05,12.41,0.77,14.0,0.41000000000000003,0.72,7f92e4e25159e61f60f564dbc025a869b18707a4,0.01,5,,35.1197,
2026-03-09T00:49:30Z,UCL,246283,ucl-spo1-bog1-2026-03-17-more-markets,Sporting CP vs. FK Bodø/Glimt - More Markets,2026-03-04T19:23:57.024342Z,1500966,ucl-spo1-bog1-2026-03-17-spread-away-2pt5,Spread: FK Bodø/Glimt (-2.5),0x1c17ff96f77dbeb90e1c9e926e4c107c68cf51f528e61c8943022fdda5715715,"[""4460435805687915146572642733985077539406041001288174607915890474791729014769"", ""79817444955742389009260533825450006522188931108465150590407578215336189952694""]",4460435805687915146572642733985077539406041001288174607915890474791729014769|79817444955742389009260533825450006522188931108465150590407578215336189952694,79817444955742389009260533825450006522188931108465150590407578215336189952694,Sporting CP,True,0.23,14.0,0.95,12.41,0.59,0.72,0ffdb8d033e12348f696c334a17f7f3687aafc0e,0.01,5,,35.1197,
2026-03-09T00:49:30Z,UCL,246283,ucl-spo1-bog1-2026-03-17-more-markets,Sporting CP vs. FK Bodø/Glimt - More Markets,2026-03-04T19:23:57.024342Z,1500967,ucl-spo1-bog1-2026-03-17-total-1pt5,Sporting CP vs. FK Bodø/Glimt: O/U 1.5,0x466db5eff8f6c7c7bc0eb418657ee7681a1fe572a6d69211332466c6d6fc1785,"[""19126841682571568359185436478360040321744671141877141956226828433219600004152"", ""61855256767308905878484824588567515941467793033670155972581396129306523987288""]",19126841682571568359185436478360040321744671141877141956226828433219600004152|61855256767308905878484824588567515941467793033670155972581396129306523987288,19126841682571568359185436478360040321744671141877141956226828433219600004152,Over,True,0.15,14.0,0.95,12.79,0.5499999999999999,0.7999999999999999,ebf6f1068b3366eb41d4ee90db95115d8e6d1888,0.01,5,,115.5591,
2026-03-09T00:49:30Z,UCL,246283,ucl-spo1-bog1-2026-03-17-more-markets,Sporting CP vs. FK Bodø/Glimt - More Markets,2026-03-04T19:23:57.024342Z,1500967,ucl-spo1-bog1-2026-03-17-total-1pt5,Sporting CP vs. FK Bodø/Glimt: O/U 1.5,0x466db5eff8f6c7c7bc0eb418657ee7681a1fe572a6d69211332466c6d6fc1785,"[""19126841682571568359185436478360040321744671141877141956226828433219600004152"", ""61855256767308905878484824588567515941467793033670155972581396129306523987288""]",19126841682571568359185436478360040321744671141877141956226828433219600004152|61855256767308905878484824588567515941467793033670155972581396129306523987288,61855256767308905878484824588567515941467793033670155972581396129306523987288,Under,True,0.05,12.79,0.85,14.0,0.45,0.7999999999999999,c78f4188b5075ca5acf414a2219abac9f00cfad5,0.01,5,,115.5591,
2026-03-09T00:49:30Z,UCL,246283,ucl-spo1-bog1-2026-03-17-more-markets,Sporting CP vs. FK Bodø/Glimt - More Markets,2026-03-04T19:23:57.024342Z,1500968,ucl-spo1-bog1-2026-03-17-total-2pt5,Sporting CP vs. FK Bodø/Glimt: O/U 2.5,0xa41a9748ae5f89aa8fbe012748555bb8cb48f84e3fb921be4bbeba2a12d23f76,"[""42605578103265458600540299834401396346557955913434602759171734416245990443860"", ""99990545527561380374503394901233779153386883533663201111895484517559058681""]",42605578103265458600540299834401396346557955913434602759171734416245990443860|99990545527561380374503394901233779153386883533663201111895484517559058681,42605578103265458600540299834401396346557955913434602759171734416245990443860,Over,True,0.09,14.0,0.89,10.0,0.49,0.8,9df05d8f4521a86ff6d5c5423b34755a96ad5fdb,0.01,5,,99.9694,
2026-03-09T00:49:30Z,UCL,246283,ucl-spo1-bog1-2026-03-17-more-markets,Sporting CP vs. FK Bodø/Glimt - More Markets,2026-03-04T19:23:57.024342Z,1500968,ucl-spo1-bog1-2026-03-17-total-2pt5,Sporting CP vs. FK Bodø/Glimt: O/U 2.5,0xa41a9748ae5f89aa8fbe012748555bb8cb48f84e3fb921be4bbeba2a12d23f76,"[""42605578103265458600540299834401396346557955913434602759171734416245990443860"", ""99990545527561380374503394901233779153386883533663201111895484517559058681""]",42605578103265458600540299834401396346557955913434602759171734416245990443860|99990545527561380374503394901233779153386883533663201111895484517559058681,99990545527561380374503394901233779153386883533663201111895484517559058681,Under,True,0.11,10.0,0.91,14.0,0.51,0.8,888edcbb30c3ca4b33ca8dd5c09d1c9de05ddbba,0.01,5,,99.9694,
2026-03-09T00:49:30Z,UCL,246283,ucl-spo1-bog1-2026-03-17-more-markets,Sporting CP vs. FK Bodø/Glimt - More Markets,2026-03-04T19:23:57.024342Z,1500969,ucl-spo1-bog1-2026-03-17-total-3pt5,Sporting CP vs. FK Bodø/Glimt: O/U 3.5,0x95b3a4fa8a983569f9542c7231fa68e1990dff149120f7612f9d658c15c5d7ce,"[""35770964226780784436488174867744626541550248870525421223540701480036949823383"", ""12667270410205126019206240152605460953459952315400500524853692692231144140091""]",35770964226780784436488174867744626541550248870525421223540701480036949823383|12667270410205126019206240152605460953459952315400500524853692692231144140091,35770964226780784436488174867744626541550248870525421223540701480036949823383,Over,True,0.09,14.0,0.95,14.17,0.52,0.86,a43ae5c115470e1f67cc0f09ff04f54bfbaf52ac,0.01,5,,104.859,
2026-03-09T00:49:30Z,UCL,246283,ucl-spo1-bog1-2026-03-17-more-markets,Sporting CP vs. FK Bodø/Glimt - More Markets,2026-03-04T19:23:57.024342Z,1500969,ucl-spo1-bog1-2026-03-17-total-3pt5,Sporting CP vs. FK Bodø/Glimt: O/U 3.5,0x95b3a4fa8a983569f9542c7231fa68e1990dff149120f7612f9d658c15c5d7ce,"[""35770964226780784436488174867744626541550248870525421223540701480036949823383"", ""12667270410205126019206240152605460953459952315400500524853692692231144140091""]",35770964226780784436488174867744626541550248870525421223540701480036949823383|12667270410205126019206240152605460953459952315400500524853692692231144140091,12667270410205126019206240152605460953459952315400500524853692692231144140091,Under,True,0.05,14.17,0.91,14.0,0.48000000000000004,0.86,4dbedaf51a22b7473cb50815b85af20fa2d9ccea,0.01,5,,104.859,
2026-03-09T00:49:30Z,UCL,246283,ucl-spo1-bog1-2026-03-17-more-markets,Sporting CP vs. FK Bodø/Glimt - More Markets,2026-03-04T19:23:57.024342Z,1500970,ucl-spo1-bog1-2026-03-17-total-4pt5,Sporting CP vs. FK Bodø/Glimt: O/U 4.5,0x2db122e0a78eaf4ee472763cd2166f4ab86cc1125e7c72c435991533f31688f3,"[""95815556816362575774696956300810766658394687374843944059299759160796993318807"", ""88395983125124348451219766140123070192455541257496792790880858041652870119779""]",95815556816362575774696956300810766658394687374843944059299759160796993318807|88395983125124348451219766140123070192455541257496792790880858041652870119779,95815556816362575774696956300810766658394687374843944059299759160796993318807,Over,True,0.09,500.0,0.95,12.79,0.52,0.86,89582579cf08142a52d68163718f00bf5e7803b8,0.01,5,,90.9394,
2026-03-09T00:49:30Z,UCL,246283,ucl-spo1-bog1-2026-03-17-more-markets,Sporting CP vs. FK Bodø/Glimt - More Markets,2026-03-04T19:23:57.024342Z,1500970,ucl-spo1-bog1-2026-03-17-total-4pt5,Sporting CP vs. FK Bodø/Glimt: O/U 4.5,0x2db122e0a78eaf4ee472763cd2166f4ab86cc1125e7c72c435991533f31688f3,"[""95815556816362575774696956300810766658394687374843944059299759160796993318807"", ""88395983125124348451219766140123070192455541257496792790880858041652870119779""]",95815556816362575774696956300810766658394687374843944059299759160796993318807|88395983125124348451219766140123070192455541257496792790880858041652870119779,88395983125124348451219766140123070192455541257496792790880858041652870119779,Under,True,0.05,12.79,0.91,500.0,0.48000000000000004,0.86,823f1905f3a8d5cdff2f1bdb630ddce615e230e6,0.01,5,,90.9394,
2026-03-09T00:49:30Z,UCL,246283,ucl-spo1-bog1-2026-03-17-more-markets,Sporting CP vs. FK Bodø/Glimt - More Markets,2026-03-04T19:23:57.024342Z,1500971,ucl-spo1-bog1-2026-03-17-btts,Sporting CP vs. FK Bodø/Glimt: Both Teams to Score,0x7f331109bd56d61e1bb2da62641fdb9b0fb9e847e325ad07c1d1b86a69445f9d,"[""5731310634354220597378114023108046440605863005420792031509977707634005895715"", ""545146036905690045527703381512247156836744351397480240713590228142647210168""]",5731310634354220597378114023108046440605863005420792031509977707634005895715|545146036905690045527703381512247156836744351397480240713590228142647210168,5731310634354220597378114023108046440605863005420792031509977707634005895715,Yes,True,0.09,14.0,0.93,7.81,0.51,0.8400000000000001,c2a0906f5180e46c7f522f9b8e281f2fb90d0da1,0.01,5,,128.6582,
2026-03-09T00:49:30Z,UCL,246283,ucl-spo1-bog1-2026-03-17-more-markets,Sporting CP vs. FK Bodø/Glimt - More Markets,2026-03-04T19:23:57.024342Z,1500971,ucl-spo1-bog1-2026-03-17-btts,Sporting CP vs. FK Bodø/Glimt: Both Teams to Score,0x7f331109bd56d61e1bb2da62641fdb9b0fb9e847e325ad07c1d1b86a69445f9d,"[""5731310634354220597378114023108046440605863005420792031509977707634005895715"", ""545146036905690045527703381512247156836744351397480240713590228142647210168""]",5731310634354220597378114023108046440605863005420792031509977707634005895715|545146036905690045527703381512247156836744351397480240713590228142647210168,545146036905690045527703381512247156836744351397480240713590228142647210168,No,True,0.07,7.81,0.91,14.0,0.49,0.8400000000000001,cc3b25ae68203078393c0d30a4801a4c4fbeace2,0.01,5,,128.6582,
2026-03-09T00:49:30Z,UCL,248334,ucl-tot-atm1-2026-03-18,Tottenham Hotspur FC vs. Club Atlético de Madrid,2026-03-05T19:07:23.735589Z,1509210,ucl-tot-atm1-2026-03-18-tot,Will Tottenham Hotspur FC win on 2026-03-18?,0x476bf90da1edcc81b51d9e2437129b75caa3d184889fb851c79eaefddbb8faef,"[""72603425763703628210284078943879026205676270192638940022181711601436722592886"", ""75919179852651184170923338801956641070303413356806296513503206859146013292921""]",72603425763703628210284078943879026205676270192638940022181711601436722592886|75919179852651184170923338801956641070303413356806296513503206859146013292921,72603425763703628210284078943879026205676270192638940022181711601436722592886,Yes,True,0.21,8.33,0.25,16.0,0.22999999999999998,0.04000000000000001,67abc85fc3595d9253164fcc301afc0282c570ff,0.01,5,0.220,1991.6156,13.333332
2026-03-09T00:49:30Z,UCL,248334,ucl-tot-atm1-2026-03-18,Tottenham Hotspur FC vs. Club Atlético de Madrid,2026-03-05T19:07:23.735589Z,1509210,ucl-tot-atm1-2026-03-18-tot,Will Tottenham Hotspur FC win on 2026-03-18?,0x476bf90da1edcc81b51d9e2437129b75caa3d184889fb851c79eaefddbb8faef,"[""72603425763703628210284078943879026205676270192638940022181711601436722592886"", ""75919179852651184170923338801956641070303413356806296513503206859146013292921""]",72603425763703628210284078943879026205676270192638940022181711601436722592886|75919179852651184170923338801956641070303413356806296513503206859146013292921,75919179852651184170923338801956641070303413356806296513503206859146013292921,No,True,0.75,16.0,0.79,8.33,0.77,0.040000000000000036,944b450373c32a28ff45daa0b166c1a1b1838dee,0.01,5,0.220,1991.6156,13.333332
2026-03-09T00:49:30Z,UCL,248334,ucl-tot-atm1-2026-03-18,Tottenham Hotspur FC vs. Club Atlético de Madrid,2026-03-05T19:07:23.735589Z,1509211,ucl-tot-atm1-2026-03-18-draw,Will Tottenham Hotspur FC vs. Club Atlético de Madrid end in a draw?,0x865e1ca77bb1cd51e1a4b4689a9f34617191d651bd525282a018947fbbafdb2d,"[""111824209853316402867216655263349458606146892659178056546751940469047709268137"", ""15355059944609354445768745566580425682863877559358876666900800756716433362229""]",111824209853316402867216655263349458606146892659178056546751940469047709268137|15355059944609354445768745566580425682863877559358876666900800756716433362229,111824209853316402867216655263349458606146892659178056546751940469047709268137,Yes,True,0.16,500.0,0.32,31.74,0.24,0.16,f1729697524b4bda73ff9ab5b99bb6bf78563cae,0.01,5,,2463.1791,
2026-03-09T00:49:30Z,UCL,248334,ucl-tot-atm1-2026-03-18,Tottenham Hotspur FC vs. Club Atlético de Madrid,2026-03-05T19:07:23.735589Z,1509211,ucl-tot-atm1-2026-03-18-draw,Will Tottenham Hotspur FC vs. Club Atlético de Madrid end in a draw?,0x865e1ca77bb1cd51e1a4b4689a9f34617191d651bd525282a018947fbbafdb2d,"[""111824209853316402867216655263349458606146892659178056546751940469047709268137"", ""15355059944609354445768745566580425682863877559358876666900800756716433362229""]",111824209853316402867216655263349458606146892659178056546751940469047709268137|15355059944609354445768745566580425682863877559358876666900800756716433362229,15355059944609354445768745566580425682863877559358876666900800756716433362229,No,True,0.68,31.74,0.84,500.0,0.76,0.15999999999999992,44a3a9a1f45bb9a7a0f6f05b601fe2fde9cd80ce,0.01,5,,2463.1791,
2026-03-09T00:49:30Z,UCL,248334,ucl-tot-atm1-2026-03-18,Tottenham Hotspur FC vs. Club Atlético de Madrid,2026-03-05T19:07:23.735589Z,1509212,ucl-tot-atm1-2026-03-18-atm1,Will Club Atlético de Madrid win on 2026-03-18?,0x1908e8da1563399d1521fd135c581a4a0f5925909e94cd4f2d9e4d68e7059ced,"[""40838886869930762113062701183577408628487206030809939630887236134225189176789"", ""47632495012154228233328904043908654846922990472676919198201559293663662665815""]",40838886869930762113062701183577408628487206030809939630887236134225189176789|47632495012154228233328904043908654846922990472676919198201559293663662665815,40838886869930762113062701183577408628487206030809939630887236134225189176789,Yes,True,0.28,250.0,0.52,31.74,0.4,0.24,1c8959f6bb9d3daa575ad747e1cd9c451d5e22fe,0.01,5,0.470,5241.2002,85.886791
2026-03-09T00:49:30Z,UCL,248334,ucl-tot-atm1-2026-03-18,Tottenham Hotspur FC vs. Club Atlético de Madrid,2026-03-05T19:07:23.735589Z,1509212,ucl-tot-atm1-2026-03-18-atm1,Will Club Atlético de Madrid win on 2026-03-18?,0x1908e8da1563399d1521fd135c581a4a0f5925909e94cd4f2d9e4d68e7059ced,"[""40838886869930762113062701183577408628487206030809939630887236134225189176789"", ""47632495012154228233328904043908654846922990472676919198201559293663662665815""]",40838886869930762113062701183577408628487206030809939630887236134225189176789|47632495012154228233328904043908654846922990472676919198201559293663662665815,47632495012154228233328904043908654846922990472676919198201559293663662665815,No,True,0.48,31.74,0.72,250.0,0.6,0.24,09b85c06ca7ef6b4a32963aaa51c8056126a04e0,0.01,5,0.470,5241.2002,85.886791
2026-03-09T00:49:30Z,UCL,248341,ucl-liv1-gal-2026-03-18,Liverpool FC vs. Galatasaray SK,2026-03-05T19:07:23.740237Z,1509243,ucl-liv1-gal-2026-03-18-liv1,Will Liverpool FC win on 2026-03-18?,0x445bb75546efcbb18b15425b96d8f32c343998d8fae92f8964d8000534cd9947,"[""73990697051716678138469696740410233978310192099211924752574468585654450181240"", ""87076643449674421025867563979305674986904094660200631728049568674877746093358""]",73990697051716678138469696740410233978310192099211924752574468585654450181240|87076643449674421025867563979305674986904094660200631728049568674877746093358,73990697051716678138469696740410233978310192099211924752574468585654450181240,Yes,True,0.62,30.0,0.67,30.92,0.645,0.050000000000000044,578344d74411cff30ae0f316d8aea4d7cdc247d7,0.01,5,0.230,5710.2004,36.692311
2026-03-09T00:49:30Z,UCL,248341,ucl-liv1-gal-2026-03-18,Liverpool FC vs. Galatasaray SK,2026-03-05T19:07:23.740237Z,1509243,ucl-liv1-gal-2026-03-18-liv1,Will Liverpool FC win on 2026-03-18?,0x445bb75546efcbb18b15425b96d8f32c343998d8fae92f8964d8000534cd9947,"[""73990697051716678138469696740410233978310192099211924752574468585654450181240"", ""87076643449674421025867563979305674986904094660200631728049568674877746093358""]",73990697051716678138469696740410233978310192099211924752574468585654450181240|87076643449674421025867563979305674986904094660200631728049568674877746093358,87076643449674421025867563979305674986904094660200631728049568674877746093358,No,True,0.33,30.92,0.38,30.0,0.355,0.04999999999999999,47129e74ec0993ca3385e5550fd2741e128a0754,0.01,5,0.230,5710.2004,36.692311
2026-03-09T00:49:30Z,UCL,248341,ucl-liv1-gal-2026-03-18,Liverpool FC vs. Galatasaray SK,2026-03-05T19:07:23.740237Z,1509245,ucl-liv1-gal-2026-03-18-draw,Will Liverpool FC vs. Galatasaray SK end in a draw?,0x06ffb10dcee8f44aa56d8e7241e9d3b8ea0b141457243f0c9d01e23f767725f7,"[""112702097616695207366982278477137378340726631537382323059251853268830071894882"", ""12224792873981119687617688737754405949063850494167442331257680735790603066864""]",112702097616695207366982278477137378340726631537382323059251853268830071894882|12224792873981119687617688737754405949063850494167442331257680735790603066864,112702097616695207366982278477137378340726631537382323059251853268830071894882,Yes,True,0.16,262.18,0.25,160.92,0.20500000000000002,0.09,ff3f236141f4353555d7f698f4db8924cc589cfc,0.01,5,,4269.4752,
2026-03-09T00:49:30Z,UCL,248341,ucl-liv1-gal-2026-03-18,Liverpool FC vs. Galatasaray SK,2026-03-05T19:07:23.740237Z,1509245,ucl-liv1-gal-2026-03-18-draw,Will Liverpool FC vs. Galatasaray SK end in a draw?,0x06ffb10dcee8f44aa56d8e7241e9d3b8ea0b141457243f0c9d01e23f767725f7,"[""112702097616695207366982278477137378340726631537382323059251853268830071894882"", ""12224792873981119687617688737754405949063850494167442331257680735790603066864""]",112702097616695207366982278477137378340726631537382323059251853268830071894882|12224792873981119687617688737754405949063850494167442331257680735790603066864,12224792873981119687617688737754405949063850494167442331257680735790603066864,No,True,0.75,160.92,0.84,262.18,0.7949999999999999,0.08999999999999997,4d7cab4fc6d0912264680e6a60087d11f11b2629,0.01,5,,4269.4752,
2026-03-09T00:49:30Z,UCL,248341,ucl-liv1-gal-2026-03-18,Liverpool FC vs. Galatasaray SK,2026-03-05T19:07:23.740237Z,1509247,ucl-liv1-gal-2026-03-18-gal,Will Galatasaray SK win on 2026-03-18?,0xa064ddb8e43f243cbf406364d97ec686dc29fab7158ba26ff9f995573e8e6e95,"[""108543550684823372847648267855989283734054984612936071294183640112699449703423"", ""78450233935994886017458155553525221312370554923391060784298038682624118424023""]",108543550684823372847648267855989283734054984612936071294183640112699449703423|78450233935994886017458155553525221312370554923391060784298038682624118424023,108543550684823372847648267855989283734054984612936071294183640112699449703423,Yes,True,0.12,646.33,0.14,12.92,0.13,0.020000000000000018,e7b64453f3d25387e5bc29a33df3823932709b2c,0.01,5,0.860,7471.2794,2123.585928
2026-03-09T00:49:30Z,UCL,248341,ucl-liv1-gal-2026-03-18,Liverpool FC vs. Galatasaray SK,2026-03-05T19:07:23.740237Z,1509247,ucl-liv1-gal-2026-03-18-gal,Will Galatasaray SK win on 2026-03-18?,0xa064ddb8e43f243cbf406364d97ec686dc29fab7158ba26ff9f995573e8e6e95,"[""108543550684823372847648267855989283734054984612936071294183640112699449703423"", ""78450233935994886017458155553525221312370554923391060784298038682624118424023""]",108543550684823372847648267855989283734054984612936071294183640112699449703423|78450233935994886017458155553525221312370554923391060784298038682624118424023,78450233935994886017458155553525221312370554923391060784298038682624118424023,No,True,0.86,12.92,0.88,646.33,0.87,0.020000000000000018,bec6204a12c0843d01836762f74e2b84fe02e222,0.01,5,0.860,7471.2794,2123.585928
2026-03-09T00:49:30Z,UCL,248343,ucl-bay1-ata1-2026-03-18,FC Bayern München vs. Atalanta BC,2026-03-05T19:07:16.482201Z,1509254,ucl-bay1-ata1-2026-03-18-bay1,Will FC Bayern München win on 2026-03-18?,0x22c811b733d800f4af032fdf968af52da30e06d268ff3c430aa90a9eda2a038a,"[""107516046517968598071439454053508975465684785061463619804634759054220340150033"", ""77169813073953788689476321172155811875904851410299530318938173771386729658438""]",107516046517968598071439454053508975465684785061463619804634759054220340150033|77169813073953788689476321172155811875904851410299530318938173771386729658438,107516046517968598071439454053508975465684785061463619804634759054220340150033,Yes,True,0.69,216.0,0.71,30.45,0.7,0.020000000000000018,9b528eeb7038021f7c5feba7759dc63b98e0e9c4,0.01,5,0.220,4274.1145,
2026-03-09T00:49:30Z,UCL,248343,ucl-bay1-ata1-2026-03-18,FC Bayern München vs. Atalanta BC,2026-03-05T19:07:16.482201Z,1509254,ucl-bay1-ata1-2026-03-18-bay1,Will FC Bayern München win on 2026-03-18?,0x22c811b733d800f4af032fdf968af52da30e06d268ff3c430aa90a9eda2a038a,"[""107516046517968598071439454053508975465684785061463619804634759054220340150033"", ""77169813073953788689476321172155811875904851410299530318938173771386729658438""]",107516046517968598071439454053508975465684785061463619804634759054220340150033|77169813073953788689476321172155811875904851410299530318938173771386729658438,77169813073953788689476321172155811875904851410299530318938173771386729658438,No,True,0.29,30.45,0.31,216.0,0.3,0.020000000000000018,fc01bcba02efcb29746fee5133371a824ab24bfa,0.01,5,0.220,4274.1145,
2026-03-09T00:49:30Z,UCL,248343,ucl-bay1-ata1-2026-03-18,FC Bayern München vs. Atalanta BC,2026-03-05T19:07:16.482201Z,1509255,ucl-bay1-ata1-2026-03-18-draw,Will FC Bayern München vs. Atalanta BC end in a draw?,0x25f98c99ba60d03b44297d1e5e5979c10eecaf4d95b5737486ab94a74dca968f,"[""23937103383428965508528597724350482097669618555820651174323268058184323925538"", ""78135093989058614293528503761693545008378307042971659990594069859857630470176""]",23937103383428965508528597724350482097669618555820651174323268058184323925538|78135093989058614293528503761693545008378307042971659990594069859857630470176,23937103383428965508528597724350482097669618555820651174323268058184323925538,Yes,True,0.09,30.0,0.19,30.45,0.14,0.1,a7e529fc8959243d0c81423a42ae780f9c2e3fb6,0.01,5,0.780,5314.5734,
2026-03-09T00:49:30Z,UCL,248343,ucl-bay1-ata1-2026-03-18,FC Bayern München vs. Atalanta BC,2026-03-05T19:07:16.482201Z,1509255,ucl-bay1-ata1-2026-03-18-draw,Will FC Bayern München vs. Atalanta BC end in a draw?,0x25f98c99ba60d03b44297d1e5e5979c10eecaf4d95b5737486ab94a74dca968f,"[""23937103383428965508528597724350482097669618555820651174323268058184323925538"", ""78135093989058614293528503761693545008378307042971659990594069859857630470176""]",23937103383428965508528597724350482097669618555820651174323268058184323925538|78135093989058614293528503761693545008378307042971659990594069859857630470176,78135093989058614293528503761693545008378307042971659990594069859857630470176,No,True,0.81,30.45,0.91,30.0,0.8600000000000001,0.09999999999999998,4ec575db43c93b7338c8a4a5ef07337ec31a8453,0.01,5,0.780,5314.5734,
2026-03-09T00:49:30Z,UCL,248343,ucl-bay1-ata1-2026-03-18,FC Bayern München vs. Atalanta BC,2026-03-05T19:07:16.482201Z,1509256,ucl-bay1-ata1-2026-03-18-ata1,Will Atalanta BC win on 2026-03-18?,0x6fbba52b0d8dff63254bd130ed9b1d6029832357ff2521df0fba177e19df6d9a,"[""36441370819971474726909845408900302734761643309259417804631053999454539416385"", ""21274065394068026566508449754392881171517229368507698614896613348032083236732""]",36441370819971474726909845408900302734761643309259417804631053999454539416385|21274065394068026566508449754392881171517229368507698614896613348032083236732,36441370819971474726909845408900302734761643309259417804631053999454539416385,Yes,True,0.1,276.0,0.13,30.45,0.115,0.03,1bdc569d290156edfc22e769cc97d5da78defc98,0.01,5,0.890,4599.9797,329.065949
2026-03-09T00:49:30Z,UCL,248343,ucl-bay1-ata1-2026-03-18,FC Bayern München vs. Atalanta BC,2026-03-05T19:07:16.482201Z,1509256,ucl-bay1-ata1-2026-03-18-ata1,Will Atalanta BC win on 2026-03-18?,0x6fbba52b0d8dff63254bd130ed9b1d6029832357ff2521df0fba177e19df6d9a,"[""36441370819971474726909845408900302734761643309259417804631053999454539416385"", ""21274065394068026566508449754392881171517229368507698614896613348032083236732""]",36441370819971474726909845408900302734761643309259417804631053999454539416385|21274065394068026566508449754392881171517229368507698614896613348032083236732,21274065394068026566508449754392881171517229368507698614896613348032083236732,No,True,0.87,30.45,0.9,276.0,0.885,0.030000000000000027,b18ac0bc25e4e5872b08491031909e584629a114,0.01,5,0.890,4599.9797,329.065949
2026-03-09T00:49:30Z,UCL,248364,ucl-bay1-ata1-2026-03-18-more-markets,FC Bayern München vs. Atalanta BC - More Markets,2026-03-05T19:23:19.356762Z,1509382,ucl-bay1-ata1-2026-03-18-spread-home-1pt5,Spread: FC Bayern München (-1.5),0x2eb356c76236b8faa45154cbf6bb1c55580912d4c8e7bacf7d207ed51df2742f,"[""64037291602469601736884364301505578204635723391599876231602239726629275010076"", ""28914721870772687792513188161416971643019996869769938719938019845154360547462""]",64037291602469601736884364301505578204635723391599876231602239726629275010076|28914721870772687792513188161416971643019996869769938719938019845154360547462,64037291602469601736884364301505578204635723391599876231602239726629275010076,FC Bayern München,True,0.41,555.0,0.59,114.0,0.5,0.18,f5bd27600689d0b519b640f4695dd50ebb2b6bd3,0.01,5,,1878.6686,
2026-03-09T00:49:30Z,UCL,248364,ucl-bay1-ata1-2026-03-18-more-markets,FC Bayern München vs. Atalanta BC - More Markets,2026-03-05T19:23:19.356762Z,1509382,ucl-bay1-ata1-2026-03-18-spread-home-1pt5,Spread: FC Bayern München (-1.5),0x2eb356c76236b8faa45154cbf6bb1c55580912d4c8e7bacf7d207ed51df2742f,"[""64037291602469601736884364301505578204635723391599876231602239726629275010076"", ""28914721870772687792513188161416971643019996869769938719938019845154360547462""]",64037291602469601736884364301505578204635723391599876231602239726629275010076|28914721870772687792513188161416971643019996869769938719938019845154360547462,28914721870772687792513188161416971643019996869769938719938019845154360547462,Atalanta BC,True,0.41,114.0,0.59,555.0,0.5,0.18,f80b27af530edb9b2ce2274236e2508f5280cfba,0.01,5,,1878.6686,
2026-03-09T00:49:30Z,UCL,248364,ucl-bay1-ata1-2026-03-18-more-markets,FC Bayern München vs. Atalanta BC - More Markets,2026-03-05T19:23:19.356762Z,1509383,ucl-bay1-ata1-2026-03-18-spread-away-1pt5,Spread: Atalanta BC (-1.5),0x16459cadcc442722f21978acdb87ea15e11b006d4e1fd0421b0112afa3e651ed,"[""9637120548593984808756465260460214307696652838896275491861570249291819672385"", ""83774417158673904448238392594527527045464055512927481284906288325862155176396""]",9637120548593984808756465260460214307696652838896275491861570249291819672385|83774417158673904448238392594527527045464055512927481284906288325862155176396,9637120548593984808756465260460214307696652838896275491861570249291819672385,Atalanta BC,True,0.04,5.0,0.24,14.0,0.13999999999999999,0.19999999999999998,984cff0be3b5702442924cf2d25d9684d40695be,0.01,5,,1801.421,
2026-03-09T00:49:30Z,UCL,248364,ucl-bay1-ata1-2026-03-18-more-markets,FC Bayern München vs. Atalanta BC - More Markets,2026-03-05T19:23:19.356762Z,1509383,ucl-bay1-ata1-2026-03-18-spread-away-1pt5,Spread: Atalanta BC (-1.5),0x16459cadcc442722f21978acdb87ea15e11b006d4e1fd0421b0112afa3e651ed,"[""9637120548593984808756465260460214307696652838896275491861570249291819672385"", ""83774417158673904448238392594527527045464055512927481284906288325862155176396""]",9637120548593984808756465260460214307696652838896275491861570249291819672385|83774417158673904448238392594527527045464055512927481284906288325862155176396,83774417158673904448238392594527527045464055512927481284906288325862155176396,FC Bayern München,True,0.76,14.0,0.96,5.0,0.86,0.19999999999999996,32e9d79950e45a87ae8ef073c96391e91127460d,0.01,5,,1801.421,
2026-03-09T00:49:30Z,UCL,248364,ucl-bay1-ata1-2026-03-18-more-markets,FC Bayern München vs. Atalanta BC - More Markets,2026-03-05T19:23:19.356762Z,1509384,ucl-bay1-ata1-2026-03-18-spread-home-2pt5,Spread: FC Bayern München (-2.5),0xa0fd5e67fc15160c481ac0f3bd4a126736e6c9bb1136e44e7b626b1610d7bf07,"[""71909960003909304546594086158657449791533437867722849964506023232001728657326"", ""23666862857714293568378622064943320989830987400891524593628740926814412355861""]",71909960003909304546594086158657449791533437867722849964506023232001728657326|23666862857714293568378622064943320989830987400891524593628740926814412355861,71909960003909304546594086158657449791533437867722849964506023232001728657326,FC Bayern München,True,0.22,3800.0,0.35,114.0,0.285,0.12999999999999998,c84010f468e6285811517f4b7ce5b7f9842a895c,0.01,5,,1331.0388,
2026-03-09T00:49:30Z,UCL,248364,ucl-bay1-ata1-2026-03-18-more-markets,FC Bayern München vs. Atalanta BC - More Markets,2026-03-05T19:23:19.356762Z,1509384,ucl-bay1-ata1-2026-03-18-spread-home-2pt5,Spread: FC Bayern München (-2.5),0xa0fd5e67fc15160c481ac0f3bd4a126736e6c9bb1136e44e7b626b1610d7bf07,"[""71909960003909304546594086158657449791533437867722849964506023232001728657326"", ""23666862857714293568378622064943320989830987400891524593628740926814412355861""]",71909960003909304546594086158657449791533437867722849964506023232001728657326|23666862857714293568378622064943320989830987400891524593628740926814412355861,23666862857714293568378622064943320989830987400891524593628740926814412355861,Atalanta BC,True,0.65,114.0,0.78,3800.0,0.7150000000000001,0.13,1695da6b64a93064b656d426830fb3b8400eccde,0.01,5,,1331.0388,
2026-03-09T00:49:30Z,UCL,248364,ucl-bay1-ata1-2026-03-18-more-markets,FC Bayern München vs. Atalanta BC - More Markets,2026-03-05T19:23:19.356762Z,1509385,ucl-bay1-ata1-2026-03-18-spread-away-2pt5,Spread: Atalanta BC (-2.5),0xc093d903ee03c6e6b46588a3bda903ccd3b97928e6bd9b7872bf0d2a095caa36,"[""16789123108718369613354999538678758751507490200833292674365435611469715807901"", ""42063272044556211830210833965959772740413696735476043316165249601691790834693""]",16789123108718369613354999538678758751507490200833292674365435611469715807901|42063272044556211830210833965959772740413696735476043316165249601691790834693,16789123108718369613354999538678758751507490200833292674365435611469715807901,Atalanta BC,True,0.01,139.09,0.1,21.0,0.055,0.09000000000000001,b0ed51cdca945fdb4b5e44cd8b65573a59f046e1,0.01,5,,1801.147,
2026-03-09T00:49:30Z,UCL,248364,ucl-bay1-ata1-2026-03-18-more-markets,FC Bayern München vs. Atalanta BC - More Markets,2026-03-05T19:23:19.356762Z,1509385,ucl-bay1-ata1-2026-03-18-spread-away-2pt5,Spread: Atalanta BC (-2.5),0xc093d903ee03c6e6b46588a3bda903ccd3b97928e6bd9b7872bf0d2a095caa36,"[""16789123108718369613354999538678758751507490200833292674365435611469715807901"", ""42063272044556211830210833965959772740413696735476043316165249601691790834693""]",16789123108718369613354999538678758751507490200833292674365435611469715807901|42063272044556211830210833965959772740413696735476043316165249601691790834693,42063272044556211830210833965959772740413696735476043316165249601691790834693,FC Bayern München,True,0.9,21.0,0.99,139.09,0.9450000000000001,0.08999999999999997,1cf8079f81f0f5a74d46e505985cad2972334acf,0.01,5,,1801.147,
2026-03-09T00:49:30Z,UCL,248364,ucl-bay1-ata1-2026-03-18-more-markets,FC Bayern München vs. Atalanta BC - More Markets,2026-03-05T19:23:19.356762Z,1509386,ucl-bay1-ata1-2026-03-18-total-1pt5,FC Bayern München vs. Atalanta BC: O/U 1.5,0x9a68b4485cae452f2aab01b0066a81487fd7d669e5349f7b8c988f2308d17fbe,"[""38595525396150181592167963669215031702923378861473115630987384542068745184453"", ""79064152475549317219603889901193997726502733208978817211763816793367241075701""]",38595525396150181592167963669215031702923378861473115630987384542068745184453|79064152475549317219603889901193997726502733208978817211763816793367241075701,38595525396150181592167963669215031702923378861473115630987384542068745184453,Over,True,0.65,14.0,0.91,14.0,0.78,0.26,5e8f3fd268296e724f28a17720f41c60e6af1906,0.01,5,,192.9343,
2026-03-09T00:49:30Z,UCL,248364,ucl-bay1-ata1-2026-03-18-more-markets,FC Bayern München vs. Atalanta BC - More Markets,2026-03-05T19:23:19.356762Z,1509386,ucl-bay1-ata1-2026-03-18-total-1pt5,FC Bayern München vs. Atalanta BC: O/U 1.5,0x9a68b4485cae452f2aab01b0066a81487fd7d669e5349f7b8c988f2308d17fbe,"[""38595525396150181592167963669215031702923378861473115630987384542068745184453"", ""79064152475549317219603889901193997726502733208978817211763816793367241075701""]",38595525396150181592167963669215031702923378861473115630987384542068745184453|79064152475549317219603889901193997726502733208978817211763816793367241075701,79064152475549317219603889901193997726502733208978817211763816793367241075701,Under,True,0.09,14.0,0.35,14.0,0.21999999999999997,0.26,d74b5acbed463b6c1047ea699c6152b9abb65b28,0.01,5,,192.9343,
2026-03-09T00:49:30Z,UCL,248364,ucl-bay1-ata1-2026-03-18-more-markets,FC Bayern München vs. Atalanta BC - More Markets,2026-03-05T19:23:19.356762Z,1509387,ucl-bay1-ata1-2026-03-18-total-2pt5,FC Bayern München vs. Atalanta BC: O/U 2.5,0xd3c6f3a57ba40bb0e27fdcddfceb8490dd4d6c07771112c357657bf843f25227,"[""1615093627155717523663920494279530533475671742425194158141381034356937696613"", ""69936366314415993984980153472535345608725205985823133507704975157821140774862""]",1615093627155717523663920494279530533475671742425194158141381034356937696613|69936366314415993984980153472535345608725205985823133507704975157821140774862,1615093627155717523663920494279530533475671742425194158141381034356937696613,Over,True,0.38,120.0,0.77,14.0,0.575,0.39,bb861faa24453bc2539740d75f56614478dcf666,0.01,5,,242.6597,
2026-03-09T00:49:30Z,UCL,248364,ucl-bay1-ata1-2026-03-18-more-markets,FC Bayern München vs. Atalanta BC - More Markets,2026-03-05T19:23:19.356762Z,1509387,ucl-bay1-ata1-2026-03-18-total-2pt5,FC Bayern München vs. Atalanta BC: O/U 2.5,0xd3c6f3a57ba40bb0e27fdcddfceb8490dd4d6c07771112c357657bf843f25227,"[""1615093627155717523663920494279530533475671742425194158141381034356937696613"", ""69936366314415993984980153472535345608725205985823133507704975157821140774862""]",1615093627155717523663920494279530533475671742425194158141381034356937696613|69936366314415993984980153472535345608725205985823133507704975157821140774862,69936366314415993984980153472535345608725205985823133507704975157821140774862,Under,True,0.23,14.0,0.62,120.0,0.425,0.39,0b0fae5d6a6eef9a293b07f0fbd18e2dfde23aad,0.01,5,,242.6597,
2026-03-09T00:49:30Z,UCL,248364,ucl-bay1-ata1-2026-03-18-more-markets,FC Bayern München vs. Atalanta BC - More Markets,2026-03-05T19:23:19.356762Z,1509388,ucl-bay1-ata1-2026-03-18-total-3pt5,FC Bayern München vs. Atalanta BC: O/U 3.5,0x702b885523a32b497f14dacb4c10adead1427a3c6eee8f9b9eaee73dab69dbae,"[""44951977405391614677390214756709117683029494123051203834165029299840614530420"", ""115195772433079858545528734288184578376630056899453557382090484811655750191955""]",44951977405391614677390214756709117683029494123051203834165029299840614530420|115195772433079858545528734288184578376630056899453557382090484811655750191955,44951977405391614677390214756709117683029494123051203834165029299840614530420,Over,True,0.18,20.0,0.59,14.0,0.385,0.41,0e3a23a4403f89b3f2065ae03eed01cde341678a,0.01,5,,223.1461,
2026-03-09T00:49:30Z,UCL,248364,ucl-bay1-ata1-2026-03-18-more-markets,FC Bayern München vs. Atalanta BC - More Markets,2026-03-05T19:23:19.356762Z,1509388,ucl-bay1-ata1-2026-03-18-total-3pt5,FC Bayern München vs. Atalanta BC: O/U 3.5,0x702b885523a32b497f14dacb4c10adead1427a3c6eee8f9b9eaee73dab69dbae,"[""44951977405391614677390214756709117683029494123051203834165029299840614530420"", ""115195772433079858545528734288184578376630056899453557382090484811655750191955""]",44951977405391614677390214756709117683029494123051203834165029299840614530420|115195772433079858545528734288184578376630056899453557382090484811655750191955,115195772433079858545528734288184578376630056899453557382090484811655750191955,Under,True,0.41,14.0,0.82,20.0,0.615,0.41,af8fa19d071e66b4687650372f9941c348cd3e7b,0.01,5,,223.1461,
2026-03-09T00:49:30Z,UCL,248364,ucl-bay1-ata1-2026-03-18-more-markets,FC Bayern München vs. Atalanta BC - More Markets,2026-03-05T19:23:19.356762Z,1509389,ucl-bay1-ata1-2026-03-18-total-4pt5,FC Bayern München vs. Atalanta BC: O/U 4.5,0xb71cbfa65939ba9d659643cc427dacff4d0aaa2eab8e2ea1be5626c65442f7ed,"[""41694463237292371707139741670591544795845763068722069779624256175093617063982"", ""83008244156857496543994084212057910141220460253465337465710968552697746064080""]",41694463237292371707139741670591544795845763068722069779624256175093617063982|83008244156857496543994084212057910141220460253465337465710968552697746064080,41694463237292371707139741670591544795845763068722069779624256175093617063982,Over,True,0.07,104.9,0.4,14.0,0.23500000000000001,0.33,f6c754640076f6077e6ade95bf12d760c3e0e2d0,0.01,5,,171.8047,
2026-03-09T00:49:30Z,UCL,248364,ucl-bay1-ata1-2026-03-18-more-markets,FC Bayern München vs. Atalanta BC - More Markets,2026-03-05T19:23:19.356762Z,1509389,ucl-bay1-ata1-2026-03-18-total-4pt5,FC Bayern München vs. Atalanta BC: O/U 4.5,0xb71cbfa65939ba9d659643cc427dacff4d0aaa2eab8e2ea1be5626c65442f7ed,"[""41694463237292371707139741670591544795845763068722069779624256175093617063982"", ""83008244156857496543994084212057910141220460253465337465710968552697746064080""]",41694463237292371707139741670591544795845763068722069779624256175093617063982|83008244156857496543994084212057910141220460253465337465710968552697746064080,83008244156857496543994084212057910141220460253465337465710968552697746064080,Under,True,0.6,14.0,0.93,104.9,0.765,0.33000000000000007,3e3aac90e190a775873b669a4216d5fc82c51d6a,0.01,5,,171.8047,
2026-03-09T00:49:30Z,UCL,248364,ucl-bay1-ata1-2026-03-18-more-markets,FC Bayern München vs. Atalanta BC - More Markets,2026-03-05T19:23:19.356762Z,1509390,ucl-bay1-ata1-2026-03-18-btts,FC Bayern München vs. Atalanta BC: Both Teams to Score,0x883ebe02c4cdb384baa0b369a9b3454f3f9463570d04a9afb7d06e008b4d45ea,"[""620992504356609880781222476553045142417779639775843422260081998985577724732"", ""38376774286923089157516673989543729128931410607544933323572776965578943472926""]",620992504356609880781222476553045142417779639775843422260081998985577724732|38376774286923089157516673989543729128931410607544933323572776965578943472926,620992504356609880781222476553045142417779639775843422260081998985577724732,Yes,True,0.36,270.0,0.74,14.0,0.55,0.38,af6c69d0b1e8694220a4f2a9e49491788346567b,0.01,5,,883.4178,
2026-03-09T00:49:30Z,UCL,248364,ucl-bay1-ata1-2026-03-18-more-markets,FC Bayern München vs. Atalanta BC - More Markets,2026-03-05T19:23:19.356762Z,1509390,ucl-bay1-ata1-2026-03-18-btts,FC Bayern München vs. Atalanta BC: Both Teams to Score,0x883ebe02c4cdb384baa0b369a9b3454f3f9463570d04a9afb7d06e008b4d45ea,"[""620992504356609880781222476553045142417779639775843422260081998985577724732"", ""38376774286923089157516673989543729128931410607544933323572776965578943472926""]",620992504356609880781222476553045142417779639775843422260081998985577724732|38376774286923089157516673989543729128931410607544933323572776965578943472926,38376774286923089157516673989543729128931410607544933323572776965578943472926,No,True,0.26,14.0,0.64,270.0,0.45,0.38,bf18ccd957844dc90eec8c7c1cf7b9dcb3675a71,0.01,5,,883.4178,
2026-03-09T00:49:30Z,UCL,248365,ucl-liv1-gal-2026-03-18-more-markets,Liverpool FC vs. Galatasaray SK - More Markets,2026-03-05T19:18:12.970482Z,1509391,ucl-liv1-gal-2026-03-18-spread-home-1pt5,Spread: Liverpool FC (-1.5),0xee06636fde09a8d56472204a01d99a3eb0fb0d4eb94f2ee5f06547deb0269b1c,"[""74751735283213275708840161651088989438303681760966367359747782273102393534266"", ""112767301962293690621132429318434065245058987202243972806580889844685950380636""]",74751735283213275708840161651088989438303681760966367359747782273102393534266|112767301962293690621132429318434065245058987202243972806580889844685950380636,74751735283213275708840161651088989438303681760966367359747782273102393534266,Liverpool FC,True,0.36,1450.0,0.53,114.0,0.445,0.17000000000000004,7dce87b82767c510a93f6f59b658b3c67714da61,0.01,5,,2176.9583,
2026-03-09T00:49:30Z,UCL,248365,ucl-liv1-gal-2026-03-18-more-markets,Liverpool FC vs. Galatasaray SK - More Markets,2026-03-05T19:18:12.970482Z,1509391,ucl-liv1-gal-2026-03-18-spread-home-1pt5,Spread: Liverpool FC (-1.5),0xee06636fde09a8d56472204a01d99a3eb0fb0d4eb94f2ee5f06547deb0269b1c,"[""74751735283213275708840161651088989438303681760966367359747782273102393534266"", ""112767301962293690621132429318434065245058987202243972806580889844685950380636""]",74751735283213275708840161651088989438303681760966367359747782273102393534266|112767301962293690621132429318434065245058987202243972806580889844685950380636,112767301962293690621132429318434065245058987202243972806580889844685950380636,Galatasaray SK,True,0.47,114.0,0.64,1450.0,0.5549999999999999,0.17000000000000004,2a52afa54fe54cc2dedce0ccdb6fcfa6de126d86,0.01,5,,2176.9583,
2026-03-09T00:49:30Z,UCL,248365,ucl-liv1-gal-2026-03-18-more-markets,Liverpool FC vs. Galatasaray SK - More Markets,2026-03-05T19:18:12.970482Z,1509392,ucl-liv1-gal-2026-03-18-spread-away-1pt5,Spread: Galatasaray SK (-1.5),0xaff278c0e08fcc5741882eb11f8da974091df5eb40d882abd2a0b8ae809e69cb,"[""1231997809197147155212526079148877075739068446244297456726989586916691475760"", ""84910126388724019850553822913692616011540828682421099926436057782722034894593""]",1231997809197147155212526079148877075739068446244297456726989586916691475760|84910126388724019850553822913692616011540828682421099926436057782722034894593,1231997809197147155212526079148877075739068446244297456726989586916691475760,Galatasaray SK,True,0.03,24.57,0.25,14.0,0.14,0.22,cdc818415888e37886e9146f9fb7d1eeb9fde326,0.01,5,,1259.1023,
2026-03-09T00:49:30Z,UCL,248365,ucl-liv1-gal-2026-03-18-more-markets,Liverpool FC vs. Galatasaray SK - More Markets,2026-03-05T19:18:12.970482Z,1509392,ucl-liv1-gal-2026-03-18-spread-away-1pt5,Spread: Galatasaray SK (-1.5),0xaff278c0e08fcc5741882eb11f8da974091df5eb40d882abd2a0b8ae809e69cb,"[""1231997809197147155212526079148877075739068446244297456726989586916691475760"", ""84910126388724019850553822913692616011540828682421099926436057782722034894593""]",1231997809197147155212526079148877075739068446244297456726989586916691475760|84910126388724019850553822913692616011540828682421099926436057782722034894593,84910126388724019850553822913692616011540828682421099926436057782722034894593,Liverpool FC,True,0.75,14.0,0.97,24.57,0.86,0.21999999999999997,2c3b70a4af48929eb803b7c97d913f5730d6e79c,0.01,5,,1259.1023,
2026-03-09T00:49:30Z,UCL,248365,ucl-liv1-gal-2026-03-18-more-markets,Liverpool FC vs. Galatasaray SK - More Markets,2026-03-05T19:18:12.970482Z,1509393,ucl-liv1-gal-2026-03-18-spread-home-2pt5,Spread: Liverpool FC (-2.5),0x766144c8905a6a1e3b46384ff7c4830944f3fb8c020fa47ec9f242e6efa2485f,"[""105070138089357283028944720248789466834147242359305392678756732165217116521784"", ""97168511749123154384719358440169344275886178970958406050163486714215710645535""]",105070138089357283028944720248789466834147242359305392678756732165217116521784|97168511749123154384719358440169344275886178970958406050163486714215710645535,105070138089357283028944720248789466834147242359305392678756732165217116521784,Liverpool FC,True,0.06,14.0,0.29,14.0,0.175,0.22999999999999998,3328a1c18fb15b85bc2628b809001560023c28fe,0.01,5,,172.7209,
2026-03-09T00:49:30Z,UCL,248365,ucl-liv1-gal-2026-03-18-more-markets,Liverpool FC vs. Galatasaray SK - More Markets,2026-03-05T19:18:12.970482Z,1509393,ucl-liv1-gal-2026-03-18-spread-home-2pt5,Spread: Liverpool FC (-2.5),0x766144c8905a6a1e3b46384ff7c4830944f3fb8c020fa47ec9f242e6efa2485f,"[""105070138089357283028944720248789466834147242359305392678756732165217116521784"", ""97168511749123154384719358440169344275886178970958406050163486714215710645535""]",105070138089357283028944720248789466834147242359305392678756732165217116521784|97168511749123154384719358440169344275886178970958406050163486714215710645535,97168511749123154384719358440169344275886178970958406050163486714215710645535,Galatasaray SK,True,0.71,14.0,0.94,14.0,0.825,0.22999999999999998,cb93604e1b030a92e8c5fad19b1a7579b4b91896,0.01,5,,172.7209,
2026-03-09T00:49:30Z,UCL,248365,ucl-liv1-gal-2026-03-18-more-markets,Liverpool FC vs. Galatasaray SK - More Markets,2026-03-05T19:18:12.970482Z,1509394,ucl-liv1-gal-2026-03-18-spread-away-2pt5,Spread: Galatasaray SK (-2.5),0xfb84e69a17ef573cb00761c3f760fb1c08162dc6e2772a70e9d67642b218cd94,"[""21581625696644444783406692834022661192475574105896431074943589912004052512947"", ""8098221379220794565825657268301751020026640673491011529429879520124720559976""]",21581625696644444783406692834022661192475574105896431074943589912004052512947|8098221379220794565825657268301751020026640673491011529429879520124720559976,21581625696644444783406692834022661192475574105896431074943589912004052512947,Galatasaray SK,True,0.03,13.84,0.23,14.0,0.13,0.2,caac503092148705f1f0eaf922a69337da99cf66,0.01,5,,108.3198,
2026-03-09T00:49:30Z,UCL,248365,ucl-liv1-gal-2026-03-18-more-markets,Liverpool FC vs. Galatasaray SK - More Markets,2026-03-05T19:18:12.970482Z,1509394,ucl-liv1-gal-2026-03-18-spread-away-2pt5,Spread: Galatasaray SK (-2.5),0xfb84e69a17ef573cb00761c3f760fb1c08162dc6e2772a70e9d67642b218cd94,"[""21581625696644444783406692834022661192475574105896431074943589912004052512947"", ""8098221379220794565825657268301751020026640673491011529429879520124720559976""]",21581625696644444783406692834022661192475574105896431074943589912004052512947|8098221379220794565825657268301751020026640673491011529429879520124720559976,8098221379220794565825657268301751020026640673491011529429879520124720559976,Liverpool FC,True,0.77,14.0,0.97,13.84,0.87,0.19999999999999996,f0d802f8749d74277e22936fb182277bf04c00fe,0.01,5,,108.3198,
2026-03-09T00:49:30Z,UCL,248365,ucl-liv1-gal-2026-03-18-more-markets,Liverpool FC vs. Galatasaray SK - More Markets,2026-03-05T19:18:12.970482Z,1509395,ucl-liv1-gal-2026-03-18-total-1pt5,Liverpool FC vs. Galatasaray SK: O/U 1.5,0xd3bca883e289fe3e37125be608b96617a386232d6353639ee17648c58224819a,"[""105633603513707611292420751259752071597509195141593158507628059130055463304473"", ""86876445354020362637633687060581716013281513568798885384722876842251957348937""]",105633603513707611292420751259752071597509195141593158507628059130055463304473|86876445354020362637633687060581716013281513568798885384722876842251957348937,105633603513707611292420751259752071597509195141593158507628059130055463304473,Over,True,0.63,14.0,0.91,14.0,0.77,0.28,df458264c34d842281c15165be4df2bf6e77a842,0.01,5,,165.9765,
2026-03-09T00:49:30Z,UCL,248365,ucl-liv1-gal-2026-03-18-more-markets,Liverpool FC vs. Galatasaray SK - More Markets,2026-03-05T19:18:12.970482Z,1509395,ucl-liv1-gal-2026-03-18-total-1pt5,Liverpool FC vs. Galatasaray SK: O/U 1.5,0xd3bca883e289fe3e37125be608b96617a386232d6353639ee17648c58224819a,"[""105633603513707611292420751259752071597509195141593158507628059130055463304473"", ""86876445354020362637633687060581716013281513568798885384722876842251957348937""]",105633603513707611292420751259752071597509195141593158507628059130055463304473|86876445354020362637633687060581716013281513568798885384722876842251957348937,86876445354020362637633687060581716013281513568798885384722876842251957348937,Under,True,0.09,14.0,0.37,14.0,0.22999999999999998,0.28,b845bc2f186e8b84ca93c2afdcd40c2677a46ed0,0.01,5,,165.9765,
2026-03-09T00:49:30Z,UCL,248365,ucl-liv1-gal-2026-03-18-more-markets,Liverpool FC vs. Galatasaray SK - More Markets,2026-03-05T19:18:12.970482Z,1509396,ucl-liv1-gal-2026-03-18-total-2pt5,Liverpool FC vs. Galatasaray SK: O/U 2.5,0xbeafc8895731c43ce31c1caf3cf52156b4231af3cac90e57e30de9d5ef9e395a,"[""81092110730630576101276455107403208156906044936019402171953895786866576840668"", ""5074895698292982189740515064326639884268579372781570968808863921195772748503""]",81092110730630576101276455107403208156906044936019402171953895786866576840668|5074895698292982189740515064326639884268579372781570968808863921195772748503,81092110730630576101276455107403208156906044936019402171953895786866576840668,Over,True,0.36,195.23,0.71,14.0,0.5349999999999999,0.35,92b3715661fc1d76fa6a79fcfa2b8dbd781c0366,0.01,5,,223.1841,
2026-03-09T00:49:30Z,UCL,248365,ucl-liv1-gal-2026-03-18-more-markets,Liverpool FC vs. Galatasaray SK - More Markets,2026-03-05T19:18:12.970482Z,1509396,ucl-liv1-gal-2026-03-18-total-2pt5,Liverpool FC vs. Galatasaray SK: O/U 2.5,0xbeafc8895731c43ce31c1caf3cf52156b4231af3cac90e57e30de9d5ef9e395a,"[""81092110730630576101276455107403208156906044936019402171953895786866576840668"", ""5074895698292982189740515064326639884268579372781570968808863921195772748503""]",81092110730630576101276455107403208156906044936019402171953895786866576840668|5074895698292982189740515064326639884268579372781570968808863921195772748503,5074895698292982189740515064326639884268579372781570968808863921195772748503,Under,True,0.29,14.0,0.64,195.23,0.46499999999999997,0.35000000000000003,44370a9e1b0ffdb4bb08e8f397a219ca598050d8,0.01,5,,223.1841,
2026-03-09T00:49:30Z,UCL,248365,ucl-liv1-gal-2026-03-18-more-markets,Liverpool FC vs. Galatasaray SK - More Markets,2026-03-05T19:18:12.970482Z,1509397,ucl-liv1-gal-2026-03-18-total-3pt5,Liverpool FC vs. Galatasaray SK: O/U 3.5,0x6128ccc3212aa347434812727d5fae2748bc872b547303c42a006e7c53b896d6,"[""93524065289258036546442942822379959845418053156807583940088172992736074938229"", ""49039454793313818695772060331969339810274426904992736176596255739796128710859""]",93524065289258036546442942822379959845418053156807583940088172992736074938229|49039454793313818695772060331969339810274426904992736176596255739796128710859,93524065289258036546442942822379959845418053156807583940088172992736074938229,Over,True,0.16,160.23,0.51,14.0,0.335,0.35,4c395f48b3f42a10e1fef122690355875fd5add1,0.01,5,,197.584,
2026-03-09T00:49:30Z,UCL,248365,ucl-liv1-gal-2026-03-18-more-markets,Liverpool FC vs. Galatasaray SK - More Markets,2026-03-05T19:18:12.970482Z,1509397,ucl-liv1-gal-2026-03-18-total-3pt5,Liverpool FC vs. Galatasaray SK: O/U 3.5,0x6128ccc3212aa347434812727d5fae2748bc872b547303c42a006e7c53b896d6,"[""93524065289258036546442942822379959845418053156807583940088172992736074938229"", ""49039454793313818695772060331969339810274426904992736176596255739796128710859""]",93524065289258036546442942822379959845418053156807583940088172992736074938229|49039454793313818695772060331969339810274426904992736176596255739796128710859,49039454793313818695772060331969339810274426904992736176596255739796128710859,Under,True,0.49,14.0,0.84,160.23,0.665,0.35,5dffce4e1465bf9f54becf020c92858fbfb9bec8,0.01,5,,197.584,
2026-03-09T00:49:30Z,UCL,248365,ucl-liv1-gal-2026-03-18-more-markets,Liverpool FC vs. Galatasaray SK - More Markets,2026-03-05T19:18:12.970482Z,1509398,ucl-liv1-gal-2026-03-18-total-4pt5,Liverpool FC vs. Galatasaray SK: O/U 4.5,0xebbbc04f06d8b06ab46487d82e188e1c746ba918d938c4603dfd5e3516b7d5ba,"[""31797459482205865344615630417033791316333321855813569856829518969710776890876"", ""68725353329651499929075566919598994230276480720848571856310384969409242680606""]",31797459482205865344615630417033791316333321855813569856829518969710776890876|68725353329651499929075566919598994230276480720848571856310384969409242680606,31797459482205865344615630417033791316333321855813569856829518969710776890876,Over,True,0.07,92.75,0.3,14.0,0.185,0.22999999999999998,a52e5557928a64ecad26e2cf3d0affed15f165fa,0.01,5,,187.4859,
2026-03-09T00:49:30Z,UCL,248365,ucl-liv1-gal-2026-03-18-more-markets,Liverpool FC vs. Galatasaray SK - More Markets,2026-03-05T19:18:12.970482Z,1509398,ucl-liv1-gal-2026-03-18-total-4pt5,Liverpool FC vs. Galatasaray SK: O/U 4.5,0xebbbc04f06d8b06ab46487d82e188e1c746ba918d938c4603dfd5e3516b7d5ba,"[""31797459482205865344615630417033791316333321855813569856829518969710776890876"", ""68725353329651499929075566919598994230276480720848571856310384969409242680606""]",31797459482205865344615630417033791316333321855813569856829518969710776890876|68725353329651499929075566919598994230276480720848571856310384969409242680606,68725353329651499929075566919598994230276480720848571856310384969409242680606,Under,True,0.7,14.0,0.93,92.75,0.815,0.2300000000000001,b443ed39a215ad253cb21761fcbae0f422e0c0b4,0.01,5,,187.4859,
2026-03-09T00:49:30Z,UCL,248365,ucl-liv1-gal-2026-03-18-more-markets,Liverpool FC vs. Galatasaray SK - More Markets,2026-03-05T19:18:12.970482Z,1509399,ucl-liv1-gal-2026-03-18-btts,Liverpool FC vs. Galatasaray SK: Both Teams to Score,0x927c3095cdd325a167db713c86fd77a9048c843d359f17643d0ac4ba9eaf802b,"[""75644886120739572235449307124329380954555513126307037363538712079794919382089"", ""49319411588858678826316618013730255322608306885791583991681973187820525074574""]",75644886120739572235449307124329380954555513126307037363538712079794919382089|49319411588858678826316618013730255322608306885791583991681973187820525074574,75644886120739572235449307124329380954555513126307037363538712079794919382089,Yes,True,0.36,270.0,0.72,14.0,0.54,0.36,22b83c799e03b25ac7279068b3143583c032c6e3,0.01,5,,662.1349,
2026-03-09T00:49:30Z,UCL,248365,ucl-liv1-gal-2026-03-18-more-markets,Liverpool FC vs. Galatasaray SK - More Markets,2026-03-05T19:18:12.970482Z,1509399,ucl-liv1-gal-2026-03-18-btts,Liverpool FC vs. Galatasaray SK: Both Teams to Score,0x927c3095cdd325a167db713c86fd77a9048c843d359f17643d0ac4ba9eaf802b,"[""75644886120739572235449307124329380954555513126307037363538712079794919382089"", ""49319411588858678826316618013730255322608306885791583991681973187820525074574""]",75644886120739572235449307124329380954555513126307037363538712079794919382089|49319411588858678826316618013730255322608306885791583991681973187820525074574,49319411588858678826316618013730255322608306885791583991681973187820525074574,No,True,0.28,14.0,0.64,270.0,0.46,0.36,71804c0c4bfad6ce597320358385f47366ee422a,0.01,5,,662.1349,
2026-03-09T00:49:30Z,UCL,248366,ucl-tot-atm1-2026-03-18-more-markets,Tottenham Hotspur FC vs. Club Atlético de Madrid - More Markets,2026-03-05T19:23:19.357654Z,1509400,ucl-tot-atm1-2026-03-18-spread-home-1pt5,Spread: Tottenham Hotspur FC (-1.5),0xc73962c6e9b8a04cd3d0b64738eb91b934d29189f2a79343657ace9b34d71182,"[""34853443331086277797077818897953832644973784500180242551680236876988839894295"", ""32959164931070036216022495039265754659886597799703555212170017985958954311527""]",34853443331086277797077818897953832644973784500180242551680236876988839894295|32959164931070036216022495039265754659886597799703555212170017985958954311527,34853443331086277797077818897953832644973784500180242551680236876988839894295,Tottenham Hotspur FC,True,0.04,19.0,0.22,43.0,0.13,0.18,f8e951a4d96fe280d277058b3761e845e88e451d,0.01,5,,172.1885,
2026-03-09T00:49:30Z,UCL,248366,ucl-tot-atm1-2026-03-18-more-markets,Tottenham Hotspur FC vs. Club Atlético de Madrid - More Markets,2026-03-05T19:23:19.357654Z,1509400,ucl-tot-atm1-2026-03-18-spread-home-1pt5,Spread: Tottenham Hotspur FC (-1.5),0xc73962c6e9b8a04cd3d0b64738eb91b934d29189f2a79343657ace9b34d71182,"[""34853443331086277797077818897953832644973784500180242551680236876988839894295"", ""32959164931070036216022495039265754659886597799703555212170017985958954311527""]",34853443331086277797077818897953832644973784500180242551680236876988839894295|32959164931070036216022495039265754659886597799703555212170017985958954311527,32959164931070036216022495039265754659886597799703555212170017985958954311527,Club Atlético de Madrid,True,0.78,43.0,0.96,19.0,0.87,0.17999999999999994,9876ceb89bfbbb5f576015b53506c5dec314b057,0.01,5,,172.1885,
2026-03-09T00:49:30Z,UCL,248366,ucl-tot-atm1-2026-03-18-more-markets,Tottenham Hotspur FC vs. Club Atlético de Madrid - More Markets,2026-03-05T19:23:19.357654Z,1509401,ucl-tot-atm1-2026-03-18-spread-away-1pt5,Spread: Club Atlético de Madrid (-1.5),0x776c36ac6716c960deded9ea16fdd62b8e8bfbad0cdf201c670388de7f64ae2a,"[""44446959092834419963127160548542751611788764936765675736777550664104126215201"", ""113585720771815830073304051039874022743995872705961442694035497631972755241297""]",44446959092834419963127160548542751611788764936765675736777550664104126215201|113585720771815830073304051039874022743995872705961442694035497631972755241297,44446959092834419963127160548542751611788764936765675736777550664104126215201,Club Atlético de Madrid,True,0.07,110.0,0.32,14.0,0.195,0.25,bc3fe5faca88f9c34327ad96784b6f431d2f2846,0.01,5,,1097.0685,
2026-03-09T00:49:30Z,UCL,248366,ucl-tot-atm1-2026-03-18-more-markets,Tottenham Hotspur FC vs. Club Atlético de Madrid - More Markets,2026-03-05T19:23:19.357654Z,1509401,ucl-tot-atm1-2026-03-18-spread-away-1pt5,Spread: Club Atlético de Madrid (-1.5),0x776c36ac6716c960deded9ea16fdd62b8e8bfbad0cdf201c670388de7f64ae2a,"[""44446959092834419963127160548542751611788764936765675736777550664104126215201"", ""113585720771815830073304051039874022743995872705961442694035497631972755241297""]",44446959092834419963127160548542751611788764936765675736777550664104126215201|113585720771815830073304051039874022743995872705961442694035497631972755241297,113585720771815830073304051039874022743995872705961442694035497631972755241297,Tottenham Hotspur FC,True,0.68,14.0,0.93,110.0,0.805,0.25,59d937c89a0451d34c390d68d591663324214c86,0.01,5,,1097.0685,
2026-03-09T00:49:30Z,UCL,248366,ucl-tot-atm1-2026-03-18-more-markets,Tottenham Hotspur FC vs. Club Atlético de Madrid - More Markets,2026-03-05T19:23:19.357654Z,1509402,ucl-tot-atm1-2026-03-18-spread-home-2pt5,Spread: Tottenham Hotspur FC (-2.5),0x6d88f676b1ae8b823b20d8e85860798af9887ad4ff244f44ad45c1a40ba6c290,"[""63550530519465323778349185693642739442550075460522161092824269401499743482555"", ""36112151588794522889740445971139767983040207802218500649155999473175735352728""]",63550530519465323778349185693642739442550075460522161092824269401499743482555|36112151588794522889740445971139767983040207802218500649155999473175735352728,63550530519465323778349185693642739442550075460522161092824269401499743482555,Tottenham Hotspur FC,True,0.03,5.0,0.18,108.0,0.105,0.15,57e0f81816b28dd93dba608d1983af353a7170d2,0.01,5,,147.531,
2026-03-09T00:49:30Z,UCL,248366,ucl-tot-atm1-2026-03-18-more-markets,Tottenham Hotspur FC vs. Club Atlético de Madrid - More Markets,2026-03-05T19:23:19.357654Z,1509402,ucl-tot-atm1-2026-03-18-spread-home-2pt5,Spread: Tottenham Hotspur FC (-2.5),0x6d88f676b1ae8b823b20d8e85860798af9887ad4ff244f44ad45c1a40ba6c290,"[""63550530519465323778349185693642739442550075460522161092824269401499743482555"", ""36112151588794522889740445971139767983040207802218500649155999473175735352728""]",63550530519465323778349185693642739442550075460522161092824269401499743482555|36112151588794522889740445971139767983040207802218500649155999473175735352728,36112151588794522889740445971139767983040207802218500649155999473175735352728,Club Atlético de Madrid,True,0.82,108.0,0.97,5.0,0.895,0.15000000000000002,d853440d968c5252510f2bccd55d811e7ddf6e0a,0.01,5,,147.531,
2026-03-09T00:49:30Z,UCL,248366,ucl-tot-atm1-2026-03-18-more-markets,Tottenham Hotspur FC vs. Club Atlético de Madrid - More Markets,2026-03-05T19:23:19.357654Z,1509403,ucl-tot-atm1-2026-03-18-spread-away-2pt5,Spread: Club Atlético de Madrid (-2.5),0x9025c08c42ad7e3a26d011fe94b129b46bd2c88e800ec243339513efba1db94e,"[""64403244824007527735072748383041213233331743205386099455497824228766181047279"", ""74990249829204170973129152849456352834261703668789031498749702482377694104632""]",64403244824007527735072748383041213233331743205386099455497824228766181047279|74990249829204170973129152849456352834261703668789031498749702482377694104632,64403244824007527735072748383041213233331743205386099455497824228766181047279,Club Atlético de Madrid,True,0.03,5.0,0.32,14.0,0.175,0.29000000000000004,d981af0b21a9fd696fddff59e6530046cf293299,0.01,5,,92.2706,
2026-03-09T00:49:30Z,UCL,248366,ucl-tot-atm1-2026-03-18-more-markets,Tottenham Hotspur FC vs. Club Atlético de Madrid - More Markets,2026-03-05T19:23:19.357654Z,1509403,ucl-tot-atm1-2026-03-18-spread-away-2pt5,Spread: Club Atlético de Madrid (-2.5),0x9025c08c42ad7e3a26d011fe94b129b46bd2c88e800ec243339513efba1db94e,"[""64403244824007527735072748383041213233331743205386099455497824228766181047279"", ""74990249829204170973129152849456352834261703668789031498749702482377694104632""]",64403244824007527735072748383041213233331743205386099455497824228766181047279|74990249829204170973129152849456352834261703668789031498749702482377694104632,74990249829204170973129152849456352834261703668789031498749702482377694104632,Tottenham Hotspur FC,True,0.68,14.0,0.97,5.0,0.825,0.2899999999999999,cf8e02b60728ae015874b38f9447f5e4c9185eba,0.01,5,,92.2706,
2026-03-09T00:49:30Z,UCL,248366,ucl-tot-atm1-2026-03-18-more-markets,Tottenham Hotspur FC vs. Club Atlético de Madrid - More Markets,2026-03-05T19:23:19.357654Z,1509404,ucl-tot-atm1-2026-03-18-total-1pt5,Tottenham Hotspur FC vs. Club Atlético de Madrid: O/U 1.5,0x6c1b402062db0d925912292e38ab999aad6c5327f3003b118d1abf0da2c706e1,"[""93741625957522002392539770634948428855254824626762750267405123721888792877163"", ""1721210374872286329091065754797333958185198103862654598288589758552963524911""]",93741625957522002392539770634948428855254824626762750267405123721888792877163|1721210374872286329091065754797333958185198103862654598288589758552963524911,93741625957522002392539770634948428855254824626762750267405123721888792877163,Over,True,0.57,14.0,0.91,14.0,0.74,0.3400000000000001,509edb7f280b708d50fbff85bdb42e87220b8a16,0.01,5,,164.6302,
2026-03-09T00:49:30Z,UCL,248366,ucl-tot-atm1-2026-03-18-more-markets,Tottenham Hotspur FC vs. Club Atlético de Madrid - More Markets,2026-03-05T19:23:19.357654Z,1509404,ucl-tot-atm1-2026-03-18-total-1pt5,Tottenham Hotspur FC vs. Club Atlético de Madrid: O/U 1.5,0x6c1b402062db0d925912292e38ab999aad6c5327f3003b118d1abf0da2c706e1,"[""93741625957522002392539770634948428855254824626762750267405123721888792877163"", ""1721210374872286329091065754797333958185198103862654598288589758552963524911""]",93741625957522002392539770634948428855254824626762750267405123721888792877163|1721210374872286329091065754797333958185198103862654598288589758552963524911,1721210374872286329091065754797333958185198103862654598288589758552963524911,Under,True,0.09,14.0,0.43,14.0,0.26,0.33999999999999997,c87c9cdb56f0dc162d4e9c8d8c99088e817804a2,0.01,5,,164.6302,
2026-03-09T00:49:30Z,UCL,248366,ucl-tot-atm1-2026-03-18-more-markets,Tottenham Hotspur FC vs. Club Atlético de Madrid - More Markets,2026-03-05T19:23:19.357654Z,1509405,ucl-tot-atm1-2026-03-18-total-2pt5,Tottenham Hotspur FC vs. Club Atlético de Madrid: O/U 2.5,0x213b0b9837d2af8d9bbeae33b0ef6830a3c3d622e3a3c2fb67c175c1a9473ea1,"[""63888614459404563768218800438199406137130300827947397271629215083036631904767"", ""53502858976016114238153400745290378849942317538211291544111898372040466433089""]",63888614459404563768218800438199406137130300827947397271629215083036631904767|53502858976016114238153400745290378849942317538211291544111898372040466433089,63888614459404563768218800438199406137130300827947397271629215083036631904767,Over,True,0.3,120.0,0.7,14.0,0.5,0.39999999999999997,fbb25b95d91a117ce88994baab70aa2cfd1561df,0.01,5,,227.8087,
2026-03-09T00:49:30Z,UCL,248366,ucl-tot-atm1-2026-03-18-more-markets,Tottenham Hotspur FC vs. Club Atlético de Madrid - More Markets,2026-03-05T19:23:19.357654Z,1509405,ucl-tot-atm1-2026-03-18-total-2pt5,Tottenham Hotspur FC vs. Club Atlético de Madrid: O/U 2.5,0x213b0b9837d2af8d9bbeae33b0ef6830a3c3d622e3a3c2fb67c175c1a9473ea1,"[""63888614459404563768218800438199406137130300827947397271629215083036631904767"", ""53502858976016114238153400745290378849942317538211291544111898372040466433089""]",63888614459404563768218800438199406137130300827947397271629215083036631904767|53502858976016114238153400745290378849942317538211291544111898372040466433089,53502858976016114238153400745290378849942317538211291544111898372040466433089,Under,True,0.3,14.0,0.7,120.0,0.5,0.39999999999999997,ed0ba31864fee008e58db92045168f3871c4eba3,0.01,5,,227.8087,
2026-03-09T00:49:30Z,UCL,248366,ucl-tot-atm1-2026-03-18-more-markets,Tottenham Hotspur FC vs. Club Atlético de Madrid - More Markets,2026-03-05T19:23:19.357654Z,1509406,ucl-tot-atm1-2026-03-18-total-3pt5,Tottenham Hotspur FC vs. Club Atlético de Madrid: O/U 3.5,0x54c79276b2ba37127964279097061339adb3751dc429836bfdb9353259741ce2,"[""45813854170834062462998117709315861787741544231843074612730546123585823909868"", ""39894434675817418824333377099026362514447733315677550115179328511404749162733""]",45813854170834062462998117709315861787741544231843074612730546123585823909868|39894434675817418824333377099026362514447733315677550115179328511404749162733,45813854170834062462998117709315861787741544231843074612730546123585823909868,Over,True,0.13,20.0,0.47,14.0,0.3,0.33999999999999997,038fa976fcb032eb10a9c75f9364cd5c50eed336,0.01,5,,244.1466,
2026-03-09T00:49:30Z,UCL,248366,ucl-tot-atm1-2026-03-18-more-markets,Tottenham Hotspur FC vs. Club Atlético de Madrid - More Markets,2026-03-05T19:23:19.357654Z,1509406,ucl-tot-atm1-2026-03-18-total-3pt5,Tottenham Hotspur FC vs. Club Atlético de Madrid: O/U 3.5,0x54c79276b2ba37127964279097061339adb3751dc429836bfdb9353259741ce2,"[""45813854170834062462998117709315861787741544231843074612730546123585823909868"", ""39894434675817418824333377099026362514447733315677550115179328511404749162733""]",45813854170834062462998117709315861787741544231843074612730546123585823909868|39894434675817418824333377099026362514447733315677550115179328511404749162733,39894434675817418824333377099026362514447733315677550115179328511404749162733,Under,True,0.53,14.0,0.87,20.0,0.7,0.33999999999999997,156a39f5c220865309a3e5fdec77588d23534bcf,0.01,5,,244.1466,
2026-03-09T00:49:30Z,UCL,248366,ucl-tot-atm1-2026-03-18-more-markets,Tottenham Hotspur FC vs. Club Atlético de Madrid - More Markets,2026-03-05T19:23:19.357654Z,1509407,ucl-tot-atm1-2026-03-18-total-4pt5,Tottenham Hotspur FC vs. Club Atlético de Madrid: O/U 4.5,0xd01b6b0ddef4275807b7011e937632fc5542cdd8db2a68cba615ac0b88567b91,"[""50034125228004137575002069843322767656612912647981655188025082141963064110122"", ""86771488342058912995237941972769283497792442702067054479266109567226804074417""]",50034125228004137575002069843322767656612912647981655188025082141963064110122|86771488342058912995237941972769283497792442702067054479266109567226804074417,50034125228004137575002069843322767656612912647981655188025082141963064110122,Over,True,0.08,93.75,0.32,14.0,0.2,0.24,3d31f11a50f8fd9a8250e436413d968c45005c16,0.01,5,,239.1263,
2026-03-09T00:49:30Z,UCL,248366,ucl-tot-atm1-2026-03-18-more-markets,Tottenham Hotspur FC vs. Club Atlético de Madrid - More Markets,2026-03-05T19:23:19.357654Z,1509407,ucl-tot-atm1-2026-03-18-total-4pt5,Tottenham Hotspur FC vs. Club Atlético de Madrid: O/U 4.5,0xd01b6b0ddef4275807b7011e937632fc5542cdd8db2a68cba615ac0b88567b91,"[""50034125228004137575002069843322767656612912647981655188025082141963064110122"", ""86771488342058912995237941972769283497792442702067054479266109567226804074417""]",50034125228004137575002069843322767656612912647981655188025082141963064110122|86771488342058912995237941972769283497792442702067054479266109567226804074417,86771488342058912995237941972769283497792442702067054479266109567226804074417,Under,True,0.68,14.0,0.92,93.75,0.8,0.24,f832d06d3a1f84126133a670a15f200b95373d64,0.01,5,,239.1263,
2026-03-09T00:49:30Z,UCL,248366,ucl-tot-atm1-2026-03-18-more-markets,Tottenham Hotspur FC vs. Club Atlético de Madrid - More Markets,2026-03-05T19:23:19.357654Z,1509408,ucl-tot-atm1-2026-03-18-btts,Tottenham Hotspur FC vs. Club Atlético de Madrid: Both Teams to Score,0xb6ff48f0ca2a93f26302e242d3fa111766e6789324663b26e796000881c721e3,"[""87483650162812319379523882636389679213191332814665782975215396321834770345419"", ""56558433955922048923114425995886295915422804042175291781990395976180023167801""]",87483650162812319379523882636389679213191332814665782975215396321834770345419|56558433955922048923114425995886295915422804042175291781990395976180023167801,87483650162812319379523882636389679213191332814665782975215396321834770345419,Yes,True,0.33,14.0,0.75,284.0,0.54,0.42,43e54b32a83f2abed22b16e349997776e02efdac,0.01,5,,595.4663,
2026-03-09T00:49:30Z,UCL,248366,ucl-tot-atm1-2026-03-18-more-markets,Tottenham Hotspur FC vs. Club Atlético de Madrid - More Markets,2026-03-05T19:23:19.357654Z,1509408,ucl-tot-atm1-2026-03-18-btts,Tottenham Hotspur FC vs. Club Atlético de Madrid: Both Teams to Score,0xb6ff48f0ca2a93f26302e242d3fa111766e6789324663b26e796000881c721e3,"[""87483650162812319379523882636389679213191332814665782975215396321834770345419"", ""56558433955922048923114425995886295915422804042175291781990395976180023167801""]",87483650162812319379523882636389679213191332814665782975215396321834770345419|56558433955922048923114425995886295915422804042175291781990395976180023167801,56558433955922048923114425995886295915422804042175291781990395976180023167801,No,True,0.25,284.0,0.67,14.0,0.46,0.42000000000000004,319ae70cd914d93e1e5c0dbd1c2f9530e2127343,0.01,5,,595.4663,
